id,name,state,category,latitude,longitude,price_range,rating,review_count,description,best_season,image_url
2751,Ashoka Pillar Monument,Karnataka,attraction,12.943663,77.585203,mid,4.5,8056,"Ashoka Pillar Monument is a renowned cultural landmark situated in Bengaluru, Bengaluru Urban district of Karnataka. The destination attracts visitors seeking authentic regional heritage, architectural grandeur, and picturesque surroundings. It plays an integral role in the cultural landscape and local tourism identity of the region.",Oct-Mar,https://thumb.wikimedia.org/wikipedia/commons/thumb/f/fe/Ashoka_pillar_at_Vaishali%2C_Bihar%2C_India.jpg/960px-Ashoka_pillar_at_Vaishali%2C_Bihar%2C_India.jpg?utm_source=en.wikipedia.org&utm_campaign=api&utm_content=thumbnail
2752,Bannerughatta Biological Park,Karnataka,attraction,12.9769,77.5817,budget,4.9,8139,"Bannerughatta Biological Park is a renowned wildlife landmark situated in Bengaluru, Bengaluru Urban district of Karnataka. The destination attracts visitors seeking authentic regional heritage, architectural grandeur, and picturesque surroundings. It plays an integral role in the cultural landscape and local tourism identity of the region.",Oct-Mar,https://thumb.wikimedia.org/wikipedia/commons/thumb/7/75/Spot-billed_Pelican_Rising_Flight_Ranganathittu_Feb24_D72_26266.jpg/960px-Spot-billed_Pelican_Rising_Flight_Ranganathittu_Feb24_D72_26266.jpg?utm_source=en.wikipedia.org&utm_campaign=api&utm_content=thumbnail
2753,Mahatma Gandhi Park,Karnataka,attraction,12.977163,77.599734,budget,4.7,8359,"Mahatma Gandhi Park is a renowned recreation landmark situated in Bengaluru, Bengaluru Urban district of Karnataka. The destination attracts visitors seeking authentic regional heritage, architectural grandeur, and picturesque surroundings. It plays an integral role in the cultural landscape and local tourism identity of the region.",Oct-Feb,https://thumb.wikimedia.org/wikipedia/commons/thumb/1/1d/Entrance_of_Mahatma_Gandhi_Park%2C_Kollam.jpg/960px-Entrance_of_Mahatma_Gandhi_Park%2C_Kollam.jpg?utm_source=en.wikipedia.org&utm_campaign=api&utm_content=thumbnail
2754,Rock City View,Karnataka,attraction,12.868213,77.607703,budget,4.7,6197,"Rock City View is a renowned nature landmark situated in Bengaluru, Bengaluru Urban district of Karnataka. The destination attracts visitors seeking authentic regional heritage, architectural grandeur, and picturesque surroundings. It plays an integral role in the cultural landscape and local tourism identity of the region.",Oct-Feb,https://thumb.wikimedia.org/wikipedia/commons/thumb/0/03/Pattadakal_000.JPG/960px-Pattadakal_000.JPG?utm_source=en.wikipedia.org&utm_campaign=api&utm_content=thumbnail
2755,Elephants' Statue,Karnataka,attraction,12.4033,75.7405,budget,4.4,1562,"Elephants' Statue is a renowned cultural landmark situated in Madikeri, Kodagu district of Karnataka. The destination attracts visitors seeking authentic regional heritage, architectural grandeur, and picturesque surroundings. It plays an integral role in the cultural landscape and local tourism identity of the region.",Oct-Feb,https://thumb.wikimedia.org/wikipedia/commons/thumb/a/a3/Bijapur_-_Jod_Gumbaz.jpg/960px-Bijapur_-_Jod_Gumbaz.jpg?utm_source=en.wikipedia.org&utm_campaign=api&utm_content=thumbnail
2756,Gandhi Mantapa,Karnataka,attraction,12.417188,75.739422,budget,4.4,2382,"Gandhi Mantapa is a renowned heritage landmark situated in Madikeri, Kodagu district of Karnataka. The destination attracts visitors seeking authentic regional heritage, architectural grandeur, and picturesque surroundings. It plays an integral role in the cultural landscape and local tourism identity of the region.",Oct-Feb,https://thumb.wikimedia.org/wikipedia/commons/thumb/f/fb/Karigatte_temple.JPG/960px-Karigatte_temple.JPG?utm_source=en.wikipedia.org&utm_campaign=api&utm_content=thumbnail
2757,Karwale Bhagavathi Temple,Karnataka,attraction,12.436063,75.731922,budget,4.0,608,"Karwale Bhagavathi Temple is a renowned religious landmark situated in Madikeri, Kodagu district of Karnataka. The destination attracts visitors seeking authentic regional heritage, architectural grandeur, and picturesque surroundings. It plays an integral role in the cultural landscape and local tourism identity of the region.",Oct-Mar,https://upload.wikimedia.org/wikipedia/commons/8/86/Dodda_Ganeshana_Gudi_Hindu_temple%2C_Basavanagudi%2C_Karnataka%2C_India.jpg?utm_source=en.wikipedia.org&utm_campaign=api&utm_content=thumbnail_unscaled
2758,Kattalekadu Viewpoint,Karnataka,attraction,12.4095,75.7339,budget,4.2,1954,"Kattalekadu Viewpoint is a renowned wildlife landmark situated in Madikeri, Kodagu district of Karnataka. The destination attracts visitors seeking authentic regional heritage, architectural grandeur, and picturesque surroundings. It plays an integral role in the cultural landscape and local tourism identity of the region.",Oct-Feb,https://thumb.wikimedia.org/wikipedia/commons/thumb/5/5b/Savandurga_Hill_02.jpg/960px-Savandurga_Hill_02.jpg?utm_source=en.wikipedia.org&utm_campaign=api&utm_content=thumbnail
2759,Kunduru Motte Sri Chowtti Maramma Tayi Temple,Karnataka,attraction,12.414838,75.736422,budget,4.7,3111,"Kunduru Motte Sri Chowtti Maramma Tayi Temple is a renowned religious landmark situated in Madikeri, Kodagu district of Karnataka. The destination attracts visitors seeking authentic regional heritage, architectural grandeur, and picturesque surroundings. It plays an integral role in the cultural landscape and local tourism identity of the region.",Oct-Mar,https://thumb.wikimedia.org/wikipedia/commons/thumb/e/e3/Gettyedu-2008.78.51-Retouched.jpg/960px-Gettyedu-2008.78.51-Retouched.jpg?utm_source=en.wikipedia.org&utm_campaign=api&utm_content=thumbnail
2760,Raja's seat park,Karnataka,attraction,12.414562,75.737109,budget,4.2,596,"Raja's seat park is a renowned recreation landmark situated in Madikeri, Kodagu district of Karnataka. The destination attracts visitors seeking authentic regional heritage, architectural grandeur, and picturesque surroundings. It plays an integral role in the cultural landscape and local tourism identity of the region.",Oct-Feb,https://thumb.wikimedia.org/wikipedia/commons/thumb/1/1d/Entrance_of_Mahatma_Gandhi_Park%2C_Kollam.jpg/960px-Entrance_of_Mahatma_Gandhi_Park%2C_Kollam.jpg?utm_source=en.wikipedia.org&utm_campaign=api&utm_content=thumbnail
2761,Raja's Seat View point,Karnataka,attraction,12.4283,75.7155,budget,4.0,1322,"Raja's Seat View point is a renowned nature landmark situated in Madikeri, Kodagu district of Karnataka. The destination attracts visitors seeking authentic regional heritage, architectural grandeur, and picturesque surroundings. It plays an integral role in the cultural landscape and local tourism identity of the region.",Oct-Feb,https://thumb.wikimedia.org/wikipedia/commons/thumb/1/17/Tadiandamol_Valley%2C_Western_Ghats.jpg/960px-Tadiandamol_Valley%2C_Western_Ghats.jpg?utm_source=en.wikipedia.org&utm_campaign=api&utm_content=thumbnail
2762,Big Clock Tower,Karnataka,attraction,12.27725,76.65955,budget,4.6,5457,"Big Clock Tower is a renowned cultural landmark situated in Mysuru, Mysuru district of Karnataka. The destination attracts visitors seeking authentic regional heritage, architectural grandeur, and picturesque surroundings. It plays an integral role in the cultural landscape and local tourism identity of the region.",Oct-Feb,https://thumb.wikimedia.org/wikipedia/commons/thumb/0/0c/Banavasi_varadariver_side.jpg/960px-Banavasi_varadariver_side.jpg?utm_source=en.wikipedia.org&utm_campaign=api&utm_content=thumbnail
2763,Chamundi Hill View Point.,Karnataka,attraction,12.280088,76.673141,budget,4.7,7294,"Chamundi Hill View Point. is a renowned nature landmark situated in Mysuru, Mysuru district of Karnataka. The destination attracts visitors seeking authentic regional heritage, architectural grandeur, and picturesque surroundings. It plays an integral role in the cultural landscape and local tourism identity of the region.",Oct-Feb,https://thumb.wikimedia.org/wikipedia/commons/thumb/5/5f/KuntiBetta01.jpg/960px-KuntiBetta01.jpg?utm_source=en.wikipedia.org&utm_campaign=api&utm_content=thumbnail
2764,Chamundi Hills sunrise view point,Karnataka,attraction,12.278713,76.687859,budget,4.1,986,"Chamundi Hills sunrise view point is a renowned nature landmark situated in Mysuru, Mysuru district of Karnataka. The destination attracts visitors seeking authentic regional heritage, architectural grandeur, and picturesque surroundings. It plays an integral role in the cultural landscape and local tourism identity of the region.",Oct-Feb,https://thumb.wikimedia.org/wikipedia/commons/thumb/a/a8/Skandagiri.jpg/960px-Skandagiri.jpg?utm_source=en.wikipedia.org&utm_campaign=api&utm_content=thumbnail
2765,Cheluvamba Park,Karnataka,attraction,12.321562,76.636578,budget,4.2,1934,"Cheluvamba Park is a renowned recreation landmark situated in Mysuru, Mysuru district of Karnataka. The destination attracts visitors seeking authentic regional heritage, architectural grandeur, and picturesque surroundings. It plays an integral role in the cultural landscape and local tourism identity of the region.",Oct-Feb,https://thumb.wikimedia.org/wikipedia/commons/thumb/d/d5/Cubbon_Park_W.jpg/960px-Cubbon_Park_W.jpg?utm_source=en.wikipedia.org&utm_campaign=api&utm_content=thumbnail
2766,Chikka Gadiyara,Karnataka,attraction,12.29385,76.62575,budget,4.8,7105,"Chikka Gadiyara is a renowned cultural landmark situated in Mysuru, Mysuru district of Karnataka. The destination attracts visitors seeking authentic regional heritage, architectural grandeur, and picturesque surroundings. It plays an integral role in the cultural landscape and local tourism identity of the region.",Oct-Feb,https://thumb.wikimedia.org/wikipedia/commons/thumb/0/03/Pattadakal_000.JPG/960px-Pattadakal_000.JPG?utm_source=en.wikipedia.org&utm_campaign=api&utm_content=thumbnail
2767,Folklore Museum,Karnataka,attraction,12.313462,76.622609,mid,4.5,2343,"Folklore Museum is a renowned cultural landmark situated in Mysuru, Mysuru district of Karnataka. The destination attracts visitors seeking authentic regional heritage, architectural grandeur, and picturesque surroundings. It plays an integral role in the cultural landscape and local tourism identity of the region.",Oct-Mar,https://thumb.wikimedia.org/wikipedia/commons/thumb/2/20/Main_Building_RMNH_Mysore_Aug24_A7CR_02127.jpg/960px-Main_Building_RMNH_Mysore_Aug24_A7CR_02127.jpg?utm_source=en.wikipedia.org&utm_campaign=api&utm_content=thumbnail
2768,Guinness World Record Sea Shell Art Museum,Karnataka,hotel,12.30105,76.62615,budget,4.5,5503,"Guinness World Record Sea Shell Art Museum is a renowned cultural landmark situated in Mysuru, Mysuru district of Karnataka. The destination attracts visitors seeking authentic regional heritage, architectural grandeur, and picturesque surroundings. It plays an integral role in the cultural landscape and local tourism identity of the region.",Oct-Mar,https://thumb.wikimedia.org/wikipedia/commons/thumb/5/52/Chinnaswamy_Stadium.jpg/960px-Chinnaswamy_Stadium.jpg?utm_source=en.wikipedia.org&utm_campaign=api&utm_content=thumbnail
2769,Jaganmohan Palace Art Gallery And Auditorium,Karnataka,attraction,12.306888,76.649859,mid,4.7,5344,"Jaganmohan Palace Art Gallery And Auditorium is a renowned cultural landmark situated in Mysuru, Mysuru district of Karnataka. The destination attracts visitors seeking authentic regional heritage, architectural grandeur, and picturesque surroundings. It plays an integral role in the cultural landscape and local tourism identity of the region.",Oct-Feb,https://thumb.wikimedia.org/wikipedia/commons/thumb/3/3d/Kittur_fort.jpeg/960px-Kittur_fort.jpeg?utm_source=en.wikipedia.org&utm_campaign=api&utm_content=thumbnail
2770,Jayalakshmi Vilas Mansion jylkssmii vilaas armne,Karnataka,attraction,12.29515,76.63485,budget,4.7,5304,"Jayalakshmi Vilas Mansion jylkssmii vilaas armne is a renowned cultural landmark situated in Mysuru, Mysuru district of Karnataka. The destination attracts visitors seeking authentic regional heritage, architectural grandeur, and picturesque surroundings. It plays an integral role in the cultural landscape and local tourism identity of the region.",Oct-Feb,https://thumb.wikimedia.org/wikipedia/commons/thumb/3/30/Night_in_Manipal.jpg/960px-Night_in_Manipal.jpg?utm_source=en.wikipedia.org&utm_campaign=api&utm_content=thumbnail
2771,Lingambudhi Park,Karnataka,attraction,12.3173,76.6399,budget,4.8,4520,"Lingambudhi Park is a renowned recreation landmark situated in Mysuru, Mysuru district of Karnataka. The destination attracts visitors seeking authentic regional heritage, architectural grandeur, and picturesque surroundings. It plays an integral role in the cultural landscape and local tourism identity of the region.",Oct-Feb,https://upload.wikimedia.org/wikipedia/commons/7/74/Lingambudhi_Lake_when_filled.jpeg?utm_source=en.wikipedia.org&utm_campaign=api&utm_content=thumbnail_unscaled
2772,Manuvana Park,Karnataka,attraction,12.2867,76.6257,budget,4.8,3025,"Manuvana Park is a renowned recreation landmark situated in Mysuru, Mysuru district of Karnataka. The destination attracts visitors seeking authentic regional heritage, architectural grandeur, and picturesque surroundings. It plays an integral role in the cultural landscape and local tourism identity of the region.",Oct-Feb,https://upload.wikimedia.org/wikipedia/commons/7/74/Lingambudhi_Lake_when_filled.jpeg?utm_source=en.wikipedia.org&utm_campaign=api&utm_content=thumbnail_unscaled
2773,Melody World Wax Museum,Karnataka,attraction,12.276,76.6508,mid,4.6,4652,"Melody World Wax Museum is a renowned cultural landmark situated in Mysuru, Mysuru district of Karnataka. The destination attracts visitors seeking authentic regional heritage, architectural grandeur, and picturesque surroundings. It plays an integral role in the cultural landscape and local tourism identity of the region.",Oct-Mar,https://thumb.wikimedia.org/wikipedia/commons/thumb/d/df/Yakshagana_artist%27s_mannequin_on_display_in_the_Janapada_Loka_%28Folk_art_museum%29.jpg/960px-Yakshagana_artist%27s_mannequin_on_display_in_the_Janapada_Loka_%28Folk_art_museum%29.jpg?utm_source=en.wikipedia.org&utm_campaign=api&utm_content=thumbnail
2774,Regional Museum of Natural History Mysore,Karnataka,attraction,12.305688,76.674172,mid,4.7,4889,"Regional Museum of Natural History Mysore is a renowned cultural landmark situated in Mysuru, Mysuru district of Karnataka. The destination attracts visitors seeking authentic regional heritage, architectural grandeur, and picturesque surroundings. It plays an integral role in the cultural landscape and local tourism identity of the region.",Oct-Mar,https://thumb.wikimedia.org/wikipedia/commons/thumb/2/20/Main_Building_RMNH_Mysore_Aug24_A7CR_02127.jpg/960px-Main_Building_RMNH_Mysore_Aug24_A7CR_02127.jpg?utm_source=en.wikipedia.org&utm_campaign=api&utm_content=thumbnail
2775,Sand Museum Mysuru,Karnataka,attraction,12.30235,76.63525,mid,4.9,10616,"Sand Museum Mysuru is a renowned cultural landmark situated in Mysuru, Mysuru district of Karnataka. The destination attracts visitors seeking authentic regional heritage, architectural grandeur, and picturesque surroundings. It plays an integral role in the cultural landscape and local tourism identity of the region.",Oct-Mar,https://thumb.wikimedia.org/wikipedia/commons/thumb/f/fa/Visvesvaraya_Industrial_and_Technological_Museum%2C_Bangalore_%282025%29_02.jpg/960px-Visvesvaraya_Industrial_and_Technological_Museum%2C_Bangalore_%282025%29_02.jpg?utm_source=en.wikipedia.org&utm_campaign=api&utm_content=thumbnail
2776,Bhimeshwara temple,Karnataka,attraction,13.926863,75.582734,budget,4.6,4581,"Bhimeshwara temple is a renowned religious landmark situated in Shivamogga, Shivamogga district of Karnataka. The destination attracts visitors seeking authentic regional heritage, architectural grandeur, and picturesque surroundings. It plays an integral role in the cultural landscape and local tourism identity of the region.",Oct-Mar,https://thumb.wikimedia.org/wikipedia/commons/thumb/1/11/Melukotetemple.jpg/960px-Melukotetemple.jpg?utm_source=en.wikipedia.org&utm_campaign=api&utm_content=thumbnail
2777,Freedom Park Old Shimoga Jail,Karnataka,attraction,13.947312,75.565516,budget,4.3,1712,"Freedom Park Old Shimoga Jail is a renowned recreation landmark situated in Shivamogga, Shivamogga district of Karnataka. The destination attracts visitors seeking authentic regional heritage, architectural grandeur, and picturesque surroundings. It plays an integral role in the cultural landscape and local tourism identity of the region.",Oct-Feb,https://thumb.wikimedia.org/wikipedia/commons/thumb/1/1d/Entrance_of_Mahatma_Gandhi_Park%2C_Kollam.jpg/960px-Entrance_of_Mahatma_Gandhi_Park%2C_Kollam.jpg?utm_source=en.wikipedia.org&utm_campaign=api&utm_content=thumbnail
2778,Gandhi Nagar Park,Karnataka,attraction,13.943613,75.572016,budget,4.1,455,"Gandhi Nagar Park is a renowned recreation landmark situated in Shivamogga, Shivamogga district of Karnataka. The destination attracts visitors seeking authentic regional heritage, architectural grandeur, and picturesque surroundings. It plays an integral role in the cultural landscape and local tourism identity of the region.",Oct-Feb,https://upload.wikimedia.org/wikipedia/commons/7/74/Lingambudhi_Lake_when_filled.jpeg?utm_source=en.wikipedia.org&utm_campaign=api&utm_content=thumbnail_unscaled
2779,Jog Falls View Point,Karnataka,attraction,14.2366,74.828,budget,4.4,5635,"Jog Falls View Point is a renowned nature landmark situated in Jog Falls, Shivamogga district of Karnataka. The destination attracts visitors seeking authentic regional heritage, architectural grandeur, and picturesque surroundings. It plays an integral role in the cultural landscape and local tourism identity of the region.",Oct-Feb,https://thumb.wikimedia.org/wikipedia/commons/thumb/b/b3/Jog_Falls_Karnataka.jpg/960px-Jog_Falls_Karnataka.jpg
2780,Lord Shiva Temple,Karnataka,attraction,13.947862,75.562547,budget,4.7,2970,"Lord Shiva Temple is a renowned religious landmark situated in Shivamogga, Shivamogga district of Karnataka. The destination attracts visitors seeking authentic regional heritage, architectural grandeur, and picturesque surroundings. It plays an integral role in the cultural landscape and local tourism identity of the region.",Oct-Mar,https://thumb.wikimedia.org/wikipedia/commons/thumb/e/e3/Gettyedu-2008.78.51-Retouched.jpg/960px-Gettyedu-2008.78.51-Retouched.jpg?utm_source=en.wikipedia.org&utm_campaign=api&utm_content=thumbnail
2781,Ravindranagara Park,Karnataka,attraction,13.947188,75.571203,budget,4.1,1170,"Ravindranagara Park is a renowned recreation landmark situated in Shivamogga, Shivamogga district of Karnataka. The destination attracts visitors seeking authentic regional heritage, architectural grandeur, and picturesque surroundings. It plays an integral role in the cultural landscape and local tourism identity of the region.",Oct-Feb,https://thumb.wikimedia.org/wikipedia/commons/thumb/d/d5/Cubbon_Park_W.jpg/960px-Cubbon_Park_W.jpg?utm_source=en.wikipedia.org&utm_campaign=api&utm_content=thumbnail
2782,"SACRED HEART Cathedral, Shivamogga",Karnataka,attraction,13.932963,75.579734,budget,4.4,1217,"SACRED HEART Cathedral, Shivamogga is a renowned religious landmark situated in Shivamogga, Shivamogga district of Karnataka. The destination attracts visitors seeking authentic regional heritage, architectural grandeur, and picturesque surroundings. It plays an integral role in the cultural landscape and local tourism identity of the region.",Oct-Feb,https://thumb.wikimedia.org/wikipedia/commons/thumb/f/fb/Shettihalli_Church..jpg/960px-Shettihalli_Church..jpg?utm_source=en.wikipedia.org&utm_campaign=api&utm_content=thumbnail
2783,Shivamogga Zoo & Safari,Karnataka,attraction,13.93085,75.57475,luxury,4.7,2779,"Shivamogga Zoo & Safari is a renowned wildlife landmark situated in Shivamogga, Shivamogga district of Karnataka. The destination attracts visitors seeking authentic regional heritage, architectural grandeur, and picturesque surroundings. It plays an integral role in the cultural landscape and local tourism identity of the region.",Oct-Feb,https://thumb.wikimedia.org/wikipedia/commons/thumb/6/63/Entrance_of_Mysore_Zoo.jpg/960px-Entrance_of_Mysore_Zoo.jpg?utm_source=en.wikipedia.org&utm_campaign=api&utm_content=thumbnail
2784,Shivappa Nayaka Palace Museum,Karnataka,attraction,13.9215,75.5593,mid,4.3,645,"Shivappa Nayaka Palace Museum is a renowned cultural landmark situated in Shivamogga, Shivamogga district of Karnataka. The destination attracts visitors seeking authentic regional heritage, architectural grandeur, and picturesque surroundings. It plays an integral role in the cultural landscape and local tourism identity of the region.",Oct-Mar,https://thumb.wikimedia.org/wikipedia/commons/thumb/7/73/1_of_7_concentric_walled_layers_of_Chitradurga_fort.jpg/960px-1_of_7_concentric_walled_layers_of_Chitradurga_fort.jpg?utm_source=en.wikipedia.org&utm_campaign=api&utm_content=thumbnail
2785,"Shree Baala Subramanya Swamy Temple, Guddekal.",Karnataka,attraction,13.93845,75.57795,budget,4.5,2478,"Shree Baala Subramanya Swamy Temple, Guddekal. is a renowned religious landmark situated in Shivamogga, Shivamogga district of Karnataka. The destination attracts visitors seeking authentic regional heritage, architectural grandeur, and picturesque surroundings. It plays an integral role in the cultural landscape and local tourism identity of the region.",Oct-Mar,https://thumb.wikimedia.org/wikipedia/commons/thumb/b/b9/Complex_of_Virupaksha_Temple%2C_Hampi_%2804%29.jpg/960px-Complex_of_Virupaksha_Temple%2C_Hampi_%2804%29.jpg?utm_source=en.wikipedia.org&utm_campaign=api&utm_content=thumbnail
2786,Sri Murudeshwar Temple,Karnataka,attraction,13.928888,75.574953,budget,4.5,6921,"Sri Murudeshwar Temple is a renowned religious landmark situated in Shivamogga, Shivamogga district of Karnataka. The destination attracts visitors seeking authentic regional heritage, architectural grandeur, and picturesque surroundings. It plays an integral role in the cultural landscape and local tourism identity of the region.",Oct-Mar,https://thumb.wikimedia.org/wikipedia/commons/thumb/e/ed/Gopalswamy_Betta.jpg/960px-Gopalswamy_Betta.jpg?utm_source=en.wikipedia.org&utm_campaign=api&utm_content=thumbnail
2787,Elephant Stables,Karnataka,attraction,15.321112,76.472734,budget,4.6,8055,"Elephant Stables is a renowned cultural landmark situated in Hampi, Vijayanagara district of Karnataka. The destination attracts visitors seeking authentic regional heritage, architectural grandeur, and picturesque surroundings. It plays an integral role in the cultural landscape and local tourism identity of the region.",Oct-Feb,https://upload.wikimedia.org/wikipedia/commons/c/c2/Pushkarani.jpg?utm_source=en.wikipedia.org&utm_campaign=api&utm_content=thumbnail_unscaled
2788,Group of Monuments at Hampi,Karnataka,attraction,15.334988,76.461922,mid,4.2,2131,"The less-traveled, peaceful northern bank of the Tungabhadra River, featuring prehistoric rock art shelters, the Pampa Sarovar, and coracle river paths.",Oct-Mar,https://thumb.wikimedia.org/wikipedia/commons/thumb/a/af/Stone_Chariot_Hampi.jpg/960px-Stone_Chariot_Hampi.jpg
2789,Hampi,Karnataka,attraction,15.335038,76.460109,budget,4.0,492,"Hampi is a renowned religious landmark situated in Hampi, Vijayanagara district of Karnataka. The destination attracts visitors seeking authentic regional heritage, architectural grandeur, and picturesque surroundings. It plays an integral role in the cultural landscape and local tourism identity of the region.",Oct-Feb,https://thumb.wikimedia.org/wikipedia/commons/thumb/a/af/Stone_Chariot_Hampi.jpg/960px-Stone_Chariot_Hampi.jpg
2790,Hampi Bazaar,Karnataka,attraction,15.334112,76.464359,budget,4.3,1723,"Hampi Bazaar is a renowned cultural landmark situated in Hampi, Vijayanagara district of Karnataka. The destination attracts visitors seeking authentic regional heritage, architectural grandeur, and picturesque surroundings. It plays an integral role in the cultural landscape and local tourism identity of the region.",Oct-Feb,https://thumb.wikimedia.org/wikipedia/commons/thumb/a/af/Stone_Chariot_Hampi.jpg/960px-Stone_Chariot_Hampi.jpg
2791,Hampi Shri Krishna Swamy Temple,Karnataka,attraction,15.330262,76.460453,budget,4.9,3385,"Hampi Shri Krishna Swamy Temple is a renowned religious landmark situated in Hampi, Vijayanagara district of Karnataka. The destination attracts visitors seeking authentic regional heritage, architectural grandeur, and picturesque surroundings. It plays an integral role in the cultural landscape and local tourism identity of the region.",Oct-Mar,https://thumb.wikimedia.org/wikipedia/commons/thumb/a/af/Stone_Chariot_Hampi.jpg/960px-Stone_Chariot_Hampi.jpg
2792,Hampi Shri Varahaswami Gudi,Karnataka,attraction,15.336188,76.469672,budget,4.7,3738,"Hampi Shri Varahaswami Gudi is a renowned religious landmark situated in Hampi, Vijayanagara district of Karnataka. The destination attracts visitors seeking authentic regional heritage, architectural grandeur, and picturesque surroundings. It plays an integral role in the cultural landscape and local tourism identity of the region.",Oct-Feb,https://thumb.wikimedia.org/wikipedia/commons/thumb/a/af/Stone_Chariot_Hampi.jpg/960px-Stone_Chariot_Hampi.jpg
2793,Hazara Raama Temple,Karnataka,attraction,15.317763,76.468766,budget,4.8,4357,"Hazara Raama Temple is a renowned religious landmark situated in Hampi, Vijayanagara district of Karnataka. The destination attracts visitors seeking authentic regional heritage, architectural grandeur, and picturesque surroundings. It plays an integral role in the cultural landscape and local tourism identity of the region.",Oct-Mar,https://thumb.wikimedia.org/wikipedia/commons/thumb/8/8c/Basavapatna_near_Ramanathapura._Hassan_distsrict._%282%29.jpg/960px-Basavapatna_near_Ramanathapura._Hassan_distsrict._%282%29.jpg?utm_source=en.wikipedia.org&utm_campaign=api&utm_content=thumbnail
2794,Kadalekalu Ganesha,Karnataka,attraction,15.332838,76.461234,budget,4.4,943,"Kadalekalu Ganesha is a renowned religious landmark situated in Hampi, Vijayanagara district of Karnataka. The destination attracts visitors seeking authentic regional heritage, architectural grandeur, and picturesque surroundings. It plays an integral role in the cultural landscape and local tourism identity of the region.",Oct-Feb,https://thumb.wikimedia.org/wikipedia/commons/thumb/6/67/Gagan_Mahal_palace%2C_Anegundi.jpg/960px-Gagan_Mahal_palace%2C_Anegundi.jpg?utm_source=en.wikipedia.org&utm_campaign=api&utm_content=thumbnail
2795,Lotus Mahal,Karnataka,attraction,15.320287,76.471328,budget,4.2,1608,"Lotus Mahal is a renowned cultural landmark situated in Hampi, Vijayanagara district of Karnataka. The destination attracts visitors seeking authentic regional heritage, architectural grandeur, and picturesque surroundings. It plays an integral role in the cultural landscape and local tourism identity of the region.",Oct-Feb,https://thumb.wikimedia.org/wikipedia/commons/thumb/a/ac/Flat_elevation_of_Lotus_Mahal%2C_Hampi_%28Closeup%29.jpg/960px-Flat_elevation_of_Lotus_Mahal%2C_Hampi_%28Closeup%29.jpg?utm_source=en.wikipedia.org&utm_campaign=api&utm_content=thumbnail
2796,Mathanga Hill,Karnataka,attraction,15.331637,76.468297,budget,4.9,6696,"Mathanga Hill is a renowned nature landmark situated in Hampi, Vijayanagara district of Karnataka. The destination attracts visitors seeking authentic regional heritage, architectural grandeur, and picturesque surroundings. It plays an integral role in the cultural landscape and local tourism identity of the region.",Oct-Feb,https://thumb.wikimedia.org/wikipedia/commons/thumb/d/dc/Muthathi_Sept.jpg/960px-Muthathi_Sept.jpg?utm_source=en.wikipedia.org&utm_campaign=api&utm_content=thumbnail
2797,Nandi,Karnataka,attraction,15.333913,76.466828,budget,4.6,8970,"Nandi is a renowned religious landmark situated in Hampi, Vijayanagara district of Karnataka. The destination attracts visitors seeking authentic regional heritage, architectural grandeur, and picturesque surroundings. It plays an integral role in the cultural landscape and local tourism identity of the region.",Oct-Feb,https://upload.wikimedia.org/wikipedia/commons/c/c2/Pushkarani.jpg?utm_source=en.wikipedia.org&utm_campaign=api&utm_content=thumbnail_unscaled
2798,Octagonal Bath,Karnataka,attraction,15.315563,76.475609,budget,4.1,459,"Octagonal Bath is a renowned heritage landmark situated in Hampi, Vijayanagara district of Karnataka. The destination attracts visitors seeking authentic regional heritage, architectural grandeur, and picturesque surroundings. It plays an integral role in the cultural landscape and local tourism identity of the region.",Oct-Feb,https://thumb.wikimedia.org/wikipedia/commons/thumb/f/fb/Karigatte_temple.JPG/960px-Karigatte_temple.JPG?utm_source=en.wikipedia.org&utm_campaign=api&utm_content=thumbnail
2799,Queen's Bathhouse,Karnataka,attraction,15.313413,76.472484,budget,4.0,1039,"Queen's Bathhouse is a renowned cultural landmark situated in Hampi, Vijayanagara district of Karnataka. The destination attracts visitors seeking authentic regional heritage, architectural grandeur, and picturesque surroundings. It plays an integral role in the cultural landscape and local tourism identity of the region.",Oct-Feb,https://thumb.wikimedia.org/wikipedia/commons/thumb/d/da/Udupi_Krishna_Temple.jpg/960px-Udupi_Krishna_Temple.jpg?utm_source=en.wikipedia.org&utm_campaign=api&utm_content=thumbnail
2800,Saasivekaalu Ganesha,Karnataka,attraction,15.331437,76.459891,budget,4.4,604,"Saasivekaalu Ganesha is a renowned cultural landmark situated in Hampi, Vijayanagara district of Karnataka. The destination attracts visitors seeking authentic regional heritage, architectural grandeur, and picturesque surroundings. It plays an integral role in the cultural landscape and local tourism identity of the region.",Oct-Feb,https://upload.wikimedia.org/wikipedia/commons/8/84/Mekedat.jpg?utm_source=en.wikipedia.org&utm_campaign=api&utm_content=thumbnail_unscaled
2801,Shiva Temple,Karnataka,attraction,15.334988,76.457766,budget,4.0,873,"Shiva Temple is a renowned religious landmark situated in Hampi, Vijayanagara district of Karnataka. The destination attracts visitors seeking authentic regional heritage, architectural grandeur, and picturesque surroundings. It plays an integral role in the cultural landscape and local tourism identity of the region.",Oct-Mar,https://thumb.wikimedia.org/wikipedia/commons/thumb/3/35/Pashupatinath_Temple_Nepal_IMG_7933_2018_15.jpg/960px-Pashupatinath_Temple_Nepal_IMG_7933_2018_15.jpg?utm_source=en.wikipedia.org&utm_campaign=api&utm_content=thumbnail
2802,Shree Badavilinga Gudi,Karnataka,attraction,15.329313,76.459078,budget,4.2,1046,"Shree Badavilinga Gudi is a renowned religious landmark situated in Hampi, Vijayanagara district of Karnataka. The destination attracts visitors seeking authentic regional heritage, architectural grandeur, and picturesque surroundings. It plays an integral role in the cultural landscape and local tourism identity of the region.",Oct-Feb,https://thumb.wikimedia.org/wikipedia/commons/thumb/f/fb/Karigatte_temple.JPG/960px-Karigatte_temple.JPG?utm_source=en.wikipedia.org&utm_campaign=api&utm_content=thumbnail
2803,Shree Vijaya Vitthala Temple,Karnataka,attraction,15.342313,76.475234,budget,4.4,1877,"Shree Vijaya Vitthala Temple is a renowned religious landmark situated in Hampi, Vijayanagara district of Karnataka. The destination attracts visitors seeking authentic regional heritage, architectural grandeur, and picturesque surroundings. It plays an integral role in the cultural landscape and local tourism identity of the region.",Oct-Mar,https://thumb.wikimedia.org/wikipedia/commons/thumb/5/5c/Bhagamandala_Birdseye_View_Coorg_Feb24_A7C_09524.jpg/960px-Bhagamandala_Birdseye_View_Coorg_Feb24_A7C_09524.jpg?utm_source=en.wikipedia.org&utm_campaign=api&utm_content=thumbnail
2804,Shri Achyutaraaya Swamy Temple,Karnataka,attraction,15.331912,76.470016,budget,4.7,5072,"Shri Achyutaraaya Swamy Temple is a renowned religious landmark situated in Hampi, Vijayanagara district of Karnataka. The destination attracts visitors seeking authentic regional heritage, architectural grandeur, and picturesque surroundings. It plays an integral role in the cultural landscape and local tourism identity of the region.",Oct-Mar,https://thumb.wikimedia.org/wikipedia/commons/thumb/1/13/Chandramouleshware_Temple.JPG/960px-Chandramouleshware_Temple.JPG?utm_source=en.wikipedia.org&utm_campaign=api&utm_content=thumbnail
2805,Shri Lakshmi Narasimha Temple,Karnataka,attraction,15.329087,76.458922,budget,4.4,1907,"Shri Lakshmi Narasimha Temple is a renowned religious landmark situated in Hampi, Vijayanagara district of Karnataka. The destination attracts visitors seeking authentic regional heritage, architectural grandeur, and picturesque surroundings. It plays an integral role in the cultural landscape and local tourism identity of the region.",Oct-Mar,https://thumb.wikimedia.org/wikipedia/commons/thumb/b/b3/8th_century_Durga_temple_exterior_view%2C_Aihole_Hindu_temples_and_monuments_3.jpg/960px-8th_century_Durga_temple_exterior_view%2C_Aihole_Hindu_temples_and_monuments_3.jpg?utm_source=en.wikipedia.org&utm_campaign=api&utm_content=thumbnail
2806,Shri Malyavanta Raghunatha Temple,Karnataka,attraction,15.324513,76.487609,budget,4.7,8518,"Shri Malyavanta Raghunatha Temple is a renowned religious landmark situated in Hampi, Vijayanagara district of Karnataka. The destination attracts visitors seeking authentic regional heritage, architectural grandeur, and picturesque surroundings. It plays an integral role in the cultural landscape and local tourism identity of the region.",Oct-Mar,https://thumb.wikimedia.org/wikipedia/commons/thumb/3/35/Pashupatinath_Temple_Nepal_IMG_7933_2018_15.jpg/960px-Pashupatinath_Temple_Nepal_IMG_7933_2018_15.jpg?utm_source=en.wikipedia.org&utm_campaign=api&utm_content=thumbnail
2807,Shri Ranganatha Swami Gudi,Karnataka,attraction,15.336288,76.470234,budget,4.3,2398,"Shri Ranganatha Swami Gudi is a renowned religious landmark situated in Hampi, Vijayanagara district of Karnataka. The destination attracts visitors seeking authentic regional heritage, architectural grandeur, and picturesque surroundings. It plays an integral role in the cultural landscape and local tourism identity of the region.",Oct-Feb,https://thumb.wikimedia.org/wikipedia/commons/thumb/d/da/Udupi_Krishna_Temple.jpg/960px-Udupi_Krishna_Temple.jpg?utm_source=en.wikipedia.org&utm_campaign=api&utm_content=thumbnail
2808,Shri Ranganatha Swamy Temple,Karnataka,attraction,15.319388,76.471734,budget,4.4,1116,"Shri Ranganatha Swamy Temple is a renowned religious landmark situated in Hampi, Vijayanagara district of Karnataka. The destination attracts visitors seeking authentic regional heritage, architectural grandeur, and picturesque surroundings. It plays an integral role in the cultural landscape and local tourism identity of the region.",Oct-Mar,https://thumb.wikimedia.org/wikipedia/commons/thumb/0/02/Banavasi_Madhukeshwara_temple.JPG/960px-Banavasi_Madhukeshwara_temple.JPG?utm_source=en.wikipedia.org&utm_campaign=api&utm_content=thumbnail
2809,Stone Chariot - Hampi,Karnataka,attraction,15.342263,76.475797,budget,4.7,1948,"Stone Chariot - Hampi is a renowned cultural landmark situated in Hampi, Vijayanagara district of Karnataka. The destination attracts visitors seeking authentic regional heritage, architectural grandeur, and picturesque surroundings. It plays an integral role in the cultural landscape and local tourism identity of the region.",Oct-Feb,https://thumb.wikimedia.org/wikipedia/commons/thumb/a/af/Stone_Chariot_Hampi.jpg/960px-Stone_Chariot_Hampi.jpg
2810,Sunrise Sunset Point - Matanga Betta,Karnataka,attraction,15.331613,76.468453,budget,3.9,1083,"Sunrise Sunset Point - Matanga Betta is a renowned nature landmark situated in Hampi, Vijayanagara district of Karnataka. The destination attracts visitors seeking authentic regional heritage, architectural grandeur, and picturesque surroundings. It plays an integral role in the cultural landscape and local tourism identity of the region.",Oct-Feb,https://upload.wikimedia.org/wikipedia/commons/6/64/Kemmangundi_fog.JPG?utm_source=en.wikipedia.org&utm_campaign=api&utm_content=thumbnail_unscaled
2811,Talwar Gatta,Karnataka,attraction,15.344462,76.487672,budget,4.6,2738,"Talwar Gatta is a renowned cultural landmark situated in Hampi, Vijayanagara district of Karnataka. The destination attracts visitors seeking authentic regional heritage, architectural grandeur, and picturesque surroundings. It plays an integral role in the cultural landscape and local tourism identity of the region.",Oct-Feb,https://upload.wikimedia.org/wikipedia/commons/e/e0/Kolar_Gold_Fields_-_1913.jpg?utm_source=en.wikipedia.org&utm_campaign=api&utm_content=thumbnail_unscaled
2812,Temples on Hemakuta Hill,Karnataka,attraction,15.334187,76.459859,budget,4.1,431,"Temples on Hemakuta Hill is a renowned religious landmark situated in Hampi, Vijayanagara district of Karnataka. The destination attracts visitors seeking authentic regional heritage, architectural grandeur, and picturesque surroundings. It plays an integral role in the cultural landscape and local tourism identity of the region.",Oct-Mar,https://thumb.wikimedia.org/wikipedia/commons/thumb/1/17/Tadiandamol_Valley%2C_Western_Ghats.jpg/960px-Tadiandamol_Valley%2C_Western_Ghats.jpg?utm_source=en.wikipedia.org&utm_campaign=api&utm_content=thumbnail
2813,Tungabhadraa Ghats,Karnataka,attraction,15.336813,76.458953,budget,4.4,3247,"Tungabhadraa Ghats is a renowned cultural landmark situated in Hampi, Vijayanagara district of Karnataka. The destination attracts visitors seeking authentic regional heritage, architectural grandeur, and picturesque surroundings. It plays an integral role in the cultural landscape and local tourism identity of the region.",Oct-Mar,https://thumb.wikimedia.org/wikipedia/commons/thumb/f/fb/Karigatte_temple.JPG/960px-Karigatte_temple.JPG?utm_source=en.wikipedia.org&utm_campaign=api&utm_content=thumbnail
2814,Underground Shiva Temple,Karnataka,attraction,15.317863,76.464047,budget,4.5,2825,"Underground Shiva Temple is a renowned religious landmark situated in Hampi, Vijayanagara district of Karnataka. The destination attracts visitors seeking authentic regional heritage, architectural grandeur, and picturesque surroundings. It plays an integral role in the cultural landscape and local tourism identity of the region.",Oct-Mar,https://thumb.wikimedia.org/wikipedia/commons/thumb/1/11/Melukotetemple.jpg/960px-Melukotetemple.jpg?utm_source=en.wikipedia.org&utm_campaign=api&utm_content=thumbnail
2815,"Virupaksha Temple, Hampi",Karnataka,attraction,15.3352,76.4614,budget,4.5,6581,"Virupaksha Temple, Hampi is a renowned religious landmark situated in Hampi, Vijayanagara district of Karnataka. The destination attracts visitors seeking authentic regional heritage, architectural grandeur, and picturesque surroundings. It plays an integral role in the cultural landscape and local tourism identity of the region.",Oct-Mar,https://thumb.wikimedia.org/wikipedia/commons/thumb/a/af/Stone_Chariot_Hampi.jpg/960px-Stone_Chariot_Hampi.jpg
2816,"Yantrodharaka Hanuman Temple, Hampi",Karnataka,attraction,15.333312,76.468484,budget,4.4,2550,"Yantrodharaka Hanuman Temple, Hampi is a renowned religious landmark situated in Hampi, Vijayanagara district of Karnataka. The destination attracts visitors seeking authentic regional heritage, architectural grandeur, and picturesque surroundings. It plays an integral role in the cultural landscape and local tourism identity of the region.",Oct-Mar,https://thumb.wikimedia.org/wikipedia/commons/thumb/a/af/Stone_Chariot_Hampi.jpg/960px-Stone_Chariot_Hampi.jpg
2817,Zanana Enclosure,Karnataka,attraction,15.320863,76.470859,budget,4.1,423,"Zanana Enclosure is a renowned cultural landmark situated in Hampi, Vijayanagara district of Karnataka. The destination attracts visitors seeking authentic regional heritage, architectural grandeur, and picturesque surroundings. It plays an integral role in the cultural landscape and local tourism identity of the region.",Oct-Feb,https://upload.wikimedia.org/wikipedia/commons/c/c2/Pushkarani.jpg?utm_source=en.wikipedia.org&utm_campaign=api&utm_content=thumbnail_unscaled
2818,Badami Cave Temples,Karnataka,attraction,15.918056,75.676667,budget,4.4,23545,"Carved out of red sandstone cliffs between the 6th and 8th centuries by the Early Chalukyas, a complex of four magnificent rock-cut cave temples dedicated to Shiva (Cave 1), Vishnu (Caves 2 & 3), and Jain Tirthankaras (Cave 4), overlooking the emerald Agastya Lake and Bhutanatha Temples.",Oct-Mar,https://thumb.wikimedia.org/wikipedia/commons/thumb/7/7b/Vishnu_image_inside_cave_number_3_in_Badami.jpg/960px-Vishnu_image_inside_cave_number_3_in_Badami.jpg?utm_source=en.wikipedia.org&utm_campaign=api&utm_content=thumbnail
2819,100 Feet Road Indiranagar,Karnataka,restaurant,12.972619,77.646985,mid,4.6,7996,"One of India's most celebrated cosmopolitan lifestyle streets, stretching from Old Airport Road to CMH Road, packed with artisanal microbreweries, gourmet eateries, and designer flagship stores.",Oct-Feb,https://images.unsplash.com/photo-1555396273-367ea4eb4db5?auto=format&fit=crop&w=1200&q=80
2820,Ashoka Pillar Monument Jayanagar,Karnataka,attraction,12.94371,77.585273,mid,4.2,2126,"Inaugurated on August 20, 1948 by the last Maharaja of Mysore Jayachamarajendra Wadiyar, a 30-foot stone pillar bearing the four-lion capital marking the founding of Jayanagar.",Oct-Mar,https://thumb.wikimedia.org/wikipedia/commons/thumb/0/04/Nalknad_Palace_%28Kakkabe%29_-_Nalnad_Palace_%2889%29.jpg/960px-Nalknad_Palace_%28Kakkabe%29_-_Nalnad_Palace_%2889%29.jpg?utm_source=en.wikipedia.org&utm_campaign=api&utm_content=thumbnail
2821,Avalahalli State Forest,Karnataka,attraction,13.130454,77.54837,budget,4.3,2180,"A preserved eucalyptus, acacia, and scrub reserve forest in north Bangalore offering off-road mountain biking trails, dirt tracks, and quiet forest birding.",Oct-Feb,https://thumb.wikimedia.org/wikipedia/commons/thumb/a/a8/Skandagiri.jpg/960px-Skandagiri.jpg?utm_source=en.wikipedia.org&utm_campaign=api&utm_content=thumbnail
2822,Bannerghatta National Park,Karnataka,attraction,12.758292,77.587917,budget,4.6,12337,"A 260-square-kilometer national park established in 1974 on the southern fringes of Bangalore, featuring a tiger and lion safari, India's first butterfly conservatory, and elephant corridors.",Oct-Mar,https://thumb.wikimedia.org/wikipedia/commons/thumb/4/48/Lurking_tiger.jpg/960px-Lurking_tiger.jpg?utm_source=en.wikipedia.org&utm_campaign=api&utm_content=thumbnail
2823,Bengaluru Fort,Karnataka,attraction,12.962844,77.575564,mid,4.9,26862,"Originally constructed as a mud fort in 1537 by Kempe Gowda I and converted into a formidable stone fortress in 1761 by Hyder Ali, surviving the British siege of 1791.",Oct-Feb,https://thumb.wikimedia.org/wikipedia/commons/thumb/7/7e/Old_Bangalore_Fort%2C_Inside_View.JPG/960px-Old_Bangalore_Fort%2C_Inside_View.JPG?utm_source=en.wikipedia.org&utm_campaign=api&utm_content=thumbnail
2824,Bengaluru Palace,Karnataka,attraction,13.011048,77.585589,mid,4.6,5916,"Built in 1878 by Chamarajendra Wadiyar X inspired by England's Windsor Castle, featuring Tudor-revival architecture, fortified towers, battlements, stained glass, and hunting trophies.",Oct-Feb,https://thumb.wikimedia.org/wikipedia/commons/thumb/8/8f/Bangalore_Mysore_Maharaja_Palace.jpg/960px-Bangalore_Mysore_Maharaja_Palace.jpg?utm_source=en.wikipedia.org&utm_campaign=api&utm_content=thumbnail
2825,Brahmin's Coffee Bar Bangalore,Karnataka,restaurant,12.953904,77.568811,mid,4.8,21396,"Founded in 1965 in Shankarapuram, a legendary tiny standing-room breakfast joint renowned across India for feather-soft idlis, crunchy uddin vadas, and fresh coconut chutney.",Oct-Feb,https://images.unsplash.com/photo-1555396273-367ea4eb4db5?auto=format&fit=crop&w=1200&q=80
2826,Brigade Road Shopping Bangalore,Karnataka,attraction,12.971514,77.60678,budget,4.8,19996,"A high-energy retail corridor connecting MG Road to Residency Road, buzzing with international footwear outlets, denim stores, music shops, and historic pubs.",Oct-Feb,https://thumb.wikimedia.org/wikipedia/commons/thumb/6/67/Gagan_Mahal_palace%2C_Anegundi.jpg/960px-Gagan_Mahal_palace%2C_Anegundi.jpg?utm_source=en.wikipedia.org&utm_campaign=api&utm_content=thumbnail
2827,Bugle Rock Park,Karnataka,attraction,12.942408,77.56938,budget,4.0,586,"A historic 3,000-million-year-old Peninsular Gneiss rock formation where Kempe Gowda I erected one of the four original watchtowers marking Bangalore's city boundaries in the 16th century.",Oct-Feb,https://upload.wikimedia.org/wikipedia/commons/7/74/Lingambudhi_Lake_when_filled.jpeg?utm_source=en.wikipedia.org&utm_campaign=api&utm_content=thumbnail_unscaled
2828,Church Street Bengaluru,Karnataka,attraction,12.974849,77.605172,budget,4.7,21999,"A vibrant 750-meter cobblestone pedestrian avenue lined with legendary independent secondhand bookstores (Blossom, Bookworm), artisan cafes, indie music bars, and street art.",Oct-Feb,https://thumb.wikimedia.org/wikipedia/commons/thumb/f/fb/Shettihalli_Church..jpg/960px-Shettihalli_Church..jpg?utm_source=en.wikipedia.org&utm_campaign=api&utm_content=thumbnail
2829,Commercial Street Bengaluru,Karnataka,attraction,12.982266,77.608211,budget,4.4,6607,"One of Bangalore's oldest and most energetic shopping streets, packed with hundreds of boutiques selling bridal lehengas, imitation jewelry, fabrics, Pashmina shawls, and footwear.",Oct-Feb,https://thumb.wikimedia.org/wikipedia/commons/thumb/6/6b/Thurahalli%2C_Bengaluru%2C_Karnataka_560062%2C_India_-_panoramio_%282%29.jpg/960px-Thurahalli%2C_Bengaluru%2C_Karnataka_560062%2C_India_-_panoramio_%282%29.jpg?utm_source=en.wikipedia.org&utm_campaign=api&utm_content=thumbnail
2830,Conrad Bengaluru,Karnataka,restaurant,12.975248,77.620731,mid,4.9,19777,"A soaring 24-storey luxury hotel overlooking the scenic Ulsoor Lake, featuring Tiamo Mediterranean poolside dining, Mikusu Asian gastronomy, and a rooftop cocktail lounge.",Oct-Feb,https://images.unsplash.com/photo-1555396273-367ea4eb4db5?auto=format&fit=crop&w=1200&q=80
2831,CSI St. Mark's Cathedral Bangalore,Karnataka,attraction,12.976096,77.60023,budget,4.6,2937,"Consecrated in 1816, an elegant colonial church inspired by St. Paul's Cathedral in London, featuring roman arches, a grand dome, and a serene leafy compound on MG Road.",Oct-Feb,https://thumb.wikimedia.org/wikipedia/commons/thumb/f/fb/Shettihalli_Church..jpg/960px-Shettihalli_Church..jpg?utm_source=en.wikipedia.org&utm_campaign=api&utm_content=thumbnail
2832,Cubbon Park,Karnataka,attraction,12.977438,77.595058,budget,4.9,7830,"A sprawling 300-acre green lung created in 1870 by Major General Richard Sankey, housing over 6,000 indigenous and exotic trees, the Seshadri Iyer Memorial Hall, and scenic shaded avenues.",Oct-Feb,https://thumb.wikimedia.org/wikipedia/commons/thumb/d/d5/Cubbon_Park_W.jpg/960px-Cubbon_Park_W.jpg?utm_source=en.wikipedia.org&utm_campaign=api&utm_content=thumbnail
2833,Diamond District Bangalore,Karnataka,attraction,12.959318,77.643658,budget,4.4,2782,"One of Bangalore's landmark early IT and residential campuses built along the Old Airport Road, representing the dawn of India's Silicon Valley boom in the 1990s.",Oct-Feb,https://thumb.wikimedia.org/wikipedia/commons/thumb/0/02/Raja%27s_Seat_View_Point.jpg/960px-Raja%27s_Seat_View_Point.jpg?utm_source=en.wikipedia.org&utm_campaign=api&utm_content=thumbnail
2834,Dodda Basavana Gudi (Bull Temple),Karnataka,attraction,12.941897,77.567969,budget,4.8,5538,"Built in 1537 by Kempe Gowda I in Dravidian style, housing one of the world's largest monolithic Nandi bulls, carved out of single granite rock measuring 15 feet high and 20 feet long.",Oct-Mar,https://upload.wikimedia.org/wikipedia/commons/8/86/Dodda_Ganeshana_Gudi_Hindu_temple%2C_Basavanagudi%2C_Karnataka%2C_India.jpg?utm_source=en.wikipedia.org&utm_campaign=api&utm_content=thumbnail_unscaled
2835,Freedom Park Bengaluru,Karnataka,attraction,12.977792,77.582232,budget,4.9,11685,"Formerly the Central Jail of Bangalore built in 1867 where political leaders were detained during the Emergency, converted into a 21-acre public cultural park, museum, and amphitheater.",Oct-Feb,https://thumb.wikimedia.org/wikipedia/commons/thumb/1/1d/Entrance_of_Mahatma_Gandhi_Park%2C_Kollam.jpg/960px-Entrance_of_Mahatma_Gandhi_Park%2C_Kollam.jpg?utm_source=en.wikipedia.org&utm_campaign=api&utm_content=thumbnail
2836,Gandhi Bhavan Museum Bangalore,Karnataka,attraction,12.988024,77.58031,mid,4.2,1878,"Established in 1965 on the picturesque shores of the historic Kumara Krupa grounds, displaying rare photographs, letters, spinning wheels, and archival publications on Mahatma Gandhi.",Oct-Mar,https://thumb.wikimedia.org/wikipedia/commons/thumb/2/20/Main_Building_RMNH_Mysore_Aug24_A7CR_02127.jpg/960px-Main_Building_RMNH_Mysore_Aug24_A7CR_02127.jpg?utm_source=en.wikipedia.org&utm_campaign=api&utm_content=thumbnail
2837,HAL Heritage Centre and Aerospace Museum,Karnataka,attraction,12.955467,77.68077,mid,4.9,12888,"India's first aerospace museum established in 2001 by Hindustan Aeronautics Limited, showcasing historic aircraft like the Marut, Kiran, MiG-21, Canberra, and flight simulators.",Oct-Mar,https://thumb.wikimedia.org/wikipedia/commons/thumb/d/df/Yakshagana_artist%27s_mannequin_on_display_in_the_Janapada_Loka_%28Folk_art_museum%29.jpg/960px-Yakshagana_artist%27s_mannequin_on_display_in_the_Janapada_Loka_%28Folk_art_museum%29.jpg?utm_source=en.wikipedia.org&utm_campaign=api&utm_content=thumbnail
2838,IIM Bangalore Campus (Indian Institute of Management),Karnataka,homestay,12.895443,77.602158,budget,4.5,25748,"Spread over 100 lush green acres on Bannerghatta Road, designed by legendary Pritzker Prize laureate B.V. Doshi, featuring stone-pergola corridors, open courtyards, and deep integration with nature.",Oct-Feb,https://thumb.wikimedia.org/wikipedia/commons/thumb/5/52/Chinnaswamy_Stadium.jpg/960px-Chinnaswamy_Stadium.jpg?utm_source=en.wikipedia.org&utm_campaign=api&utm_content=thumbnail
2839,IISc Bangalore Heritage Campus,Karnataka,homestay,13.015509,77.56736,budget,4.7,22519,"Founded in 1909 through the visionary partnership of Jamsetji Tata and Maharaja Krishnaraja Wadiyar IV, a 400-acre academic forest campus featuring the iconic neo-classical Main Building and clock tower.",Oct-Feb,https://thumb.wikimedia.org/wikipedia/commons/thumb/5/52/Chinnaswamy_Stadium.jpg/960px-Chinnaswamy_Stadium.jpg?utm_source=en.wikipedia.org&utm_campaign=api&utm_content=thumbnail
2840,ISKCON Temple Bangalore,Karnataka,attraction,13.00956,77.55012,budget,4.5,13012,"Perched atop Hare Krishna Hill, one of the world's largest ISKCON temple complexes, consecrated in 1997 with a 56-foot gilded dhwaja-stambha, stunning chandeliers, and Vedic cultural halls.",Oct-Mar,https://thumb.wikimedia.org/wikipedia/commons/thumb/f/f1/ISKCON_Bangalore_Temple.jpg/960px-ISKCON_Bangalore_Temple.jpg?utm_source=en.wikipedia.org&utm_campaign=api&utm_content=thumbnail
2841,Jawaharlal Nehru Planetarium and Indira Gandhi Park,Karnataka,attraction,12.985382,77.590745,budget,4.4,20803,"Established in 1989 by Bangalore City Corporation, housing a 15-meter hybrid projection dome that displays immersive astronomy shows, accompanied by an open-air Science Park.",Oct-Feb,https://thumb.wikimedia.org/wikipedia/commons/thumb/9/90/Mayo_hall_cour_complex.jpg/960px-Mayo_hall_cour_complex.jpg?utm_source=en.wikipedia.org&utm_campaign=api&utm_content=thumbnail
2842,Jayamahal Garden,Karnataka,attraction,13.000405,77.598193,budget,4.7,3356,"A leafy neighborhood park tucked into the historic Jayamahal royal palace precinct, featuring walking pathways, stone benches, and blooming flowering shrubs.",Oct-Feb,https://thumb.wikimedia.org/wikipedia/commons/thumb/d/d5/Glasshouse_and_fountain_at_lalbagh.jpg/960px-Glasshouse_and_fountain_at_lalbagh.jpg?utm_source=en.wikipedia.org&utm_campaign=api&utm_content=thumbnail
2843,Jayaprakash Narayan Biodiversity Park (JP Park),Karnataka,attraction,13.033352,77.550468,budget,4.4,3211,"A 85-acre eco-park in north Bangalore featuring three freshwater lakes, indigenous tree plantations, a musical fountain, and specialized bamboo and medicinal gardens.",Oct-Feb,https://upload.wikimedia.org/wikipedia/commons/7/74/Lingambudhi_Lake_when_filled.jpeg?utm_source=en.wikipedia.org&utm_campaign=api&utm_content=thumbnail_unscaled
2844,Kanaka Sarovar Lake,Karnataka,attraction,13.046227,77.666364,budget,4.5,2893,"A quiet freshwater lake surrounded by walking tracks and wetlands near Kalyan Nagar, home to local and migratory waterbirds.",Oct-Feb,https://thumb.wikimedia.org/wikipedia/commons/thumb/4/44/Harangi_Reservoir%2C_Coorg.jpg/960px-Harangi_Reservoir%2C_Coorg.jpg?utm_source=en.wikipedia.org&utm_campaign=api&utm_content=thumbnail
2845,Koshy's Restaurant & Parade Cafe,Karnataka,restaurant,12.975861,77.601531,mid,4.9,26816,"Operating on St. Mark's Road since 1940, a cherished colonial-era restaurant where prime ministers, writers, artists, and journalists gather for mutton cutlets, stew, and appams.",Oct-Feb,https://images.unsplash.com/photo-1552566626-52f8b828add9?auto=format&fit=crop&w=1200&q=80
2846,Lalbagh Botanical Garden,Karnataka,attraction,12.95103,77.588355,mid,4.8,17301,"A 240-acre historic garden commissioned by Hyder Ali in 1760 and completed by Tipu Sultan, featuring over 1,850 plant species, centuries-old trees, and the iconic London Crystal Palace-inspired Glass House.",Oct-Feb,https://thumb.wikimedia.org/wikipedia/commons/thumb/d/d5/Glasshouse_and_fountain_at_lalbagh.jpg/960px-Glasshouse_and_fountain_at_lalbagh.jpg?utm_source=en.wikipedia.org&utm_campaign=api&utm_content=thumbnail
2847,Lalbagh Peninsular Gneiss Rock,Karnataka,attraction,12.948344,77.589693,budget,4.8,19537,"A prominent granite hillock inside Lalbagh designated as a National Geological Monument, dating back 3,000 million years to the Archean epoch with a Kempe Gowda watchtower on top.",Oct-Feb,https://thumb.wikimedia.org/wikipedia/commons/thumb/2/2a/Lalitha_Mahal_Palace_Hotel.jpg/960px-Lalitha_Mahal_Palace_Hotel.jpg?utm_source=en.wikipedia.org&utm_campaign=api&utm_content=thumbnail
2848,Lalbagh Waterfall and Lake,Karnataka,attraction,12.946069,77.586253,budget,4.9,9714,"The scenic southern water body inside Lalbagh Botanical Garden featuring an artificial waterfall, lotus ponds, and a bird refuge hosting spot-billed pelicans and purple moorhens.",Jul-Oct,https://thumb.wikimedia.org/wikipedia/commons/thumb/7/7a/Hebbe_Falls.JPG/960px-Hebbe_Falls.JPG?utm_source=en.wikipedia.org&utm_campaign=api&utm_content=thumbnail
2849,Lumbini Gardens and Nagavara Lake,Karnataka,attraction,13.044488,77.608723,budget,4.6,7611,"A public recreational eco-friendly waterfront park on the shores of Nagavara Lake along the Outer Ring Road, featuring pedestrian tracks, paddle boating, and amusement rides.",Oct-Feb,https://thumb.wikimedia.org/wikipedia/commons/thumb/f/f7/TGHallidam.JPG/960px-TGHallidam.JPG?utm_source=en.wikipedia.org&utm_campaign=api&utm_content=thumbnail
2850,M. Chinnaswamy Stadium,Karnataka,hotel,12.978771,77.599528,budget,4.4,29714,"Established in 1969 with a 40,000 seating capacity, home of Royal Challengers Bangalore (RCB) and world-renowned for being the first solar-powered international cricket ground with a SubAir drainage system.",Oct-Feb,https://thumb.wikimedia.org/wikipedia/commons/thumb/5/52/Chinnaswamy_Stadium.jpg/960px-Chinnaswamy_Stadium.jpg?utm_source=en.wikipedia.org&utm_campaign=api&utm_content=thumbnail
2851,MG Road Bangalore (Mahatma Gandhi Road),Karnataka,attraction,12.974914,77.609064,budget,4.9,9321,"The historic central commercial boulevard of Bangalore developed during the British Cantonment era, today lined with international fashion stores, silk emporiums, and metro stations.",Oct-Feb,https://thumb.wikimedia.org/wikipedia/commons/thumb/d/d1/Raaja_mahal_1.JPG/960px-Raaja_mahal_1.JPG?utm_source=en.wikipedia.org&utm_campaign=api&utm_content=thumbnail
2852,MN Krishna Rao Park,Karnataka,attraction,12.942535,77.575328,budget,4.0,913,"A 25-acre heritage park established in 1940 named after Dewan M.N. Krishna Rao, shaded by mature canopies of rain trees, tabebuias, and gulmohar.",Oct-Feb,https://thumb.wikimedia.org/wikipedia/commons/thumb/d/d5/Cubbon_Park_W.jpg/960px-Cubbon_Park_W.jpg?utm_source=en.wikipedia.org&utm_campaign=api&utm_content=thumbnail
2853,MTR Restaurant (Mavalli Tiffin Room),Karnataka,restaurant,12.955179,77.585506,mid,4.9,20968,"Founded in 1924 near Lalbagh, the historic inventor of Rava Idli during WWII wheat rations, famous for pure silver-service thalis and ghee-dripping masala dosas.",Oct-Feb,https://images.unsplash.com/photo-1555396273-367ea4eb4db5?auto=format&fit=crop&w=1200&q=80
2854,Muthyala Maduvu Waterfall (Pearl Valley),Karnataka,attraction,12.685396,77.663327,budget,4.0,1097,"A serene waterfall cascading down a 92-meter rock face nestled in a deep valley near Anekal, where thin cascading water droplets resemble strings of pearls ('Muthu').",Jul-Oct,https://thumb.wikimedia.org/wikipedia/commons/thumb/7/7a/Hebbe_Falls.JPG/960px-Hebbe_Falls.JPG?utm_source=en.wikipedia.org&utm_campaign=api&utm_content=thumbnail
2855,National Gallery of Modern Art (NGMA Bengaluru),Karnataka,attraction,12.989329,77.588081,budget,4.9,17075,"Housed in the restored 3.5-acre heritage Manikyavelu Mansion surrounded by century-old trees and mirror pools, displaying modern Indian art by Raja Ravi Varma, Jamini Roy, and Amrita Sher-Gil.",Oct-Feb,https://thumb.wikimedia.org/wikipedia/commons/thumb/d/df/Yakshagana_artist%27s_mannequin_on_display_in_the_Janapada_Loka_%28Folk_art_museum%29.jpg/960px-Yakshagana_artist%27s_mannequin_on_display_in_the_Janapada_Loka_%28Folk_art_museum%29.jpg?utm_source=en.wikipedia.org&utm_campaign=api&utm_content=thumbnail
2856,NIMHANS Convention Centre,Karnataka,attraction,12.943161,77.596371,budget,4.1,585,"An elite academic, scientific, and cultural convention center situated on the lush NIMHANS campus, hosting major medical conferences, national symposia, and cultural events.",Oct-Feb,https://thumb.wikimedia.org/wikipedia/commons/thumb/0/03/Pattadakal_000.JPG/960px-Pattadakal_000.JPG?utm_source=en.wikipedia.org&utm_campaign=api&utm_content=thumbnail
2857,Radisson Blu Atria Bengaluru,Karnataka,restaurant,12.976193,77.619401,mid,4.9,22446,"A centrally located hotel on Palace Road near Golf Course, featuring the signature One Atrium dining restaurant and Tea & Wine lounge.",Oct-Feb,https://images.unsplash.com/photo-1552566626-52f8b828add9?auto=format&fit=crop&w=1200&q=80
2858,Residency Road Bangalore,Karnataka,attraction,12.969837,77.60296,budget,4.1,680,"A historic artery in the heart of the Bangalore Cantonment, lined with premier heritage institutions (St. Joseph's), upscale hotels, handicraft emporiums, and iconic pubs.",Oct-Feb,https://thumb.wikimedia.org/wikipedia/commons/thumb/d/d1/Raaja_mahal_1.JPG/960px-Raaja_mahal_1.JPG?utm_source=en.wikipedia.org&utm_campaign=api&utm_content=thumbnail
2859,St. Mary's Basilica Shivajinagar,Karnataka,attraction,12.984387,77.604273,budget,4.9,29190,"Built in 1882, the oldest church in Bengaluru and the only church in Karnataka elevated to the status of a minor basilica, renowned for exquisite stained glass windows and annual St. Mary's Feast.",Oct-Feb,https://thumb.wikimedia.org/wikipedia/commons/thumb/f/fb/Shettihalli_Church..jpg/960px-Shettihalli_Church..jpg?utm_source=en.wikipedia.org&utm_campaign=api&utm_content=thumbnail
2860,Taj MG Road Bengaluru,Karnataka,restaurant,12.973266,77.619601,mid,4.9,12241,A prestigious luxury hotel on MG Road celebrated for signature dining experiences including Chinese fine dining at Memories of China and North Indian cuisine at Trinity Square.,Oct-Feb,https://images.unsplash.com/photo-1555396273-367ea4eb4db5?auto=format&fit=crop&w=1200&q=80
2861,The Leela Palace Bengaluru,Karnataka,restaurant,12.960263,77.648405,mid,4.9,12121,"A palatial luxury hotel inspired by the royal architectural grandeur of the Vijayanagara Empire and Mysore Palace, set in 7 acres of landscaped gardens with copper domes and brass sculptures.",Oct-Feb,https://images.unsplash.com/photo-1552566626-52f8b828add9?auto=format&fit=crop&w=1200&q=80
2862,The Oberoi Bengaluru,Karnataka,restaurant,12.973682,77.618226,mid,4.8,25950,"A premier luxury hotel built around a magnificent 120-year-old rain tree, renowned for landscaped tropical water gardens, and award-winning dining at Rim Naam and Polo Club.",Oct-Feb,https://images.unsplash.com/photo-1555396273-367ea4eb4db5?auto=format&fit=crop&w=1200&q=80
2863,The Park Hotel Bangalore,Karnataka,restaurant,12.974058,77.619486,mid,4.6,25992,"A vibrant boutique hotel designed by Conran & Partners featuring Italian restaurant Italia, 24-hour eatery Monsoon, and the chic poolside lounge bar Aqua.",Oct-Feb,https://images.unsplash.com/photo-1555396273-367ea4eb4db5?auto=format&fit=crop&w=1200&q=80
2864,Tipu Sultan Summer Palace,Karnataka,attraction,12.959277,77.57392,mid,4.8,27501,"Constructed entirely out of French-influenced teakwood between 1781 and 1791 within the Bengaluru Fort complex, featuring intricately carved pillars, fluted arches, and floral balconies.",Oct-Feb,https://thumb.wikimedia.org/wikipedia/commons/thumb/2/2a/Lalitha_Mahal_Palace_Hotel.jpg/960px-Lalitha_Mahal_Palace_Hotel.jpg?utm_source=en.wikipedia.org&utm_campaign=api&utm_content=thumbnail
2865,UB City Mall & Dining Bengaluru,Karnataka,attraction,12.971872,77.596123,budget,4.9,23936,"India's first luxury shopping mall spanning 1.6 million square feet with four architectural towers, housing flagship global luxury boutiques (Louis Vuitton, Rolex) and open-air amphitheater restaurants.",Oct-Feb,https://thumb.wikimedia.org/wikipedia/commons/thumb/6/67/Gagan_Mahal_palace%2C_Anegundi.jpg/960px-Gagan_Mahal_palace%2C_Anegundi.jpg?utm_source=en.wikipedia.org&utm_campaign=api&utm_content=thumbnail
2866,Vidhana Soudha Bengaluru,Karnataka,attraction,12.979595,77.590599,budget,4.4,6052,"Built in 1956 under Chief Minister Kengal Hanumanthaiah, the imposing seat of the state legislature of Karnataka showcasing magnificent Neo-Dravidian granite architecture.",Oct-Feb,https://thumb.wikimedia.org/wikipedia/commons/thumb/3/30/Night_in_Manipal.jpg/960px-Night_in_Manipal.jpg?utm_source=en.wikipedia.org&utm_campaign=api&utm_content=thumbnail
2867,Visvesvaraya Industrial & Technological Museum,Karnataka,attraction,12.974777,77.596482,mid,4.7,15043,"Established in 1965 in honor of Bharat Ratna Sir M. Visvesvaraya, featuring 7 interactive galleries spanning engine mechanics, aerospace, biotechnology, electro-technics, and space science.",Oct-Mar,https://thumb.wikimedia.org/wikipedia/commons/thumb/f/fa/Visvesvaraya_Industrial_and_Technological_Museum%2C_Bangalore_%282025%29_02.jpg/960px-Visvesvaraya_Industrial_and_Technological_Museum%2C_Bangalore_%282025%29_02.jpg?utm_source=en.wikipedia.org&utm_campaign=api&utm_content=thumbnail
2868,Barid Shahi Tombs Bidar,Karnataka,attraction,17.920134,77.503787,budget,4.9,24238,A sprawling 55-acre heritage garden park containing the monumental domed tombs of the Barid Shahi rulers who governed the Bidar Sultanate from 1487 to 1619.,Oct-Feb,https://thumb.wikimedia.org/wikipedia/commons/thumb/8/85/Sher_Shah_Suri_Tomb.jpg/960px-Sher_Shah_Suri_Tomb.jpg
2869,Bidar Fort,Karnataka,attraction,17.921091,77.530118,mid,4.5,26103,"Built in 1427 when Sultan Ahmad Shah Wali moved the Bahmani capital to Bidar, featuring 10 kilometers of red laterite ramparts, triple-layer defensive rock-cut moats, and the Rangin Mahal.",Oct-Feb,https://thumb.wikimedia.org/wikipedia/commons/thumb/3/3a/Gumbaz_Darwaza_of_the_Bidar_fort_%28cropped%29.jpg/960px-Gumbaz_Darwaza_of_the_Bidar_fort_%28cropped%29.jpg?utm_source=en.wikipedia.org&utm_campaign=api&utm_content=thumbnail
2870,Bandipur National Park,Karnataka,attraction,11.667188,76.628823,budget,4.9,21372,"An 874-square-kilometer national park established in 1974 under Project Tiger, forming a crucial part of the Nilgiri Biosphere Reserve along the Karnataka-Tamil Nadu border.",Oct-Feb,https://thumb.wikimedia.org/wikipedia/commons/thumb/8/89/Prince_in_the_Jungle_crop.jpg/960px-Prince_in_the_Jungle_crop.jpg?utm_source=en.wikipedia.org&utm_campaign=api&utm_content=thumbnail
2871,Bharachukki Waterfalls,Karnataka,attraction,12.289164,77.181798,budget,4.5,24759,"The wider, curving eastern branch of the Shivanasamudra Falls where the Kaveri cascades across a 250-meter rocky amphitheater resembling Niagara Falls.",Jul-Oct,https://upload.wikimedia.org/wikipedia/commons/d/dd/Gokak_Falls_During_Night.jpg?utm_source=en.wikipedia.org&utm_campaign=api&utm_content=thumbnail_unscaled
2872,Kemmangundi,Karnataka,attraction,13.51705,75.77137,budget,4.4,2164,"Kemmangundi, located in the Tarikere taluk of Chikmagalur district, is a breathtaking hill station in Karnataka. With a rich history dating back to the 16th century, Kemmangundi was a favorite summer retreat of Krishnaraja Wodeyar IV, the king of Mysore. The region is known for its stunning natural beauty, with the Western Ghats range surrounding it. The hills are covered with lush green forests, and the area is home to a variety of flora and fauna, making it a nature lover's paradise. Visitors can trek through the hills, go bird watching, take leisurely nature walks, and capture the stunning scenery through photography. The region has a pleasant climate throughout the year, making it an ideal destination for those seeking a peaceful getaway from the hustle and bustle of city life.",Oct-Feb,https://upload.wikimedia.org/wikipedia/commons/6/64/Kemmangundi_fog.JPG?utm_source=en.wikipedia.org&utm_campaign=api&utm_content=thumbnail_unscaled
2873,Kudremukh Peak & National Park,Karnataka,attraction,13.13,75.25,budget,4.9,13598,"Spanning 600 square kilometers across the Western Ghats, named after its distinct mountain peak shaped like a horse's face ('Kudre-mukh' in Kannada) rising to 6,214 feet (1,892 m), world-famous for rolling emerald shola grasslands and wild Bengal tigers.",Oct-Feb,https://thumb.wikimedia.org/wikipedia/commons/thumb/8/83/Kudremukh_national_park.jpg/960px-Kudremukh_national_park.jpg?utm_source=en.wikipedia.org&utm_campaign=api&utm_content=thumbnail
2874,Mullayanagiri Peak Chikmagalur,Karnataka,attraction,13.391667,75.721667,budget,4.9,29980,"Rising 6,317 feet (1,925 m) above sea level in the Chandra Drona hill range of the Western Ghats, the highest mountain summit in Karnataka, crowned by a small temple dedicated to Tapasvi Mullappa Swamy and offering sweeping 360-degree views of coffee estate valleys.",Oct-Feb,https://thumb.wikimedia.org/wikipedia/commons/thumb/5/5f/KuntiBetta01.jpg/960px-KuntiBetta01.jpg?utm_source=en.wikipedia.org&utm_campaign=api&utm_content=thumbnail
2875,Panambur Beach Mangalore,Karnataka,attraction,12.933333,74.8,budget,4.9,7405,"Recognized as one of the cleanest and safest beaches in coastal Karnataka, operated with professional lifeguards, offering jet skiing, parasailing, camel rides, and hosting the prestigious biennial International Kite Festival.",Oct-Feb,https://thumb.wikimedia.org/wikipedia/commons/thumb/4/49/Malpe_Beach_2.jpg/960px-Malpe_Beach_2.jpg?utm_source=en.wikipedia.org&utm_campaign=api&utm_content=thumbnail
2876,Hoysaleswara Temple Halebidu,Karnataka,attraction,13.216667,75.991667,budget,4.6,26303,"Inscribed as an UNESCO World Heritage Site in 2023, a 12th-century masterpiece of Hoysala architecture built on a star-shaped platform, featuring two identical shrines dedicated to Hoysaleswara and Santaleswara with thousands of intricate relief sculptures depicting epics, celestial maidens, and wildlife friezes.",Oct-Mar,https://thumb.wikimedia.org/wikipedia/commons/thumb/d/dd/Wide_angle_of_Galigopuram_of_Virupaksha_Temple%2C_Hampi_%2804%29_%28cropped%29.jpg/960px-Wide_angle_of_Galigopuram_of_Virupaksha_Temple%2C_Hampi_%2804%29_%28cropped%29.jpg?utm_source=en.wikipedia.org&utm_campaign=api&utm_content=thumbnail
2877,Gulbarga Fort and Great Mosque,Karnataka,attraction,17.340569,76.833164,mid,4.9,28817,"Originally built by Raja Gulchand of the Kakatiyas and strengthened in 1347 by Ala-ud-Din Bahman Shah, housing the unique Spanish Cordoba-inspired Jama Masjid with 68 domed bays.",Oct-Feb,https://thumb.wikimedia.org/wikipedia/commons/thumb/7/71/Charminar_Hyderabad_1.jpg/960px-Charminar_Hyderabad_1.jpg?utm_source=en.wikipedia.org&utm_campaign=api&utm_content=thumbnail
2878,Abbey Falls Coorg,Karnataka,attraction,12.455,75.718056,budget,4.8,7174,"Located 8 km from Madikeri, where numerous mountain streams unite to plunge 70 feet down a vertical rock face into a frothing pool, accessible via a private coffee and spice plantation walk and viewed from a hanging pedestrian bridge.",Oct-Feb,https://thumb.wikimedia.org/wikipedia/commons/thumb/4/4d/LUSHINGTON_FALLS-UNCHALLI.JPG/960px-LUSHINGTON_FALLS-UNCHALLI.JPG?utm_source=en.wikipedia.org&utm_campaign=api&utm_content=thumbnail
2879,Brindavan Gardens Mysore,Karnataka,attraction,12.42227,76.572648,budget,4.9,10686,"Laid out in 1932 beneath the massive Krishna Raja Sagara (KRS) dam across the Kaveri River, spanning 60 acres of symmetrical terraces, illuminated fountains, and music-synchronized water shows.",Oct-Feb,https://upload.wikimedia.org/wikipedia/commons/1/11/Bhadra_River_Project_Dam.jpg?utm_source=en.wikipedia.org&utm_campaign=api&utm_content=thumbnail_unscaled
2880,Cauvery Split Katte (Shivanasamudra River Confluence),Karnataka,attraction,12.260639,77.168569,budget,4.2,1485,"The serene point where the holy Kaveri River splits into twin branches encircling the sacred island of Shivanasamudra, forming the Gaganachukki and Bharachukki cascades.",Oct-Feb,https://upload.wikimedia.org/wikipedia/commons/8/81/Bettesha.JPG?utm_source=en.wikipedia.org&utm_campaign=api&utm_content=thumbnail_unscaled
2881,Colonel Bailey's Dungeon,Karnataka,attraction,12.426608,76.679053,budget,4.1,499,"An underground vaulted brick dungeon below the river ramparts where Tipu Sultan held British prisoners of war (including Colonel Bailey, who died here in 1782) chained to stone slabs.",Oct-Feb,https://thumb.wikimedia.org/wikipedia/commons/thumb/e/ec/Colonel_Bailey%27s_Dungeon_-_Ground_View.jpg/960px-Colonel_Bailey%27s_Dungeon_-_Ground_View.jpg?utm_source=en.wikipedia.org&utm_campaign=api&utm_content=thumbnail
2882,Daria Daulat Bagh (Tipu Sultan Summer Palace),Karnataka,attraction,12.419705,76.696446,mid,4.7,16383,"Built in 1784 set amidst manicured Mughal-style gardens, an exquisite teakwood summer palace renowned for wall-to-wall canvas murals depicting the Battle of Pollilur (1780).",Oct-Feb,https://thumb.wikimedia.org/wikipedia/commons/thumb/d/da/Gumbaj_containing_tomb_of_Tipu_Sultan.jpg/960px-Gumbaj_containing_tomb_of_Tipu_Sultan.jpg?utm_source=en.wikipedia.org&utm_campaign=api&utm_content=thumbnail
2883,Gaganachukki Waterfalls,Karnataka,attraction,12.295951,77.166318,budget,4.5,24561,A thunderous 98-meter segmented waterfall where the Kaveri River plunges off the Deccan Plateau through a deep rocky gorge into a foaming emerald pool.,Jul-Oct,https://upload.wikimedia.org/wikipedia/commons/b/b3/Jhari_Falls_2k22.jpg?utm_source=en.wikipedia.org&utm_campaign=api&utm_content=thumbnail_unscaled
2884,Melukote,Karnataka,attraction,12.66241,76.64965,budget,4.6,2806,"Melukote, situated in the Mandya district of Karnataka, is a tranquil hill town that boasts a rich history, cultural significance, and breathtaking natural beauty. This ancient town is home to the famous Cheluvanarayana Swamy Temple, a prominent pilgrimage site, and the Yoganarasimha Temple, which attracts devotees and architecture enthusiasts alike. The town's stunning landscape, with its lush green forests, rolling hills, and scenic valleys, offers a perfect setting for nature walks, photography, and bird watching. With its unique blend of history, culture, and natural beauty, Melukote is an ideal destination for those seeking a peaceful retreat from the hustle and bustle of city life.",Oct-Feb,https://thumb.wikimedia.org/wikipedia/commons/thumb/1/11/Melukotetemple.jpg/960px-Melukotetemple.jpg?utm_source=en.wikipedia.org&utm_campaign=api&utm_content=thumbnail
2885,Mysore Lotus Pond Srirangapatna,Karnataka,attraction,12.423849,76.655483,budget,4.6,6532,"A serene historic stone water pond in Srirangapatna blooming with pink and white sacred lotus blossoms, surrounded by flowering trees.",Oct-Feb,https://thumb.wikimedia.org/wikipedia/commons/thumb/e/ef/Yoga_Narasimha_Temple_Devarayanadurga.JPG/960px-Yoga_Narasimha_Temple_Devarayanadurga.JPG?utm_source=en.wikipedia.org&utm_campaign=api&utm_content=thumbnail
2886,Ranganathittu Bird Sanctuary,Karnataka,attraction,12.42,76.65,budget,4.5,17929,"Formed in 1648 when a weir was built across the sacred Kaveri River, an internationally recognized Ramsar wetland site comprising six riverine islets that serve as a crucial breeding ground for painted storks, spoonbills, and black-headed ibises alongside resident mugger crocodiles.",Oct-Feb,https://thumb.wikimedia.org/wikipedia/commons/thumb/7/75/Spot-billed_Pelican_Rising_Flight_Ranganathittu_Feb24_D72_26266.jpg/960px-Spot-billed_Pelican_Rising_Flight_Ranganathittu_Feb24_D72_26266.jpg?utm_source=en.wikipedia.org&utm_campaign=api&utm_content=thumbnail
2887,Shivanasamudra Falls,Karnataka,attraction,12.29167,77.175,budget,4.0,1168,"Shivanasamudra Falls, located in the Mandya district of Karnataka, is a breathtaking waterfall that attracts visitors from all over the world. The falls are surrounded by lush green forests, steep rocks, and rolling hills, creating a picturesque landscape that is perfect for nature lovers and adventure seekers. The waterfall is formed by the Kaveri River, which splits into two branches, creating two separate falls, the Gaganachukki and the Bharachukki. The falls are surrounded by a variety of flora and fauna, making it a great spot for bird watching and nature photography. The best time to visit Shivanasamudra Falls is during the monsoon season, when the water level is at its peak and the surrounding landscape is lush and green.",Oct-Feb,https://upload.wikimedia.org/wikipedia/commons/d/dd/Gokak_Falls_During_Night.jpg?utm_source=en.wikipedia.org&utm_campaign=api&utm_content=thumbnail_unscaled
2888,Sri Ranganathaswamy Temple Srirangapatna,Karnataka,attraction,12.424999,76.679414,budget,4.6,19501,"Consecrated in 984 CE by the Western Ganga dynasty and expanded by Hoysalas and Vijayanagara kings, one of the five sacred 'Pancharanga Kshetrams' dedicated to Lord Vishnu reclining on Adisesha.",Oct-Mar,https://thumb.wikimedia.org/wikipedia/commons/thumb/f/f1/ISKCON_Bangalore_Temple.jpg/960px-ISKCON_Bangalore_Temple.jpg?utm_source=en.wikipedia.org&utm_campaign=api&utm_content=thumbnail
2889,Srirangapatna Breach Commemorative Obelisk,Karnataka,attraction,12.424898,76.674684,budget,4.1,230,"A historic granite obelisk monument marking the exact breach in the fortress walls where British forces stormed Srirangapatna on May 4, 1799, and where Tipu Sultan was slain.",Oct-Feb,https://thumb.wikimedia.org/wikipedia/commons/thumb/8/8f/Bangalore_Mysore_Maharaja_Palace.jpg/960px-Bangalore_Mysore_Maharaja_Palace.jpg?utm_source=en.wikipedia.org&utm_campaign=api&utm_content=thumbnail
2890,Srirangapatna Fort and Tipu Sultan Palace Ruins,Karnataka,attraction,12.425812,76.68809,mid,4.9,7940,"The historic citadel built in 1454 by Timmanna Hebbar and fortified by French engineers for Tipu Sultan, featuring triple-layer stone moats, subterranean dungeons, and Lal Mahal palace foundations.",Oct-Feb,https://thumb.wikimedia.org/wikipedia/commons/thumb/1/13/Tippu_Sultan%27s_Summer_palace.jpg/960px-Tippu_Sultan%27s_Summer_palace.jpg?utm_source=en.wikipedia.org&utm_campaign=api&utm_content=thumbnail
2891,Srirangapatna Historic Island Town,Karnataka,attraction,12.422652,76.684247,budget,4.4,24901,"An egg-shaped island in the Kaveri River that served as the de facto capital of Mysore under Hyder Ali and Tipu Sultan, steeped in Hoysala, Vijayanagara, and Sultanate history.",Oct-Feb,https://upload.wikimedia.org/wikipedia/commons/d/d8/Tannirubhavi_beach_02.JPG?utm_source=en.wikipedia.org&utm_campaign=api&utm_content=thumbnail_unscaled
2892,Srirangapatna Jama Masjid (Masjid-i-Ala),Karnataka,attraction,12.422441,76.689046,budget,4.9,28945,"Constructed in 1782 by Tipu Sultan, an imposing mosque featuring two soaring octagonal minarets with pigeonholes, clock faces, and 98 steps ascending to panoramic island views.",Oct-Feb,https://thumb.wikimedia.org/wikipedia/commons/thumb/4/4e/Buland_Darwaza_Fatehpur_Sikri.jpg/960px-Buland_Darwaza_Fatehpur_Sikri.jpg
2893,Tipu Sultan Museum Daria Daulat Bagh,Karnataka,attraction,12.418014,76.696228,mid,4.7,7675,"Housed on the upper floor of Daria Daulat Bagh, displaying authentic oil paintings, Sir Eyre Coote portraits, Persian decrees, Tipu Sultan's personal clothes, swords, and war medals.",Oct-Mar,https://thumb.wikimedia.org/wikipedia/commons/thumb/9/90/Mayo_hall_cour_complex.jpg/960px-Mayo_hall_cour_complex.jpg?utm_source=en.wikipedia.org&utm_campaign=api&utm_content=thumbnail
2894,Tipu Sultan Resting Place (Gumbaz Srirangapatna),Karnataka,attraction,12.411289,76.713447,budget,4.9,10708,"Built in 1784 by Tipu Sultan as a mausoleum for his parents and later for himself, set within a Persian-style garden with 36 polished black hornblende pillars, ebony doors inlaid with ivory, and a grand dome.",Oct-Feb,https://thumb.wikimedia.org/wikipedia/commons/thumb/d/da/Udupi_Krishna_Temple.jpg/960px-Udupi_Krishna_Temple.jpg?utm_source=en.wikipedia.org&utm_campaign=api&utm_content=thumbnail
2895,Chennakeshava Swamy Temple Somanathapura,Karnataka,attraction,12.275583,76.881902,budget,4.9,13019,"Consecrated in 1268 CE by Soma, a general under Hoysala King Narasimha III, an UNESCO-inscribed star-shaped trikuta temple exhibiting the apex of Hoysala stone relief carving.",Oct-Mar,https://thumb.wikimedia.org/wikipedia/commons/thumb/0/09/Igguthappa_Wayanattu_kulavan.jpg/960px-Igguthappa_Wayanattu_kulavan.jpg?utm_source=en.wikipedia.org&utm_campaign=api&utm_content=thumbnail
2896,Devaraja Market (Mysore City Centre Market),Karnataka,attraction,12.308471,76.652981,budget,4.9,21236,"Established during the reign of Chamarajendra Wadiyar IX in the late 19th century, a bustling 3-acre heritage market packed with over 800 stalls of fragrant Mysore jasmine, kumkum pyramids, and betel leaves.",Oct-Feb,https://thumb.wikimedia.org/wikipedia/commons/thumb/2/25/Devaraja_Market%2C_Mysore_%28306989724%29.jpg/960px-Devaraja_Market%2C_Mysore_%28306989724%29.jpg?utm_source=en.wikipedia.org&utm_campaign=api&utm_content=thumbnail
2897,Mysore Boating Karanji Lake,Karnataka,attraction,12.424539,76.652901,budget,4.4,20955,"A 90-acre scenic lake at the base of Chamundi Hills, home to India's largest walk-through aviary, a butterfly park, and pedal boating on tranquil waters.",Oct-Feb,https://thumb.wikimedia.org/wikipedia/commons/thumb/9/9e/Kanva_dam.jpg/960px-Kanva_dam.jpg?utm_source=en.wikipedia.org&utm_campaign=api&utm_content=thumbnail
2898,Mysore Chamundeshwari Temple,Karnataka,attraction,12.272695,76.670673,budget,4.9,28496,"Perched at 3,300 feet atop Chamundi Hills, an ancient 12th-century temple dedicated to Goddess Chamundeshwari (Durga), featuring a grand 7-tier gopuram built by the Maharaja of Mysore.",Oct-Mar,https://thumb.wikimedia.org/wikipedia/commons/thumb/1/13/Chandramouleshware_Temple.JPG/960px-Chandramouleshware_Temple.JPG?utm_source=en.wikipedia.org&utm_campaign=api&utm_content=thumbnail
2899,Mysore Chikka Gadiyara Market (Dufferin Clock Tower),Karnataka,attraction,12.309755,76.652156,budget,4.0,377,"The historic 1886 ornate Victorian clock tower erected in honor of Viceroy Lord Dufferin, marking the northern entrance to the vibrant Devaraja Market.",Oct-Feb,https://upload.wikimedia.org/wikipedia/commons/8/81/Bettesha.JPG?utm_source=en.wikipedia.org&utm_campaign=api&utm_content=thumbnail_unscaled
2900,Mysore Jaganmohan Palace and Art Gallery,Karnataka,attraction,12.306788,76.649874,mid,4.9,18223,"Completed in 1861 as an alternate royal residence, home to one of South India's richest art museums showcasing original oil paintings by Raja Ravi Varma, including 'Glow of Hope'.",Oct-Feb,https://thumb.wikimedia.org/wikipedia/commons/thumb/a/ac/Flat_elevation_of_Lotus_Mahal%2C_Hampi_%28Closeup%29.jpg/960px-Flat_elevation_of_Lotus_Mahal%2C_Hampi_%28Closeup%29.jpg?utm_source=en.wikipedia.org&utm_campaign=api&utm_content=thumbnail
2901,Mysore Mahadevpura Shooting Spot - Coconut Park,Karnataka,attraction,12.389278,76.792725,budget,4.0,516,"A tranquil coconut palm plantation situated along the meandering Kaveri River near Mahadevapura, famous as an idyllic backdrop for scores of South Indian movies.",Oct-Feb,https://upload.wikimedia.org/wikipedia/commons/7/74/Lingambudhi_Lake_when_filled.jpeg?utm_source=en.wikipedia.org&utm_campaign=api&utm_content=thumbnail_unscaled
2902,Mysore Mahishasura Statue,Karnataka,attraction,12.274848,76.670989,budget,4.7,21433,"The brightly painted colossal statue of the demon Mahishasura holding a sword and snake, erected in 1659 by Dodda Devaraja Wadiyar atop Chamundi Hill.",Oct-Feb,https://upload.wikimedia.org/wikipedia/commons/6/64/Kemmangundi_fog.JPG?utm_source=en.wikipedia.org&utm_campaign=api&utm_content=thumbnail_unscaled
2903,Mysore Nandi Statue,Karnataka,attraction,12.279167,76.667843,budget,4.9,19305,"Carved in 1659 out of a single black basalt granite outcrop on the 700th step of Chamundi Hill, one of India's largest monolithic Nandi bulls measuring 16 feet tall and 24 feet long.",Oct-Feb,https://thumb.wikimedia.org/wikipedia/commons/thumb/1/17/Tadiandamol_Valley%2C_Western_Ghats.jpg/960px-Tadiandamol_Valley%2C_Western_Ghats.jpg?utm_source=en.wikipedia.org&utm_campaign=api&utm_content=thumbnail
2904,Mysore Palace (Amba Vilas Palace),Karnataka,attraction,12.304806,76.655967,mid,4.5,110737,"Designed by British architect Henry Irwin and completed in 1912, the official residence of the Wadiyar dynasty showcasing Indo-Saracenic grandeur, stained glass domes, ivory doors, and golden thrones.",Oct-Feb,https://thumb.wikimedia.org/wikipedia/commons/thumb/a/a4/Mysore_Palace_Morning.jpg/960px-Mysore_Palace_Morning.jpg?utm_source=en.wikipedia.org&utm_campaign=api&utm_content=thumbnail
2905,Mysore Railway Museum,Karnataka,attraction,12.316538,76.643818,mid,4.4,8652,"Established in 1979 by Indian Railways, India's second oldest railway museum displaying the 1899 Maharani's Saloon dining carriage, vintage steam locomotives, and an operating mini-train.",Oct-Mar,https://thumb.wikimedia.org/wikipedia/commons/thumb/2/20/Main_Building_RMNH_Mysore_Aug24_A7CR_02127.jpg/960px-Main_Building_RMNH_Mysore_Aug24_A7CR_02127.jpg?utm_source=en.wikipedia.org&utm_campaign=api&utm_content=thumbnail
2906,Mysore Shukavana Bird Park,Karnataka,attraction,12.284384,76.656957,budget,4.5,16064,"An internationally acclaimed walk-through aviary holding the Guinness World Record for the most bird species in an aviary (over 460 species), established by Sri Ganapathy Sachchidananda Swamiji.",Oct-Feb,https://upload.wikimedia.org/wikipedia/commons/7/74/Lingambudhi_Lake_when_filled.jpeg?utm_source=en.wikipedia.org&utm_campaign=api&utm_content=thumbnail_unscaled
2907,Mysore Sunset Point Chamundi Hill,Karnataka,attraction,12.271847,76.669497,budget,4.6,7289,"A scenic roadside mountain overlook perched halfway down Chamundi Hills, offering sweeping panoramic views of Mysore Palace, Lalitha Mahal, and Karanji Lake.",Oct-Feb,https://upload.wikimedia.org/wikipedia/commons/6/64/Kemmangundi_fog.JPG?utm_source=en.wikipedia.org&utm_campaign=api&utm_content=thumbnail_unscaled
2908,Mysore Zam Zam Bazar,Karnataka,attraction,12.319018,76.654426,budget,4.6,6770,"A lively traditional shopping bazaar near St. Philomena's Cathedral known for Mysore silk sarees, sandalwood perfumes, attar oils, and local Muslim street delicacies.",Oct-Feb,https://thumb.wikimedia.org/wikipedia/commons/thumb/f/fb/Shettihalli_Church..jpg/960px-Shettihalli_Church..jpg?utm_source=en.wikipedia.org&utm_campaign=api&utm_content=thumbnail
2909,Mysore Zoo (Sri Chamarajendra Zoological Gardens),Karnataka,attraction,12.300125,76.668616,mid,4.9,12296,"Established in 1892 by Maharaja Chamarajendra Wadiyar, one of the oldest, most beautifully landscaped zoos in the world, spanning 157 acres housing gorillas, giraffes, white tigers, and elephants.",Oct-Feb,https://thumb.wikimedia.org/wikipedia/commons/thumb/6/63/Entrance_of_Mysore_Zoo.jpg/960px-Entrance_of_Mysore_Zoo.jpg?utm_source=en.wikipedia.org&utm_campaign=api&utm_content=thumbnail
2910,St. Philomena's Cathedral Mysore,Karnataka,attraction,12.32103,76.658216,budget,4.9,25871,"Constructed in 1936 under Maharaja Nalvadi Krishnaraja Wadiyar inspired by Germany's Cologne Cathedral, one of Asia's tallest churches with soaring 175-foot twin spires.",Oct-Feb,https://thumb.wikimedia.org/wikipedia/commons/thumb/f/fb/Shettihalli_Church..jpg/960px-Shettihalli_Church..jpg?utm_source=en.wikipedia.org&utm_campaign=api&utm_content=thumbnail
2911,Talakkadu Panchalinga Temples,Karnataka,attraction,12.180243,77.027558,budget,4.9,16620,"An enigmatic historic town on the banks of the Kaveri River where over 30 ancient temples dating from the Ganga, Chola, and Hoysala dynasties remain buried beneath shifting sand dunes.",Oct-Mar,https://thumb.wikimedia.org/wikipedia/commons/thumb/6/6c/Namada_Chilume.jpg/960px-Namada_Chilume.jpg?utm_source=en.wikipedia.org&utm_campaign=api&utm_content=thumbnail
2912,BLR-MYS Highway Hillpoint View (Ramadevara Betta),Karnataka,attraction,12.744711,77.276018,budget,4.9,16899,"A dramatic granite outcrop at Ramanagara along the Bengaluru-Mysuru corridor, famed as India's only dedicated Long-billed Vulture Sanctuary and the iconic filming location for the movie 'Sholay'.",Oct-Feb,https://thumb.wikimedia.org/wikipedia/commons/thumb/7/75/Spot-billed_Pelican_Rising_Flight_Ranganathittu_Feb24_D72_26266.jpg/960px-Spot-billed_Pelican_Rising_Flight_Ranganathittu_Feb24_D72_26266.jpg?utm_source=en.wikipedia.org&utm_campaign=api&utm_content=thumbnail
2913,Wonderla Amusement Park Bangalore,Karnataka,attraction,12.834156,77.401027,mid,4.9,16131,"India's top-rated amusement and water theme park spanning 82 acres on Mysore Road, featuring over 60 high-thrill roller coasters, reverse loops, wave pools, and water slides.",Oct-Feb,https://thumb.wikimedia.org/wikipedia/commons/thumb/1/1d/Entrance_of_Mahatma_Gandhi_Park%2C_Kollam.jpg/960px-Entrance_of_Mahatma_Gandhi_Park%2C_Kollam.jpg?utm_source=en.wikipedia.org&utm_campaign=api&utm_content=thumbnail
2914,Honnemardu,Karnataka,attraction,14.17815,74.87629,budget,4.6,4588,"Honnemardu, a quaint town in the Shimoga district of Karnataka, is nestled in the Western Ghats mountain range. The town is surrounded by lush green forests, rolling hills, and the tranquil backwaters of the Linganamakki dam, creating a picturesque landscape that is perfect for nature lovers and adventure seekers. With its rich biodiversity, Honnemardu is a haven for bird watchers, with over 200 species of birds documented in the area. The region's unique geography and climate also make it an ideal destination for trekking, kayaking, and other outdoor activities. As the sun sets over the backwaters, the sky is painted with hues of orange and pink, making Honnemardu a photographer's paradise.",Oct-Feb,https://thumb.wikimedia.org/wikipedia/commons/thumb/1/16/Honnemoredu.jpg/960px-Honnemoredu.jpg?utm_source=en.wikipedia.org&utm_campaign=api&utm_content=thumbnail
2915,Agumbe Rainforest & Barkana Falls,Karnataka,attraction,13.5,75.09,budget,4.8,22658,"Known as the 'Cherrapunji of the South', one of the wettest places in India receiving over 7,000 mm of annual rainfall, home to dense virgin rainforests, the Agumbe Rainforest Research Station (ARRS) studying wild King Cobras, Barkana Falls (850 ft), and sunset viewpoints over the Arabian Sea.",Oct-Feb,https://upload.wikimedia.org/wikipedia/commons/d/dd/Gokak_Falls_During_Night.jpg?utm_source=en.wikipedia.org&utm_campaign=api&utm_content=thumbnail_unscaled
2916,Jog Falls Shivamogga,Karnataka,attraction,14.228056,74.812778,budget,4.7,22587,"Plunging 253 meters (830 ft) in a thunderous sheer drop down rugged Western Ghats cliffs on the Sharavathi River, formed by four distinct roaring cascades named Raja, Roarer, Rocket, and Rani.",Oct-Feb,https://thumb.wikimedia.org/wikipedia/commons/thumb/b/b3/Jog_Falls_Karnataka.jpg/960px-Jog_Falls_Karnataka.jpg
2917,Devarayanadurga,Karnataka,attraction,13.37267,77.20759,budget,4.2,722,"The shaded natural perennial spring emerging from a solid rock fissure, flanked by deciduous forest tracks and ancient deer sanctuaries.",Oct-Feb,https://thumb.wikimedia.org/wikipedia/commons/thumb/e/ef/Yoga_Narasimha_Temple_Devarayanadurga.JPG/960px-Yoga_Narasimha_Temple_Devarayanadurga.JPG?utm_source=en.wikipedia.org&utm_campaign=api&utm_content=thumbnail
2918,Madhugiri Monolith,Karnataka,attraction,13.66,77.21,budget,4.4,1272,"The Madhugiri Monolith, a 3930 feet tall monolithic granite hill, is a trekker's paradise in the Tumkur district of Karnataka. This gigantic rock structure, one of the largest in Asia, has been a focal point of historical and cultural significance. The hill is surrounded by the remains of the Gopalakrishna temple and the Madhugiri Fort, which date back to the 17th century, offering a glimpse into the region's rich history. As visitors ascend the monolith, they are rewarded with breathtaking views of the surrounding landscape, making it an ideal destination for adventure seekers, nature lovers, and those seeking a spiritual connection with the great outdoors.",Oct-Feb,https://thumb.wikimedia.org/wikipedia/commons/thumb/b/bd/Ghati_Subramanya_Temple.JPG/960px-Ghati_Subramanya_Temple.JPG?utm_source=en.wikipedia.org&utm_campaign=api&utm_content=thumbnail
2919,Maravanthe Beach & Coastal Highway,Karnataka,attraction,13.63,74.69,budget,4.9,28342,"One of India's most scenic coastal stretches along National Highway 66, where the highway runs along a narrow natural strip with the roaring waves of the Arabian Sea on one side and the calm freshwater Souparnika River on the other.",Oct-Feb,https://thumb.wikimedia.org/wikipedia/commons/thumb/4/49/Malpe_Beach_2.jpg/960px-Malpe_Beach_2.jpg?utm_source=en.wikipedia.org&utm_campaign=api&utm_content=thumbnail
2920,Banavasi,Karnataka,attraction,14.53897,75.01298,budget,4.1,458,"Banavasi, nestled in the Uttara Kannada district of Karnataka, is a treasure trove of ancient history, spiritual significance, and cultural richness. This quaint village is often referred to as the 'first capital' of ancient Karnataka, with its roots dating back to the Kadamba dynasty. The village is home to the revered Madhukeshwara Temple, a 9th-century shrine dedicated to Lord Shiva, which attracts devotees and history enthusiasts alike. As you wander through the village, you'll discover a plethora of ancient temples, each with its unique architectural style and historical significance, making Banavasi an ideal destination for those seeking a spiritual and culturally enriching experience. The village's tranquil atmosphere, surrounded by lush green forests and rolling hills, also provides an ideal setting for meditation, yoga, and photography, allowing visitors to reconnect with nature and their inner selves.",Oct-Feb,https://thumb.wikimedia.org/wikipedia/commons/thumb/0/02/Banavasi_Madhukeshwara_temple.JPG/960px-Banavasi_Madhukeshwara_temple.JPG?utm_source=en.wikipedia.org&utm_campaign=api&utm_content=thumbnail
2921,Dandeli,Karnataka,attraction,15.24903,74.6236,budget,4.7,3750,"Dandeli, situated in the Uttara Kannada district of Karnataka, is a haven for adventure seekers and nature lovers. With its dense forests, teeming with wildlife, and the Kali River flowing gently through it, Dandeli offers an unforgettable experience. The region is known for its rich biodiversity, and the Dandeli Wildlife Sanctuary, which is home to animals like the black panther, elephant, and bison. The sanctuary is also a bird watcher's delight, with over 200 species of birds, including the rare hornbill. Visitors can explore the forest's depths by trekking through its numerous trails, which offer breathtaking views of the surrounding landscape.",Oct-Feb,https://upload.wikimedia.org/wikipedia/commons/5/53/Dandeli_1.jpg?utm_source=en.wikipedia.org&utm_campaign=api&utm_content=thumbnail_unscaled
2922,Gokarna,Karnataka,attraction,14.5479,74.3188,budget,4.5,7828,"A working pilgrimage town with a string of crescent beaches strung along cliffs to the south. The vibe is barefoot, slow and unmistakably Indian — chai shacks, fishing boats and rocks lit copper at sunset.",Oct-Feb,https://thumb.wikimedia.org/wikipedia/commons/thumb/f/fb/Karigatte_temple.JPG/960px-Karigatte_temple.JPG?utm_source=en.wikipedia.org&utm_campaign=api&utm_content=thumbnail
2923,Karwar Beach,Karnataka,attraction,14.8,74.13,budget,4.1,672,"Karwar Beach, situated in the Uttara Kannada district of Karnataka, is a tranquil getaway nestled between the Western Ghats and the Arabian Sea. This picturesque beach town offers a unique blend of natural beauty, rich history, and cultural significance. With its stunning coastline, scenic islands, and historical landmarks, Karwar Beach is an ideal destination for those seeking to escape the chaos of city life and connect with nature. The beach is lined with casuarina trees, and its shoreline is dotted with rocky outcrops, making it a perfect spot for swimming, sunbathing, and leisurely walks.",Oct-Feb,https://thumb.wikimedia.org/wikipedia/commons/thumb/2/29/Karwar_Evening.jpg/960px-Karwar_Evening.jpg?utm_source=en.wikipedia.org&utm_campaign=api&utm_content=thumbnail
2924,Murudeshwar Temple & Raja Gopura,Karnataka,attraction,14.094444,74.484722,budget,4.9,14285,"Situated on Kanduka Hill surrounded on three sides by the Arabian Sea, featuring the world's second-tallest Shiva statue soaring 123 feet (37 m) and an astounding 20-storey high Raja Gopura (249 ft) equipped with high-speed passenger elevators.",Oct-Mar,https://thumb.wikimedia.org/wikipedia/commons/thumb/1/13/Chandramouleshware_Temple.JPG/960px-Chandramouleshware_Temple.JPG?utm_source=en.wikipedia.org&utm_campaign=api&utm_content=thumbnail
2925,Yana Rocks,Karnataka,attraction,14.5897,74.56625,budget,4.4,549,"Yana Rocks, nestled in the Sahyadri mountain range of Karnataka, is a breathtaking destination known for its unique limestone formations and lush green forests. The site is home to two massive monolithic rocks, Bhairaveshwara and Mohiniyattam, which are not only a marvel of nature but also hold significant spiritual and cultural importance. As visitors wander through the forests surrounding Yana, they can immerse themselves in the serene beauty of nature, observe the rich biodiversity of the region, and catch glimpses of the local wildlife, making it an ideal spot for those who seek to connect with nature and experience the authentic charm of rural Karnataka.",Oct-Feb,https://upload.wikimedia.org/wikipedia/commons/5/53/Dandeli_1.jpg?utm_source=en.wikipedia.org&utm_campaign=api&utm_content=thumbnail_unscaled
2926,Hampi Group of Monuments,Karnataka,attraction,15.335,76.46,mid,4.9,11900,"Sprawling over 4,100 hectares amidst surreal boulder-strewn hills along the Tungabhadra River, the UNESCO World Heritage capital of the Vijayanagara Empire, featuring the iconic Stone Chariot at Vijaya Vittala Temple, Virupaksha Temple, Lotus Mahal, and Elephant Stables.",Oct-Mar,https://thumb.wikimedia.org/wikipedia/commons/thumb/a/af/Stone_Chariot_Hampi.jpg/960px-Stone_Chariot_Hampi.jpg
2927,Gol Gumbaz Vijayapura (Bijapur),Karnataka,attraction,16.830556,75.736111,budget,4.9,27417,"Completed in 1656 as the mausoleum of Sultan Mohammed Adil Shah, featuring the second-largest unsupported dome in the world (44 meters external diameter) constructed without pillars, world-famous for its Whispering Gallery.",Oct-Feb,https://thumb.wikimedia.org/wikipedia/commons/thumb/6/69/Gol_Gumbaz_Bijapur.jpg/960px-Gol_Gumbaz_Bijapur.jpg
2928,Badami Caves,Karnataka,attraction,13.443,76.6339,budget,4.9,21980,"Badami Caves is a premier cave destination in Bagalkot, Karnataka. Renowned as a prominent landmark in regional tourism (Heritage), it welcomes visitors seeking authentic cultural immersion, picturesque vistas, and rich historic heritage.",Oct-Feb,https://thumb.wikimedia.org/wikipedia/commons/thumb/7/7b/Vishnu_image_inside_cave_number_3_in_Badami.jpg/960px-Vishnu_image_inside_cave_number_3_in_Badami.jpg?utm_source=en.wikipedia.org&utm_campaign=api&utm_content=thumbnail
2929,Pattadakal,Karnataka,attraction,13.4685,76.6684,budget,4.9,26919,"Pattadakal is a premier heritage destination in Bagalkot, Karnataka. Renowned as a prominent landmark in regional tourism (UNESCO Heritage), it welcomes visitors seeking authentic cultural immersion, picturesque vistas, and rich historic heritage.",Oct-Feb,https://thumb.wikimedia.org/wikipedia/commons/thumb/0/03/Pattadakal_000.JPG/960px-Pattadakal_000.JPG?utm_source=en.wikipedia.org&utm_campaign=api&utm_content=thumbnail
2930,Aihole,Karnataka,attraction,13.494,76.7029,budget,4.9,23467,"The quiet, non-ticketed stone temple groups scattered along the Malaprabha River banks away from the main Durga Temple compound, retaining untouched Chalukyan carved pillars and rock slabs.",Oct-Feb,https://thumb.wikimedia.org/wikipedia/commons/thumb/b/b3/8th_century_Durga_temple_exterior_view%2C_Aihole_Hindu_temples_and_monuments_3.jpg/960px-8th_century_Durga_temple_exterior_view%2C_Aihole_Hindu_temples_and_monuments_3.jpg?utm_source=en.wikipedia.org&utm_campaign=api&utm_content=thumbnail
2931,Coorg,Karnataka,attraction,12.4618,75.802,budget,4.9,27771,"Coorg is a premier hill station destination in Kodagu, Karnataka. Renowned as a prominent landmark in regional tourism (Hill Station), it welcomes visitors seeking authentic cultural immersion, picturesque vistas, and rich historic heritage.",Oct-Feb,https://thumb.wikimedia.org/wikipedia/commons/thumb/1/17/Tadiandamol_Valley%2C_Western_Ghats.jpg/960px-Tadiandamol_Valley%2C_Western_Ghats.jpg?utm_source=en.wikipedia.org&utm_campaign=api&utm_content=thumbnail
2932,Udupi,Karnataka,attraction,13.564,74.636,budget,4.8,14251,"Udupi is a premier heritage destination in Udupi, Karnataka. Renowned as a prominent landmark in regional tourism (Religious), it welcomes visitors seeking authentic cultural immersion, picturesque vistas, and rich historic heritage.",Oct-Feb,https://thumb.wikimedia.org/wikipedia/commons/thumb/d/da/Udupi_Krishna_Temple.jpg/960px-Udupi_Krishna_Temple.jpg?utm_source=en.wikipedia.org&utm_campaign=api&utm_content=thumbnail
2933,Krishna Temple Udupi,Karnataka,attraction,13.5895,74.6705,budget,4.9,11293,"Krishna Temple Udupi is a premier temple destination in Udupi, Karnataka. Renowned as a prominent landmark in regional tourism (Religious), it welcomes visitors seeking authentic cultural immersion, picturesque vistas, and rich historic heritage.",Oct-Mar,https://thumb.wikimedia.org/wikipedia/commons/thumb/f/f1/ISKCON_Bangalore_Temple.jpg/960px-ISKCON_Bangalore_Temple.jpg?utm_source=en.wikipedia.org&utm_campaign=api&utm_content=thumbnail
2934,Kabini,Karnataka,attraction,12.2622,76.6745,budget,4.8,9267,"Kabini is a premier wildlife destination in Mysuru, Wayanad, Karnataka. Renowned as a prominent landmark in regional tourism (Wildlife), it welcomes visitors seeking authentic cultural immersion, picturesque vistas, and rich historic heritage.",Oct-Feb,https://thumb.wikimedia.org/wikipedia/commons/thumb/6/6a/Kabani_River.jpg/960px-Kabani_River.jpg?utm_source=en.wikipedia.org&utm_campaign=api&utm_content=thumbnail
2935,Nagarhole National Park,Karnataka,attraction,12.2878,76.709,budget,4.8,29140,"Nagarhole National Park is a premier fort destination in Mysuru, Kodagu, Karnataka. Renowned as a prominent landmark in regional tourism (Wildlife), it welcomes visitors seeking authentic cultural immersion, picturesque vistas, and rich historic heritage.",Oct-Feb,https://thumb.wikimedia.org/wikipedia/commons/thumb/2/27/Bengal_Tiger_Karnataka.jpg/960px-Bengal_Tiger_Karnataka.jpg?utm_source=en.wikipedia.org&utm_campaign=api&utm_content=thumbnail
2936,Chitradurga Fort,Karnataka,attraction,13.497,76.6099,mid,4.4,5777,"Chitradurga Fort is a premier fort destination in Chitradurga, Karnataka. Renowned as a prominent landmark in regional tourism (Fort), it welcomes visitors seeking authentic cultural immersion, picturesque vistas, and rich historic heritage.",Oct-Feb,https://thumb.wikimedia.org/wikipedia/commons/thumb/7/73/1_of_7_concentric_walled_layers_of_Chitradurga_fort.jpg/960px-1_of_7_concentric_walled_layers_of_Chitradurga_fort.jpg?utm_source=en.wikipedia.org&utm_campaign=api&utm_content=thumbnail
2937,Belur,Karnataka,attraction,13.2782,75.9602,budget,4.9,14089,"Belur is a premier heritage destination in Hassan, Karnataka. Renowned as a prominent landmark in regional tourism (Heritage), it welcomes visitors seeking authentic cultural immersion, picturesque vistas, and rich historic heritage.",Oct-Feb,https://thumb.wikimedia.org/wikipedia/commons/thumb/6/67/Gagan_Mahal_palace%2C_Anegundi.jpg/960px-Gagan_Mahal_palace%2C_Anegundi.jpg?utm_source=en.wikipedia.org&utm_campaign=api&utm_content=thumbnail
2938,Chennakesava Temple,Karnataka,attraction,13.398,76.6789,budget,4.4,19719,"Chennakesava Temple is a premier temple destination in Belur, Karnataka. Renowned as a prominent landmark in regional tourism (Heritage), it welcomes visitors seeking authentic cultural immersion, picturesque vistas, and rich historic heritage.",Oct-Mar,https://thumb.wikimedia.org/wikipedia/commons/thumb/b/b9/Complex_of_Virupaksha_Temple%2C_Hampi_%2804%29.jpg/960px-Complex_of_Virupaksha_Temple%2C_Hampi_%2804%29.jpg?utm_source=en.wikipedia.org&utm_campaign=api&utm_content=thumbnail
2939,St Mary's Island,Karnataka,attraction,13.5925,74.7275,budget,4.9,22735,"St Mary's Island is a premier beach destination in Udupi, Karnataka. Renowned as a prominent landmark in regional tourism (Island/Beach), it welcomes visitors seeking authentic cultural immersion, picturesque vistas, and rich historic heritage.",Oct-Feb,https://thumb.wikimedia.org/wikipedia/commons/thumb/f/fb/Shettihalli_Church..jpg/960px-Shettihalli_Church..jpg?utm_source=en.wikipedia.org&utm_campaign=api&utm_content=thumbnail
2940,Bangalore Palace,Karnataka,attraction,13.47,76.6969,mid,4.9,13955,"Bangalore Palace is a premier palace destination in Bengaluru, Karnataka. Renowned as a prominent landmark in regional tourism (Heritage), it welcomes visitors seeking authentic cultural immersion, picturesque vistas, and rich historic heritage.",Oct-Feb,https://thumb.wikimedia.org/wikipedia/commons/thumb/8/8f/Bangalore_Mysore_Maharaja_Palace.jpg/960px-Bangalore_Mysore_Maharaja_Palace.jpg?utm_source=en.wikipedia.org&utm_campaign=api&utm_content=thumbnail
2941,ISKCON Temple Bengaluru,Karnataka,attraction,13.4295,76.6774,budget,4.8,28040,"ISKCON Temple Bengaluru is a premier temple destination in Bengaluru, Karnataka. Renowned as a prominent landmark in regional tourism (Religious), it welcomes visitors seeking authentic cultural immersion, picturesque vistas, and rich historic heritage.",Oct-Mar,https://thumb.wikimedia.org/wikipedia/commons/thumb/7/7d/Udupi_Sri_Krishna_Matha_Temple.jpg/960px-Udupi_Sri_Krishna_Matha_Temple.jpg?utm_source=en.wikipedia.org&utm_campaign=api&utm_content=thumbnail
2942,Vittala Temple,Karnataka,attraction,13.455,76.7119,budget,4.5,26204,"Vittala Temple is a premier temple destination in Hampi, Karnataka. Renowned as a prominent landmark in regional tourism (Heritage), it welcomes visitors seeking authentic cultural immersion, picturesque vistas, and rich historic heritage.",Oct-Mar,https://thumb.wikimedia.org/wikipedia/commons/thumb/0/02/Banavasi_Madhukeshwara_temple.JPG/960px-Banavasi_Madhukeshwara_temple.JPG?utm_source=en.wikipedia.org&utm_campaign=api&utm_content=thumbnail
2943,Achyutaraya Temple,Karnataka,attraction,13.4805,76.7464,budget,4.7,9428,"Achyutaraya Temple is a premier temple destination in Hampi, Karnataka. Renowned as a prominent landmark in regional tourism (Heritage), it welcomes visitors seeking authentic cultural immersion, picturesque vistas, and rich historic heritage.",Oct-Mar,https://thumb.wikimedia.org/wikipedia/commons/thumb/1/17/Close_up_view_of_open_entrance_mantapa_in_the_Kolaramma_Temple_at_Kolar.jpg/960px-Close_up_view_of_open_entrance_mantapa_in_the_Kolaramma_Temple_at_Kolar.jpg?utm_source=en.wikipedia.org&utm_campaign=api&utm_content=thumbnail
2944,Sanapur Lake,Karnataka,attraction,13.506,76.6309,budget,4.2,1571,"Sanapur Lake is a premier lake destination in Hampi, Karnataka. Renowned as a prominent landmark in regional tourism (Nature), it welcomes visitors seeking authentic cultural immersion, picturesque vistas, and rich historic heritage.",Oct-Feb,https://thumb.wikimedia.org/wikipedia/commons/thumb/6/61/Sunset_vtr_lake.jpg/960px-Sunset_vtr_lake.jpg?utm_source=en.wikipedia.org&utm_campaign=api&utm_content=thumbnail
2945,Chennakeshava Temple,Karnataka,attraction,13.5315,76.6654,budget,4.9,18050,"Chennakeshava Temple is a premier temple destination in Belur, Karnataka. Renowned as a prominent landmark in regional tourism (Heritage), it welcomes visitors seeking authentic cultural immersion, picturesque vistas, and rich historic heritage.",Oct-Mar,https://thumb.wikimedia.org/wikipedia/commons/thumb/1/1a/Damballah_La_Flambeau.jpg/960px-Damballah_La_Flambeau.jpg?utm_source=en.wikipedia.org&utm_campaign=api&utm_content=thumbnail
2946,Madikeri,Karnataka,attraction,12.3493,75.7645,budget,4.9,12488,"Madikeri is a premier hill station destination in Kodagu, Karnataka. Renowned as a prominent landmark in regional tourism (Hill Station), it welcomes visitors seeking authentic cultural immersion, picturesque vistas, and rich historic heritage.",Oct-Feb,https://thumb.wikimedia.org/wikipedia/commons/thumb/0/02/Raja%27s_Seat_View_Point.jpg/960px-Raja%27s_Seat_View_Point.jpg?utm_source=en.wikipedia.org&utm_campaign=api&utm_content=thumbnail
2947,Baba Budangiri,Karnataka,attraction,13.4886,75.8299,budget,4.5,29644,"Secluded, sacred subterranean cave sanctums nestled in high mountain ridges where Sufi saint Baba Budan first planted coffee seeds in India.",Oct-Feb,https://thumb.wikimedia.org/wikipedia/commons/thumb/a/ac/A_scenery_from_bababudan_hill.jpg/960px-A_scenery_from_bababudan_hill.jpg?utm_source=en.wikipedia.org&utm_campaign=api&utm_content=thumbnail
2948,Kemmanagundi,Karnataka,attraction,13.514,75.7144,budget,4.9,25071,"Kemmanagundi is a premier hill station destination in Chikkamagaluru, Karnataka. Renowned as a prominent landmark in regional tourism (Hill Station), it welcomes visitors seeking authentic cultural immersion, picturesque vistas, and rich historic heritage.",Oct-Feb,https://upload.wikimedia.org/wikipedia/commons/6/64/Kemmangundi_fog.JPG?utm_source=en.wikipedia.org&utm_campaign=api&utm_content=thumbnail_unscaled
2949,Om Beach,Karnataka,attraction,13.4835,76.6534,budget,4.4,28484,"Om Beach is a premier beach destination in Gokarna, Karnataka. Renowned as a prominent landmark in regional tourism (Beach), it welcomes visitors seeking authentic cultural immersion, picturesque vistas, and rich historic heritage.",Oct-Feb,https://thumb.wikimedia.org/wikipedia/commons/thumb/2/29/Karwar_Evening.jpg/960px-Karwar_Evening.jpg?utm_source=en.wikipedia.org&utm_campaign=api&utm_content=thumbnail
2950,Kudle Beach,Karnataka,attraction,13.509,76.6879,budget,4.6,20258,"Kudle Beach is a premier beach destination in Gokarna, Karnataka. Renowned as a prominent landmark in regional tourism (Beach), it welcomes visitors seeking authentic cultural immersion, picturesque vistas, and rich historic heritage.",Oct-Feb,https://upload.wikimedia.org/wikipedia/commons/d/d8/Tannirubhavi_beach_02.JPG?utm_source=en.wikipedia.org&utm_campaign=api&utm_content=thumbnail_unscaled
2951,Udupi Krishna Temple,Karnataka,attraction,13.7035,74.7365,budget,4.4,14839,"Udupi Krishna Temple is a premier temple destination in Udupi, Karnataka. Renowned as a prominent landmark in regional tourism (Religious), it welcomes visitors seeking authentic cultural immersion, picturesque vistas, and rich historic heritage.",Oct-Mar,https://thumb.wikimedia.org/wikipedia/commons/thumb/7/7d/Udupi_Sri_Krishna_Matha_Temple.jpg/960px-Udupi_Sri_Krishna_Matha_Temple.jpg?utm_source=en.wikipedia.org&utm_campaign=api&utm_content=thumbnail
2952,Golden Chariot Route,Karnataka,attraction,13.41,76.6069,budget,4.6,7791,"Golden Chariot Route is a premier heritage destination in Karnataka, Karnataka. Renowned as a prominent landmark in regional tourism (Heritage), it welcomes visitors seeking authentic cultural immersion, picturesque vistas, and rich historic heritage.",Oct-Feb,https://upload.wikimedia.org/wikipedia/commons/8/81/Bettesha.JPG?utm_source=en.wikipedia.org&utm_campaign=api&utm_content=thumbnail_unscaled
2953,Manipal,Karnataka,attraction,13.6615,74.6885,budget,4.1,1325,"Manipal is a premier heritage destination in Udupi, Karnataka. Renowned as a prominent landmark in regional tourism (City/Nature), it welcomes visitors seeking authentic cultural immersion, picturesque vistas, and rich historic heritage.",Oct-Feb,https://thumb.wikimedia.org/wikipedia/commons/thumb/3/30/Night_in_Manipal.jpg/960px-Night_in_Manipal.jpg?utm_source=en.wikipedia.org&utm_campaign=api&utm_content=thumbnail
2954,UNESCO Hoysala Temples,Karnataka,attraction,13.2737,76.0247,budget,4.9,14080,"UNESCO Hoysala Temples is a premier temple destination in Hassan, Karnataka. Renowned as a prominent landmark in regional tourism (Heritage), it welcomes visitors seeking authentic cultural immersion, picturesque vistas, and rich historic heritage.",Oct-Mar,https://thumb.wikimedia.org/wikipedia/commons/thumb/1/13/Chandramouleshware_Temple.JPG/960px-Chandramouleshware_Temple.JPG?utm_source=en.wikipedia.org&utm_campaign=api&utm_content=thumbnail
2955,ISKCON Bengaluru,Karnataka,attraction,13.5285,76.6084,budget,4.6,5736,"ISKCON Bengaluru is a premier heritage destination in Bengaluru, Karnataka. Renowned as a prominent landmark in regional tourism (Religious), it welcomes visitors seeking authentic cultural immersion, picturesque vistas, and rich historic heritage.",Oct-Feb,https://thumb.wikimedia.org/wikipedia/commons/thumb/e/ec/Colonel_Bailey%27s_Dungeon_-_Ground_View.jpg/960px-Colonel_Bailey%27s_Dungeon_-_Ground_View.jpg?utm_source=en.wikipedia.org&utm_campaign=api&utm_content=thumbnail
2956,Kudremukh National Park,Karnataka,attraction,13.46,75.7384,budget,4.9,15588,"Kudremukh National Park is a premier wildlife destination in Chikkamagaluru, Karnataka. Renowned as a prominent landmark in regional tourism (Wildlife), it welcomes visitors seeking authentic cultural immersion, picturesque vistas, and rich historic heritage.",Oct-Feb,https://thumb.wikimedia.org/wikipedia/commons/thumb/8/83/Kudremukh_national_park.jpg/960px-Kudremukh_national_park.jpg?utm_source=en.wikipedia.org&utm_campaign=api&utm_content=thumbnail
2957,Kudalasangama,Karnataka,attraction,16.1157,75.6068,budget,4.9,7558,"The quiet, sandy granite shelves downstream from the Arkavathi-Cauvery confluence, where the river carves deep chutes through solid granite.",Oct-Feb,https://thumb.wikimedia.org/wikipedia/commons/thumb/8/8f/Kudalasangama.jpg/960px-Kudalasangama.jpg?utm_source=en.wikipedia.org&utm_campaign=api&utm_content=thumbnail
2958,Banashankari Temple,Karnataka,attraction,16.1497,75.6528,budget,4.1,814,Banashankari Temple is an important temple destination in Bagalkot district. Historic temple complex associated with Banashankari Devi.,Oct-Mar,https://thumb.wikimedia.org/wikipedia/commons/thumb/f/f1/ISKCON_Bangalore_Temple.jpg/960px-ISKCON_Bangalore_Temple.jpg?utm_source=en.wikipedia.org&utm_campaign=api&utm_content=thumbnail
2959,Mahakuta Temples,Karnataka,attraction,16.1837,75.6988,budget,4.7,2761,Mahakuta Temples is an important temple destination in Bagalkot district. Ancient Chalukyan temple cluster surrounded by natural springs.,Oct-Mar,https://thumb.wikimedia.org/wikipedia/commons/thumb/1/17/Close_up_view_of_open_entrance_mantapa_in_the_Kolaramma_Temple_at_Kolar.jpg/960px-Close_up_view_of_open_entrance_mantapa_in_the_Kolaramma_Temple_at_Kolar.jpg?utm_source=en.wikipedia.org&utm_campaign=api&utm_content=thumbnail
2960,Guledgudd Khana Craft Village,Karnataka,attraction,16.2177,75.7448,budget,4.2,1441,Guledgudd Khana Craft Village is an important culture destination in Bagalkot district. Traditional handloom centre known for distinctive Guledgudd Khana textiles.,Oct-Feb,https://thumb.wikimedia.org/wikipedia/commons/thumb/e/ef/Yoga_Narasimha_Temple_Devarayanadurga.JPG/960px-Yoga_Narasimha_Temple_Devarayanadurga.JPG?utm_source=en.wikipedia.org&utm_campaign=api&utm_content=thumbnail
2961,Agasthya Lake,Karnataka,attraction,16.2517,75.5908,budget,4.1,757,Agasthya Lake is an important lake destination in Bagalkot district. Scenic lake surrounded by Badami's red sandstone cliffs and temples.,Oct-Feb,https://thumb.wikimedia.org/wikipedia/commons/thumb/d/dd/Wide_angle_of_Galigopuram_of_Virupaksha_Temple%2C_Hampi_%2804%29_%28cropped%29.jpg/960px-Wide_angle_of_Galigopuram_of_Virupaksha_Temple%2C_Hampi_%2804%29_%28cropped%29.jpg?utm_source=en.wikipedia.org&utm_campaign=api&utm_content=thumbnail
2962,Bhoothnath Temple,Karnataka,attraction,16.0857,75.6368,budget,4.7,1681,Bhoothnath Temple is an important temple destination in Bagalkot district. Picturesque temple beside Agasthya Lake with sandstone cliffs behind it.,Oct-Mar,https://thumb.wikimedia.org/wikipedia/commons/thumb/b/b9/Thalakkaveri_Temple%2C_Karnataka.jpg/960px-Thalakkaveri_Temple%2C_Karnataka.jpg?utm_source=en.wikipedia.org&utm_campaign=api&utm_content=thumbnail
2963,Gokak Falls (Niagara of Karnataka on Ghataprabha),Karnataka,attraction,15.3301,75.6827,budget,4.2,948,"Gokak Falls (Niagara of Karnataka on Ghataprabha) is an authentic attraction destination located in ,  district of Karnataka. Celebrated for its regional significance and unique ambiance, it offers travelers an immersive experience in the culture, scenic beauty, and heritage of Karnataka.",Oct-Mar,https://upload.wikimedia.org/wikipedia/commons/d/dd/Gokak_Falls_During_Night.jpg?utm_source=en.wikipedia.org&utm_campaign=api&utm_content=thumbnail_unscaled
2964,Gajendragad Fort,Karnataka,attraction,16.1537,75.7288,mid,4.8,5977,Gajendragad Fort is an important heritage destination in Bagalkot district. Hill fort with panoramic Deccan views and historic temple landscape.,Oct-Feb,https://thumb.wikimedia.org/wikipedia/commons/thumb/8/8f/Bangalore_Mysore_Maharaja_Palace.jpg/960px-Bangalore_Mysore_Maharaja_Palace.jpg?utm_source=en.wikipedia.org&utm_campaign=api&utm_content=thumbnail
2965,Sudi Monument Cluster,Karnataka,attraction,16.1877,75.5748,mid,4.9,8156,Sudi Monument Cluster is an important heritage destination in Bagalkot district. Lesser-known Western Chalukyan temples and stone monuments.,Oct-Mar,https://thumb.wikimedia.org/wikipedia/commons/thumb/c/c3/Devanahalli_fort_entrance_2007.jpg/960px-Devanahalli_fort_entrance_2007.jpg?utm_source=en.wikipedia.org&utm_campaign=api&utm_content=thumbnail
2966,Sudi Naga Kunda,Karnataka,attraction,16.2217,75.6208,budget,4.2,2240,Sudi Naga Kunda is an important heritage stepwell destination in Bagalkot district. Historic stepped water structure with carved serpent motifs.,Oct-Feb,https://thumb.wikimedia.org/wikipedia/commons/thumb/8/8f/Kudalasangama.jpg/960px-Kudalasangama.jpg?utm_source=en.wikipedia.org&utm_campaign=api&utm_content=thumbnail
2967,Lakkundi-style Chalukyan heritage belt,Karnataka,attraction,16.2557,75.6668,budget,4.4,1690,"A historic village packed with over 50 intricately carved later Chalukyan stone temples and stepped wells like the Manikesvara Stepped Tank, largely free from commercial tourist stalls.",Oct-Feb,https://upload.wikimedia.org/wikipedia/commons/8/81/Bettesha.JPG?utm_source=en.wikipedia.org&utm_campaign=api&utm_content=thumbnail_unscaled
2968,Mahalingapur craft and temple circuit,Karnataka,attraction,16.0897,75.7128,budget,4.5,6315,Mahalingapur craft and temple circuit is an important temple destination in Bagalkot district. Traditional townscape with temples and local craft culture.,Oct-Mar,https://thumb.wikimedia.org/wikipedia/commons/thumb/e/e3/Gettyedu-2008.78.51-Retouched.jpg/960px-Gettyedu-2008.78.51-Retouched.jpg?utm_source=en.wikipedia.org&utm_campaign=api&utm_content=thumbnail
2969,Almatti backwaters,Karnataka,attraction,16.1237,75.7588,budget,4.2,872,Almatti backwaters is an important lake destination in Bagalkot district. Large reservoir landscape with gardens and sunset views.,Oct-Feb,https://thumb.wikimedia.org/wikipedia/commons/thumb/1/16/Honnemoredu.jpg/960px-Honnemoredu.jpg?utm_source=en.wikipedia.org&utm_campaign=api&utm_content=thumbnail
2970,Anjanadri Hill,Karnataka,attraction,15.1154,76.8654,budget,4.4,1556,Anjanadri Hill is an important hill destination in Ballari district. Hill associated with Hanuman traditions overlooking Tungabhadra landscape.,Oct-Feb,https://thumb.wikimedia.org/wikipedia/commons/thumb/f/fc/Temple_of_kalabhairava%2C_skyline_from_Devaramane%2C_Guthi_village%2C_July_5%2C_2011.jpg/960px-Temple_of_kalabhairava%2C_skyline_from_Devaramane%2C_Guthi_village%2C_July_5%2C_2011.jpg?utm_source=en.wikipedia.org&utm_campaign=api&utm_content=thumbnail
2971,Daroji Sloth Bear Sanctuary,Karnataka,attraction,15.1494,76.9114,budget,4.1,901,Daroji Sloth Bear Sanctuary is an important wildlife destination in Ballari district. Protected habitat for Indian sloth bears among rocky granite landscapes.,Oct-Feb,https://thumb.wikimedia.org/wikipedia/commons/thumb/8/85/MelursusUrsinusFemaleCub.jpg/960px-MelursusUrsinusFemaleCub.jpg?utm_source=en.wikipedia.org&utm_campaign=api&utm_content=thumbnail
2972,Gudekote Sloth Bear Sanctuary,Karnataka,attraction,15.1834,76.9574,budget,4.2,2031,Gudekote Sloth Bear Sanctuary is an important wildlife destination in Ballari district. Lesser-visited sanctuary protecting sloth bears and dry-zone biodiversity.,Oct-Feb,https://thumb.wikimedia.org/wikipedia/commons/thumb/6/63/Entrance_of_Mysore_Zoo.jpg/960px-Entrance_of_Mysore_Zoo.jpg?utm_source=en.wikipedia.org&utm_campaign=api&utm_content=thumbnail
2973,Gudekote Fort,Karnataka,attraction,15.2174,77.0034,mid,4.9,8160,Gudekote Fort is an important heritage destination in Ballari district. Historic hill fort surrounded by rocky Deccan scenery.,Oct-Feb,https://thumb.wikimedia.org/wikipedia/commons/thumb/5/55/Manjarabad_Fort_2.jpg/960px-Manjarabad_Fort_2.jpg?utm_source=en.wikipedia.org&utm_campaign=api&utm_content=thumbnail
2974,Bellary Fort,Karnataka,attraction,15.0514,76.8494,mid,4.6,1425,Bellary Fort is an important heritage destination in Ballari district. Massive granite hill fort dominating Ballari city.,Oct-Feb,https://thumb.wikimedia.org/wikipedia/commons/thumb/b/b0/Bellary_Fort3.jpg/960px-Bellary_Fort3.jpg?utm_source=en.wikipedia.org&utm_campaign=api&utm_content=thumbnail
2975,Kumbara Gudda,Karnataka,attraction,15.0854,76.8954,budget,4.4,2501,Kumbara Gudda is an important hill destination in Ballari district. Rocky hill landscape with local trekking potential.,Oct-Feb,https://thumb.wikimedia.org/wikipedia/commons/thumb/b/b0/Enroute_to_Matanga_hills%2C_Hampi.jpg/960px-Enroute_to_Matanga_hills%2C_Hampi.jpg?utm_source=en.wikipedia.org&utm_campaign=api&utm_content=thumbnail
2976,Sanganakallu Archaeological Site,Karnataka,attraction,15.1194,76.9414,budget,4.4,2214,Sanganakallu Archaeological Site is an important heritage destination in Ballari district. Important prehistoric Neolithic settlement and stone-tool landscape.,Oct-Feb,https://thumb.wikimedia.org/wikipedia/commons/thumb/0/0c/Banavasi_varadariver_side.jpg/960px-Banavasi_varadariver_side.jpg?utm_source=en.wikipedia.org&utm_campaign=api&utm_content=thumbnail
2977,Kupgal Petroglyphs (Neolithic Rock Art Site),Karnataka,attraction,15.3309,75.6979,budget,4.4,778,"Kupgal Petroglyphs (Neolithic Rock Art Site) is an authentic attraction destination located in ,  district of Karnataka. Celebrated for its regional significance and unique ambiance, it offers travelers an immersive experience in the culture, scenic beauty, and heritage of Karnataka.",Oct-Feb,https://thumb.wikimedia.org/wikipedia/commons/thumb/e/ef/Yoga_Narasimha_Temple_Devarayanadurga.JPG/960px-Yoga_Narasimha_Temple_Devarayanadurga.JPG?utm_source=en.wikipedia.org&utm_campaign=api&utm_content=thumbnail
2978,Sandur Valley,Karnataka,attraction,15.1874,76.8334,budget,4.7,3549,"A lush, iron-rich bowl surrounded by purple-tinted mountain ridges, featuring cool mountain passes, old British-era sanitaria, and secluded forest temples like Kumaraswamy Temple.",Oct-Feb,https://thumb.wikimedia.org/wikipedia/commons/thumb/0/02/Raja%27s_Seat_View_Point.jpg/960px-Raja%27s_Seat_View_Point.jpg?utm_source=en.wikipedia.org&utm_campaign=api&utm_content=thumbnail
2979,Kumaraswamy Temple Sandur,Karnataka,attraction,15.2214,76.8794,budget,4.5,7760,Kumaraswamy Temple Sandur is an important temple destination in Ballari district. Historic temple set among the Sandur hills.,Oct-Mar,https://thumb.wikimedia.org/wikipedia/commons/thumb/5/5c/Bhagamandala_Birdseye_View_Coorg_Feb24_A7C_09524.jpg/960px-Bhagamandala_Birdseye_View_Coorg_Feb24_A7C_09524.jpg?utm_source=en.wikipedia.org&utm_campaign=api&utm_content=thumbnail
2980,Devalapura Lake,Karnataka,attraction,15.0554,76.9254,budget,4.8,2416,Devalapura Lake is an important lake destination in Ballari district. Quiet waterbody and rural landscape.,Oct-Feb,https://thumb.wikimedia.org/wikipedia/commons/thumb/f/f7/TGHallidam.JPG/960px-TGHallidam.JPG?utm_source=en.wikipedia.org&utm_campaign=api&utm_content=thumbnail
2981,Tungabhadra riverbanks,Karnataka,attraction,15.0894,76.9714,budget,4.7,1493,Tungabhadra riverbanks is an important nature destination in Ballari district. Riverine landscapes and sunset locations around Hospet and Hampi.,Oct-Feb,https://thumb.wikimedia.org/wikipedia/commons/thumb/1/14/Growing_skylines_of_the_Mangalore_CBD_region.jpg/960px-Growing_skylines_of_the_Mangalore_CBD_region.jpg?utm_source=en.wikipedia.org&utm_campaign=api&utm_content=thumbnail
2982,Belagavi Fort,Karnataka,attraction,15.8337,74.5937,mid,4.9,22628,"Belagavi Fort is an important heritage destination in Belagavi district. Large historic fort containing temples, mosque and monuments from multiple periods.",Oct-Feb,https://thumb.wikimedia.org/wikipedia/commons/thumb/b/b0/Bellary_Fort3.jpg/960px-Bellary_Fort3.jpg?utm_source=en.wikipedia.org&utm_campaign=api&utm_content=thumbnail
2983,Kamala Basti,Karnataka,attraction,15.8677,74.4397,budget,4.9,1455,Kamala Basti is an important temple destination in Belagavi district. Beautiful Jain temple within Belagavi Fort complex.,Oct-Feb,https://thumb.wikimedia.org/wikipedia/commons/thumb/e/e8/Shravanabelagola_Hillview.jpg/960px-Shravanabelagola_Hillview.jpg?utm_source=en.wikipedia.org&utm_campaign=api&utm_content=thumbnail
2984,Kapileshwar Temple,Karnataka,attraction,15.9017,74.4857,budget,4.3,2105,Kapileshwar Temple is an important temple destination in Belagavi district. Historic Shiva temple and important local pilgrimage site.,Oct-Mar,https://thumb.wikimedia.org/wikipedia/commons/thumb/b/bd/Ghati_Subramanya_Temple.JPG/960px-Ghati_Subramanya_Temple.JPG?utm_source=en.wikipedia.org&utm_campaign=api&utm_content=thumbnail
2985,Military Mahadeva Temple,Karnataka,attraction,15.9357,74.5317,budget,4.8,2030,Military Mahadeva Temple is an important temple destination in Belagavi district. Distinctive temple with large landscaped surroundings.,Oct-Mar,https://thumb.wikimedia.org/wikipedia/commons/thumb/d/dd/Wide_angle_of_Galigopuram_of_Virupaksha_Temple%2C_Hampi_%2804%29_%28cropped%29.jpg/960px-Wide_angle_of_Galigopuram_of_Virupaksha_Temple%2C_Hampi_%2804%29_%28cropped%29.jpg?utm_source=en.wikipedia.org&utm_campaign=api&utm_content=thumbnail
2986,Gokak Falls,Karnataka,attraction,15.7697,74.5777,budget,4.5,26109,Gokak Falls is an important waterfall destination in Belagavi district. Major waterfall where Ghataprabha River drops through a rocky gorge.,Oct-Feb,https://upload.wikimedia.org/wikipedia/commons/d/dd/Gokak_Falls_During_Night.jpg?utm_source=en.wikipedia.org&utm_campaign=api&utm_content=thumbnail_unscaled
2987,Gokak Fort,Karnataka,attraction,15.8037,74.4237,mid,4.3,2509,Gokak Fort is an important heritage destination in Belagavi district. Historic fort and temple landscape overlooking the Ghataprabha gorge.,Oct-Feb,https://thumb.wikimedia.org/wikipedia/commons/thumb/0/0a/Mirjan_Fort_02.JPG/960px-Mirjan_Fort_02.JPG?utm_source=en.wikipedia.org&utm_campaign=api&utm_content=thumbnail
2988,Ghataprabha Bird Sanctuary,Karnataka,attraction,15.8377,74.4697,budget,4.6,2414,Ghataprabha Bird Sanctuary is an important wildlife destination in Belagavi district. Wetland and island habitat attracting migratory birds.,Oct-Mar,https://upload.wikimedia.org/wikipedia/commons/c/cd/2006-Tigers-and-Gaurs.jpg?utm_source=en.wikipedia.org&utm_campaign=api&utm_content=thumbnail_unscaled
2989,Godachinmalki Falls,Karnataka,attraction,15.8717,74.5157,budget,4.8,7046,Godachinmalki Falls is an important waterfall destination in Belagavi district. Two-stage waterfall in a forested rocky landscape.,Oct-Feb,https://upload.wikimedia.org/wikipedia/commons/b/b3/Jhari_Falls_2k22.jpg?utm_source=en.wikipedia.org&utm_campaign=api&utm_content=thumbnail_unscaled
2990,Soudatti Yellamma Temple,Karnataka,attraction,15.9057,74.5617,budget,4.4,8360,Soudatti Yellamma Temple is an important temple destination in Belagavi district. Major pilgrimage centre dedicated to Goddess Yellamma.,Oct-Mar,https://thumb.wikimedia.org/wikipedia/commons/thumb/7/7d/Udupi_Sri_Krishna_Matha_Temple.jpg/960px-Udupi_Sri_Krishna_Matha_Temple.jpg?utm_source=en.wikipedia.org&utm_campaign=api&utm_content=thumbnail
2991,Parasgad Fort,Karnataka,attraction,15.9397,74.4077,mid,4.3,3371,Parasgad Fort is an important heritage destination in Belagavi district. Hill fort near Saundatti with broad views of surrounding countryside.,Oct-Feb,https://thumb.wikimedia.org/wikipedia/commons/thumb/3/30/Parasgad_Fort_3.jpg/960px-Parasgad_Fort_3.jpg?utm_source=en.wikipedia.org&utm_campaign=api&utm_content=thumbnail
2992,Kittur Fort,Karnataka,attraction,15.7737,74.4537,mid,4.3,466,Kittur Fort is an important heritage destination in Belagavi district. Fort associated with Rani Chennamma and resistance to British rule.,Oct-Feb,https://thumb.wikimedia.org/wikipedia/commons/thumb/3/3d/Kittur_fort.jpeg/960px-Kittur_fort.jpeg?utm_source=en.wikipedia.org&utm_campaign=api&utm_content=thumbnail
2993,Kittur Rani Chennamma Museum,Karnataka,attraction,15.8077,74.4997,mid,4.8,6206,Kittur Rani Chennamma Museum is an important museum destination in Belagavi district. Museum documenting the life and resistance of Rani Chennamma.,Oct-Mar,https://thumb.wikimedia.org/wikipedia/commons/thumb/d/df/Yakshagana_artist%27s_mannequin_on_display_in_the_Janapada_Loka_%28Folk_art_museum%29.jpg/960px-Yakshagana_artist%27s_mannequin_on_display_in_the_Janapada_Loka_%28Folk_art_museum%29.jpg?utm_source=en.wikipedia.org&utm_campaign=api&utm_content=thumbnail
2994,Saundatti Yellamma Temple (Renuka Devi Shrine),Karnataka,attraction,15.3005,75.6835,budget,4.4,3060,"Saundatti Yellamma Temple (Renuka Devi Shrine) is an authentic attraction destination located in ,  district of Karnataka. Celebrated for its regional significance and unique ambiance, it offers travelers an immersive experience in the culture, scenic beauty, and heritage of Karnataka.",Oct-Mar,https://thumb.wikimedia.org/wikipedia/commons/thumb/e/ed/Gopalswamy_Betta.jpg/960px-Gopalswamy_Betta.jpg?utm_source=en.wikipedia.org&utm_campaign=api&utm_content=thumbnail
2995,Naviluteertha Dam,Karnataka,attraction,15.8757,74.5917,budget,4.9,2158,Naviluteertha Dam is an important lake destination in Belagavi district. Reservoir and green valley landscape near Malaprabha River.,Oct-Feb,https://upload.wikimedia.org/wikipedia/commons/5/59/BangaloreLake.jpg?utm_source=en.wikipedia.org&utm_campaign=api&utm_content=thumbnail_unscaled
2996,Rajhans Gad Yellur Fort,Karnataka,attraction,15.9097,74.4377,mid,4.6,6549,Rajhans Gad Yellur Fort is an important heritage destination in Belagavi district. Hill fort and viewpoint close to Belagavi city.,Oct-Feb,https://thumb.wikimedia.org/wikipedia/commons/thumb/7/7e/Old_Bangalore_Fort%2C_Inside_View.JPG/960px-Old_Bangalore_Fort%2C_Inside_View.JPG?utm_source=en.wikipedia.org&utm_campaign=api&utm_content=thumbnail
2997,Shivagiri Hill,Karnataka,attraction,15.9437,74.4837,budget,4.9,8833,Shivagiri Hill is an important hill destination in Belagavi district. Hilltop landscape with panoramic views around Belagavi.,Oct-Feb,https://thumb.wikimedia.org/wikipedia/commons/thumb/f/fc/Temple_of_kalabhairava%2C_skyline_from_Devaramane%2C_Guthi_village%2C_July_5%2C_2011.jpg/960px-Temple_of_kalabhairava%2C_skyline_from_Devaramane%2C_Guthi_village%2C_July_5%2C_2011.jpg?utm_source=en.wikipedia.org&utm_campaign=api&utm_content=thumbnail
2998,Halasi,Karnataka,attraction,15.7777,74.5297,budget,4.6,6922,Halasi is an important temple destination in Belagavi district. Historic town with Kadamba and Jain temple heritage.,Oct-Feb,https://thumb.wikimedia.org/wikipedia/commons/thumb/2/27/Halasi_12.jpg/960px-Halasi_12.jpg?utm_source=en.wikipedia.org&utm_campaign=api&utm_content=thumbnail
2999,Ananthapur Lake,Karnataka,attraction,15.8117,74.5757,budget,4.5,2885,Ananthapur Lake is an important lake destination in Belagavi district. Quiet lake and rural landscape away from mainstream tourism.,Oct-Feb,https://thumb.wikimedia.org/wikipedia/commons/thumb/e/e1/Pilikula_Botanical_Garden_-_Footpath.jpg/960px-Pilikula_Botanical_Garden_-_Footpath.jpg?utm_source=en.wikipedia.org&utm_campaign=api&utm_content=thumbnail
3000,Jamboti Hills,Karnataka,attraction,15.8457,74.4217,budget,4.1,430,Jamboti Hills is an important hill destination in Belagavi district. Western Ghats foothill scenery with forests and seasonal streams.,Oct-Feb,https://thumb.wikimedia.org/wikipedia/commons/thumb/d/dc/Muthathi_Sept.jpg/960px-Muthathi_Sept.jpg?utm_source=en.wikipedia.org&utm_campaign=api&utm_content=thumbnail
3001,Jamboti Waterfalls,Karnataka,attraction,15.8797,74.4677,budget,4.9,7357,Jamboti Waterfalls is an important waterfall destination in Belagavi district. Seasonal waterfall and forest landscape around Jamboti.,Jul-Oct,https://thumb.wikimedia.org/wikipedia/commons/thumb/3/3c/Magod_Falls_Karnataka.JPG/960px-Magod_Falls_Karnataka.JPG?utm_source=en.wikipedia.org&utm_campaign=api&utm_content=thumbnail
3002,Devanahalli Fort,Karnataka,attraction,13.3564,77.5712,mid,4.9,13993,"Beyond the birthplace of Tipu Sultan, the quiet inner residential citadel features ancient mud-and-stone bastions, historic temples, and traditional courtyard homes.",Oct-Feb,https://thumb.wikimedia.org/wikipedia/commons/thumb/c/c3/Devanahalli_fort_entrance_2007.jpg/960px-Devanahalli_fort_entrance_2007.jpg?utm_source=en.wikipedia.org&utm_campaign=api&utm_content=thumbnail
3003,Tipu Sultan Birthplace,Karnataka,attraction,13.3904,77.6172,budget,4.2,1337,Tipu Sultan Birthplace is an important heritage destination in Bengaluru Rural district. Historic birthplace site and memorial associated with Tipu Sultan.,Oct-Feb,https://thumb.wikimedia.org/wikipedia/commons/thumb/2/25/Devaraja_Market%2C_Mysore_%28306989724%29.jpg/960px-Devaraja_Market%2C_Mysore_%28306989724%29.jpg?utm_source=en.wikipedia.org&utm_campaign=api&utm_content=thumbnail
3004,Ghati Subramanya Temple,Karnataka,attraction,13.2244,77.4632,budget,4.9,7780,Ghati Subramanya Temple is an important temple destination in Bengaluru Rural district. Major pilgrimage site famous for twin Subramanya and Narasimha idols.,Oct-Mar,https://thumb.wikimedia.org/wikipedia/commons/thumb/b/bd/Ghati_Subramanya_Temple.JPG/960px-Ghati_Subramanya_Temple.JPG?utm_source=en.wikipedia.org&utm_campaign=api&utm_content=thumbnail
3005,Makalidurga Fort Trek,Karnataka,attraction,13.2584,77.5092,mid,4.9,5893,"A granite hill fort perched above a horseshoe-shaped lake; while the train-side trek is known, the rear scrub trails and lakeside boulder promontories remain empty and silent.",Oct-Feb,https://thumb.wikimedia.org/wikipedia/commons/thumb/3/3d/Kittur_fort.jpeg/960px-Kittur_fort.jpeg?utm_source=en.wikipedia.org&utm_campaign=api&utm_content=thumbnail
3006,Avati Betta,Karnataka,attraction,13.2924,77.5552,budget,4.8,7534,"Avati Betta is an important hill destination in Bengaluru Rural district. Hilltop temple, granite landscape and sunrise views.",Oct-Feb,https://thumb.wikimedia.org/wikipedia/commons/thumb/5/5c/Bhagamandala_Birdseye_View_Coorg_Feb24_A7C_09524.jpg/960px-Bhagamandala_Birdseye_View_Coorg_Feb24_A7C_09524.jpg?utm_source=en.wikipedia.org&utm_campaign=api&utm_content=thumbnail
3007,Avathi Lake,Karnataka,attraction,13.3264,77.6012,budget,4.2,1823,Avathi Lake is an important lake destination in Bengaluru Rural district. Quiet lake beneath Avati Betta.,Oct-Feb,https://thumb.wikimedia.org/wikipedia/commons/thumb/4/4d/Birds_at_Madiwala_Lake.jpg/960px-Birds_at_Madiwala_Lake.jpg?utm_source=en.wikipedia.org&utm_campaign=api&utm_content=thumbnail
3008,Kundana Betta,Karnataka,attraction,13.3604,77.6472,budget,4.1,1118,Kundana Betta is an important heritage stepwell destination in Bengaluru Rural district. Small hill-fort remains and countryside panoramas.,Oct-Feb,https://thumb.wikimedia.org/wikipedia/commons/thumb/0/04/Nalknad_Palace_%28Kakkabe%29_-_Nalnad_Palace_%2889%29.jpg/960px-Nalknad_Palace_%28Kakkabe%29_-_Nalnad_Palace_%2889%29.jpg?utm_source=en.wikipedia.org&utm_campaign=api&utm_content=thumbnail
3009,Chikka Madhure Shani Mahatma Temple,Karnataka,attraction,13.1944,77.4932,budget,4.4,1862,Chikka Madhure Shani Mahatma Temple is an important temple destination in Bengaluru Rural district. Popular temple with large Saturday gatherings and annadana.,Oct-Mar,https://thumb.wikimedia.org/wikipedia/commons/thumb/0/09/Igguthappa_Wayanattu_kulavan.jpg/960px-Igguthappa_Wayanattu_kulavan.jpg?utm_source=en.wikipedia.org&utm_campaign=api&utm_content=thumbnail
3010,Hesaraghatta Grasslands,Karnataka,attraction,13.2284,77.5392,budget,4.8,1872,"A vast, open savannah-style grassland basin on the north-western perimeter that hosts wintering harriers, pipits, and classic pastoral landscapes.",Oct-Mar,https://thumb.wikimedia.org/wikipedia/commons/thumb/e/ec/Colonel_Bailey%27s_Dungeon_-_Ground_View.jpg/960px-Colonel_Bailey%27s_Dungeon_-_Ground_View.jpg?utm_source=en.wikipedia.org&utm_campaign=api&utm_content=thumbnail
3011,Hesaraghatta Lake,Karnataka,attraction,13.2624,77.5852,budget,4.5,6308,Hesaraghatta Lake is an important lake destination in Bengaluru Rural district. Historic reservoir and seasonal wetland habitat.,Oct-Mar,https://upload.wikimedia.org/wikipedia/commons/5/59/BangaloreLake.jpg?utm_source=en.wikipedia.org&utm_campaign=api&utm_content=thumbnail_unscaled
3012,Grover Zampa Vineyards,Karnataka,attraction,13.2964,77.6312,budget,4.6,2497,Grover Zampa Vineyards is an important agri tourism destination in Bengaluru Rural district. Vineyard landscape and agricultural tourism experience.,Oct-Feb,https://thumb.wikimedia.org/wikipedia/commons/thumb/d/d1/Raaja_mahal_1.JPG/960px-Raaja_mahal_1.JPG?utm_source=en.wikipedia.org&utm_campaign=api&utm_content=thumbnail
3013,Doddaballapur handloom clusters,Karnataka,attraction,13.3304,77.4772,budget,4.9,1573,Doddaballapur handloom clusters is an important culture destination in Bengaluru Rural district. Traditional weaving communities and local textile heritage.,Oct-Feb,https://thumb.wikimedia.org/wikipedia/commons/thumb/6/67/Gagan_Mahal_palace%2C_Anegundi.jpg/960px-Gagan_Mahal_palace%2C_Anegundi.jpg?utm_source=en.wikipedia.org&utm_campaign=api&utm_content=thumbnail
3014,Manchenahalli Lake,Karnataka,attraction,13.3644,77.5232,budget,4.6,3417,Manchenahalli Lake is an important lake destination in Bengaluru Rural district. Quiet rural lake with birding potential.,Oct-Feb,https://thumb.wikimedia.org/wikipedia/commons/thumb/6/61/Sunset_vtr_lake.jpg/960px-Sunset_vtr_lake.jpg?utm_source=en.wikipedia.org&utm_campaign=api&utm_content=thumbnail
3015,Makalidurga Fort & Trekking Trail,Karnataka,attraction,15.2869,75.7011,mid,4.5,6805,"Makalidurga Fort & Trekking Trail is an authentic attraction destination located in ,  district of Karnataka. Celebrated for its regional significance and unique ambiance, it offers travelers an immersive experience in the culture, scenic beauty, and heritage of Karnataka.",Oct-Feb,https://upload.wikimedia.org/wikipedia/commons/b/be/Part_of_Fort%2C_Beejapore..jpg?utm_source=en.wikipedia.org&utm_campaign=api&utm_content=thumbnail_unscaled
3016,Tipu Sultan's Summer Palace,Karnataka,attraction,12.9116,77.6546,mid,4.9,21599,Tipu Sultan's Summer Palace is an important heritage destination in Bengaluru Urban district. Historic teakwood palace associated with Tipu Sultan.,Oct-Feb,https://thumb.wikimedia.org/wikipedia/commons/thumb/1/13/Tippu_Sultan%27s_Summer_palace.jpg/960px-Tippu_Sultan%27s_Summer_palace.jpg?utm_source=en.wikipedia.org&utm_campaign=api&utm_content=thumbnail
3017,Bangalore Fort,Karnataka,attraction,12.9456,77.5006,mid,4.6,2659,Bangalore Fort is an important heritage destination in Bengaluru Urban district. Historic fort remnants representing Bengaluru's pre-modern city history.,Oct-Feb,https://thumb.wikimedia.org/wikipedia/commons/thumb/7/7e/Old_Bangalore_Fort%2C_Inside_View.JPG/960px-Old_Bangalore_Fort%2C_Inside_View.JPG?utm_source=en.wikipedia.org&utm_campaign=api&utm_content=thumbnail
3018,Devanahalli-adjacent urban heritage routes,Karnataka,attraction,12.9796,77.5466,budget,4.5,4379,Devanahalli-adjacent urban heritage routes is an important heritage destination in Bengaluru Urban district. Smaller historical structures and old settlement landscapes within metropolitan orbit.,Oct-Feb,https://thumb.wikimedia.org/wikipedia/commons/thumb/6/6c/Namada_Chilume.jpg/960px-Namada_Chilume.jpg?utm_source=en.wikipedia.org&utm_campaign=api&utm_content=thumbnail
3019,Indian Music Experience Museum,Karnataka,attraction,13.0136,77.5926,mid,4.9,8701,Indian Music Experience Museum is an important museum destination in Bengaluru Urban district. Interactive museum focused on Indian music traditions and popular music.,Oct-Mar,https://thumb.wikimedia.org/wikipedia/commons/thumb/9/90/Mayo_hall_cour_complex.jpg/960px-Mayo_hall_cour_complex.jpg?utm_source=en.wikipedia.org&utm_campaign=api&utm_content=thumbnail
3020,MAP Museum of Art & Photography,Karnataka,attraction,13.0476,77.6386,mid,4.2,1042,MAP Museum of Art & Photography is an important museum destination in Bengaluru Urban district. Modern museum with major Indian art and photography collections.,Oct-Mar,https://thumb.wikimedia.org/wikipedia/commons/thumb/f/fa/Visvesvaraya_Industrial_and_Technological_Museum%2C_Bangalore_%282025%29_02.jpg/960px-Visvesvaraya_Industrial_and_Technological_Museum%2C_Bangalore_%282025%29_02.jpg?utm_source=en.wikipedia.org&utm_campaign=api&utm_content=thumbnail
3021,Kempegowda Museum,Karnataka,attraction,12.8816,77.6846,mid,4.1,440,Kempegowda Museum is an important museum destination in Bengaluru Urban district. Museum documenting Bengaluru founder Kempegowda and city history.,Oct-Mar,https://thumb.wikimedia.org/wikipedia/commons/thumb/9/90/Mayo_hall_cour_complex.jpg/960px-Mayo_hall_cour_complex.jpg?utm_source=en.wikipedia.org&utm_campaign=api&utm_content=thumbnail
3022,Bangalore University Jnana Bharathi biodiversity areas,Karnataka,attraction,12.9156,77.5306,budget,4.5,3967,Bangalore University Jnana Bharathi biodiversity areas is an important nature destination in Bengaluru Urban district. Large green campus landscape with birding and quiet walking routes.,Oct-Feb,https://upload.wikimedia.org/wikipedia/commons/8/81/Bettesha.JPG?utm_source=en.wikipedia.org&utm_campaign=api&utm_content=thumbnail_unscaled
3023,Turahalli Forest,Karnataka,attraction,12.9496,77.5766,budget,4.3,2386,"A surviving patch of natural dry-deciduous boulder forest on the southwestern outskirts, offering quiet sunrise stone perches and birding trails.",Oct-Feb,https://thumb.wikimedia.org/wikipedia/commons/thumb/6/6b/Thurahalli%2C_Bengaluru%2C_Karnataka_560062%2C_India_-_panoramio_%282%29.jpg/960px-Thurahalli%2C_Bengaluru%2C_Karnataka_560062%2C_India_-_panoramio_%282%29.jpg?utm_source=en.wikipedia.org&utm_campaign=api&utm_content=thumbnail
3024,Doddabommasandra Lake,Karnataka,attraction,12.9836,77.6226,budget,4.1,1028,Doddabommasandra Lake is an important lake destination in Bengaluru Urban district. Quiet urban wetland with birdwatching potential.,Oct-Feb,https://thumb.wikimedia.org/wikipedia/commons/thumb/f/f7/TGHallidam.JPG/960px-TGHallidam.JPG?utm_source=en.wikipedia.org&utm_campaign=api&utm_content=thumbnail
3025,Madiwala Lake,Karnataka,attraction,13.0176,77.6686,budget,4.1,887,Madiwala Lake is an important lake destination in Bengaluru Urban district. Large urban lake and bird habitat.,Oct-Feb,https://thumb.wikimedia.org/wikipedia/commons/thumb/4/4d/Birds_at_Madiwala_Lake.jpg/960px-Birds_at_Madiwala_Lake.jpg?utm_source=en.wikipedia.org&utm_campaign=api&utm_content=thumbnail
3026,Kaikondrahalli Lake,Karnataka,attraction,13.0516,77.5146,budget,4.3,2471,Kaikondrahalli Lake is an important lake destination in Bengaluru Urban district. Restored urban wetland with strong bird diversity.,Oct-Feb,https://thumb.wikimedia.org/wikipedia/commons/thumb/d/dd/Wide_angle_of_Galigopuram_of_Virupaksha_Temple%2C_Hampi_%2804%29_%28cropped%29.jpg/960px-Wide_angle_of_Galigopuram_of_Virupaksha_Temple%2C_Hampi_%2804%29_%28cropped%29.jpg?utm_source=en.wikipedia.org&utm_campaign=api&utm_content=thumbnail
3027,Varthur Lake,Karnataka,attraction,12.8856,77.5606,budget,4.6,5000,Varthur Lake is an important lake destination in Bengaluru Urban district. Large urban wetland with seasonal birdlife and landscape interest.,Oct-Feb,https://thumb.wikimedia.org/wikipedia/commons/thumb/6/61/Sunset_vtr_lake.jpg/960px-Sunset_vtr_lake.jpg?utm_source=en.wikipedia.org&utm_campaign=api&utm_content=thumbnail
3028,Rangin Mahal,Karnataka,attraction,17.8584,77.5319,budget,4.5,7508,Rangin Mahal is an important heritage destination in Bidar district. Decorated palace inside Bidar Fort with tile and woodwork.,Oct-Feb,https://thumb.wikimedia.org/wikipedia/commons/thumb/5/55/Manjarabad_Fort_2.jpg/960px-Manjarabad_Fort_2.jpg?utm_source=en.wikipedia.org&utm_campaign=api&utm_content=thumbnail
3029,Bahmani Tombs Ashtoor,Karnataka,attraction,17.8924,77.5779,budget,4.7,23169,Bahmani Tombs Ashtoor is an important heritage destination in Bidar district. Grand medieval mausoleums with stucco decoration.,Oct-Feb,https://thumb.wikimedia.org/wikipedia/commons/thumb/7/71/Maner_dargah_..._Bihar_._INDIA.jpg/960px-Maner_dargah_..._Bihar_._INDIA.jpg?utm_source=en.wikipedia.org&utm_campaign=api&utm_content=thumbnail
3030,Nanak Jhira Sahib Gurudwara,Karnataka,attraction,17.9264,77.4239,budget,4.9,23992,Nanak Jhira Sahib Gurudwara is an important religious destination in Bidar district. Major Sikh pilgrimage site with sacred spring.,Oct-Feb,https://thumb.wikimedia.org/wikipedia/commons/thumb/f/f2/TheJoyof350thAnniversary%40IncredibleIndia.jpg/960px-TheJoyof350thAnniversary%40IncredibleIndia.jpg?utm_source=commons.wikimedia.org&utm_campaign=imageinfo&utm_content=thumbnail
3031,Narasimha Jharna Temple,Karnataka,attraction,17.9604,77.4699,budget,4.1,1325,Narasimha Jharna Temple is an important temple destination in Bidar district. Unique cave temple reached through a water-filled passage.,Oct-Mar,https://thumb.wikimedia.org/wikipedia/commons/thumb/b/bd/Ghati_Subramanya_Temple.JPG/960px-Ghati_Subramanya_Temple.JPG?utm_source=en.wikipedia.org&utm_campaign=api&utm_content=thumbnail
3032,Chaubara Tower,Karnataka,attraction,17.9944,77.5159,budget,4.9,1874,Chaubara Tower is an important heritage destination in Bidar district. Historic watch tower offering city views.,Oct-Feb,https://upload.wikimedia.org/wikipedia/commons/8/84/Mekedat.jpg?utm_source=en.wikipedia.org&utm_campaign=api&utm_content=thumbnail_unscaled
3033,Madrasa of Mahmud Gawan,Karnataka,attraction,17.8284,77.5619,budget,4.3,685,Madrasa of Mahmud Gawan is an important religious heritage destination in Bidar district. 15th-century Islamic college with distinctive tilework and architecture.,Oct-Feb,https://thumb.wikimedia.org/wikipedia/commons/thumb/0/0c/Banavasi_varadariver_side.jpg/960px-Banavasi_varadariver_side.jpg?utm_source=en.wikipedia.org&utm_campaign=api&utm_content=thumbnail
3034,Karez water system,Karnataka,attraction,17.8624,77.6079,budget,4.2,3284,Karez water system is an important cave destination in Bidar district. Historic underground water-supply network inherited from medieval Bidar.,Oct-Feb,https://thumb.wikimedia.org/wikipedia/commons/thumb/7/7b/Vishnu_image_inside_cave_number_3_in_Badami.jpg/960px-Vishnu_image_inside_cave_number_3_in_Badami.jpg?utm_source=en.wikipedia.org&utm_campaign=api&utm_content=thumbnail
3035,Chaukhandi of Hazrat Khalil Ullah,Karnataka,attraction,17.8964,77.4539,budget,4.5,3325,Chaukhandi of Hazrat Khalil Ullah is an important religious heritage destination in Bidar district. Historic mausoleum in a quieter heritage setting.,Oct-Feb,https://thumb.wikimedia.org/wikipedia/commons/thumb/f/fb/Karigatte_temple.JPG/960px-Karigatte_temple.JPG?utm_source=en.wikipedia.org&utm_campaign=api&utm_content=thumbnail
3036,Narasimha Jharni Cave Temple (Sacred Water Cave),Karnataka,attraction,15.3565,75.7531,budget,4.3,1659,"Narasimha Jharni Cave Temple (Sacred Water Cave) is an authentic attraction destination located in ,  district of Karnataka. Celebrated for its regional significance and unique ambiance, it offers travelers an immersive experience in the culture, scenic beauty, and heritage of Karnataka.",Oct-Mar,https://thumb.wikimedia.org/wikipedia/commons/thumb/1/11/Melukotetemple.jpg/960px-Melukotetemple.jpg?utm_source=en.wikipedia.org&utm_campaign=api&utm_content=thumbnail
3037,Gurudwara Nanak Jhira lower spring area,Karnataka,attraction,17.9644,77.5459,budget,4.7,2449,Gurudwara Nanak Jhira lower spring area is an important religious destination in Bidar district. Spring and hill landscape associated with Sikh traditions.,Oct-Feb,https://thumb.wikimedia.org/wikipedia/commons/thumb/f/f2/TheJoyof350thAnniversary%40IncredibleIndia.jpg/960px-TheJoyof350thAnniversary%40IncredibleIndia.jpg?utm_source=commons.wikimedia.org&utm_campaign=imageinfo&utm_content=thumbnail
3038,Basavakalyan heritage circuit,Karnataka,attraction,17.9984,77.5919,budget,4.7,6145,Basavakalyan heritage circuit is an important temple destination in Bidar district. Historic capital of the Western Chalukya and Lingayat cultural landscape.,Oct-Feb,https://upload.wikimedia.org/wikipedia/commons/8/86/Dodda_Ganeshana_Gudi_Hindu_temple%2C_Basavanagudi%2C_Karnataka%2C_India.jpg?utm_source=en.wikipedia.org&utm_campaign=api&utm_content=thumbnail_unscaled
3039,Basavakalyan Fort,Karnataka,attraction,17.8324,77.4379,mid,4.9,1710,Basavakalyan Fort is an important heritage destination in Bidar district. Historic fort with multi-dynastic heritage.,Oct-Feb,https://thumb.wikimedia.org/wikipedia/commons/thumb/e/e8/Massive_Chor_Gumbaz.jpg/960px-Massive_Chor_Gumbaz.jpg?utm_source=en.wikipedia.org&utm_campaign=api&utm_content=thumbnail
3040,Anubhava Mantapa,Karnataka,attraction,17.8664,77.4839,budget,4.4,1967,Anubhava Mantapa is an important heritage destination in Bidar district. Important Lingayat cultural and philosophical heritage site.,Oct-Feb,https://upload.wikimedia.org/wikipedia/commons/e/e0/Kolar_Gold_Fields_-_1913.jpg?utm_source=en.wikipedia.org&utm_campaign=api&utm_content=thumbnail_unscaled
3041,Maniknagar Dattatreya Temple,Karnataka,attraction,17.9004,77.5299,budget,4.1,962,Maniknagar Dattatreya Temple is an important temple destination in Bidar district. Major Dattatreya pilgrimage destination in Bidar region.,Oct-Mar,https://thumb.wikimedia.org/wikipedia/commons/thumb/0/09/Igguthappa_Wayanattu_kulavan.jpg/960px-Igguthappa_Wayanattu_kulavan.jpg?utm_source=en.wikipedia.org&utm_campaign=api&utm_content=thumbnail
3042,BRT Wildlife Sanctuary,Karnataka,attraction,11.9501,76.9997,budget,4.6,12275,BRT Wildlife Sanctuary is an important wildlife destination in Chamarajanagar district. Biligiri Rangaswamy hills with rich wildlife and tribal cultural heritage.,Oct-Feb,https://upload.wikimedia.org/wikipedia/commons/c/cd/2006-Tigers-and-Gaurs.jpg?utm_source=en.wikipedia.org&utm_campaign=api&utm_content=thumbnail_unscaled
3043,Biligiri Rangaswamy Temple,Karnataka,attraction,11.9841,76.8457,budget,4.4,2158,Biligiri Rangaswamy Temple is an important temple destination in Chamarajanagar district. Hilltop temple surrounded by protected forest.,Oct-Mar,https://thumb.wikimedia.org/wikipedia/commons/thumb/d/d1/Sri_Yantrodharaka_Hanuman_Temple%2C_Hampi.jpg/960px-Sri_Yantrodharaka_Hanuman_Temple%2C_Hampi.jpg?utm_source=en.wikipedia.org&utm_campaign=api&utm_content=thumbnail
3044,MM Hills Male Mahadeshwara Hills,Karnataka,attraction,12.0181,76.8917,budget,4.9,9366,MM Hills Male Mahadeshwara Hills is an important hill destination in Chamarajanagar district. Major pilgrimage hill range surrounded by forests.,Oct-Feb,https://thumb.wikimedia.org/wikipedia/commons/thumb/1/17/Tadiandamol_Valley%2C_Western_Ghats.jpg/960px-Tadiandamol_Valley%2C_Western_Ghats.jpg?utm_source=en.wikipedia.org&utm_campaign=api&utm_content=thumbnail
3045,Gopalaswamy Betta,Karnataka,attraction,11.8521,76.9377,budget,4.4,1785,Gopalaswamy Betta is an important hill destination in Chamarajanagar district. Hilltop temple and grassland landscape within Bandipur region.,Oct-Feb,https://thumb.wikimedia.org/wikipedia/commons/thumb/e/ed/Gopalswamy_Betta.jpg/960px-Gopalswamy_Betta.jpg?utm_source=en.wikipedia.org&utm_campaign=api&utm_content=thumbnail
3046,BR Hills tribal village experiences,Karnataka,attraction,11.8861,76.9837,budget,4.3,3029,BR Hills tribal village experiences is an important hill destination in Chamarajanagar district. Jenu Kuruba and Soliga cultural landscapes around BRT.,Oct-Feb,https://thumb.wikimedia.org/wikipedia/commons/thumb/c/c1/Kodachadri.JPG/960px-Kodachadri.JPG?utm_source=en.wikipedia.org&utm_campaign=api&utm_content=thumbnail
3047,Dzogchen Monastery,Karnataka,attraction,11.9201,77.0297,budget,4.7,6729,Dzogchen Monastery is an important temple destination in Chamarajanagar district. Tibetan Buddhist monastery in a quiet hill setting.,Oct-Feb,https://upload.wikimedia.org/wikipedia/commons/4/44/%E0%BD%A2%E0%BE%AB%E0%BD%BC%E0%BD%82%E0%BD%A6%E0%BC%8B%E0%BD%86%E0%BD%BA%E0%BD%93%E0%BC%8B%E0%BD%91%E0%BD%82%E0%BD%BC%E0%BD%93.JPG?utm_source=en.wikipedia.org&utm_campaign=api&utm_content=thumbnail_unscaled
3048,Barachukki Falls,Karnataka,attraction,11.9541,76.8757,budget,4.9,14333,Barachukki Falls is an important waterfall destination in Chamarajanagar district. Major Cauvery waterfall surrounded by rocky gorge scenery.,Oct-Feb,https://thumb.wikimedia.org/wikipedia/commons/thumb/4/4d/LUSHINGTON_FALLS-UNCHALLI.JPG/960px-LUSHINGTON_FALLS-UNCHALLI.JPG?utm_source=en.wikipedia.org&utm_campaign=api&utm_content=thumbnail
3049,Gaganachukki Falls,Karnataka,attraction,11.9881,76.9217,budget,4.5,17204,Gaganachukki Falls is an important waterfall destination in Chamarajanagar district. Dramatic Cauvery waterfall and viewpoint landscape.,Oct-Feb,https://upload.wikimedia.org/wikipedia/commons/d/dd/Gokak_Falls_During_Night.jpg?utm_source=en.wikipedia.org&utm_campaign=api&utm_content=thumbnail_unscaled
3050,Gaganachukki & Bharachukki Falls (Shivanasamudra),Karnataka,attraction,15.2861,75.7443,budget,4.6,1339,"Gaganachukki & Bharachukki Falls (Shivanasamudra) is an authentic attraction destination located in ,  district of Karnataka. Celebrated for its regional significance and unique ambiance, it offers travelers an immersive experience in the culture, scenic beauty, and heritage of Karnataka.",Oct-Feb,https://thumb.wikimedia.org/wikipedia/commons/thumb/4/4d/LUSHINGTON_FALLS-UNCHALLI.JPG/960px-LUSHINGTON_FALLS-UNCHALLI.JPG?utm_source=en.wikipedia.org&utm_campaign=api&utm_content=thumbnail
3051,Bheemeshwari Cauvery Wildlife & Fishing Camp,Karnataka,homestay,15.3341,75.6891,budget,4.5,2023,"Bheemeshwari Cauvery Wildlife & Fishing Camp is an authentic homestay destination located in ,  district of Karnataka. Celebrated for its regional significance and unique ambiance, it offers travelers an immersive experience in the culture, scenic beauty, and heritage of Karnataka.",Oct-Feb,https://thumb.wikimedia.org/wikipedia/commons/thumb/5/52/Chinnaswamy_Stadium.jpg/960px-Chinnaswamy_Stadium.jpg?utm_source=en.wikipedia.org&utm_campaign=api&utm_content=thumbnail
3052,Suvarnavathi Reservoir,Karnataka,attraction,11.8901,76.8597,budget,4.2,2473,Suvarnavathi Reservoir is an important lake destination in Chamarajanagar district. Quiet reservoir and rural hill scenery.,Oct-Feb,https://thumb.wikimedia.org/wikipedia/commons/thumb/4/4d/Birds_at_Madiwala_Lake.jpg/960px-Birds_at_Madiwala_Lake.jpg?utm_source=en.wikipedia.org&utm_campaign=api&utm_content=thumbnail
3053,Chamarajanagar fort remnants,Karnataka,attraction,11.9241,76.9057,mid,4.8,3718,Chamarajanagar fort remnants is an important heritage destination in Chamarajanagar district. Local historic remains with low tourist traffic.,Oct-Feb,https://thumb.wikimedia.org/wikipedia/commons/thumb/0/0a/Mirjan_Fort_02.JPG/960px-Mirjan_Fort_02.JPG?utm_source=en.wikipedia.org&utm_campaign=api&utm_content=thumbnail
3054,Kanakagiri hills,Karnataka,attraction,11.9581,76.9517,budget,4.1,1164,The ancient historical capital featuring the 16th-century Kanakachalapathi Temple and elaborate medieval stone step-wells (Kalyanis) with subterranean water pavilions.,Oct-Feb,https://thumb.wikimedia.org/wikipedia/commons/thumb/b/b9/Complex_of_Virupaksha_Temple%2C_Hampi_%2804%29.jpg/960px-Complex_of_Virupaksha_Temple%2C_Hampi_%2804%29.jpg?utm_source=en.wikipedia.org&utm_campaign=api&utm_content=thumbnail
3055,Skandagiri,Karnataka,attraction,13.4985,77.7815,budget,4.9,11839,Skandagiri is an important hill destination in Chikkaballapur district. Popular night and sunrise trek through granite hills.,Oct-Feb,https://thumb.wikimedia.org/wikipedia/commons/thumb/a/a8/Skandagiri.jpg/960px-Skandagiri.jpg?utm_source=en.wikipedia.org&utm_campaign=api&utm_content=thumbnail
3056,Muddenahalli Visvesvaraya Museum,Karnataka,attraction,13.3325,77.6275,mid,4.7,4854,Muddenahalli Visvesvaraya Museum is an important museum destination in Chikkaballapur district. Birthplace and memorial of engineer M Visvesvaraya.,Oct-Mar,https://thumb.wikimedia.org/wikipedia/commons/thumb/f/fa/Visvesvaraya_Industrial_and_Technological_Museum%2C_Bangalore_%282025%29_02.jpg/960px-Visvesvaraya_Industrial_and_Technological_Museum%2C_Bangalore_%282025%29_02.jpg?utm_source=en.wikipedia.org&utm_campaign=api&utm_content=thumbnail
3057,Kalavara Durga,Karnataka,attraction,13.3665,77.6735,budget,4.5,8818,Kalavara Durga is an important hill destination in Chikkaballapur district. Rocky hill trek with fort ruins and panoramic scenery.,Oct-Feb,https://thumb.wikimedia.org/wikipedia/commons/thumb/a/a8/Skandagiri.jpg/960px-Skandagiri.jpg?utm_source=en.wikipedia.org&utm_campaign=api&utm_content=thumbnail
3058,Savandurga Monolith Hill (Largest Monolith in Asia),Karnataka,attraction,15.3013,75.6971,budget,3.9,975,"Savandurga Monolith Hill (Largest Monolith in Asia) is an authentic attraction destination located in ,  district of Karnataka. Celebrated for its regional significance and unique ambiance, it offers travelers an immersive experience in the culture, scenic beauty, and heritage of Karnataka.",Oct-Feb,https://thumb.wikimedia.org/wikipedia/commons/thumb/d/dc/Muthathi_Sept.jpg/960px-Muthathi_Sept.jpg?utm_source=en.wikipedia.org&utm_campaign=api&utm_content=thumbnail
3059,Amruth Sarovara rural lakes,Karnataka,attraction,13.4345,77.7655,budget,4.1,307,Amruth Sarovara rural lakes is an important lake destination in Chikkaballapur district. Quiet reservoirs and village wetlands around the district.,Oct-Feb,https://thumb.wikimedia.org/wikipedia/commons/thumb/4/44/Harangi_Reservoir%2C_Coorg.jpg/960px-Harangi_Reservoir%2C_Coorg.jpg?utm_source=en.wikipedia.org&utm_campaign=api&utm_content=thumbnail
3060,Skandagiri Fort (Kalavara Durga Sunrise Trek),Karnataka,attraction,15.3101,75.7315,mid,4.6,2523,"Skandagiri Fort (Kalavara Durga Sunrise Trek) is an authentic attraction destination located in ,  district of Karnataka. Celebrated for its regional significance and unique ambiance, it offers travelers an immersive experience in the culture, scenic beauty, and heritage of Karnataka.",Oct-Feb,https://thumb.wikimedia.org/wikipedia/commons/thumb/c/c3/Devanahalli_fort_entrance_2007.jpg/960px-Devanahalli_fort_entrance_2007.jpg?utm_source=en.wikipedia.org&utm_campaign=api&utm_content=thumbnail
3061,Byrapuram Lake,Karnataka,attraction,13.5025,77.6575,budget,4.8,4447,Byrapuram Lake is an important lake destination in Chikkaballapur district. Quiet local lake suitable for birding and sunsets.,Oct-Feb,https://thumb.wikimedia.org/wikipedia/commons/thumb/4/4d/Birds_at_Madiwala_Lake.jpg/960px-Birds_at_Madiwala_Lake.jpg?utm_source=en.wikipedia.org&utm_campaign=api&utm_content=thumbnail
3062,Hebbe Falls,Karnataka,attraction,13.2193,75.7514,budget,4.5,23292,Hebbe Falls is an important waterfall destination in Chikkamagaluru district. Large waterfall reached through forest terrain.,Oct-Feb,https://thumb.wikimedia.org/wikipedia/commons/thumb/7/7a/Hebbe_Falls.JPG/960px-Hebbe_Falls.JPG?utm_source=en.wikipedia.org&utm_campaign=api&utm_content=thumbnail
3063,Kallathigiri Falls,Karnataka,attraction,13.2533,75.7974,budget,4.4,3094,Kallathigiri Falls is an important waterfall destination in Chikkamagaluru district. Waterfall flowing beside a historic Shiva shrine.,Oct-Feb,https://thumb.wikimedia.org/wikipedia/commons/thumb/3/3c/Magod_Falls_Karnataka.JPG/960px-Magod_Falls_Karnataka.JPG?utm_source=en.wikipedia.org&utm_campaign=api&utm_content=thumbnail
3064,Jhari Falls,Karnataka,attraction,13.2873,75.8434,budget,4.4,454,Jhari Falls is an important waterfall destination in Chikkamagaluru district. Scenic seasonal waterfall surrounded by coffee country.,Oct-Feb,https://upload.wikimedia.org/wikipedia/commons/b/b3/Jhari_Falls_2k22.jpg?utm_source=en.wikipedia.org&utm_campaign=api&utm_content=thumbnail_unscaled
3065,Bhadra Wildlife Sanctuary,Karnataka,attraction,13.3213,75.6894,budget,4.6,6647,Bhadra Wildlife Sanctuary is an important wildlife destination in Chikkamagaluru district. Western Ghats tiger reserve and biodiversity landscape.,Oct-Feb,https://upload.wikimedia.org/wikipedia/commons/c/cd/2006-Tigers-and-Gaurs.jpg?utm_source=en.wikipedia.org&utm_campaign=api&utm_content=thumbnail_unscaled
3066,Manikyadhara Falls,Karnataka,attraction,13.3553,75.7354,budget,4.9,5237,Manikyadhara Falls is an important waterfall destination in Chikkamagaluru district. Hill waterfall near Baba Budangiri with scenic surroundings.,Oct-Feb,https://upload.wikimedia.org/wikipedia/commons/d/dd/Gokak_Falls_During_Night.jpg?utm_source=en.wikipedia.org&utm_campaign=api&utm_content=thumbnail_unscaled
3067,Belavadi Veera Narayana Temple,Karnataka,attraction,13.3893,75.7814,budget,4.3,517,Belavadi Veera Narayana Temple is an important temple destination in Chikkamagaluru district. Large Hoysala Trikuta temple with exquisite sculpture.,Oct-Mar,https://thumb.wikimedia.org/wikipedia/commons/thumb/b/b9/Thalakkaveri_Temple%2C_Karnataka.jpg/960px-Thalakkaveri_Temple%2C_Karnataka.jpg?utm_source=en.wikipedia.org&utm_campaign=api&utm_content=thumbnail
3068,Angadi Temple Cluster,Karnataka,attraction,13.2233,75.8274,budget,4.3,2184,Angadi Temple Cluster is an important temple destination in Chikkamagaluru district. Cluster of historic temples linked with Hoysala history.,Oct-Mar,https://thumb.wikimedia.org/wikipedia/commons/thumb/e/ed/Gopalswamy_Betta.jpg/960px-Gopalswamy_Betta.jpg?utm_source=en.wikipedia.org&utm_campaign=api&utm_content=thumbnail
3069,Amrithapura Amruteshvara Temple,Karnataka,attraction,13.2573,75.8734,budget,4.1,601,Amrithapura Amruteshvara Temple is an important temple destination in Chikkamagaluru district. Beautiful Hoysala temple with detailed carvings.,Oct-Mar,https://thumb.wikimedia.org/wikipedia/commons/thumb/b/b9/Thalakkaveri_Temple%2C_Karnataka.jpg/960px-Thalakkaveri_Temple%2C_Karnataka.jpg?utm_source=en.wikipedia.org&utm_campaign=api&utm_content=thumbnail
3070,Sri Vidyashankar Temple Sringeri,Karnataka,attraction,13.2913,75.7194,budget,4.7,4648,Sri Vidyashankar Temple Sringeri is an important temple destination in Chikkamagaluru district. Unique temple combining Hoysala and Dravidian architectural elements.,Oct-Mar,https://thumb.wikimedia.org/wikipedia/commons/thumb/b/b9/Thalakkaveri_Temple%2C_Karnataka.jpg/960px-Thalakkaveri_Temple%2C_Karnataka.jpg?utm_source=en.wikipedia.org&utm_campaign=api&utm_content=thumbnail
3071,Devaramane,Karnataka,attraction,13.3253,75.7654,budget,4.2,3265,Devaramane is an important hill destination in Chikkamagaluru district. Quiet hill and grassland landscape with wide Western Ghats views.,Oct-Feb,https://thumb.wikimedia.org/wikipedia/commons/thumb/f/fc/Temple_of_kalabhairava%2C_skyline_from_Devaramane%2C_Guthi_village%2C_July_5%2C_2011.jpg/960px-Temple_of_kalabhairava%2C_skyline_from_Devaramane%2C_Guthi_village%2C_July_5%2C_2011.jpg?utm_source=en.wikipedia.org&utm_campaign=api&utm_content=thumbnail
3072,Ranganabetta,Karnataka,attraction,13.3593,75.8114,budget,4.7,6776,"Beyond the main temple viewpoint, the ancient evergreen shola forest trails and Soliga tribal hamlets nestled within the high-elevation sanctuary.",Oct-Feb,https://thumb.wikimedia.org/wikipedia/commons/thumb/e/e3/Gettyedu-2008.78.51-Retouched.jpg/960px-Gettyedu-2008.78.51-Retouched.jpg?utm_source=en.wikipedia.org&utm_campaign=api&utm_content=thumbnail
3073,Kundadri Hill Jain Temple & Sunrise Viewpoint,Karnataka,attraction,15.3165,75.7387,budget,4.6,3265,"Kundadri Hill Jain Temple & Sunrise Viewpoint is an authentic attraction destination located in ,  district of Karnataka. Celebrated for its regional significance and unique ambiance, it offers travelers an immersive experience in the culture, scenic beauty, and heritage of Karnataka.",Oct-Mar,https://thumb.wikimedia.org/wikipedia/commons/thumb/e/e8/Shravanabelagola_Hillview.jpg/960px-Shravanabelagola_Hillview.jpg?utm_source=en.wikipedia.org&utm_campaign=api&utm_content=thumbnail
3074,Kalhatti village coffee,Karnataka,restaurant,15.3077,75.7003,mid,4.7,2021,"Kalhatti village coffee is an authentic restaurant destination located in ,  district of Karnataka. Celebrated for its regional significance and unique ambiance, it offers travelers an immersive experience in the culture, scenic beauty, and heritage of Karnataka.",Oct-Feb,https://images.unsplash.com/photo-1552566626-52f8b828add9?auto=format&fit=crop&w=1200&q=80
3075,Magajahalli Waterfalls,Karnataka,attraction,13.2613,75.7494,budget,4.9,5502,Magajahalli Waterfalls is an important waterfall destination in Chikkamagaluru district. Small waterfall near Sakleshpur-side forest and coffee country.,Jul-Oct,https://thumb.wikimedia.org/wikipedia/commons/thumb/4/4d/LUSHINGTON_FALLS-UNCHALLI.JPG/960px-LUSHINGTON_FALLS-UNCHALLI.JPG?utm_source=en.wikipedia.org&utm_campaign=api&utm_content=thumbnail
3076,Bettadabyraveshwara Temple,Karnataka,attraction,13.2953,75.7954,budget,4.6,4942,Bettadabyraveshwara Temple is an important temple destination in Chikkamagaluru district. Remote hill temple with scenic Western Ghats setting.,Oct-Mar,https://thumb.wikimedia.org/wikipedia/commons/thumb/d/dd/Wide_angle_of_Galigopuram_of_Virupaksha_Temple%2C_Hampi_%2804%29_%28cropped%29.jpg/960px-Wide_angle_of_Galigopuram_of_Virupaksha_Temple%2C_Hampi_%2804%29_%28cropped%29.jpg?utm_source=en.wikipedia.org&utm_campaign=api&utm_content=thumbnail
3077,Onake Obavvana Kindi,Karnataka,attraction,14.2391,76.464,budget,4.9,18830,Onake Obavvana Kindi is an important heritage destination in Chitradurga district. Historic narrow passage associated with the legendary defence by Onake Obavva.,Oct-Feb,https://thumb.wikimedia.org/wikipedia/commons/thumb/6/67/Gagan_Mahal_palace%2C_Anegundi.jpg/960px-Gagan_Mahal_palace%2C_Anegundi.jpg?utm_source=en.wikipedia.org&utm_campaign=api&utm_content=thumbnail
3078,Chandravalli Caves,Karnataka,attraction,14.2731,76.31,budget,4.6,5950,"An archaeological valley nestled between three rugged granite hills, home to ancient subterranean meditation caves (Ankali Mutt) lit only by oil lamps.",Oct-Feb,https://thumb.wikimedia.org/wikipedia/commons/thumb/7/7b/Vishnu_image_inside_cave_number_3_in_Badami.jpg/960px-Vishnu_image_inside_cave_number_3_in_Badami.jpg?utm_source=en.wikipedia.org&utm_campaign=api&utm_content=thumbnail
3079,Jogimatti Peak,Karnataka,attraction,14.3071,76.356,budget,4.2,2525,Jogimatti Peak is an important hill destination in Chitradurga district. Hill and wildlife sanctuary with panoramic views.,Oct-Feb,https://thumb.wikimedia.org/wikipedia/commons/thumb/1/17/Tadiandamol_Valley%2C_Western_Ghats.jpg/960px-Tadiandamol_Valley%2C_Western_Ghats.jpg?utm_source=en.wikipedia.org&utm_campaign=api&utm_content=thumbnail
3080,Vani Vilas Sagar Dam,Karnataka,attraction,14.1411,76.402,budget,4.7,2921,Vani Vilas Sagar Dam is an important lake destination in Chitradurga district. Historic reservoir with scenic hills and distinctive dam architecture.,Oct-Feb,https://thumb.wikimedia.org/wikipedia/commons/thumb/4/44/Harangi_Reservoir%2C_Coorg.jpg/960px-Harangi_Reservoir%2C_Coorg.jpg?utm_source=en.wikipedia.org&utm_campaign=api&utm_content=thumbnail
3081,Adumalleshwara Cave Temple,Karnataka,attraction,14.1751,76.448,budget,4.3,1232,Adumalleshwara Cave Temple is an important temple destination in Chitradurga district. Cave temple with perennial spring flowing from Nandi.,Oct-Mar,https://thumb.wikimedia.org/wikipedia/commons/thumb/e/ed/Gopalswamy_Betta.jpg/960px-Gopalswamy_Betta.jpg?utm_source=en.wikipedia.org&utm_campaign=api&utm_content=thumbnail
3082,Nayakanahatti Temple,Karnataka,attraction,14.2091,76.494,budget,4.9,2494,Nayakanahatti Temple is an important temple destination in Chitradurga district. Important shrine associated with saint Thipperudraswamy.,Oct-Mar,https://upload.wikimedia.org/wikipedia/commons/8/86/Dodda_Ganeshana_Gudi_Hindu_temple%2C_Basavanagudi%2C_Karnataka%2C_India.jpg?utm_source=en.wikipedia.org&utm_campaign=api&utm_content=thumbnail_unscaled
3083,Holalkere Monolithic Ganesha,Karnataka,attraction,14.2431,76.34,budget,4.6,2048,Holalkere Monolithic Ganesha is an important heritage destination in Chitradurga district. Large monolithic Ganesha statue with Vijayanagara-era craftsmanship.,Oct-Feb,https://thumb.wikimedia.org/wikipedia/commons/thumb/6/6c/Namada_Chilume.jpg/960px-Namada_Chilume.jpg?utm_source=en.wikipedia.org&utm_campaign=api&utm_content=thumbnail
3084,Maradihalli Pillow Lava Geological Monument,Karnataka,attraction,14.2771,76.386,mid,4.6,8680,Maradihalli Pillow Lava Geological Monument is an important heritage destination in Chitradurga district. Rare geological formation representing ancient submarine volcanic activity.,Oct-Mar,https://thumb.wikimedia.org/wikipedia/commons/thumb/4/4b/Mudgal_fort_3.jpg/960px-Mudgal_fort_3.jpg?utm_source=en.wikipedia.org&utm_campaign=api&utm_content=thumbnail
3085,Gayatri Jalashaya,Karnataka,attraction,14.3111,76.432,budget,4.6,2145,Gayatri Jalashaya is an important nature destination in Chitradurga district. Quiet reservoir surrounded by rocky terrain.,Oct-Feb,https://upload.wikimedia.org/wikipedia/commons/1/11/Bhadra_River_Project_Dam.jpg?utm_source=en.wikipedia.org&utm_campaign=api&utm_content=thumbnail_unscaled
3086,Ankali Mutt,Karnataka,attraction,14.1451,76.478,budget,4.5,6687,Ankali Mutt is an important temple destination in Chitradurga district. Spiritual centre associated with Lingayat traditions.,Oct-Feb,https://thumb.wikimedia.org/wikipedia/commons/thumb/7/7d/Udupi_Sri_Krishna_Matha_Temple.jpg/960px-Udupi_Sri_Krishna_Matha_Temple.jpg?utm_source=en.wikipedia.org&utm_campaign=api&utm_content=thumbnail
3087,Turuvanur Fort and temple,Karnataka,attraction,15.2901,75.6979,mid,4.2,1462,"Turuvanur Fort and temple is an authentic attraction destination located in ,  district of Karnataka. Celebrated for its regional significance and unique ambiance, it offers travelers an immersive experience in the culture, scenic beauty, and heritage of Karnataka.",Oct-Mar,https://upload.wikimedia.org/wikipedia/en/b/b6/Hasanaba_Devi.jpg?utm_source=en.wikipedia.org&utm_campaign=api&utm_content=thumbnail_unscaled
3088,Channakeshava Temple Hiriyur,Karnataka,attraction,14.2131,76.37,budget,4.4,1582,Channakeshava Temple Hiriyur is an important temple destination in Chitradurga district. Historic temple and local cultural landmark.,Oct-Mar,https://thumb.wikimedia.org/wikipedia/commons/thumb/d/d1/Sri_Yantrodharaka_Hanuman_Temple%2C_Hampi.jpg/960px-Sri_Yantrodharaka_Hanuman_Temple%2C_Hampi.jpg?utm_source=en.wikipedia.org&utm_campaign=api&utm_content=thumbnail
3089,Sirigere cultural,Karnataka,attraction,15.2821,75.6779,budget,4.0,332,"Sirigere cultural is an authentic attraction destination located in ,  district of Karnataka. Celebrated for its regional significance and unique ambiance, it offers travelers an immersive experience in the culture, scenic beauty, and heritage of Karnataka.",Oct-Feb,https://thumb.wikimedia.org/wikipedia/commons/thumb/d/d1/Raaja_mahal_1.JPG/960px-Raaja_mahal_1.JPG?utm_source=en.wikipedia.org&utm_campaign=api&utm_content=thumbnail
3090,Sira-style rocky,Karnataka,attraction,15.3301,75.6843,budget,3.9,599,"Sira-style rocky is an authentic attraction destination located in ,  district of Karnataka. Celebrated for its regional significance and unique ambiance, it offers travelers an immersive experience in the culture, scenic beauty, and heritage of Karnataka.",Oct-Feb,https://thumb.wikimedia.org/wikipedia/commons/thumb/d/dd/Wide_angle_of_Galigopuram_of_Virupaksha_Temple%2C_Hampi_%2804%29_%28cropped%29.jpg/960px-Wide_angle_of_Galigopuram_of_Virupaksha_Temple%2C_Hampi_%2804%29_%28cropped%29.jpg?utm_source=en.wikipedia.org&utm_campaign=api&utm_content=thumbnail
3091,Mangaluru,Karnataka,attraction,13.0041,74.766,budget,4.5,16467,"Mangaluru is an important nature destination in Dakshina Kannada district. Coastal city with temples, churches, markets, beaches and river landscapes.",Oct-Feb,https://thumb.wikimedia.org/wikipedia/commons/thumb/1/14/Growing_skylines_of_the_Mangalore_CBD_region.jpg/960px-Growing_skylines_of_the_Mangalore_CBD_region.jpg?utm_source=en.wikipedia.org&utm_campaign=api&utm_content=thumbnail
3092,Kadri Manjunatha Temple,Karnataka,attraction,12.8381,74.812,budget,4.9,13574,"Kadri Manjunatha Temple is an important temple destination in Dakshina Kannada district. Historic temple with laterite caves, ponds and hill setting.",Oct-Mar,https://upload.wikimedia.org/wikipedia/commons/9/97/Polali_Rajarajeshwari_Temple_festival.jpg?utm_source=en.wikipedia.org&utm_campaign=api&utm_content=thumbnail_unscaled
3093,Ullal Dargah,Karnataka,attraction,12.8721,74.858,budget,4.7,2335,Ullal Dargah is an important religious heritage destination in Dakshina Kannada district. Important Sufi shrine reflecting coastal Karnataka's plural heritage.,Oct-Feb,https://thumb.wikimedia.org/wikipedia/commons/thumb/4/4e/Buland_Darwaza_Fatehpur_Sikri.jpg/960px-Buland_Darwaza_Fatehpur_Sikri.jpg
3094,Surathkal Beach and Lighthouse,Karnataka,attraction,12.9061,74.904,budget,4.7,9021,Surathkal Beach and Lighthouse is an important beach destination in Dakshina Kannada district. Rocky coastline with lighthouse and wide sea views.,Oct-Feb,https://upload.wikimedia.org/wikipedia/commons/d/d8/Tannirubhavi_beach_02.JPG?utm_source=en.wikipedia.org&utm_campaign=api&utm_content=thumbnail_unscaled
3095,Tannirbhavi Beach,Karnataka,attraction,12.9401,74.95,budget,4.6,5767,Tannirbhavi Beach is an important beach destination in Dakshina Kannada district. Quieter beach with casuarina-lined shore and sunsets.,Oct-Feb,https://upload.wikimedia.org/wikipedia/commons/d/d8/Tannirubhavi_beach_02.JPG?utm_source=en.wikipedia.org&utm_campaign=api&utm_content=thumbnail_unscaled
3096,Sasihithlu Beach,Karnataka,attraction,12.9741,74.796,budget,4.2,1930,Sasihithlu Beach is an important beach destination in Dakshina Kannada district. Scenic beach near Nandini and Shambhavi river mouths.,Oct-Feb,https://thumb.wikimedia.org/wikipedia/commons/thumb/4/49/Malpe_Beach_2.jpg/960px-Malpe_Beach_2.jpg?utm_source=en.wikipedia.org&utm_campaign=api&utm_content=thumbnail
3097,Sasihithlu backwaters,Karnataka,attraction,13.0081,74.842,budget,4.8,2924,Sasihithlu backwaters is an important lake destination in Dakshina Kannada district. River mouth and backwater landscape ideal for kayaking and sunsets.,Oct-Feb,https://thumb.wikimedia.org/wikipedia/commons/thumb/9/9e/Kanva_dam.jpg/960px-Kanva_dam.jpg?utm_source=en.wikipedia.org&utm_campaign=api&utm_content=thumbnail
3098,Pilikula Nisargadhama,Karnataka,attraction,12.8421,74.888,budget,4.9,5113,"Pilikula Nisargadhama is an important culture destination in Dakshina Kannada district. Large integrated nature and cultural complex with zoo, lake and heritage village.",Oct-Feb,https://thumb.wikimedia.org/wikipedia/commons/thumb/e/e1/Pilikula_Botanical_Garden_-_Footpath.jpg/960px-Pilikula_Botanical_Garden_-_Footpath.jpg?utm_source=en.wikipedia.org&utm_campaign=api&utm_content=thumbnail
3099,Pilikula Biological Park,Karnataka,attraction,12.8761,74.934,budget,4.2,2507,Pilikula Biological Park is an important park destination in Dakshina Kannada district. Regional wildlife park and conservation centre.,Oct-Feb,https://upload.wikimedia.org/wikipedia/commons/0/00/Brahmagiri_wildlife_sanctuary.jpg?utm_source=en.wikipedia.org&utm_campaign=api&utm_content=thumbnail_unscaled
3100,Kateel Durga Parameshwari Temple,Karnataka,attraction,12.9101,74.78,budget,4.9,4661,Kateel Durga Parameshwari Temple is an important temple destination in Dakshina Kannada district. Temple located on an island in the Nandini River.,Oct-Mar,https://thumb.wikimedia.org/wikipedia/commons/thumb/b/b3/8th_century_Durga_temple_exterior_view%2C_Aihole_Hindu_temples_and_monuments_3.jpg/960px-8th_century_Durga_temple_exterior_view%2C_Aihole_Hindu_temples_and_monuments_3.jpg?utm_source=en.wikipedia.org&utm_campaign=api&utm_content=thumbnail
3101,Polali Rajarajeshwari Temple,Karnataka,attraction,12.9441,74.826,budget,4.5,8615,Polali Rajarajeshwari Temple is an important temple destination in Dakshina Kannada district. Historic temple with distinctive terracotta and laterite architecture.,Oct-Mar,https://upload.wikimedia.org/wikipedia/commons/9/97/Polali_Rajarajeshwari_Temple_festival.jpg?utm_source=en.wikipedia.org&utm_campaign=api&utm_content=thumbnail_unscaled
3102,Thousand Pillar Jain Basadi,Karnataka,attraction,12.9781,74.872,budget,4.2,2896,Thousand Pillar Jain Basadi is an important temple destination in Dakshina Kannada district. 0.,Oct-Feb,https://thumb.wikimedia.org/wikipedia/commons/thumb/e/e8/Shravanabelagola_Hillview.jpg/960px-Shravanabelagola_Hillview.jpg?utm_source=en.wikipedia.org&utm_campaign=api&utm_content=thumbnail
3103,Kadri Park and hills,Karnataka,attraction,13.0121,74.918,budget,4.6,6139,Kadri Park and hills is an important hill destination in Dakshina Kannada district. Green hill landscape around historic Kadri area.,Oct-Feb,https://upload.wikimedia.org/wikipedia/commons/7/74/Lingambudhi_Lake_when_filled.jpeg?utm_source=en.wikipedia.org&utm_campaign=api&utm_content=thumbnail_unscaled
3104,Someshwara Beach and Rudra Shile,Karnataka,attraction,12.8461,74.764,budget,4.8,1381,Someshwara Beach and Rudra Shile is an important beach destination in Dakshina Kannada district. Rocky beach landscape and dramatic coastal cliffs.,Oct-Feb,https://thumb.wikimedia.org/wikipedia/commons/thumb/2/29/Karwar_Evening.jpg/960px-Karwar_Evening.jpg?utm_source=en.wikipedia.org&utm_campaign=api&utm_content=thumbnail
3105,Surya Temple Belthangady,Karnataka,attraction,12.8801,74.81,budget,4.7,7376,Surya Temple Belthangady is an important temple destination in Dakshina Kannada district. Quiet temple and rural cultural landscape.,Oct-Mar,https://thumb.wikimedia.org/wikipedia/commons/thumb/5/5c/Bhagamandala_Birdseye_View_Coorg_Feb24_A7C_09524.jpg/960px-Bhagamandala_Birdseye_View_Coorg_Feb24_A7C_09524.jpg?utm_source=en.wikipedia.org&utm_campaign=api&utm_content=thumbnail
3106,Jamia Masjid Ullal,Karnataka,attraction,12.9141,74.856,budget,4.9,8768,Jamia Masjid Ullal is an important religious heritage destination in Dakshina Kannada district. Historic mosque and coastal Islamic heritage.,Oct-Feb,https://thumb.wikimedia.org/wikipedia/commons/thumb/7/71/Maner_dargah_..._Bihar_._INDIA.jpg/960px-Maner_dargah_..._Bihar_._INDIA.jpg?utm_source=en.wikipedia.org&utm_campaign=api&utm_content=thumbnail
3107,Shree Sadashiva Rudra Temple Surathkal,Karnataka,attraction,12.9481,74.902,budget,4.3,1925,Shree Sadashiva Rudra Temple Surathkal is an important temple destination in Dakshina Kannada district. Local temple with strong coastal cultural traditions.,Oct-Mar,https://thumb.wikimedia.org/wikipedia/commons/thumb/1/1a/Damballah_La_Flambeau.jpg/960px-Damballah_La_Flambeau.jpg?utm_source=en.wikipedia.org&utm_campaign=api&utm_content=thumbnail
3108,Netravati River backwaters,Karnataka,attraction,12.9821,74.948,budget,4.4,2041,Netravati River backwaters is an important lake destination in Dakshina Kannada district. Quiet inland waterways and village scenery near Mangaluru.,Oct-Feb,https://thumb.wikimedia.org/wikipedia/commons/thumb/1/16/Honnemoredu.jpg/960px-Honnemoredu.jpg?utm_source=en.wikipedia.org&utm_campaign=api&utm_content=thumbnail
3109,Gurupura,Karnataka,attraction,15.3085,75.7019,budget,4.0,162,"Gurupura is an authentic attraction destination located in ,  district of Karnataka. Celebrated for its regional significance and unique ambiance, it offers travelers an immersive experience in the culture, scenic beauty, and heritage of Karnataka.",Oct-Feb,https://thumb.wikimedia.org/wikipedia/commons/thumb/e/ec/Colonel_Bailey%27s_Dungeon_-_Ground_View.jpg/960px-Colonel_Bailey%27s_Dungeon_-_Ground_View.jpg?utm_source=en.wikipedia.org&utm_campaign=api&utm_content=thumbnail
3110,Kunduvada Kere,Karnataka,attraction,14.4004,75.9058,budget,4.9,8551,Kunduvada Kere is an important lake destination in Davanagere district. Large city-edge lake suitable for sunset walks and birdwatching.,Oct-Feb,https://upload.wikimedia.org/wikipedia/commons/1/11/Bhadra_River_Project_Dam.jpg?utm_source=en.wikipedia.org&utm_campaign=api&utm_content=thumbnail_unscaled
3111,Shantisagara Lake,Karnataka,attraction,14.4344,75.9518,budget,4.8,1770,Shantisagara Lake is an important lake destination in Davanagere district. One of Asia's largest irrigation tanks with historic engineering importance.,Oct-Feb,https://thumb.wikimedia.org/wikipedia/commons/thumb/1/16/Honnemoredu.jpg/960px-Honnemoredu.jpg?utm_source=en.wikipedia.org&utm_campaign=api&utm_content=thumbnail
3112,Anjaneya Swamy Temple,Karnataka,attraction,14.4684,75.9978,budget,4.4,830,Anjaneya Swamy Temple is an important temple destination in Davanagere district. Major Hanuman temple in Davanagere city.,Oct-Mar,https://thumb.wikimedia.org/wikipedia/commons/thumb/1/1a/Damballah_La_Flambeau.jpg/960px-Damballah_La_Flambeau.jpg?utm_source=en.wikipedia.org&utm_campaign=api&utm_content=thumbnail
3113,Glass House,Karnataka,attraction,14.5024,75.8438,budget,4.1,243,Glass House is an important nature destination in Davanagere district. Distinctive glass horticultural structure and public garden.,Oct-Feb,https://thumb.wikimedia.org/wikipedia/commons/thumb/d/dd/Wide_angle_of_Galigopuram_of_Virupaksha_Temple%2C_Hampi_%2804%29_%28cropped%29.jpg/960px-Wide_angle_of_Galigopuram_of_Virupaksha_Temple%2C_Hampi_%2804%29_%28cropped%29.jpg?utm_source=en.wikipedia.org&utm_campaign=api&utm_content=thumbnail
3114,Santhebennur Pushkarini,Karnataka,attraction,14.5364,75.8898,budget,4.4,490,Santhebennur Pushkarini is an important heritage stepwell destination in Davanagere district. Beautiful historic stepped tank with Indo-Islamic architectural features.,Oct-Feb,https://upload.wikimedia.org/wikipedia/commons/c/c2/Pushkarani.jpg?utm_source=en.wikipedia.org&utm_campaign=api&utm_content=thumbnail_unscaled
3115,Kondaji Wild Park,Karnataka,attraction,14.3704,75.9358,budget,4.2,1209,Kondaji Wild Park is an important park destination in Davanagere district. Forest recreation area with adventure and outdoor activities.,Oct-Feb,https://upload.wikimedia.org/wikipedia/commons/7/74/Lingambudhi_Lake_when_filled.jpeg?utm_source=en.wikipedia.org&utm_campaign=api&utm_content=thumbnail_unscaled
3116,Anagodu Blackbuck habitat,Karnataka,attraction,14.4044,75.9818,budget,4.2,2397,Anagodu Blackbuck habitat is an important wildlife destination in Davanagere district. Dry-zone landscape supporting blackbuck and grassland wildlife.,Oct-Feb,https://upload.wikimedia.org/wikipedia/commons/0/00/Brahmagiri_wildlife_sanctuary.jpg?utm_source=en.wikipedia.org&utm_campaign=api&utm_content=thumbnail_unscaled
3117,Honnemaradu-side Tungabhadra,Karnataka,attraction,15.3469,75.7067,budget,4.6,7024,"Honnemaradu-side Tungabhadra is an authentic attraction destination located in ,  district of Karnataka. Celebrated for its regional significance and unique ambiance, it offers travelers an immersive experience in the culture, scenic beauty, and heritage of Karnataka.",Oct-Feb,https://thumb.wikimedia.org/wikipedia/commons/thumb/0/03/Pattadakal_000.JPG/960px-Pattadakal_000.JPG?utm_source=en.wikipedia.org&utm_campaign=api&utm_content=thumbnail
3118,Mayakonda fort/heritage,Karnataka,attraction,15.2957,75.7451,mid,4.5,6351,"Mayakonda fort/heritage is an authentic attraction destination located in ,  district of Karnataka. Celebrated for its regional significance and unique ambiance, it offers travelers an immersive experience in the culture, scenic beauty, and heritage of Karnataka.",Oct-Feb,https://thumb.wikimedia.org/wikipedia/commons/thumb/3/33/Daulatabad_Fort_a_view.JPG/960px-Daulatabad_Fort_a_view.JPG?utm_source=en.wikipedia.org&utm_campaign=api&utm_content=thumbnail
3119,Harapanahalli heritage temples,Karnataka,attraction,14.5064,75.9198,budget,4.4,2787,Harapanahalli heritage temples is an important temple destination in Davanagere district. Historic temple architecture in eastern Davanagere.,Oct-Mar,https://thumb.wikimedia.org/wikipedia/commons/thumb/7/7d/Udupi_Sri_Krishna_Matha_Temple.jpg/960px-Udupi_Sri_Krishna_Matha_Temple.jpg?utm_source=en.wikipedia.org&utm_campaign=api&utm_content=thumbnail
3120,Nyamathi rural lake,Karnataka,attraction,15.3237,75.7083,budget,4.2,1999,"Nyamathi rural lake is an authentic attraction destination located in ,  district of Karnataka. Celebrated for its regional significance and unique ambiance, it offers travelers an immersive experience in the culture, scenic beauty, and heritage of Karnataka.",Oct-Feb,https://thumb.wikimedia.org/wikipedia/commons/thumb/4/4d/Birds_at_Madiwala_Lake.jpg/960px-Birds_at_Madiwala_Lake.jpg?utm_source=en.wikipedia.org&utm_campaign=api&utm_content=thumbnail
3121,Unkal Lake,Karnataka,attraction,15.3689,75.0978,budget,4.7,8328,"The uncommercialized eastern rim and peripheral walking tracks of this 11th-century lake, bordered by quiet residential greens and wetland marshes.",Oct-Feb,https://thumb.wikimedia.org/wikipedia/commons/thumb/6/61/Sunset_vtr_lake.jpg/960px-Sunset_vtr_lake.jpg?utm_source=en.wikipedia.org&utm_campaign=api&utm_content=thumbnail
3122,Sadhankeri Park,Karnataka,attraction,15.4029,74.9438,budget,4.6,7618,Sadhankeri Park is an important park destination in Dharwad district. Historic landscaped park associated with Kannada literary culture.,Oct-Feb,https://thumb.wikimedia.org/wikipedia/commons/thumb/1/1d/Entrance_of_Mahatma_Gandhi_Park%2C_Kollam.jpg/960px-Entrance_of_Mahatma_Gandhi_Park%2C_Kollam.jpg?utm_source=en.wikipedia.org&utm_campaign=api&utm_content=thumbnail
3123,Dharwad Adventure Base,Karnataka,attraction,15.4369,74.9898,budget,4.6,4388,Dharwad Adventure Base is an important nature destination in Dharwad district. Outdoor recreation around forested and rocky landscapes.,Oct-Feb,https://thumb.wikimedia.org/wikipedia/commons/thumb/f/fb/Karigatte_temple.JPG/960px-Karigatte_temple.JPG?utm_source=en.wikipedia.org&utm_campaign=api&utm_content=thumbnail
3124,Sattur Archaeological/heritage,Karnataka,attraction,15.3525,75.7371,budget,4.3,831,"Sattur Archaeological/heritage is an authentic attraction destination located in ,  district of Karnataka. Celebrated for its regional significance and unique ambiance, it offers travelers an immersive experience in the culture, scenic beauty, and heritage of Karnataka.",Oct-Feb,https://thumb.wikimedia.org/wikipedia/commons/thumb/e/ef/Yoga_Narasimha_Temple_Devarayanadurga.JPG/960px-Yoga_Narasimha_Temple_Devarayanadurga.JPG?utm_source=en.wikipedia.org&utm_campaign=api&utm_content=thumbnail
3125,Someshwara Temple,Karnataka,attraction,15.5049,75.0818,budget,4.7,8858,Someshwara Temple is an important temple destination in Dharwad district. Historic temple and quiet cultural landscape.,Oct-Mar,https://upload.wikimedia.org/wikipedia/commons/8/86/Dodda_Ganeshana_Gudi_Hindu_temple%2C_Basavanagudi%2C_Karnataka%2C_India.jpg?utm_source=en.wikipedia.org&utm_campaign=api&utm_content=thumbnail_unscaled
3126,All Saints Church,Karnataka,attraction,15.5389,74.9278,budget,4.6,7307,All Saints Church is an important church destination in Dharwad district. Colonial-era church and architectural landmark.,Oct-Feb,https://thumb.wikimedia.org/wikipedia/commons/thumb/f/fb/Shettihalli_Church..jpg/960px-Shettihalli_Church..jpg?utm_source=en.wikipedia.org&utm_campaign=api&utm_content=thumbnail
3127,Dattatreya Temple Garag,Karnataka,attraction,15.3729,74.9738,budget,4.5,3084,Dattatreya Temple Garag is an important temple destination in Dharwad district. Temple and textile/cultural traditions around Garag.,Oct-Mar,https://thumb.wikimedia.org/wikipedia/commons/thumb/5/5c/Bhagamandala_Birdseye_View_Coorg_Feb24_A7C_09524.jpg/960px-Bhagamandala_Birdseye_View_Coorg_Feb24_A7C_09524.jpg?utm_source=en.wikipedia.org&utm_campaign=api&utm_content=thumbnail
3128,Garag Khadi Village,Karnataka,attraction,15.4069,75.0198,budget,4.2,3068,Garag Khadi Village is an important culture destination in Dharwad district. Important handloom and Khadi production centre.,Oct-Feb,https://thumb.wikimedia.org/wikipedia/commons/thumb/0/03/Pattadakal_000.JPG/960px-Pattadakal_000.JPG?utm_source=en.wikipedia.org&utm_campaign=api&utm_content=thumbnail
3129,Kundgol music heritage,Karnataka,attraction,15.4409,75.0658,budget,4.2,2027,Kundgol music heritage is an important culture destination in Dharwad district. Town associated with Hindustani classical music traditions.,Oct-Feb,https://thumb.wikimedia.org/wikipedia/commons/thumb/6/67/Gagan_Mahal_palace%2C_Anegundi.jpg/960px-Gagan_Mahal_palace%2C_Anegundi.jpg?utm_source=en.wikipedia.org&utm_campaign=api&utm_content=thumbnail
3130,Sawai Gandharva heritage sites,Karnataka,attraction,15.4749,74.9118,budget,4.1,522,Sawai Gandharva heritage sites is an important culture destination in Dharwad district. Cultural locations connected with the Hindustani music tradition.,Oct-Feb,https://thumb.wikimedia.org/wikipedia/commons/thumb/3/30/Night_in_Manipal.jpg/960px-Night_in_Manipal.jpg?utm_source=en.wikipedia.org&utm_campaign=api&utm_content=thumbnail
3131,Shishunal Sharif cultural circuit,Karnataka,attraction,15.5089,74.9578,budget,4.1,792,Shishunal Sharif cultural circuit is an important heritage destination in Dharwad district. Heritage associated with saint-poet Shishunal Sharif and syncretic traditions.,Oct-Feb,https://thumb.wikimedia.org/wikipedia/commons/thumb/a/a3/Bijapur_-_Jod_Gumbaz.jpg/960px-Bijapur_-_Jod_Gumbaz.jpg?utm_source=en.wikipedia.org&utm_campaign=api&utm_content=thumbnail
3132,Neersagar Dam,Karnataka,attraction,15.5429,75.0038,budget,4.9,5595,Neersagar Dam is an important lake destination in Dharwad district. Reservoir landscape near Dharwad with rural scenery.,Oct-Feb,https://upload.wikimedia.org/wikipedia/commons/9/91/Honnamana_Kere.jpg?utm_source=en.wikipedia.org&utm_campaign=api&utm_content=thumbnail_unscaled
3133,Blackbuck/grassland,Karnataka,attraction,15.3525,75.7387,budget,4.7,7193,"Blackbuck/grassland is an authentic attraction destination located in ,  district of Karnataka. Celebrated for its regional significance and unique ambiance, it offers travelers an immersive experience in the culture, scenic beauty, and heritage of Karnataka.",Oct-Feb,https://thumb.wikimedia.org/wikipedia/commons/thumb/0/03/Pattadakal_000.JPG/960px-Pattadakal_000.JPG?utm_source=en.wikipedia.org&utm_campaign=api&utm_content=thumbnail
3134,Trikuteshwara Temple,Karnataka,attraction,15.3818,75.719,budget,4.5,19364,Trikuteshwara Temple is an important temple destination in Gadag district. Major Western Chalukyan temple complex with ornate pillars and screens.,Oct-Mar,https://thumb.wikimedia.org/wikipedia/commons/thumb/5/5c/Bhagamandala_Birdseye_View_Coorg_Feb24_A7C_09524.jpg/960px-Bhagamandala_Birdseye_View_Coorg_Feb24_A7C_09524.jpg?utm_source=en.wikipedia.org&utm_campaign=api&utm_content=thumbnail
3135,Kashivishvanatha Temple Lakkundi,Karnataka,attraction,15.4158,75.565,budget,4.1,483,Kashivishvanatha Temple Lakkundi is an important temple destination in Gadag district. Highly ornate Chalukyan temple with detailed stonework.,Oct-Mar,https://thumb.wikimedia.org/wikipedia/commons/thumb/7/7d/Udupi_Sri_Krishna_Matha_Temple.jpg/960px-Udupi_Sri_Krishna_Matha_Temple.jpg?utm_source=en.wikipedia.org&utm_campaign=api&utm_content=thumbnail
3136,Brahma Jinalaya Lakkundi,Karnataka,attraction,15.4498,75.611,budget,4.4,527,Brahma Jinalaya Lakkundi is an important temple destination in Gadag district. Important early Jain temple with elegant Chalukyan craftsmanship.,Oct-Feb,https://thumb.wikimedia.org/wikipedia/commons/thumb/e/e8/Shravanabelagola_Hillview.jpg/960px-Shravanabelagola_Hillview.jpg?utm_source=en.wikipedia.org&utm_campaign=api&utm_content=thumbnail
3137,Dambala,Karnataka,attraction,15.4838,75.657,budget,4.1,1190,Dambala is an important lake destination in Gadag district. Quiet Chalukyan temple complex in a rural setting.,Oct-Feb,https://thumb.wikimedia.org/wikipedia/commons/thumb/1/1a/Damballah_La_Flambeau.jpg/960px-Damballah_La_Flambeau.jpg?utm_source=en.wikipedia.org&utm_campaign=api&utm_content=thumbnail
3138,Veeranarayana Temple Gadag,Karnataka,attraction,15.5178,75.703,budget,4.6,2230,Veeranarayana Temple Gadag is an important temple destination in Gadag district. Historic Hoysala temple with important Vaishnavite heritage.,Oct-Mar,https://upload.wikimedia.org/wikipedia/commons/8/86/Dodda_Ganeshana_Gudi_Hindu_temple%2C_Basavanagudi%2C_Karnataka%2C_India.jpg?utm_source=en.wikipedia.org&utm_campaign=api&utm_content=thumbnail_unscaled
3139,Magadi Bird Sanctuary,Karnataka,attraction,15.3518,75.549,budget,4.3,1012,Magadi Bird Sanctuary is an important wildlife destination in Gadag district. Wetland sanctuary attracting migratory and resident birds.,Oct-Feb,https://thumb.wikimedia.org/wikipedia/commons/thumb/8/89/Prince_in_the_Jungle_crop.jpg/960px-Prince_in_the_Jungle_crop.jpg?utm_source=en.wikipedia.org&utm_campaign=api&utm_content=thumbnail
3140,Kappat Gudda,Karnataka,attraction,15.3858,75.595,budget,4.2,2268,Kappat Gudda is an important hill destination in Gadag district. Highest hill range in Gadag with dry forest and panoramic views.,Oct-Feb,https://thumb.wikimedia.org/wikipedia/commons/thumb/1/17/Tadiandamol_Valley%2C_Western_Ghats.jpg/960px-Tadiandamol_Valley%2C_Western_Ghats.jpg?utm_source=en.wikipedia.org&utm_campaign=api&utm_content=thumbnail
3141,Gadag Zoo Binkadakatti,Karnataka,attraction,15.4198,75.641,mid,4.4,3186,Gadag Zoo Binkadakatti is an important wildlife destination in Gadag district. Local zoological and conservation park.,Oct-Feb,https://thumb.wikimedia.org/wikipedia/commons/thumb/2/27/Bengal_Tiger_Karnataka.jpg/960px-Bengal_Tiger_Karnataka.jpg?utm_source=en.wikipedia.org&utm_campaign=api&utm_content=thumbnail
3142,Naga Kunda Sudi,Karnataka,attraction,15.4538,75.687,budget,4.3,3314,Naga Kunda Sudi is an important heritage stepwell destination in Gadag district. Ancient carved stepwell in Sudi village.,Oct-Feb,https://thumb.wikimedia.org/wikipedia/commons/thumb/6/67/Gagan_Mahal_palace%2C_Anegundi.jpg/960px-Gagan_Mahal_palace%2C_Anegundi.jpg?utm_source=en.wikipedia.org&utm_campaign=api&utm_content=thumbnail
3143,Mahadeva Temple Ron,Karnataka,attraction,15.4878,75.533,budget,4.9,8244,Mahadeva Temple Ron is an important temple destination in Gadag district. Western Chalukyan temple with detailed sculpture.,Oct-Mar,https://thumb.wikimedia.org/wikipedia/commons/thumb/d/dd/Wide_angle_of_Galigopuram_of_Virupaksha_Temple%2C_Hampi_%2804%29_%28cropped%29.jpg/960px-Wide_angle_of_Galigopuram_of_Virupaksha_Temple%2C_Hampi_%2804%29_%28cropped%29.jpg?utm_source=en.wikipedia.org&utm_campaign=api&utm_content=thumbnail
3144,Jumma Masjid Gadag,Karnataka,attraction,15.5218,75.579,budget,4.7,4406,Jumma Masjid Gadag is an important religious heritage destination in Gadag district. Historic mosque representing the district's layered cultural heritage.,Oct-Feb,https://thumb.wikimedia.org/wikipedia/commons/thumb/7/71/Maner_dargah_..._Bihar_._INDIA.jpg/960px-Maner_dargah_..._Bihar_._INDIA.jpg?utm_source=en.wikipedia.org&utm_campaign=api&utm_content=thumbnail
3145,Veerabhadreshwara Temple Lakkundi,Karnataka,attraction,15.3558,75.625,budget,4.4,749,Veerabhadreshwara Temple Lakkundi is an important temple destination in Gadag district. Less-visited temple among Lakkundi's extensive heritage monuments.,Oct-Mar,https://thumb.wikimedia.org/wikipedia/commons/thumb/5/5c/Bhagamandala_Birdseye_View_Coorg_Feb24_A7C_09524.jpg/960px-Bhagamandala_Birdseye_View_Coorg_Feb24_A7C_09524.jpg?utm_source=en.wikipedia.org&utm_campaign=api&utm_content=thumbnail
3146,Sudi Twin Temples,Karnataka,attraction,15.3898,75.671,budget,4.6,5683,Sudi Twin Temples is an important temple destination in Gadag district. Historic Chalukyan temple pair in a quiet rural setting.,Oct-Mar,https://thumb.wikimedia.org/wikipedia/commons/thumb/b/bd/Ghati_Subramanya_Temple.JPG/960px-Ghati_Subramanya_Temple.JPG?utm_source=en.wikipedia.org&utm_campaign=api&utm_content=thumbnail
3147,Baligeri rural heritage,Karnataka,attraction,15.4238,75.717,budget,4.5,6697,Baligeri rural heritage is an important heritage destination in Gadag district. Lesser-known temple and settlement landscape.,Oct-Feb,https://thumb.wikimedia.org/wikipedia/commons/thumb/d/d1/Sri_Yantrodharaka_Hanuman_Temple%2C_Hampi.jpg/960px-Sri_Yantrodharaka_Hanuman_Temple%2C_Hampi.jpg?utm_source=en.wikipedia.org&utm_campaign=api&utm_content=thumbnail
3148,Handloom weaving centres,Karnataka,attraction,15.4578,75.563,budget,4.7,8633,Handloom weaving centres is an important culture destination in Gadag district. Traditional Gadag textile production and living craft culture.,Oct-Feb,https://thumb.wikimedia.org/wikipedia/commons/thumb/0/0c/Banavasi_varadariver_side.jpg/960px-Banavasi_varadariver_side.jpg?utm_source=en.wikipedia.org&utm_campaign=api&utm_content=thumbnail
3149,Halebeedu Hoysaleswara Temple,Karnataka,attraction,13.0692,76.0812,budget,4.9,19589,Halebeedu Hoysaleswara Temple is an important temple destination in Hassan district. Major Hoysala temple complex with extensive sculptural panels.,Oct-Mar,https://thumb.wikimedia.org/wikipedia/commons/thumb/1/11/Melukotetemple.jpg/960px-Melukotetemple.jpg?utm_source=en.wikipedia.org&utm_campaign=api&utm_content=thumbnail
3150,Shravanabelagola,Karnataka,attraction,13.1032,76.1272,budget,4.8,7321,Shravanabelagola is an important temple destination in Hassan district. Major Jain pilgrimage centre dominated by the monolithic Bahubali statue.,Oct-Feb,https://thumb.wikimedia.org/wikipedia/commons/thumb/e/e8/Shravanabelagola_Hillview.jpg/960px-Shravanabelagola_Hillview.jpg?utm_source=en.wikipedia.org&utm_campaign=api&utm_content=thumbnail
3151,Shettihalli Rosary Church,Karnataka,attraction,12.9372,76.1732,budget,4.3,1738,A 19th-century French gothic church standing on the banks of the Gorur Dam; it becomes partially submerged during the monsoons and emerges completely on the dried lakebed in summer.,Oct-Feb,https://thumb.wikimedia.org/wikipedia/commons/thumb/1/14/A_Quiet_Sunset_at_Shettihalli_Rosary_Church_%2C_Hassan_11.jpg/960px-A_Quiet_Sunset_at_Shettihalli_Rosary_Church_%2C_Hassan_11.jpg?utm_source=commons.wikimedia.org&utm_campaign=imageinfo&utm_content=thumbnail
3152,Manjarabad Fort,Karnataka,attraction,12.9712,76.0192,mid,4.7,4089,Manjarabad Fort is an important heritage destination in Hassan district. Star-shaped Tipu-era fort on a hill overlooking the Western Ghats.,Oct-Feb,https://thumb.wikimedia.org/wikipedia/commons/thumb/5/55/Manjarabad_Fort_2.jpg/960px-Manjarabad_Fort_2.jpg?utm_source=en.wikipedia.org&utm_campaign=api&utm_content=thumbnail
3153,Bisle Ghat,Karnataka,attraction,13.0052,76.0652,budget,4.3,513,"A rainforest corridor in the southern Western Ghats offering dizzying lookouts over three mountain ranges (Kumara Parvatha, Pushpagiri, and Dodda Betta) shrouded in thick cloud cover.",Oct-Mar,https://thumb.wikimedia.org/wikipedia/commons/thumb/2/29/Karwar_Evening.jpg/960px-Karwar_Evening.jpg?utm_source=en.wikipedia.org&utm_campaign=api&utm_content=thumbnail
3154,Mosale Hoysala Temples,Karnataka,attraction,13.0392,76.1112,budget,4.8,5354,Mosale Hoysala Temples is an important temple destination in Hassan district. Twin Hoysala temples with detailed carvings in a quiet village setting.,Oct-Mar,https://thumb.wikimedia.org/wikipedia/commons/thumb/5/5c/Bhagamandala_Birdseye_View_Coorg_Feb24_A7C_09524.jpg/960px-Bhagamandala_Birdseye_View_Coorg_Feb24_A7C_09524.jpg?utm_source=en.wikipedia.org&utm_campaign=api&utm_content=thumbnail
3155,Ramanathapura,Karnataka,attraction,13.0732,76.1572,budget,4.6,1981,Ramanathapura is an important temple destination in Hassan district. Cauvery-side temple town known as Dakshina Kashi.,Oct-Feb,https://thumb.wikimedia.org/wikipedia/commons/thumb/8/8c/Basavapatna_near_Ramanathapura._Hassan_distsrict._%282%29.jpg/960px-Basavapatna_near_Ramanathapura._Hassan_distsrict._%282%29.jpg?utm_source=en.wikipedia.org&utm_campaign=api&utm_content=thumbnail
3156,Gorur Dam,Karnataka,attraction,12.9072,76.0032,budget,4.1,509,Gorur Dam is an important lake destination in Hassan district. Large Hemavati reservoir with temples and picnic landscapes.,Oct-Feb,https://thumb.wikimedia.org/wikipedia/commons/thumb/e/e1/Pilikula_Botanical_Garden_-_Footpath.jpg/960px-Pilikula_Botanical_Garden_-_Footpath.jpg?utm_source=en.wikipedia.org&utm_campaign=api&utm_content=thumbnail
3157,Sri Rama Devara Katte,Karnataka,attraction,12.9412,76.0492,budget,4.8,6685,Sri Rama Devara Katte is an important waterfall destination in Hassan district. Small waterfall where Hemavati River drops over a stone wall.,Oct-Feb,https://thumb.wikimedia.org/wikipedia/commons/thumb/3/3c/Magod_Falls_Karnataka.JPG/960px-Magod_Falls_Karnataka.JPG?utm_source=en.wikipedia.org&utm_campaign=api&utm_content=thumbnail
3158,Jenukallu Gudda,Karnataka,attraction,12.9752,76.0952,budget,4.9,2814,Jenukallu Gudda is an important hill destination in Hassan district. High Western Ghats hill with expansive views.,Oct-Feb,https://thumb.wikimedia.org/wikipedia/commons/thumb/a/a8/Skandagiri.jpg/960px-Skandagiri.jpg?utm_source=en.wikipedia.org&utm_campaign=api&utm_content=thumbnail
3159,Yagachi Dam,Karnataka,attraction,13.0092,76.1412,budget,4.7,3176,Yagachi Dam is an important lake destination in Hassan district. Reservoir and water-sports landscape near Belur.,Oct-Feb,https://thumb.wikimedia.org/wikipedia/commons/thumb/6/61/Sunset_vtr_lake.jpg/960px-Sunset_vtr_lake.jpg?utm_source=en.wikipedia.org&utm_campaign=api&utm_content=thumbnail
3160,Agrahara Belaguli,Karnataka,attraction,13.0432,76.1872,budget,4.4,685,Agrahara Belaguli is an important heritage destination in Hassan district. Ancient scholarly settlement with historic monuments.,Oct-Feb,https://upload.wikimedia.org/wikipedia/commons/8/81/Bettesha.JPG?utm_source=en.wikipedia.org&utm_campaign=api&utm_content=thumbnail_unscaled
3161,Arasikere Ishwara Temple,Karnataka,attraction,13.0772,76.0332,budget,4.2,1434,Arasikere Ishwara Temple is an important temple destination in Hassan district. Historic temple with intricate Hoysala architecture.,Oct-Mar,https://thumb.wikimedia.org/wikipedia/commons/thumb/0/02/Banavasi_Madhukeshwara_temple.JPG/960px-Banavasi_Madhukeshwara_temple.JPG?utm_source=en.wikipedia.org&utm_campaign=api&utm_content=thumbnail
3162,Basavapatna Fort and Temples,Karnataka,attraction,12.9112,76.0792,mid,4.6,3125,"Basavapatna Fort and Temples is an important temple destination in Hassan district. Ruined fort, temples and agrahara landscape.",Oct-Mar,https://thumb.wikimedia.org/wikipedia/commons/thumb/0/04/Nalknad_Palace_%28Kakkabe%29_-_Nalnad_Palace_%2889%29.jpg/960px-Nalknad_Palace_%28Kakkabe%29_-_Nalnad_Palace_%2889%29.jpg?utm_source=en.wikipedia.org&utm_campaign=api&utm_content=thumbnail
3163,Banavara Fort and Temples,Karnataka,attraction,12.9452,76.1252,mid,4.2,2881,Banavara Fort and Temples is an important temple destination in Hassan district. Historic trading settlement with ruined fort and temples.,Oct-Mar,https://thumb.wikimedia.org/wikipedia/commons/thumb/0/0d/Raichur_Fort_1.jpg/960px-Raichur_Fort_1.jpg?utm_source=en.wikipedia.org&utm_campaign=api&utm_content=thumbnail
3164,Hasanamba Temple,Karnataka,attraction,12.9792,76.1712,budget,4.5,7793,Hasanamba Temple is an important temple destination in Hassan district. Historic temple associated with annual limited-period opening.,Oct-Mar,https://upload.wikimedia.org/wikipedia/en/b/b6/Hasanaba_Devi.jpg?utm_source=en.wikipedia.org&utm_campaign=api&utm_content=thumbnail_unscaled
3165,Kadamanе Estate,Karnataka,attraction,13.0132,76.0172,budget,4.7,2179,"Kadamanе Estate is an important lake destination in Hassan district. Large plantation landscape with old bungalow, tea factory and surrounding hills.",Oct-Feb,https://thumb.wikimedia.org/wikipedia/commons/thumb/f/f7/TGHallidam.JPG/960px-TGHallidam.JPG?utm_source=en.wikipedia.org&utm_campaign=api&utm_content=thumbnail
3166,Sakleshpur coffee plantations,Karnataka,restaurant,13.0472,76.0632,mid,4.7,1409,Sakleshpur coffee plantations is an important agri tourism destination in Hassan district. Western Ghats coffee estates and homestay experiences.,Oct-Feb,https://images.unsplash.com/photo-1552566626-52f8b828add9?auto=format&fit=crop&w=1200&q=80
3167,Mavinakere Sri Ranganatha Temple,Karnataka,attraction,13.0812,76.1092,budget,4.6,2755,Mavinakere Sri Ranganatha Temple is an important temple destination in Hassan district. Hilltop temple and quiet countryside landscape.,Oct-Mar,https://thumb.wikimedia.org/wikipedia/commons/thumb/3/35/Pashupatinath_Temple_Nepal_IMG_7933_2018_15.jpg/960px-Pashupatinath_Temple_Nepal_IMG_7933_2018_15.jpg?utm_source=en.wikipedia.org&utm_campaign=api&utm_content=thumbnail
3168,Mavanur heritage temple,Karnataka,attraction,15.3141,75.7075,budget,4.2,2569,"Mavanur heritage temple is an authentic attraction destination located in ,  district of Karnataka. Celebrated for its regional significance and unique ambiance, it offers travelers an immersive experience in the culture, scenic beauty, and heritage of Karnataka.",Oct-Mar,https://thumb.wikimedia.org/wikipedia/commons/thumb/7/7d/Udupi_Sri_Krishna_Matha_Temple.jpg/960px-Udupi_Sri_Krishna_Matha_Temple.jpg?utm_source=en.wikipedia.org&utm_campaign=api&utm_content=thumbnail
3169,Siddhesvara Temple Haveri,Karnataka,attraction,14.7374,75.4971,budget,4.4,1967,Siddhesvara Temple Haveri is an important temple destination in Haveri district. Historic temple with Chalukyan architectural features.,Oct-Mar,https://thumb.wikimedia.org/wikipedia/commons/thumb/b/b9/Thalakkaveri_Temple%2C_Karnataka.jpg/960px-Thalakkaveri_Temple%2C_Karnataka.jpg?utm_source=en.wikipedia.org&utm_campaign=api&utm_content=thumbnail
3170,Tarakeshwara Temple Hangal,Karnataka,attraction,14.7714,75.3431,budget,4.1,390,Tarakeshwara Temple Hangal is an important temple destination in Haveri district. Large Western Chalukyan temple with ornate stonework.,Oct-Mar,https://thumb.wikimedia.org/wikipedia/commons/thumb/b/b9/Thalakkaveri_Temple%2C_Karnataka.jpg/960px-Thalakkaveri_Temple%2C_Karnataka.jpg?utm_source=en.wikipedia.org&utm_campaign=api&utm_content=thumbnail
3171,Galageshwara Temple Galaganath,Karnataka,attraction,14.8054,75.3891,budget,4.8,8243,Galageshwara Temple Galaganath is an important temple destination in Haveri district. Historic temple at the confluence of Varada and Tungabhadra tributary landscapes.,Oct-Mar,https://thumb.wikimedia.org/wikipedia/commons/thumb/1/1a/Damballah_La_Flambeau.jpg/960px-Damballah_La_Flambeau.jpg?utm_source=en.wikipedia.org&utm_campaign=api&utm_content=thumbnail
3172,Bankapura Peacock Sanctuary,Karnataka,attraction,14.8394,75.4351,budget,4.6,5742,"A sanctuary built within the crumbling stone ramparts and deep moats of the 14th-century Bankapura Fort, home to hundreds of wild peafowl living among ancient ruined arches.",Oct-Feb,https://upload.wikimedia.org/wikipedia/commons/3/34/Peacock_sanctuary_in_Bankapur.JPG?utm_source=en.wikipedia.org&utm_campaign=api&utm_content=thumbnail_unscaled
3173,Ranebennur Blackbuck Sanctuary,Karnataka,attraction,14.8734,75.4811,budget,4.8,1654,A vast expanse of open dry scrubland and eucalyptus plantations where herds of wild blackbuck antelopes and the rare Great Indian Bustard roam.,Oct-Feb,https://upload.wikimedia.org/wikipedia/commons/5/53/Dandeli_1.jpg?utm_source=en.wikipedia.org&utm_campaign=api&utm_content=thumbnail_unscaled
3174,Savanur Dargah and Nawab heritage,Karnataka,attraction,14.7074,75.3271,budget,4.2,1515,Savanur Dargah and Nawab heritage is an important religious heritage destination in Haveri district. Historic Indo-Islamic heritage and Nawabi monuments.,Oct-Feb,https://thumb.wikimedia.org/wikipedia/commons/thumb/4/4e/Buland_Darwaza_Fatehpur_Sikri.jpg/960px-Buland_Darwaza_Fatehpur_Sikri.jpg
3175,Savanur Garden and Clock Tower,Karnataka,attraction,14.7414,75.3731,budget,4.7,2590,Savanur Garden and Clock Tower is an important park destination in Haveri district. Quiet historic urban heritage around Savanur.,Oct-Feb,https://thumb.wikimedia.org/wikipedia/commons/thumb/1/1d/Entrance_of_Mahatma_Gandhi_Park%2C_Kollam.jpg/960px-Entrance_of_Mahatma_Gandhi_Park%2C_Kollam.jpg?utm_source=en.wikipedia.org&utm_campaign=api&utm_content=thumbnail
3176,Shiggaon Purada Siddheshwar Temple,Karnataka,attraction,14.7754,75.4191,budget,4.2,576,Shiggaon Purada Siddheshwar Temple is an important temple destination in Haveri district. Historic local temple with strong cultural importance.,Oct-Mar,https://thumb.wikimedia.org/wikipedia/commons/thumb/3/35/Pashupatinath_Temple_Nepal_IMG_7933_2018_15.jpg/960px-Pashupatinath_Temple_Nepal_IMG_7933_2018_15.jpg?utm_source=en.wikipedia.org&utm_campaign=api&utm_content=thumbnail
3177,Kaginele,Karnataka,attraction,14.8094,75.4651,budget,4.7,8306,Kaginele is an important temple destination in Haveri district. Birthplace-associated cultural landscape of Kanaka Dasa.,Oct-Feb,https://thumb.wikimedia.org/wikipedia/commons/thumb/1/1a/Damballah_La_Flambeau.jpg/960px-Damballah_La_Flambeau.jpg?utm_source=en.wikipedia.org&utm_campaign=api&utm_content=thumbnail
3178,Airani Handloom Village,Karnataka,attraction,14.8434,75.3111,budget,4.2,2814,Airani Handloom Village is an important culture destination in Haveri district. Traditional blanket and handloom weaving community.,Oct-Feb,https://upload.wikimedia.org/wikipedia/commons/c/c2/Pushkarani.jpg?utm_source=en.wikipedia.org&utm_campaign=api&utm_content=thumbnail_unscaled
3179,Byadgi chilli market/agri,Karnataka,attraction,15.2957,75.6947,budget,4.6,5545,"Byadgi chilli market/agri is an authentic attraction destination located in ,  district of Karnataka. Celebrated for its regional significance and unique ambiance, it offers travelers an immersive experience in the culture, scenic beauty, and heritage of Karnataka.",Oct-Feb,https://thumb.wikimedia.org/wikipedia/commons/thumb/0/03/Pattadakal_000.JPG/960px-Pattadakal_000.JPG?utm_source=en.wikipedia.org&utm_campaign=api&utm_content=thumbnail
3180,Shishunala Sharif birthplace/cultural sites,Karnataka,attraction,14.7114,75.4031,budget,4.4,1273,Shishunala Sharif birthplace/cultural sites is an important heritage destination in Haveri district. Places associated with Karnataka's celebrated syncretic poet-saint.,Oct-Feb,https://upload.wikimedia.org/wikipedia/commons/c/c2/Pushkarani.jpg?utm_source=en.wikipedia.org&utm_campaign=api&utm_content=thumbnail_unscaled
3181,Haralahalli temple,Karnataka,attraction,15.3181,75.7243,budget,4.3,1172,"Haralahalli temple is an authentic attraction destination located in ,  district of Karnataka. Celebrated for its regional significance and unique ambiance, it offers travelers an immersive experience in the culture, scenic beauty, and heritage of Karnataka.",Oct-Mar,https://thumb.wikimedia.org/wikipedia/commons/thumb/1/1a/Damballah_La_Flambeau.jpg/960px-Damballah_La_Flambeau.jpg?utm_source=en.wikipedia.org&utm_campaign=api&utm_content=thumbnail
3182,Varada,Karnataka,attraction,15.3197,75.7027,budget,4.7,4942,"Varada is an authentic attraction destination located in ,  district of Karnataka. Celebrated for its regional significance and unique ambiance, it offers travelers an immersive experience in the culture, scenic beauty, and heritage of Karnataka.",Oct-Feb,https://thumb.wikimedia.org/wikipedia/commons/thumb/0/0c/Banavasi_varadariver_side.jpg/960px-Banavasi_varadariver_side.jpg?utm_source=en.wikipedia.org&utm_campaign=api&utm_content=thumbnail
3183,Shiggaon rural lake,Karnataka,attraction,15.2949,75.6979,budget,4.1,370,"Shiggaon rural lake is an authentic attraction destination located in ,  district of Karnataka. Celebrated for its regional significance and unique ambiance, it offers travelers an immersive experience in the culture, scenic beauty, and heritage of Karnataka.",Oct-Feb,https://thumb.wikimedia.org/wikipedia/commons/thumb/6/61/Sunset_vtr_lake.jpg/960px-Sunset_vtr_lake.jpg?utm_source=en.wikipedia.org&utm_campaign=api&utm_content=thumbnail
3184,Haveri Gudda,Karnataka,attraction,15.3381,75.6875,budget,4.0,323,"Haveri Gudda is an authentic attraction destination located in ,  district of Karnataka. Celebrated for its regional significance and unique ambiance, it offers travelers an immersive experience in the culture, scenic beauty, and heritage of Karnataka.",Oct-Feb,https://upload.wikimedia.org/wikipedia/commons/8/84/Mekedat.jpg?utm_source=en.wikipedia.org&utm_campaign=api&utm_content=thumbnail_unscaled
3185,Mahakuta Temple Complex & Pushkarini,Karnataka,attraction,16.2677,75.6948,budget,4.4,3056,"A 7th-century Early Chalukya temple cluster tucked in a secluded, forested valley near Badami. Fed by a perennial natural subterranean mountain spring, its stone-lined tank (Vishnu Pushkarini) is surrounded by ancient sculpted Shaivite and Vaishnavite shrines.",Oct-Mar,https://thumb.wikimedia.org/wikipedia/commons/thumb/0/02/Banavasi_Madhukeshwara_temple.JPG/960px-Banavasi_Madhukeshwara_temple.JPG?utm_source=en.wikipedia.org&utm_campaign=api&utm_content=thumbnail
3186,Aihole Galaganatha & Ramalinga Clusters,Karnataka,attraction,16.1017,75.7408,budget,4.6,4685,"The quiet, non-ticketed stone temple groups scattered along the Malaprabha River banks away from the main Durga Temple compound, retaining untouched Chalukyan carved pillars and rock slabs.",Oct-Feb,https://thumb.wikimedia.org/wikipedia/commons/thumb/1/17/Close_up_view_of_open_entrance_mantapa_in_the_Kolaramma_Temple_at_Kolar.jpg/960px-Close_up_view_of_open_entrance_mantapa_in_the_Kolaramma_Temple_at_Kolar.jpg?utm_source=en.wikipedia.org&utm_campaign=api&utm_content=thumbnail
3187,Bilgi Step-Well (Arethirth / Arakeri),Karnataka,attraction,16.1357,75.5868,budget,4.7,9064,"A 16th-century stone step-well commissioned during the Adil Shahi period, featuring deep vaulted landings, subterranean stone pavilions, and bilingual inscriptions in Persian and Kannada.",Oct-Feb,https://thumb.wikimedia.org/wikipedia/commons/thumb/0/0c/Banavasi_varadariver_side.jpg/960px-Banavasi_varadariver_side.jpg?utm_source=en.wikipedia.org&utm_campaign=api&utm_content=thumbnail
3188,Golgumbaz of Mudhol (Ranna Smarak fringe),Karnataka,attraction,16.1697,75.6328,budget,4.7,4383,"Overlooked riverside riverbeds and Maratha-era cenotaphs along the Ghataprabha River basin, home to ancient stone weirs and regional hound-breeding hamlets.",Oct-Feb,https://thumb.wikimedia.org/wikipedia/commons/thumb/d/d1/Raaja_mahal_1.JPG/960px-Raaja_mahal_1.JPG?utm_source=en.wikipedia.org&utm_campaign=api&utm_content=thumbnail
3189,Kumsi & Tekkalakote Megalithic Sites,Karnataka,attraction,15.1614,76.9394,budget,3.9,1317,"Prehistoric granite hillocks bearing Neolithic rock-bruisings, cup-marks, and ancient dolmen burial chambers largely bypassed on the way to Hampi.",Oct-Feb,https://thumb.wikimedia.org/wikipedia/commons/thumb/1/14/Growing_skylines_of_the_Mangalore_CBD_region.jpg/960px-Growing_skylines_of_the_Mangalore_CBD_region.jpg?utm_source=en.wikipedia.org&utm_campaign=api&utm_content=thumbnail
3190,Kuruvathi Mallikarjuna Temple,Karnataka,attraction,15.1954,76.9854,budget,4.6,7786,"A 12th-century Western Chalukya architectural treasure on the banks of the Tungabhadra River, renowned for its ornate bracket figures (madanakais) and filigree-carved soapstone lintels.",Oct-Mar,https://thumb.wikimedia.org/wikipedia/commons/thumb/3/35/Pashupatinath_Temple_Nepal_IMG_7933_2018_15.jpg/960px-Pashupatinath_Temple_Nepal_IMG_7933_2018_15.jpg?utm_source=en.wikipedia.org&utm_campaign=api&utm_content=thumbnail
3191,Sandur Valley Forest Buffers (Donimalai Fringe),Karnataka,attraction,15.2294,76.8314,budget,4.5,6735,"A lush, iron-rich bowl surrounded by purple-tinted mountain ridges, featuring cool mountain passes, old British-era sanitaria, and secluded forest temples like Kumaraswamy Temple.",Oct-Feb,https://thumb.wikimedia.org/wikipedia/commons/thumb/0/02/Raja%27s_Seat_View_Point.jpg/960px-Raja%27s_Seat_View_Point.jpg?utm_source=en.wikipedia.org&utm_campaign=api&utm_content=thumbnail
3192,Daroji Bear Sanctuary Watchtower Buffers,Karnataka,attraction,15.0634,76.8774,budget,4.6,8535,"The rugged, thorny scrub granite boulder trails around the fringes of the reserve where wild sloth bears roam natural caves at twilight.",Oct-Feb,https://thumb.wikimedia.org/wikipedia/commons/thumb/1/11/Kali_river.jpg/960px-Kali_river.jpg?utm_source=en.wikipedia.org&utm_campaign=api&utm_content=thumbnail
3193,Bhimgad Caves & Mahadayi Gorge,Karnataka,attraction,15.8077,74.4997,budget,4.1,808,"A dense, strictly conserved subtropical forest corridor home to the only known roosting colonies of the rare Wroughton’s free-tailed bat and roaring limestone river gorges.",Oct-Feb,https://thumb.wikimedia.org/wikipedia/commons/thumb/a/ac/A_scenery_from_bababudan_hill.jpg/960px-A_scenery_from_bababudan_hill.jpg?utm_source=en.wikipedia.org&utm_campaign=api&utm_content=thumbnail
3194,Parwad & Jamboti Ridges,Karnataka,attraction,15.8417,74.5457,budget,4.3,2667,"High-rainfall Western Ghats hill hamlets draped in mist, harboring virgin evergreen forests, unmapped hill stream cascades, and origin springs of the Mandovi River.",Oct-Feb,https://thumb.wikimedia.org/wikipedia/commons/thumb/1/17/Tadiandamol_Valley%2C_Western_Ghats.jpg/960px-Tadiandamol_Valley%2C_Western_Ghats.jpg?utm_source=en.wikipedia.org&utm_campaign=api&utm_content=thumbnail
3195,Supa-Londa Railway Forest Trails,Karnataka,attraction,15.8757,74.5917,budget,4.6,9160,"Deep wilderness trails skirting the border of the Western Ghats railway lines, flanked by dense bamboo groves and seasonal white-water rapids.",Oct-Feb,https://upload.wikimedia.org/wikipedia/commons/c/c2/Pushkarani.jpg?utm_source=en.wikipedia.org&utm_campaign=api&utm_content=thumbnail_unscaled
3196,Hooli Panchalingeshwara Temple Ruins,Karnataka,attraction,15.9097,74.4377,budget,4.5,4277,A crumbling Chalukya-era stone temple settlement dotted with open-air step-wells (kalyanis) and intricate carvings hidden inside an unassuming rural village.,Oct-Mar,https://thumb.wikimedia.org/wikipedia/commons/thumb/f/f1/ISKCON_Bangalore_Temple.jpg/960px-ISKCON_Bangalore_Temple.jpg?utm_source=en.wikipedia.org&utm_campaign=api&utm_content=thumbnail
3197,Makalidurga Fort (Southern Lake Approach),Karnataka,attraction,13.3864,77.5412,mid,4.6,8917,"A granite hill fort perched above a horseshoe-shaped lake; while the train-side trek is known, the rear scrub trails and lakeside boulder promontories remain empty and silent.",Oct-Feb,https://thumb.wikimedia.org/wikipedia/commons/thumb/e/e1/Pilikula_Botanical_Garden_-_Footpath.jpg/960px-Pilikula_Botanical_Garden_-_Footpath.jpg?utm_source=en.wikipedia.org&utm_campaign=api&utm_content=thumbnail
3198,Ghati Subramanya Sacred Ant-Hill Shrine Rear Ponds,Karnataka,attraction,13.2204,77.5872,budget,4.7,3426,"The rustic village tanks, Tamarind groves, and unpaved walking trails winding through the quiet granite foothill country behind the temple.",Oct-Mar,https://thumb.wikimedia.org/wikipedia/commons/thumb/1/11/Melukotetemple.jpg/960px-Melukotetemple.jpg?utm_source=en.wikipedia.org&utm_campaign=api&utm_content=thumbnail
3199,Nelamangala Binnamangala Chola Temple,Karnataka,hotel,13.2544,77.6332,budget,4.3,3309,"The 11th-century Mukthi Natheshwara Temple, an intact granite Chola masterpiece hidden in an agrarian village pocket, preserving ancient Tamil epigraphs.",Oct-Mar,https://thumb.wikimedia.org/wikipedia/commons/thumb/5/52/Chinnaswamy_Stadium.jpg/960px-Chinnaswamy_Stadium.jpg?utm_source=en.wikipedia.org&utm_campaign=api&utm_content=thumbnail
3200,Devanahalli Fort Inner Alleys,Karnataka,hotel,13.2884,77.4792,budget,4.3,966,"Beyond the birthplace of Tipu Sultan, the quiet inner residential citadel features ancient mud-and-stone bastions, historic temples, and traditional courtyard homes.",Oct-Feb,https://thumb.wikimedia.org/wikipedia/commons/thumb/5/52/Chinnaswamy_Stadium.jpg/960px-Chinnaswamy_Stadium.jpg?utm_source=en.wikipedia.org&utm_campaign=api&utm_content=thumbnail
3201,Dodda Alada Mara Hinterland & Manchanabele Canyons,Karnataka,attraction,13.0016,77.5646,budget,4.4,818,"The red-earth agricultural dirt roads cutting beyond the 400-year-old Big Banyan Tree toward the tranquil, rocky backwaters of the Arkavathi River.",Oct-Feb,https://thumb.wikimedia.org/wikipedia/commons/thumb/8/8f/Kudalasangama.jpg/960px-Kudalasangama.jpg?utm_source=en.wikipedia.org&utm_campaign=api&utm_content=thumbnail
3202,Turahalli Forest Outer Ridges,Karnataka,attraction,13.0356,77.6106,budget,4.4,480,"A surviving patch of natural dry-deciduous boulder forest on the southwestern outskirts, offering quiet sunrise stone perches and birding trails.",Oct-Feb,https://thumb.wikimedia.org/wikipedia/commons/thumb/1/14/Growing_skylines_of_the_Mangalore_CBD_region.jpg/960px-Growing_skylines_of_the_Mangalore_CBD_region.jpg?utm_source=en.wikipedia.org&utm_campaign=api&utm_content=thumbnail
3203,Hesaraghatta Grasslands & Lakebed Fringes,Karnataka,attraction,13.0696,77.6566,budget,4.4,2877,"A vast, open savannah-style grassland basin on the north-western perimeter that hosts wintering harriers, pipits, and classic pastoral landscapes.",Oct-Mar,https://thumb.wikimedia.org/wikipedia/commons/thumb/1/14/Growing_skylines_of_the_Mangalore_CBD_region.jpg/960px-Growing_skylines_of_the_Mangalore_CBD_region.jpg?utm_source=en.wikipedia.org&utm_campaign=api&utm_content=thumbnail
3204,Begur Fort & Panchalingeshwara Inscriptions,Karnataka,attraction,12.9036,77.5026,mid,4.4,1442,An ancient mud-brick circular fort mound housing an 8th-century Western Ganga temple that contains the earliest recorded epigraph mentioning the name Bengaluru.,Oct-Feb,https://thumb.wikimedia.org/wikipedia/commons/thumb/a/a4/Mysore_Palace_Morning.jpg/960px-Mysore_Palace_Morning.jpg?utm_source=en.wikipedia.org&utm_campaign=api&utm_content=thumbnail
3205,Karez Subterranean Aqueduct System (Surang Bawi),Karnataka,attraction,17.8764,77.4739,budget,4.0,878,"A 15th-century Persian-style underground water-tunnel network carving through deep laterite rock layers, with vertical air shafts and subterranean walking chambers.",Oct-Feb,https://upload.wikimedia.org/wikipedia/commons/8/84/Mekedat.jpg?utm_source=en.wikipedia.org&utm_campaign=api&utm_content=thumbnail_unscaled
3206,Ashtur Bahmani Tombs Outer Meadows,Karnataka,attraction,17.9104,77.5199,budget,4.3,1130,"Towering, dome-shaped royal mausoleums set among open countryside fields, decorated with weathered colored-tile mosaics and Quranic calligraphic plasterwork.",Oct-Feb,https://thumb.wikimedia.org/wikipedia/commons/thumb/7/71/Charminar_Hyderabad_1.jpg/960px-Charminar_Hyderabad_1.jpg?utm_source=en.wikipedia.org&utm_campaign=api&utm_content=thumbnail
3207,Mahmud Gawan Madrasa Rear Courtyard,Karnataka,attraction,17.9444,77.5659,budget,4.1,976,"A 1472 CE Islamic residential university showcasing crumbling yellow-and-blue Persian tilework, minarets, and arched vaulted student cubicles.",Oct-Feb,https://thumb.wikimedia.org/wikipedia/commons/thumb/d/d1/Raaja_mahal_1.JPG/960px-Raaja_mahal_1.JPG?utm_source=en.wikipedia.org&utm_campaign=api&utm_content=thumbnail
3208,Vilaspur Dam Backwaters,Karnataka,attraction,17.9784,77.6119,budget,4.3,3141,"A tranquil reservoir basin flanked by laterite ravines and dry deciduous scrub, offering secluded spots for birdwatching and trail walking.",Oct-Feb,https://thumb.wikimedia.org/wikipedia/commons/thumb/e/e1/Pilikula_Botanical_Garden_-_Footpath.jpg/960px-Pilikula_Botanical_Garden_-_Footpath.jpg?utm_source=en.wikipedia.org&utm_campaign=api&utm_content=thumbnail
3209,Biligirirangana Betta (BR Hills) Shola Buffers,Karnataka,attraction,11.8281,76.8817,budget,4.5,5415,"Beyond the main temple viewpoint, the ancient evergreen shola forest trails and Soliga tribal hamlets nestled within the high-elevation sanctuary.",Oct-Feb,https://thumb.wikimedia.org/wikipedia/commons/thumb/3/35/Pashupatinath_Temple_Nepal_IMG_7933_2018_15.jpg/960px-Pashupatinath_Temple_Nepal_IMG_7933_2018_15.jpg?utm_source=en.wikipedia.org&utm_campaign=api&utm_content=thumbnail
3210,Bandipur Backwaters (Nugu Reservoir Fringe),Karnataka,attraction,11.8621,76.9277,budget,4.0,1213,"A quiet, untouristed catchment edge where wild elephants, spotted deer, and waterbirds gather along the shorelines of the Nugu Wildlife Sanctuary.",Oct-Feb,https://upload.wikimedia.org/wikipedia/commons/1/11/Bhadra_River_Project_Dam.jpg?utm_source=en.wikipedia.org&utm_campaign=api&utm_content=thumbnail_unscaled
3211,Bara Chukki Rear Gorge & Suvarnavathi Dam,Karnataka,attraction,11.8961,76.9737,budget,4.2,2663,The undisturbed forest trails and pebbled rocky channels situated well downstream from the main roaring Shivanasamudra waterfalls.,Oct-Feb,https://thumb.wikimedia.org/wikipedia/commons/thumb/d/dd/Wide_angle_of_Galigopuram_of_Virupaksha_Temple%2C_Hampi_%2804%29_%28cropped%29.jpg/960px-Wide_angle_of_Galigopuram_of_Virupaksha_Temple%2C_Hampi_%2804%29_%28cropped%29.jpg?utm_source=en.wikipedia.org&utm_campaign=api&utm_content=thumbnail
3212,Terakanambi Heritage Tanks & Temples,Karnataka,attraction,11.9301,77.0197,budget,4.3,618,"A historic village dotted with ancient Vijayanagara-era temple tanks, stone pavilions, and weekly tribal vegetable and cattle trading grounds.",Oct-Mar,https://thumb.wikimedia.org/wikipedia/commons/thumb/b/b3/8th_century_Durga_temple_exterior_view%2C_Aihole_Hindu_temples_and_monuments_3.jpg/960px-8th_century_Durga_temple_exterior_view%2C_Aihole_Hindu_temples_and_monuments_3.jpg?utm_source=en.wikipedia.org&utm_campaign=api&utm_content=thumbnail
3213,Gudibande Fort & Seven-Tiered Rainwater Pools,Karnataka,attraction,13.4705,77.6495,mid,4.0,664,"A 17th-century rock fortress modeled on Madhugiri, featuring interconnected rainwater harvesting rock cisterns, cave tunnels, and wind corridors.",Oct-Feb,https://thumb.wikimedia.org/wikipedia/commons/thumb/8/8f/Bangalore_Mysore_Maharaja_Palace.jpg/960px-Bangalore_Mysore_Maharaja_Palace.jpg?utm_source=en.wikipedia.org&utm_campaign=api&utm_content=thumbnail
3214,Srinivasa Sagara (Chikkaballapur Weir),Karnataka,attraction,13.5045,77.6955,budget,4.7,7847,"An old masonry stone weir and lake where surplus waters form a scenic, wide cascade over stepped granite walls during the monsoon.",Oct-Feb,https://thumb.wikimedia.org/wikipedia/commons/thumb/3/3c/Magod_Falls_Karnataka.JPG/960px-Magod_Falls_Karnataka.JPG?utm_source=en.wikipedia.org&utm_campaign=api&utm_content=thumbnail
3215,Kandavara Kere (Lakeside Bird Walk),Karnataka,attraction,13.3385,77.7415,budget,4.2,1398,"A tranquil, sprawling irrigation lake on the edge of town serving as a seasonal stopover for painted storks, teals, and pelicans.",Oct-Feb,https://thumb.wikimedia.org/wikipedia/commons/thumb/1/16/Honnemoredu.jpg/960px-Honnemoredu.jpg?utm_source=en.wikipedia.org&utm_campaign=api&utm_content=thumbnail
3216,Dandiganahalli Dam Backwaters,Karnataka,attraction,13.3725,77.7875,budget,4.4,1150,"A secluded, mirror-calm reservoir tucked deep within rural eucalyptus groves and rocky hill ranges, accessed by narrow mud tracks.",Oct-Feb,https://thumb.wikimedia.org/wikipedia/commons/thumb/6/61/Sunset_vtr_lake.jpg/960px-Sunset_vtr_lake.jpg?utm_source=en.wikipedia.org&utm_campaign=api&utm_content=thumbnail
3217,Bababudangiri Dattatreya Peetha Inner Caves,Karnataka,hotel,13.2893,75.6814,budget,4.3,3214,"Secluded, sacred subterranean cave sanctums nestled in high mountain ridges where Sufi saint Baba Budan first planted coffee seeds in India.",Oct-Feb,https://thumb.wikimedia.org/wikipedia/commons/thumb/5/52/Chinnaswamy_Stadium.jpg/960px-Chinnaswamy_Stadium.jpg?utm_source=en.wikipedia.org&utm_campaign=api&utm_content=thumbnail
3218,Ukuda & Kadambi Falls Hinterland,Karnataka,attraction,13.3233,75.7274,budget,4.5,2129,"Hidden forest waterfalls situated deep within tea and coffee estates off the Kudremukh highway, requiring quiet foot navigation along bridle paths.",Oct-Feb,https://thumb.wikimedia.org/wikipedia/commons/thumb/4/4d/LUSHINGTON_FALLS-UNCHALLI.JPG/960px-LUSHINGTON_FALLS-UNCHALLI.JPG?utm_source=en.wikipedia.org&utm_campaign=api&utm_content=thumbnail
3219,Kyatanamakki Hill Meadows (Horanadu Fringe),Karnataka,attraction,13.3573,75.7734,budget,4.6,7708,"An undulating, 360-degree ridge plateau accessible primarily by 4x4 or hiking, offering unbroken views of moving cloud covers.",Oct-Feb,https://thumb.wikimedia.org/wikipedia/commons/thumb/1/17/Tadiandamol_Valley%2C_Western_Ghats.jpg/960px-Tadiandamol_Valley%2C_Western_Ghats.jpg?utm_source=en.wikipedia.org&utm_campaign=api&utm_content=thumbnail
3220,Amruthapura Amruteshwara Temple,Karnataka,attraction,13.3913,75.8194,budget,4.6,3540,"A 12th-century Hoysala soapstone temple located in an unhurried rural village, famed for its intricate exterior relief panels depicting scenes from the epics.",Oct-Mar,https://thumb.wikimedia.org/wikipedia/commons/thumb/b/bd/Ghati_Subramanya_Temple.JPG/960px-Ghati_Subramanya_Temple.JPG?utm_source=en.wikipedia.org&utm_campaign=api&utm_content=thumbnail
3221,Chandravalli Caves & Lake Basin,Karnataka,attraction,14.1351,76.488,budget,4.7,4263,"An archaeological valley nestled between three rugged granite hills, home to ancient subterranean meditation caves (Ankali Mutt) lit only by oil lamps.",Oct-Feb,https://thumb.wikimedia.org/wikipedia/commons/thumb/1/16/Honnemoredu.jpg/960px-Honnemoredu.jpg?utm_source=en.wikipedia.org&utm_campaign=api&utm_content=thumbnail
3222,Jogimatti Hill Station & Himavatkedara Waterfall,Karnataka,attraction,14.1691,76.334,budget,4.2,3154,"A protected dry-deciduous forest reserve situated atop a 3,800-foot ridge, boasting cool mountain air, mineral springs, and centuries-old forest rest houses.",Jul-Oct,https://thumb.wikimedia.org/wikipedia/commons/thumb/3/3c/Magod_Falls_Karnataka.JPG/960px-Magod_Falls_Karnataka.JPG?utm_source=en.wikipedia.org&utm_campaign=api&utm_content=thumbnail
3223,Vanivilasa Sagara (Mari Kanive) Dam Side-Canals,Karnataka,attraction,14.2031,76.38,budget,4.0,1311,"Karnataka's oldest modern stone-masonry dam, designed with neo-classical arches across the Vedavathi River, featuring peaceful lakeside perches.",Oct-Feb,https://thumb.wikimedia.org/wikipedia/commons/thumb/9/9e/Kanva_dam.jpg/960px-Kanva_dam.jpg?utm_source=en.wikipedia.org&utm_campaign=api&utm_content=thumbnail
3224,Nayakanahatti Thipperudra Swamy Temple Tank,Karnataka,attraction,14.2371,76.426,budget,3.9,1200,"An expansive, stone-paved medieval temple pond situated in an arid regional outpost, preserving intricate wooden rathas and quiet village squares.",Oct-Mar,https://upload.wikimedia.org/wikipedia/en/b/b6/Hasanaba_Devi.jpg?utm_source=en.wikipedia.org&utm_campaign=api&utm_content=thumbnail_unscaled
3225,Ermai & Didupe Waterfalls (Charmadi Foothills),Karnataka,attraction,12.9601,74.93,budget,4.1,953,"Multi-tiered jungle cascades tucked into the deep, leech-dense tropical rainforests below the Charmadi Ghat mountain passes.",Jul-Oct,https://upload.wikimedia.org/wikipedia/commons/d/dd/Gokak_Falls_During_Night.jpg?utm_source=en.wikipedia.org&utm_campaign=api&utm_content=thumbnail_unscaled
3226,Sasihithlu Estuary (Nandini & Shambhavi Confluence),Karnataka,attraction,12.9941,74.776,budget,4.5,7095,"A remote, windswept sandbar where two emerald backwater rivers meet the Arabian Sea, known for tranquil surf breaks and mangrove shallows.",Oct-Feb,https://upload.wikimedia.org/wikipedia/commons/d/d8/Tannirubhavi_beach_02.JPG?utm_source=en.wikipedia.org&utm_campaign=api&utm_content=thumbnail_unscaled
3227,Moodabidri Tribhuvana Tilaka Chudamani (1000-Pillar Basadi) Rear Lanes,Karnataka,attraction,12.8281,74.822,budget,4.0,909,A massive 15th-century carved granite Jain temple; the surrounding old settlement preserves traditional tiled-roof wooden houses and stone monasteries.,Oct-Feb,https://thumb.wikimedia.org/wikipedia/commons/thumb/e/e8/Shravanabelagola_Hillview.jpg/960px-Shravanabelagola_Hillview.jpg?utm_source=en.wikipedia.org&utm_campaign=api&utm_content=thumbnail
3228,Pavoor Uli Kudru (River Island),Karnataka,attraction,12.8621,74.868,budget,4.0,743,"A secluded island village on the Netravati River accessible only by wooden passenger boat, inhabited by a community preserving ancestral river-dependent lifestyles.",Oct-Feb,https://thumb.wikimedia.org/wikipedia/commons/thumb/2/29/Karwar_Evening.jpg/960px-Karwar_Evening.jpg?utm_source=en.wikipedia.org&utm_campaign=api&utm_content=thumbnail
3229,Kondi Marikamba Lake & Shantisagara (Sulekere),Karnataka,attraction,14.4464,75.9798,budget,4.0,1263,"The second-largest pre-modern man-made irrigation reservoir in Asia, built in the 12th century, offering vast water vistas, quiet dikes, and bird hides.",Oct-Feb,https://upload.wikimedia.org/wikipedia/commons/1/11/Bhadra_River_Project_Dam.jpg?utm_source=en.wikipedia.org&utm_campaign=api&utm_content=thumbnail_unscaled
3230,Uchangi Durga Fort,Karnataka,attraction,14.4804,75.8258,mid,4.0,1036,"A towering granite fortress perched on an isolated hill outcrop near Harapanahalli, preserving steep stone steps, gateways, and wide views across the Deccan plains.",Oct-Feb,https://thumb.wikimedia.org/wikipedia/commons/thumb/7/7e/Old_Bangalore_Fort%2C_Inside_View.JPG/960px-Old_Bangalore_Fort%2C_Inside_View.JPG?utm_source=en.wikipedia.org&utm_campaign=api&utm_content=thumbnail
3231,Kaginale & Tungabhadra River Confluence Bends,Karnataka,attraction,14.5144,75.8718,budget,4.0,314,Secluded river shallows near Harihar where rural country boats and boulder shallows create tranquil evening picnic spots.,Oct-Feb,https://upload.wikimedia.org/wikipedia/commons/8/81/Bettesha.JPG?utm_source=en.wikipedia.org&utm_campaign=api&utm_content=thumbnail_unscaled
3232,Betur Ancient Jain and Shiva Temples,Karnataka,attraction,14.5484,75.9178,budget,4.4,2975,"Neglected, highly detailed Hoysala and Rashtrakuta-era stone temple foundations set inside a quiet agrarian village.",Oct-Mar,https://thumb.wikimedia.org/wikipedia/commons/thumb/e/e8/Shravanabelagola_Hillview.jpg/960px-Shravanabelagola_Hillview.jpg?utm_source=en.wikipedia.org&utm_campaign=api&utm_content=thumbnail
3233,Kelgeri Lake Wetland Buffers,Karnataka,attraction,15.3769,75.0498,budget,4.6,9092,"A historic water body constructed during the Sir M. Visvesvaraya irrigation era, functioning as an uncrowded haven for resident cormorants and waterfowl.",Oct-Feb,https://upload.wikimedia.org/wikipedia/commons/5/59/BangaloreLake.jpg?utm_source=en.wikipedia.org&utm_campaign=api&utm_content=thumbnail_unscaled
3234,Chandramouleshwara Temple (Unkal),Karnataka,attraction,15.4109,75.0958,budget,4.5,6366,"A 900-year-old Badami Chalukya-style black stone temple tucked inside narrow urban residential alleys, displaying four grand carved entry doors and two Shiva lingams.",Oct-Mar,https://thumb.wikimedia.org/wikipedia/commons/thumb/1/13/Chandramouleshware_Temple.JPG/960px-Chandramouleshware_Temple.JPG?utm_source=en.wikipedia.org&utm_campaign=api&utm_content=thumbnail
3235,Navalgund Dhurrie Weaving Hamlets,Karnataka,attraction,15.4449,74.9418,budget,4.0,1012,"Quiet artisan lanes where local families continue the centuries-old tradition of hand-weaving geometric, vegetable-dyed Jamkhana floor rugs on traditional pit looms.",Oct-Feb,https://thumb.wikimedia.org/wikipedia/commons/thumb/d/dd/Wide_angle_of_Galigopuram_of_Virupaksha_Temple%2C_Hampi_%2804%29_%28cropped%29.jpg/960px-Wide_angle_of_Galigopuram_of_Virupaksha_Temple%2C_Hampi_%2804%29_%28cropped%29.jpg?utm_source=en.wikipedia.org&utm_campaign=api&utm_content=thumbnail
3236,Lakkundi Step-Wells (Kalyanis) & Temple Clusters,Karnataka,attraction,15.4498,75.611,budget,4.6,4238,"A historic village packed with over 50 intricately carved later Chalukyan stone temples and stepped wells like the Manikesvara Stepped Tank, largely free from commercial tourist stalls.",Oct-Mar,https://thumb.wikimedia.org/wikipedia/commons/thumb/f/f1/ISKCON_Bangalore_Temple.jpg/960px-ISKCON_Bangalore_Temple.jpg?utm_source=en.wikipedia.org&utm_campaign=api&utm_content=thumbnail
3237,Dambal Doddabasappa Temple,Karnataka,attraction,15.4838,75.657,budget,4.5,3379,A 12th-century Chalukya architectural wonder featuring a unique 24-pointed star-shaped vimana (sanctum tower) and deeply fluted soapstone wall carvings.,Oct-Mar,https://thumb.wikimedia.org/wikipedia/commons/thumb/d/dd/Wide_angle_of_Galigopuram_of_Virupaksha_Temple%2C_Hampi_%2804%29_%28cropped%29.jpg/960px-Wide_angle_of_Galigopuram_of_Virupaksha_Temple%2C_Hampi_%2804%29_%28cropped%29.jpg?utm_source=en.wikipedia.org&utm_campaign=api&utm_content=thumbnail
3238,Kappatagudda Hill Range (Medicinal Plant Reserve),Karnataka,attraction,15.5178,75.703,budget,4.7,5086,"A pristine, wind-swept mineral hill ridge running through the district, known for hundreds of species of wild ayurvedic herbs, ancient gold-mine shafts, and hilltop wind turbines.",Oct-Feb,https://upload.wikimedia.org/wikipedia/commons/3/34/Peacock_sanctuary_in_Bankapur.JPG?utm_source=en.wikipedia.org&utm_campaign=api&utm_content=thumbnail_unscaled
3239,Binkadakatti Eco Park & Lake Buffer,Karnataka,attraction,15.3518,75.549,budget,4.5,5266,"A quiet scrub woodland sanctuary housing native deer, leopards, and birdwatching trails outside Gadag town.",Oct-Feb,https://thumb.wikimedia.org/wikipedia/commons/thumb/d/dd/Wide_angle_of_Galigopuram_of_Virupaksha_Temple%2C_Hampi_%2804%29_%28cropped%29.jpg/960px-Wide_angle_of_Galigopuram_of_Virupaksha_Temple%2C_Hampi_%2804%29_%28cropped%29.jpg?utm_source=en.wikipedia.org&utm_campaign=api&utm_content=thumbnail
3240,Shettihalli Rosary Church Submerged Ruins,Karnataka,attraction,12.9632,76.0672,budget,4.1,1172,A 19th-century French gothic church standing on the banks of the Gorur Dam; it becomes partially submerged during the monsoons and emerges completely on the dried lakebed in summer.,Oct-Feb,https://thumb.wikimedia.org/wikipedia/commons/thumb/f/fb/Shettihalli_Church..jpg/960px-Shettihalli_Church..jpg?utm_source=en.wikipedia.org&utm_campaign=api&utm_content=thumbnail
3241,Koravangala Govindeshwara Temple,Karnataka,attraction,12.9972,76.1132,budget,4.1,244,"An untouched 12th-century Hoysala soapstone temple located in a sleepy village, featuring detailed wall panels that rival Belur without the tourist bus crowds.",Oct-Mar,https://upload.wikimedia.org/wikipedia/en/b/b6/Hasanaba_Devi.jpg?utm_source=en.wikipedia.org&utm_campaign=api&utm_content=thumbnail_unscaled
3242,Mosale Twin Temples (Nageshwara & Chennakeshava),Karnataka,attraction,13.0312,76.1592,budget,4.2,1021,"Perfectly mirrored Hoysala stone shrines standing side by side amidst swaying coconut groves, preserving complete stepped spires and finely carved dvarapalas.",Oct-Mar,https://thumb.wikimedia.org/wikipedia/commons/thumb/0/03/Pattadakal_000.JPG/960px-Pattadakal_000.JPG?utm_source=en.wikipedia.org&utm_campaign=api&utm_content=thumbnail
3243,Bisle Ghat Viewpoint & Reserve Forest,Karnataka,attraction,13.0652,76.0052,budget,4.2,1260,"A rainforest corridor in the southern Western Ghats offering dizzying lookouts over three mountain ranges (Kumara Parvatha, Pushpagiri, and Dodda Betta) shrouded in thick cloud cover.",Oct-Mar,https://thumb.wikimedia.org/wikipedia/commons/thumb/2/29/Karwar_Evening.jpg/960px-Karwar_Evening.jpg?utm_source=en.wikipedia.org&utm_campaign=api&utm_content=thumbnail
3244,Chaudayyadanapura Mukteshwara Temple,Karnataka,attraction,14.8874,75.3471,budget,4.0,656,"A 12th-century Chalukya jewel perched right on the bend of the Tungabhadra River, preserving ancient stone inscriptions, carved ceilings, and riverside stone steps.",Oct-Mar,https://upload.wikimedia.org/wikipedia/commons/9/97/Polali_Rajarajeshwari_Temple_festival.jpg?utm_source=en.wikipedia.org&utm_campaign=api&utm_content=thumbnail_unscaled
3245,Hangal Tarakeshwara Temple (Octagonal Lotus Dome),Karnataka,attraction,14.7214,75.3931,budget,4.4,1683,"A grand Chalukya architectural complex featuring a colossal, intricately carved soapstone lotus ceiling suspended over eight pillars in the main sabhamandapa.",Oct-Mar,https://thumb.wikimedia.org/wikipedia/commons/thumb/1/17/Close_up_view_of_open_entrance_mantapa_in_the_Kolaramma_Temple_at_Kolar.jpg/960px-Close_up_view_of_open_entrance_mantapa_in_the_Kolaramma_Temple_at_Kolar.jpg?utm_source=en.wikipedia.org&utm_campaign=api&utm_content=thumbnail
3246,Khaja Banda Nawaz Dargah,Karnataka,attraction,17.2637,76.7803,budget,4.9,27056,Khaja Banda Nawaz Dargah is an important religious heritage destination in Kalaburagi district. Major Sufi shrine and one of northern Karnataka's most important pilgrimage sites.,Oct-Feb,https://thumb.wikimedia.org/wikipedia/commons/thumb/4/4e/Buland_Darwaza_Fatehpur_Sikri.jpg/960px-Buland_Darwaza_Fatehpur_Sikri.jpg
3247,Jumma Masjid Gulbarga Fort,Karnataka,attraction,17.2977,76.8263,mid,4.8,3974,Jumma Masjid Gulbarga Fort is an important religious heritage destination in Kalaburagi district. Rare mosque architecture inside the fort inspired by West Asian designs.,Oct-Feb,https://thumb.wikimedia.org/wikipedia/commons/thumb/3/3f/Maner_Sharif_26.jpg/960px-Maner_Sharif_26.jpg?utm_source=commons.wikimedia.org&utm_campaign=imageinfo&utm_content=thumbnail
3248,Sharana Basaveshwara Temple,Karnataka,attraction,17.3317,76.8723,budget,4.9,18407,Sharana Basaveshwara Temple is an important temple destination in Kalaburagi district. Major Lingayat pilgrimage centre and annual jatra destination.,Oct-Mar,https://thumb.wikimedia.org/wikipedia/commons/thumb/e/e3/Gettyedu-2008.78.51-Retouched.jpg/960px-Gettyedu-2008.78.51-Retouched.jpg?utm_source=en.wikipedia.org&utm_campaign=api&utm_content=thumbnail
3249,Buddha Vihara,Karnataka,attraction,17.3657,76.9183,budget,4.5,5062,Buddha Vihara is an important temple destination in Kalaburagi district. Large modern Buddhist complex with distinctive architecture.,Oct-Feb,https://upload.wikimedia.org/wikipedia/commons/4/44/%E0%BD%A2%E0%BE%AB%E0%BD%BC%E0%BD%82%E0%BD%A6%E0%BC%8B%E0%BD%86%E0%BD%BA%E0%BD%93%E0%BC%8B%E0%BD%91%E0%BD%82%E0%BD%BC%E0%BD%93.JPG?utm_source=en.wikipedia.org&utm_campaign=api&utm_content=thumbnail_unscaled
3250,Chor Gumbad,Karnataka,attraction,17.3997,76.7643,budget,4.4,2929,Chor Gumbad is an important religious heritage destination in Kalaburagi district. Distinctive medieval domed monument on a hillock.,Oct-Feb,https://thumb.wikimedia.org/wikipedia/commons/thumb/e/e8/Massive_Chor_Gumbaz.jpg/960px-Massive_Chor_Gumbaz.jpg?utm_source=en.wikipedia.org&utm_campaign=api&utm_content=thumbnail
3251,Hafth Gumbaz,Karnataka,attraction,17.2337,76.8103,budget,4.8,6080,Hafth Gumbaz is an important religious heritage destination in Kalaburagi district. Cluster of medieval tombs representing Bahmani architectural heritage.,Oct-Feb,https://upload.wikimedia.org/wikipedia/commons/c/c2/Pushkarani.jpg?utm_source=en.wikipedia.org&utm_campaign=api&utm_content=thumbnail_unscaled
3252,Sannati Archaeological Site,Karnataka,attraction,17.2677,76.8563,budget,4.4,1753,"A quiet hamlet on the banks of the Bhima River where Ashokan edicts, a major Buddhist stupa, and a rare 1st-to-3rd-century CE relief portrait of Emperor Ashoka (Rayo Asoko) were excavated.",Oct-Feb,https://upload.wikimedia.org/wikipedia/commons/4/44/%E0%BD%A2%E0%BE%AB%E0%BD%BC%E0%BD%82%E0%BD%A6%E0%BC%8B%E0%BD%86%E0%BD%BA%E0%BD%93%E0%BC%8B%E0%BD%91%E0%BD%82%E0%BD%BC%E0%BD%93.JPG?utm_source=en.wikipedia.org&utm_campaign=api&utm_content=thumbnail_unscaled
3253,Kanaganahalli Buddhist Site,Karnataka,attraction,17.3017,76.9023,budget,4.5,8668,Kanaganahalli Buddhist Site is an important heritage destination in Kalaburagi district. Major Buddhist archaeological site with sculptural remains and inscriptions.,Oct-Feb,https://upload.wikimedia.org/wikipedia/commons/4/44/%E0%BD%A2%E0%BE%AB%E0%BD%BC%E0%BD%82%E0%BD%A6%E0%BC%8B%E0%BD%86%E0%BD%BA%E0%BD%93%E0%BC%8B%E0%BD%91%E0%BD%82%E0%BD%BC%E0%BD%93.JPG?utm_source=en.wikipedia.org&utm_campaign=api&utm_content=thumbnail_unscaled
3254,Malkhed Fort,Karnataka,attraction,17.3357,76.7483,mid,4.3,1072,Malkhed Fort is an important heritage destination in Kalaburagi district. Historic Rashtrakuta capital with fortifications and ancient Jain heritage.,Oct-Feb,https://thumb.wikimedia.org/wikipedia/commons/thumb/4/44/Malkhed_Fort.jpg/960px-Malkhed_Fort.jpg?utm_source=en.wikipedia.org&utm_campaign=api&utm_content=thumbnail
3255,Narayana Devalaya Malkhed,Karnataka,attraction,17.3697,76.7943,budget,4.1,391,Narayana Devalaya Malkhed is an important temple destination in Kalaburagi district. Ancient Jain and Hindu cultural landscape around historic Manyakheta.,Oct-Feb,https://thumb.wikimedia.org/wikipedia/commons/thumb/2/27/Halasi_12.jpg/960px-Halasi_12.jpg?utm_source=en.wikipedia.org&utm_campaign=api&utm_content=thumbnail
3256,Deval Ghanagapur,Karnataka,attraction,17.4037,76.8403,budget,4.3,1625,Deval Ghanagapur is an important temple destination in Kalaburagi district. Important Dattatreya pilgrimage centre.,Oct-Feb,https://thumb.wikimedia.org/wikipedia/commons/thumb/8/8c/Basavapatna_near_Ramanathapura._Hassan_distsrict._%282%29.jpg/960px-Basavapatna_near_Ramanathapura._Hassan_distsrict._%282%29.jpg?utm_source=en.wikipedia.org&utm_campaign=api&utm_content=thumbnail
3257,Guru Dattatreya Temple Ganagapur,Karnataka,attraction,17.2377,76.8863,budget,4.2,2935,Guru Dattatreya Temple Ganagapur is an important temple destination in Kalaburagi district. Major pilgrimage destination associated with Sri Narasimha Saraswati.,Oct-Mar,https://thumb.wikimedia.org/wikipedia/commons/thumb/1/13/Chandramouleshware_Temple.JPG/960px-Chandramouleshware_Temple.JPG?utm_source=en.wikipedia.org&utm_campaign=api&utm_content=thumbnail
3258,Siddheshwar Temple Chandrampalli,Karnataka,attraction,17.2717,76.9323,budget,4.8,2841,Siddheshwar Temple Chandrampalli is an important temple destination in Kalaburagi district. Quiet temple and rural landscape near the reservoir region.,Oct-Mar,https://thumb.wikimedia.org/wikipedia/commons/thumb/1/17/Close_up_view_of_open_entrance_mantapa_in_the_Kolaramma_Temple_at_Kolar.jpg/960px-Close_up_view_of_open_entrance_mantapa_in_the_Kolaramma_Temple_at_Kolar.jpg?utm_source=en.wikipedia.org&utm_campaign=api&utm_content=thumbnail
3259,Chandrampalli Dam,Karnataka,attraction,17.3057,76.7783,budget,4.6,3787,"A secluded dam reservoir tucked inside the dry-deciduous valleys of Chincholi, featuring limestone canyons, natural rock caves, and trekking trails.",Oct-Feb,https://thumb.wikimedia.org/wikipedia/commons/thumb/9/9e/Kanva_dam.jpg/960px-Kanva_dam.jpg?utm_source=en.wikipedia.org&utm_campaign=api&utm_content=thumbnail
3260,Benni Thora Dam,Karnataka,attraction,17.3397,76.8243,budget,4.5,1669,Benni Thora Dam is an important lake destination in Kalaburagi district. Lesser-visited reservoir and countryside landscape.,Oct-Feb,https://thumb.wikimedia.org/wikipedia/commons/thumb/1/16/Honnemoredu.jpg/960px-Honnemoredu.jpg?utm_source=en.wikipedia.org&utm_campaign=api&utm_content=thumbnail
3261,Jewargi fort/heritage,Karnataka,attraction,15.3109,75.6883,mid,4.0,356,"Jewargi fort/heritage is an authentic attraction destination located in ,  district of Karnataka. Celebrated for its regional significance and unique ambiance, it offers travelers an immersive experience in the culture, scenic beauty, and heritage of Karnataka.",Oct-Feb,https://thumb.wikimedia.org/wikipedia/commons/thumb/c/c3/Devanahalli_fort_entrance_2007.jpg/960px-Devanahalli_fort_entrance_2007.jpg?utm_source=en.wikipedia.org&utm_campaign=api&utm_content=thumbnail
3262,Nimbarga Jain Temple,Karnataka,attraction,17.4077,76.9163,budget,4.5,3909,Nimbarga Jain Temple is an important temple destination in Kalaburagi district. Lesser-known Jain heritage site in northern Karnataka.,Oct-Mar,https://thumb.wikimedia.org/wikipedia/commons/thumb/2/27/Halasi_12.jpg/960px-Halasi_12.jpg?utm_source=en.wikipedia.org&utm_campaign=api&utm_content=thumbnail
3263,Mandalpatti Viewpoint,Karnataka,attraction,12.3364,75.6662,budget,4.9,23816,Mandalpatti Viewpoint is an important hill destination in Kodagu district. High-altitude grassland viewpoint with dramatic mountain panoramas.,Oct-Feb,https://thumb.wikimedia.org/wikipedia/commons/thumb/0/02/Raja%27s_Seat_View_Point.jpg/960px-Raja%27s_Seat_View_Point.jpg?utm_source=en.wikipedia.org&utm_campaign=api&utm_content=thumbnail
3264,Tadiandamol Peak,Karnataka,attraction,12.3704,75.7122,budget,4.7,23705,Tadiandamol Peak is an important lake destination in Kodagu district. Highest peak in Kodagu and a major Western Ghats trek.,Oct-Feb,https://upload.wikimedia.org/wikipedia/commons/6/64/Kemmangundi_fog.JPG?utm_source=en.wikipedia.org&utm_campaign=api&utm_content=thumbnail_unscaled
3265,Nishani Motte,Karnataka,attraction,12.4044,75.7582,budget,4.7,4035,Nishani Motte is an important hill destination in Kodagu district. Less-crowded mountain trek through forest and grassland.,Oct-Feb,https://thumb.wikimedia.org/wikipedia/commons/thumb/f/fc/Temple_of_kalabhairava%2C_skyline_from_Devaramane%2C_Guthi_village%2C_July_5%2C_2011.jpg/960px-Temple_of_kalabhairava%2C_skyline_from_Devaramane%2C_Guthi_village%2C_July_5%2C_2011.jpg?utm_source=en.wikipedia.org&utm_campaign=api&utm_content=thumbnail
3266,Kumara Parvatha,Karnataka,attraction,12.4384,75.8042,budget,4.4,13810,Kumara Parvatha is an important hill destination in Kodagu district. Challenging Western Ghats trek with dense forest and open ridges.,Oct-Feb,https://thumb.wikimedia.org/wikipedia/commons/thumb/5/5b/Savandurga_Hill_02.jpg/960px-Savandurga_Hill_02.jpg?utm_source=en.wikipedia.org&utm_campaign=api&utm_content=thumbnail
3267,Pushpagiri Wildlife Sanctuary,Karnataka,attraction,12.4724,75.6502,budget,4.6,5882,Pushpagiri Wildlife Sanctuary is an important wildlife destination in Kodagu district. Protected Western Ghats forest and mountain ecosystem.,Oct-Feb,https://thumb.wikimedia.org/wikipedia/commons/thumb/5/5b/Mandalpatti_Hills.jpg/960px-Mandalpatti_Hills.jpg?utm_source=en.wikipedia.org&utm_campaign=api&utm_content=thumbnail
3268,Brahmagiri Wildlife Sanctuary,Karnataka,attraction,12.5064,75.6962,budget,4.1,734,Brahmagiri Wildlife Sanctuary is an important wildlife destination in Kodagu district. Mountain forest ecosystem along Kerala border.,Oct-Feb,https://upload.wikimedia.org/wikipedia/commons/0/00/Brahmagiri_wildlife_sanctuary.jpg?utm_source=en.wikipedia.org&utm_campaign=api&utm_content=thumbnail_unscaled
3269,Nagarhole-side Kodagu,Karnataka,attraction,15.3469,75.7507,budget,3.9,266,"Nagarhole-side Kodagu is an authentic attraction destination located in ,  district of Karnataka. Celebrated for its regional significance and unique ambiance, it offers travelers an immersive experience in the culture, scenic beauty, and heritage of Karnataka.",Oct-Feb,https://thumb.wikimedia.org/wikipedia/commons/thumb/6/67/Gagan_Mahal_palace%2C_Anegundi.jpg/960px-Gagan_Mahal_palace%2C_Anegundi.jpg?utm_source=en.wikipedia.org&utm_campaign=api&utm_content=thumbnail
3270,Talakaveri,Karnataka,attraction,12.3744,75.7882,budget,4.7,21442,Talakaveri is an important temple destination in Kodagu district. Source region of the Cauvery River on Brahmagiri hills.,Oct-Feb,https://thumb.wikimedia.org/wikipedia/commons/thumb/b/b9/Thalakkaveri_Temple%2C_Karnataka.jpg/960px-Thalakkaveri_Temple%2C_Karnataka.jpg?utm_source=en.wikipedia.org&utm_campaign=api&utm_content=thumbnail
3271,Bhagamandala,Karnataka,attraction,12.4084,75.8342,budget,4.8,4142,"Bhagamandala is an important temple destination in Kodagu district. Sacred confluence of Cauvery, Kannike and Sujyoti rivers.",Oct-Feb,https://thumb.wikimedia.org/wikipedia/commons/thumb/5/5c/Bhagamandala_Birdseye_View_Coorg_Feb24_A7C_09524.jpg/960px-Bhagamandala_Birdseye_View_Coorg_Feb24_A7C_09524.jpg?utm_source=en.wikipedia.org&utm_campaign=api&utm_content=thumbnail
3272,Nalknad Palace,Karnataka,attraction,12.4424,75.6802,mid,4.3,3295,Nalknad Palace is an important heritage destination in Kodagu district. Historic palace and refuge of Kodagu royalty beneath Tadiandamol.,Oct-Feb,https://thumb.wikimedia.org/wikipedia/commons/thumb/0/04/Nalknad_Palace_%28Kakkabe%29_-_Nalnad_Palace_%2889%29.jpg/960px-Nalknad_Palace_%28Kakkabe%29_-_Nalnad_Palace_%2889%29.jpg?utm_source=en.wikipedia.org&utm_campaign=api&utm_content=thumbnail
3273,Padi Igguthappa Temple,Karnataka,attraction,12.4764,75.7262,budget,4.5,5490,Padi Igguthappa Temple is an important temple destination in Kodagu district. Important Kodava cultural and religious centre.,Oct-Mar,https://thumb.wikimedia.org/wikipedia/commons/thumb/0/09/Igguthappa_Wayanattu_kulavan.jpg/960px-Igguthappa_Wayanattu_kulavan.jpg?utm_source=en.wikipedia.org&utm_campaign=api&utm_content=thumbnail
3274,Harangi Dam,Karnataka,attraction,12.5104,75.7722,budget,4.1,1259,Harangi Dam is an important lake destination in Kodagu district. Reservoir landscape surrounded by plantation country.,Oct-Feb,https://thumb.wikimedia.org/wikipedia/commons/thumb/4/44/Harangi_Reservoir%2C_Coorg.jpg/960px-Harangi_Reservoir%2C_Coorg.jpg?utm_source=en.wikipedia.org&utm_campaign=api&utm_content=thumbnail
3275,Harangi Elephant Camp,Karnataka,homestay,12.3444,75.8182,budget,4.2,1643,Harangi Elephant Camp is an important wildlife destination in Kodagu district. Elephant-oriented conservation and visitor experience.,Oct-Feb,https://thumb.wikimedia.org/wikipedia/commons/thumb/5/52/Chinnaswamy_Stadium.jpg/960px-Chinnaswamy_Stadium.jpg?utm_source=en.wikipedia.org&utm_campaign=api&utm_content=thumbnail
3276,Dubare Elephant Camp,Karnataka,homestay,12.3784,75.6642,budget,4.9,7865,Dubare Elephant Camp is an important wildlife destination in Kodagu district. River-side elephant camp and forest setting.,Oct-Feb,https://thumb.wikimedia.org/wikipedia/commons/thumb/5/52/Chinnaswamy_Stadium.jpg/960px-Chinnaswamy_Stadium.jpg?utm_source=en.wikipedia.org&utm_campaign=api&utm_content=thumbnail
3277,Kote Betta Peak,Karnataka,attraction,12.4124,75.7102,budget,4.8,5078,Kote Betta Peak is an important hill destination in Kodagu district. Third-highest peak of Kodagu with open hilltop views.,Oct-Feb,https://thumb.wikimedia.org/wikipedia/commons/thumb/1/17/Tadiandamol_Valley%2C_Western_Ghats.jpg/960px-Tadiandamol_Valley%2C_Western_Ghats.jpg?utm_source=en.wikipedia.org&utm_campaign=api&utm_content=thumbnail
3278,Karada Village coffee estates,Karnataka,restaurant,12.4464,75.7562,mid,4.4,3335,Karada Village coffee estates is an important agri tourism destination in Kodagu district. Quiet plantation landscape and Kodava rural life.,Oct-Feb,https://images.unsplash.com/photo-1555396273-367ea4eb4db5?auto=format&fit=crop&w=1200&q=80
3279,Chiklihole Reservoir,Karnataka,attraction,12.4804,75.8022,budget,4.7,6000,Chiklihole Reservoir is an important lake destination in Kodagu district. Small reservoir with unusual curved dam and peaceful forest surroundings.,Oct-Feb,https://upload.wikimedia.org/wikipedia/commons/5/59/BangaloreLake.jpg?utm_source=en.wikipedia.org&utm_campaign=api&utm_content=thumbnail_unscaled
3280,Kakkabe coffee and spice plantations,Karnataka,restaurant,12.5144,75.6482,mid,4.1,1237,Kakkabe coffee and spice plantations is an important agri tourism destination in Kodagu district. Plantation belt beneath Tadiandamol with strong rural scenery.,Oct-Feb,https://images.unsplash.com/photo-1552566626-52f8b828add9?auto=format&fit=crop&w=1200&q=80
3281,Kote Abbey forest trails,Karnataka,attraction,12.3484,75.6942,budget,4.2,1555,Kote Abbey forest trails is an important hill destination in Kodagu district. Small forest routes and plantation landscapes away from major viewpoints.,Oct-Feb,https://thumb.wikimedia.org/wikipedia/commons/thumb/1/17/Tadiandamol_Valley%2C_Western_Ghats.jpg/960px-Tadiandamol_Valley%2C_Western_Ghats.jpg?utm_source=en.wikipedia.org&utm_campaign=api&utm_content=thumbnail
3282,Kolaramma Temple,Karnataka,attraction,13.0958,78.1312,budget,4.9,8443,Kolaramma Temple is an important temple destination in Kolar district. Ancient Dravidian temple dedicated to Kolaramma and an important Kolar landmark.,Oct-Mar,https://thumb.wikimedia.org/wikipedia/commons/thumb/1/17/Close_up_view_of_open_entrance_mantapa_in_the_Kolaramma_Temple_at_Kolar.jpg/960px-Close_up_view_of_open_entrance_mantapa_in_the_Kolaramma_Temple_at_Kolar.jpg?utm_source=en.wikipedia.org&utm_campaign=api&utm_content=thumbnail
3283,Kolar Gold Fields,Karnataka,attraction,13.1298,78.1772,budget,4.5,7595,Kolar Gold Fields is an important heritage stepwell destination in Kolar district. Historic gold-mining landscape and one of India's most important old mining towns.,Oct-Feb,https://upload.wikimedia.org/wikipedia/commons/e/e0/Kolar_Gold_Fields_-_1913.jpg?utm_source=en.wikipedia.org&utm_campaign=api&utm_content=thumbnail_unscaled
3284,Antaragange Temple and Caves,Karnataka,attraction,13.1638,78.2232,budget,4.6,18610,Antaragange Temple and Caves is an important temple destination in Kolar district. Hill temple with volcanic-rock caves and perennial spring.,Oct-Mar,https://thumb.wikimedia.org/wikipedia/commons/thumb/b/b9/Thalakkaveri_Temple%2C_Karnataka.jpg/960px-Thalakkaveri_Temple%2C_Karnataka.jpg?utm_source=en.wikipedia.org&utm_campaign=api&utm_content=thumbnail
3285,Avani Ramalingeshwara Temples,Karnataka,attraction,13.1978,78.0692,budget,4.2,2112,Avani Ramalingeshwara Temples is an important temple destination in Kolar district. Historic temple complex associated with Ramayana traditions and Nolamba architecture.,Oct-Mar,https://thumb.wikimedia.org/wikipedia/commons/thumb/b/b3/8th_century_Durga_temple_exterior_view%2C_Aihole_Hindu_temples_and_monuments_3.jpg/960px-8th_century_Durga_temple_exterior_view%2C_Aihole_Hindu_temples_and_monuments_3.jpg?utm_source=en.wikipedia.org&utm_campaign=api&utm_content=thumbnail
3286,Kotilingeshwara Temple,Karnataka,attraction,13.2318,78.1152,budget,4.1,1257,Kotilingeshwara Temple is an important temple destination in Kolar district. Large religious complex containing an enormous collection of Shiva lingas.,Oct-Mar,https://upload.wikimedia.org/wikipedia/en/b/b6/Hasanaba_Devi.jpg?utm_source=en.wikipedia.org&utm_campaign=api&utm_content=thumbnail_unscaled
3287,Kaivara heritage/cultural circuit,Karnataka,attraction,13.0658,78.1612,budget,4.1,794,Kaivara heritage/cultural circuit is an important temple destination in Kolar district. Town associated with saint-poet Narayanappa and several sacred sites.,Oct-Feb,https://thumb.wikimedia.org/wikipedia/commons/thumb/f/f1/ISKCON_Bangalore_Temple.jpg/960px-ISKCON_Bangalore_Temple.jpg?utm_source=en.wikipedia.org&utm_campaign=api&utm_content=thumbnail
3288,Kaivara Betta,Karnataka,attraction,13.0998,78.2072,budget,4.8,3197,Kaivara Betta is an important hill destination in Kolar district. Rocky hill landscape and pilgrimage trekking.,Oct-Feb,https://thumb.wikimedia.org/wikipedia/commons/thumb/d/dc/Muthathi_Sept.jpg/960px-Muthathi_Sept.jpg?utm_source=en.wikipedia.org&utm_campaign=api&utm_content=thumbnail
3289,Markandeya Hill,Karnataka,attraction,13.1338,78.0532,budget,4.8,6497,Markandeya Hill is an important hill destination in Kolar district. Hill and temple landscape with panoramic countryside views.,Oct-Feb,https://thumb.wikimedia.org/wikipedia/commons/thumb/f/fc/Temple_of_kalabhairava%2C_skyline_from_Devaramane%2C_Guthi_village%2C_July_5%2C_2011.jpg/960px-Temple_of_kalabhairava%2C_skyline_from_Devaramane%2C_Guthi_village%2C_July_5%2C_2011.jpg?utm_source=en.wikipedia.org&utm_campaign=api&utm_content=thumbnail
3290,Chikka Tirupati Temple,Karnataka,attraction,13.1678,78.0992,budget,4.1,649,Chikka Tirupati Temple is an important temple destination in Kolar district. Historic Venkateshwara shrine in a rural setting.,Oct-Mar,https://upload.wikimedia.org/wikipedia/commons/9/97/Polali_Rajarajeshwari_Temple_festival.jpg?utm_source=en.wikipedia.org&utm_campaign=api&utm_content=thumbnail_unscaled
3291,Bangarpet rural lake belt,Karnataka,attraction,13.2018,78.1452,budget,4.8,8531,Bangarpet rural lake belt is an important lake destination in Kolar district. Seasonal lakes and agricultural countryside with birding potential.,Oct-Feb,https://thumb.wikimedia.org/wikipedia/commons/thumb/f/f7/TGHallidam.JPG/960px-TGHallidam.JPG?utm_source=en.wikipedia.org&utm_campaign=api&utm_content=thumbnail
3292,Bethamangala Lake,Karnataka,attraction,13.2358,78.1912,budget,4.1,231,Bethamangala Lake is an important lake destination in Kolar district. Historic reservoir and scenic rural waterbody.,Oct-Feb,https://thumb.wikimedia.org/wikipedia/commons/thumb/f/f7/TGHallidam.JPG/960px-TGHallidam.JPG?utm_source=en.wikipedia.org&utm_campaign=api&utm_content=thumbnail
3293,Bangarpet railway heritage,Karnataka,attraction,13.0698,78.0372,budget,4.6,6342,Bangarpet railway heritage is an important nature destination in Kolar district. Historic railway townscape linked to KGF and colonial-era mining.,Oct-Feb,https://thumb.wikimedia.org/wikipedia/commons/thumb/d/d1/Raaja_mahal_1.JPG/960px-Raaja_mahal_1.JPG?utm_source=en.wikipedia.org&utm_campaign=api&utm_content=thumbnail
3294,Chikka Ballapur border granite,Karnataka,attraction,15.3165,75.6779,budget,3.9,1093,"Chikka Ballapur border granite is an authentic attraction destination located in ,  district of Karnataka. Celebrated for its regional significance and unique ambiance, it offers travelers an immersive experience in the culture, scenic beauty, and heritage of Karnataka.",Oct-Feb,https://thumb.wikimedia.org/wikipedia/commons/thumb/f/fb/Karigatte_temple.JPG/960px-Karigatte_temple.JPG?utm_source=en.wikipedia.org&utm_campaign=api&utm_content=thumbnail
3295,Hampi Vijayanagara ruins,Karnataka,attraction,15.3458,76.1554,budget,4.9,23628,Hampi Vijayanagara ruins is an important heritage destination in Koppal district. UNESCO-listed Vijayanagara landscape extending into Koppal region.,Oct-Feb,https://thumb.wikimedia.org/wikipedia/commons/thumb/a/af/Stone_Chariot_Hampi.jpg/960px-Stone_Chariot_Hampi.jpg
3296,Kanakagiri Kanakachala Lakshmi Narasimha Temple,Karnataka,attraction,15.3798,76.2014,budget,4.5,4086,The ancient historical capital featuring the 16th-century Kanakachalapathi Temple and elaborate medieval stone step-wells (Kalyanis) with subterranean water pavilions.,Oct-Mar,https://thumb.wikimedia.org/wikipedia/commons/thumb/0/09/Igguthappa_Wayanattu_kulavan.jpg/960px-Igguthappa_Wayanattu_kulavan.jpg?utm_source=en.wikipedia.org&utm_campaign=api&utm_content=thumbnail
3297,Anegundi,Karnataka,attraction,15.4138,76.2474,budget,4.9,23489,"A royal pleasure pavilion built in 1561 CE featuring an enormous 20-meter central archway, bordered by shaded gardens and ruined water features.",Oct-Feb,https://thumb.wikimedia.org/wikipedia/commons/thumb/6/67/Gagan_Mahal_palace%2C_Anegundi.jpg/960px-Gagan_Mahal_palace%2C_Anegundi.jpg?utm_source=en.wikipedia.org&utm_campaign=api&utm_content=thumbnail
3298,Pampa Sarovara,Karnataka,attraction,15.2478,76.0934,budget,4.2,3061,Pampa Sarovara is an important lake destination in Koppal district. Sacred lake associated with Ramayana traditions in Anegundi region.,Oct-Feb,https://thumb.wikimedia.org/wikipedia/commons/thumb/4/4d/Birds_at_Madiwala_Lake.jpg/960px-Birds_at_Madiwala_Lake.jpg?utm_source=en.wikipedia.org&utm_campaign=api&utm_content=thumbnail
3299,Purandaradasa Mandapam,Karnataka,attraction,15.2818,76.1394,budget,4.4,2008,Purandaradasa Mandapam is an important heritage destination in Koppal district. Cultural landmark associated with Purandara Dasa traditions.,Oct-Feb,https://thumb.wikimedia.org/wikipedia/commons/thumb/6/67/Gagan_Mahal_palace%2C_Anegundi.jpg/960px-Gagan_Mahal_palace%2C_Anegundi.jpg?utm_source=en.wikipedia.org&utm_campaign=api&utm_content=thumbnail
3300,Kuknoor Mahamaya Temple,Karnataka,attraction,15.3158,76.1854,budget,4.7,5384,Kuknoor Mahamaya Temple is an important temple destination in Koppal district. Ancient temple complex with Chalukyan architecture.,Oct-Mar,https://thumb.wikimedia.org/wikipedia/commons/thumb/3/35/Pashupatinath_Temple_Nepal_IMG_7933_2018_15.jpg/960px-Pashupatinath_Temple_Nepal_IMG_7933_2018_15.jpg?utm_source=en.wikipedia.org&utm_campaign=api&utm_content=thumbnail
3301,Mahadeva Temple Itagi,Karnataka,attraction,15.3498,76.2314,budget,4.9,6310,Mahadeva Temple Itagi is an important temple destination in Koppal district. Exceptional Western Chalukyan temple known for fine stone craftsmanship.,Oct-Mar,https://thumb.wikimedia.org/wikipedia/commons/thumb/1/11/Melukotetemple.jpg/960px-Melukotetemple.jpg?utm_source=en.wikipedia.org&utm_campaign=api&utm_content=thumbnail
3302,Koppal Fort,Karnataka,attraction,15.3838,76.0774,mid,4.5,7677,Koppal Fort is an important heritage destination in Koppal district. Historic hill fort with broad views over the town and plains.,Oct-Feb,https://thumb.wikimedia.org/wikipedia/commons/thumb/0/0a/Mirjan_Fort_02.JPG/960px-Mirjan_Fort_02.JPG?utm_source=en.wikipedia.org&utm_campaign=api&utm_content=thumbnail
3303,Chikka Benakal Megalithic Site,Karnataka,attraction,15.4178,76.1234,budget,4.6,2668,Chikka Benakal Megalithic Site is an important heritage destination in Koppal district. Prehistoric megalithic burial landscape with dolmens and stone structures.,Oct-Feb,https://thumb.wikimedia.org/wikipedia/commons/thumb/d/dd/Wide_angle_of_Galigopuram_of_Virupaksha_Temple%2C_Hampi_%2804%29_%28cropped%29.jpg/960px-Wide_angle_of_Galigopuram_of_Virupaksha_Temple%2C_Hampi_%2804%29_%28cropped%29.jpg?utm_source=en.wikipedia.org&utm_campaign=api&utm_content=thumbnail
3304,Munirabad Tungabhadra Reservoir,Karnataka,attraction,15.2518,76.1694,budget,4.1,724,"The quiet, non-commercial peripheral dikes along the Bhadra Tiger Reserve buffer zone, ideal for seeing river terns and forest margins.",Oct-Feb,https://thumb.wikimedia.org/wikipedia/commons/thumb/e/e1/Pilikula_Botanical_Garden_-_Footpath.jpg/960px-Pilikula_Botanical_Garden_-_Footpath.jpg?utm_source=en.wikipedia.org&utm_campaign=api&utm_content=thumbnail
3305,Huligi Sri Huligemma Temple,Karnataka,attraction,15.2858,76.2154,budget,4.8,5366,Huligi Sri Huligemma Temple is an important temple destination in Koppal district. Major pilgrimage temple on the Tungabhadra.,Oct-Mar,https://thumb.wikimedia.org/wikipedia/commons/thumb/e/e3/Gettyedu-2008.78.51-Retouched.jpg/960px-Gettyedu-2008.78.51-Retouched.jpg?utm_source=en.wikipedia.org&utm_campaign=api&utm_content=thumbnail
3306,Sangama / Cauvery confluence Srirangapatna,Karnataka,attraction,12.4958,76.8011,budget,4.5,8080,Sangama / Cauvery confluence Srirangapatna is an important nature destination in Mandya district. River confluence and island landscape.,Oct-Feb,https://thumb.wikimedia.org/wikipedia/commons/thumb/3/30/Night_in_Manipal.jpg/960px-Night_in_Manipal.jpg?utm_source=en.wikipedia.org&utm_campaign=api&utm_content=thumbnail
3307,Karighatta Hill,Karnataka,attraction,12.5298,76.8471,budget,4.8,5863,Karighatta Hill is an important hill destination in Mandya district. Hilltop temple with panoramic views over Srirangapatna and Cauvery landscape.,Oct-Mar,https://thumb.wikimedia.org/wikipedia/commons/thumb/c/c1/Kodachadri.JPG/960px-Kodachadri.JPG?utm_source=en.wikipedia.org&utm_campaign=api&utm_content=thumbnail
3308,Muthathi,Karnataka,attraction,12.5638,76.8931,budget,4.3,2284,Muthathi is an important nature destination in Mandya district. Cauvery river valley surrounded by forest and rocky terrain.,Oct-Feb,https://thumb.wikimedia.org/wikipedia/commons/thumb/d/dc/Muthathi_Sept.jpg/960px-Muthathi_Sept.jpg?utm_source=en.wikipedia.org&utm_campaign=api&utm_content=thumbnail
3309,Kokrebellur Bird Sanctuary,Karnataka,attraction,12.5978,76.9391,budget,4.2,1159,Kokrebellur Bird Sanctuary is an important wildlife destination in Mandya district. Village known for community-protected pelicans and painted storks.,Oct-Feb,https://thumb.wikimedia.org/wikipedia/commons/thumb/7/75/Spot-billed_Pelican_Rising_Flight_Ranganathittu_Feb24_D72_26266.jpg/960px-Spot-billed_Pelican_Rising_Flight_Ranganathittu_Feb24_D72_26266.jpg?utm_source=en.wikipedia.org&utm_campaign=api&utm_content=thumbnail
3310,Kunti Betta,Karnataka,attraction,12.4318,76.9851,budget,4.5,2108,Kunti Betta is an important hill destination in Mandya district. Twin rocky hills associated with Mahabharata legends.,Oct-Feb,https://thumb.wikimedia.org/wikipedia/commons/thumb/5/5f/KuntiBetta01.jpg/960px-KuntiBetta01.jpg?utm_source=en.wikipedia.org&utm_campaign=api&utm_content=thumbnail
3311,Thonnur Lake,Karnataka,attraction,12.4658,76.8311,budget,4.5,9187,Thonnur Lake is an important lake destination in Mandya district. Large scenic lake surrounded by granite hills and countryside.,Oct-Feb,https://thumb.wikimedia.org/wikipedia/commons/thumb/4/4d/Birds_at_Madiwala_Lake.jpg/960px-Birds_at_Madiwala_Lake.jpg?utm_source=en.wikipedia.org&utm_campaign=api&utm_content=thumbnail
3312,Akka Tangi Kola,Karnataka,attraction,12.4998,76.8771,budget,4.3,3306,Akka Tangi Kola is an important heritage stepwell destination in Mandya district. Lesser-known sacred pond and rock landscape near Melukote.,Oct-Feb,https://thumb.wikimedia.org/wikipedia/commons/thumb/d/d1/Raaja_mahal_1.JPG/960px-Raaja_mahal_1.JPG?utm_source=en.wikipedia.org&utm_campaign=api&utm_content=thumbnail
3313,Shimsha Falls,Karnataka,attraction,12.5338,76.9231,budget,4.7,7313,Shimsha Falls is an important waterfall destination in Mandya district. Seasonal waterfall on the Shimsha River.,Oct-Feb,https://upload.wikimedia.org/wikipedia/commons/d/dd/Gokak_Falls_During_Night.jpg?utm_source=en.wikipedia.org&utm_campaign=api&utm_content=thumbnail_unscaled
3314,Balmuri Falls,Karnataka,attraction,12.5678,76.9691,budget,4.4,1807,Balmuri Falls is an important waterfall destination in Mandya district. Broad rocky Cauvery cascade and riverside landscape.,Oct-Feb,https://thumb.wikimedia.org/wikipedia/commons/thumb/4/4d/LUSHINGTON_FALLS-UNCHALLI.JPG/960px-LUSHINGTON_FALLS-UNCHALLI.JPG?utm_source=en.wikipedia.org&utm_campaign=api&utm_content=thumbnail
3315,Edmuri Falls,Karnataka,attraction,12.6018,76.8151,budget,4.8,8974,Edmuri Falls is an important waterfall destination in Mandya district. Quieter river cascade close to Balmuri.,Oct-Feb,https://thumb.wikimedia.org/wikipedia/commons/thumb/3/3c/Magod_Falls_Karnataka.JPG/960px-Magod_Falls_Karnataka.JPG?utm_source=en.wikipedia.org&utm_campaign=api&utm_content=thumbnail
3316,KRS backwater villages,Karnataka,attraction,12.4358,76.8611,budget,4.3,2591,KRS backwater villages is an important lake destination in Mandya district. Reservoir landscapes and rural Cauvery countryside.,Oct-Feb,https://thumb.wikimedia.org/wikipedia/commons/thumb/9/9e/Kanva_dam.jpg/960px-Kanva_dam.jpg?utm_source=en.wikipedia.org&utm_campaign=api&utm_content=thumbnail
3317,Kunthi Betta night-sky,Karnataka,attraction,15.3165,75.7499,budget,4.5,5331,"Kunthi Betta night-sky is an authentic attraction destination located in ,  district of Karnataka. Celebrated for its regional significance and unique ambiance, it offers travelers an immersive experience in the culture, scenic beauty, and heritage of Karnataka.",Oct-Feb,https://thumb.wikimedia.org/wikipedia/commons/thumb/6/6b/Thurahalli%2C_Bengaluru%2C_Karnataka_560062%2C_India_-_panoramio_%282%29.jpg/960px-Thurahalli%2C_Bengaluru%2C_Karnataka_560062%2C_India_-_panoramio_%282%29.jpg?utm_source=en.wikipedia.org&utm_campaign=api&utm_content=thumbnail
3318,Sri Chamundeshwari Temple,Karnataka,attraction,12.2778,76.6974,budget,4.9,6438,Sri Chamundeshwari Temple is an important temple destination in Mysuru district. Major Shakti temple on Chamundi Hill.,Oct-Mar,https://upload.wikimedia.org/wikipedia/en/b/b6/Hasanaba_Devi.jpg?utm_source=en.wikipedia.org&utm_campaign=api&utm_content=thumbnail_unscaled
3319,Ranganathittu-side Mysuru birding routes,Karnataka,attraction,12.3118,76.5434,budget,4.9,6202,Ranganathittu-side Mysuru birding routes is an important nature destination in Mysuru district. Wetland and river habitats outside the standard city circuit.,Oct-Feb,https://upload.wikimedia.org/wikipedia/commons/c/c2/Pushkarani.jpg?utm_source=en.wikipedia.org&utm_campaign=api&utm_content=thumbnail_unscaled
3320,Lalitha Mahal Palace,Karnataka,attraction,12.3458,76.5894,mid,4.5,1216,Lalitha Mahal Palace is an important heritage destination in Mysuru district. Former royal palace overlooking Mysuru's eastern hills.,Oct-Feb,https://thumb.wikimedia.org/wikipedia/commons/thumb/2/2a/Lalitha_Mahal_Palace_Hotel.jpg/960px-Lalitha_Mahal_Palace_Hotel.jpg?utm_source=en.wikipedia.org&utm_campaign=api&utm_content=thumbnail
3321,Karighatta,Karnataka,attraction,15.2901,75.6755,budget,4.2,2937,"Karighatta is an authentic attraction destination located in ,  district of Karnataka. Celebrated for its regional significance and unique ambiance, it offers travelers an immersive experience in the culture, scenic beauty, and heritage of Karnataka.",Oct-Mar,https://thumb.wikimedia.org/wikipedia/commons/thumb/f/fb/Karigatte_temple.JPG/960px-Karigatte_temple.JPG?utm_source=en.wikipedia.org&utm_campaign=api&utm_content=thumbnail
3322,Nanjangud heritage circuit,Karnataka,attraction,12.2138,76.6814,budget,4.9,6202,Nanjangud heritage circuit is an important temple destination in Mysuru district. Historic temple town on the Kabini with layered heritage.,Oct-Feb,https://upload.wikimedia.org/wikipedia/en/b/b6/Hasanaba_Devi.jpg?utm_source=en.wikipedia.org&utm_campaign=api&utm_content=thumbnail_unscaled
3323,Somnathpur Keshava Temple,Karnataka,attraction,12.2478,76.7274,budget,4.9,16430,Somnathpur Keshava Temple is an important temple destination in Mysuru district. Outstanding Hoysala temple with detailed sculpture.,Oct-Mar,https://thumb.wikimedia.org/wikipedia/commons/thumb/e/e3/Gettyedu-2008.78.51-Retouched.jpg/960px-Gettyedu-2008.78.51-Retouched.jpg?utm_source=en.wikipedia.org&utm_campaign=api&utm_content=thumbnail
3324,Somanathapura village craft,Karnataka,attraction,15.3157,75.7355,budget,4.4,825,"Somanathapura village craft is an authentic attraction destination located in ,  district of Karnataka. Celebrated for its regional significance and unique ambiance, it offers travelers an immersive experience in the culture, scenic beauty, and heritage of Karnataka.",Oct-Feb,https://upload.wikimedia.org/wikipedia/commons/c/c2/Pushkarani.jpg?utm_source=en.wikipedia.org&utm_campaign=api&utm_content=thumbnail_unscaled
3325,Ranganathittu boat safari,Karnataka,attraction,12.3158,76.6194,luxury,4.5,7795,Ranganathittu boat safari is an important wildlife destination in Mysuru district. Boat-based wildlife and bird observation among Cauvery islands.,Oct-Feb,https://thumb.wikimedia.org/wikipedia/commons/thumb/2/27/Bengal_Tiger_Karnataka.jpg/960px-Bengal_Tiger_Karnataka.jpg?utm_source=en.wikipedia.org&utm_campaign=api&utm_content=thumbnail
3326,Kishkindha-style rockyaround Hunsur,Karnataka,attraction,15.3205,75.7491,budget,4.7,2241,"Kishkindha-style rockyaround Hunsur is an authentic attraction destination located in ,  district of Karnataka. Celebrated for its regional significance and unique ambiance, it offers travelers an immersive experience in the culture, scenic beauty, and heritage of Karnataka.",Oct-Feb,https://thumb.wikimedia.org/wikipedia/commons/thumb/e/ef/Yoga_Narasimha_Temple_Devarayanadurga.JPG/960px-Yoga_Narasimha_Temple_Devarayanadurga.JPG?utm_source=en.wikipedia.org&utm_campaign=api&utm_content=thumbnail
3327,Thandavapura village heritage,Karnataka,attraction,12.3838,76.7114,budget,4.9,4638,Thandavapura village heritage is an important culture destination in Mysuru district. Rural agricultural and temple landscapes near Nanjangud.,Oct-Feb,https://upload.wikimedia.org/wikipedia/commons/9/97/Polali_Rajarajeshwari_Temple_festival.jpg?utm_source=en.wikipedia.org&utm_campaign=api&utm_content=thumbnail_unscaled
3328,Raichur Fort,Karnataka,attraction,16.1296,77.2643,mid,4.4,2481,"Raichur Fort is an important heritage destination in Raichur district. Large medieval fort with layers of Bahmani, Vijayanagara and Deccan history.",Oct-Feb,https://thumb.wikimedia.org/wikipedia/commons/thumb/0/0d/Raichur_Fort_1.jpg/960px-Raichur_Fort_1.jpg?utm_source=en.wikipedia.org&utm_campaign=api&utm_content=thumbnail
3329,Mudgal Fort,Karnataka,attraction,16.1636,77.3103,mid,4.6,5271,Mudgal Fort is an important heritage destination in Raichur district. Historic fort town with extensive stone fortifications.,Oct-Feb,https://thumb.wikimedia.org/wikipedia/commons/thumb/4/4b/Mudgal_fort_3.jpg/960px-Mudgal_fort_3.jpg?utm_source=en.wikipedia.org&utm_campaign=api&utm_content=thumbnail
3330,Mudgal hill and temple,Karnataka,attraction,15.3261,75.6907,budget,4.7,1400,"Mudgal hill and temple is an authentic attraction destination located in ,  district of Karnataka. Celebrated for its regional significance and unique ambiance, it offers travelers an immersive experience in the culture, scenic beauty, and heritage of Karnataka.",Oct-Mar,https://thumb.wikimedia.org/wikipedia/commons/thumb/1/17/Close_up_view_of_open_entrance_mantapa_in_the_Kolaramma_Temple_at_Kolar.jpg/960px-Close_up_view_of_open_entrance_mantapa_in_the_Kolaramma_Temple_at_Kolar.jpg?utm_source=en.wikipedia.org&utm_campaign=api&utm_content=thumbnail
3331,Jaladurga Fort,Karnataka,attraction,16.2316,77.4023,mid,4.4,2404,"A medieval river fortress perched atop an island hillock where the Krishna River forces itself through a dramatic, narrow rocky canyon.",Oct-Feb,https://thumb.wikimedia.org/wikipedia/commons/thumb/a/a8/Skandagiri.jpg/960px-Skandagiri.jpg?utm_source=en.wikipedia.org&utm_campaign=api&utm_content=thumbnail
3332,Ek Minar Ki Masjid,Karnataka,attraction,16.2656,77.2483,budget,4.9,3156,Ek Minar Ki Masjid is an important religious heritage destination in Raichur district. Distinctive medieval mosque and Deccan architectural monument.,Oct-Feb,https://thumb.wikimedia.org/wikipedia/commons/thumb/8/85/Sher_Shah_Suri_Tomb.jpg/960px-Sher_Shah_Suri_Tomb.jpg
3333,Markandeshwara Temple,Karnataka,attraction,16.2996,77.2943,budget,4.2,1429,Markandeshwara Temple is an important temple destination in Raichur district. Historic temple with Chalukyan architectural elements.,Oct-Mar,https://thumb.wikimedia.org/wikipedia/commons/thumb/0/02/Banavasi_Madhukeshwara_temple.JPG/960px-Banavasi_Madhukeshwara_temple.JPG?utm_source=en.wikipedia.org&utm_campaign=api&utm_content=thumbnail
3334,Maski Archaeological Site,Karnataka,attraction,16.1336,77.3403,budget,4.5,4133,Maski Archaeological Site is an important heritage destination in Raichur district. Important site associated with Ashokan inscription and early historic archaeology.,Oct-Feb,https://thumb.wikimedia.org/wikipedia/commons/thumb/6/6c/Namada_Chilume.jpg/960px-Namada_Chilume.jpg?utm_source=en.wikipedia.org&utm_campaign=api&utm_content=thumbnail
3335,Maski Ashokan Edict,Karnataka,attraction,16.1676,77.3863,budget,4.7,8540,Maski Ashokan Edict is an important heritage destination in Raichur district. Important Ashokan inscription identifying Devanampiya Piyadasi with Ashoka.,Oct-Feb,https://thumb.wikimedia.org/wikipedia/commons/thumb/0/0c/Banavasi_varadariver_side.jpg/960px-Banavasi_varadariver_side.jpg?utm_source=en.wikipedia.org&utm_campaign=api&utm_content=thumbnail
3336,Hatti Gold Mines,Karnataka,attraction,16.2016,77.4323,budget,4.1,1336,Hatti Gold Mines is an important heritage destination in Raichur district. Historic active gold-mining region and unusual industrial landscape.,Oct-Feb,https://thumb.wikimedia.org/wikipedia/commons/thumb/d/da/Udupi_Krishna_Temple.jpg/960px-Udupi_Krishna_Temple.jpg?utm_source=en.wikipedia.org&utm_campaign=api&utm_content=thumbnail
3337,Deodurga Fort,Karnataka,attraction,16.2356,77.2783,mid,4.9,7180,Deodurga Fort is an important heritage destination in Raichur district. Lesser-known fort and historic settlement landscape.,Oct-Feb,https://thumb.wikimedia.org/wikipedia/commons/thumb/c/c8/Gagan_Mahal_Bijapura.jpg/960px-Gagan_Mahal_Bijapura.jpg?utm_source=en.wikipedia.org&utm_campaign=api&utm_content=thumbnail
3338,Narayana Devara Betta,Karnataka,attraction,16.2696,77.3243,budget,4.1,379,Narayana Devara Betta is an important hill destination in Raichur district. Rocky hill and local temple landscape.,Oct-Feb,https://upload.wikimedia.org/wikipedia/en/b/b6/Hasanaba_Devi.jpg?utm_source=en.wikipedia.org&utm_campaign=api&utm_content=thumbnail_unscaled
3339,Krishna River backwaters,Karnataka,attraction,16.3036,77.3703,budget,4.2,466,Krishna River backwaters is an important lake destination in Raichur district. Broad river landscapes with sunset and photography potential.,Oct-Feb,https://thumb.wikimedia.org/wikipedia/commons/thumb/9/9e/Kanva_dam.jpg/960px-Kanva_dam.jpg?utm_source=en.wikipedia.org&utm_campaign=api&utm_content=thumbnail
3340,Tungabhadra-Krishna doab,Karnataka,attraction,15.3509,75.7163,budget,3.9,546,"Tungabhadra-Krishna doab is an authentic attraction destination located in ,  district of Karnataka. Celebrated for its regional significance and unique ambiance, it offers travelers an immersive experience in the culture, scenic beauty, and heritage of Karnataka.",Oct-Feb,https://thumb.wikimedia.org/wikipedia/commons/thumb/0/03/Pattadakal_000.JPG/960px-Pattadakal_000.JPG?utm_source=en.wikipedia.org&utm_campaign=api&utm_content=thumbnail
3341,Shaktinagar dam/reservoir,Karnataka,attraction,15.3141,75.7451,budget,4.4,1347,"Shaktinagar dam/reservoir is an authentic attraction destination located in ,  district of Karnataka. Celebrated for its regional significance and unique ambiance, it offers travelers an immersive experience in the culture, scenic beauty, and heritage of Karnataka.",Oct-Feb,https://thumb.wikimedia.org/wikipedia/commons/thumb/4/44/Harangi_Reservoir%2C_Coorg.jpg/960px-Harangi_Reservoir%2C_Coorg.jpg?utm_source=en.wikipedia.org&utm_campaign=api&utm_content=thumbnail
3342,Ramanagara Hills,Karnataka,attraction,12.7189,77.2419,budget,4.9,9097,Ramanagara Hills is an important hill destination in Ramanagara district. Granite hills made famous by rock climbing and the film Sholay landscape.,Oct-Feb,https://thumb.wikimedia.org/wikipedia/commons/thumb/d/dc/Muthathi_Sept.jpg/960px-Muthathi_Sept.jpg?utm_source=en.wikipedia.org&utm_campaign=api&utm_content=thumbnail
3343,Janapada Loka,Karnataka,attraction,12.7529,77.2879,budget,4.1,179,Janapada Loka is an important culture destination in Ramanagara district. Folk museum and cultural centre showcasing Karnataka traditions.,Oct-Feb,https://thumb.wikimedia.org/wikipedia/commons/thumb/d/df/Yakshagana_artist%27s_mannequin_on_display_in_the_Janapada_Loka_%28Folk_art_museum%29.jpg/960px-Yakshagana_artist%27s_mannequin_on_display_in_the_Janapada_Loka_%28Folk_art_museum%29.jpg?utm_source=en.wikipedia.org&utm_campaign=api&utm_content=thumbnail
3344,Kanva Reservoir,Karnataka,attraction,12.7869,77.3339,budget,4.3,516,Kanva Reservoir is an important lake destination in Ramanagara district. Scenic reservoir surrounded by rocky hills and countryside.,Oct-Feb,https://thumb.wikimedia.org/wikipedia/commons/thumb/9/9e/Kanva_dam.jpg/960px-Kanva_dam.jpg?utm_source=en.wikipedia.org&utm_campaign=api&utm_content=thumbnail
3345,Mekedatu,Karnataka,attraction,12.6209,77.1799,budget,4.9,18650,"The quiet, sandy granite shelves downstream from the Arkavathi-Cauvery confluence, where the river carves deep chutes through solid granite.",Oct-Feb,https://upload.wikimedia.org/wikipedia/commons/8/84/Mekedat.jpg?utm_source=en.wikipedia.org&utm_campaign=api&utm_content=thumbnail_unscaled
3346,Channapatna Toy Town,Karnataka,attraction,12.6549,77.2259,budget,4.9,22200,Channapatna Toy Town is an important culture destination in Ramanagara district. Major traditional wooden-toy and lacquerware craft centre.,Oct-Feb,https://thumb.wikimedia.org/wikipedia/commons/thumb/3/30/Night_in_Manipal.jpg/960px-Night_in_Manipal.jpg?utm_source=en.wikipedia.org&utm_campaign=api&utm_content=thumbnail
3347,Kokkare Bellur-linked birding villages,Karnataka,attraction,12.6889,77.2719,budget,4.6,1452,Kokkare Bellur-linked birding villages is an important culture destination in Ramanagara district. Community-supported bird habitats in rural southern Karnataka.,Oct-Feb,https://thumb.wikimedia.org/wikipedia/commons/thumb/d/da/Udupi_Krishna_Temple.jpg/960px-Udupi_Krishna_Temple.jpg?utm_source=en.wikipedia.org&utm_campaign=api&utm_content=thumbnail
3348,Shivagange-style granite,Karnataka,attraction,15.3485,75.6923,budget,4.3,3109,"Shivagange-style granite is an authentic attraction destination located in ,  district of Karnataka. Celebrated for its regional significance and unique ambiance, it offers travelers an immersive experience in the culture, scenic beauty, and heritage of Karnataka.",Oct-Feb,https://thumb.wikimedia.org/wikipedia/commons/thumb/2/25/Devaraja_Market%2C_Mysore_%28306989724%29.jpg/960px-Devaraja_Market%2C_Mysore_%28306989724%29.jpg?utm_source=en.wikipedia.org&utm_campaign=api&utm_content=thumbnail
3349,Revanna Siddeshwara Betta,Karnataka,attraction,12.7569,77.3639,budget,4.7,3642,Revanna Siddeshwara Betta is an important hill destination in Ramanagara district. Rock-climbing and hill temple destination near Ramanagara.,Oct-Feb,https://upload.wikimedia.org/wikipedia/commons/8/86/Dodda_Ganeshana_Gudi_Hindu_temple%2C_Basavanagudi%2C_Karnataka%2C_India.jpg?utm_source=en.wikipedia.org&utm_campaign=api&utm_content=thumbnail_unscaled
3350,Savanadurga,Karnataka,attraction,12.7909,77.2099,budget,4.9,26279,Savanadurga is an important hill destination in Ramanagara district. One of Asia's largest monolith hill formations with major trekking routes.,Oct-Feb,https://thumb.wikimedia.org/wikipedia/commons/thumb/5/5b/Savandurga_Hill_02.jpg/960px-Savandurga_Hill_02.jpg?utm_source=en.wikipedia.org&utm_campaign=api&utm_content=thumbnail
3351,Manchanabele Dam,Karnataka,attraction,12.6249,77.2559,budget,4.6,9144,Manchanabele Dam is an important lake destination in Ramanagara district. Reservoir surrounded by granite hills and countryside.,Oct-Feb,https://thumb.wikimedia.org/wikipedia/commons/thumb/1/16/Honnemoredu.jpg/960px-Honnemoredu.jpg?utm_source=en.wikipedia.org&utm_campaign=api&utm_content=thumbnail
3352,Thippagondanahalli Reservoir,Karnataka,attraction,12.6589,77.3019,budget,4.6,2524,Thippagondanahalli Reservoir is an important lake destination in Ramanagara district. Large reservoir and forested landscape west of Bengaluru.,Oct-Feb,https://thumb.wikimedia.org/wikipedia/commons/thumb/f/f7/TGHallidam.JPG/960px-TGHallidam.JPG?utm_source=en.wikipedia.org&utm_campaign=api&utm_content=thumbnail
3353,Bilikal Rangaswamy Betta,Karnataka,attraction,12.6929,77.3479,budget,4.3,1783,Bilikal Rangaswamy Betta is an important hill destination in Ramanagara district. Forest hill with temple and broad views.,Oct-Feb,https://thumb.wikimedia.org/wikipedia/commons/thumb/1/17/Close_up_view_of_open_entrance_mantapa_in_the_Kolaramma_Temple_at_Kolar.jpg/960px-Close_up_view_of_open_entrance_mantapa_in_the_Kolaramma_Temple_at_Kolar.jpg?utm_source=en.wikipedia.org&utm_campaign=api&utm_content=thumbnail
3354,Kengal Anjaneya Temple,Karnataka,attraction,12.7269,77.1939,budget,4.7,5570,Kengal Anjaneya Temple is an important temple destination in Ramanagara district. Distinctive Hanuman temple associated with local legends.,Oct-Mar,https://thumb.wikimedia.org/wikipedia/commons/thumb/0/02/Banavasi_Madhukeshwara_temple.JPG/960px-Banavasi_Madhukeshwara_temple.JPG?utm_source=en.wikipedia.org&utm_campaign=api&utm_content=thumbnail
3355,Harobele Kapileshwara Temple,Karnataka,attraction,12.7609,77.2399,budget,4.8,7547,Harobele Kapileshwara Temple is an important temple destination in Ramanagara district. Quiet temple in a rural setting.,Oct-Mar,https://thumb.wikimedia.org/wikipedia/commons/thumb/0/02/Banavasi_Madhukeshwara_temple.JPG/960px-Banavasi_Madhukeshwara_temple.JPG?utm_source=en.wikipedia.org&utm_campaign=api&utm_content=thumbnail
3356,Arkavathi,Karnataka,attraction,15.2885,75.7275,budget,4.7,5196,"Arkavathi is an authentic attraction destination located in ,  district of Karnataka. Celebrated for its regional significance and unique ambiance, it offers travelers an immersive experience in the culture, scenic beauty, and heritage of Karnataka.",Oct-Feb,https://thumb.wikimedia.org/wikipedia/commons/thumb/8/8f/Kudalasangama.jpg/960px-Kudalasangama.jpg?utm_source=en.wikipedia.org&utm_campaign=api&utm_content=thumbnail
3357,Jogi Falls,Karnataka,attraction,13.8379,75.6201,budget,4.7,23015,Jogi Falls is an important waterfall destination in Shivamogga district. One of India's most spectacular waterfalls formed by the Sharavathi River.,Oct-Feb,https://upload.wikimedia.org/wikipedia/commons/b/b3/Jhari_Falls_2k22.jpg?utm_source=en.wikipedia.org&utm_campaign=api&utm_content=thumbnail_unscaled
3358,Sharavathi Valley Wildlife Sanctuary,Karnataka,attraction,13.8719,75.6661,budget,4.9,5790,Sharavathi Valley Wildlife Sanctuary is an important wildlife destination in Shivamogga district. 1.,Oct-Feb,https://thumb.wikimedia.org/wikipedia/commons/thumb/6/6a/Kabani_River.jpg/960px-Kabani_River.jpg?utm_source=en.wikipedia.org&utm_campaign=api&utm_content=thumbnail
3359,Kundadri Hill,Karnataka,attraction,13.9059,75.5121,budget,4.9,3670,Kundadri Hill is an important heritage stepwell destination in Shivamogga district. Jain hilltop temple and spectacular Western Ghats sunrise views.,Oct-Feb,https://thumb.wikimedia.org/wikipedia/commons/thumb/1/17/Tadiandamol_Valley%2C_Western_Ghats.jpg/960px-Tadiandamol_Valley%2C_Western_Ghats.jpg?utm_source=en.wikipedia.org&utm_campaign=api&utm_content=thumbnail
3360,Kodachadri,Karnataka,attraction,13.9399,75.5581,budget,4.4,9517,"Kodachadri is an important hill destination in Shivamogga district. Major Western Ghats trek with grasslands, forest and panoramic views.",Oct-Feb,https://thumb.wikimedia.org/wikipedia/commons/thumb/c/c1/Kodachadri.JPG/960px-Kodachadri.JPG?utm_source=en.wikipedia.org&utm_campaign=api&utm_content=thumbnail
3361,Tyavarekoppa Lion and Tiger Safari,Karnataka,attraction,13.9739,75.6041,luxury,4.5,4508,Tyavarekoppa Lion and Tiger Safari is an important wildlife destination in Shivamogga district. Wildlife safari and conservation centre near Shivamogga.,Oct-Feb,https://thumb.wikimedia.org/wikipedia/commons/thumb/4/48/Lurking_tiger.jpg/960px-Lurking_tiger.jpg?utm_source=en.wikipedia.org&utm_campaign=api&utm_content=thumbnail
3362,Sakrebailu Elephant Camp,Karnataka,homestay,14.0079,75.6501,budget,4.8,3500,Sakrebailu Elephant Camp is an important wildlife destination in Shivamogga district. Elephant conservation and riverside experience.,Oct-Feb,https://thumb.wikimedia.org/wikipedia/commons/thumb/5/52/Chinnaswamy_Stadium.jpg/960px-Chinnaswamy_Stadium.jpg?utm_source=en.wikipedia.org&utm_campaign=api&utm_content=thumbnail
3363,Ikkeri Aghoreshwara Temple,Karnataka,attraction,13.8419,75.4961,budget,4.9,5322,Ikkeri Aghoreshwara Temple is an important temple destination in Shivamogga district. Magnificent 16th-century temple with Dravidian and Vijayanagara features.,Oct-Mar,https://thumb.wikimedia.org/wikipedia/commons/thumb/b/bd/Ghati_Subramanya_Temple.JPG/960px-Ghati_Subramanya_Temple.JPG?utm_source=en.wikipedia.org&utm_campaign=api&utm_content=thumbnail
3364,Keladi Rameshwara Temple,Karnataka,attraction,13.8759,75.5421,budget,4.1,285,Keladi Rameshwara Temple is an important temple destination in Shivamogga district. Historic Nayaka-period temple and former Keladi capital.,Oct-Mar,https://thumb.wikimedia.org/wikipedia/commons/thumb/1/11/Melukotetemple.jpg/960px-Melukotetemple.jpg?utm_source=en.wikipedia.org&utm_campaign=api&utm_content=thumbnail
3365,Kavaledurga Fort,Karnataka,attraction,13.9099,75.5881,mid,4.2,1259,"A 9th-century hill fortress hidden inside dense Western Ghats rainforest, featuring moss-covered stone walls, palace ruins, and hilltop stone tanks overlooking the Varahi backwaters.",Oct-Feb,https://thumb.wikimedia.org/wikipedia/commons/thumb/3/3b/Aerial_view_of_Kavale_Durga_Fort%2C_Thirthahalli%2C_Shimoga.jpg/960px-Aerial_view_of_Kavale_Durga_Fort%2C_Thirthahalli%2C_Shimoga.jpg?utm_source=en.wikipedia.org&utm_campaign=api&utm_content=thumbnail
3366,Nagara Fort,Karnataka,attraction,13.9439,75.6341,mid,4.3,2576,Nagara Fort is an important heritage destination in Shivamogga district. Historic Keladi-Nayaka fort and old settlement landscape.,Oct-Feb,https://thumb.wikimedia.org/wikipedia/commons/thumb/3/3d/Kittur_fort.jpeg/960px-Kittur_fort.jpeg?utm_source=en.wikipedia.org&utm_campaign=api&utm_content=thumbnail
3367,Shivappanaika Palace Museum,Karnataka,attraction,13.9779,75.4801,mid,4.6,6030,Shivappanaika Palace Museum is an important heritage destination in Shivamogga district. Museum documenting Keladi Nayaka history.,Oct-Mar,https://upload.wikimedia.org/wikipedia/commons/b/be/Part_of_Fort%2C_Beejapore..jpg?utm_source=en.wikipedia.org&utm_campaign=api&utm_content=thumbnail_unscaled
3368,Varadamoola,Karnataka,attraction,14.0119,75.5261,budget,4.5,2636,Varadamoola is an important lake destination in Shivamogga district. Source region of the Varada River with temple and forest scenery.,Oct-Feb,https://thumb.wikimedia.org/wikipedia/commons/thumb/b/b9/Thalakkaveri_Temple%2C_Karnataka.jpg/960px-Thalakkaveri_Temple%2C_Karnataka.jpg?utm_source=en.wikipedia.org&utm_campaign=api&utm_content=thumbnail
3369,Unchalli Falls,Karnataka,attraction,13.8459,75.5721,budget,4.3,3375,Unchalli Falls is an important waterfall destination in Shivamogga district. Remote waterfall in forested Western Ghats landscape.,Oct-Feb,https://thumb.wikimedia.org/wikipedia/commons/thumb/4/4d/LUSHINGTON_FALLS-UNCHALLI.JPG/960px-LUSHINGTON_FALLS-UNCHALLI.JPG?utm_source=en.wikipedia.org&utm_campaign=api&utm_content=thumbnail
3370,Kunchikal Falls,Karnataka,attraction,13.8799,75.6181,budget,4.2,546,Kunchikal Falls is an important waterfall destination in Shivamogga district. Very tall waterfall system in the Western Ghats.,Oct-Feb,https://upload.wikimedia.org/wikipedia/commons/b/b3/Jhari_Falls_2k22.jpg?utm_source=en.wikipedia.org&utm_campaign=api&utm_content=thumbnail_unscaled
3371,Sigandur Chowdeshwari Temple,Karnataka,attraction,13.9139,75.6641,budget,4.6,1446,Sigandur Chowdeshwari Temple is an important temple destination in Shivamogga district. Temple on the Sharavathi backwaters reached through a scenic ferry route.,Oct-Mar,https://thumb.wikimedia.org/wikipedia/commons/thumb/8/8c/Basavapatna_near_Ramanathapura._Hassan_distsrict._%282%29.jpg/960px-Basavapatna_near_Ramanathapura._Hassan_distsrict._%282%29.jpg?utm_source=en.wikipedia.org&utm_campaign=api&utm_content=thumbnail
3372,Linganakki Dam and backwaters,Karnataka,attraction,13.9479,75.5101,budget,4.2,2374,Linganakki Dam and backwaters is an important lake destination in Shivamogga district. Quiet Sharavathi reservoir landscapes with minimal tourism infrastructure.,Oct-Feb,https://thumb.wikimedia.org/wikipedia/commons/thumb/6/61/Sunset_vtr_lake.jpg/960px-Sunset_vtr_lake.jpg?utm_source=en.wikipedia.org&utm_campaign=api&utm_content=thumbnail
3373,Mandagadde Bird Sanctuary,Karnataka,attraction,13.9819,75.5561,budget,4.1,519,Mandagadde Bird Sanctuary is an important wildlife destination in Shivamogga district. River island bird habitat known for migratory and resident species.,Oct-Feb,https://thumb.wikimedia.org/wikipedia/commons/thumb/8/85/MelursusUrsinusFemaleCub.jpg/960px-MelursusUrsinusFemaleCub.jpg?utm_source=en.wikipedia.org&utm_campaign=api&utm_content=thumbnail
3374,Gajanur Dam,Karnataka,attraction,14.0159,75.6021,budget,4.7,1802,Gajanur Dam is an important lake destination in Shivamogga district. Tunga River reservoir and forest surroundings.,Oct-Feb,https://thumb.wikimedia.org/wikipedia/commons/thumb/4/4d/Birds_at_Madiwala_Lake.jpg/960px-Birds_at_Madiwala_Lake.jpg?utm_source=en.wikipedia.org&utm_campaign=api&utm_content=thumbnail
3375,Namada Chilume,Karnataka,attraction,13.2579,77.181,budget,4.8,6971,"The shaded natural perennial spring emerging from a solid rock fissure, flanked by deciduous forest tracks and ancient deer sanctuaries.",Oct-Feb,https://thumb.wikimedia.org/wikipedia/commons/thumb/6/6c/Namada_Chilume.jpg/960px-Namada_Chilume.jpg?utm_source=en.wikipedia.org&utm_campaign=api&utm_content=thumbnail
3376,Siddaganga Mutt,Karnataka,attraction,13.2919,77.027,budget,4.7,28883,Siddaganga Mutt is an important temple destination in Tumakuru district. Major Lingayat institution and educational centre associated with Sri Shivakumara Swamiji.,Oct-Feb,https://thumb.wikimedia.org/wikipedia/commons/thumb/1/1a/Damballah_La_Flambeau.jpg/960px-Damballah_La_Flambeau.jpg?utm_source=en.wikipedia.org&utm_campaign=api&utm_content=thumbnail
3377,Kunigal Lake,Karnataka,attraction,13.3259,77.073,budget,4.5,4913,Kunigal Lake is an important lake destination in Tumakuru district. Large reservoir and rural wetland landscape.,Oct-Feb,https://upload.wikimedia.org/wikipedia/commons/9/91/Honnamana_Kere.jpg?utm_source=en.wikipedia.org&utm_campaign=api&utm_content=thumbnail_unscaled
3378,Jayamangali Blackbuck Reserve,Karnataka,attraction,13.3599,77.119,budget,4.7,6292,Jayamangali Blackbuck Reserve is an important wildlife destination in Tumakuru district. Grassland reserve protecting blackbuck and dry-zone fauna.,Oct-Feb,https://thumb.wikimedia.org/wikipedia/commons/thumb/4/48/Black_Bucks.jpg/960px-Black_Bucks.jpg?utm_source=en.wikipedia.org&utm_campaign=api&utm_content=thumbnail
3379,Jayamangali blackbuck grasslands,Karnataka,attraction,13.3939,77.165,budget,4.3,3381,Jayamangali blackbuck grasslands is an important wildlife destination in Tumakuru district. Open grassland scenery and seasonal wildlife sightings.,Oct-Feb,https://upload.wikimedia.org/wikipedia/commons/0/00/Brahmagiri_wildlife_sanctuary.jpg?utm_source=en.wikipedia.org&utm_campaign=api&utm_content=thumbnail_unscaled
3380,Madhugiri Fort,Karnataka,attraction,13.4279,77.011,mid,4.9,9759,Madhugiri Fort is an important heritage destination in Tumakuru district. Massive monolithic hill fort and major trekking destination.,Oct-Feb,https://thumb.wikimedia.org/wikipedia/commons/thumb/0/04/Nalknad_Palace_%28Kakkabe%29_-_Nalnad_Palace_%2889%29.jpg/960px-Nalknad_Palace_%28Kakkabe%29_-_Nalnad_Palace_%2889%29.jpg?utm_source=en.wikipedia.org&utm_campaign=api&utm_content=thumbnail
3381,Pavagada Fort,Karnataka,attraction,13.2619,77.057,mid,4.8,2780,Pavagada Fort is an important heritage destination in Tumakuru district. Large historic hill fort with multiple layers of Deccan history.,Oct-Feb,https://thumb.wikimedia.org/wikipedia/commons/thumb/7/73/1_of_7_concentric_walled_layers_of_Chitradurga_fort.jpg/960px-1_of_7_concentric_walled_layers_of_Chitradurga_fort.jpg?utm_source=en.wikipedia.org&utm_campaign=api&utm_content=thumbnail
3382,Mallikarjuna Temple Pavagada,Karnataka,attraction,13.2959,77.103,budget,4.1,331,Mallikarjuna Temple Pavagada is an important temple destination in Tumakuru district. Historic temple associated with the fort-town landscape.,Oct-Mar,https://upload.wikimedia.org/wikipedia/en/b/b6/Hasanaba_Devi.jpg?utm_source=en.wikipedia.org&utm_campaign=api&utm_content=thumbnail_unscaled
3383,Markonahalli Dam,Karnataka,attraction,13.3299,77.149,budget,4.9,3318,Markonahalli Dam is an important lake destination in Tumakuru district. Reservoir and hill landscape in northern Tumakuru.,Oct-Feb,https://thumb.wikimedia.org/wikipedia/commons/thumb/4/44/Harangi_Reservoir%2C_Coorg.jpg/960px-Harangi_Reservoir%2C_Coorg.jpg?utm_source=en.wikipedia.org&utm_campaign=api&utm_content=thumbnail
3384,Channakeshava Temple Nagalapura,Karnataka,attraction,13.3639,77.195,budget,4.7,6573,Channakeshava Temple Nagalapura is an important temple destination in Tumakuru district. Historic temple with detailed Hoysala-influenced craftsmanship.,Oct-Mar,https://thumb.wikimedia.org/wikipedia/commons/thumb/1/11/Melukotetemple.jpg/960px-Melukotetemple.jpg?utm_source=en.wikipedia.org&utm_campaign=api&utm_content=thumbnail
3385,Goravanahalli Mahalakshmi Temple,Karnataka,attraction,13.3979,77.041,budget,4.9,2581,Goravanahalli Mahalakshmi Temple is an important temple destination in Tumakuru district. Major pilgrimage temple in a rural setting.,Oct-Mar,https://thumb.wikimedia.org/wikipedia/commons/thumb/5/5c/Bhagamandala_Birdseye_View_Coorg_Feb24_A7C_09524.jpg/960px-Bhagamandala_Birdseye_View_Coorg_Feb24_A7C_09524.jpg?utm_source=en.wikipedia.org&utm_campaign=api&utm_content=thumbnail
3386,Siddaganga rural hills,Karnataka,attraction,13.4319,77.087,budget,4.7,6025,Siddaganga rural hills is an important hill destination in Tumakuru district. Granite hill and agricultural landscapes around the mutt region.,Oct-Feb,https://thumb.wikimedia.org/wikipedia/commons/thumb/1/17/Tadiandamol_Valley%2C_Western_Ghats.jpg/960px-Tadiandamol_Valley%2C_Western_Ghats.jpg?utm_source=en.wikipedia.org&utm_campaign=api&utm_content=thumbnail
3387,Bukkapatna forest/wildlife,Karnataka,attraction,15.2989,75.6891,budget,4.1,725,"Bukkapatna forest/wildlife is an authentic attraction destination located in ,  district of Karnataka. Celebrated for its regional significance and unique ambiance, it offers travelers an immersive experience in the culture, scenic beauty, and heritage of Karnataka.",Oct-Feb,https://upload.wikimedia.org/wikipedia/commons/c/cd/2006-Tigers-and-Gaurs.jpg?utm_source=en.wikipedia.org&utm_campaign=api&utm_content=thumbnail_unscaled
3388,Chikkanahalli Reservoir,Karnataka,attraction,13.2999,77.179,budget,4.4,2493,Chikkanahalli Reservoir is an important lake destination in Tumakuru district. Quiet local waterbody and countryside landscape.,Oct-Feb,https://thumb.wikimedia.org/wikipedia/commons/thumb/1/16/Honnemoredu.jpg/960px-Honnemoredu.jpg?utm_source=en.wikipedia.org&utm_campaign=api&utm_content=thumbnail
3389,Huliyurdurga Fort,Karnataka,attraction,13.3339,77.025,mid,4.7,2051,Huliyurdurga Fort is an important heritage destination in Tumakuru district. Rocky hill fort surrounded by rural scenery.,Oct-Feb,https://thumb.wikimedia.org/wikipedia/commons/thumb/5/55/Manjarabad_Fort_2.jpg/960px-Manjarabad_Fort_2.jpg?utm_source=en.wikipedia.org&utm_campaign=api&utm_content=thumbnail
3390,Chandragiri,Karnataka,attraction,15.2909,75.7323,budget,4.4,572,"Chandragiri is an authentic attraction destination located in ,  district of Karnataka. Celebrated for its regional significance and unique ambiance, it offers travelers an immersive experience in the culture, scenic beauty, and heritage of Karnataka.",Oct-Feb,https://thumb.wikimedia.org/wikipedia/commons/thumb/d/d1/Raaja_mahal_1.JPG/960px-Raaja_mahal_1.JPG?utm_source=en.wikipedia.org&utm_campaign=api&utm_content=thumbnail
3391,Udupi Sri Krishna Matha,Karnataka,attraction,13.4049,74.7581,budget,4.8,23195,Udupi Sri Krishna Matha is an important temple destination in Udupi district. Major Krishna pilgrimage centre and cultural landmark.,Oct-Feb,https://thumb.wikimedia.org/wikipedia/commons/thumb/7/7d/Udupi_Sri_Krishna_Matha_Temple.jpg/960px-Udupi_Sri_Krishna_Matha_Temple.jpg?utm_source=en.wikipedia.org&utm_campaign=api&utm_content=thumbnail
3392,Malpe Beach,Karnataka,attraction,13.4389,74.8041,budget,4.5,19916,Malpe Beach is an important beach destination in Udupi district. Popular Arabian Sea beach and gateway to St Mary's Island.,Oct-Feb,https://thumb.wikimedia.org/wikipedia/commons/thumb/4/49/Malpe_Beach_2.jpg/960px-Malpe_Beach_2.jpg?utm_source=en.wikipedia.org&utm_campaign=api&utm_content=thumbnail
3393,Kaup Beach and Lighthouse,Karnataka,attraction,13.2729,74.6501,budget,4.9,29689,Kaup Beach and Lighthouse is an important beach destination in Udupi district. Iconic coastal lighthouse and rocky beach landscape.,Oct-Feb,https://thumb.wikimedia.org/wikipedia/commons/thumb/2/29/Karwar_Evening.jpg/960px-Karwar_Evening.jpg?utm_source=en.wikipedia.org&utm_campaign=api&utm_content=thumbnail
3394,Mookambika Temple Kollur,Karnataka,attraction,13.3069,74.6961,budget,4.7,2085,Mookambika Temple Kollur is an important temple destination in Udupi district. Major pilgrimage centre surrounded by Western Ghats.,Oct-Mar,https://thumb.wikimedia.org/wikipedia/commons/thumb/1/1a/Damballah_La_Flambeau.jpg/960px-Damballah_La_Flambeau.jpg?utm_source=en.wikipedia.org&utm_campaign=api&utm_content=thumbnail
3395,Anegudde Vinayaka Temple,Karnataka,attraction,13.3409,74.7421,budget,4.7,5640,Anegudde Vinayaka Temple is an important temple destination in Udupi district. Major Ganesha pilgrimage centre in the coastal hills.,Oct-Mar,https://thumb.wikimedia.org/wikipedia/commons/thumb/1/11/Melukotetemple.jpg/960px-Melukotetemple.jpg?utm_source=en.wikipedia.org&utm_campaign=api&utm_content=thumbnail
3396,Kodi Beach,Karnataka,attraction,13.3749,74.7881,budget,4.7,3713,Kodi Beach is an important beach destination in Udupi district. Quiet beach and estuary landscape near Kundapura.,Oct-Feb,https://upload.wikimedia.org/wikipedia/commons/d/d8/Tannirubhavi_beach_02.JPG?utm_source=en.wikipedia.org&utm_campaign=api&utm_content=thumbnail_unscaled
3397,Kodi Bengre,Karnataka,attraction,13.4089,74.8341,budget,4.5,8957,"A tranquil, narrow strip of land where the Suvarna River empties into the Arabian Sea, bordered by mangrove-lined calm backwaters on one side and pounding waves on the other.",Oct-Feb,https://thumb.wikimedia.org/wikipedia/commons/thumb/2/29/Karwar_Evening.jpg/960px-Karwar_Evening.jpg?utm_source=en.wikipedia.org&utm_campaign=api&utm_content=thumbnail
3398,Delta Beach,Karnataka,attraction,13.2429,74.6801,budget,4.1,1290,Delta Beach is an important beach destination in Udupi district. Beach at the Swarna River estuary with less crowd than Malpe.,Oct-Feb,https://thumb.wikimedia.org/wikipedia/commons/thumb/4/49/Malpe_Beach_2.jpg/960px-Malpe_Beach_2.jpg?utm_source=en.wikipedia.org&utm_campaign=api&utm_content=thumbnail
3399,Padukere Beach,Karnataka,attraction,13.2769,74.7261,budget,4.3,1519,Padukere Beach is an important lake destination in Udupi district. Long quiet beach and coastal village landscape.,Oct-Feb,https://thumb.wikimedia.org/wikipedia/commons/thumb/2/29/Karwar_Evening.jpg/960px-Karwar_Evening.jpg?utm_source=en.wikipedia.org&utm_campaign=api&utm_content=thumbnail
3400,Arbi Falls,Karnataka,attraction,13.3109,74.7721,budget,4.4,1329,Arbi Falls is an important waterfall destination in Udupi district. Small seasonal waterfall in the Western Ghats-side interior.,Oct-Feb,https://upload.wikimedia.org/wikipedia/commons/d/dd/Gokak_Falls_During_Night.jpg?utm_source=en.wikipedia.org&utm_campaign=api&utm_content=thumbnail_unscaled
3401,Karkala Gomateshwara,Karnataka,attraction,13.3449,74.8181,budget,4.5,9097,Karkala Gomateshwara is an important temple destination in Udupi district. Large monolithic Jain statue and historic temple town.,Oct-Feb,https://thumb.wikimedia.org/wikipedia/commons/thumb/2/27/Halasi_12.jpg/960px-Halasi_12.jpg?utm_source=en.wikipedia.org&utm_campaign=api&utm_content=thumbnail
3402,Chaturmukha Basadi Karkala,Karnataka,attraction,13.3789,74.6641,budget,4.1,1099,Chaturmukha Basadi Karkala is an important temple destination in Udupi district. Distinctive Jain temple with four entrances and ornate pillars.,Oct-Feb,https://thumb.wikimedia.org/wikipedia/commons/thumb/e/e8/Shravanabelagola_Hillview.jpg/960px-Shravanabelagola_Hillview.jpg?utm_source=en.wikipedia.org&utm_campaign=api&utm_content=thumbnail
3403,Varanga Jain Basadi,Karnataka,attraction,13.4129,74.7101,budget,4.9,5083,Varanga Jain Basadi is an important temple destination in Udupi district. Temple complex built around a lake and surrounded by Western Ghats countryside.,Oct-Feb,https://thumb.wikimedia.org/wikipedia/commons/thumb/2/27/Halasi_12.jpg/960px-Halasi_12.jpg?utm_source=en.wikipedia.org&utm_campaign=api&utm_content=thumbnail
3404,Kundadri-side Western Ghats villages,Karnataka,attraction,13.2469,74.7561,budget,4.5,8653,Kundadri-side Western Ghats villages is an important heritage stepwell destination in Udupi district. Quiet forest and village landscapes beyond coastal tourism.,Oct-Mar,https://thumb.wikimedia.org/wikipedia/commons/thumb/0/03/Pattadakal_000.JPG/960px-Pattadakal_000.JPG?utm_source=en.wikipedia.org&utm_campaign=api&utm_content=thumbnail
3405,Swarna River backwaters,Karnataka,attraction,13.2809,74.8021,budget,4.8,4583,"Swarna River backwaters is an important lake destination in Udupi district. Mangrove, estuary and river landscapes near Udupi.",Oct-Feb,https://thumb.wikimedia.org/wikipedia/commons/thumb/4/44/Harangi_Reservoir%2C_Coorg.jpg/960px-Harangi_Reservoir%2C_Coorg.jpg?utm_source=en.wikipedia.org&utm_campaign=api&utm_content=thumbnail
3406,Sasihithlu-style coastal village routes,Karnataka,attraction,13.3149,74.6481,budget,4.5,8506,"Sasihithlu-style coastal village routes is an important culture destination in Udupi district. Fishing villages, estuaries and low-tourism coastal scenery.",Oct-Feb,https://thumb.wikimedia.org/wikipedia/commons/thumb/6/6c/Namada_Chilume.jpg/960px-Namada_Chilume.jpg?utm_source=en.wikipedia.org&utm_campaign=api&utm_content=thumbnail
3407,Yana Caves and Rocks,Karnataka,attraction,14.8265,74.087,budget,4.9,19970,Yana Caves and Rocks is an important cave destination in Uttara Kannada district. Unique black limestone rock formations surrounded by dense forest.,Oct-Feb,https://thumb.wikimedia.org/wikipedia/commons/thumb/7/7b/Vishnu_image_inside_cave_number_3_in_Badami.jpg/960px-Vishnu_image_inside_cave_number_3_in_Badami.jpg?utm_source=en.wikipedia.org&utm_campaign=api&utm_content=thumbnail
3408,Kali River rafting,Karnataka,attraction,14.8605,74.133,budget,4.9,28469,Kali River rafting is an important nature destination in Uttara Kannada district. Whitewater rafting through forested Western Ghats landscape.,Oct-Feb,https://thumb.wikimedia.org/wikipedia/commons/thumb/2/25/Devaraja_Market%2C_Mysore_%28306989724%29.jpg/960px-Devaraja_Market%2C_Mysore_%28306989724%29.jpg?utm_source=en.wikipedia.org&utm_campaign=api&utm_content=thumbnail
3409,Sathodi Falls,Karnataka,attraction,14.8945,74.179,budget,4.7,1410,Sathodi Falls is an important waterfall destination in Uttara Kannada district. Wide waterfall surrounded by forest and granite cliffs.,Oct-Feb,https://thumb.wikimedia.org/wikipedia/commons/thumb/7/7a/Hebbe_Falls.JPG/960px-Hebbe_Falls.JPG?utm_source=en.wikipedia.org&utm_campaign=api&utm_content=thumbnail
3410,Magod Falls,Karnataka,attraction,14.7285,74.225,budget,4.9,6038,Magod Falls is an important waterfall destination in Uttara Kannada district. Multi-tier waterfall in a deep forested valley.,Oct-Feb,https://thumb.wikimedia.org/wikipedia/commons/thumb/3/3c/Magod_Falls_Karnataka.JPG/960px-Magod_Falls_Karnataka.JPG?utm_source=en.wikipedia.org&utm_campaign=api&utm_content=thumbnail
3411,Vibhooti Falls,Karnataka,attraction,14.7625,74.071,budget,4.2,3212,Vibhooti Falls is an important waterfall destination in Uttara Kannada district. Clear forest waterfall near Yana region.,Oct-Feb,https://thumb.wikimedia.org/wikipedia/commons/thumb/4/4d/LUSHINGTON_FALLS-UNCHALLI.JPG/960px-LUSHINGTON_FALLS-UNCHALLI.JPG?utm_source=en.wikipedia.org&utm_campaign=api&utm_content=thumbnail
3412,Aghanashini River estuary,Karnataka,attraction,14.7965,74.117,budget,4.7,7994,Aghanashini River estuary is an important beach destination in Uttara Kannada district. One of Karnataka's important natural estuaries with mangroves and fishing villages.,Oct-Feb,https://thumb.wikimedia.org/wikipedia/commons/thumb/2/29/Karwar_Evening.jpg/960px-Karwar_Evening.jpg?utm_source=en.wikipedia.org&utm_campaign=api&utm_content=thumbnail
3413,Mirjan Fort,Karnataka,attraction,14.8305,74.163,mid,4.5,4469,"An overgrown 16th-century laterite fort associated with Queen Chennabhairadevi (the ""Pepper Queen""), featuring interconnected stone cisterns and high circular bastions.",Oct-Feb,https://thumb.wikimedia.org/wikipedia/commons/thumb/0/0a/Mirjan_Fort_02.JPG/960px-Mirjan_Fort_02.JPG?utm_source=en.wikipedia.org&utm_campaign=api&utm_content=thumbnail
3414,Basavaraj Durga Island Fort,Karnataka,attraction,14.8645,74.209,mid,4.3,2839,Basavaraj Durga Island Fort is an important heritage destination in Uttara Kannada district. Offshore island fort reached by boat from Honnavar area.,Oct-Feb,https://thumb.wikimedia.org/wikipedia/commons/thumb/2/29/Karwar_Evening.jpg/960px-Karwar_Evening.jpg?utm_source=en.wikipedia.org&utm_campaign=api&utm_content=thumbnail
3415,Sharavathi Kandla Mangrove Boardwalk,Karnataka,attraction,14.8985,74.055,budget,4.4,1922,Sharavathi Kandla Mangrove Boardwalk is an important nature destination in Uttara Kannada district. Mangrove ecosystem and estuary boardwalk near Honnavar.,Oct-Feb,https://thumb.wikimedia.org/wikipedia/commons/thumb/3/30/Night_in_Manipal.jpg/960px-Night_in_Manipal.jpg?utm_source=en.wikipedia.org&utm_campaign=api&utm_content=thumbnail
3416,Kasarkod Eco Beach,Karnataka,attraction,14.7325,74.101,budget,4.5,9040,Kasarkod Eco Beach is an important beach destination in Uttara Kannada district. Clean beach and community eco-tourism landscape.,Oct-Feb,https://thumb.wikimedia.org/wikipedia/commons/thumb/2/29/Karwar_Evening.jpg/960px-Karwar_Evening.jpg?utm_source=en.wikipedia.org&utm_campaign=api&utm_content=thumbnail
3417,Idagunji Ganapati Temple,Karnataka,attraction,14.7665,74.147,budget,4.2,3034,Idagunji Ganapati Temple is an important temple destination in Uttara Kannada district. Important coastal Ganesha pilgrimage site.,Oct-Mar,https://thumb.wikimedia.org/wikipedia/commons/thumb/1/1a/Damballah_La_Flambeau.jpg/960px-Damballah_La_Flambeau.jpg?utm_source=en.wikipedia.org&utm_campaign=api&utm_content=thumbnail
3418,Murudeshwar Temple and Beach,Karnataka,attraction,14.8005,74.193,budget,4.9,9173,Murudeshwar Temple and Beach is an important temple destination in Uttara Kannada district. Major Shiva temple and towering statue beside the Arabian Sea.,Oct-Mar,https://thumb.wikimedia.org/wikipedia/commons/thumb/b/b3/8th_century_Durga_temple_exterior_view%2C_Aihole_Hindu_temples_and_monuments_3.jpg/960px-8th_century_Durga_temple_exterior_view%2C_Aihole_Hindu_temples_and_monuments_3.jpg?utm_source=en.wikipedia.org&utm_campaign=api&utm_content=thumbnail
3419,Nirvana Beach,Karnataka,attraction,14.8345,74.039,budget,4.3,816,Nirvana Beach is an important beach destination in Uttara Kannada district. Quiet beach near Gokarna with less commercial development.,Oct-Feb,https://upload.wikimedia.org/wikipedia/commons/d/d8/Tannirubhavi_beach_02.JPG?utm_source=en.wikipedia.org&utm_campaign=api&utm_content=thumbnail_unscaled
3420,Kali Tiger Reserve,Karnataka,attraction,14.8685,74.085,budget,4.9,12168,Kali Tiger Reserve is an important wildlife destination in Uttara Kannada district. Protected tiger landscape encompassing Dandeli-Anshi forests.,Oct-Feb,https://thumb.wikimedia.org/wikipedia/commons/thumb/1/11/Kali_river.jpg/960px-Kali_river.jpg?utm_source=en.wikipedia.org&utm_campaign=api&utm_content=thumbnail
3421,Devbagh Island/beach,Karnataka,attraction,14.9025,74.131,budget,4.4,2508,Devbagh Island/beach is an important beach destination in Uttara Kannada district. Island-like coastal landscape near Karwar and Kali estuary.,Oct-Feb,https://thumb.wikimedia.org/wikipedia/commons/thumb/2/29/Karwar_Evening.jpg/960px-Karwar_Evening.jpg?utm_source=en.wikipedia.org&utm_campaign=api&utm_content=thumbnail
3422,Karwar Rabindranath Tagore Beach,Karnataka,attraction,14.7365,74.177,budget,4.5,4644,Karwar Rabindranath Tagore Beach is an important beach destination in Uttara Kannada district. Urban coastal viewpoint and Arabian Sea sunset location.,Oct-Feb,https://thumb.wikimedia.org/wikipedia/commons/thumb/2/29/Karwar_Evening.jpg/960px-Karwar_Evening.jpg?utm_source=en.wikipedia.org&utm_campaign=api&utm_content=thumbnail
3423,Kaiga,Karnataka,attraction,15.3013,75.7187,budget,4.2,1464,"Kaiga is an authentic attraction destination located in ,  district of Karnataka. Celebrated for its regional significance and unique ambiance, it offers travelers an immersive experience in the culture, scenic beauty, and heritage of Karnataka.",Oct-Feb,https://upload.wikimedia.org/wikipedia/commons/8/84/Mekedat.jpg?utm_source=en.wikipedia.org&utm_campaign=api&utm_content=thumbnail_unscaled
3424,Kumta coastal backwaters,Karnataka,attraction,14.8045,74.069,budget,4.5,5437,Kumta coastal backwaters is an important lake destination in Uttara Kannada district. Estuaries and fishing-village landscapes around Kumta.,Oct-Feb,https://thumb.wikimedia.org/wikipedia/commons/thumb/e/e1/Pilikula_Botanical_Garden_-_Footpath.jpg/960px-Pilikula_Botanical_Garden_-_Footpath.jpg?utm_source=en.wikipedia.org&utm_campaign=api&utm_content=thumbnail
3425,Ibrahim Rauza,Karnataka,attraction,16.8502,75.69,budget,4.9,22847,Ibrahim Rauza is an important religious heritage destination in Vijayapura district. Elegant Adil Shahi tomb and mosque complex.,Oct-Feb,https://thumb.wikimedia.org/wikipedia/commons/thumb/3/3f/Maner_Sharif_26.jpg/960px-Maner_Sharif_26.jpg?utm_source=commons.wikimedia.org&utm_campaign=imageinfo&utm_content=thumbnail
3426,Bijapur Fort,Karnataka,attraction,16.8842,75.736,mid,4.9,20398,Bijapur Fort is an important heritage destination in Vijayapura district. Large fortified historic city with multiple monuments.,Oct-Feb,https://upload.wikimedia.org/wikipedia/commons/b/be/Part_of_Fort%2C_Beejapore..jpg?utm_source=en.wikipedia.org&utm_campaign=api&utm_content=thumbnail_unscaled
3427,Malik-e-Maidan,Karnataka,attraction,16.9182,75.782,budget,4.3,2439,Malik-e-Maidan is an important heritage destination in Vijayapura district. Historic giant cannon and medieval military monument.,Oct-Feb,https://thumb.wikimedia.org/wikipedia/commons/thumb/8/8f/Bangalore_Mysore_Maharaja_Palace.jpg/960px-Bangalore_Mysore_Maharaja_Palace.jpg?utm_source=en.wikipedia.org&utm_campaign=api&utm_content=thumbnail
3428,Gagan Mahal,Karnataka,attraction,16.7522,75.628,budget,4.5,1786,"A royal pleasure pavilion built in 1561 CE featuring an enormous 20-meter central archway, bordered by shaded gardens and ruined water features.",Oct-Feb,https://thumb.wikimedia.org/wikipedia/commons/thumb/c/c8/Gagan_Mahal_Bijapura.jpg/960px-Gagan_Mahal_Bijapura.jpg?utm_source=en.wikipedia.org&utm_campaign=api&utm_content=thumbnail
3429,Mehtar Mahal,Karnataka,attraction,16.7862,75.674,budget,4.3,686,Mehtar Mahal is an important heritage destination in Vijayapura district. Decorative Indo-Islamic gateway and mosque structure.,Oct-Feb,https://thumb.wikimedia.org/wikipedia/commons/thumb/5/55/Manjarabad_Fort_2.jpg/960px-Manjarabad_Fort_2.jpg?utm_source=en.wikipedia.org&utm_campaign=api&utm_content=thumbnail
3430,Sangeet Mahal,Karnataka,attraction,16.8202,75.72,budget,4.9,6820,"The ruins of Nauraspur, an ancient twin city housing the arched Sangeet Mahal and an engineered underground water-channel network.",Oct-Feb,https://thumb.wikimedia.org/wikipedia/commons/thumb/4/44/Malkhed_Fort.jpg/960px-Malkhed_Fort.jpg?utm_source=en.wikipedia.org&utm_campaign=api&utm_content=thumbnail
3431,Asar Mahal,Karnataka,attraction,16.8542,75.766,budget,4.9,2591,Asar Mahal is an important temple destination in Vijayapura district. Historic palace and sacred relic site.,Oct-Feb,https://thumb.wikimedia.org/wikipedia/commons/thumb/0/0a/Mirjan_Fort_02.JPG/960px-Mirjan_Fort_02.JPG?utm_source=en.wikipedia.org&utm_campaign=api&utm_content=thumbnail
3432,Barakaman,Karnataka,attraction,16.8882,75.612,budget,4.9,8126,"The unfinished 12-arched stone mausoleum of Ali Adil Shah II, alongside the quieter suburban ruins of the Afzal Khan palace and step-tank.",Oct-Feb,https://thumb.wikimedia.org/wikipedia/commons/thumb/a/a4/Mysore_Palace_Morning.jpg/960px-Mysore_Palace_Morning.jpg?utm_source=en.wikipedia.org&utm_campaign=api&utm_content=thumbnail
3433,Torvi Narasimha Temple,Karnataka,attraction,16.9222,75.658,budget,4.7,7819,Torvi Narasimha Temple is an important temple destination in Vijayapura district. Historic cave temple and religious site near Vijayapura.,Oct-Mar,https://thumb.wikimedia.org/wikipedia/commons/thumb/7/7d/Udupi_Sri_Krishna_Matha_Temple.jpg/960px-Udupi_Sri_Krishna_Matha_Temple.jpg?utm_source=en.wikipedia.org&utm_campaign=api&utm_content=thumbnail
3434,Uppali Buruz,Karnataka,attraction,16.7562,75.704,budget,4.5,2757,Uppali Buruz is an important heritage destination in Vijayapura district. Historic watchtower and city viewpoint.,Oct-Feb,https://thumb.wikimedia.org/wikipedia/commons/thumb/b/b0/Enroute_to_Matanga_hills%2C_Hampi.jpg/960px-Enroute_to_Matanga_hills%2C_Hampi.jpg?utm_source=en.wikipedia.org&utm_campaign=api&utm_content=thumbnail
3435,Mecca Gate,Karnataka,attraction,16.7902,75.75,budget,4.3,584,Mecca Gate is an important heritage destination in Vijayapura district. Historic city gateway from the Adil Shahi period.,Oct-Feb,https://thumb.wikimedia.org/wikipedia/commons/thumb/e/e8/Massive_Chor_Gumbaz.jpg/960px-Massive_Chor_Gumbaz.jpg?utm_source=en.wikipedia.org&utm_campaign=api&utm_content=thumbnail
3436,Jod Gumbaz,Karnataka,attraction,16.8242,75.796,budget,4.6,8401,Jod Gumbaz is an important religious heritage destination in Vijayapura district. Pair of domed tombs with decorative architecture.,Oct-Feb,https://thumb.wikimedia.org/wikipedia/commons/thumb/a/a3/Bijapur_-_Jod_Gumbaz.jpg/960px-Bijapur_-_Jod_Gumbaz.jpg?utm_source=en.wikipedia.org&utm_campaign=api&utm_content=thumbnail
3437,Chand Bawdi,Karnataka,attraction,16.8582,75.642,budget,4.5,6486,Chand Bawdi is an important heritage stepwell destination in Vijayapura district. Historic stepwell and important medieval water-management monument.,Oct-Feb,https://thumb.wikimedia.org/wikipedia/commons/thumb/4/44/Malkhed_Fort.jpg/960px-Malkhed_Fort.jpg?utm_source=en.wikipedia.org&utm_campaign=api&utm_content=thumbnail
3438,Malik Sandal Mosque,Karnataka,attraction,16.8922,75.688,budget,4.1,740,Malik Sandal Mosque is an important religious heritage destination in Vijayapura district. Lesser-visited Deccan Islamic architectural monument.,Oct-Feb,https://thumb.wikimedia.org/wikipedia/commons/thumb/7/71/Maner_dargah_..._Bihar_._INDIA.jpg/960px-Maner_dargah_..._Bihar_._INDIA.jpg?utm_source=en.wikipedia.org&utm_campaign=api&utm_content=thumbnail
3439,Arakere village heritage,Karnataka,attraction,16.9262,75.734,budget,4.9,5375,Arakere village heritage is an important lake destination in Vijayapura district. Rural medieval monument landscape outside central Vijayapura.,Oct-Feb,https://upload.wikimedia.org/wikipedia/commons/5/59/BangaloreLake.jpg?utm_source=en.wikipedia.org&utm_campaign=api&utm_content=thumbnail_unscaled
3440,Royal Enclosure,Karnataka,attraction,15.1989,76.4609,budget,4.1,340,Royal Enclosure is an important heritage destination in Vijayanagara district. Large archaeological zone containing Mahanavami Dibba and palace foundations.,Oct-Feb,https://thumb.wikimedia.org/wikipedia/commons/thumb/3/33/Daulatabad_Fort_a_view.JPG/960px-Daulatabad_Fort_a_view.JPG?utm_source=en.wikipedia.org&utm_campaign=api&utm_content=thumbnail
3441,Malyavanta Hill,Karnataka,attraction,15.2329,76.3069,budget,4.4,486,Malyavanta Hill is an important hill destination in Vijayanagara district. Hilltop temple and panoramic sunset landscape.,Oct-Feb,https://thumb.wikimedia.org/wikipedia/commons/thumb/0/02/Raja%27s_Seat_View_Point.jpg/960px-Raja%27s_Seat_View_Point.jpg?utm_source=en.wikipedia.org&utm_campaign=api&utm_content=thumbnail
3442,Matanga Hill,Karnataka,attraction,15.2669,76.3529,budget,4.9,26718,Matanga Hill is an important hill destination in Vijayanagara district. High granite hill offering broad sunrise and sunset views.,Oct-Feb,https://thumb.wikimedia.org/wikipedia/commons/thumb/b/b0/Enroute_to_Matanga_hills%2C_Hampi.jpg/960px-Enroute_to_Matanga_hills%2C_Hampi.jpg?utm_source=en.wikipedia.org&utm_campaign=api&utm_content=thumbnail
3443,Sasivekalu Ganesha,Karnataka,attraction,15.3009,76.3989,budget,4.3,3272,Sasivekalu Ganesha is an important temple destination in Vijayanagara district. Large monolithic Ganesha statue carved from granite.,Oct-Feb,https://thumb.wikimedia.org/wikipedia/commons/thumb/b/b3/8th_century_Durga_temple_exterior_view%2C_Aihole_Hindu_temples_and_monuments_3.jpg/960px-8th_century_Durga_temple_exterior_view%2C_Aihole_Hindu_temples_and_monuments_3.jpg?utm_source=en.wikipedia.org&utm_campaign=api&utm_content=thumbnail
3444,Pattabhirama Temple,Karnataka,attraction,15.3349,76.4449,budget,4.6,5856,Pattabhirama Temple is an important temple destination in Vijayanagara district. Large but quieter Vijayanagara temple complex.,Oct-Mar,https://thumb.wikimedia.org/wikipedia/commons/thumb/1/17/Close_up_view_of_open_entrance_mantapa_in_the_Kolaramma_Temple_at_Kolar.jpg/960px-Close_up_view_of_open_entrance_mantapa_in_the_Kolaramma_Temple_at_Kolar.jpg?utm_source=en.wikipedia.org&utm_campaign=api&utm_content=thumbnail
3445,Achyuta Raya Bazaar,Karnataka,attraction,15.1689,76.2909,budget,4.1,200,Achyuta Raya Bazaar is an important heritage destination in Vijayanagara district. Long ruined market street leading toward Achyutaraya Temple.,Oct-Feb,https://thumb.wikimedia.org/wikipedia/commons/thumb/1/1a/Damballah_La_Flambeau.jpg/960px-Damballah_La_Flambeau.jpg?utm_source=en.wikipedia.org&utm_campaign=api&utm_content=thumbnail
3446,Tungabhadra river coracle experience,Karnataka,attraction,15.2029,76.3369,budget,4.3,3152,Tungabhadra river coracle experience is an important nature destination in Vijayanagara district. Traditional round-boat experience through Hampi's river landscape.,Oct-Feb,https://thumb.wikimedia.org/wikipedia/commons/thumb/e/ef/Yoga_Narasimha_Temple_Devarayanadurga.JPG/960px-Yoga_Narasimha_Temple_Devarayanadurga.JPG?utm_source=en.wikipedia.org&utm_campaign=api&utm_content=thumbnail
3447,Chikka Benakal prehistoric site,Karnataka,attraction,15.2369,76.3829,budget,4.2,688,Chikka Benakal prehistoric site is an important heritage destination in Vijayanagara district. Megalithic burial landscape near the Hampi region.,Oct-Feb,https://thumb.wikimedia.org/wikipedia/commons/thumb/d/da/Udupi_Krishna_Temple.jpg/960px-Udupi_Krishna_Temple.jpg?utm_source=en.wikipedia.org&utm_campaign=api&utm_content=thumbnail
3448,Nimbapura boulder,Karnataka,attraction,15.2917,75.7195,budget,4.5,3624,"Nimbapura boulder is an authentic attraction destination located in ,  district of Karnataka. Celebrated for its regional significance and unique ambiance, it offers travelers an immersive experience in the culture, scenic beauty, and heritage of Karnataka.",Oct-Feb,https://thumb.wikimedia.org/wikipedia/commons/thumb/1/14/Growing_skylines_of_the_Mangalore_CBD_region.jpg/960px-Growing_skylines_of_the_Mangalore_CBD_region.jpg?utm_source=en.wikipedia.org&utm_campaign=api&utm_content=thumbnail
3449,Shorapur Fort,Karnataka,attraction,16.7988,77.2282,mid,4.1,339,"The 19th-century colonial hill bungalow of British resident Meadows Taylor, offering sweeping vistas of the historic Surpur battlements and town.",Oct-Feb,https://thumb.wikimedia.org/wikipedia/commons/thumb/3/3b/Aerial_view_of_Kavale_Durga_Fort%2C_Thirthahalli%2C_Shimoga.jpg/960px-Aerial_view_of_Kavale_Durga_Fort%2C_Thirthahalli%2C_Shimoga.jpg?utm_source=en.wikipedia.org&utm_campaign=api&utm_content=thumbnail
3450,Surpur historical palace,Karnataka,attraction,15.2965,75.6859,mid,3.9,166,"Surpur historical palace is an authentic attraction destination located in ,  district of Karnataka. Celebrated for its regional significance and unique ambiance, it offers travelers an immersive experience in the culture, scenic beauty, and heritage of Karnataka.",Oct-Feb,https://thumb.wikimedia.org/wikipedia/commons/thumb/a/a4/Mysore_Palace_Morning.jpg/960px-Mysore_Palace_Morning.jpg?utm_source=en.wikipedia.org&utm_campaign=api&utm_content=thumbnail
3451,Wagangera Fort,Karnataka,attraction,16.6668,77.1202,mid,4.8,6083,Wagangera Fort is an important heritage destination in Yadgir district. Historic hill fort with rugged Deccan landscape.,Oct-Feb,https://thumb.wikimedia.org/wikipedia/commons/thumb/3/3a/Gumbaz_Darwaza_of_the_Bidar_fort_%28cropped%29.jpg/960px-Gumbaz_Darwaza_of_the_Bidar_fort_%28cropped%29.jpg?utm_source=en.wikipedia.org&utm_campaign=api&utm_content=thumbnail
3452,Yadgir Fort,Karnataka,attraction,16.7008,77.1662,mid,4.3,2647,"A natural boulder fortress towering over the plains, housing rock-carved defensive structures, cannons, and medieval rainwater-harvesting pools.",Oct-Feb,https://thumb.wikimedia.org/wikipedia/commons/thumb/3/30/Parasgad_Fort_3.jpg/960px-Parasgad_Fort_3.jpg?utm_source=en.wikipedia.org&utm_campaign=api&utm_content=thumbnail
3453,Devagiri Fort,Karnataka,attraction,15.3085,75.7019,mid,4.2,1999,"Devagiri Fort is an authentic attraction destination located in ,  district of Karnataka. Celebrated for its regional significance and unique ambiance, it offers travelers an immersive experience in the culture, scenic beauty, and heritage of Karnataka.",Oct-Feb,https://thumb.wikimedia.org/wikipedia/commons/thumb/3/33/Daulatabad_Fort_a_view.JPG/960px-Daulatabad_Fort_a_view.JPG?utm_source=en.wikipedia.org&utm_campaign=api&utm_content=thumbnail
3454,Bheemarayanagudi Reservoir,Karnataka,attraction,16.7688,77.0582,budget,4.7,4286,Bheemarayanagudi Reservoir is an important lake destination in Yadgir district. Reservoir landscape with open Deccan countryside.,Oct-Feb,https://thumb.wikimedia.org/wikipedia/commons/thumb/9/9e/Kanva_dam.jpg/960px-Kanva_dam.jpg?utm_source=en.wikipedia.org&utm_campaign=api&utm_content=thumbnail
3455,Sannati archaeological links,Karnataka,attraction,16.8028,77.1042,budget,4.8,2903,Sannati archaeological links is an important heritage destination in Yadgir district. Early historic Buddhist and Satavahana archaeological landscape in the Krishna valley region.,Oct-Feb,https://upload.wikimedia.org/wikipedia/commons/4/44/%E0%BD%A2%E0%BE%AB%E0%BD%BC%E0%BD%82%E0%BD%A6%E0%BC%8B%E0%BD%86%E0%BD%BA%E0%BD%93%E0%BC%8B%E0%BD%91%E0%BD%82%E0%BD%BC%E0%BD%93.JPG?utm_source=en.wikipedia.org&utm_campaign=api&utm_content=thumbnail_unscaled
3456,Chandrampalli-side Krishna,Karnataka,attraction,15.2949,75.6923,budget,4.1,818,"Chandrampalli-side Krishna is an authentic attraction destination located in ,  district of Karnataka. Celebrated for its regional significance and unique ambiance, it offers travelers an immersive experience in the culture, scenic beauty, and heritage of Karnataka.",Oct-Feb,https://thumb.wikimedia.org/wikipedia/commons/thumb/a/a3/Bijapur_-_Jod_Gumbaz.jpg/960px-Bijapur_-_Jod_Gumbaz.jpg?utm_source=en.wikipedia.org&utm_campaign=api&utm_content=thumbnail
3457,Krishna River ghats,Karnataka,attraction,16.6708,77.1962,budget,4.9,2188,Krishna River ghats is an important nature destination in Yadgir district. Large river cliffs and dry-zone landscapes.,Oct-Mar,https://upload.wikimedia.org/wikipedia/commons/e/e0/Kolar_Gold_Fields_-_1913.jpg?utm_source=en.wikipedia.org&utm_campaign=api&utm_content=thumbnail_unscaled
3458,Basavanna Temple Shahapur,Karnataka,attraction,16.7048,77.2422,budget,4.6,9117,Basavanna Temple Shahapur is an important temple destination in Yadgir district. Local temple and rural cultural destination.,Oct-Mar,https://thumb.wikimedia.org/wikipedia/commons/thumb/b/b3/8th_century_Durga_temple_exterior_view%2C_Aihole_Hindu_temples_and_monuments_3.jpg/960px-8th_century_Durga_temple_exterior_view%2C_Aihole_Hindu_temples_and_monuments_3.jpg?utm_source=en.wikipedia.org&utm_campaign=api&utm_content=thumbnail
3459,Guru Raghavendra-linked local shrines,Karnataka,attraction,16.7388,77.0882,budget,4.3,1342,Guru Raghavendra-linked local shrines is an important temple destination in Yadgir district. Smaller pilgrimage sites outside the major Karnataka circuits.,Oct-Feb,https://thumb.wikimedia.org/wikipedia/commons/thumb/1/13/Chandramouleshware_Temple.JPG/960px-Chandramouleshware_Temple.JPG?utm_source=en.wikipedia.org&utm_campaign=api&utm_content=thumbnail
3460,Shahapur handloom/craft villages,Karnataka,attraction,16.7728,77.1342,budget,4.3,1077,Shahapur handloom/craft villages is an important culture destination in Yadgir district. Traditional rural craft and textile practices.,Oct-Feb,https://thumb.wikimedia.org/wikipedia/commons/thumb/3/30/Night_in_Manipal.jpg/960px-Night_in_Manipal.jpg?utm_source=en.wikipedia.org&utm_campaign=api&utm_content=thumbnail
3461,Deccan grassland,Karnataka,attraction,15.2965,75.7131,budget,3.9,1315,"Deccan grassland is an authentic attraction destination located in ,  district of Karnataka. Celebrated for its regional significance and unique ambiance, it offers travelers an immersive experience in the culture, scenic beauty, and heritage of Karnataka.",Oct-Feb,https://thumb.wikimedia.org/wikipedia/commons/thumb/6/67/Gagan_Mahal_palace%2C_Anegundi.jpg/960px-Gagan_Mahal_palace%2C_Anegundi.jpg?utm_source=en.wikipedia.org&utm_campaign=api&utm_content=thumbnail
3462,Sannati Archaeological Site & Ranamandal Mound,Karnataka,attraction,17.4077,76.9163,budget,4.4,3214,"A quiet hamlet on the banks of the Bhima River where Ashokan edicts, a major Buddhist stupa, and a rare 1st-to-3rd-century CE relief portrait of Emperor Ashoka (Rayo Asoko) were excavated.",Oct-Feb,https://upload.wikimedia.org/wikipedia/commons/4/44/%E0%BD%A2%E0%BE%AB%E0%BD%BC%E0%BD%82%E0%BD%A6%E0%BC%8B%E0%BD%86%E0%BD%BA%E0%BD%93%E0%BC%8B%E0%BD%91%E0%BD%82%E0%BD%BC%E0%BD%93.JPG?utm_source=en.wikipedia.org&utm_campaign=api&utm_content=thumbnail_unscaled
3463,Haft Gumbad (Seven Tombs),Karnataka,attraction,17.2417,76.7623,budget,4.5,5969,"A cluster of Bahmani royal mausoleums set in open countryside, showcasing a rare architectural fusion of Persian domes and Tughlaq-style sloping walls.",Oct-Feb,https://thumb.wikimedia.org/wikipedia/commons/thumb/4/4e/Buland_Darwaza_Fatehpur_Sikri.jpg/960px-Buland_Darwaza_Fatehpur_Sikri.jpg
3464,Chandrampalli Dam & Chincholi Forest Reserve,Karnataka,attraction,17.2757,76.8083,budget,4.4,725,"A secluded dam reservoir tucked inside the dry-deciduous valleys of Chincholi, featuring limestone canyons, natural rock caves, and trekking trails.",Oct-Feb,https://thumb.wikimedia.org/wikipedia/commons/thumb/f/f7/TGHallidam.JPG/960px-TGHallidam.JPG?utm_source=en.wikipedia.org&utm_campaign=api&utm_content=thumbnail
3465,Firozabad on the Bhima River,Karnataka,attraction,17.3097,76.8543,budget,3.9,930,"The overgrown 15th-century fortified capital ruins founded by Sultan Firoz Shah Bahmani, preserving stone gateways, royal hammams, and ruined mosques along the water’s edge.",Oct-Feb,https://thumb.wikimedia.org/wikipedia/commons/thumb/6/6c/Namada_Chilume.jpg/960px-Namada_Chilume.jpg?utm_source=en.wikipedia.org&utm_campaign=api&utm_content=thumbnail
3466,Honnamana Kere (Doddabalambi),Karnataka,attraction,12.4384,75.8042,budget,4.3,822,"The largest natural lake in Coorg, tucked inside a quiet valley of private coffee estates and sacred cliffs, free from commercial boat operators.",Oct-Feb,https://upload.wikimedia.org/wikipedia/commons/9/91/Honnamana_Kere.jpg?utm_source=en.wikipedia.org&utm_campaign=api&utm_content=thumbnail_unscaled
3467,Kotta Betta Peak,Karnataka,attraction,12.4724,75.6502,budget,4.2,2385,An uncommercialized mountain ridge near Madikeri offering sweeping coffee-valley views and an old stone shrine accessible via an unpaved hiking trail.,Oct-Feb,https://thumb.wikimedia.org/wikipedia/commons/thumb/1/17/Tadiandamol_Valley%2C_Western_Ghats.jpg/960px-Tadiandamol_Valley%2C_Western_Ghats.jpg?utm_source=en.wikipedia.org&utm_campaign=api&utm_content=thumbnail
3468,Chelavara Falls Lower Boulder Gorge,Karnataka,attraction,12.5064,75.6962,budget,4.6,1977,"The secluded forest stream pools and wild cascade sections downstream from the main view deck, flanked by cardamom-shaded shola slopes.",Oct-Feb,https://thumb.wikimedia.org/wikipedia/commons/thumb/7/7a/Hebbe_Falls.JPG/960px-Hebbe_Falls.JPG?utm_source=en.wikipedia.org&utm_campaign=api&utm_content=thumbnail
3469,Malalli Falls (Kummaralli Approach),Karnataka,attraction,12.3404,75.7422,budget,4.6,8807,"A roaring two-tiered cascade on the Kumaradhara River at the northern edge of the district, reached by a steep, lesser-traveled stone staircase beneath the Pushpagiri hills.",Oct-Feb,https://thumb.wikimedia.org/wikipedia/commons/thumb/7/7a/Hebbe_Falls.JPG/960px-Hebbe_Falls.JPG?utm_source=en.wikipedia.org&utm_campaign=api&utm_content=thumbnail
3470,Avani (Gaya of the South),Karnataka,attraction,13.0878,78.1792,budget,4.3,1509,"An ancient village cluster featuring the Ramalingeshwara temple complex, an intact 10th-century Nolamba-dynasty granite masterpiece set against boulder hills and ancient rock-cut hermitages.",Oct-Feb,https://upload.wikimedia.org/wikipedia/en/b/b6/Hasanaba_Devi.jpg?utm_source=en.wikipedia.org&utm_campaign=api&utm_content=thumbnail_unscaled
3471,Kurudumale Ganesha Temple & Someshwara Ruins,Karnataka,attraction,13.1218,78.2252,budget,4.1,375,"The 13th-century Hoysala and Chola-era stone temple foundations, featuring towering non-machined monolithic pillars and quiet rural tanks.",Oct-Mar,https://thumb.wikimedia.org/wikipedia/commons/thumb/1/17/Close_up_view_of_open_entrance_mantapa_in_the_Kolaramma_Temple_at_Kolar.jpg/960px-Close_up_view_of_open_entrance_mantapa_in_the_Kolaramma_Temple_at_Kolar.jpg?utm_source=en.wikipedia.org&utm_campaign=api&utm_content=thumbnail
3472,Markandeya Dam & Hill Reservoir,Karnataka,attraction,13.1558,78.0712,budget,4.6,3825,"A quiet, scenic reservoir bordered by granite hills and scrub forests, popular locally for sunset watching and birding.",Oct-Feb,https://thumb.wikimedia.org/wikipedia/commons/thumb/f/f7/TGHallidam.JPG/960px-TGHallidam.JPG?utm_source=en.wikipedia.org&utm_campaign=api&utm_content=thumbnail
3473,Budikote Heritage Village,Karnataka,attraction,13.1898,78.1172,budget,4.4,3127,"The quiet birthplace of Hyder Ali, preserving old mud-and-stone fortification remains, traditional pottery courtyards, and pebble-strewn riverbeds.",Oct-Feb,https://thumb.wikimedia.org/wikipedia/commons/thumb/e/ef/Yoga_Narasimha_Temple_Devarayanadurga.JPG/960px-Yoga_Narasimha_Temple_Devarayanadurga.JPG?utm_source=en.wikipedia.org&utm_campaign=api&utm_content=thumbnail
3474,Kanakagiri (Suvarnagiri) Royal Stone Wells,Karnataka,attraction,15.4318,76.1894,budget,3.9,618,The ancient historical capital featuring the 16th-century Kanakachalapathi Temple and elaborate medieval stone step-wells (Kalyanis) with subterranean water pavilions.,Oct-Feb,https://thumb.wikimedia.org/wikipedia/commons/thumb/f/f1/ISKCON_Bangalore_Temple.jpg/960px-ISKCON_Bangalore_Temple.jpg?utm_source=en.wikipedia.org&utm_campaign=api&utm_content=thumbnail
3475,Pura Someshwara Temple,Karnataka,attraction,15.2658,76.2354,budget,4.3,762,"A 12th-century Western Chalukya soapstone temple complex tucked inside a quiet village, preserving ornate lintel reliefs, lathe-turned pillars, and stepped tanks.",Oct-Mar,https://thumb.wikimedia.org/wikipedia/commons/thumb/d/d1/Sri_Yantrodharaka_Hanuman_Temple%2C_Hampi.jpg/960px-Sri_Yantrodharaka_Hanuman_Temple%2C_Hampi.jpg?utm_source=en.wikipedia.org&utm_campaign=api&utm_content=thumbnail
3476,Kuknoor Navalinga Temples,Karnataka,attraction,15.2998,76.0814,budget,4.0,1269,"An ancient 9th-century cluster of nine interconnected shrines built during the Rashtrakuta and early Chalukya periods, retaining ancient inscriptions and carved bas-reliefs.",Oct-Mar,https://upload.wikimedia.org/wikipedia/commons/c/c2/Pushkarani.jpg?utm_source=en.wikipedia.org&utm_campaign=api&utm_content=thumbnail_unscaled
3477,Hirebenakal Megalithic Dolmens (Moryar Gudda),Karnataka,attraction,15.3338,76.1274,budget,4.6,1458,"A prehistoric iron-age necropolis perched atop a rocky boulder hill, home to over 400 stone dolmens and ancient rock paintings.",Oct-Feb,https://thumb.wikimedia.org/wikipedia/commons/thumb/0/02/Raja%27s_Seat_View_Point.jpg/960px-Raja%27s_Seat_View_Point.jpg?utm_source=en.wikipedia.org&utm_campaign=api&utm_content=thumbnail
3478,Basaralu Mallikarjuna Temple,Karnataka,attraction,12.5438,76.9131,budget,4.3,1125,"A 1234 CE Hoysala soapstone temple located in an agrarian village, packed with detailed base friezes of war elephants, cavalry, and mythological epics without tourist queues.",Oct-Mar,https://thumb.wikimedia.org/wikipedia/commons/thumb/f/f1/ISKCON_Bangalore_Temple.jpg/960px-ISKCON_Bangalore_Temple.jpg?utm_source=en.wikipedia.org&utm_campaign=api&utm_content=thumbnail
3479,Karighatta Black Hill & Lokapavani Shallows,Karnataka,attraction,12.5778,76.9591,budget,4.1,686,"A high, rocky ridge north of Srirangapatna that offers wide panoramas over the confluence of the Lokapavani and Cauvery rivers.",Oct-Mar,https://thumb.wikimedia.org/wikipedia/commons/thumb/b/b0/Enroute_to_Matanga_hills%2C_Hampi.jpg/960px-Enroute_to_Matanga_hills%2C_Hampi.jpg?utm_source=en.wikipedia.org&utm_campaign=api&utm_content=thumbnail
3480,Kokkare Bellur Wetland Periphery,Karnataka,attraction,12.6118,76.8051,budget,3.9,450,"Beyond the central nesting trees, the peaceful irrigation tanks and canal trails where painted storks and spot-billed pelicans forage alongside village farms.",Oct-Feb,https://thumb.wikimedia.org/wikipedia/commons/thumb/0/03/Pattadakal_000.JPG/960px-Pattadakal_000.JPG?utm_source=en.wikipedia.org&utm_campaign=api&utm_content=thumbnail
3481,Hemagiri Falls & Masonry Weir,Karnataka,attraction,12.4458,76.8511,budget,4.4,1194,"A calm, wide masonry overflow weir on the Lokapavani River near Krishnarajpet, framed by coconut groves and rustic country roads.",Oct-Feb,https://thumb.wikimedia.org/wikipedia/commons/thumb/7/7a/Hebbe_Falls.JPG/960px-Hebbe_Falls.JPG?utm_source=en.wikipedia.org&utm_campaign=api&utm_content=thumbnail
3482,Talakadu Sand Dune Excavations (Kirthinarayana & Vaidyeshwara),Karnataka,attraction,12.2538,76.6414,budget,4.2,2874,Ancient Chola and Hoysala granite temples systematically excavated from deep sandbanks along the curve of the Cauvery River.,Oct-Feb,https://thumb.wikimedia.org/wikipedia/commons/thumb/6/6c/Namada_Chilume.jpg/960px-Namada_Chilume.jpg?utm_source=en.wikipedia.org&utm_campaign=api&utm_content=thumbnail
3483,Chunchanakatte Falls & Kodandarama Temple,Karnataka,attraction,12.2878,76.6874,budget,4.6,7915,A roaring Western Ghats river cascade where the Cauvery drops across rocky shelves right next to an ancient stone temple.,Oct-Mar,https://upload.wikimedia.org/wikipedia/commons/d/dd/Gokak_Falls_During_Night.jpg?utm_source=en.wikipedia.org&utm_campaign=api&utm_content=thumbnail_unscaled
3484,Varuna Lake & Old Chola Trail,Karnataka,attraction,12.3218,76.7334,budget,4.4,2834,"A quiet, natural freshwater lake on the outskirts of the city, flanked by rural farming hamlets and medieval hero stones (Veeragallu).",Oct-Feb,https://thumb.wikimedia.org/wikipedia/commons/thumb/6/61/Sunset_vtr_lake.jpg/960px-Sunset_vtr_lake.jpg?utm_source=en.wikipedia.org&utm_campaign=api&utm_content=thumbnail
3485,Hadinaru Lake (Migratory Bar-Headed Geese Refuge),Karnataka,attraction,12.3558,76.5794,budget,4.0,385,A serene village tank near Nanjangud that serves as an undisturbed winter stopover for migratory waterfowl.,Oct-Feb,https://thumb.wikimedia.org/wikipedia/commons/thumb/4/4d/Birds_at_Madiwala_Lake.jpg/960px-Birds_at_Madiwala_Lake.jpg?utm_source=en.wikipedia.org&utm_campaign=api&utm_content=thumbnail
3486,Mudraikallu Megalithic Solar Alignments,Karnataka,attraction,16.3016,77.3323,budget,4.6,5098,A prehistoric astronomical site featuring arranged stone alignments and menhirs used to track the summer and winter solstices.,Oct-Feb,https://thumb.wikimedia.org/wikipedia/commons/thumb/f/fb/Karigatte_temple.JPG/960px-Karigatte_temple.JPG?utm_source=en.wikipedia.org&utm_campaign=api&utm_content=thumbnail
3487,Malliabad Fort & Elephant Troughs,Karnataka,attraction,16.1356,77.3783,mid,4.5,3467,"The 13th-century Kakatiya stone fortress ruins featuring massive limestone blocks, ancient step-wells, and monolithic stone horse mangers.",Oct-Feb,https://thumb.wikimedia.org/wikipedia/commons/thumb/3/3d/Kittur_fort.jpeg/960px-Kittur_fort.jpeg?utm_source=en.wikipedia.org&utm_campaign=api&utm_content=thumbnail
3488,Jaladurga Fort Gorge,Karnataka,attraction,16.1696,77.4243,mid,4.4,2835,"A medieval river fortress perched atop an island hillock where the Krishna River forces itself through a dramatic, narrow rocky canyon.",Oct-Feb,https://thumb.wikimedia.org/wikipedia/commons/thumb/4/4b/Mudgal_fort_3.jpg/960px-Mudgal_fort_3.jpg?utm_source=en.wikipedia.org&utm_campaign=api&utm_content=thumbnail
3489,Gabbur (The Temple Village),Karnataka,attraction,16.2036,77.2703,budget,4.7,3192,An open-air museum village housing over 30 ruined Chalukyan and Kalyani-era stone temples and carved step-wells hidden among modern farmhouses.,Oct-Mar,https://thumb.wikimedia.org/wikipedia/commons/thumb/7/7d/Udupi_Sri_Krishna_Matha_Temple.jpg/960px-Udupi_Sri_Krishna_Matha_Temple.jpg?utm_source=en.wikipedia.org&utm_campaign=api&utm_content=thumbnail
3490,Revana Siddheshwara Betta (SRS Hills),Karnataka,attraction,12.7509,77.2499,budget,4.0,1104,"A single colossal monolithic granite hill rising sharply from the plains, featuring ancient cave temples and a rugged stone stair climb.",Oct-Feb,https://thumb.wikimedia.org/wikipedia/commons/thumb/7/7b/Vishnu_image_inside_cave_number_3_in_Badami.jpg/960px-Vishnu_image_inside_cave_number_3_in_Badami.jpg?utm_source=en.wikipedia.org&utm_campaign=api&utm_content=thumbnail
3491,Kanva Dam Backwaters (Fishermen's Edge),Karnataka,attraction,12.7849,77.2959,budget,4.7,8575,"The quiet, unpaved northern banks of the Kanva reservoir, far from the main dam bund, popular for waterbird watching and calm waters.",Oct-Feb,https://thumb.wikimedia.org/wikipedia/commons/thumb/f/f7/TGHallidam.JPG/960px-TGHallidam.JPG?utm_source=en.wikipedia.org&utm_campaign=api&utm_content=thumbnail
3492,Savandurga Rear Forest Trails (Karigudda Base),Karnataka,attraction,12.8189,77.3419,budget,4.6,4619,The quiet deciduous forest trails wrapping around the base of one of the largest single-rock monoliths in Asia.,Oct-Feb,https://upload.wikimedia.org/wikipedia/commons/c/c2/Pushkarani.jpg?utm_source=en.wikipedia.org&utm_campaign=api&utm_content=thumbnail_unscaled
3493,Mekedatu Sangama Southern River Bed,Karnataka,attraction,12.6529,77.1879,budget,4.1,365,"The quiet, sandy granite shelves downstream from the Arkavathi-Cauvery confluence, where the river carves deep chutes through solid granite.",Oct-Feb,https://thumb.wikimedia.org/wikipedia/commons/thumb/2/25/Devaraja_Market%2C_Mysore_%28306989724%29.jpg/960px-Devaraja_Market%2C_Mysore_%28306989724%29.jpg?utm_source=en.wikipedia.org&utm_campaign=api&utm_content=thumbnail
3494,Gajanur Tunga Dam Backwater Coves,Karnataka,attraction,13.8959,75.5221,budget,4.1,907,"Calm, forest-fringed reservoir arms located upstream from the main dam, offering uncrowded water viewpoints and quiet morning mist.",Oct-Feb,https://thumb.wikimedia.org/wikipedia/commons/thumb/1/16/Honnemoredu.jpg/960px-Honnemoredu.jpg?utm_source=en.wikipedia.org&utm_campaign=api&utm_content=thumbnail
3495,Channagiri Fort,Karnataka,attraction,13.9299,75.5681,mid,3.9,531,An 18th-century hilltop stone fortification offering unbroken 360-degree views of the surrounding agrarian plains and hill ranges.,Oct-Feb,https://thumb.wikimedia.org/wikipedia/commons/thumb/5/55/Manjarabad_Fort_2.jpg/960px-Manjarabad_Fort_2.jpg?utm_source=en.wikipedia.org&utm_campaign=api&utm_content=thumbnail
3496,Bhadra Reservoir (Lakkavalli Edge),Karnataka,attraction,13.9639,75.6141,budget,4.4,1253,"The quiet, non-commercial peripheral dikes along the Bhadra Tiger Reserve buffer zone, ideal for seeing river terns and forest margins.",Oct-Feb,https://upload.wikimedia.org/wikipedia/commons/1/11/Bhadra_River_Project_Dam.jpg?utm_source=en.wikipedia.org&utm_campaign=api&utm_content=thumbnail_unscaled
3497,Madhugiri Monolith Rear Ascent Trails,Karnataka,attraction,13.4059,77.193,budget,4.3,3067,The unpaved boulder slopes and ancient ruined granaries along the flanks of Asia's second-largest monolithic rock hill.,Oct-Feb,https://thumb.wikimedia.org/wikipedia/commons/thumb/d/dc/Muthathi_Sept.jpg/960px-Muthathi_Sept.jpg?utm_source=en.wikipedia.org&utm_campaign=api&utm_content=thumbnail
3498,Borokanave Reservoir,Karnataka,attraction,12.1978,76.5774,budget,4.6,6811,"The oldest modern irrigation project in the district (built in 1892), nestled in a dramatic rocky gap in the Suvarnamukhi river basin.",Oct-Feb,https://thumb.wikimedia.org/wikipedia/commons/thumb/9/9e/Kanva_dam.jpg/960px-Kanva_dam.jpg?utm_source=en.wikipedia.org&utm_campaign=api&utm_content=thumbnail
3499,Barkur Royal Alleys & Chaulikeri Tanks,Karnataka,attraction,13.2769,74.7261,budget,4.1,949,"The medieval capital of the Alupa dynasty, filled with ancient ruined stone temples, coastal step-wells, and traditional tile-roofed homesteads.",Oct-Feb,https://thumb.wikimedia.org/wikipedia/commons/thumb/1/14/Growing_skylines_of_the_Mangalore_CBD_region.jpg/960px-Growing_skylines_of_the_Mangalore_CBD_region.jpg?utm_source=en.wikipedia.org&utm_campaign=api&utm_content=thumbnail
3500,Mattu Beach & Sea-Plankton Shallows,Karnataka,attraction,13.3109,74.7721,budget,4.4,2552,"A quiet coastal strip lined with coconut palms and black-sand edges, known for seasonal night bioluminescence and traditional vegetable farming.",Oct-Feb,https://thumb.wikimedia.org/wikipedia/commons/thumb/4/49/Malpe_Beach_2.jpg/960px-Malpe_Beach_2.jpg?utm_source=en.wikipedia.org&utm_campaign=api&utm_content=thumbnail
3501,Anegudde Foot-Trails & River Estuaries,Karnataka,attraction,13.3449,74.8181,budget,4.3,1536,The quiet mangrove creeks and backwater canals weaving behind the coastal headlands near Kumbhashi.,Oct-Feb,https://upload.wikimedia.org/wikipedia/commons/e/e0/Kolar_Gold_Fields_-_1913.jpg?utm_source=en.wikipedia.org&utm_campaign=api&utm_content=thumbnail_unscaled
3502,Mirjan Fort Inner Moats & Hidden Well Rooms,Karnataka,hotel,14.8565,74.057,budget,4.6,6349,"An overgrown 16th-century laterite fort associated with Queen Chennabhairadevi (the ""Pepper Queen""), featuring interconnected stone cisterns and high circular bastions.",Oct-Feb,https://thumb.wikimedia.org/wikipedia/commons/thumb/5/52/Chinnaswamy_Stadium.jpg/960px-Chinnaswamy_Stadium.jpg?utm_source=en.wikipedia.org&utm_campaign=api&utm_content=thumbnail
3503,Gullapur & Aghanashini Estuary Buffers,Karnataka,attraction,14.8905,74.103,budget,3.9,425,"The untouched mangrove channels and tidal mudflats where the unpolluted Aghanashini River enters the sea, home to traditional bivalve shell harvesters.",Oct-Feb,https://upload.wikimedia.org/wikipedia/commons/d/d8/Tannirubhavi_beach_02.JPG?utm_source=en.wikipedia.org&utm_campaign=api&utm_content=thumbnail_unscaled
3504,Shirve High Mountain Meadow (Ankola),Karnataka,attraction,14.7245,74.149,budget,3.9,942,"A hidden high-elevation plateau overlooking the Arabian Sea coastline, accessed via off-road tracks through evergreen forests.",Oct-Feb,https://upload.wikimedia.org/wikipedia/commons/d/d8/Tannirubhavi_beach_02.JPG?utm_source=en.wikipedia.org&utm_campaign=api&utm_content=thumbnail_unscaled
3505,Ainapur (Bara Kaman Outer Tombs),Karnataka,attraction,16.7702,75.77,budget,4.1,339,"The unfinished 12-arched stone mausoleum of Ali Adil Shah II, alongside the quieter suburban ruins of the Afzal Khan palace and step-tank.",Oct-Feb,https://thumb.wikimedia.org/wikipedia/commons/thumb/7/71/Maner_dargah_..._Bihar_._INDIA.jpg/960px-Maner_dargah_..._Bihar_._INDIA.jpg?utm_source=en.wikipedia.org&utm_campaign=api&utm_content=thumbnail
3506,Torvi Subterranean Aqueducts (Sangeet Mahal),Karnataka,attraction,16.8042,75.616,budget,4.6,2836,"The ruins of Nauraspur, an ancient twin city housing the arched Sangeet Mahal and an engineered underground water-channel network.",Oct-Feb,https://thumb.wikimedia.org/wikipedia/commons/thumb/a/a4/Mysore_Palace_Morning.jpg/960px-Mysore_Palace_Morning.jpg?utm_source=en.wikipedia.org&utm_campaign=api&utm_content=thumbnail
3507,Kumatgi Royal Pleasure Pavilions,Karnataka,attraction,16.8382,75.662,budget,4.5,5943,"A rural outpost built by the Adil Shahis featuring medieval cooling pavilions, copper-pipe water fountains, and wall paintings depicting European visitors.",Oct-Feb,https://thumb.wikimedia.org/wikipedia/commons/thumb/e/ef/Yoga_Narasimha_Temple_Devarayanadurga.JPG/960px-Yoga_Narasimha_Temple_Devarayanadurga.JPG?utm_source=en.wikipedia.org&utm_campaign=api&utm_content=thumbnail
3508,Kamalapuram Historic Lake Bunds,Karnataka,attraction,15.3109,76.3889,budget,4.3,2075,"An ancient 14th-century irrigation reservoir built by the Vijayanagara rulers, surrounded by stone aqueducts and quiet banana groves away from the Hampi monuments.",Oct-Feb,https://upload.wikimedia.org/wikipedia/commons/1/11/Bhadra_River_Project_Dam.jpg?utm_source=en.wikipedia.org&utm_campaign=api&utm_content=thumbnail_unscaled
3509,Sandur Forest Valleys & Narihalla Dam,Karnataka,attraction,15.3449,76.4349,budget,4.1,394,"An emerald, iron-rich mountain bowl featuring the Narihalla reservoir gorge, cool ghat passes, and pine-clad hills.",Oct-Feb,https://thumb.wikimedia.org/wikipedia/commons/thumb/f/f7/TGHallidam.JPG/960px-TGHallidam.JPG?utm_source=en.wikipedia.org&utm_campaign=api&utm_content=thumbnail
3510,Kudligi Megalithic Cairns,Karnataka,attraction,15.1789,76.4809,budget,4.2,1197,Ancient stone circles and prehistoric cairn burials scattered across the granite boulder plains of southern Vijayanagara.,Oct-Feb,https://thumb.wikimedia.org/wikipedia/commons/thumb/0/0c/Banavasi_varadariver_side.jpg/960px-Banavasi_varadariver_side.jpg?utm_source=en.wikipedia.org&utm_campaign=api&utm_content=thumbnail
3511,Hampi Anegundi River Crossings,Karnataka,attraction,15.2129,76.3269,budget,4.3,1111,"The less-traveled, peaceful northern bank of the Tungabhadra River, featuring prehistoric rock art shelters, the Pampa Sarovar, and coracle river paths.",Oct-Feb,https://thumb.wikimedia.org/wikipedia/commons/thumb/a/af/Stone_Chariot_Hampi.jpg/960px-Stone_Chariot_Hampi.jpg
3512,Wankanagari Fort Ruins,Karnataka,attraction,16.7408,77.1262,mid,4.2,1747,"An ancient stone citadel tucked inside rural scrub hills, featuring massive rough-hewn stone gates and ruined watchtowers.",Oct-Feb,https://thumb.wikimedia.org/wikipedia/commons/thumb/c/c3/Devanahalli_fort_entrance_2007.jpg/960px-Devanahalli_fort_entrance_2007.jpg?utm_source=en.wikipedia.org&utm_campaign=api&utm_content=thumbnail
3513,Shorapur (Surpur) Taylor's Manzil & Royal Fort,Karnataka,attraction,16.7748,77.1722,mid,4.5,8837,"The 19th-century colonial hill bungalow of British resident Meadows Taylor, offering sweeping vistas of the historic Surpur battlements and town.",Oct-Feb,https://thumb.wikimedia.org/wikipedia/commons/thumb/3/33/Daulatabad_Fort_a_view.JPG/960px-Daulatabad_Fort_a_view.JPG?utm_source=en.wikipedia.org&utm_campaign=api&utm_content=thumbnail
3514,Yadgir Fort Hillock & Ancient Water Cisterns,Karnataka,attraction,16.8088,77.2182,mid,4.1,1076,"A natural boulder fortress towering over the plains, housing rock-carved defensive structures, cannons, and medieval rainwater-harvesting pools.",Oct-Feb,https://thumb.wikimedia.org/wikipedia/commons/thumb/1/13/Tippu_Sultan%27s_Summer_palace.jpg/960px-Tippu_Sultan%27s_Summer_palace.jpg?utm_source=en.wikipedia.org&utm_campaign=api&utm_content=thumbnail
3515,Bhima-Krishna Confluence (Near Tintini),Karnataka,attraction,16.8428,77.0642,budget,4.7,3589,"A serene river junction lined by pebble shallows and traditional rural ferry crossings, home to centuries-old riverside shrines.................",Oct-Feb,https://thumb.wikimedia.org/wikipedia/commons/thumb/0/03/Pattadakal_000.JPG/960px-Pattadakal_000.JPG?utm_source=en.wikipedia.org&utm_campaign=api&utm_content=thumbnail
3516,Virupaksha Temple Hampi UNESCO,Karnataka,attraction,15.3541,75.7267,budget,3.9,1113,"Virupaksha Temple Hampi UNESCO is an authentic attraction destination located in ,  district of Karnataka. Celebrated for its regional significance and unique ambiance, it offers travelers an immersive experience in the culture, scenic beauty, and heritage of Karnataka.",Oct-Mar,https://thumb.wikimedia.org/wikipedia/commons/thumb/a/af/Stone_Chariot_Hampi.jpg/960px-Stone_Chariot_Hampi.jpg
3517,Vijaya Vittala Temple & Stone Chariot,Karnataka,attraction,15.3485,75.7371,budget,4.6,4423,"Vijaya Vittala Temple & Stone Chariot is an authentic attraction destination located in ,  district of Karnataka. Celebrated for its regional significance and unique ambiance, it offers travelers an immersive experience in the culture, scenic beauty, and heritage of Karnataka.",Oct-Mar,https://upload.wikimedia.org/wikipedia/commons/9/97/Polali_Rajarajeshwari_Temple_festival.jpg?utm_source=en.wikipedia.org&utm_campaign=api&utm_content=thumbnail_unscaled
3518,Lotus Mahal & Elephant Stables Hampi,Karnataka,attraction,15.3077,75.7323,budget,4.5,5577,"Lotus Mahal & Elephant Stables Hampi is an authentic attraction destination located in ,  district of Karnataka. Celebrated for its regional significance and unique ambiance, it offers travelers an immersive experience in the culture, scenic beauty, and heritage of Karnataka.",Oct-Feb,https://thumb.wikimedia.org/wikipedia/commons/thumb/a/af/Stone_Chariot_Hampi.jpg/960px-Stone_Chariot_Hampi.jpg
3519,Matanga Hill Sunrise Hampi,Karnataka,attraction,15.3021,75.7203,budget,4.6,5951,"Matanga Hill Sunrise Hampi is an authentic attraction destination located in ,  district of Karnataka. Celebrated for its regional significance and unique ambiance, it offers travelers an immersive experience in the culture, scenic beauty, and heritage of Karnataka.",Oct-Feb,https://thumb.wikimedia.org/wikipedia/commons/thumb/a/af/Stone_Chariot_Hampi.jpg/960px-Stone_Chariot_Hampi.jpg
3520,Mysore Palace (Amba Vilas),Karnataka,attraction,15.3261,75.6947,mid,3.9,75740,"Mysore Palace (Amba Vilas) is an authentic attraction destination located in ,  district of Karnataka. Celebrated for its regional significance and unique ambiance, it offers travelers an immersive experience in the culture, scenic beauty, and heritage of Karnataka.",Oct-Feb,https://thumb.wikimedia.org/wikipedia/commons/thumb/a/a4/Mysore_Palace_Morning.jpg/960px-Mysore_Palace_Morning.jpg?utm_source=en.wikipedia.org&utm_campaign=api&utm_content=thumbnail
3521,Chamundeshwari Temple Chamundi Hills,Karnataka,attraction,15.3357,75.7475,budget,4.6,2263,"Chamundeshwari Temple Chamundi Hills is an authentic attraction destination located in ,  district of Karnataka. Celebrated for its regional significance and unique ambiance, it offers travelers an immersive experience in the culture, scenic beauty, and heritage of Karnataka.",Oct-Mar,https://thumb.wikimedia.org/wikipedia/commons/thumb/0/02/Banavasi_Madhukeshwara_temple.JPG/960px-Banavasi_Madhukeshwara_temple.JPG?utm_source=en.wikipedia.org&utm_campaign=api&utm_content=thumbnail
3522,Brindavan Gardens KRS Dam,Karnataka,attraction,15.3549,75.7483,budget,4.2,1505,"Brindavan Gardens KRS Dam is an authentic attraction destination located in ,  district of Karnataka. Celebrated for its regional significance and unique ambiance, it offers travelers an immersive experience in the culture, scenic beauty, and heritage of Karnataka.",Oct-Feb,https://thumb.wikimedia.org/wikipedia/commons/thumb/6/61/Sunset_vtr_lake.jpg/960px-Sunset_vtr_lake.jpg?utm_source=en.wikipedia.org&utm_campaign=api&utm_content=thumbnail
3523,Srirangapatna Ranganathaswamy & Tipu Fort,Karnataka,attraction,15.3277,75.7283,mid,4.5,7887,"Srirangapatna Ranganathaswamy & Tipu Fort is an authentic attraction destination located in ,  district of Karnataka. Celebrated for its regional significance and unique ambiance, it offers travelers an immersive experience in the culture, scenic beauty, and heritage of Karnataka.",Oct-Feb,https://thumb.wikimedia.org/wikipedia/commons/thumb/7/73/1_of_7_concentric_walled_layers_of_Chitradurga_fort.jpg/960px-1_of_7_concentric_walled_layers_of_Chitradurga_fort.jpg?utm_source=en.wikipedia.org&utm_campaign=api&utm_content=thumbnail
3524,Gol Gumbaz Bijapur Whispering Gallery,Karnataka,attraction,15.3077,75.6923,budget,4.3,3152,"Gol Gumbaz Bijapur Whispering Gallery is an authentic attraction destination located in ,  district of Karnataka. Celebrated for its regional significance and unique ambiance, it offers travelers an immersive experience in the culture, scenic beauty, and heritage of Karnataka.",Oct-Feb,https://thumb.wikimedia.org/wikipedia/commons/thumb/6/69/Gol_Gumbaz_Bijapur.jpg/960px-Gol_Gumbaz_Bijapur.jpg
3525,Ibrahim Rauza Tomb Bijapur,Karnataka,attraction,15.3557,75.7259,budget,4.3,822,"Ibrahim Rauza Tomb Bijapur is an authentic attraction destination located in ,  district of Karnataka. Celebrated for its regional significance and unique ambiance, it offers travelers an immersive experience in the culture, scenic beauty, and heritage of Karnataka.",Oct-Feb,https://thumb.wikimedia.org/wikipedia/commons/thumb/3/3f/Maner_Sharif_26.jpg/960px-Maner_Sharif_26.jpg?utm_source=commons.wikimedia.org&utm_campaign=imageinfo&utm_content=thumbnail
3526,Badami Cave Temples Rock-Cut Sandstone,Karnataka,attraction,15.3437,75.7083,budget,4.7,7270,"Badami Cave Temples Rock-Cut Sandstone is an authentic attraction destination located in ,  district of Karnataka. Celebrated for its regional significance and unique ambiance, it offers travelers an immersive experience in the culture, scenic beauty, and heritage of Karnataka.",Oct-Mar,https://thumb.wikimedia.org/wikipedia/commons/thumb/a/ac/A_scenery_from_bababudan_hill.jpg/960px-A_scenery_from_bababudan_hill.jpg?utm_source=en.wikipedia.org&utm_campaign=api&utm_content=thumbnail
3527,Agastya Lake & Bhutanatha Temples Badami,Karnataka,attraction,15.2829,75.6779,budget,4.6,5948,"Agastya Lake & Bhutanatha Temples Badami is an authentic attraction destination located in ,  district of Karnataka. Celebrated for its regional significance and unique ambiance, it offers travelers an immersive experience in the culture, scenic beauty, and heritage of Karnataka.",Oct-Mar,https://thumb.wikimedia.org/wikipedia/commons/thumb/1/16/Honnemoredu.jpg/960px-Honnemoredu.jpg?utm_source=en.wikipedia.org&utm_campaign=api&utm_content=thumbnail
3528,Pattadakal Group of Monuments UNESCO,Karnataka,attraction,15.3413,75.7203,mid,4.2,2415,"Pattadakal Group of Monuments UNESCO is an authentic attraction destination located in ,  district of Karnataka. Celebrated for its regional significance and unique ambiance, it offers travelers an immersive experience in the culture, scenic beauty, and heritage of Karnataka.",Oct-Mar,https://thumb.wikimedia.org/wikipedia/commons/thumb/f/fb/Karigatte_temple.JPG/960px-Karigatte_temple.JPG?utm_source=en.wikipedia.org&utm_campaign=api&utm_content=thumbnail
3529,Aihole Cradle of Hindu Rock Architecture,Karnataka,attraction,15.3533,75.6819,budget,4.0,497,"Aihole Cradle of Hindu Rock Architecture is an authentic attraction destination located in ,  district of Karnataka. Celebrated for its regional significance and unique ambiance, it offers travelers an immersive experience in the culture, scenic beauty, and heritage of Karnataka.",Oct-Feb,https://thumb.wikimedia.org/wikipedia/commons/thumb/d/d1/Raaja_mahal_1.JPG/960px-Raaja_mahal_1.JPG?utm_source=en.wikipedia.org&utm_campaign=api&utm_content=thumbnail
3530,Chennakeshava Temple Belur Hoysala UNESCO,Karnataka,attraction,15.3461,75.7323,budget,3.9,297,"Chennakeshava Temple Belur Hoysala UNESCO is an authentic attraction destination located in ,  district of Karnataka. Celebrated for its regional significance and unique ambiance, it offers travelers an immersive experience in the culture, scenic beauty, and heritage of Karnataka.",Oct-Mar,https://thumb.wikimedia.org/wikipedia/commons/thumb/d/dd/Wide_angle_of_Galigopuram_of_Virupaksha_Temple%2C_Hampi_%2804%29_%28cropped%29.jpg/960px-Wide_angle_of_Galigopuram_of_Virupaksha_Temple%2C_Hampi_%2804%29_%28cropped%29.jpg?utm_source=en.wikipedia.org&utm_campaign=api&utm_content=thumbnail
3531,Hoysaleswara Temple Halebidu UNESCO,Karnataka,attraction,15.3349,75.6971,budget,4.0,1162,"Hoysaleswara Temple Halebidu UNESCO is an authentic attraction destination located in ,  district of Karnataka. Celebrated for its regional significance and unique ambiance, it offers travelers an immersive experience in the culture, scenic beauty, and heritage of Karnataka.",Oct-Mar,https://thumb.wikimedia.org/wikipedia/commons/thumb/b/b3/8th_century_Durga_temple_exterior_view%2C_Aihole_Hindu_temples_and_monuments_3.jpg/960px-8th_century_Durga_temple_exterior_view%2C_Aihole_Hindu_temples_and_monuments_3.jpg?utm_source=en.wikipedia.org&utm_campaign=api&utm_content=thumbnail
3532,Shravanabelagola Gommateshwara Statue,Karnataka,attraction,15.2781,75.6963,budget,4.1,582,"Shravanabelagola Gommateshwara Statue is an authentic attraction destination located in ,  district of Karnataka. Celebrated for its regional significance and unique ambiance, it offers travelers an immersive experience in the culture, scenic beauty, and heritage of Karnataka.",Oct-Feb,https://thumb.wikimedia.org/wikipedia/commons/thumb/3/30/Night_in_Manipal.jpg/960px-Night_in_Manipal.jpg?utm_source=en.wikipedia.org&utm_campaign=api&utm_content=thumbnail
3533,Jog Falls Sharavathi River (830ft Plunge),Karnataka,attraction,15.2861,75.7387,budget,4.7,1899,"Jog Falls Sharavathi River (830ft Plunge) is an authentic attraction destination located in ,  district of Karnataka. Celebrated for its regional significance and unique ambiance, it offers travelers an immersive experience in the culture, scenic beauty, and heritage of Karnataka.",Oct-Feb,https://thumb.wikimedia.org/wikipedia/commons/thumb/b/b3/Jog_Falls_Karnataka.jpg/960px-Jog_Falls_Karnataka.jpg
3534,Kudremukh National Park & Peak Trek,Karnataka,attraction,15.3397,75.7363,budget,4.1,637,"Kudremukh National Park & Peak Trek is an authentic attraction destination located in ,  district of Karnataka. Celebrated for its regional significance and unique ambiance, it offers travelers an immersive experience in the culture, scenic beauty, and heritage of Karnataka.",Oct-Feb,https://thumb.wikimedia.org/wikipedia/commons/thumb/4/48/Lurking_tiger.jpg/960px-Lurking_tiger.jpg?utm_source=en.wikipedia.org&utm_campaign=api&utm_content=thumbnail
3535,Mullayanagiri (Highest Peak in Karnataka),Karnataka,attraction,15.3037,75.7443,budget,4.0,251,"Mullayanagiri (Highest Peak in Karnataka) is an authentic attraction destination located in ,  district of Karnataka. Celebrated for its regional significance and unique ambiance, it offers travelers an immersive experience in the culture, scenic beauty, and heritage of Karnataka.",Oct-Feb,https://thumb.wikimedia.org/wikipedia/commons/thumb/a/a8/Skandagiri.jpg/960px-Skandagiri.jpg?utm_source=en.wikipedia.org&utm_campaign=api&utm_content=thumbnail
3536,Baba Budangiri Dattatreya Peetha,Karnataka,attraction,15.3533,75.7331,budget,4.3,861,"Baba Budangiri Dattatreya Peetha is an authentic attraction destination located in ,  district of Karnataka. Celebrated for its regional significance and unique ambiance, it offers travelers an immersive experience in the culture, scenic beauty, and heritage of Karnataka.",Oct-Feb,https://thumb.wikimedia.org/wikipedia/commons/thumb/e/ec/Colonel_Bailey%27s_Dungeon_-_Ground_View.jpg/960px-Colonel_Bailey%27s_Dungeon_-_Ground_View.jpg?utm_source=en.wikipedia.org&utm_campaign=api&utm_content=thumbnail
3537,Coorg Abbey Falls Madikeri,Karnataka,attraction,15.3517,75.7315,budget,4.6,4842,"Coorg Abbey Falls Madikeri is an authentic attraction destination located in ,  district of Karnataka. Celebrated for its regional significance and unique ambiance, it offers travelers an immersive experience in the culture, scenic beauty, and heritage of Karnataka.",Oct-Feb,https://upload.wikimedia.org/wikipedia/commons/b/b3/Jhari_Falls_2k22.jpg?utm_source=en.wikipedia.org&utm_campaign=api&utm_content=thumbnail_unscaled
3538,Raja's Seat Sunset Pavilion Madikeri,Karnataka,attraction,15.3525,75.6883,budget,4.3,2795,"Raja's Seat Sunset Pavilion Madikeri is an authentic attraction destination located in ,  district of Karnataka. Celebrated for its regional significance and unique ambiance, it offers travelers an immersive experience in the culture, scenic beauty, and heritage of Karnataka.",Oct-Feb,https://thumb.wikimedia.org/wikipedia/commons/thumb/0/03/Pattadakal_000.JPG/960px-Pattadakal_000.JPG?utm_source=en.wikipedia.org&utm_campaign=api&utm_content=thumbnail
3539,Talakaveri Origin of River Kaveri,Karnataka,attraction,15.2781,75.7363,budget,4.1,1201,"Talakaveri Origin of River Kaveri is an authentic attraction destination located in ,  district of Karnataka. Celebrated for its regional significance and unique ambiance, it offers travelers an immersive experience in the culture, scenic beauty, and heritage of Karnataka.",Oct-Feb,https://thumb.wikimedia.org/wikipedia/commons/thumb/3/30/Night_in_Manipal.jpg/960px-Night_in_Manipal.jpg?utm_source=en.wikipedia.org&utm_campaign=api&utm_content=thumbnail
3540,Namdroling Golden Temple Bylakuppe,Karnataka,attraction,15.3149,75.7387,budget,4.5,63621,"Namdroling Golden Temple Bylakuppe is an authentic attraction destination located in ,  district of Karnataka. Celebrated for its regional significance and unique ambiance, it offers travelers an immersive experience in the culture, scenic beauty, and heritage of Karnataka.",Oct-Mar,https://thumb.wikimedia.org/wikipedia/commons/thumb/f/fa/Namdroling_Monastery_Bylakuppe.jpg/960px-Namdroling_Monastery_Bylakuppe.jpg
