place_id,associated_search_term,search_weight
0,Kedarnath Temple,1
0,Shree Tungnath Temple,1
0,Triyuginarayan Temple,1
0,Tunganath Ganesh Mandir,1
0,Tungnath. Official,1
1,Corbett Jungle Safari,1
1,Corbett Tiger Reserve,1
1,Dhikala Corbett national park,1
1,Jeep Safari Jim Corbett National Park,1
1,Jim Corbett National Park Ramnagar Tour Safari Packages,1
2,Deer park malsi,1
2,Dehradun Zoo,1
2,Dehradun Zoo Aquarium,1
2,Fun Park - DDZ,1
2,MDDA Park,1
3,Parmarth Niketan - Ganga Ghat,1
3,Ram jhula,1
3,Shatrughana Temple Ghat,1
3,Shri Ram Mandir,1
3,Vishwnath Ghat,1
4,0,1
4,Kanva prachin mandir,1
4,Kanvashram Deer Park,1
4,Kanwashram Temple,1
4,"Library cum Museum, Kanvashram Vikas Samiti",1
5,"Bheem Pakora, Lansdowne",1
5,Bhulla Taal,1
5,Manwaring View Point,1
5,Snowview point,1
5,दरबान सिंह संग्रहालय,1
6,"Bagnath Temple, Bageshwar",1
6,Baijnath Bairaj,1
6,Baijnath Lake,1
6,"Baijnath Temple , Garur , Bageshwar",1
6,Shri Bageshwar Mahadev Mandir,1
7,Manak Sidh Baba Mandir,1
7,Mansa Devi Temple,1
7,Shiv Mandir Dehradun,1
7,Sura Devi Temple,1
7,"Tapkeshwar Mahadev Mandir, Dehradun",1
8,Kanchan,1
8,Kedarnath Dham Trekking Way,1
8,Kedarnath Reserve National Park,1
8,Kedarnath Trekking way,1
8,Nanda Devi Wildlife Sanctuary,1
9,Almora Uttarakhand,1
9,Almora ZOO,1
9,Almora hills,1
9,Lamgara Almora,1
9,चौघानपाटा अल्मोड़ा,1
10,Maldevta Bridge,1
10,Maldevta Picnic Point,1
10,Maldevta Picnic Spot,1
10,Picnic spot,1
10,Waterfall Maldevta,1
11,Dehradun Zoo,1
11,Non Wood Forest Museum,1
11,Regional Science Center (RSC) Dehradun,1
11,Silviculture Museum,1
11,Subir Raha Oil Museum,1
12,Hanuman Mandir,1
12,"Maa Naina Devi Temple, Nainital",1
12,Naina Devi Mandir,1
12,Pasan Devi Temple,1
12,Shiv Mandir,1
13,"Amrapur Ghat, Haridwar",1
13,"Chandi ghat Bridge, Haridwar",1
13,Ganga Ghat,2
13,Haridwar Ghat,1
14,0,1
14,Auli,1
14,Auli Ski & Snowboard School,1
14,Auli Tourism,1
14,Auli skiing Point,1
15,Bhootnath Temple Rishikesh,1
15,Lakshman Temple,1
15,Mahadev Mandir,1
15,Rishikesh Shiv Mandir,1
15,"Trayambakeshwar, Om Shiv Pooja bhandar",1
16,0,1
16,Naini Lake,1
16,Nainital Lake,1
16,Nainital view point,1
16,Snow View,1
17,Dhanauti,1
17,Dhar snow view point,1
17,Mundali skating area,1
17,Valley View Point,1
17,YOUNG point यंग पोईण्ट,1
18,Dhikala Corbett national park,1
18,Dhikala Forest Rest House,1
18,Dhikala Jeep Safari,1
18,Forest Rest House Jim Corbett,1
18,Jim Corbett National Park,1
19,Alkeshwar shamshaan sthal,1
19,Guldaar ghat,1
19,Shiv Mandir,1
19,Shree Kamaleshwer Mahadev Temple,1
19,Srinagar Garhwal,1
20,0,1
20,Children's Park,1
20,Crystal world,1
20,Dolphin Trading Company,1
20,First Ride,1
21,Kedarnath Temple,1
21,Koteshwar Temple,1
21,Parvati Mandir,1
21,Shri Madmaheshwar Temple Bura Maheswar,1
21,Tungnath,1
22,Barrage Tourist Park,1
22,Dakpathar Barrage Office,1
22,Deer Park,1
22,"Yamuna river View Point ,Dakpathar",1
22,दक्पथर बँरेज,1
23,Benog Wildlife Sanctuary,1
23,Camel Rock View,1
23,K Dev Bhoomi Wax Museum,1
23,Lal Tibba Scenic Point,1
23,Mossy Falls,1
24,Bainital,1
24,Balan.बालन,1
24,Bekaltal,1
24,Divyanshu Khatri,1
24,बेनीताल मार्ग,1
25,Corbett Explore (Call For Safari Services),1
25,Corbett Falls,1
25,Corbett Farmyard,1
25,Jim Corbett Museum,1
25,"Nainital Tourism,Places to see near Nainital , Jim Corbett National Park",1
26,Maneshwar Temple,1
26,Nagnath Temple,1
26,Shree Kranteshwar Mahadev Temple,1
26,Subh tour & travals,1
26,शिव मंदिर,1
27,0,5
28,Dalai Hills,1
28,Lal Tibba Scenic Point,1
28,The Buddha Temple,1
28,The View Point,1
28,Treking from mussoorie to nagtiba,1
29,Chaina View Ashoke Dwar,1
29,Doctor Bhim Rao Ambedkar Park,1
29,Himalaya View Point,1
29,Mankameshwar Temple,1
29,Rajiv Gandhi Park,1
30,Binsar Forest Retreat,1
30,Binsar Nature Gift Shop,1
30,Binsar forest,1
30,Binsar sanctury gate,1
30,Binsar zero point,1
31,Bhagirath Shila,1
31,Gangotri Dham Uttarkashi Uttrakhand,1
31,Gangotri Temple,1
31,"Gourikund, Gangotri",1
31,Kedar Ganga River Bridge,1
32,Airadiyo Temple (Dakshni Kailash Aashram),1
32,Anamay Vedic Ashram,1
32,Gandhi Ashram Kausani,1
32,Himalaya Darshan Resort,1
32,Kausani,1
33,Kaleshwar Mahadev Temple,1
33,Koteshwar Temple,1
33,Maheshwari ashram Tarkeshwar mahadev,1
33,Tarkeshwar - Siddh Peeth Tadkeshwar Dham Mandir,1
33,Tarkeshwar Mahadev Mandir,1
34,Betalghat,1
34,Eon Hills,1
34,Himalaya View Point,1
34,Ranijheel,1
34,Silent Pahadi,1
35,Bhairwa Temple,1
35,GARJIYA DEVI TEMPLE RAMNAGAR,1
35,Garjiya And Shiv Mandir,1
35,"Garjiya Mata Mandir, Ramnagar",1
35,प्राचीन भैरव मंदिर,1
36,Bhim Taal Lake,1
36,Karkotak Mandir,1
36,Mukteshwar MahadevTemple,1
36,"Shiv Mandir, Naldamyantital",1
36,Shri Hanuman Temple,1
37,87-E KAINCHI DHAM,1
37,Baba Neem Karoli Mandir,1
37,Kainchi Dham Home Stay,1
37,Prachin Devi Mandir,1
37,Swami Shri Sai Sevak Ji Maharaj,1
38,0,1
38,Cantonment Board Park,1
38,Kedarkantha Trek From Dehradun,1
38,Lachhiwala park,1
38,Waterfall Maldevta,1
39,Alkeshwar Mahadev Ghat,1
39,Guldaar ghat,1
39,Srinagar Garhwal Gurudwara,1
39,Srinagar Uttarakhand,1
39,VALLEY VIEW POINT,1
40,Kalpeshwar Waterfall,1
40,Koteshwar Temple,1
40,Urva Rishi Mahadev Mandir,1
40,कालिंका माता,1
40,चौपता मंदिर,1
41,"Haridwar, Kutchi Ashram",1
41,Parmarth Ashram,1
41,Rishi Ashram,1
41,"Saptrishi Ashram, Haridwar",1
41,"Shri Prem Nagar Ashram, Haridwar",1
42,Aasan Bairaj,1
42,Aklakhi Part and Repairing Center,1
42,Benog Wildlife Sanctuary,1
42,GMVN Asan Conservation Resort,1
42,asan wetlands,1
43,Bhim Taal Lake,1
43,"Lake: Nal Dayamanti, June Estate",1
43,Nandyamti lake,1
43,"Shiv Mandir, Naldamyantital",1
43,Sita Tal,1
44,Baraati Fall,1
44,Corbett Falls,1
44,"Freaky Waterfall, Ghatgarh",1
44,Kotabagh Waterfall,1
44,Woodland water fall nainital,1
45,Munsiyari Uttarakhand,1
45,Munsyari,1
45,Pic,1
45,Thamri Kund,1
45,Zero Point Khaliya Top Munsyari,1
46,Dehradun Zoo,1
46,Regional Science Center (RSC) Dehradun,1
46,Robber's Cave,1
46,Silviculture Museum,1
46,Zonal Anthropological Museum,1
47,Barati Rau Waterfall,1
47,Corbett Falls,1
47,"Freaky Waterfall, Ghatgarh",1
47,Woodland water fall nainital,1
47,बेताल Waterfall,1
48,Buddha Point,1
48,Dalai Hills,1
48,Lal Tibba Scenic Point,1
48,Shedup Choephelling Buddhist Temple,1
48,Treking from mussoorie to nagtiba,1
49,Adbhut Mandir,1
49,"Bharat Mata Temple, Haridwar",1
49,"Maya Devi Temple, Haridwar",1
49,Shri Mata Mansa Devi Mandir,1
49,Vaishno Devi,1
50,Himnish waterfall Rishikesh,1
50,Neer Waterfall,1
50,Neer waterfall,1
50,The Secret Waterfall Rishikesh - DhaulSrot,1
50,Waterfall,1
51,0,1
51,Aditya,1
51,Forest choki,1
51,भारमल इको स्पोर्ट,1
51,लालकोठी शिव मंदिर,1
52,0,1
52,Fountain Lachchhiwala Nature Park,1
52,Hilaswali हिलासावली,1
52,Lachchhiwala Water Fun Park,1
52,Lachhiwala Nature Park,1
53,Himnish waterfall Rishikesh,1
53,Neer Waterfall,1
53,Nilkanth waterfalls,1
53,Patna Waterfall,1
53,The Secret Waterfall Rishikesh - DhaulSrot,1
54,Bhadreshwar Mount Valley,1
54,Bhyundar Ganga,1
54,Valley of Flowers National Park,1
54,Valley of flowers National park,1
54,Velley of Flowers National Park,1
55,Maa Surkanda Devi Ropeway start,1
55,Maa surkanda Mata temple,1
55,Surkanda Devi Hike start,1
55,Surkanda devi temple,1
55,शिवालय,1
56,0,1
56,Bhim Taal Lake,1
56,Hanuman Tal,1
56,Nal Damyanti Tal,1
56,Ram Tal,1
57,Corbett Falls,1
57,Corbett Village Eco-Tour,1
57,Dhangarhi Gate and Museum,1
57,Jim corbet water fall,1
57,"Nainital Tourism,Places to see near Nainital , Jim Corbett National Park",1
58,"Bharat Mata Temple, Haridwar",1
58,Bilvkeshwar Mahadev Temple,1
58,HARIDWAR TEMPLES,1
58,"Maya Devi Temple, Haridwar",1
58,Shri Mata Mansa Devi Mandir,1
59,Badrinath Temple,1
59,Bheem pul,1
59,Shri Ganesh Mandir & Cave,1
59,Vandevi Temple,1
59,Vasudhara Falls,1
60,0,1
60,Balbhadra Khalanga Dwar Nalapani,1
60,Kalingan Park,1
60,Kalungr (Khalanga) Memorial,1
60,Shaurya Sthal War Memorial,1
61,Adventure Activities in Rishikesh,1
61,Amangarh Tiger Reserve,1
61,Corbett Tiger Reserve,1
61,Jungle Camp Kalagarh Tiger Reserve,1
61,corbett jungle safari,1
62,0,4
62,Gorson View Point 9,1
63,Bhulla Taal,1
63,Chinbo waterfall,1
63,Gatkot waterfall,1
63,Rameshpur Waterfall,1
63,Waterfall Point,1
64,Red Chilli Adventure,1
64,Rishikesh Day Tour,1
64,Rishikesh River Rafting,1
64,Rishikesh Tourism,1
64,River Rain Adventure |Rafting In Rishikesh |,1
65,"Bharat Mata Temple, Haridwar",1
65,"Maa Chandi Devi Temple, Haridwar",1
65,Maa Mansa Devi Ropeway,1
65,Mansa Devi Udan Khatola tickets,1
65,"Maya Devi Temple, Haridwar",1
66,Alaknanda Bhagirathi Sangam,1
66,Devaprayag view point,1
66,Devprayag Darshana,1
66,Devprayag Ghat,1
66,Devprayag Temple,1
67,Chauli Ki Jali to mukteshvar mahadev temple jungle walk,1
67,Mukteshwar Dham Temple,1
67,Mukteshwar Kumaon Hills,1
67,Mukteshwar Mahadev Temple,1
67,Mukteshwar mandir,1
68,Buddhist Temple,1
68,Ganga Maa Mandir,1
68,Harsil Temple,1
68,Kalp Kedar Temple,1
68,हर्षिल घाटी,1
69,"Bhatta falls, Mussoorie, Uttrakhand",1
69,Junu Waterfall,1
69,Kimadi Waterfall,1
69,Mossy Falls,1
69,Waterfall Maldevta,1
70,Fun 'N' Food Kingdom,1
70,Fun Park - DDZ,1
70,Ikya Fun & Adventure Park,1
70,Joyland Waterpark & Amusement park,1
70,Lachchhiwala Water Fun Park,1
71,Forest near Tiffin Top,1
71,HIMALAYAN View Point,1
71,Nainital view point,1
71,Snow View,1
71,Tiffin top,1
72,HIMALAYAN View Point,1
72,Himalayan Botanical Garden,1
72,Himalya darshan,1
72,Naina Peak West,1
72,Nainital view point,1
73,HIMALAYAN View Point,1
73,Lake View Point,1
73,Mango Lake View Point,1
73,Nainital view point,1
73,Snow View,1
74,Alaknanda Dhauliganga Sangam,1
74,Kalpeshwar,1
74,Vishnuprayag Sangam,1
74,Vishnuprayag Temple Bridge on Dhauliganga,1
74,Vishnuprayag View,1
75,Balta waterfall,1
75,Dhokanae Falls,1
75,Dhokaney Waterfall,1
75,Dunagiri Temple,1
75,Rudradhari Mahadev Temple,1
76,HIMALAYAN View Point,1
76,Himalaya Darshan,1
76,Naina Peak East,1
76,Naini Peak Trek Starting Point,1
76,chota China peak,1
77,"Jhula Devi temple, Chaubatia",1
77,Jhuladevi Temple,1
77,Kalika temple,1
77,Mankameshwar Temple,1
77,Ram Mandir,1
78,Adventure Park Mussoorie by The Real Adventure Sports,1
78,Camel Rock View,1
78,K Dev Bhoomi Wax Museum,1
78,Mussoorie Waterfall,1
78,SOHAM Himalayan Centre,1
79,Mahadev Mandir,1
79,Neelkanth Mahadev panting road,1
79,Shri Nageshwar Lachmi Narain Mandir,1
79,Shri Neelkantheshwar Mahadev Mandir,1
79,mataBhuvneshwari mandir,1
80,ECO park and Trail Kaudia,1
80,Kanatal Heights,1
80,Kanatal Hill view Camping,1
80,Kaudia Adventure Camp,1
80,Kaudia Estate,1
81,"Bhatta falls, Mussoorie, Uttrakhand",1
81,Jharipani waterfall,1
81,Kimadi Waterfall,1
81,Mussoorie Waterfall,1
81,Shikhar Fall,1
82,HIMALAYAN View Point,1
82,Lake View Point,1
82,Lover's Point,1
82,Mango Lake View Point,1
82,Snow View,1
83,Chandrabani Temple,1
83,Kali Temple Rajpur Road,1
83,Mansa Devi Temple,1
83,Shiv Mandir Dehradun,1
83,"Tapkeshwar Mahadev Mandir, Dehradun",1
84,New Tehri Dam,1
84,Tehri Dam Reservoir,1
84,Tehri Dam View Point,1
84,"Tehri Dam, Tehri Garhwal",1
84,Tehri lake and water sports,1
85,Neer waterfall,1
85,Neergarh waterfall,1
85,Nilkanth waterfalls,1
85,Patna Waterfall,1
85,The Secret Waterfall Rishikesh - DhaulSrot,1
86,0,1
86,Kedarnath Trekking way,1
86,Kedarnath bhukund bhairabh,1
86,Near kedarnath temple,1
86,Shri Bhairavnath Temple,1
87,Dhinara bhugyal,1
87,Lakha Mandal Pandav Caves,1
87,Lakha Mandal Shiv Temple,1
87,Lakhamandal Adventures near Mussoorie,1
87,रानी राणा का गाँव,1
88,0,1
88,Garden Tea Store,1
88,Girias Tea Garden,1
88,Kausani,1
88,Lovely tea garden kausani tea estate,1
89,Bheemgoda braj,1
89,Bhimgoda Ganga Canal starting point,1
89,Bhimgoda Har Ki Pauri Bridge भीमगोडा हर की पौड़ी पुल,1
89,Cheela Dam,1
89,Fly High Entertaiment Network,1
90,Himalayan trackers munsyari,1
90,Munsiyari Uttarakhand,1
90,Munsyari Hill Top View Point,1
90,Thamri Kund,1
90,Thamri Kund Hike Trail,1
91,Botanical gardens Domes Nainital,1
91,Cave Garden,1
91,G B Pant High Altitude Zoo,1
91,Himalaya Darshan,1
91,Woodland water fall nainital,1
92,Corbett Falls,1
92,Corbett Wildlife Sanctuary Uttarakhand,1
92,Prachin Valmiki Luv Kush Sitabani Ashram Ramnagar,1
92,Sitavani Temple,1
92,Sonanadi Wildlife Sanctuary,1
93,Chaurasi kutiya Beatles Ashram,1
93,Madhuban Ashram,1
93,"Maharishi Mahesh Yogi's Ashram ""Shankaracharya Nagar"" (Rishikesh)",1
93,Parmarth Niketan Ashram,1
93,The Divine Life Society (Sivananda Ashram),1
94,Bhyundar Valley,1
94,Chitrakantha Peak,1
94,Gorson Bugyal,1
94,Hike the Himalayas,1
94,बंडी धुरा,1
95,Birthi Waterfall,1
95,Harkot Waterfall,1
95,Munsyari Hill Top View Point,1
95,Thamri Kund Hike Trail,1
95,Tribal Heritage Museum,1
96,"Bhatta falls, Mussoorie, Uttrakhand",1
96,Camel Rock View,1
96,Lal Tibba View Point,1
96,Mossy Falls,1
96,The View Point,1
97,HIMALAYAN View Point,1
97,Naini Lake,1
97,Nainital Zoo Complex,1
97,Nainital view point,1
97,Snow View,1
98,0,1
98,Junu Waterfall,1
98,Mossy Falls,1
98,Mussoorie Waterfall,1
98,Ropeway To Bhattafall- Fun places/ Places to visit / Best adventure park in mussoorie,1
99,Barati Rau Waterfall,1
99,"Freaky Waterfall, Ghatgarh",1
99,Hidden Waterfall,1
99,Jim corbet water fall,1
99,Woodland water fall nainital,1
100,Devi Dhar Temple,1
100,MA NANDA DEVI DHAM DOR,1
100,"Nanda Devi Mandir, Chulkotdhar Range, Munsyari",1
100,"Nanda Devi Mandir, Dana Dhar",1
100,Nanda Devi mandir,1
101,Botanical gardens Domes Nainital,1
101,Hawa Cave,1
101,Himalayan Botanical Garden,1
101,Snow View,1
101,Woodland water fall nainital,1
102,Chauli Ki Jali to mukteshvar mahadev temple jungle walk,1
102,Mukteshwar Kumaon Hills,1
102,Mukteshwar Mahadev Temple,1
102,Mukteshwar MahadevTemple,1
102,Mukteshwar mandir,1
103,Aviary - Bird Park.,1
103,Deer park malsi,1
103,Dehradun Zoo Aquarium,1
103,MDDA Park,1
103,Malsi Deer Park,1
104,Junu Waterfall,1
104,Maldevta Picnic Point,1
104,Maldevta Picnic Spot,1
104,Mussoorie Waterfall,1
104,Shikhar Fall,1
105,Dalmoti forest range,1
105,HARIPURA DAM UNTAMED.REX,1
105,Jhula Devi Temple,1
105,"Jhula Devi temple, Chaubatia",1
105,Ranijheel,1
106,Parmarth Niketan - Ganga Ghat,1
106,Rishikesh Ganga Arti,1
106,Shatrughana Temple Ghat,1
106,"Trayambakeshwar, Om Shiv Pooja bhandar",1
106,Triveni ghat,1
107,Himalaya view place,1
107,Mountain View Point,1
107,Mukteshwar Dham Temple,1
107,Mukteshwar MahadevTemple,1
107,Mukteshwar view point,1
108,Surya Water Fall Chakrata,1
108,Thata Top,1
108,Tiger Fall Aquatic Camps & Restaurant,1
108,Tiger Fall Trek Camp Chakrata,1
108,Tiger Fall Valley View - Chkarata,1
109,Assan Barrage Bird Sanctuary,1
109,Benog hill bird sanctuary trekking and day hike - / trekking and hiking in mussoorie,1
109,Dehradun Zoo,1
109,"Jabarkhet Nature Reserve, Mussorie",1
109,Jawahar Aquarium,1
110,0,1
110,Bekaltal,1
110,BrahmaTal,1
110,Trekkers-X,1
110,ब्रह्मताल,1
111,Bekaltal,1
111,Brahma Temple near Brahmtal,1
111,BrahmaTal Trek,1
111,Brahmataal Summit Point,1
111,Bramhatal Top,1
112,"Bhatta falls, Mussoorie, Uttrakhand",1
112,Kimadi Waterfall,1
112,Mussoorie Waterfall,1
112,Ropeway To Bhattafall- Fun places/ Places to visit / Best adventure park in mussoorie,1
112,Shikhar Fall,1
113,HIMALAYAN View Point,1
113,Lake View Point,1
113,"Lake View Point, Nainitaal",1
113,Nainital view point,1
113,Snow Valley Nainital,1
114,"Ganga River, Rishikesh",1
114,Lakshman Jhula,1
114,Lakshman Temple,1
114,Rishikesh Trip.,1
114,Rishikesh View Point,1
115,Corbett Falls,1
115,Dhokaney Waterfall,1
115,"Freaky Waterfall, Ghatgarh",1
115,Hidden Waterfall,1
115,Sattal Water Fall,1
116,Nanda Devi Adventures,1
116,Nanda Devi National Park Interpretive Trek,1
116,Nanda Devi Wildlife Sanctuary,1
116,Nandi kund,1
116,Valley of Flowers National Park,1
117,Adventure Activities in Rishikesh,1
117,Jeep Safari in Rajaji National Park,1
117,RAJAJI JUNGLE SAFARI,1
117,Rajaji Tiger Reserve Booking Office-Chilla By Rajaji Wild Trail.,1
117,Rajaji tiger reserve jeep safari,1
118,0,1
118,Bhyundar Valley,1
118,Nanda Devi National Park,1
118,Velley of Flowers National Park,1
118,Velley of flowers National Park,1
119,Cave Garden,1
119,Corbett Falls,1
119,Gabbar Bridge,1
119,Gabbar Point,1
119,Khurpatal Lake View Point,1
120,Hanuman Ka Tibba,1
120,Lahesh Cave,1
120,Thatharna Trek,1
120,Trek to Thatharana,1
120,Triund Trek,1
121,Gul Sunset Point,1
121,Gulaba snow point,1
121,Manali Snow Point,1
121,Old Manali snow point,1
121,Snow Point,1
122,Bhalei Mata Temple,1
122,Laxmi Narayana Temple,1
122,Naun of Sui Mata Temple,1
122,Shri Chamunda Devi Mandir Chamba,1
122,Shri Hari Rai Temple,1
123,0,1
123,Banghodu waterfall - Bheem Pather Waterfall - Gunaid village -,1
123,Bangoru Hidden Waterfall,1
123,Bangoru Waterfall,1
123,Bangoru valley,1
124,(R) Majholi Apple Orchard,1
124,Basa Shai,1
124,Jai Maa Bhagwati Orchards,1
124,Jai chickreshwar maharaj,1
124,Nagarkoti Mata Temple Janog ( Theog),1
125,0,2
125,SISSU SNOW POINT,1
125,Sissu Manali Road,1
125,Sissu view point,1
126,Kali Tibba Temple,1
126,"Mohan Shakti Temple, Solan",1
126,Shiv Mandir,1
126,Shiva Temple,1
126,Sidh Baba Ka Mandir,1
127,KASAULI (queen of hills),1
127,Kasauli...,1
127,Kasaulihills,1
127,Kasuali to Kalka Track (Khuswant Singh track),1
127,Upper Mall,1
128,Dharamshala Guide,1
128,Dhauladhar view,1
128,Paragliding in dharamshala,1
128,Tour guide,1
128,Tours by native,1
129,Haripur Fort,1
129,"Hawa Ghar, Talwara",1
129,Mysterious Caves,1
129,PUAN-THE HERITAGE VILLAGE,1
129,Well,1
130,Hadimba Devi Temple,1
130,Mall Road Market Manali,1
130,Manali,1
130,Manali Mall Market,1
130,Mini Switzerland Manali,1
131,Baba Bhalku Rail Museum,1
131,Bantony Castle,1
131,Hawa Ghar,1
131,Victory Tunnel,1
131,View Point,1
132,Narsingh Temple,1
132,Shri Chamunda Devi Mandir Chamba,1
132,Shri Hari Rai Temple,1
132,"Sui Mata Mandir, सुई माता मंदिर",1
132,champawati temple,1
133,Bada village,1
133,Ruliya da shapdu,1
133,Saheed Samarak,1
133,"The Dhar Village , Shimla , Himachal Pradesh",1
133,Village Shawog,1
134,I Love Spiti,1
134,Kaza Gompa,1
134,Kaza Monastery,1
134,Sakya Tangyud Monastery,1
134,Spiti Valley,1
135,0,1
135,Dharamshala Cricket Stadium,1
135,Dhauladhar view,1
135,State War Memorial,1
135,View point dhauladhar range,1
136,0,1
136,Jibhi Waterfall,1
136,Mini Waterfall,1
136,Pahadian waterfalls,1
136,Shilvi Natural Waterfall,1
137,0,1
137,Anjani Mahadev Shivlinga,1
137,Rama Temple,1
137,Shiv Temple,1
137,Whiteland holidays,1
138,Hawa Ghar,1
138,Himalayan Bird Park,1
138,Horse Yak Ride spot,1
138,Shimla Tourist,1
138,View Point,1
139,0,1
139,"Christ Church, Kasauli",1
139,"Ridge, Shimla",1
139,Shimla Tourist,1
139,St. Michael's Catholic Cathedral,1
140,Lakshmi Narayan Temple Kumsu,1
140,NATLI NAG Temple,1
140,Road To Sri Suryanarayan Temple,1
140,Suryavanshi Temple,1
140,Thakurdwara Sri Lakshmi Narayan Mandir,1
141,Bangotu view point,1
141,Dharamshala Stadium View,1
141,Paragliding in dharamshala,1
141,"Tea Gardens Dharamshala Narghota, Best picnic spot near Dharamshala",1
141,View point dhauladhar range,1
142,0,1
142,B.O Ribba,1
142,Bisht Niwas,1
142,Kurpo kanda marg,1
142,WaterFall,1
143,Friends Adventure Narkanda,1
143,Narkanda - Kumarsain Road,1
143,Narkanda - The City Of Nature,1
143,Snow point,1
143,TanniJubbar Lake,1
144,Himalayan Adventure Park,1
144,Jagatsukh Valley,1
144,Manali Nature Park,1
144,Nature Park,1
144,Van Vihar National Park,1
145,0,1
145,Beas River,1
145,Beas valley view,1
145,New Beas Bridge - Manali,1
145,Pearl Valley,1
146,"Barapattar hill,bakrota hill view",1
146,Dalhousie,1
146,Dalhousie Cantonment Forest,1
146,Subhash Chowk,1
146,Tibetans Market,1
147,Chail Sanctuary,1
147,Gurudwara Sahib Chail,1
147,Kali Tibba Temple,1
147,Sidh Baba Mandir,1
147,Stoned Kumbh Shiv Temple,1
148,Awaahdevi,1
148,"Kul Devi Mandir, Khansan, Himachal Pradesh",1
148,Mata Vaishno Devi Temple,1
148,Santoshi mata temple,1
148,Tauni Devi Temple,1
149,Mahakal Shiv Temple,1
149,Narvadeshwar Temple,1
149,Shiv Temple Kangra (Chakr Kund),1
149,"Shree Maha kaleshwar prachin mandir,",1
149,Shri RadheKrishna Mandir,1
150,Chini Bangla Bus Stop,1
150,INDIRA TOURIST PARK,1
150,Kufri Adventures,1
150,Kufri Fun World,1
150,Kufri Zoo,1
151,Ancient Chortens,1
151,Nako Gompa,1
151,Nako Lake,1
151,Nako Monastery Parking,1
151,Nako Village,1
152,Khajji Nag Temple,1
152,Khajjiar Adventure Activities,1
152,Khajjiar Lake खजियार झील,1
152,Khajjiar Valley,1
152,Khajjiar paragliding(Mini Switzerland of india),1
153,Bhandal to Chamba Drive,1
153,Drabbu Valley,1
153,Dunwad दुनवाड़,1
153,Kihar Valley,1
153,Sharola Nala,1
154,Army Heritage Museum,1
154,Bantony Castle,1
154,Hawa Ghar,1
154,Himachal State Museum,1
154,Victory Tunnel,1
155,0,1
155,Giri ganga temple road,1
155,Giriganga Temple,1
155,Kharapathar Shiv Ling,1
155,Kupper Giri Ganga Temple trek,1
156,Bantony Castle,1
156,Daulat Singh Park,1
156,Himalayan Bird Park,1
156,Rani Park,1
156,View Point,1
157,Himalayan Nature Park Kufri,1
157,Kufri Adventure Park,1
157,Kufri Adventures,1
157,Kufri Fun World,1
157,Veterinary Hospital HNP Kufri Zoo,1
158,"Maa Shoolini Temple, Solan",1
158,"Mohan Shakti Temple, Solan",1
158,"Near Jatoli Temple , Village Molo Kalan",1
158,Shiv Mandir Solan,1
158,Shiva Temple,1
159,Kamna Devi Temple,1
159,Mata Hateshwari Temple,1
159,Sankat Mochan Hanuman Temple,1
159,Shiv Mandir Shimla,1
159,Tara Devi Temple,1
160,Bandla Hill Top,1
160,Camping Area,1
160,Gandhigram Open Area,1
160,Himri Mountains Tour & Travel,1
160,"Shimla, Himachal Pradesh",1
161,Bharech,1
161,Green Valley,1
161,Hawa Ghar,1
161,Himachali Ranjha available,1
161,Rana bharech,1
162,Chicham Bridge,1
162,Chicham Valley View Point,1
162,"Chicham Village, Spiti Valley",1
162,"Key Gompa - Chicham Bridge Road, Himachal Pradesh",1
162,"Spiti Valley Bridge, Kaza",1
163,0,1
163,Banasar Fort,1
163,Bantony Castle,1
163,Flag House Resort,1
163,Old Junga Palace,1
164,Enroute Atal Tunnel View Point,1
164,Kothi Valley view point,1
164,View point marhi,1
164,View point picture point,1
164,View point snow mountain,1
165,Gootru Temple,1
165,Lutru Mahadev Cave Lord Shiva's Home,1
165,Luutru Temple,1
165,Shiv Temple,1
165,Shiva Temple,1
166,DEV KAMRUNAG PARK,1
166,Dev Kamrunag Temple,1
166,Jai Ho Dev Kamrunag,1
166,Kamrunag Temple,1
166,Khunda Dev Kamrunaag,1
167,Chalal Trek,1
167,Chalal trail,1
167,Nature Park Kasol,1
167,Parvati Valley,1
167,Trekking in Kasol,1
168,Deohari-Sainj Valley,1
168,SAINJ KULLU HP INDIA,1
168,Sainj valley Homestay,1
168,Sainj valley trek,1
168,Sainj velly,1
169,Kais wildlife sanctuary,1
169,Kanawar wildlife sanctuary,1
169,Khokhan wild life sanctuary,1
169,Manali wildlife sanctuary,1
169,Wildlife Office Shamshi,1
170,DHUNGRI VAN VIHAR ( Forest Park ),1
170,Hadimba Devi Temple,1
170,Manali Nature Park,1
170,Manali Sanctuary,1
170,Van Vihar National Park,1
171,JamtaView,1
171,Nahan city view point,1
171,Pakka Tank,1
171,The Sirmour Retreat,1
171,grand view resort,1
172,Ancient Tangyud Monastery,1
172,Kaza Gompa,1
172,Kaza Monastery,1
172,Kee Gompa (Kee Monastery),1
172,Langza Buddha Statue,1
173,Beeji's Park,1
173,Dainkund Peak,1
173,Hotel Rock Garden,1
173,Hotel Rock Villa Dalhousie,1
173,Mountain Dream House Rock Garden Devi Dehra,1
174,Guru bashisht temple,1
174,Manali View Point,1
174,Vashisht trek Manali,1
174,Vashishtha Temple,1
174,ജിന്നിന്റെ കോട്ട,1
175,Skiing Point Narkanda,1
175,Snow point,1
175,Tanijubbar Heights,1
175,"Wilderness, Tanijubbar Lake",1
175,प्रकृति हमारी धरोहर,1
176,"Gauri Shankar Temple, Dashal",1
176,Jagat patti Temple,1
176,Murlidhar Krishna Mandir,1
176,Sheetla Mata Temple,1
176,Tripura Sundri Mandir,1
177,Jwalamukhi view,1
177,Kapahari,1
177,Kayol Hill Mountain,1
177,Lakhin Patthar,1
177,Lava rocks area Himachal,1
178,Hatkoti Mata Temple,1
178,Hatu Mata Temple Hatu,1
178,Hatu Temple,1
178,Mata Hatu Temple,1
178,Narkanda Temple,1
179,Dalai Lama temple / Office of H.H. the Dalai Lama,1
179,Kalachakra Tibetan Temple,1
179,Namgyal Monastery,1
179,Namgyalma Stupa and Prayer Wheels,1
179,Tsuglagkhang Complex Dalai Lama Temple,1
180,Dalai Lama temple / Office of H.H. the Dalai Lama,1
180,Kalachakra temple,1
180,Kangra Art Museum,1
180,Namgyal Monastery,1
180,Tibet World,1
181,Ganji Pahari trekking camping Dalhousie,1
181,Nehru Park,1
181,Park,1
181,"Rock Garden, Devi Dehra",1
181,Subhash Chowk,1
182,Chindi Mata Mandir,1
182,Shikari Devi Fair,1
182,Shikari Devi Sanctuary,1
182,Shikari Mata Temple,1
182,Shikari Mata Temple Guest Office,1
183,Bhakra Dam and Gobind Sagar View Point 4 District Hamirpur,1
183,Bhakra Dam and Gobind Sagar View Point 5 District Hamirpur,1
183,Bhakra Dam and Gobind Sagar View point 3 District Hamirpur,1
183,Gobind Sagar Lake view,1
183,Gobind Sagar View Point 2 District Hamirpur,1
184,Ghatotkach Mandir,1
184,Hadimba Devi Temple,1
184,Manali gadh temple,1
184,Shiv Temple,1
184,Whiteland holidays,1
185,Hawa Ghar,1
185,Jakhoo Temple Ropeway Station,1
185,Shimla Gondola Cable Car,1
185,Shri Hanuman Mandir Jakhoo,1
185,"Temple end Ropeway, Jakhu",1
186,Army Heritage Museum,1
186,Himachal State Museum,1
186,Indian Institute of Advanced Study,1
186,Rivoli Tunnel,1
186,Shimla Water Catchment Wildlife Sanctuary,1
187,0,1
187,Chhatru Sissu Road,1
187,Jagatsukh Village,1
187,Samudri Tapu Glaciers,1
187,Sethan,1
188,Hotel Hill Top,1
188,Jot Bankot,1
188,Jot Hill Top View Point,1
188,Nature Park Jot,1
188,View point,1
189,Him Rock Apple Garden,1
189,Kufri Adventures,1
189,Kufri Fun World,1
189,Kufri Zoo,1
189,Snow Point,1
190,Haripur Fort,1
190,Jawali Fort,1
190,Kangra Fort,1
190,Kotla Park,1
190,Lodhar Garh Fort,1
191,"Maa Shoolini Temple, Solan",1
191,Mohan Park,1
191,Mohan Shakti Heritage Park,1
191,Mohan Shakti National Heritage Park,1
191,Shiva Temple,1
192,Bhagwan Jagannath Temple,1
192,Katasan Devi Temple,1
192,Miyan Mandir,1
192,Pakka Tank,1
192,Ranital temple,1
193,Jai Maa Tara Devi Mandir,1
193,Mata Hateshwari Temple,1
193,Sankat Mochan Hanuman Temple,1
193,Tara Devi Temple,1
193,Vaishno Devi Temple,1
194,0,1
194,"Manki Point, Sanjeevni Hanuman Temple, Kasauli",1
194,SUN RISE SNACKS TEA MAGGI POINT,1
194,Sunset Point,2
195,Kibber,1
195,"Kibber Village, Lahaul",1
195,Kibber Wildlife Sanctuary,1
195,Kibber village,1
195,Spiti Valley,1
196,Ghared waterfall,1
196,Panchpula waterfall,1
196,Rahala Waterfalls,1
196,Shared waterfall,1
196,Waterfall,1
197,Baror Parsha Waterfall,1
197,Jogini Falls,1
197,Parsha waterfall,1
197,Rahala Waterfalls,1
197,Water Falls Gulaba,1
198,Chail Sanctuary,1
198,Churdhar Mahadev Temple,1
198,Churdhar Peak,1
198,Churdhar Trek,1
198,Shirgul Maharaj Temple ChurDhar,1
199,Bhimakali Temple,1
199,Ma Bhimakali Trust Guest House,1
199,Park,1
199,Sarahan,1
199,Shiv Temple,1
200,0,1
200,Panthghati view point,1
200,Shimla Tourist,1
200,Tara Devi Temple,1
200,View Gallery Shimla,1
201,0,1
201,Bhagsu Naag Temple,1
201,Gupteshwar Mahadev,1
201,Kalachakra temple,1
201,Shiva Temple,1
202,Solang Valley,1
202,Solang Valley Adventure Hub,1
202,Solang Valley Resorts,1
202,Solang Valley Ropeway Top,1
202,Solang Valley Sports Center,1
203,Dal lake Mcleodganj,1
203,Kalachakra temple,1
203,Laka Glacier,1
203,Mcloedganj Skyway Ropeway,1
203,🏡,1
204,Churdhar Mahadev Temple,1
204,Churdhar Peak,1
204,Churdhar Wildlife Sanctuary,1
204,Nohradhar Adventure Camps By Churdhar Tourism,1
204,Shirgul Maharaj Temple ChurDhar,1
205,Chous waterfall,1
205,Jogini Falls,1
205,Parsha waterfall,1
205,Rahala Waterfalls,1
205,Sajla Waterfall,1
206,Chail Sanctuary,1
206,Forest Area,1
206,Himalayan Bird Park,1
206,Himalayan Nature Park Kufri,1
206,Shimla Water Catchment Wildlife Sanctuary,1
207,Chhoie Waterfall,1
207,Khudi Jal Temple,1
207,Shringa Rishi Temple,1
207,Sringarishi Temple,1
207,Vishnu Temple,1
208,0,1
208,Parashar Rishi Temple,1
208,Prashar Lake Camping And Trekking,1
208,Prashar The Lake Camp Sight,1
208,Prashar lake Kishna camp,1
209,0,1
209,Lahesh Waterfall,1
209,Laka Glacier,1
209,Shephard's Cave,1
209,Thatharana Trek,1
210,Ancient Chortens,1
210,Nako - Buddhist Temple,1
210,Nako Monastery Parking,1
210,Nako Village,1
210,Sacred lake,1
211,0,1
211,Electric Valley,1
211,Shiv Mandir,1
211,bijli mahadev,1
211,थर्कू मंदिर,1
212,0,1
212,Dalhousie Cantonment Forest,1
212,Forest Rest House,1
212,Kalatop Adventure Activities,1
212,Kalatop Wildlife Sanctuary,1
213,Army Heritage Museum,1
213,Baba Bhalku Rail Museum,1
213,Himachal State Museum,1
213,Shimla Tourist,1
213,State musium,1
214,Chamba view point,1
214,Mai Ka Baag,1
214,Museum Park,1
214,Pankaj,1
214,Shri Hari Rai Temple,1
215,Dalai Lama temple / Office of H.H. the Dalai Lama,1
215,Dip Tse Chok Ling,1
215,Kalachakra Tibetan Temple,1
215,Namgyal Monastery,1
215,Tsuglagkhang Complex Dalai Lama Temple,1
216,Chadwick Falls,1
216,Chail Sanctuary,1
216,Hawa Ghar,1
216,Himalayan Bird Park,1
216,Shimla Reserve Forest Sanctuary,1
217,"Neugal Khad Bridge, Palampur",1
217,Palampur,1
217,Saurabh Van Vihar Bridge,1
217,Saurabh Van vihar parking,1
217,Subhash Park,1
218,Chail Sanctuary,1
218,Kali Tibba Resort Chail,1
218,Mahakali Mandir,1
218,Sidh Baba Ka Mandir,1
218,Stoned Kumbh Shiv Temple,1
219,Army Heritage Museum,1
219,Gorton Castle,1
219,"Kali Bari Temple, Shimla",1
219,Rani Jhansi Park,1
219,Rothney Castle,1
220,Ancient Tangyud Monastery,1
220,"Demul - Komic Road, Himachal Pradesh",1
220,Komic Monastery,1
220,"WingZ Photo Spot, Komic Village, Himachal Pradesh",1
220,Worlds highest restaurant,1
221,"BHAKRA DAM , Bachretoo Fort and Gobind Sagar view point 8 Kotdhar Region",1
221,Baba Bharthari Mandir Bhakra Dam,1
221,Boat Station Bhakra,1
221,Nangal Dam,1
221,"View Point, Bhakra Dam",1
222,Jagdamba Temple,1
222,Khajjiar Adventure Activities,1
222,Khajjiar Lake खजियार झील,1
222,Khajjiar Mini Switzerland,1
222,"Lord Shiva Statue, Khajjiar",1
223,Assan Barrage Bird Sanctuary,1
223,Kalesar Wild Life Sanctuary,1
223,Sara Kaila,1
223,Sher Jung National Park (Simbalbara),1
223,Wildlife Park,1
224,Bachhretu Fort,1
224,Kangra Fort,1
224,Solahsingi Temple,1
224,The Sujanpur Tira fort,1
224,The way of Sola singi fort,1
225,Aadi Himani Chamunda Devi temple,1
225,Chamunda Devi,1
225,Chamunda Devi Temple,1
225,Chamunda tenple,1
225,Mata Jawala Ji Temple Shaktipeeth,1
226,Adventure Resorts,1
226,Kufri Adventure Park,1
226,Kufri Adventures,1
226,Kufri Zoo,1
226,Nagsons Amusement Park Hip Hip Hurray,1
227,0,1
227,Barshangharh Waterfall,1
227,Chehni Kothi,1
227,Chhoie Waterfall Tirthan Valley,1
227,Jibhi Waterfall,1
228,BOATING CHAMERA LAKE DALHOUSIE,1
228,"Boating point, chameera lake, taleru",1
228,Chamera Dam &. Reservior,1
228,Chamera Lake view point,1
228,Dalhousie Boating Point,1
229,Basolda rd,1
229,Bhali Lake,1
229,Ghera Village,1
229,"Khabru Waterfall, Boh",1
229,kabroo lake voh darini,1
230,KASAULI (queen of hills),1
230,"Manki Point, Sanjeevni Hanuman Temple, Kasauli",1
230,SUN RISE SNACKS TEA MAGGI POINT,1
230,Sunset Point,1
230,Sunset view point on Gilbert trail,1
231,Hawa Ghar,1
231,Himachal State Museum,1
231,Himalayan Bird Park,1
231,"Ridge, Shimla",1
231,View Point,1
232,0,1
232,Hanuman Mandir Shimla,1
232,Jakhu Ropeway Shimla,1
232,Mata Hateshwari Temple,1
232,Sankat Mochan Hanuman Temple,1
233,0,2
233,Himalayan magic camping Malana,1
233,Malana Magic Valley Trek (magic malana),1
233,"Negi's Waichin Camps, Magic Valley Malana",1
234,Dugoh Village Waterfall,1
234,Ganji Pahari trekking camping Dalhousie,1
234,Hadsar Waterfall,1
234,The hideout cafe Dalhousie,1
234,Waterfall,1
235,Castel Naggar Manali,1
235,"Naggar Castle & Hotel Naggar Castle, Himachal Pradesh",1
235,Naggar Castle Cozy Deluxe Room,1
235,Naggar village,1
235,Sunny,1
236,Barara village,1
236,NAWAR,1
236,PABBAR RIVER,1
236,Pabbar river,1
236,Pandar village,1
237,0,1
237,"Archaeological Site Museum, Kangra Fort || पुरातत्व संग्रहालय, काँगड़ा दुर्ग",1
237,Kangra Bridge,1
237,Kotla Fort,1
237,Solasingi Fort,1
238,Ghatotkach Tree Temple,1
238,Hadimba Himachal Park,1
238,Shiv Temple,1
238,Vashishtha Temple,1
238,Whiteland holidays,1
239,Fustirang Bhaba Valley,1
239,Khirganga National Park,1
239,Pin Valley National Park Gate,1
239,Pin valley view,1
239,Spiti Valley,1
240,Bijakasha waterfall,1
240,Chitradhara Waterfall Tandapal,1
240,Tirathgarh Waterfall,1
240,Tirtha,1
240,nature trail chitrakot,1
241,Chitradhara Waterfall Tandapal,1
241,Chitrakote Waterfalls,1
241,Shivganga waterfall,1
241,Tamdaghumar Waterfall Jagdalpur,1
241,Teerathgarh Waterfalls,1
242,Old Shiv Mandir Near Tandula Dam,1
242,Tandula Lake View Point Borid,1
242,Tandula River Bridge,1
242,Tandula dam,1
242,Tandula lack,1
243,0,1
243,Kuleshwar Mahadev,1
243,Laxman Jhula Rajim,1
243,Shri LaxmiNarayan Mandir,1
243,Triveni Sangam rajim,1
244,Baudh Vihar,1
244,Bhilai tour and travels,1
244,Jagannath Temple,1
244,Jubilee Park,1
244,"Maitri Bagh Zoo, bhilai, Chattisgarh",1
245,Chingra Pagar Waterfall,1
245,Ghatarani Waterfall,1
245,Jamahi Reservoir,1
245,Jharjhara Mata Waterfall,1
245,Shidheshwari Mandir Gufa,1
246,Crocodile Park,1
246,Crocodile park second gate,1
246,Karranala Reservoir & Wetland,1
246,Kotmi Sonar Park,1
246,सौर ऊर्जा पार्क कोटमी सुनार,1
247,CCI Khadan,1
247,Malhar Dam (Lilagar River),1
247,Saga Hills,1
247,कर्रानाला बाँध,1
247,लीलागार नदी डैम देवगांव,1
248,0,1
248,Deur Mandir,1
248,Maa Didneshwari devi temple Malhar,1
248,Malhar Fort,1
248,Malhar Main Temple,1
249,Amlidih Marine Drive,1
249,Marine Drive Choupati,1
249,Marine Drive Square,1
249,Marine drive,1
249,marine drive,1
250,Gavanga waterfall,1
250,Ghaghi Tikra,1
250,RAM talab,1
250,Rani mada gufa,1
250,Sitabengra & Jogimara Caves,1
251,Chilphi Ghati,1
251,Chilpi Range,1
251,Government Rest House Chilfi,1
251,Pidhaghat Watch Tower,1
251,Sarodha Dadar Watch Tower,1
252,Chitwa Gundra,1
252,Manjingarh Hill,1
252,Selfie Point of Markatola Valley,1
252,गौठान Salhebhat,1
252,महानदी पुल (ब्रिज) चारामा।,1
253,Laxman Jhula Rajim,1
253,Rajiv Lochan Temple,1
253,Shiv Mandir,1
253,Shri Pateshwar Mahadev Mandir,1
253,Triveni Sangam rajim,1
254,Mahanadi Bridge,1
254,Mahanadi Old Bridge,1
254,Mahanadi River Bridge,1
254,The longest bridge in Chhattisgarh.,1
254,सरिया महानदी पुल,1
255,Ancient Fort,1
255,Kankan kua,1
255,Killa ground,1
255,Malhar Fort,1
255,Ratanpur Fort,1
256,Hatkeshwar Mahadev Raipur,1
256,Maa Banjari Mandir,2
256,Ram Temple,1
256,Shree Banjari Mata Mandir,1
257,0,1
257,Shri Shiv Mandir,1
257,Somanath Temple (Shiv Temple),1
257,Somnath Temple Boating point (Shivnath-kharun Sangam),1
257,Somnath Temple Dham Kiritpur,1
258,Devsagar Pond,1
258,Guru Ghasidas Mandir Diggi,1
258,Jogi deep Mandir,1
258,Madku Dweep (MANDUKYA SAGE),1
258,R.k P.,1
259,Barambaba Mandir,1
259,Bhimba Talab,1
259,Mahamaya Maa Temple,1
259,Vishnu Bhagwan Temple,1
259,भीमा चौपाटी,1
260,Bandhwa Para Talab,1
260,Dabri,1
260,Dipu Para Lake,1
260,River View,1
260,Wonder World,1
261,0,1
261,Eco camp Kodar,1
261,Mudhena dam mahasamund,1
261,Samoda Dam,1
261,"Van Chetna Kendra, Kodar",1
262,"Aama, Talab, Devpuri, Raipur",1
262,Gyan talab,1
262,Sendh Lake,1
262,Teli Talab Chowk Nimora,1
262,पुष्पराज प्रजापति,1
263,0,1
263,Jungle Safari,1
263,Jungle Safari Lake,1
263,Jungle safari,1
263,Nandan Van Zoo,1
264,Khutaghat Dam,1
264,"Khutaghat Dam Ratanpur, Bilaspur",1
264,Khutaghat Hill top view,1
264,Shiv mandir khuta ghat,1
264,शिव मंदिर,1
265,Jaistambh chok,1
265,Kothikharra,1
265,Piknic Point Hasde V Nadi Kothi Kharra,1
265,दुमुहानी पिकनिक स्पॉट,1
265,‌कोसगाई दाई मंदिर,1
266,"A.R.T. Wall, New Raipur",1
266,Energy Park(Urja park),1
266,Mahant Ghasidas Memorial Museum,1
266,Purkhouti Muktangan,1
266,Swami Vivekanand Sarovar (Budha Talab),1
267,0,1
267,Jhojha waterfall,1
267,Jhora Ghat,1
267,Khetar Picnic Spot,1
267,Picnic spot mahora,1
268,Bagaikonha Waterfall,1
268,Jharjhara Nala Waterfall,1
268,Khadkhadia Naala Waterfall,1
268,Pingal Waterfall,1
268,खरखरा डैम,1
269,Gauthan ghuteli,1
269,Ghanesh Garden,1
269,नागखोला जलाशय सेमरिया,1
269,लोकनाथ साव बजरंग अखाड़ा,1
269,हमर गांव हमर गौठान.ग्राम कुंआ,1
270,Garden,1
270,"Ghadi chowk kanker, chhattisgarh घड़ी चौक कांकेर, छत्तीसगढ़",1
270,Marine Drive Kanker,1
270,National Flag - Deewan Talab Kanker,1
270,छुरी पगार गुफा,1
271,Energy Park(Urja park),1
271,Fundhar Talab ( #Fundhar ),1
271,Gandhi Udyan Park,1
271,"Gandhi Udyan, Raipur",1
271,Swami Vivekanand Sarovar (Budha Talab),1
272,Aura pani jalashaya,1
272,Aurapani waterfall,1
272,काँशिपानी जल प्रपात औरापानी मझगांव,1
272,झरझरा झरना नागखोला सेमरिया,1
272,सौराबांधा करगी कलां,1
273,0,2
273,Laxman Temple,1
273,Surang Tila,1
273,sirpur temple,1
274,Banjari Mata Mandir,1
274,Hatkeshwar Mahadev Raipur,1
274,National Flag- Telibanda Talab Raipur,1
274,Secret place...,1
274,Telibandha Garden,1
275,Gayatri Mandir,1
275,Jagannath Temple,1
275,Lord Shiv Temple,1
275,Shri Killa Mandir,1
275,Thanod Picnic Spot,1
276,Bewartola Dam,1
276,Kalisarar Dam by Ankit Sahare,1
276,Madiyan dam,1
276,Matekata Anicut Dam,1
276,Sirpur Dam and Spillway,1
277,Anhaar Waterfall,1
277,Gangpur Waterfall,1
277,Gharonda Falls,1
277,Mandaghat waterfall,1
277,Rani Dahra Water Fall,1
278,Banjari Mata Mandir,1
278,Best place,1
278,Hatkeshwar Mahadev Raipur,1
278,Ram Mandir,1
278,Shree Ram Mandir,1
279,Gangrel Dam,1
279,Ganrel dam at dhamtari cg,1
279,Madamsilli dam,1
279,Old Pickup Weir Rudri,1
279,Rudri Garden,1
280,BADAL PANI WATERFALL KAWARDHA,1
280,Badal pani waterfall,1
280,Bhole Waterfall,1
280,Chilphi Ghati,1
280,Rani Dahra Water Fall,1
281,Children Park,1
281,Dashak Prateek Park,1
281,"Jubilee Park,Balco",1
281,Nehru Park,1
281,STOP DAM,1
282,"Fish Point, Mainpat",1
282,Jaljali Mainpat,1
282,Parpatiya Sunset point,1
282,Tiger Point ( Mainpat ),1
282,UltaPani Bisarpani,1
283,Chhind Talab Gariaband,1
283,Chingra Pagar Waterfall,1
283,Devdhara Waterfall,1
283,I Love Gariyaband,1
283,Maroda Reservoir,1
284,Barnavapara private resort,1
284,Barnawapara Forest Range,1
284,Barnawapara Wildlife Sanctuary Resort,1
284,Barnawapara Wildlife Sanctuary safari,1
284,"Paryatak Gram Resort, Barnawapara Wildlife Sanctuary",1
285,Chhattisgarh Masihi Mela,2
285,Madku Dweep,1
285,Madku small island,1
285,Shree Harihar kshetra kedar madku dweep,1
286,Amritdhara Waterfall,1
286,Karmghongha Waterfall,1
286,Korea Palace,1
286,Koriya bloggers waterfall,1
286,Samundai Waterfall,1
287,0,1
287,Honhed waterfall,1
287,Kuyemari Waterfall,1
287,Malajkudum Waterfall,1
287,Raksha hada mini waterfall Antagarh,1
288,Birpara (Palace Road) Sarangarh,1
288,"Samlai Devi Mandir Sarangarh, Hirakhand",1
288,Shankar Bhagawan,1
288,Shastri Garden,1
288,जिला सारंगढ़,1
289,Abs galaxy view point,1
289,Khallari Mata Hill,1
289,Khallari Mata Mandir,1
289,Kodar Dam,1
289,Reservoir View Tower,1
290,0,1
290,Battisa Temple,1
290,Ganesh Temple Barsur,1
290,आठ खम्भा मंदिर,1
290,गन मन तराई,1
291,Dondro Picnic Spot,1
291,Doomardih Picnic Spot,1
291,Dumardih Picnic Spot,1
291,Khetar Picnic Spot,1
291,Parsakhola Picnic Spot,1
292,Budheshwar Mahadev Mandir,1
292,Mahadev Ghat Temple,1
292,Mahadev ghat garden,1
292,Ram Temple,1
292,Shiv Mandir Raipur,1
293,Aurapani waterfall,1
293,Bagbuda waterfall,1
293,CHANDANI WATERFALL,1
293,Jhojha waterfall basti,1
293,Kendai Fall,1
294,Bilaspur kanan pendari park,1
294,Dipu Para Lake,1
294,Rashtra Kavi Mathili Saran Gupt Udhyan,1
294,Vikas chashma,1
294,Wonder World,1
295,Bal Vachnalaya And Udyan,1
295,Energy Park(Urja park),1
295,Gandhi Udyan Park,1
295,New place,1
295,Swami Vivekanand Sarovar (Budha Talab),1
296,Energy Park(Urja park),1
296,Gandhi Udyan Park,1
296,Katora Talab Park,1
296,National Flag- Telibanda Talab Raipur,1
296,Rajiv Gandhi Smriti Van,1
297,BHOTHALI WATERFALL,1
297,Chuna gota waterfall,1
297,Kharkhara Waterfall,1
297,Nathela Waterfall,1
297,Sitepala waterfall,1
298,Gahandar waterfall,1
298,Ghatarani Waterfall,1
298,Jharjhara Mata Waterfall,1
298,Sindurkhol waterfall सिंदूरखोल वॉटरफॉल,1
298,गजपल्ला जलप्रपात gajpalla waterfall,1
299,Damau Dhara Water Fall,1
299,"Deo Dhara Waterfalls, Near Sangurha",1
299,Gudhwa Waterfall,1
299,Jhorjhora waterfall,1
299,Nagarda Waterfall,1
300,Laxman Temple,1
300,Sirpur Stupa,1
300,Surang Temple,1
300,Teevardev buddhist monastery,1
300,sirpur temple,1
301,0,1
301,Sitanadi Forest Office,1
301,Udanti-Sitanadi Tiger Reserve,1
301,राष्ट्रपति राष्ट्रीय उद्यान धमतरी,1
301,शरभंग आश्रम,1
302,Atal Rock Garden,1
302,Bargarh waterfall,1
302,Bottalda Falls,1
302,Damau Dhara Water Fall,1
302,Madosilli Waterfall,1
303,Akuri Nala waterfall,1
303,Ankuri Nala Waterfall,1
303,Durghata waterfalls,1
303,Lafri,1
303,Rsaganda view point,1
304,Devdhara Waterfall,1
304,Gautam Rishi Ashram,1
304,Gautam Rishi Trek Sitanadi Tiger Reserve,1
304,Sitanadi Wildlife Sanctuary,1
304,राष्ट्रपति राष्ट्रीय उद्यान धमतरी,1
305,Bal Vachnalaya And Udyan,1
305,Energy Park(Urja park),1
305,Gandhi Udyan Park,1
305,"Gandhi Udyan, Raipur",1
305,Purkhouti Muktangan,1
306,Deopandum Waterfall,1
306,Ghotiya Waterfall (Patharri),1
306,Kanjeli Waterfall,1
306,Siyadevi Naragaon Hidden Waterfall,1
306,Siyadevi Temple,1
307,Ghumar Waterfall,1
307,Honhed waterfall,1
307,Keshkal Valley,1
307,Malajkudum Waterfall,1
307,Sandy waterfall,1
308,DKNS Memorial Geological Museum,1
308,Gandhi Udyan Park,1
308,"Gandhi Udyan, Raipur",1
308,Mahant Ghasidas Memorial Museum,1
308,Way to Vigyan Kendra,1
309,Damau Dhara Water Fall,1
309,"Deo Dhara Waterfalls, Near Sangurha",1
309,Gudhwa Waterfall,1
309,Jhorjhora waterfall,1
309,Songurha Waterfall sakti C.G.,1
310,Banjari Mata Mandir,1
310,Hatkeshwar Mahadev Raipur,1
310,Mahant Ghasidas Memorial Museum,1
310,Swami Vivekanand Sarovar (Budha Talab),1
310,Yunus Art Gallery,1
311,Aamajhariya waterfall kasdol,1
311,Kosam-Bir waterfall (Mahanadi main canal),1
311,Paasid Reservoir,1
311,Siddhkhol Waterfall,1
311,"धुसकुंड झरना, सिरपुर",1
312,Bhatagaon Bird Watching Point,1
312,Gandhi Udyan Park,1
312,"Nandanvan Jungle Safari, Nava Raipur",1
312,Ticket Counter Nandan Van Zoo,1
312,नंदन वन रायपुर,1
313,Charre Marre Water Fall,1
313,Girgoli waterfall,1
313,Honhed waterfall,1
313,Kuyemari Waterfall,1
313,Sandy waterfall,1
314,Siyadevi Naragaon Hidden Waterfall,1
314,Siyadevi Waterfall,1
314,Siyadevi mandir naragaon,1
314,Siyadevi naragaon balod,1
314,सियादेवी झरना,1
315,BHOTHALI WATERFALL,1
315,Baital Rani Temple,1
315,Dam,1
315,Nahtela mandir ghoghre,1
315,Nathela Waterfall,1
316,Energy Park(Urja park),1
316,"Gandhi Udyan, Raipur",1
316,Mahant Ghasidas Memorial Museum,1
316,Mahaveer Udyan,1
316,Rajiv Gandhi Smriti Van,1
317,Baudh Vihar,1
317,Children's Play ground,1
317,I Love Bhilai,1
317,M j,1
317,Musical Fountain,1
318,Kanger Dhara,1
318,Kanger Valley (Ghati) National Park,1
318,Kanger Valley National Park,1
318,Kanger national park,1
318,Kotumsar Cave,1
319,Bhalu diggi watter Fall,1
319,Botaldhara Waterfall,1
319,Kurund Waterfall (Nagdhara Waterfall),1
319,Ranidhara Gariyaband,1
319,Udanti-Sitanadi Tiger Reserve,1
320,Baghmara Water fall,1
320,Churi Waterfall,1
320,Dangari Waterfall,1
320,Gufa waterfall,1
320,Gullu Waterfall,1
321,Devendra Nagar Sector2 Park,1
321,Gandhi Udyan Park,1
321,"Gandhi Udyan, Raipur",1
321,National Flag- Telibanda Talab Raipur,1
321,Swami Vivekanand Sarovar (Budha Talab),1
322,Kendai Fall,1
322,Nagarda Waterfall,1
322,Nakiya Waterfalls,1
322,Putka-Devpahari Range,1
322,Rani Jharna waterfall,1
323,Badal pani waterfall,1
323,Bhoramdev Temple,1
323,CHHERKI MAHAL,1
323,Mandaghat waterfall,1
323,पैलेस कवर्धा,1
324,Chingra Pagar Waterfall,1
324,Gahandar waterfall,1
324,Jharjhara Mata Waterfall,1
324,Shri Ghatarani Mandir,1
324,गजपल्ला जलप्रपात gajpalla waterfall,1
325,Hasdeo Bango Dam,1
325,Kendai Fall,1
325,Kendai waterfall,1
325,Kesla Picnic Spot Balco,1
325,MM friends Island,1
326,Chhattisgarh Regional Science Centre,1
326,Gandhi Udyan Park,1
326,"Gandhi Udyan, Raipur",1
326,Mahakoshal Art Gallery,1
326,Swami Vivekanand Sarovar (Budha Talab),1
327,Chhindnar indravati Bridge - 1,1
327,Dantewada park,1
327,Indravati Tiger Reserve,1
327,Indravati Tiger Reserves,1
327,Nature of Dnt,1
328,Energy Park(Urja park),1
328,Gandhi Udyan Park,1
328,Mahant Ghasidas Memorial Museum,1
328,New Swami Vivekananda Gardens (New Buddha Garden),1
328,Secret place...,1
329,Gangrel Dam,1
329,Main Gate Tandula Dam Balod,1
329,Rudri Dam,1
329,Shrivastava dam,1
329,Sondhur Dam,1
330,0,1
330,"BHORAMDEV MANDIR CHAURAGRAM, BHORAMDEV,KABIRDHAM,CHHATTISGARH",1
330,Bhoramdeo Garden,1
330,MANDAWA MAHAL,1
330,Temple of shiva,1
331,Dandak Cave,1
331,Kailash Cave,1
331,Mal cave,1
331,Mandarkonta cave,1
331,Tirathgarh Waterfall,1
332,Buddha Vihar Dongargarh,1
332,Dongargarh Sky view,1
332,"Lord Gautam Buddha Statue, Pragya Giri",1
332,Maa Bamleshwari Temple,1
332,Nagsen Buddha Vihar,1
333,Achanakmaar Village,1
333,Achanakmar Amarkantak Biosphere Reserve,1
333,Achanakmar Wildlife Watch Tower,1
333,Achanakmar Wildlife धसधढडदङगव,1
333,Anti Poaching Camp Lamni Achanakmar Tiger Reserve,1
334,Bhavani Mandir,1
334,Bhavani mata temple parking,1
334,"Bhawani Mata Mandir ,Dhara Karela",1
334,View Point BHAWANI MANDIR,1
334,मां भवानी मंदिर,1
335,Energy Park(Urja park),1
335,Fun Sports raipur,1
335,M M fun city - Family pool,1
335,Water World Water Park,1
335,Wonderland Park,1
336,BADAL PANI WATERFALL KAWARDHA,1
336,Chilphi Ghati,1
336,Chilpi Watch tower,1
336,Mandaghat waterfall,1
336,Peeda-Ghat,1
337,Energy Park(Urja park),1
337,Gandhi Udyan Park,1
337,Musical fountain,1
337,Rajiv Gandhi Smriti Van,1
337,Swami Vivekanand Sarovar (Budha Talab),1
338,Bihi Bari Picnic Spot Tundri,1
338,Bridge view,1
338,Dhamni Picnic Spot,1
338,Pakhar Ghat Picnic Spot,1
338,Picnic Spot,1
339,Aamajhariya waterfall kasdol,1
339,Balar Reservoir,1
339,Dhaskund Waterfall,1
339,Kutan Nala waterfall,1
339,Siddhkhol waterfall parking lot,1
340,Gandhi Park,1
340,"Mahatma Gandhi Statue, Gandhi Park",1
340,Marina Park,1
340,Mount Manipur National Park,1
340,Naval Marine Museum Samudrika,1
341,Andaman Excursion Pvt. Ltd.,1
341,Andaman Holidays,1
341,Andaman Ocean Tours and Travels,1
341,Andaman tour package,1
341,Tropical Andaman Tours,1
342,0,1
342,John Richardson Beach,1
342,Krishna Nala Water Falls,1
342,RED OIL PALM PLANATATION,1
342,ROP,1
343,Andaman Bliss Tours and Travels,1
343,Andaman Excursion Pvt. Ltd.,1
343,Andaman Ocean Tours and Travels,1
343,Emerald Tours and Travels,1
343,Eternal Andamans,1
344,ANDAMAN EXPLORE TOURS AND TRAVELS,1
344,EXOTIC ANDAMANS,1
344,Expedition Holidays,1
344,Exploring Andaman,1
344,Island Memories Tour and Travels,1
345,Andamanchekins,1
345,Discover Andaman Holidays Pvt Ltd,1
345,Ferry Booking,1
345,Ferry Booking Andaman | Makruzz | Nautika | Green Ocean - BookMyBoat,1
345,Port Blair Wharf,1
346,0,2
346,Karmatang Beach,1
346,Punchwati Sea Beach,1
346,Turtle Nest,1
347,Karmatang Beach,1
347,"Karmatang Beach, Mayabunder",1
347,Kishori Nagar Beach,1
347,Lamiya Bay Beach,1
347,Rampur Beach,1
348,0,5
349,Andaman Excursion Pvt. Ltd.,1
349,Experience Andamans,1
349,Explore Andaman,1
349,Explore Andaman Islands,1
349,Hotel Andaman,1
350,Ancient Andaman,1
350,Andaman Holiday Packages,1
350,Andaman Sriti Tours & Travels,1
350,Andaman Tourism Guide,1
350,Andaman black sea tours,1
351,Emerald Tours and Travels,1
351,"Holiday Treasure India Pvt. Ltd - Tour Operator & Travel Agency in Port Blair, Andaman Islands",1
351,Maa Tara Tour & Travels Andaman Tour Package,1
351,Paradise Andaman,1
351,Pearl Andaman Tours and Travels,1
352,Andaman Excursion Pvt. Ltd.,1
352,Andaman Ocean Tours and Travels,1
352,Andaman Tourism,1
352,Experience Andamans,1
352,Lets Go Andaman,1
353,0,5
354,Chatham Bridge,1
354,Chatham Jetty,1
354,"Deputy Conservator of Forest, Mill Division",1
354,Forest Museum,1
354,government saw mill,1
355,0,5
356,0,1
356,Andaman Angler,1
356,Andaman GT Fishing Club,1
356,Gamefishing Asia,1
356,Mike's Fishing Adventures,1
357,0,5
358,Delgarno,1
358,Durgapur Beach दुर्गापुर बीच,1
358,Kalera junction Diglipur,1
358,"Khudirampur bridge, DIGLIPUR",1
358,Laxmipur donghi ghat,1
359,ANDAMAN MANJUSHA TRAVELS,1
359,Andaman Island Travels Pvt.Ltd.,1
359,Andaman Ocean Tours and Travels,1
359,SM Tours And Travels,1
359,Sana Tours And Travels,1
360,Andaman Bliss Tours and Travels,1
360,Andaman Ocean Tours and Travels,1
360,Andaman World Travels Pvt. Ltd.,1
360,Emerald Tours and Travels,1
360,Tropical Andaman Tours,1
361,Andaman Holidays,1
361,Andaman Ocean Tours and Travels,1
361,Andaman tour package,1
361,Eternal Andamans,1
361,Pristine Andaman,1
362,Farm Tikery Water Falls,1
362,Krishna Nala Water Falls,1
362,ROP Planatation,1
362,Shinneilz Julie Aphrodi D' Zeus National Park,1
362,White Surf Waterfall,1
363,0,5
364,0,5
365,C.F.O NALLAH,1
365,Dhani Nallah Beach,1
365,Jarawa Reserve Forest,1
365,Turtle Nest,1
365,Yeratta Mangrove Plantation,1
366,Aberdeen Jetty,1
366,B Jetty,1
366,Fisheries Jetty,1
366,Makruzz Ferry,1
366,Port Blair Wharf,1
367,Bandarikona Dam,1
367,Jarawa Reserve Forest,1
367,Jarawa Tribes Huts,1
367,Limestone Cave Baratang,1
367,Walking Path To Elephant Beach,1
368,Astin 2,1
368,CRAB Hut,1
368,Floating jetty,1
368,Karmatang Beach,1
368,Rampur Beach,1
369,0,5
370,0,5
371,0,2
371,"Bharatpur Beach, Neil Island",1
371,Heaven Rider ( Glass Bottom Boat),1
371,"Sunset Point, Lakshmanpur Beach 1",1
372,0,1
372,Elephant Beach Sea Activities,1
372,Middle Strait Jetty,1
372,SWARAJ DWEEP (Havelock) Helipad,1
372,Swaraj Dweep Jetty,1
373,Aquarium,1
373,Cellular Jail,1
373,Kala Pani jail,1
373,Naval Marine Museum Samudrika,1
373,Zonal Anthropological Museum,1
374,Biological Park,1
374,Chidiya Tapu Heliport,1
374,Chidiyatapu Sunset Point,1
374,Mini Zoo,1
374,Nature Park and Interpretation Centre,1
375,0,1
375,Back beach of Kalapathar,1
375,Chattan Beach,1
375,Hawa beach resort,1
375,Hutbay Beach,1
376,Cellular Jail,1
376,Gautama Buddha Statue,1
376,Kala Pani Cellular Jail,1
376,Kala Pani jail,1
376,hanging room,1
377,Japanese cannon,1
377,Kimios Bay,1
377,Samir’s Cove,1
377,Simra Beach,1
377,Tsunami Memorial Beach,1
378,0,2
378,Kakana Beach,1
378,Pasha Beach,1
378,Tee Top Beach,1
379,0,1
379,Chidiya Tapu Heliport,1
379,Chidiyatapu Botanical Park,1
379,Mini Zoo,1
379,Nature Park and Interpretation Centre,1
380,0,5
381,Airport view point,1
381,Carbyn's View Point,1
381,Clip View Point,1
381,Sunrise Point,1
381,View Point for North Bay,1
382,0,5
383,0,5
384,Andaman Bliss Tours and Travels,1
384,Andaman Ocean Tours and Travels,1
384,Eternal Andamans,1
384,Pristine Andaman,1
384,Tropical Andaman Tours,1
385,Andaman Camping,1
385,Green park,1
385,Karmatang Beach,1
385,Punchwati Sea Beach,1
385,SPM Depth Beach,1
386,Back Side Beach,1
386,Collinpur Beach,1
386,Corbyn's Cove Hill Point,1
386,Corbyn’s Cove Beach,1
386,North wandoor,1
387,0,1
387,Aerial Bay Jetty,1
387,Durgapur Beach दुर्गापुर बीच,1
387,Karmatang Beach,1
387,Rampur Beach,1
388,NSCB Beach,1
388,Netaji Subash Chandra Bose(NSCB) island light house,1
388,Netaji Subhash Chandra Bose Island Jetty,1
388,"Netaji Subhash Chandra Bose Island, Port Blair",1
388,Pond,1
389,0,5
390,Flag Point (Tiranga),1
390,Gandhi Park,1
390,"Gandhi Statue, Aberdeen Bazaar",1
390,Tiranga Memorial,1
390,Viper Island,1
391,Back Side Beach,1
391,Bunker beach,1
391,Burmanallah Beach,1
391,Corbyn’s Cove Beach,1
391,Rocky Beach Cliff,1
392,Beach no 2,1
392,Coco Beach Resort,1
392,Nemo Divers India,1
392,Nemo Point,1
392,Scuba Diving Spot,1
393,"Baludera beach, Baratang",1
393,Flag Point (Tiranga),1
393,Jarawa reserve forest,1
393,Limestone Cave Baratang,1
393,Nicholson Island,1
394,0,1
394,Bada patthar,1
394,German Jetty,1
394,Karmatang Beach,1
394,Mangrove Walkway Dhanih Nallah,1
395,Airport view point,1
395,Clip View Point,1
395,North Bay Lighthouse,1
395,View Point for North Bay,1
395,"View point, Ross Island",1
396,Gandhi Park,1
396,Marina Park,1
396,Nature Park and Interpretation Centre,1
396,Parking,1
396,Veer Savarkar Park,1
397,0,1
397,East Bay Beach,1
397,Hawa beach resort,1
397,John Richardson Beach,1
397,White Surf Waterfall,1
398,0,5
399,Clip View Point,1
399,Veer Savarkar International Airport,1
399,View Point for North Bay,1
399,"View point, Ross Island",1
399,Water Tank Viewpoint,1
400,0,1
400,AbhiRohi,1
400,East Bay Beach,1
400,Kalapatthar Beach,1
400,Krishna Nallah Waterfall,1
401,Amber Sunset Point,1
401,Chidiyatapu Sunset Point,1
401,Manjeri Sunset Point,1
401,Sun rise view point,1
401,Sunrise Point,1
402,Andaman dream holidays,1
402,Barracuda Andaman Tour Explorer,1
402,Eternal Andamans,1
402,Port Blair Tour Package,1
402,Port Blair Tour Packages | Andaman Tour Packages,1
403,0,2
403,Discover Andaman Holidays Pvt Ltd,1
403,Hotel Bell Elite,1
403,Port Blair Tour Packages | Andaman Tour Packages,1
404,Aberdeen Memorial,1
404,Cellular Jail,1
404,Gautama Buddha Statue,1
404,Naval Coastal Battery,1
404,Viper Island,1
405,BONY BEACH,1
405,Barmanallah beach,1
405,Bunker beach,1
405,Burmanallah Beach,1
405,Munda Pahad Beach,1
406,0,1
406,Chatham Bridge,1
406,Chatham Wharf,1
406,Forest Museum,1
406,Haddo Jetty,1
407,AV Parasailing,1
407,Andaman Parasailing,1
407,Eternal Andamans,1
407,Lolos Ventures,1
407,Marina Park,1
408,Airport view point,1
408,Chidyatapu Light House,1
408,Munda Pahad Beach,1
408,Sun set point 🌅,1
408,View Point for North Bay,1
409,0,5
410,0,1
410,Akash,1
410,Pasha Beach,1
410,Sawai beach,1
410,Tee Top Beach,1
411,0,5
412,Aquarium,1
412,Naval Marine Museum Samudrika,1
412,Science centre View Point,1
412,ZSI REGIONAL MUSEUM,1
412,Zonal Anthropological Museum,1
413,Andaman Sea Wonders,1
413,Havelock Jetty Durga Temple,1
413,Light House Point,1
413,Scuba Diving Spot,1
413,Walking Path To Elephant Beach,1
414,0,2
414,NSCB Island Jetty,1
414,Netaji Subash Chandra Bose(NSCB) island light house,1
414,Pond,1
415,0,1
415,Floating jetty,1
415,German Jetty,1
415,Karmatang Beach,1
415,"Karmatang Beach, Mayabunder",1
416,Kalipur Beach,1
416,Kinvar island,1
416,Laxmipur donghi ghat,1
416,Maharaja Ranjeet Singh Landfall,1
416,Sneak head shape,1
417,Biological Park,1
417,Chidiya Tapu Heliport,1
417,Chidiyatapu Botanical Park,1
417,Chidyatapu Light House,1
417,Sun set point 🌅,1
418,Chidia tapu,1
418,Chidiyatapu Botanical Park,1
418,Chidiyatapu Sunset Point,1
418,Munda Pahar View Point,1
418,North Bay Lighthouse,1
419,4G Park,1
419,Farm Tikery Water Falls,1
419,Krishna Nala Water Falls,1
419,Krishna Nallah Waterfall,1
419,White Surf Waterfall,1
420,Aberdeen Memorial,1
420,Aquarium,1
420,Gandhi Park,1
420,Mahatma Gandhi Statue,1
420,Tiranga Memorial,1
421,0,5
422,Andaman & nicobar,1
422,Andman Sea,1
422,BONY ISLANDS,1
422,Flag Point (Tiranga),1
422,Pagdandi ocean beach,1
423,Baratang,1
423,Baratang Cave Jetty,1
423,Baratang Islands (Andaman and Nicobar Islands),1
423,East Bay Beach Baratang,1
423,Limestone Cave Baratang,1
424,BONY ISLANDS,1
424,Manjeri Sunset Point,1
424,Sun set point 🌅,1
424,Sunrise Point,1
424,"Sunset Point, Lakshmanpur Beach 1",1
425,Flag Point (Tiranga),1
425,NSCB Island Light House,1
425,North Bay underwater activity,1
425,View Point for North Bay,1
425,View Point of North bay and Light house,1
426,Carbyne beach,1
426,Corbyn Cove Sea Wall,1
426,Corbyn's Cove Hill Point,1
426,Corbyn’s Cove Beach,1
426,Marina Park,1
427,0,5
428,0,1
428,Havelock island,1
428,John Lawrence Island,1
428,Parrot island,1
428,Shaheed Dweep -Neil island,1
429,0,5
430,Aberdeen Memorial,1
430,Flag Point (Tiranga),1
430,Gandhi Park,1
430,Tiranga Park,1
430,Tsunami Memorial,1
431,0,3
431,Long Island Jetty,1
431,Raman Bagicha Beach,1
432,0,1
432,Biological Park,1
432,Chidiyatapu Botanical Park,1
432,Marina Park,1
432,Nature Park and Interpretation Centre,1
433,Back Side Beach,1
433,Carbyne beach,1
433,Corbyn’s Cove Beach,1
433,Khurmadera Beach,1
433,Rocky Beach Cliff,1
434,Hanuman Temple,1
434,Raadha Govinda Temple,1
434,Sri Ganesh Temple,1
434,Sri Vel Murugan Temple,1
434,"Universal Temple, RK Mission, Port Blair",1
435,0,1
435,Aquarium,1
435,"Government Saw Mill, Chatham",1
435,Naval Marine Museum Samudrika,1
435,Zonal Anthropological Museum,1
436,Andaman Sea Walk,1
436,Flag Point (Tiranga),1
436,North Bay Lighthouse,1
436,Sea Link Adventures,1
436,View Point for North Bay,1
437,Back Side Beach,1
437,Burmanallah Beach,1
437,Carbyne beach,1
437,Corbyn’s Cove Beach,1
437,Rocky Beach Cliff,1
438,Andaman Sea Wonders,1
438,Coco Beach Resort,1
438,"Ecological Park, Radhanagar Beach",1
438,Kala Pathar Beach,1
438,Trekking / Nature trails at Havelock (with Krishna),1
439,Aberdeen Jetty,1
439,Gandhi Park,1
439,Marina Park,1
439,Tiranga Memorial,1
439,भारत का नक्शा,1
440,Aberdeen Memorial,1
440,Gautama Buddha Statue,1
440,Kala Pani Cellular Jail,1
440,Kala Pani jail,1
440,Savarkar Cell,1
441,0,5
442,"Joggers Park, Baludera",1
442,Kalpong River Waterfall,1
442,Lamiya Bay Beach,1
442,Saddle Peak View Resort,1
442,Sneak head shape,1
443,Children's Cycle Park,1
443,Gandhi Park,1
443,Jogger's Park,1
443,Marina Park,1
443,VEER SAVARKAR PARK,1
444,"Baludera beach, Baratang",1
444,Baratang Cave Jetty,1
444,East Bay Beach Baratang,1
444,Mud Volcano - ಮಣ್ಣಿನ ಜ್ವಾಲಾಮುಖಿ,1
444,Walking Path To Elephant Beach,1
445,4 km. Water Falls,1
445,Farm Tikery Water Falls,1
445,Hutbay Beach,1
445,Krishna Nala Water Falls,1
445,Krishna Nallah Waterfall,1
446,0,1
446,Bada patthar,1
446,John Lawrence Island,1
446,Nicholson Island,1
446,SPM Depth Beach,1
447,German Jetty,1
447,"Karmatang Beach, Mayabunder",1
447,Lalaji bay beach,1
447,Raman Bagicha Beach,1
447,Rampur Beach,1
448,Dhani Nallah Beach,1
448,Floating jetty,1
448,"Joggers Park, Baludera",1
448,Karmatang Beach,1
448,Rampur Beach,1
449,Burmanallah Beach,1
449,Collinpur Beach,1
449,Khurmadera Beach,1
449,Munda Pahar View Point,1
449,Pagdandi ocean beach,1
450,0,1
450,"Bharatpur Beach, Neil Island",1
450,Lakshmanpur Beach No 2,1
450,Natural Bridge Tourist Guide & Photographer,1
450,Natural bridge guide,1
451,0,5
452,Jogger's Park,1
452,"Mahatma Gandhi Statue, Gandhi Park",1
452,Marina Park,1
452,Nature Park and Interpretation Centre,1
452,Veer Savarkar Park,1
453,0,1
453,Aquarium,1
453,Naval Marine Museum Samudrika,1
453,Science Centre,1
453,ZSI REGIONAL MUSEUM,1
454,Back Side Beach,1
454,Carbyne beach,1
454,Corbyn Cove Sea Wall,1
454,Corbyn's Cove Hill Point,1
454,Rocky Beach Cliff,1
455,Aquarium,1
455,Gandhi Park,1
455,Naval Marine Museum Samudrika,1
455,SSM AQUARIUM,1
455,Veer Savarkar Park,1
456,Butterfly House,1
456,"Emerald View Point, North Bay",1
456,Mahatma Gandhi Marine National Park,1
456,Manipur parvat national park,1
456,Mount Manipur,1
457,0,1
457,Aquarium,1
457,Forest Museum,1
457,Marina Park,1
457,Zonal Anthropological Museum,1
458,0,1
458,BABY ISLAND,1
458,BONY BEACH,1
458,Jolly Bouy Island,1
458,Manjeri Sunset Point,1
459,Ajanta Ellora Cave 18,1
459,Ellora Cave 10 (Vishwakarma),1
459,Ellora Cave 16 (The Kailāśa temple),1
459,Ellora Cave 32 (Indra Sabha),1
459,Ellora Cave no. 30,1
460,Babasaheb Ambedkar Udyan,1
460,Green Valley Park,1
460,Kasturba Udyan,1
460,Mango Garden,1
460,Rock Garden,1
461,Khandala Point,1
461,"Lords Point, Matheran",1
461,Panorama Point,1
461,Rambaug Point,1
461,"Sunset Point, Matheran",1
462,Chhath Ghat Cholai,1
462,One Tree Hill,1
462,Shree Sai Tekdi,1
462,सह्याद्री टुरिझम,1
462,साई टेकडी,1
463,"Echo Point, Matheran",1
463,Little Chowk Point Matheran,1
463,"Lords Point, Matheran",1
463,Rambaug Point,1
463,"Sunset Point, Matheran",1
464,Jaigad Fort,1
464,Jaigad Jetty,1
464,Jaigad rock beach,1
464,PatilWadi Dharneshwar Mandir,1
464,Thingle beach,1
465,0,1
465,Chincholi Lake,1
465,आंदरवाड ताल,1
465,तरसवाडी तलाव नं. १,1
465,तरसवाडी तलाव नंबर २,1
466,Fort Kailasgad,1
466,Koraigad Fort (Korigad),1
466,Lohgad Fort,1
466,Rajgad Fort,1
466,"कोंढाणा गड, fort Kondhana",1
467,"Bhimkund Point, Chikhaldara",1
467,Chikhaldara Sunset Point,1
467,Chikhaldara echo point,1
467,"Goraghat Point, Chikhaldara",1
467,Mozari Point,1
468,Baneshwar waterfall,1
468,Gujarwadi waterfall,1
468,Rawadewadi Waterfall,1
468,Water Fall,1
468,Yewalewadi Waterfall,1
469,Bandra Worli Sea Link View Point,1
469,DADAR CHOUPATI DECK.,1
469,Dadar Chowpatty Viewing Gallery दादर चौपाटी व्ह्यूइंग गॅलरी,1
469,Sealink View,1
469,Selfie Point Viewing Deck,1
470,Bhatye Beach,1
470,Kadelot Point,1
470,Killa View point,1
470,Mandavi Beach,1
470,Thiba Palace,1
471,Lonavala Lake Scenic View,1
471,Lonavala Lake Waterfall,1
471,Lonavla Wax Museum,1
471,Lucky's Celebrity Wax Museum,1
471,Miniature World Museum Lonavala,1
472,Dhawalgadh Fort,1
472,"Mhalargad fort , Maharashtra",1
472,Purandar Fort,1
472,Rajgad Fort,1
472,"कोंढाणा गड, fort Kondhana",1
473,Chigulegundi Waterfalls,1
473,Kitwad Lake,1
473,New Dam waterfall,1
473,Sundi Waterfalls,1
473,Tilari Waterfalls,1
474,Cannought Garden,1
474,Goga Baba Hill,1
474,Himayatbagh Biodiversity Heritage site,1
474,Siddharth Garden Parking,1
474,Suraee Garden,1
475,Ahmednagar Fort,1
475,Bagh Rauza Fort,1
475,Farah Bagh,1
475,HISTORICAL MUSEUM & RESEARCH CENTRE,1
475,Hangout Hill,1
476,Khandoba Mandir,1
476,Mahalaxmi Temple,1
476,Market of Ganapati Temple,1
476,Shree Mahaganpati Mukhya Praveshdwar,1
476,काळूबाई मंदिर,1
477,Hirakot Lake Garden,1
477,KANHOJI ANGRE GARDEN,1
477,Karmarkar Museum of Sculpture,1
477,Teenvira Dam,1
477,Virangula Udyan,1
478,0,2
478,Anjanvel Lighthouse,1
478,Pranaldurg (Padmanabhdurg) Fort,1
478,पणदेरी भोईवाडी धक्का,1
479,Khandala Hills,1
479,Lonavala Lake Scenic View,1
479,Rajmachi View Point,1
479,Sunset cafe khandala rajmachi point,1
479,Water Fall View Point,1
480,Belvedere Point,1
480,"Echo Point, Matheran",1
480,Little Chowk Point Matheran,1
480,"Louisa Point, Matheran",1
480,One Tree Hill Trek,1
481,Ram Mandir,1
481,Ramtirth temple,1
481,"Rautwadi Waterfall, Radhanagri",1
481,"Shree Mahadev Temple, Ramtirtha",1
481,Toraskarwadi waterfall,1
482,Ganpatipule Beach,1
482,Shree Ganpatipule Mandir,1
482,Shree Mahalakshmi's House of Wax,1
482,Wax museum,1
482,प्राचीन कोकण,1
483,Khadki War Cemetery,1
483,Maratha War Memorial,1
483,Seafarers Memorial - Camp Pune,1
483,Vishrambaug Wada,1
483,World war I memorial,1
484,Kedar Ghat,1
484,Krishna Temple,1
484,Menavali Ghat wai,1
484,Menwali Wes,1
484,Pandavgad Fort,1
485,Baner Hills,1
485,Kothrud Hill,1
485,Panchawati Hill,1
485,Vetal Hill Trails,1
485,Vetal hills,1
486,Bhandardara Dam Umbrella Fall Camping,1
486,Bhandardara Tourism,1
486,"Nanhi Waterfall , Bhandardara Environment",1
486,Randha Waterfall,1
486,"Vasundhara Waterfall, Koltembhe, Bhandardara",1
487,"Anand Wadi Waterfall, Neral, Maharashtra",1
487,Dhodani Waterfall,1
487,Madap Waterfall,1
487,Panditji waterfall,1
487,Tapal Wadi Waterfall,1
488,Lion Cave Panchgani,1
488,Mahadev Temple,1
488,Tiger Cave Panchagani,1
488,Wakadeshwar Temple,1
488,बौद्ध लेणी पांडवगड,1
489,Chhatrapati Shivaji Maharaj Chowk,1
489,Datatrya mandir,1
489,Datta mandir,1
489,छत्रपती शिवाजी महाराज पुतळा,1
489,"श्री संत तुकाराम मंदिर, पाथरड",1
490,Bhavali dam waterfall,1
490,Bhawali Waterfall,1
490,Hidden Waterfall of Igatpuri,1
490,IGATPURI WATERFALL,1
490,Vihigaon Ashoka Water Falls,1
491,Bhaghvan Shiv Mandir,1
491,Ganesh Temple,1
491,Hanuman temple,1
491,Mhatoba Garden,1
491,Multicolored Walls for Photoshoot,1
492,Kalmandavi,1
492,Kalmandavi Waterfall,1
492,Meranda Waterfall,1
492,Surymal Waterfall,1
492,Waterfall,1
493,Artillery Museum,1
493,Enriching Nashik - tourist spot,1
493,Indian Institute for Research in Numismatic Studies,1
493,Panchavati Museum,1
493,Pandav Leni Caves,1
494,Dabhadi 1 check dam,1
494,Dapchari Dam,1
494,Kurze Dam,1
494,Kurze Dam View,1
494,"Talasari, Kurje Dam",1
495,Mahaganapati Temple,1
495,Menwali Wes,1
495,Nana Fadnavis Wada,1
495,Shiva Temple,1
495,गणपती घाट,1
496,Aadoshi Range of Waterfalls,1
496,Dimbhe Dam - Top View Point,1
496,Pokharwadi Dam,1
496,Sondai Fort,1
496,Subhedar waterfall,1
497,Arthur Seat Point Mahabaleshwar,1
497,Echo Point,1
497,Elephant Point,1
497,Marjorie Point,1
497,Sunset Point Mahabaleshwar,1
498,Ekveera maggie point,1
498,Lonavala Lake Scenic View,1
498,Shivling Point,1
498,Shree Narayani Dham Temple,1
498,Sunset View Point,1
499,Animal Information Board,1
499,Byculla Garden,1
499,Byculla Zoo House Park,1
499,Crocodile Lake,1
499,Humboldt Penguins,1
500,AMBOLI GHAT,1
500,AMBOLI POINT Vas Temple,1
500,Amboli Forest Park,1
500,Amboli Valley - Hill view Point,1
500,Amboli ghat,1
501,Bhivpuri waterfalls,1
501,Dhanghar Waterfalls,1
501,Matheran Waterfall,1
501,Neral waterfall,1
501,Tapal Wadi Waterfall,1
502,Aamner Fort,1
502,Akola Fort,1
502,Melghat Tiger Reserve - Shahanur Entry Gate,1
502,Old Haveli Fort,1
502,Sulai Waterfall,1
503,0,1
503,Dudhiware Waterfall,1
503,Lonavala Lake Waterfall,1
503,Madap Waterfall,1
503,Shingroba Waterfall,1
504,"Echo Point, Matheran",1
504,Khandala Point,1
504,"Lords Point, Matheran",1
504,Matheran Hill Station,1
504,"Sunset Point, Matheran",1
505,Barrage River Point Badlapur,1
505,Barvi dam bridge,1
505,Bhoj dam,1
505,Chikloli Dam,1
505,Valavli - Barvi dam road bridge,1
506,Darekasa Rail Tunnel,1
506,Hazar Fall,1
506,चिरचाळबांध,1
506,पेन- डॉ मोती रावन कंगाली प्रतिमा,1
506,माँ काली कंकाली पेनठाना कचारगड,1
507,0,1
507,Kihim Beach Alibag,1
507,Native Biodiversity Garden,1
507,Sarkhel Kanhoji Angre Samadhi - Alibag,1
507,Sasawane Beach,1
508,Krishnamai Mandir,1
508,Pritisangam KARAD,1
508,Yashwantrao Chavan Samadhi,1
508,chhatrapati sambhaji maharaj,1
508,प्रितीसंगम,1
509,Bhairavnath Temple,1
509,Khandala Ghat View Point,1
509,Kute Snacks centre,1
509,Shingroba Waterfall,1
509,Shri Vireshwar Temple,1
510,Korlai Fort,1
510,Kulaba Fort,1
510,Sagargad Fort,1
510,Sarjekot Fort,1
510,रेवदंडा किल्ला,1
511,Belapur Waterfalls,1
511,Gavlidev Bird Watching,1
511,Kokanipada Waterfall,1
511,Pandavkada Waterfalls,1
511,भोलेनाथ वाटरफॉल,1
512,Bhivkund Dam,1
512,Bhivkund lake nagpur,1
512,Gorewada lake and dam,1
512,Suraburdi Lake,1
512,Zilpi Waterfall,1
513,Kaas Pathar,1
513,Kaas Pathar / Plateau,1
513,Kaas Village Resorts - Kas Pathar,1
513,Kaas plateau,1
513,Kaasai Resort,1
514,Ahmednagar Fort,1
514,Bagh Rauza Fort,1
514,Cavalry Tank Museum,1
514,Hangout Hill,1
514,Salabat Khan Tomb Or Chandbibi's Mahal,1
515,Bramhala Talav Udyan,1
515,Butterfly Garden,1
515,Elvis Garden,1
515,Shreenagar Hanging Garden,1
515,Upvan Lake Garden,1
516,Ambazari Garden,1
516,Gorewada Bio Park,1
516,Narrow Gauge Rail Museum,1
516,Telankhedi Garden,1
516,बाळासाहेब ठाकरे गोरेवाडा आंतरराष्ट्रीय प्राणी उद्यान (earlier known as Gorewada Zoo),1
517,Bhairavnath Temple,1
517,Laxmi Narayan Mandir,1
517,Lions Point Lonavala,1
517,Shivling Point,1
517,"श्रीराम मंदिर, गवळीवाड़ा",1
518,Birla Ganpati Temple Parking,1
518,Ganpati Mandir,1
518,Shree Ganesh Mandir,1
518,Shree Moraya Gosavi Ganpati Mandir,1
518,Suvarnayug mitra Mandal Ganapati Mandir,1
519,FARZANA PALACE,1
519,Manor Fort | मनोर किल्ला,1
519,Manor Jungle Camp,1
519,Manor ground,1
519,Manor waterfall,1
520,"Echo Point, Matheran",1
520,Khandala Point,1
520,"Lords Point, Matheran",1
520,One Tree Hill Point,1
520,Rambaug Point,1
521,Amboli Forest Park,1
521,Amboli Valley - Hill view Point,1
521,Amboli Village View Point ( Amboli Tourism ),1
521,Parikshit Point,1
521,"View Point-Kegad, Amboli",1
522,Bardi Railway station,1
522,Chhatrapati Shivaji Maharaj Monument,1
522,Narrow Gauge Rail Museum,1
522,Suraburdi picnic spot,1
522,Telankhedi Garden,1
523,0,1
523,Bandra Fort,1
523,Dharavi Fort,1
523,Fort George,1
523,Sewri Fort,1
524,Baner Hills,1
524,Mahadji Shinde Chhatri,1
524,Parvati Hill,1
524,"Tuljai Hills,, Pune",1
524,Vetal Hill,1
525,Bedsai mandir,1
525,Bedse caves - starting point,1
525,Bhaja Buddhist Caves,1
525,Bhamchandra Caves.,1
525,Karla Caves,1
526,Chirma Devi Waterfall,1
526,Kokanipada Waterfall,1
526,Lake Valley waterfalls,1
526,Mumbra Waterfall,1
526,Yeoor Waterfall,1
527,Belapur Waterfalls,1
527,GavliDev Waterfall & Bird Sanctuary,1
527,Kharghar waterfalls,1
527,Kokanipada Waterfall,1
527,"Shirvane Waterfall, Nerul",1
528,0,3
528,Garden,1
528,Sawantwadi Palace,1
529,0,2
529,Aadoshi Range of Waterfalls,1
529,Bhaje Waterfall,1
529,Kapari waterfall,1
530,Amusement Theme Booking & Enquary.,1
530,DATA Resort by Della Adventure,1
530,Della Resorts,1
530,Della Villas,1
530,Dinosaur's Park,1
531,Adai Hills,1
531,"Anand Wadi Waterfall, Neral, Maharashtra",1
531,Pandavkada Waterfalls,1
531,Sangurli waterfall,1
531,Seasonal Waterfall,1
532,Bhandardara Hill Station,1
532,Bhandardara Lake camping,1
532,Bhandardara Tour Camping,1
532,Trip to bhandardara,1
532,"Umbrella Fall, Bhandardara",1
533,Kalavantin Hiking Start Point,1
533,Kalavantin Pinnacle,1
533,Kalavantin fort,1
533,Karnala Fort,1
533,Prabalgad Fort,1
534,"""I LOVE SHIRDI""",1
534,Chhatrapati Sambhaji Park,1
534,Lendi Garden / Baug,1
534,MALPANI Wet n Joy WATER PARK,1
534,Wait in joy water park,1
535,Aurangabad,1
535,Aurangabad mountain range,1
535,Cave 4,1
535,Goga Baba Hill,1
535,Kham River Water Fall,1
536,Aurangabad,1
536,Chhatrapati Shivaji Maharaj Museum Aurangabad,1
536,Goga Baba Hill,1
536,Stepwell near Soneri Mahal,1
536,Sunheri Masjid,1
537,Gol Tekadi Hill & Picnic Spot,1
537,Himayat baag Hill,1
537,Himayatbagh Biodiversity Heritage site,1
537,One Tree Hill,1
537,Siddharth Garden and Zoo,1
538,0,1
538,Gowalkoat Fort,1
538,Marleshwar Waterfall,1
538,Visawa Point,1
538,Waterfall,1
539,Bhistbag Mahal,1
539,Farah Bagh,1
539,"Saiban, Ahmednagar",1
539,Selfie Point,1
539,Temple of HINDU,1
540,Amruteshwar Kund,1
540,Gondeshwar Mandir,1
540,Lord Shiva temple,1
540,Old Shiva Temple,1
540,प्राचीन हेमाडपंथी महादेव मंदिर,1
541,Flamingo Sanctuary,1
541,Karnala Bird Watching,1
541,Karnala Bird sanctuary,1
541,Karnala Fort,1
541,Thane Creek Flamingo Sanctuary,1
542,National Park Water Fall,1
542,Sanjay Gandhi National Forest.,1
542,Sanjay Gandhi National Park - Boating Area,1
542,Sanjay Gandhi National Park Train Tracks,1
542,Tiger and Lion Safari Ticket Counter,1
543,Ghangad Fort,1
543,Lohgad Fort,1
543,Rajmachi Fort,1
543,Tikona Fort (Vitandgad),1
543,Visapur Fort,1
544,Makharia Garden,1
544,Mala's,1
544,Mapro Food Park,1
544,Mapro Garden Parking,1
544,mapro garden,1
545,Bandra Fort,1
545,Chhatrapati Shivaji maharaj Park,1
545,Dhobi Ghat Viewing Deck,1
545,Hanging Gardens,1
545,Sagar Power Laundry,1
546,Giri waterfall,1
546,Kataldhar trek route,1
546,Khandala,1
546,Kune Falls,1
546,Lonavala Lake Waterfall,1
547,Mini Thoseghar Waterfall,1
547,Ozarde waterfall,1
547,Shree Samarath Ramghal & Ramghal Waterfall Tondoshi,1
547,Small waterfall,1
547,Vajrai Waterfall,1
548,Elephant Point,1
548,Falkland Point,1
548,Lodwick Point,1
548,Sunset Point Mahabaleshwar,1
548,Wilson Point,1
549,Jai Vilas Palace Jawhar Fort,1
549,Jawhar Hill Station,1
549,Jawhar Old Palace,1
549,Jawhar Tourism,1
549,Sunset Point Jawhar,1
550,0,1
550,AGHA KHAN PALACE,1
550,Gandhi National Memorial Society,1
550,Kasturba Gandhi samadhi,1
550,Lal Mahal,1
551,Bhuleshwar Necklace Point,1
551,Hanuman Mandir,1
551,Ram Mandir,1
551,Santosh Chavan,1
551,The Trident Point Bhuleshwar,1
552,Band Stand,1
552,Bandra Fort Garden,1
552,Bandra west,1
552,Dharavi Fort,1
552,I BANDRA,1
553,Bhaje Waterfall,1
553,Ghoravadeshwar Buddhist Caves (Mahadev Temple),1
553,JaibaiDevi Temple And Waterfalls,1
553,Khamboli Waterfall,1
553,Talegaon Dabhade Lake,1
554,Artist Point,1
554,Lodwick Point,1
554,Mahabaleshwar,1
554,Panchgani Hill Station Point,1
554,Sunset Point Mahabaleshwar,1
555,Devale Waterfall,1
555,Manoli Waterfall,1
555,SawatSada Waterfall,1
555,Shree marleshwar mandir angawali .,1
555,Waterfall Parshuramwadi,1
556,IGATPURI WATERFALL,1
556,Igatpuri Secret Camping and Water Sports,1
556,Igatpuri Trek Point,1
556,Kavnai Fort,1
556,Tringalwadi killa,1
557,"Ambrale Point, Panchgani",1
557,Parsi Point,1
557,Seating point,1
557,"Swachha Bharat Point, Panchgani",1
557,"Tate Point, Panchgani",1
558,"Bedse Caves, Ancient Buddhist Heritage",1
558,Bhaja Buddhist Caves,1
558,Kambre Caves,1
558,Kondhane Buddhist Caves,1
558,Kune Falls,1
559,Chatrapati Shivaji Maharaj ashvarudh putala- statue,1
559,Chatrapati Shivajiraje Bhosale Statue,1
559,Old bridge ( Chhatrapati Shivaji Maharaj),1
559,Shaniwar Wada,1
559,Vishrambaug Wada,1
560,Alibaug Beach,1
560,Hirakot Old Fort,1
560,Khubladha Fort,1
560,Korlai Fort,1
560,Sarjekot Fort,1
561,Amzari stay melghat tiger reserve magical melghat,1
561,Gugamal National Park,1
561,MELGHAT STAY AND SAFARI,1
561,Melghat tiger reserve park,1
561,The jungle at Fort,1
562,Beltung wada,1
562,"Darshan - Glimpses into the Life & Teachings of Sadhu Vaswani, Sadhu Vaswani Mission",1
562,Mahadji Shinde Chhatri,1
562,Nana Wada,1
562,Vishrambaug Wada,1
563,Bhavli Waterfall,1
563,IGATPURI WATERFALL,1
563,Someshwar Water Fall,1
563,Vihigaon falls parking,1
563,Wakadpada waterfall,1
564,0,1
564,Darya darvaja/दर्या दरवाजा,1
564,Janjira Boat Ferry,1
564,Murud-Janjira View Point,1
564,Padmadurg Fort,1
565,Chandoli Dam View Point,1
565,Chandoli Dam Water gate,1
565,Chandoli National Park Entrance,1
565,Chandoli Resort,1
565,चांदोली वाटर पार्क,1
566,Palace of Visapur Fort,1
566,Rajwada of Visapur fort,1
566,Steps waterfall,1
566,Visapur Fort Buruj,1
566,Visapur fort Buruj,1
567,Rajgad Fort,1
567,Singhagad fort by walk,1
567,Sunrise Point,1
567,Torna Fort,1
567,"कोंढाणा गड, fort Kondhana",1
568,Chhatrapati Shivaji Maharaj Statue,1
568,GATEWAY OF INDIA,1
568,Gateway,1
568,Mumbai Gateway of India,1
568,gate way of india,1
569,"Bedse Caves, Ancient Buddhist Heritage",1
569,Bhaja Caves Entry Steps,1
569,Bhaje Waterfall,1
569,Buddhist Cave,1
569,Karla Caves,1
570,Anesh Tadoba,1
570,Moharli Gate - Tadoba Tiger Reserve,1
570,Tadoba Andhari National Park,1
570,Tadoba Andhari Tiger Reserve,2
571,0,1
571,Karnala Bird Sanctuary,1
571,Karnala Bird Watching,1
571,Manikgad Fort,1
571,Prabalgad Fort,1
572,0,1
572,"Chhattrapati Shahu Maharaj Rajmahal, Kolhapur",1
572,Shree Jyotiba Devasthan,1
572,"Shri Mahalaxmi - Ambabai Temple, Kolhapur. (madhav guru jee)",1
572,Tourist Places Near Kolhapur,1
573,Ajanta Buddhist Cave 16,1
573,Ajanta Cave 1,1
573,Ajanta Cave 25,1
573,Ajanta Cave 26,1
573,Ajanta Caves Waterfall,1
574,Giri waterfall,1
574,Khandala,1
574,Lonavala Lake Waterfall,1
574,Valvan waterfall,1
574,Vivas Waterfalls,1
575,"Cave Number 4, Elephanta Caves",1
575,Elephant cave,1
575,Elephanta Buddhist Cave,1
575,Elephanta Caves,1
575,Elephanta caves Port view point,1
576,Bhaje Waterfall,1
576,Dudhiware Water Fall,1
576,Kune Falls,1
576,Lonavala Lake Waterfall,1
576,Steps waterfall,1
577,Ajinkyatara South Gate,1
577,Ajinkyatara trek,1
577,Kille Ajinkyatra,1
577,Satara City View point,1
577,Vairatgad Fort,1
578,Ballaleshwar waterfront,1
578,Gadheshwar River Dam,1
578,Khandeshwar Park,1
578,Khandeshwar Shiv Temple,1
578,गाडेश्वर धरण पनवेल,1
579,Anavathil,1
579,DUTCH PALACE MATTANCHERRY,1
579,Indian Naval Maritime Museum,1
579,Mattancherry,1
579,Vasco da Gama Square,1
580,Nature Park kumali,1
580,Periyar National Park Ticket Office,1
580,Periyar Tiger Reserve,1
580,Periyar Tiger Reserve Pampai,1
580,Thekkady Park,1
581,Iringole Devi temple,1
581,Iringole Kavu,1
581,Kaalamkulangara Mahadeva Temple,1
581,Kallil Bhagavati Temple,1
581,Nagancheri Mana Park,1
582,Kavalam plantations,1
582,Meesappulimala Mountain,1
582,Meesapulimala sunrise Trek with tent stay,1
582,Oorkad,1
582,Rhodo Mansion(KFDC Ecotourism) റോഡോ മാന്‍ഷന്‍,1
583,Kuttikanam palace,1
583,Kuttikkanam Junction,1
583,Mottakunnu Hill View Point Kuttikkanam,1
583,Panchalimedu View Point,1
583,Thrissanku Hills,1
584,Ezhattumugam Hanging Bridge,1
584,Ezhattumugham Dam,1
584,Ezhattumugham Prakriti Gramam,1
584,Thumboormuzhi Butterfly Park,1
584,Thumboormuzhi Hanging Bridge,1
585,2nd Mile View Point,1
585,Karadipara View Point,1
585,Pipeline view point.,1
585,Pothamedu View Point,1
585,Sunset View Point,1
586,Old Malayattoor Church,1
586,Parish Office(St.Thomas Church Malayattoor),1
586,St. Thomas Grotto,1
586,St. Thomas Syro Malabar Pilgrim Church,1
586,Thiruhridaya Devalayam,1
587,Ayyappankavu Vishnu Temple,1
587,Panniyur Thura,1
587,Pottammal Bhagavathi Temple,1
587,Sivamangalama Temple,1
587,Temple Parking area,1
588,0,1
588,Kadanthery Nature Park,1
588,Mango Meadows Original location,1
588,Mango Pool,1
588,Mango meadows parking area,1
589,Botanical garden vagamon,1
589,Karikadu View Point,1
589,MMJ Horticultural Nursery,1
589,Pine forest,1
589,Vagamon Meadows,1
590,0,1
590,Alathiyoor Sri Hanuman Swamy Temple,1
590,Masjidul Musliheen,1
590,"Thirumittakode Anchumoorthi Temple ""Pithrutharppana Place""",1
590,Thirunavaya,1
591,Aruvi Waterfalls,1
591,Aruvickal Waterfalls,1
591,Aruvikkuzhi Waterfalls | Thiruvalla,1
591,Aruvikuzhy Waterfalls Thiruvalla,1
591,Orakkanpara waterfalls | Thiruvalla,1
592,Guruvayur Sree Perumthatta Siva temple,1
592,Guruvayur Temple,1
592,Mammiyur Sri Mahadeva Temple,1
592,Sree Chamundeswari Temple,1
592,Thiruvenkitachalapathi Temple,1
593,Cochin Port Maritime Heritage Museum,1
593,Indian Naval Maritime Museum,1
593,Marine view point,1
593,Mattancherry Palace,1
593,kochi historical museum,1
594,Kochareekkal Caves,1
594,Kuninji Viewpoint,1
594,Moorkattilpady view point,1
594,"Nadukani View Point, Kayyoor",1
594,Uravappara View Point,1
595,Ariyannoor,1
595,Ariyannur Temple Kacheary,1
595,Ariyannur Temple Stage,1
595,Harikanniyoor Bhagavathy Temple,1
595,Sree Parthasarathy Temple,1
596,Abhayaranyam Eco Tourism,1
596,Abhayaranyam Kaprikkadu Ecotourism,1
596,Haritha Biological Park,1
596,Kodanad Wild Life Sanctuary,1
596,Mahaghony thottam,1
597,Aranmula Parthasarathy Temple,1
597,Chengannur Mahadevar Temple,1
597,Thiruvanvandoor Sree Mahavishnu Temple,1
597,Thrichittat Mahavishnu Temple,1
597,"Thrickodithanam Mahavishnu Temple, Divyadesam",1
598,Choriyankunnu waterfalls,1
598,Kallampara chola Waterfall Wadakkanchery,1
598,Kuruthikazha waterfalls,1
598,Mannathippara Waterfalls,1
598,Vattayi Waterfalls,1
599,"Nehru Park, Thrissur",1
599,Our Lady of Dolours Basilica,1
599,VADAKKUMNATHAN TEMPLE GROUND,1
599,Vadakkechira,1
599,Vilangan Hills,1
600,Arthunkal Junction,1
600,Arthunkkal Palli,1
600,Beach Chapel Arthunkal,1
600,Perpetual Adoration Chapel,1
600,St.Andrew's Basilica Cemetery,1
601,Cochin Thirumala Devaswom Temple,1
601,Mahadev Temple,1
601,Shri Mahaveer Swami Digambar Jain Temple,1
601,Shri Vasupujya Swami Shwetambar Jain Temple,1
601,Sree Cochin Lohana Mahajan Sree Dariyasthan Temple,1
602,Ernakulam Shiva Temple,1
602,Ettumanoor Shri Mahadeva Temple,1
602,Kaduthuruthy Thaliyil Shri Mahadeva Temple,1
602,Vaikom,1
602,Vaikom Temple Office,1
603,0,1
603,Cheruthoni Dam,1
603,Dam kadavu,1
603,Idukki Dam,1
603,Thommankuthu Waterfalls,1
604,"Sree Krishna Temple, Kunnathurmedu ശ്രീകൃഷ്ണ ക്ഷേത്രം",1
604,Sree Manappullikkavu Bhagavathy Temple,1
604,Sree Visalakshi Sametha Sree Viswanathaswamy Temple,1
604,Sri Manappulliamma Bagavathy Temple,1
604,Vadakanthara Sree Thirupuraikkal Bhagavathi Temple,1
605,Sree Krishna Temple,1
605,Thalikkunu Maha Shiva Temple,1
605,Thiruthiyil Sreekrishna Temple,1
605,Varakkal Sri Durga Devi Temple,1
605,ശ്രീ കൃഷ്ണ ക്ഷേത്രം(Hare Krishna Satsanga),1
606,0,1
606,Dream Land Fun and Adventure,1
606,Fun Forest,1
606,The Blossom Hydel Park,1
606,Wonder Valley Adventure and Amusement Park,1
607,"Lord Shiva Temple,Tazhekkod",1
607,Sree Valayanad Devi Temple,1
607,Sreekanteshwara Temple,1
607,Tali Maha Shiva Kshetram,1
607,Thiruvachira Sree Krishna Temple,1
608,Lower Pine Valley,1
608,Palozhukum Para Waterfalls,1
608,Pine forest kuttikanam,1
608,Pine forest parking wagamon,1
608,Vagamon Meadows,1
609,"Elephant camp, Thekkady",1
609,Periyar National Park,1
609,Periyar Tiger Reserve Pampai,1
609,Periyar explore thekkady safari,1
609,Thekkady Park,1
610,Cheppara,1
610,Kozhikattiri padam,1
610,Poochudy Para,1
610,Poomala Dam Wall Path,1
610,കല്ലംപാറ പാലം,1
611,CISO Institute Of Oceanic Studies,1
611,Golden Fish,1
611,Marine World Public Aquarium,1
611,Panchavadi Beach,1
611,Panchavadi Kadaltheeram പഞ്ചവടി കടൽത്തീരം,1
612,Arattupuzha Sree Sastha Temple,1
612,"Seetha Ramaswamy Temple, Punkunnam",1
612,Thriprayar Hanuman Swami Temple,1
612,Urakathamma Thiruvadi Temple,1
612,ഗോശാല കൃഷ്ണൻ പ്രതിഷ്ഠ,1
613,Hill View Park,1
613,Idukki Arch Dam View Point,1
613,Idukki Dam view point 2,1
613,Kattadikadavu View Point,1
613,Uppukunnu View Point,1
614,Haritha bio Park,1
614,Mahaghony thottam,1
614,Mulamkuzhy,1
614,Panamkuzhy Eco Tourism Center,1
614,Thattupara View Point,1
615,Kochu Pally,1
615,"ST.MARY'S SHRINE ,KUMARANKARY.",1
615,St. Mary's Church,1
615,St.Mary's Forane Church (Valiyapally),1
615,St.Mary's Malankara Catholic Church,1
616,0,1
616,Karalasseril Sree Lalithambika Devi Temple,1
616,Mannappadi Rudhiramala Devi Temple,1
616,Marankulangara Devi Temple,1
616,Thiruvizha Mahadeva Temple,1
617,Attayam Chira,1
617,Kochareekkal Caves,1
617,Mayiladum Para,1
617,Mundanmala,1
617,Pulikkunnu Viewpoint,1
618,0,1
618,Elephant Junction Thekkady,1
618,"Elephant ride, Spice Park And Jeep Safari",1
618,Periyar explore thekkady safari,1
618,Thekkady Park,1
619,Changampuzha Park,1
619,Children's Park,1
619,Indira Priyadarsini Children's Park,1
619,"Jawahar Park, Fort Kochi",1
619,Rainbow Hanging Bridge,1
620,Chulliyar Dam View Point,1
620,Kollengode View Point,1
620,Nelliyampathy Beauty Viewpoint,1
620,Seetharkund Eco Point,1
620,Seetharkund Waterfalls. Kunnakkad. Kollengode,1
621,"Dolmen, Marayoor",1
621,Marayoor Eco Park,1
621,Sandal Reserve,1
621,Sandalwood Forest,1
621,Thoovanam Waterfalls,1
622,Anchuruli Hill Top,1
622,Anchuruli Thuruthu Island,1
622,Anchurulimedu അഞ്ചുരുളിമേട്,1
622,Cheruthoni Dam,1
622,MUTHOLIL VIEWPOINT ANCHURULI,1
623,Munnar Info,1
623,Munnar Tour Guide,1
623,Munnar Tourism Destination,1
623,Munnar views,1
623,Pothamedu View Point,1
624,Chimmini Dam View,1
624,Chimmini Wildlife Sanctuary Eco-shop and Canteen,1
624,Chimmony River View Point,1
624,Marottichal Waterfalls & Forest wildlife Sanctuary,1
624,Peechi -Vazhani Wildlife Sanctuary,1
625,0,1
625,Malarikkal Pink Lagoon,1
625,Malarikkal Sunset View Point,1
625,Village Life Experience,1
625,Walkway at Kumarakom,1
626,Anappady Canal View Point,1
626,Parambikulam Lake View Point,1
626,Parambikulam Tiger Reserve,1
626,Peruvari Island Nest bamboo rafting point,1
626,Tevarmani Kalam,1
627,Guruvayur Sree Perumthatta Siva temple,1
627,Guruvayur Temple,1
627,Sree Chamundeswari Temple,1
627,Sree Parthasarathy Temple,1
627,vallassery temple,1
628,0,1
628,Check Dam,1
628,Pathazhakundu Dam,1
628,Poomala Dam Park,1
628,Poomala Dam Wall Path,1
629,0,1
629,Fisheries Aquarium,1
629,Malsyafed Public Aquarium,1
629,Palaikari Aqua Tourism Centre,1
629,Vaikom Fish Farm And Aqua Tourism Pvt Ltd,1
630,Alleppey Backwater,1
630,Alleppey Backwater Cruise,1
630,Brackish Lagoons Alleppey,1
630,Kerala Backwater Tour,1
630,Vembanad Backwaters,1
631,Beypore Beach,1
631,Kozhikode Beach Light House,1
631,Kozhikode Beach view point,1
631,South Beach Promenade,1
631,ബീച്ച് ഇരിപ്പിടം,1
632,Hill View Park,1
632,Kananam Retreat,1
632,Nadukani,1
632,"Nadukani View Point, Kayyoor",1
632,Uppukunnu View Point,1
633,Carmelite Museum,1
633,Ernakulam District Heritage Museum,1
633,Hill Palace Museum,1
633,Indian Naval Maritime Museum,1
633,Kerala Folklore Museum,1
634,Green Land Spice Garden,1
634,Green Park Spices,1
634,Kerala Spices & Herbal Garden Visit,1
634,Spice Garden,1
634,The Spice Route Ayurvedic & Spices Garden,1
635,Pavakulam Sree Mahadeva Temple,1
635,Shiv Temple,1
635,Thrikkakkara Vamana Moorthy Temple,1
635,Tirunettur Mahadeva Temple,1
635,mahadeva,1
636,Kaviyoor Mahadeva Temple Kaviyoor Thiruvalla,1
636,Kaviyoor Temple Pond | Thiruvalla,1
636,Kaviyoor Vishnu temple,1
636,Mahadeva Temple | Kuttoor Thiruvalla,1
636,Thrikkaviyoor Mahadeva Temple,1
637,Kumaranalloor Devi Temple,1
637,Nagampadam Sri Mahadevar Temple. നാഗമ്പടം മഹാദേവ ക്ഷേത്രം,1
637,Pallipurathukavu Devi Temple,1
637,Thaliyil Mahadeva Temple,1
637,Thirunnakkara mahadeva temple,1
638,0,1
638,"Elephant camp, Thekkady",1
638,"Elephant ride, Spice Park And Jeep Safari",1
638,Kalpavanam Elephant Park,1
638,Persian Paradise Elephant Ride,1
639,Ezhattumugam Hanging Bridge,1
639,Ezhattumugham Dam,1
639,Ezhattumugham Prakriti Gramam,1
639,Thumboormuzhi - Ezhattumugham Cable Suspension Bridge,1
639,Thumboormuzhi Butterfly Park,1
640,Krishna temple,1
640,Kuttankulangara Mahavishnu Temple,1
640,Punkunnam Sree Shiva Temple,1
640,Sri Rama Temple,1
640,Sri Vadakkumnathan Temple,1
641,Attukad Waterfalls,1
641,Kuthumkal Waterfalls,1
641,Nayamakad Waterfall,1
641,Pothupara Waterfalls Munnar,1
641,Ripple Waterfalls,1
642,Kayattuva Paniely cheriya pooru,1
642,Mahaghony thottam,1
642,PANAMKUZHI KADAVU,1
642,Paniyeli Poru Eco Tourism Center,1
642,Paniyeli poru,1
643,Chellarcovil Aruvikkuzhy Nature Park,1
643,Chellarcovil Aruvikuzhi Waterfalls,1
643,Pandikuzhi Viewpoint,1
643,Thekkady Shutter,1
643,"View Point, Ottakathalamedu",1
644,Chithirapuram View Point,1
644,Kattadipara View Point,1
644,Nadukani Viewpoint,1
644,Pothamedu View Point,1
644,Sunset View Point,1
645,0,1
645,Ananganmala Eco Tourism,1
645,Manimandiram Mana,1
645,Olappamanna Mana,1
645,Varikkasserimana shooting place,1
646,Ambedkar Beach,1
646,Elamkunnapuzha BLUE WAVES Beach,1
646,Munambam Beach,1
646,Puthuvype Beach,1
646,Sea pearl Valappu Beach,1
647,"Nehru Park, Thrissur",1
647,Sakthan Thampuran Palace,1
647,Vadakkechira,1
647,View Point,1
647,Vilangan Ticket Counter,1
648,Kumarakom Bird Sanctuary,1
648,Kumarakom Craft Museum,1
648,Mutherimada Sunset View Point,1
648,"View Point, Near Kumarakom Walkway",1
648,Village Life Experience,1
649,Munnar Scenery,1
649,Munnar Tourism Destination,1
649,Munnar Tourist Places,1
649,Munnar views,1
649,Top station,1
650,Alappuzha beach,1
650,Alleppay,1
650,Alleppey Beach Resorts,1
650,Alleppey Lighthouse,1
650,Alleppey Pine Forest (mini),1
651,Dhoni Waterfalls,1
651,Kanjirapuzha Dam,1
651,Siruvani Waterfall,1
651,Siruvani dam beauty view point,1
651,siruvani Dam,1
652,Aruvikuzhy Waterfalls,1
652,Bharat Group Elephants Shed,1
652,Konni Elephant Reserve,1
652,Nalumanikattu,1
652,മൈലപ്പള്ളിക്കടവ് തൂക്കുപാലം - Peroor Hanging Bridge,1
653,Kadappara Waterfalls,1
653,Kundampotty Water Falls,1
653,Meenwallam Water Falls,1
653,Seetharkund Waterfalls. Kunnakkad. Kollengode,1
653,Vellarimedu Waterfalls,1
654,Cheruthoni Dam,1
654,Idukki Arch Dam Rock Cave,1
654,Idukki Arch Dam View Point,1
654,Idukki Dam Boating Starting Point,1
654,Malankara Dam,1
655,Eravikulam National Park,1
655,Idukki Dam,1
655,Kurinjimala Sanctuary,1
655,Thattekad Bird Sanctuary,1
655,Vishnu jeep safari,1
656,Aranmula Edasserimala Kizhakkethil Sree Bhadra Bhagavathi Temple,1
656,Satram,1
656,Sree Vallabha Temple,1
656,Thirupuliyoor Mahavishnu Temple,1
656,Thiruvanvandoor Sree Mahavishnu Temple,1
657,Archeological Museum,1
657,"Nehru Park, Thrissur",1
657,"Proposed Zoological Park, Thrissur",1
657,Sakthan Thampuran Palace,1
657,Thrissur Zoological park,1
658,ISLAND TOURISM KADALUNDI,1
658,Kadalundi Bird Sanctuary,1
658,Kadalundi River Tourism,1
658,കല്ലാകീരീ പാറ,1
658,മാറാംകുണ്ട് വെള്ളച്ചാട്ടം,1
659,Aruvi Waterfalls,1
659,Aruvickal Waterfalls,1
659,Aruvikuzhy Waterfalls Thiruvalla,1
659,Poochakulam Waterfalls,1
659,Vanchikapoika waterfall & viewpoint,1
660,Ezhattumugham Dam,1
660,Mahaghony thottam,1
660,Thumboormuzhi - Ezhattumugham Cable Suspension Bridge,1
660,Thumboormuzhi Butterfly Park,1
660,Thumboormuzhi Hanging Bridge,1
661,Areekal waterfalls,1
661,Athirappilly Waterfalls,1
661,Charpa Waterfalls,1
661,KUTTIPPARA WATERFALLS,1
661,Valara Waterfalls,1
662,Mannathippara Waterfalls,1
662,Marottichal Waterfalls & Forest wildlife Sanctuary,1
662,MotherLand Waterfalls,1
662,Orappan Kettu Water Falls,1
662,Vattayi Waterfalls,1
663,Malampuzha Dam,1
663,Mangalam Dam Park,1
663,Mangalam Dam Reservoir,1
663,Meenkara Dam,1
663,Pothundy Dam View Point Park,1
664,Atla Water Falls Aaral Falls,1
664,Karapara Water Falls,1
664,Kundampotty Water Falls,1
664,Marnatty waterfall,1
664,Vattappara Waterfalls,1
665,0,1
665,Munnar Tent Camps,1
665,Tamilnadu - Kerala Border @Bodimettu,1
665,Top Station View Point ടോപ്പ്സ്റ്റേഷന്‍ വ്യൂ പോയിന്റ്‌,1
665,Top station watch tower,1
666,Bastion Bunglow,1
666,Ernakulam District Heritage Museum,1
666,Fort Emmanuel,1
666,Indian Naval Maritime Museum,1
666,Vasco da Gama Square,1
667,0,1
667,ISKCON Guruvayur,1
667,Mammiyur Sri Mahadeva Temple,1
667,Sree Chamundeswari Temple,1
667,Sree Parthasarathy Temple,1
668,Krishna temple,1
668,Kuttankulangara Mahavishnu Temple,1
668,Paramekkavu Bhagavathi Temple Thrissur,1
668,Punkunnam Sree Shiva Temple,1
668,Viyyur Shiva Temple,1
669,0,1
669,GAVI HOME STAY & OPERATORS,1
669,Gavi lake,1
669,Goodrical Forest Range Office (Gavi - Kakki Eco Tourism),1
669,KFDC Gavi Hotel - Green Mansion,1
670,Echo point,1
670,Kaithapathal View Point,1
670,Masco Hill Viewpoint,1
670,Murugan Hill,1
670,Vagamon Meadows,1
671,Mannathippara Waterfalls,1
671,MotherLand Waterfalls,1
671,Pattathippara Water Falls,1
671,Vallur Kuthu Waterfalls,1
671,Vattayi Waterfalls,1
672,Butterfly Park,1
672,"Palakkad,kalla",1
672,Parambikulam Tiger Reserve,1
672,Peechi -Vazhani Wildlife Sanctuary,1
672,Peechi- Vazhani Wildlife Sanctuary,1
673,0,5
674,Athirappilly Waterfalls,1
674,KUTTIPPARA WATERFALLS,1
674,Shoolam Waterfalls,1
674,Thirubali waterfalls Ezhakkaranad,1
674,Thonippara Waterfalls,1
675,Devi Temple,1
675,Kadavanthra Bhagavathi Temple,1
675,Keezhkkavu Bhagawathi Temple കീഴ്ക്കാവ് ഭഗവതി ക്ഷേത്രം,1
675,Thrikkakkara Vamana Moorthy Temple,1
675,ചോറ്റാനിക്കരയിൽ മേൽക്കാവ് ഭഗവതി ക്ഷേത്രം,1
676,Alappuzha beach,1
676,Alapuzha,1
676,Alleppay,1
676,Alleppey Beach,1
676,Revi Karunakaran Memorial Museum,1
677,0,2
677,Boating@Kakkathuruthu,1
677,Kayal Island Retreat,1
677,Ulavaipu View Point,1
678,Dam View Point,1
678,Echo point,1
678,Kundala Dam,1
678,Pothamedu View Point,1
678,Ramaswamy Aiyar Headworks Dam,1
679,Archeological Museum,1
679,PUZHAKKAL THIRUTH,1
679,Palace garden,1
679,State Museum and Zoo Thrissur,1
679,VADAKKUMNATHAN TEMPLE GROUND,1
680,0,1
680,Anathavalam,1
680,"Elephant Kotta, Guruvayoor",1
680,Guruvayur Padmanabhan Statue ഗുരുവായൂർ പദ്മനാഭൻ ശിൽപ്പം,1
680,Sree Parthasarathy Temple,1
681,Kuthumkal Waterfalls,1
681,Lakkam Waterfalls Munnar,1
681,Nayamakad Waterfall,1
681,Pothupara Waterfalls Munnar,1
681,Ripple Waterfalls,1
682,Kumarakom,1
682,Kumarakom Craft Museum,1
682,Kumarakom backwaters,1
682,Mangalavanam Bird Sanctuary,1
682,Walkway at Kumarakom,1
683,Anjumala Waterfalls,1
683,Aruvikachal Waterfalls,1
683,Aruvikuzhy Waterfalls,1
683,Kattikkayam Waterfalls,1
683,Pampanal Waterfalls,1
684,Kumarakom Bird Sanctuary,1
684,Pokkali Park,1
684,Subhash Bose Park,1
684,Thattekad Bird Sanctuary,1
684,"Urban Forest Area, Kalamassery",1
685,Mangalavanam Bird Sanctuary,1
685,Thattekaad Bird Sanctuary,1
685,Thattekad Park,1
685,Thattekad Trails,1
685,Thattekkad Birding Home,1
686,Aruvikuzhy Waterfalls,1
686,Ilaveezhapoonchira,1
686,Kattikkayam Waterfalls,1
686,Marmala Waterfalls,1
686,"Nadukani View Point, Kayyoor",1
687,Carmelagiri Elephant Park,1
687,Chinnar Watch Tower,1
687,Eravikulam National Park,1
687,Kurinjimala Sanctuary,1
687,Thoovanam Waterfalls,1
688,Carmelagiri Elephant Park,1
688,Chinnar Wildlife Sanctuary,1
688,Eravikulam National Park Forest,1
688,Eravikulam National Park Waterfalls,1
688,Nayamakad Waterfall,1
689,"Nehru Park, Thrissur",1
689,PUZHAKKAL THIRUTH,1
689,Sakthan Thampuran Palace,1
689,Sri Vadakkumnathan Temple,1
689,Vadakkechira,1
690,Anayadikuthu Waterfalls,1
690,Attukad Waterfalls,1
690,Kuthumkal Waterfalls,1
690,VALARA WATERFALLS,1
690,Viripara Waterfalls,1
691,Green Island River Tourism Kadalundi,1
691,ISLAND TOURISM KADALUNDI,1
691,Kadalundi Bird Sanctuary & TOURISM,1
691,Kadalundi River Tourism,1
691,Kadalundi Tourist Place,1
692,Attukad Waterfalls,1
692,Chinnakanel Waterfalls,1
692,Kuthumkal Waterfalls,1
692,Nayamakad Waterfall,1
692,Thoovanam Waterfalls,1
693,Chithirapuram View Point,1
693,Mattupetty Dam,1
693,Munnar Tourist Places,1
693,Munnar views,1
693,The Blossom Hydel Park,1
694,0,1
694,Hill Palace Parking Ground,1
694,Mangalalayam Palace,1
694,Museum Of Kerala History,1
694,Palace No. 5,1
695,Mudra Cultural Centre&Tribal Dance,1
695,"THEKKADY KALARI CENTRE,THEKKADY",1
695,Thekkady Kathakali Centre,1
695,Thekkady Shutter,1
695,YODHA CULTURAL VILLAGE,1
696,0,1
696,Silent Valley,1
696,Silent Valley National Park Range Office,1
696,Silent Valley Watch Tower,1
696,നെച്ചുള്ളി course collection,1
697,0,1
697,Alleppey Beach,1
697,Alleppey Lighthouse,1
697,INTERNATIONAL COIR MUSEUM,1
697,Kreupasanam museum,1
698,"JAGANNATH TEMPLE ,SWARGADWAR GHAT (ଜଗନ୍ନାଥ ମନ୍ଦିର) ସ୍ୱର୍ଗଦ୍ୱାର ଘାଟ",1
698,Lord Jagannath,1
698,"Shree Gundicha Temple, Puri, Odisha, India",1
698,"ଗୋପୀନାଥ ମନ୍ଦିର Gopinatha Temple, Puri, Odisha",1
698,"ବଡ ଦେଉଳ , ପୁରୀ",1
699,Kurudua waterfall,1
699,Ludu waterfall,1
699,Shrambi Waterfall,1
699,Surulu waterfall,1
699,Usurumuha waterfall,1
700,Bhagabat Darshan (ISKCON),1
700,Iskcon Bhubaneswar Prasadam,1
700,Parsurameswara Temple,1
700,Temple City Bhubaneswar,1
700,ଇସ୍କନ ମାଉସୀ ମା ମନ୍ଦିର ISKCON Mausima Mandira,1
701,0,1
701,GADHI PAHADA,1
701,Haladiapada anikat,1
701,"Sitakunda, Barunei",1
701,Tapanga Dalabehera statue,1
702,Bhetabar dam (pratap),1
702,Bhetabara dam,1
702,Darpanarayanpur Dam,1
702,Mahanapur Dam,1
702,Randa Dam,1
703,Hanuman Temple,1
703,Rasabihari Temple,1
703,Shmashana Chandi Mandira,1
703,Siba Mandir,1
703,ଶ୍ରୀ ନୀଳମାଧବ ମନ୍ଦିର,1
704,0,2
704,Mandasaru Eco Tourism Center,1
704,Mandasaru Nature Camp,1
704,"Pisogrundu Waterfall, Mandasaru",1
705,"Aircraft View Point,Bhubaneswar",1
705,"Ananta Gumpha, Khandagiri",1
705,Elephant Gumpha,1
705,Kharavela park,1
705,Udayagiri and Khandagiri Caves,1
706,Baghalati Dam View Point,1
706,"Bariapathara Waterfall, Ganjam",1
706,Harabhangi Dam,1
706,Mankadadian Waterfall,1
706,Ramaguda Dam,1
707,0,1
707,Katramala Waterfall,1
707,Putudi Waterfall,1
707,Urmagarh Waterfall (ଉ‍ର୍ମା ଗଡ଼ ଜଳପ୍ରପାତ),1
707,Urmagarh Waterfall Square,1
708,Jajangi Sahi Picnic Spot,1
708,Maa Baguladei Picnics Spot,1
708,Nayagarh Children Park,1
708,Patabandha Dam,1
708,banasur picnic spot,1
709,Deras Dam,1
709,Deras farm house,1
709,Devi Dwara,1
709,Jhumka Dam,1
709,Maa Baguladei Picnics Spot,1
710,Jagannath Temple,1
710,Pancharatha Temple,1
710,Sailashree Palace,1
710,Sonepur Sangam,1
710,Subarnameru Shiva Mandir,1
711,Budha Budhiani Dam,1
711,Maa ramachandi picnic place,1
711,Panipoila Dam,1
711,Sunamuhin Dam,1
711,Sunamuhin Park & Tourist Place,1
712,Athmallik Mahanadi River bridge,1
712,Athmallik Palace,1
712,Binikei Temple,1
712,Sri Deuli Jhari Temple,1
712,Tangianisha bandha,1
713,Dudhua Baruni,1
713,Jamunalia Hill,1
713,Luipa Hill station,1
713,Machhakandana Top,1
713,Tunki Waterfall and LORD SHIVA LINGA,1
714,Baghua Dam ବାଘୁଆ ଡ୍ୟାମ,1
714,Budha Budhiani Dam,1
714,Khandala Range,1
714,Salia River,1
714,Salia dam Picnic place,1
715,Satakosia Mahanadi Eco Village Baliput Kamaladiha,1
715,Satkosia,1
715,Satkosia Eco Resort,1
715,Satkosia Eco village,1
715,"Tikarpada Nature Camp, Satkosia",1
716,Katramala Waterfall,1
716,Pakdajhar Waterfall,1
716,Putudi Waterfall,1
716,Urmagarh Waterfall Square,1
716,Urmagarh waterfall Entry gate,1
717,Bramheswara Temple,1
717,Mukteswara Temple,1
717,Parsurameswara Temple,1
717,"Rajarani Temple, Bhubaneswar",1
717,Rameshwar Temple,1
718,Derjang Dam Picnic Spot,1
718,Kukudanga Picnic Spot,1
718,Kurudol,1
718,Maa Maheswari Temple,1
718,Patharadarha Picnic Spot,1
719,Mahanadi River View (Sunset Point) ମହାନଦୀ ରିଭର୍ ଭିଉ,1
719,Mahanadi Riverview,1
719,Mundali Barrage Viewpoint,1
719,Naraj River View,1
719,View Point of Mahanadi,1
720,0,1
720,Asuradhipa Badasahi Bhagabat Temple,1
720,Budha Budhiani Dam,1
720,Maa Dakhinakali Temple,1
720,Sri Raghunath Temple,1
721,Garjan Khol Waterfall,1
721,Jatiapat waterfall,1
721,Kainjhar Waterfall,1
721,Khajuribani Waterfall,1
721,Tenteinali Waterfall ଟେଣ୍ଟଇନାଳି ଜଳପ୍ରପାତ,1
722,Odisha State Museum,1
722,Pathani Samanta Planetarium,1
722,Regional Museum of Natural History,1
722,Science Park,1
722,State Tribal Museum,1
723,Bhabinipur ghai/water reserve,1
723,Gautam Buddha Circle,1
723,Ghodeisuni Temple,1
723,Rock Garden,1
723,Selfie Point,1
724,Cricket Ground,1
724,"Deb Jharan Waterfall, Jujomura",1
724,"Guest House, Thengo dam",1
724,Hanuman Temple,1
724,"SUNDAY WEEKLY MARKET, THENGO DAM",1
725,"Kurmingia Waterfall, Rajagada",1
725,"Kurmingia, g.udayagiri",1
725,Ladu Waterfall,1
725,"Pisogrundu Waterfall, Mandasaru",1
725,Putudi Waterfall,1
726,"Bandar bridge, Gopalpur on sea",1
726,Board walk,1
726,Broken Bunglow,1
726,Gopalpur bridge,1
726,Gopalpur bridge to beach,1
727,BAGHA CHANCHADA Water Fall,1
727,Baghalati Dam View Point,1
727,Kolingadola Anicut,1
727,Ramaguda Dam,1
727,Ramaguda Reservoir,1
728,BAGHA CHANCHADA Water Fall,1
728,Kundadali Waterfall Merikote,1
728,"Kurmingia Waterfall, Rajagada",1
728,Mankadadian Waterfall,1
728,Pataleswari waterfall,1
729,Bada Ghagara Waterfall,1
729,Giridibandha Waterfall,1
729,Khajuribani Waterfall,1
729,Patahara waterfall,1
729,Sanaghagara Waterfall,1
730,Banki Maa Charchika Temple Shakti Peeth,1
730,Bhattarika Temple view point,1
730,Maa Bhattarika Children's park,1
730,Maa Mangala Temple,1
730,Sarbeswera dev temple,1
731,Gramdevi Temple,1
731,M.Ghati Ratnei tample RD S.Gopalpur (G.P),1
731,Maa BeheraPatra Temple,1
731,TAPTAPANI HOT SPRING,1
731,Taptapani Picnic Spot,1
732,Aryapalli Marine Beach,1
732,Gopalpur beach new,1
732,Gopalpur bridge to beach,1
732,Haripur Sea Beach,1
732,Sea Beach Park ବେଳାଭୂମି ଉଦ୍ୟାନ,1
733,0,1
733,Pathani Samanta Planetarium,1
733,Regional Museum of Natural History,1
733,Regional Science Centre,1
733,State Tribal Museum,1
734,Deo Dam,1
734,Hati Bari Dam,1
734,Hati Daraha Waterfall,1
734,Hatibari Dam (Deo Dam),1
734,Tilabadi Dam Odisha,1
735,Aquarium maritime museum,1
735,Boat Shed,1
735,I Love Cuttack,1
735,Mahanadi River View (Sunset Point) ମହାନଦୀ ରିଭର୍ ଭିଉ,1
735,Netaji Birth Place Museum - Cuttack,1
736,"Kurukeswar Temple, Kurukhi Hill",1
736,Kuruki hills,1
736,Kuruki hills Station,1
736,Sunset Point,1
736,Udayagiri and Khandagiri Caves,1
737,Badrama wildlife sanctuary gate,1
737,Debrigarh Wildlife Sanctuary,1
737,USHAKOTHI ANIMAL VIEW POINT,1
737,USHAKOTHI ELEPHANT WATCH TOWER,1
737,University Spot (Badrama Wildlife Sanctuary),1
738,"Bandeli, Goilkana Waterfall",1
738,GADGADA WATERFALL,1
738,Goyal Kana Waterfall,1
738,Ramkasi Waterfall | ରାମକାସି ଝରଣା,1
738,Waterfall Scenery,1
739,Akash Jhara Waterfall Ghusuridanga,1
739,Andharakoti Waterfall,1
739,Ladu Waterfall,1
739,"Pisogrundu Waterfall, Mandasaru",1
739,Putudi Waterfall,1
740,0,1
740,"Irrigation Dam,Teligad",1
740,Langudi hills,1
740,Pushpa giri,1
740,Ratnagiri Monastery,1
741,Chatikona Shiv Temple,1
741,"GADAGADA WATERFALL 2, CHATIKONA",1
741,GADGADA Waterfall,1
741,Gadgada Waterfall,1
741,"Gadgada Waterfall, Jamchuan",1
742,Buda kuda picnic spot,1
742,Gunapathar picnic spot,1
742,Kanpa Temple & Picnic Spot,1
742,Panisialighat Picnic Spot,1
742,"Shiva Temple,Paikbahal",1
743,Badibahal nalla mini waterfall,1
743,Bhai Bhauni Dhara,1
743,Pitabali Waterfall Ogi,1
743,SURESHWARI WATERFALL,1
743,Subham Falls,1
744,Chilika Lake,1
744,Chilika Satapada Dolphin Habitat,1
744,Dolphin safari boat,1
744,Picnic Spot Satapada,1
744,Satapada Boating Association,1
745,Chachhradoro Waterfall,1
745,Gadgada Waterfall,1
745,"Gadgada Waterfall, Jamchuan",1
745,Khaing Waterfall,1
745,Rabandhar Waterfall,1
746,Ekamara Kshetra,1
746,Jayadev Vatika,1
746,Kuakhai River View,1
746,Sikhar Chandi Picnic Spot,1
746,Trip2odisha,1
747,Ekamra Kanan Botanical Gardens,1
747,Regional Museum of Natural History,1
747,Regional Science Centre,1
747,SAMANTA CHANDRASEKHAR PLANETARIUM,1
747,State Tribal Museum,1
748,Aryapalli Marine Beach,1
748,Garampeta new park,1
748,Gopalpur Sea Beach,1
748,Gopalpur beach new,1
748,Gopalpur bridge to beach,1
749,Bhairaghumar Waterfall,1
749,Chandandhara Waterfall,1
749,Mangaldora waterfall,1
749,Saidhara Waterfall,1
749,Waterfall ତେଲିଗୁଡ଼ା,1
750,Megheswar Temple,1
750,Mukteswara Temple,1
750,Parsurameswara Temple,1
750,"Rajarani Temple, Bhubaneswar",1
750,ଭାସ୍କରେଶ୍ୱର ମନ୍ଦିର Bhaskareswar Temple,1
751,"DABARKHOLA WATERFALL, BADAMBA",1
751,Dadaraghati Dam,1
751,Dhenkanal Forest Range,1
751,Nandinia Waterfall Hindol,1
751,Sri Sanischar Temple,1
752,Handibhanga Waterfall,1
752,Khandadhar Trekking Way,1
752,Khandadhar waterfall of Sundargarh,1
752,"Khandadhara Waterfall, Keonjhar",1
752,Uskala Waterfall,1
753,Bhimkund Keonjhar Side,1
753,Bijupattnaik Children's Park,1
753,Kanjhari Dam,1
753,Keonjhar Hill view,1
753,Sri Baladevjew Temple,1
754,Lokanatha Temple,1
754,Maa Jagulai Mandir,1
754,Markandeswar Temple 🛕,1
754,Trinatha temple,1
754,ବାଲିହରଚଣ୍ଡି ମନ୍ଦିର Baliharachandi Temple,1
755,"Mukhipata Waterfall, Manikera",1
755,Pakdajhar Waterfall,1
755,Putudi Waterfall,1
755,Urmagarh Waterfall (ଉ‍ର୍ମା ଗଡ଼ ଜଳପ୍ରପାତ),1
755,Urmagarh Waterfall Square,1
756,Bairagi halua/ Jimidipeta Waterfall,1
756,Durgapadu Waterfall,1
756,GADGADA WATERFALL,1
756,Masura waterfall,1
756,Way to Jimidipeta Waterfall,1
757,Bhairaghumar Waterfall,1
757,Dokrichanchara Waterfall,1
757,Goseindhara Waterfall,1
757,Saidhara Waterfall,1
757,Sindher Waterfall ସିନ୍ଧେର ଜଳପ୍ରପାତ,1
758,Camping site daragudisila,1
758,Danga Ghaat,1
758,Daragadisila,1
758,"Salandi Dam, Hadagarh",1
758,Sitabinji Rock & Cave,1
759,Gopinathpur Bridge,1
759,Gurudinala Bridge,1
759,"Panchama Hill Top, Badamba",1
759,ବଡ଼ ପଥର,1
759,ସୁନାମୁହିଁ ବନ୍ଧ,1
760,Daringbadi,1
760,Hill View Park,1
760,Jrunda Waterfall,1
760,Ludu waterfall,1
760,"Pisogrundu Waterfall, Mandasaru",1
761,Chhota Harishankar,1
761,Dunguripali dam,1
761,Gaikhai picnic spot,1
761,Kargankanta Park Pond,1
761,Picnic Spot Ambajharan,1
762,Jrunda Waterfall,1
762,LUDU waterfall square,1
762,Midubanda Waterfall,1
762,"Pisogrundu Waterfall, Mandasaru",1
762,Usurumuha waterfall,1
763,Chachhradoro Waterfall,1
763,"Gadgada Waterfall, Jamchuan",1
763,Khaing Waterfall,1
763,Nua Jharan Waterfall,1
763,Rabandhar Waterfall,1
764,Dhauli Shanti Stupa,1
764,Hanuman Temple,1
764,Hirapur Bimala mandir,1
764,Hirapur Tala Sahi Matha,1
764,Shree Trinatha Temple,1
765,Andharua Picnic Place For Feasts..All water and Electricity Available,1
765,Jhinkardiha Picnic Place (ଝିଙ୍କରଡ଼ିହ),1
765,Jhumka Dam,1
765,Kuakhai river view,1
765,Mahanadi View Point,1
766,0,1
766,Aakhandalamani Temple,1
766,Dadaraghati Dam,1
766,JAGA BALIA COMMUNICATION,1
766,Rengali dam shiva mandir,1
767,0,2
767,Harishankar Waterfall,1
767,Shiv Temple,1
767,ସ୍ଵାଗତ ହରିଶଙ୍କର,1
768,Gadgadi water fall,1
768,RATNAGANDA WATERFALL,1
768,Similijhar Waterfall,1
768,Srabani waterfall,1
768,"Theseri Waterfall, Badamba",1
769,0,1
769,Dhabaleswar Ghat,1
769,Mahanadi River View (Sunset Point) ମହାନଦୀ ରିଭର୍ ଭିଉ,1
769,Shiva Temple,1
769,Shiva temple,1
770,Bada jaria dam,1
770,Gadhia tutha,1
770,Mahanadi Riverside,1
770,Pandava Bakhara,1
770,Singhnath Temple,1
771,Baba Ladukeswar Temple,1
771,Baghua Dam ବାଘୁଆ ଡ୍ୟାମ,1
771,Similijhar Waterfall,1
771,Sunamuhin Dam,1
771,Sunamuhin Park & Tourist Place,1
772,0,1
772,Katramala Waterfall,1
772,Manikera HILL VIEW,1
772,Mukhipat waterfall,1
772,Sospadar Waterfall ସୋସପଦର ଜଳପ୍ରପାତ,1
773,0,1
773,Budhha Park,1
773,Nuapada Dam Boudh,1
773,Pakdajhar Waterfall,1
773,Paljhar Dam Boudh,1
774,BAGHA CHANCHADA Water Fall,1
774,"Bariapathara Waterfall, Ganjam",1
774,Gandahati Waterfall Ecological Park,1
774,Khasada Waterfall,1
774,Padmasambhava Statue,1
775,Devi Dwara,1
775,Pandava bakhra caves,1
775,Rinku Guide for Pandav Bakhara,1
775,Saat Bakhara,1
775,Singhnath Temple,1
776,0,1
776,Jrunda Waterfall,1
776,"Kurmingia Waterfall, Rajagada",1
776,Mandasaru Eco Tourism Center,1
776,Midubanda Waterfall,1
777,Deb Jharan Waterfall,1
777,Kacher Jharan Waterfall,1
777,Kuladera Waterfall,1
777,Mindmaster waterfall (Sardda Jor),1
777,Thengo Dam,1
778,"Eco Retreat Odisha, Satkosia",1
778,Satkosia Hill View resort,1
778,Tikarpada,1
778,"Tikarpada Nature Camp, Satkosia",1
778,Tikarpada Wildlife Sanctuary,1
779,"DABARKHOLA WATERFALL, BADAMBA",1
779,Deojhar Waterfall,1
779,Godipalli waterfall,1
779,Putudi Waterfall,1
779,Rajagiri Waterfall,1
780,Brudhakhola Gumpha,1
780,Budha Budhiani Dam,1
780,ROHIBANK BAGHUA PARK,1
780,Salia Dam,1
780,Sunamuhin Dam,1
781,Daringbadi,1
781,Herbal Garden Picnic Spot,1
781,Hill View Park,1
781,Picnic spot,1
781,Sunset Point(Silent Valley),1
782,Art Gallery,1
782,CKAC Beach,1
782,"Ecotourist park,(Forest park)",1
782,HAL Museum,1
782,Sabar Srikhetra Koraput,1
783,Ghaag waterfall,1
783,Handibhanga Waterfall,1
783,"Khandadhara Waterfall, Keonjhar",1
783,Murga Mahadev Temple & Waterfall,1
783,Pacheri waterfall,1
784,Akash Jhara Waterfall Ghusuridanga,1
784,Dakhinapura ghai,1
784,GHUDEISHUNI GANESH TEMPLE ON HILL,1
784,Maa Ghodeisuni temple,1
784,Way To Taratarini Temple OTDC Spot,1
785,Katramala Waterfall,1
785,Kumbidhar Waterfall,1
785,"Kurmingia Waterfall, Rajagada",1
785,Putudi Waterfall,1
785,"RUSHICHARA HILL VIEW, PHULBANI (KANDHAMAL)",1
786,0,1
786,Odisha State Museum,1
786,Pathani Samanta Planetarium,1
786,Regional Science Centre,1
786,State Tribal Museum,1
787,Balangir Sunrise,1
787,Chhota Harishankar,1
787,"Elephant hill,Barkani",1
787,"Forest Park, Balangir",1
787,Sonepur Royal Palace,1
788,Deer Park Sarlakani Sambalpur,1
788,Hirakhand Minar Budharaja Hill top park,1
788,Padma Keshari Park,1
788,Ramsagar Park & Musical Fountain,1
788,Sen Park,1
789,Baatra sahi waterfall,1
789,"Bariapathara Waterfall, Ganjam",1
789,"Gudguda Waterfall, Gajapati",1
789,Khasada Waterfall,1
789,Mankadadian Waterfall,1
790,Bada Theseri Waterfall,1
790,"DABARKHOLA WATERFALL, BADAMBA",1
790,DALAKA WATERFALL,1
790,Deojhar Udyan ଦେଓଝର ଉଦ୍ୟାନ,1
790,"Theseri Waterfall, Badamba",1
791,Dhauli Hills in Odisha,1
791,Kalinga War Battlefield,1
791,State Tribal Museum,1
791,Temple City Bhubaneswar,1
791,ଅଶୋକ ସ୍ତମ୍ଭ Dhauli Ashoka Pillar,1
792,Baitala Temple,1
792,Bramheswara Temple,1
792,Megheswar Temple,1
792,Parsurameswara Temple,1
792,ଭାସ୍କରେଶ୍ୱର ମନ୍ଦିର Bhaskareswar Temple,1
793,Pampasara Forest Chekpost,1
793,Satkosia Gorge Sanctuary,1
793,Tikarpada,1
793,"Tikarpada Nature Camp, Satkosia",1
793,tikarpada picnic spot,1
794,Akash Jhara Waterfall Ghusuridanga,1
794,Baatra sahi waterfall,1
794,Gandahati Waterfall Ecological Park,1
794,"Gudguda Waterfall, Gajapati",1
794,Mankadadian Waterfall,1
795,Baishnabagiri Park,1
795,Nayagarh Children Park,1
795,Suna muhi parjatan stali,1
795,Sunamuhin Dam,2
796,Chudanga Gada Fort,1
796,Dhauli Hills in Odisha,1
796,Iconic Pillars of Sisupalagada,1
796,Temple City Bhubaneswar,1
796,Udayagiri and Khandagiri Caves,1
797,"Eco Retreat Odisha, Satkosia",1
797,Satakosia Tiger Reserve Sanctury ସାତକୋଶିଆ ବ୍ୟାଘ୍ର ଅଭୟାରଣ୍ୟ,1
797,Satkosia Eco Resort,1
797,"Tikarpada Nature Camp, Satkosia",1
797,Tikarpada Wildlife Sanctuary,1
798,DEBRIGARH ECOTOURISM,1
798,Debrigarh Sanctuary,1
798,Deer Park,1
798,Hirakud dam,1
798,Ushakothi Wildlife Sanctuary,1
799,Dhauli Shanti Stupa,1
799,Odisha State Museum,1
799,Pathani Samanta Planetarium,1
799,Regional Museum of Natural History,1
799,Regional Science Centre,1
800,Similipal National Park,1
800,Similipal Tiger Reserve,1
800,Similpal nature camp,1
800,Simlipal big tree,1
800,Tiger reserve,1
801,0,2
801,Odisha Tour Packages,1
801,Tourism Orissa- Best Tour Operators in Bhubaneswar,1
801,Visit Orissa,1
802,Ekamara Kshetra,1
802,Ekamra Kanan Botanical Gardens,1
802,Elephant Gumpha,1
802,Kharavela park,1
802,Rani Gumpha,1
803,Andharua Picnic Place For Feasts..All water and Electricity Available,1
803,Bada jaria dam,1
803,Ekamara Kshetra,1
803,Jhumuka Eco Park,1
803,Kuakhai River View,1
804,Bhitarakanika Crocodile Farm,1
804,Bhitarakanika jungle,1
804,Bhitarkanika,1
804,Bhitarkanika national park,1
804,Nature Camp Bhitarkanika Retreat,1
805,Dhauli Shanti Stupa,1
805,Dhauli View Point Odisha India,1
805,Kalinga War Battlefield,1
805,Light & Sound Show,1
805,Sisupalgarh Fort,1
806,Lalitagiri Buddhist Complex,1
806,Langudi Buddhist Archaeological Site,1
806,Ratnagiri Monastery,1
806,Udayagiri Monastery No.1,1
806,Udaygiri Monastery No.2,1
807,Dadaraghati picnic ground,1
807,Dandadhar Dam,1
807,Picnic spot,1
807,Rengali Dam,1
807,Sapua Project Dam. Hindol. Dhenkanal,1
808,Daringbadi Udayagiri Forest Range,1
808,"Gopalpur Sasan, Surada",1
808,Sarula forest,1
808,Sorada Park,1
808,ଗିରିଶୋଭିନୀ ପର୍ବତ,1
809,Gupta Ganga,1
809,"Jagannath Temple,Upargarh",1
809,Langudi Buddhist Archaeological Site,1
809,Ram Temple,1
809,Sri Jagannath Balaram and Suvadra Mandir,1
810,Eco retreat,1
810,Ekamara Kshetra,1
810,Ekamra Kanan Botanical Gardens,1
810,Odishaecoresort,1
810,Trip2odisha,1
811,Godipalli waterfall,1
811,MAA JURIKHAI WATERFALL,1
811,Rajagiri Waterfall,1
811,Srabani waterfall,1
811,chanchari waterfall,1
812,Biju Patnaik Park,1
812,Ekamra Kanan Botanical Gardens,1
812,I Love Bhubaneswar,1
812,Kalinga Nirvana,1
812,Parsurameswara Temple,1
813,Katramala Waterfall,1
813,"Kurmingia Waterfall, Rajagada",1
813,Pakdajhar Waterfall,1
813,"Rumadei Salunki Waterfall, Sainipadar (Kandhamal)",1
813,Urmagarh Waterfall Square,1
814,0,1
814,Bhedibahal waterfall,1
814,Gambharidihi Waterfall,1
814,Karlaghati hill,1
814,Turungagarh Dam,1
815,"DABARKHOLA WATERFALL, BADAMBA",1
815,Deojhar Park,1
815,Deojhar Waterfall,1
815,"NAREIJANI DAM, BADAMBA",1
815,"Theseri Waterfall, Badamba",1
816,BAGHA CHANCHADA Water Fall,1
816,Kalua Temple,1
816,Maa Kalua Mandir Bada sahi,1
816,Maa Kalua Temple,1
816,Mahuri Kalua Temple(ମହୁରୀ କାଳୁଆମନ୍ଦିର),1
817,BIG BEAR PICNIC SPOT,1
817,Bhimkund picnic spot,1
817,Gandhi Park,1
817,Kudarsahi Picnic spot,1
817,Zingalala Picnic Spot,1
818,0,1
818,Aayi Mandapam,1
818,Botanical Garden,1
818,Nooradi pallam,1
818,Pondicherry french colony,1
819,Fishing harbor front,1
819,Pondicherry Marina Beach,1
819,Promenade Beach Front,1
819,Rock Beach,1
819,White Sand Beach,1
820,0,5
821,0,2
821,Pondicherry Tours And Travels,1
821,Pondicherry Travels,1
821,Travels in Pondicherry,1
822,Brewbakes Cafe Pondicherry,1
822,Cafe Ole,1
822,Hope Cafe Pondicherry,1
822,Indian Coffee House,1
822,PY Cafe & Restaurant,1
823,Dream nursery,1
823,ILAI Nursery Garden,1
823,Nursery,1
823,Pondy Adenium,1
823,kerala nursery,1
824,0,5
825,Chandramouleeswarar Temple,1
825,TNT030-Thiruvakkarai Shiva Temple,1
825,Thiruvakkarai Mariamman Temple,1
825,அருள்மிகு அமிர்தேஸ்வரி உடனுறை சந்திர மௌலீசுவரர் திருக்கோயில் திருவக்கரை .,1
825,அருள்மிகு சுந்தரவிநாயகர் திருக்கோயில்,1
826,Angiras Garden,1
826,Auroville Garden,1
826,Matrimandir Garden of Existence,1
826,SVARAM - Musical Instruments and Research,1
826,Stone,1
827,Immaculate Conception Cathedral,1
827,Legion of Mary Senatus of Pondicherry,1
827,Notre Dame des Anges Church,1
827,St. Mary’s Catholic Church,1
827,The Sacred Heart Basilica,1
828,0,1
828,Chunnambar Boat House,1
828,Paradise Beach Boat Jetty,1
828,Paradise Island Beach,1
828,Sandunes Paradise beach,1
829,ARTHIS NURSERY GARDEN,1
829,Anand Farm Nursery,1
829,Nursery,1
829,Selvam Nursery,1
829,kerala nursery,1
830,0,1
830,Chitra & Co,1
830,Cluny Childrens Home,1
830,Jeeva Embroidery And Tailoring,1
830,Sri Lakshmi Emporium,1
831,0,5
832,0,5
833,Ashok Nagar Park II,1
833,Ashok Nagar Park அசோக் நகர் பூங்கா,1
833,Energy Education Park,1
833,Natesan Nagar Park,1
833,Rajiv Gandhi Children's Park,1
834,0,1
834,Air India Ltd.,1
834,Airport Parking,1
834,Helipad,1
834,Neyveli Airport,1
835,0,5
836,0,5
837,0,5
838,0,5
839,Great Fossil Tree,1
839,Sardar,1
839,Tamilnadu forest,1
839,Thiruvakkarai Redrock Cavern,1
839,Thiruvakkarai Sandstone Stream,1
840,Aayi Mandapam,1
840,Aye Mandap,1
840,Bharathi Park,1
840,Government park,1
840,Pondy Lady Graffiti,1
841,Cycle Tour in Pondichéry,1
841,Puducherry Tourism Information Centre,1
841,Samudra Adventures,1
841,Temple Adventures,1
841,Urban Nomad Adventure,1
842,0,3
842,B.R. Ambedkar Manimandabam,1
842,Dr BR Ambedkar Statue,1
843,Artistvalley,1
843,Centre d'Art des Citadines,1
843,Cripa,1
843,Pavilion of Tibetan Culture,1
843,Savitri Bhavan,1
844,0,1
844,KAMARAJ THIRUMANAMANDAPAM,1
844,KAMARAJAR THIRUMANA MANDAPAM,1
844,Kamaraj Statue,1
844,Memorial hall for Kamarajar,1
845,Auro Nursery Garden,1
845,Botanical Garden,1
845,Indian Gardens,1
845,Maliga home nursery garden,1
845,"Roshan's, The Garden Store, Pondicherry",1
846,Edan beach cottage,1
846,Eden Beach,1
846,Eden Beach - Blue flag Beach,1
846,Eden Beach Cottage,1
846,Eden Garden Beach,1
847,Immaculate Conception Cathedral,1
847,"Our Lady of Assumption Church, Nellithope",1
847,Our lady of angels church,1
847,St. Andrew's Church,1
847,St. Mary’s Catholic Church,1
848,Boat House,1
848,Chunnambar Boat House Parking,1
848,Paradise Beach,1
848,Paradise Beach Boat Jetty,1
848,Paradise Island Boat House,1
849,Immaculate Conception Cathedral,1
849,Notre Dame des Anges Church,1
849,"Our Lady of Assumption Church, Nellithope",1
849,St. Mary’s Catholic Church,1
849,The Sacred Heart Basilica,1
850,0,1
850,Pondicherry Tourist Guide,1
850,Pondicherry Tours And Travels,1
850,Puducherry Tourism Development Corporation,1
850,Puducherry Tourist Information,1
851,Big Market,1
851,Puducherry Regulated Market,1
851,Sunday Market,1
851,Thiru Annamalaiyar Fruit Shop,1
851,puducherry fish mrkt,1
852,Kalapet Beach,1
852,Puthupattu beach,1
852,Rock Beach,1
852,VILLUPURAM BEACH,1
852,harshini Travels,1
853,0,1
853,Ashok Nagar Park அசோக் நகர் பூங்கா,1
853,Bharathi Park,1
853,Children's Park,1
853,Natesan Nagar Park,1
854,Aranya Forest & Sanctuary,1
854,Atmasanga Environment Alliance,1
854,Pitchandikulam FOREST,1
854,Savitri Bhavan,1
854,Urban Forest Trails,1
855,Boat House,1
855,Chunnambar Boat House,1
855,Chunnambar Boat House Parking,1
855,Paradise Beach Boat Jetty,1
855,Paradise Island Beach,1
856,Beach Children Playground,1
856,Bharathi Park,1
856,JIPMER Gandhi Children's Park,1
856,Kids Play Area,1
856,Pondy Ocean Park,1
857,Chunnambar Boat House,1
857,Ossudu Lake Bird Sanctuary,1
857,Osudu Lake Bird Sanctuary,1
857,Oussudu Lake,1
857,"Outseri Boat House, Puducherry",1
858,Basavanna sun rise view point,1
858,Ediyar View Point,1
858,GS view Point,1
858,Rock Beach,1
858,Serenity Beach Sunrise Point,1
859,Holy Spirit Catholic Church,1
859,Our Lady of Rosary Church,1
859,ST. FRANCIS OF ASSISI CHURCH,1
859,St. Mary’s Catholic Church,1
859,The Sacred Heart Basilica,1
860,0,1
860,Beach Children Playground,1
860,Children's Park,1
860,Raja Rajeswari Nagar Children's Park,1
860,Rajiv Gandhi Children's Park,1
861,0,1
861,Aayi Mandapam,1
861,French War memorial,1
861,Mahakavi Bharathiyar Memorial Centre,1
861,Marquis Dupleix Statue,1
862,SRIDI SAI BABA TEMPLE,1
862,Shri Akshaya Shirdi Sai Baba Alayam,1
862,Shri Saibaba Temple,1
862,Sri Sai Maharaja Saibaba Temple,1
862,Sri Shirdi Saibaba,1
863,0,5
864,Goubert Road,1
864,Lighthouse Beach,1
864,New Light House,1
864,New Light House Entry,1
864,Promenade Beach Front,1
865,0,1
865,Cycle Tour in Pondichéry,1
865,Edward Goubert,1
865,Pondy cycle tour,1
865,Tasmai a Centre for Art & Culture,1
866,Fishing harbor front,1
866,PONDY MARINAA,1
866,Paradise Beach Boat Jetty,1
866,Paradise Island Boat House,1
866,Pondicherry Fishing Harbour,1
867,"CSI St. John’s Church, Puducherry",1
867,Holy Rosary Catholic Church,1
867,Immaculate Conception Cathedral,1
867,St. Mary’s Catholic Church,1
867,The Sacred Heart Basilica,1
868,Auroville Visitors Centre,1
868,Auroville: The City of Dawn,1
868,Matrimandir View Point,1
868,Savithri Bhavan,1
868,Sri Aurobindo Center For Studies India And The World,1
869,Bharathidasan Roof Top Garden,1
869,Big banyan tree,1
869,Botanical Garden,1
869,V.Dhanam Land,1
869,banyan tree 1,1
870,French War memorial,1
870,Goubert Road,1
870,Goubert Statue,1
870,Mahatma Gandhi Statue,1
870,Pondy Lady Graffiti,1
871,Auroville,1
871,Auroville Visitors Centre,1
871,Auroville golden globe,1
871,Matrimandir View Point,1
871,Savitri Bhavan,1
872,0,1
872,Aayi Mandapam,1
872,Aayi mandapam Main entrace,1
872,Bharathi Park,1
872,Selvarao Chetty Park,1
873,0,1
873,Botanical Garden,1
873,Shrub Bed,1
873,Urban Forest Trails,1
873,கல்மரம்,1
874,Arulmigu Sri Raja Rajeswari Amman Aalyaam,1
874,Arulmigu Sri Rajarajeshwari Alayam,1
874,KANNIGA PARAMESWARI TEMPLE,1
874,Shree Raja Rajeshwari Amman Aalayam,1
874,Sri Kamakshi Amman Temple,1
875,PONDY MARINAA,1
875,Pondicherry shore beach,1
875,Pondy Sunrise Beach,1
875,Rock Beach,1
875,White Sand Beach,1
876,0,1
876,Aayi Mandapam,1
876,Aayi mandapam Main entrace,1
876,Bharathi Park,1
876,Children's Park,1
877,0,1
877,Architecture Interspace,1
877,Design Collaborative,1
877,Deva's Mottamadi,1
877,Picture Spot - Outside Heritage House,1
878,Auroville,1
878,Auroville Visitors Centre,1
878,Matrimandir View Point,1
878,Savitri Bhavan,1
878,Sri Aurobindo Center For Studies India And The World,1
879,Ayyankovilpattu Dam,1
879,Pakkiripalayam Bridge,1
879,Sedarapet Lake,1
879,Sengadu-Maathur Dam (Pamba water reservoir),1
879,Sompet lake,1
880,Bharathi Park,1
880,Boat Club,1
880,GARRUDA PARK,1
880,Kazhuveli Wetland Bird Sanctuary,1
880,Ossudu Lake Bird Sanctuary,1
881,Arulmigu Manakula Vinayagar Devasthanam,1
881,Mahatma Gandhi Statue,1
881,Pondy Lady Graffiti,1
881,Sri Ananda Rangapillai Mansion,1
881,Sri Vedantha Ashramam,1
882,0,1
882,Paradise Beach Boat Jetty,1
882,Paradise Island Beach,1
882,Pudukuppam Beach - புதுக்குப்பம் கடற்கரை,1
882,Sandunes Paradise Beach - Tourist Spot,1
883,New Light House,1
883,PONDY MARINAA,1
883,Promenade Beach Front,1
883,Rock Beach,1
883,White Sand Beach,1
884,Aurbindo Ashrams food centre,1
884,PED Sri Aurobindo Ashram,1
884,Sri Aurobindo Ashram Art department,1
884,Sri Aurobindo Society,1
884,Sri Vedantha Ashramam,1
885,Beach Children Playground,1
885,Pondicherry Marina Beach,1
885,Rock Beach,1
885,Sea Beach ️,1
885,White Sand Beach,1
886,Bharathi Park,1
886,Mahatma Gandhi Statue,1
886,Marquis Dupleix Statue,1
886,Pondicherry french colony,1
886,Puducherry Kargil War Memorial,1
887,0,5
888,Boat Point Fishing Harbour,1
888,Department Of Fisheries And Fishermen Welfare,1
888,Fishing harbor front,1
888,PONDY MARINAA,1
888,Puducherry Meenpidi Thuraimugam,1
889,New Paradise Beach,1
889,Paradise Beach Boat Jetty,1
889,Pudukuppam paradise Beach,1
889,SANDUNES BEACH,1
889,Sandunes Paradise beach,1
890,0,5
891,PONDY MARINAA,1
891,Pondicherry Marina Beach,1
891,Pondy Marina view point,1
891,Rock Beach,1
891,Rock beach view point,1
892,New sand Beach,1
892,PONDY MARINAA,1
892,Paradise Island Beach,1
892,Pondicherry Marina Beach,1
892,Puducherry Beach,1
893,Goubert Road,1
893,Picture Spot - Outside Chitra's Cuisine,1
893,Picture Spot - Outside Heritage House,1
893,Picture Spot - Outside Via Pondicherry,1
893,Rock Beach,1
894,Login Tourism,1
894,Pondicherry,1
894,Pondy cycle tour,1
894,Puducherry,1
894,Puducherry Beach,1
895,Paradise Beach,1
895,Paradise Beach Boat Jetty,1
895,Pudukuppam paradise Beach,1
895,Rock Beach,1
895,Sandunes Paradise Beach - Tourist Spot,1
896,Auroville,1
896,Auroville Matrimandir,1
896,Mango Garden,1
896,Matrimandir Lake First Section,1
896,Matrimandir View Point,1
897,Goubert Road,1
897,New sand Beach,1
897,Pondicherry shore beach,1
897,Pondy Sunrise Beach,1
897,Rock Beach,1
898,0,1
898,BHARATHIDASAN MUSEUM,1
898,Botanical Garden,1
898,Mahakavi Bharathiyar Memorial Centre,1
898,Puducherry Museum,1
899,Botanical Garden,1
899,Cycle Tour in Pondichéry,1
899,Dhurai aarumugam foundation,1
899,Nature Centre Block,1
899,Pondicherry french colony,1
900,Pondicherry Marina Beach,1
900,Pondicherry shore beach,1
900,Pondy Sunrise Beach,1
900,Promenade Beach Front,1
900,White Sand Beach,1
901,Boat Club,1
901,Oosudu Lake Park,1
901,Ossudu Lake Bird Sanctuary,1
901,Osudh lake,1
901,Osudu Lake Bird Sanctuary,1
902,New sand Beach,1
902,Pondicherry shore beach,1
902,Pondy Sunrise Beach,1
902,Rock Beach,1
902,White Sand Beach,1
903,KANNIGA PARAMESWARI TEMPLE,1
903,Shri Thirukameswarar Koil,1
903,Shri Vedapuriswarar Temple,1
903,Sri Gangavaraaga Natheeswarar Temple,1
903,அருள்மிகு ஸ்ரீ காசி விசாலாக்ஷி சமேத ஸ்ரீகாசி விஸ்வநாதர் தேவஸ்தானம்,1
904,Gurusami Nadar Valagam,1
904,IllayaThalaphathy Rasigar Mandram,1
904,Modi island,1
904,New Bridge,1
904,Oussudu Lake,1
905,Goubert Road,1
905,Pondicherry french colony,1
905,Puducherry,1
905,Puducherry Beach,1
905,Puducherry Museum,1
906,Children's Park,1
906,FUN WORLD,1
906,New Paradise Beach,1
906,POGO LAND - Amusement Park in Pondicherry,1
906,Rainbow Nagar West Water Tank,1
907,Edan beach cottage,1
907,Eden Beach - Blue flag Beach,1
907,Eden Beach Cottage,1
907,Eden Beach Path,1
907,Eden Garden Beach,1
908,0,5
909,BHARATHIDASAN MUSEUM,1
909,Bharathi Park,1
909,Bharathidasan Memorial,1
909,Botanical Garden,1
909,Puducherry Museum,1
910,KANNIGA PARAMESWARI TEMPLE,1
910,Shri Ayyappan Temple,2
910,Sri Kamakshi Amman Temple,1
910,Sri Varadaraja Perumal Temple,1
911,Pondy Sunrise Beach,1
911,Rock Beach,1
911,Serenity Sunrise Beach Resort,1
911,Serenity beach,1
911,White Sand Beach,1
912,Edan beach cottage,1
912,Eden Beach,1
912,Eden Beach Cottage,1
912,Eden Beach Path,1
912,White Sand Beach,1
913,Bharathi Park,1
913,Pondicherry,1
913,Pondicherry french colony,1
913,Pondicherry shore beach,1
913,White Sand Beach,1
914,Arulmigu Angalaparameswari Amman Temple,1
914,Arulmigu Manakula Vinayagar Devasthanam,1
914,Sri Ayyappa Swamy Temple Pondicherry,1
914,Sri Kamakshi Amman Temple,1
914,Sri Varadaraja Perumal Temple,1
915,Pondicherry shore beach,1
915,Pondy Sunrise Beach,1
915,Rock Beach,1
915,Sea Beach ️,1
915,White Sand Beach,1
916,Arulmigu Manakula Vinayagar Devasthanam,1
916,KANNIGA PARAMESWARI TEMPLE,1
916,Shri Varadaraja Perumal Temple,1
916,Shri Vedapuriswarar Temple,1
916,Sri Varadaraja Perumal Devasthanam,1
917,Notre Dame des Anges Church,1
917,Our lady of angels church,1
917,ST. FRANCIS OF ASSISI CHURCH,1
917,St. Mary’s Catholic Church,1
917,The Sacred Heart Basilica,1
918,Light House,1
918,Lighthouse Beach,1
918,New Light House Entry,1
918,Pondicherry french colony,1
918,Rock Beach,1
919,Pondicherry shore beach,1
919,Pondy Sunrise Beach,1
919,Rock Beach,1
919,Serenity Beach Sunrise Point,1
919,Serenity Sunrise Beach Resort,1
920,Arulmigu Manakula Vinayagar Devasthanam,1
920,Bharathi Park,1
920,Mahatma Gandhi Statue,1
920,Pondy Lady Graffiti,1
920,Puducherry Museum,1
921,Church,1
921,Holy Rosary Catholic Church,1
921,Notre Dame des Anges Church,1
921,"OUR LADY OF LOURDES SHRINE, Villianur",1
921,St. Andrew's Church,1
922,Bharathiar Statue,1
922,Bharathidasan Memorial,1
922,Mahakavi Bharathiyar Memorial Centre,1
922,PUDHUVAI MUSEUM,1
922,Puducherry Museum,1
923,Auroville Beach,1
923,Pondicherry shore beach,1
923,Serenity Beach Sunrise Point,1
923,Serenity beach,1
923,White Sand Beach,1
924,Craft Bazaar,1
924,Goubert Market,1
924,Papsco Uzhavar Santhai,1
924,Saram Market,1
924,puducherry fish mrkt,1
925,Auroville Matrimandir,1
925,Auroville golden globe,1
925,Matri Mandir Visitor's Centre,1
925,Matrimandir Lake First Section,1
925,Savitri Bhavan,1
926,0,1
926,Bharathi Park,1
926,Mahatma Gandhi Statue,1
926,Pondicherry french colony,1
926,Rock Beach,1
927,Bharathi Park,1
927,French War memorial,1
927,Pondicherry,1
927,Puducherry Museum,1
927,Rock Beach,1
928,Arulmigu Manakula Vinayagar Devasthanam,1
928,Marquis Dupleix Statue,1
928,Pondy Lady Graffiti,1
928,Puducherry Museum,1
928,Rock Beach,1
929,Goubert Road,1
929,New sand Beach,1
929,Pondicherry Marina Beach,1
929,Pondicherry shore beach,1
929,Sea Beach ️,1
930,Beach Children Playground,1
930,Botanical Garden,1
930,Pondicherry french colony,1
930,Puducherry Beach,1
930,Rock Beach,1
931,Holy Rosary Catholic Church,1
931,Immaculate Conception Cathedral,1
931,Our lady of angels church,1
931,ST. FRANCIS OF ASSISI CHURCH,1
931,St. Mary’s Catholic Church,1
932,Bharathi Park,1
932,Botanical Garden,1
932,Mahatma Gandhi Statue,1
932,Pondicherry,1
932,Pondicherry french colony,1
933,Bharathi Park,1
933,Nature Centre Block,1
933,Pondicherry french colony,1
933,Puducherry Museum,1
933,buddha park,1
934,0,1
934,KANNIGA PARAMESWARI TEMPLE,1
934,Sri Ayyappa Swamy Temple Pondicherry,1
934,Sri Kamakshi Amman Temple,1
934,Sri Varadaraja Perumal Temple,1
935,Chikka Channabasaveshwara temple,1
935,Gosala Sri Channabasaveshwara Swami Gudi,1
935,Sri Nagalingeshwara Temple,1
935,Sri Ragavendraswamy Temple,1
935,Sri Vasavi Kanyaka Parameshwari Temple,1
936,Killa Torgal,1
936,Old Fort,1
936,Parasgad Fort,1
936,Ramdurg Fort,1
936,Torgal Fort Mosque,1
937,Kanakadasa Palace Bada Shiggavi Taluk,1
937,Old Kacheri Garden,1
937,Shri Durgadevi Temple,1
937,Ustav rock gardan,1
937,Utsav Rock Garden Resort,1
938,Gokarna Main Beach,1
938,Gokarna Shiva Athmalinga,1
938,Shiva temple,1
938,Shree Maha Ganapati Dev temple Gokarna,1
938,Sri Mahabaleshwara Swami Temple Gokarna,1
939,Bhima Gateway Hampi,1
939,Hampi Archeological Ruins,1
939,Lotus Mahal,1
939,Queen's Bathhouse,1
939,ವಿಠ್ಠಲರಾಯ ಕೊಳ - ಹಂಪಿ,1
940,"ISKCON Sri Krishna Balarama Temple, Dharwad",1
940,Nuggikeri,1
940,Sadhanakeri Garden,1
940,Shri Datta Devasthana,1
940,ನುಗ್ಗಿಕೇರಿ,1
941,Drepung Loseling Gowo Khamtsen,1
941,Gaden Jangtse Norling College,1
941,LAMA CAMP No.2,1
941,Mundagodu Tibetan Monastery,1
941,Rato Dratsang,1
942,0,1
942,Bidar Fort,1
942,Dulhan Darwaza,1
942,Takhat mahal,1
942,Tarkash Mahal,1
943,"Bio-Diversity Park, RIE Mysuru",1
943,Botanical Garden Lingambudhi Lake,1
943,Kuvempu Vana,1
943,Lingambudhi Park,1
943,Sri Chamarajendra Zoological Gardens,1
944,0,1
944,Jog Falls Viewpoint,1
944,Joga Falls Entry Gate (ಜೋಗ ಜಲಪಾತ ಹೆಬ್ಬಾಗಿಲು),1
944,Joga Falls View Point,1
944,Raja Falls,1
945,Badami Cave Temple - 1,1
945,Badami Cave Temples,1
945,Lower Shri Shivalaya Gudi,1
945,"Shri Shakambhari Banashankari Shakti Peetha, Cholachagudda, Badami",1
945,Upper Shri Shivalaya Gudi,1
946,0,1
946,Ancient Laxmi lingana temple laxmeshwar,1
946,Shiva temple,1
946,Subramanya Swami Temple,1
946,ರಾಯಣ್ಣ ಉದ್ಯಾನವನ,1
947,Agani Peak,1
947,Deepadha Kallu Peak,1
947,Jenukallu Betta Peak,1
947,Sri Bettada Bhairaveshwara Temple,1
947,ಪಾಂಡವರ ಬೆಟ್ಟ,1
948,Devakara (Kanuru) Waterfalls,1
948,Kallare Water Falls,1
948,Sathodi Falls,1
948,Shirley Cross Bus Stop,1
948,ಕೆಪ್ಪಜೋಗ ಜಲಪಾತ - Kyappajoga Falls,1
949,Badami Cave Temple - 1,1
949,Badami Cave Temples,1
949,Cave 3 at Badami,1
949,Upper Shri Shivalaya Gudi,1
949,ಬಾದಾಮಿ ಕೋಟೆ,1
950,Harrbali Viewpoint,1
950,Hilltop Sunset View,1
950,Hoovadiga MADHAYYA circle,1
950,Rama Teertha,1
950,Shree Maha Ganapati Dev temple Gokarna,1
951,Madaga Old Fort,1
951,Madaga Water Falls,1
951,Madaga canal gate,1
951,Shivasharane Madagada Kenchamma Devi Temple Madaga Masuru.,1
951,ಸಾಲು ಮರದ ತಿಮ್ಮಕ್ಕ ಸಸ್ಯೋದ್ಯಾನವನ,1
952,Ramalingeshwar Temple (Kalagudi),1
952,Rani Chennamma Samadi,1
952,Shivalinga Temple,1
952,Shri Basaveshwar Temple,1
952,Well at Bailhongal,1
953,Shanti Sagara Water Channel,1
953,Shanti Sagara water channel view point,1
953,Sulekere Lake View point,1
953,"The Serene, Shanti Sagara,",1
953,Water Boating,1
954,Blue whale beach,1
954,"Malpe Beach, Udupi",1
954,"St Mary's Island Boating Office, Malpe Beach, Malpe",1
954,St.Mary's Island Entrance Gate,1
954,Virgin Beach Udupi,1
955,Bengaluru Fort,1
955,Bengaluru Palace,1
955,Cubbon Park,1
955,Kempegowda Museum,1
955,Kempegowda Tower,1
956,Chakra Temple,1
956,Ravana Phadi,1
956,Shri Durga Temple Complex,1
956,Sri Durgadevi Temple,1
956,Sri Hallibassappa Gudi,1
957,Dannayaka Enclosure,1
957,Hampi Archeological Ruins,1
957,Krishna Sante Street,1
957,Queen's Bathhouse,1
957,Royal Palace,1
958,Dattatreya Temple,1
958,Shree Nanneshwara Temple,1
958,Shree Someshwara Temple,1
958,Sri Saraswathi Temple,1
958,Vishwaguru Basaveshwara statue,1
959,Jain Temple Lakkundi,1
959,Sri Brahma Jinalaya (Basadi),1
959,Sri Kashivishveshwara Temple (Lakkundi),1
959,Sri Kumbareshwara Temple (Lakkundi),1
959,Sri Trikuteshwara Temple,1
960,Gadag,1
960,Gadag Zoo,1
960,Gangadevi Statue(ಗಂಗಾದೇವಿ ಪ್ರತಿಮೆ),1
960,Sri Trikuteshwara Temple,1
960,ಭೀಷ್ಮ ಕೆರೆ,1
961,Achyuta Raya Temple,1
961,Hampi Archeological Ruins,1
961,Hampi Temple,1
961,Shree Varahaswaami Gudi,1
961,"Virupaksha Temple, Hampi",1
962,"Shri Jagadguru Moorusavirmath Vidyavardhak Sangha, Hubballi",1
962,Shri Someshwara Temple,1
962,Siddharoodha Mahadwara,1
962,Siddharudha Swamy Dwara,1
962,Sidharud Swami Math,1
963,Katti Basaveswara Temple,1
963,Mylaar Lingeshwar Temple,1
963,Sri Kalleshwara Swami Temple - (Bagali),1
963,Ugranarasimha Temple,1
963,ಮುಳ್ಳು ಗದ್ದುಗೆ ಪೂಜೇ ಮಂದಿರ,1
964,Freedom Park Old Shimoga Jail,1
964,Gandhi Bazaar Park,1
964,Gandhi Nagar Park,1
964,Jayachamarajendra Ornitho park,1
964,Ravindranagar Park,1
965,Belagavi Fort,1
965,Kamala Basadi - Belagavi,1
965,Military Mahadeva Children's Park,1
965,Shri Military Durga Devi Temple,1
965,Sri Kapileshwara Devasthana,1
966,"Aquarium, Glass House",1
966,"ISKCON Sri Krishna Balarama Temple, Dharwad",1
966,"Musical Fountain,Glass House",1
966,Nrupatunga Betta View Point 1,1
966,garden,1
967,Aanegundi Fort,1
967,Anegundi Land Fort,1
967,Anegundi Palace Ruins,1
967,Devaghat,1
967,Kadalekalu Ganesha,1
968,Achyuta Raya Temple,1
968,Hampi Archeological Ruins,1
968,Kadalekalu Ganesha,1
968,Lakshmi Narasimha Temple,1
968,Shree Badavilinga Gudi,1
969,Booteshwara Temple,1
969,Gopalakrishna Temple,1
969,Keladi Museum and Historical Research Bureau,1
969,Shri Keladi Temple,1
969,Temple,1
970,Channagiri Betta Trek Start Point,1
970,Chennagiri Trekking Top,1
970,Kalawarabetta (Skandagiri),1
970,Kauravakunda Trek Start Point,1
970,Nandi Hills Trek Starting Point,1
971,Hole Malleshwara Swamy Temple,1
971,Sakleshpur Lake Park (Ayyappa Swamy Temple),1
971,Shree Vasavi Kanyakaparameshwari Temple,1
971,Sri Bettada Bhairaveshwara Temple,1
971,bykere basavanna temple,1
972,Hampi Archeological Ruins,1
972,Tungabhadra Bukka Aqueduct Hampi,1
972,Tungabhadra Falls,1
972,Water falls Hosur,1
972,Waterfall Guesthouse,1
973,Chikka HariHareshwara Temple,1
973,Ram Mandir Park,1
973,Shri Mahalakshmi Devi Temple,1
973,ಏಕನಾಥೇಶ್ವರಿ ದೇವಾಲಯ,1
973,"ಮಹಜೇನಹಳ್ಳಿ ಗ್ರಾಮದೇವತೆ ದೇವಸ್ತಾನ, ಹರಿಹರ / Ooramma Temple, Harihar",1
974,Asar Mahal,1
974,Fort Bijapur,1
974,Ibrahim Adil Shah II,1
974,Ibrahim Rouza Kabristan,1
974,Jod Gumbaj Tombs,1
975,Bear hills - ಕರಡಿ ಗುಡ್ಡ (ಕರಜಗಿ),1
975,Kaginele Park,1
975,Utsav Rock Garden,1
975,ದುಂಡಿಬಸವೇಶ್ವರ ಹೊಂಡ - Dundibasaweshwara Pond,1
975,ಸ್ವಾತಂತ್ರ್ಯ ಹೋರಾಟಗಾರ ಮೈಲಾರ ಮಹಾದೇವಪ್ಪನವರ ಸಮಾಧಿ,1
976,Gudi Elephant Stable,1
976,Hampi Archeological Ruins,1
976,Lakshmi Narasimha Temple,1
976,Matanga Hill,1
976,Zanana Enclosure,1
977,Butterfly Garden,1
977,Mahatma Gandhi Park,1
977,Srimanthi Bai Memorial Government Museum,1
977,Sultan Bathery,1
977,tannirubavi tree park,1
978,Bhima's Gateway,1
978,Hampi Archeological Ruins,1
978,Queen's Bathhouse,1
978,Stone Doors,1
978,Zanana Enclosure,1
979,Daria Daulat Bagh,1
979,Lal Mahal Palace,1
979,Srirangapattana Ghat,1
979,Tippu's Death place,1
979,Tipu Sultan Summer Palace And Museum,1
980,Bengre Estuary,1
980,Delta Point,1
980,"Malpe Beach, Udupi",1
980,Mattu Beach View Point,1
980,Virgin Beach Udupi,1
981,Gendekatte Forest,1
981,Gorooru Dam,1
981,Haluvagilu Waterfall,1
981,Hemavathi Bridge Goruru Dam,1
981,Hemavathi backwaters,1
982,Devakara (Kanuru) Waterfalls,1
982,Devikallu View Point,1
982,Lalguli Falls,1
982,Magod Waterfalls,1
982,ಮಾವಿನಗದ್ದೆ,1
983,0,1
983,"BHADRA TIGER RESERVE , Muthodi safari",1
983,Bhadra Tiger Reserve,1
983,"Bhadra Wildlife Range, Faculty Quarters",1
983,Mandagadde Bird Sanctuary,1
984,Municipal Park,1
984,Pipe line park,1
984,Tree Park (City Tree Park),1
984,ಕನಕಪುರ ಉದ್ಯಾನವನ,1
984,ಕಾನಕನಹಳ್ಳಿ ಉದ್ಯಾನವನ ಕನಕಪುರ ಟೌನ್,1
985,Kadalekalu Ganesha,1
985,Shree Badavilinga Gudi,1
985,Shree Varahaswaami Gudi,1
985,Sri Guddada Moola Virupaksha Gudi,1
985,Sri Krishna Temple,1
986,Dandiganahally Kere,1
986,Haluvagilu Waterfall,1
986,Hirihally Kere,1
986,Janivara lake boating point,1
986,Tom bridge,1
987,Gudibande Fort,1
987,Gurukulanagenahalli water falls ಶ್ರೀನಿವಾಸ ಸಾಗರ dam,1
987,Nandi Hills,1
987,Nandi water falls,1
987,Srinivaspura Dam (Sagara),1
988,Freedom Fighter's Park,1
988,Rekha Digital Cool Parlour,1
988,"Science Park, RIE Mysuru ವಿಜ್ಞಾನ ಉದ್ಯಾನವನ",1
988,Snow City Mysuru,1
988,Water Park (ವಾಟರ್ ಪಾರ್ಕ್),1
989,Mookambika Wildlife Sanctuary - Kodachadri,1
989,Sharavathi Gubbagodu Homestay - Nature Adventure,1
989,Sharavathi Nature Camp.,1
989,"Sharavati Backwater, Hakre",1
989,Sharavati River View Point,1
990,Chakra Tirtha,1
990,Haleya Mantapa,1
990,Hampi Archeological Ruins,1
990,Hampi Temple,1
990,Manmatha Tank,1
991,Kadalekalu Ganesha,1
991,Lakshmi Narasimha Temple,1
991,Shree Badavilinga Gudi,1
991,Sri Guddada Moola Virupaksha Gudi,1
991,Tungabhadraa Ghats,1
992,Archaeological Museum Badami,1
992,Badami Cave Temples,1
992,Cave 3 at Badami,1
992,Sri Bhootanaatha Gudi,1
992,Upper Shri Shivalaya Gudi,1
993,Kunagalu Betta,1
993,Raamadevara Betta Hiking,1
993,Raamanagara Betta Rock Climbing Area,1
993,Sri Raameshwara Swami Gudi,1
993,Sri Ramatirtha Kola,1
994,Amate Falls - ಅಮಟೆ ಜಲಪಾತ,1
994,Boragundi Falls,1
994,Gaarva Waterfall,1
994,Jamboti Hidden water falls,1
994,Shimbola Waterfalls,1
995,Baada,1
995,Kanadasa temple,1
995,Shree Kanakadaasa Temple,1
995,Utsav Rock Garden,1
995,ಸ್ವಾತಂತ್ರ್ಯ ಹೋರಾಟಗಾರ ಮೈಲಾರ ಮಹಾದೇವಪ್ಪನವರ ಸಮಾಧಿ,1
996,0,1
996,Burude Falls,1
996,Children Park,1
996,Mahanandi Gouloka,1
996,ನೆಟ್ಗೋಡು ಜಲಪಾತ,1
997,Achyuta Raya Temple,1
997,Shree Varahaswaami Gudi,1
997,Sri Hanuman Temple,1
997,Sri Krishna Temple,1
997,Sri Pattabhirama Temple,1
998,Chandravalli Archaeological Site,1
998,Himadhagiri Falls,1
998,Jogimatti Forest,1
998,Tuppada Kola,1
998,Zoo,1
999,0,2
999,Agumbe Reserve Forest,1
999,Mookambika Wildlife Sanctuary - Kodachadri,1
999,"Shree Ramakrishna ashrama, Sulagodu, mattimane",1
1000,0,1
1000,Byndoor Beach,1
1000,Shri Someshwara Swami Temple,1
1000,Sunset Point Byndoor,1
1000,ottinene beach,1
1001,Abhigandi water Falls,1
1001,Donigal Small Falls,1
1001,Magajahalli Abbi Falls,1
1001,Mallalli Waterfalls,1
1001,Mookana Mane Abbi Falls,1
1002,Belkal Theertha Falls,1
1002,Gulnadi Falls,1
1002,Hidlumane waterfalls,1
1002,Koosalli Falls and Kudumari Falls - Twin waterfalls view point,1
1002,Sri Bheemeshwara Gudi & Waterfalls,1
1003,Daroji Bear Sanctuary,1
1003,"Daroji Bear Sanctuary Safari, Nature camp",1
1003,Daroji Bear Sanctuary Watch Tower,1
1003,Daroji sandur,1
1003,Interpretation Center - Daroji Bear Sanctuary,1
1004,Bhairaveshwara Bande,1
1004,Vaddi Falls,1
1004,Vibhoothi Falls,1
1004,Yana,1
1004,Yana Rock's,1
1005,INS Chapal Warship Museum (K94),1
1005,Nagarmadi Water Falls,1
1005,Rabindranath Tagore Beach,1
1005,Sadashivgad Fort,1
1005,Sadashivgad Fort Resort By Jungle Lodges,1
1006,Hebbe Waterfalls,1
1006,Honnammana Halla Waterfalls,1
1006,Jhari Waterfall,1
1006,Manikya Dhara Falls,1
1006,Melina Huluvathi Waterfalls,1
1007,Dr. Rajkumar Park,1
1007,Fort View Point,1
1007,Gateway 1 to Bellary Fort,1
1007,Kote Bave,1
1007,Tourist Information Board,1
1008,Bidanuru Shivappanayaka Fort,1
1008,Nagra Fort,1
1008,Raja Shivappa Nayakara Samadhi,1
1008,Shivappa Nayaka Fort,1
1008,gundiAbhi,1
1009,Achyuta Raya Temple,1
1009,Hampi Temple,1
1009,Hampi Vijayanagara,1
1009,Shiva Temple,1
1009,Shree Vijaya Vitthala Temple,1
1010,0,1
1010,Akkamahadevi Temple,1
1010,Shri Ulavi Channabasaveshwar Trust Committee,1
1010,Sri Chennabasaveshwara Temple,1
1010,ಶ್ರೀ ಎತ್ತಿ ಕಾಯುವ ಬಸವಣ್ಣ,1
1011,Dummasandra Check Dam,1
1011,Markonahalli Dam Entry and Parking,1
1011,Markonahalli Reservoir,1
1011,Markonahalli Viewpoint,1
1011,Tumkur Dam,1
1012,Hampi Archeological Ruins,1
1012,Kadalekalu Ganesha,1
1012,Shree Badavilinga Gudi,1
1012,Tungabhadraa Ghats,1
1012,Zanana Enclosure,1
1013,Chitchat Point,1
1013,Indira Gandhi Glass House,1
1013,Lake Of Nrupatunga Betta,1
1013,Nrupatunga Betta Udyaana,1
1013,Nrupatunga Hills,1
1014,Bisile Ghat,1
1014,Bisile Ridge Point,1
1014,Bisile ghat,1
1014,Bisle Ghat View Point - 2,1
1014,Mani View point,1
1015,Donigal Small Falls,1
1015,Fazal Fuets Tippu Fort Sakleshpure,1
1015,Magajahalli Abbi Falls,1
1015,Manjehalli Falls,1
1015,Mookana Mane Abbi Falls,1
1016,Coracle Ride Sanapur,1
1016,Coracle ride Tungabhadra River,1
1016,Sanapur River Boating Point,1
1016,Sangapur lake,1
1016,Sunset point - Hippie Island,1
1017,Abbi falls,1
1017,Koodlutheertha Falls,1
1017,Onake Abbi Falls,1
1017,Talasi Abbi Falls,1
1017,ಕೊಪ್ಪರಗುಂಡಿ ಜಲಪಾತ,1
1018,Boragundi Falls,1
1018,Chigulegundi Waterfalls,1
1018,Maan Waterfalls,1
1018,Sundi Waterfalls,1
1018,ಚಿಕಲೆ ಜಲಪಾತ Chikhale waterfall,1
1019,Basaveshvara Temple,1
1019,Bindigemamma Temple,1
1019,Sri Chennakeshava Swamy Temple Belur,1
1019,Sri Veeranjaneya Swamy Temple,1
1019,ಶ್ರೀ ವೀರಾಂಜನೇಯ ಸ್ವಾಮಿ ದೇವಸ್ಥಾನ,1
1020,Buddha statue,1
1020,Lobsang Rampa View Point Pyramid Valley,1
1020,Mahatma Gandhi statue,1
1020,"Pyramid valley , Kanakapura road",1
1020,Pyramid valley layout,1
1021,Bhujanga Park,1
1021,"Malpe Beach, Udupi",1
1021,Padukere Beach,1
1021,The Riverside Kuthpady,1
1021,Virgin Beach Udupi,1
1022,Benne Hole Falls,1
1022,Burude Falls,1
1022,Mattighatta Falls,1
1022,Unchalli Falls Viewpoint,1
1022,ನೆಟ್ಗೋಡು ಜಲಪಾತ,1
1023,Bilikal Betta Viewpoint,1
1023,Chulukanbetta Hill Top,1
1023,Kunagalu Betta,1
1023,"Sri RanganathaSwamy Temple, Bilikal Betta",1
1023,ಕೋಡಿಹಳ್ಳಿ ವನ್ಯಜೀವಿ ವಲಯ ಕನಕಪುರ,1
1024,Octagonal Bath,1
1024,Public Bath,1
1024,Queen's Palace Basement,1
1024,Royal Palace,1
1024,Zanana Enclosure,1
1025,Mysore One Day Trip by Tourist Cab,1
1025,Mysore Palace,1
1025,Mysore View Point,1
1025,Sri Chamarajendra Zoological Gardens,1
1025,ಮೈಸೂರು ದಸರಾ ವಸ್ತು ಪ್ರದರ್ಶನ ಮಹಾ ದ್ವಾರ,1
1026,0,1
1026,Jog Falls,1
1026,Jog Falls Viewpoint,1
1026,Raja Falls,1
1026,Rocket Falls,1
1027,Muninagara Waterfall,1
1027,Muthyala Maduvu Jalapatha (Bannihole River),1
1027,Muthyalamaduvvu waterfalls,1
1027,Pearl Valley Dam,1
1027,Thottikallu Falls,1
1028,Bidar fort Area,1
1028,Historical Bidar,1
1028,Rangeen Mahal,1
1028,Sharza Darwaza,1
1028,Takhat mahal,1
1029,Folklore Museum,1
1029,Indira Gandhi Rashtriya Manav Sangrahalya,1
1029,RAILWAY MUSEUM MYSURU,1
1029,Sri Chamarajendra Zoological Gardens,1
1029,ಮೈಸೂರು ದಸರಾ ವಸ್ತು ಪ್ರದರ್ಶನ ಮಹಾ ದ್ವಾರ,1
1030,Jog Falls,1
1030,Jog Falls Viewpoint,1
1030,Joga Falls View Point,1
1030,Roarer Falls,1
1030,Rocket Falls,1
1031,Sathodi Falls,1
1031,Sykes Kanive Viewpoint,1
1031,Syntheri Bande Bridge,1
1031,Syntheri rock,1
1031,ಭತ್ತದ ಗದ್ದೆಗಳು,1
1032,Halebidu Archaelogical Site,1
1032,Hoysaleshwara Temple,1
1032,Sri Chennakeshava Swamy Temple Belur,1
1032,Sri Paathaaleshwara Temple,1
1032,Sri Shantaleshwara Temple,1
1033,Bird Viewing Point Ranganathittu,1
1033,Gendehosalli Bird Sanctuary,1
1033,Gokshetra,1
1033,Sri Ranganaathaswaami Temple (Pancharanga Kshetra),1
1033,Srirangapattana Ghat,1
1034,Band Stand @ Cubbon Park,1
1034,Bengaluru Palace,1
1034,CAR Children Park,1
1034,Lalbagh Botanical Garden,1
1034,Mahatma Gandhi Park,1
1035,Bhramagiri Hills Viewpoint,1
1035,Government Museum Madikeri,1
1035,Mandalpatti Peak,1
1035,Raja's Tomb,1
1035,Viewpoint,1
1036,Bengaluru Palace,1
1036,Government Museum,1
1036,Indira gandhi Musical Fountain Park,1
1036,Lalbagh Botanical Garden,1
1036,Statue Of Basavanna,1
1037,0,1
1037,Dodda Aalada Mara,1
1037,Hill and Dam view point,1
1037,Manchanabele Dam Top Viewpoint,1
1037,Manchanabele Falls,1
1038,Archaeological Museum Badami,1
1038,Badami Cave Temple - 1,1
1038,Cave 3 at Badami,1
1038,Sri Bhootanaatha Gudi,1
1038,Upper Shri Shivalaya Gudi,1
1039,Belagavi Fort,1
1039,Kittur Rani Chennamma Statue,1
1039,Kitturu Fort,1
1039,Kitturu Historical Museum,1
1039,Sri Anjaneya Gudi - Kitturu Fort,1
1040,Anashi Falls,1
1040,Devakara (Kanuru) Waterfalls,1
1040,Devikallu View Point,1
1040,Lalguli Falls,1
1040,Magod Waterfalls,1
1041,Balamuri Falls,1
1041,"Ballur Katte Dam Waterfalls, sakkare katte.",1
1041,Chowdikatte waterfalls tourist place ಚೌಡಿಕಟ್ಟೆ ಜಲಪಾತ,1
1041,Chunchanakatte Dam,1
1041,Yedmuri waterfalls,1
1042,Jhari Waterfall,1
1042,Kallathigiri Falls,1
1042,Melina Huluvathi Waterfalls,1
1042,Shanti Falls,1
1042,Ukkada waterfalls,1
1043,Bandipur National Park,1
1043,Kabini Wildlife,1
1043,Nagarahole Forest Checkpost,1
1043,Nagarahole Tiger Reserve Forest,1
1043,Nagarahole national park Safari,1
1044,Hampi Archeological Ruins,1
1044,Lakshmi Narasimha Temple,1
1044,Queen's Bathhouse,1
1044,Tungabhadraa Ghats,1
1044,Zanana Enclosure,1
1045,Barkana Falls,1
1045,Jogigundi Falls,1
1045,Onake Abbi Falls,1
1045,Sirimane Falls,1
1045,Talasi Abbi Falls,1
1046,Benne Hole Falls,1
1046,Burude Falls,1
1046,Naigar Falls (ನೈಗಾರ್ ಜಲಪಾತ),1
1046,Unchalli Falls Viewpoint,1
1046,ಚೌಡಿ ಗುಂಡಿ water falls,1
1047,Elephant Fountain,1
1047,Heritage Museum and Financial Research Center,1
1047,Manipal End Point Park,1
1047,Manipal Museum of Anatomy & Pathology,1
1047,Smriti Bhavan,1
1048,0,1
1048,ISKCON Dharwad,1
1048,Indira Gandhi Glass House,1
1048,Iskcon Temple,1
1048,Shri Someshwara Temple,1
1049,HORATIMANE FALLS,1
1049,Soormane Falls,1
1049,Sri Annapoorneshwari Devi Temple,1
1049,Vasishta Theertha,1
1049,ಕಳಸಾ ಮಧ್ವ ಬಂಡೆ,1
1050,Jaganmohan Palace Art Gallery And Auditorium,1
1050,Places to visit in Mysore,1
1050,Sri Chamarajendra Zoological Gardens,1
1050,The Mysore Palace (also known as the Amba Vilas Palace),1
1050,ಮೈಸೂರು ದಸರಾ ವಸ್ತು ಪ್ರದರ್ಶನ ಮಹಾ ದ್ವಾರ,1
1051,Bengaluru Fort,1
1051,Cubbon Park,1
1051,Jawaharlal Nehru Planetarium,1
1051,Palace Gardens,1
1051,Statue Of Basavanna,1
1052,Aadumalleshwara,1
1052,Chandravalli Kere Viewpoint,1
1052,Chitradurga Fort,1
1052,Chitradurga Nagaravana,1
1052,Dhavalappana Giri (ಧವಳಪ್ಪನ ಗಿರಿ),1
1053,Chandravalli Archaeological Site,1
1053,Fort Lal Batheri | ಕೋಟೆ ಲಾಲ್ ಬತೇರಿ,1
1053,Himadhagiri Falls,1
1053,Jogimatti Forest,1
1053,Tuppada Kola,1
1054,Jayamangali Black Buck Conservation Reserve,1
1054,Jayamangali Black Buck Reserve - entrance,1
1054,"Jayamangali Blackbuck Conservation Reserve, Forest Office",1
1054,Jayamangali black buck reserve forest,1
1054,Maidenahalli Blackbuck Reserve,1
1055,Daijokyo Buddist Temple,1
1055,Maa Mangla Gauri Mandir,1
1055,Mahabodhi Temple,1
1055,Shimpl waterfall gaya,1
1055,The Great Buddha Statue,1
1056,"Gandhi Sangrahalaya, Patna",1
1056,Golghar,1
1056,Patna Museum,1
1056,Patna museum ticket counter,1
1056,Shrikrishna Science Centre,1
1057,Kali Mandir,1
1057,Kankali Mandir,1
1057,Manokamna Mandir,1
1057,Shyama Maa Temple,1
1057,Shyama Mai Mandir,1
1058,Baharwa Ghat,1
1058,Gandhi Ghat,1
1058,Ganga Ghat,1
1058,"Kali Ghat, Patna University",1
1058,"NIT Ghat, Patna",1
1059,CRPF Mokamaghat,1
1059,GANGA JI NEAR CRPF CAMP MOKAMA GHAT,1
1059,Park Mokama GC CRPF,1
1059,Shourya van CRPF Third Phase,1
1059,आयुर्वेदिक उद्यान Ayurvedik Garden CRPF,1
1060,Digha Ghat,1
1060,Gandhi maidan Rotary,1
1060,LUKY,1
1060,Marine Drive,1
1060,Patna Ganga Drive,1
1061,BEAR SAFARI,1
1061,Pant Wildlife Sanctuary,1
1061,RAJGIR WILDLIFE SAFARI,1
1061,Rajgir WildLife Safari,1
1061,SUSPENSION BRIDGE NATURE SAFARI RAJGIR,1
1062,Chulhay Bigha चुल्हाय विगहा,1
1062,Girhinda Hill,1
1062,Lila Bigha Warisaliganj,1
1062,Paharia - Shekhopursarai,1
1062,"गिरिहिंडा पयर्टन स्थल, शेखपुरा",1
1063,Daijokyo Buddist Temple,1
1063,Mahabodhi Temple,1
1063,Metta Buddharam Temple,1
1063,Mongolian Temple,1
1063,The Royal Bhutan Monastery,1
1064,"Lichi Garden, Ship Button factory",1
1064,Litchi Garden View,1
1064,Mehsi,1
1064,Purani Litchi Garden,1
1064,Tourism Litchi Park,1
1065,0,2
1065,Archaeological Museum Bodhgaya,1
1065,Kalakunj vastralya,1
1065,"Mahabodhi Cultural Centre, BodhGaya",1
1066,Chiriawan Ghati,1
1066,Dashrath Manjhi Dwar,1
1066,Dashrath Manjhi Passthrough,1
1066,Gehlor jethian valley View Point,1
1066,Manjhi - The Mountain Man Samadhi Sthal,1
1067,Budhha Smriti Park,1
1067,Eco Park,1
1067,Harding Park,1
1067,S K Puri Park,1
1067,Shivaji Park,1
1068,Budha Temple Bodhgaya,1
1068,Daijokyo Buddist Temple,1
1068,Mahabodhi Temple,1
1068,Tergar Monastery,1
1068,The Great Buddha Statue,1
1069,Daijokyo Buddist Temple,1
1069,Karma Temple,1
1069,Metta Buddharam Temple,1
1069,Wat Thai Buddhagaya,1
1069,Wat Thai Buddhasawika,1
1070,Ashok Dham,1
1070,Ashok Dham Bole Bam,1
1070,Mahakal ki Nagari Ashok Dham Lakhisarai,1
1070,"Shiv Mandir, Chouki",1
1070,"विसहरी माता मंदिर,चौकी",1
1071,Kalakunj vastralya,1
1071,Singra Asthan Gaya,1
1071,Zarlahi kothi,1
1071,बेहेरा स्थान,1
1071,ब्रह्मसत्य सरोवर Brahmsatya Talaav,1
1072,Dharmnath Mandir,1
1072,Gadh-Devi Mata Mandir,1
1072,Goutam Rishi and Ahilya Mandir,1
1072,SHIV MANDIR SENGAR TOLA,1
1072,Shiv Mandir Raghunath Giri ke mathiya,1
1073,Maa Ttutaleswari Dham Temple,1
1073,MaaTutla Bhawani temple and waterfall,1
1073,TUTLA BHAWANI,1
1073,Titula Bhwani Dham,1
1073,Tutla Bhawani Waterfall,1
1074,Buddha Statue,1
1074,Lord Mahaveer Birth Place,1
1074,"Shri Vaishali Digambar Jain Tirtha Kshetra, Vaishali",1
1074,"bala ji mandir, vaishali gadh,south end",1
1074,महावीर मंदिर वैशाली,1
1075,HIRAN SAFARI,1
1075,Pant Wildlife Sanctuary,1
1075,Rajgir Nature Safari,1
1075,Rajgir WildLife Safari,1
1075,TIGER SAFARI,1
1076,Bhagalpur Museum,1
1076,Das Driftwood Museum & Park,1
1076,Dolphin Observatory,1
1076,Ghanta Ghar Clock Tower Bhagalpur,1
1076,Ravindra Bhavan Small Garden,1
1077,HUIN SHUEIN MEMORIAL,1
1077,Hieun Tsang Memorial Hall,1
1077,Marichi Bodhisatva(Goddess Of Buddha),1
1077,Xuan Zang Memorial Hall,2
1078,Saptaparni Cave,1
1078,Swarn Bhandar,1
1078,Venu Van,1
1078,Vishwa Shanti Stupa Rajgir,1
1078,Viswa Shanti Stupa Rajgir,1
1079,NAGIDAM PARYATAK STHAL,1
1079,NAKTI BIRD SANTUARY,1
1079,Nagi Dam {नागी डैम},1
1079,"Nagi Dam, Chhuchhunariya",1
1079,Nakati Dam,1
1080,Bheem kumar,1
1080,Control Room Durgawati Dam,1
1080,Durgawati Reservoir Lake,1
1080,Karamchat Dam,1
1080,Waterfall,1
1081,Chehrakala MaiAsthan,1
1081,Katahara chowk,1
1081,Maibhara Pokhri,1
1081,Rastriya Public High School Chehra Kalan,1
1081,Shakhra,1
1082,0,1
1082,Bihar Kesari Shri Krishna Singh Statue,1
1082,Krishna Tour And Travels,1
1082,Krishna ghat Road,1
1082,Shrikrishna Science Centre,1
1083,0,1
1083,Ambedkar Park Nawada,1
1083,Apna adda,1
1083,Nalanda Museum,1
1083,Prajatantra Dwar,1
1084,0,1
1084,Raj Garh Dumraon,1
1084,Saheed Smarak Park,1
1084,ब्रह्मालोक - माननीय श्री ब्रह्मा दत्त ठाकुर गुरु जी का हाता (BRAHMA LOK - SHRI BRAHMA DATT THAKUR GURU JI KA HATA),1
1084,राजघरानो का शहर डुमराँव,1
1085,Daijokyo Buddist Temple,1
1085,Mahabodhi Temple,1
1085,Metta Buddharam Temple,1
1085,Wat Thai Buddhasawika,1
1085,Wat Thai Magadh,1
1086,Daijokyo Buddist Temple,1
1086,Karma Temple,1
1086,Tergar Monastery,1
1086,The Royal Bhutan Monastery,1
1086,Tibetan Temple gaden phelgayling namgyal datsang,1
1087,Anta Ghat,1
1087,Diara Patna,1
1087,Shaheed Veer Kunwar Singh Azadi Park,1
1087,Subhash Park,1
1087,गार्डन,1
1088,0,2
1088,Indrapuri Barrage,1
1088,Indrapuri Bridge,1
1088,Sone Barrage Indrapuri,1
1089,"Adventure Park, Patna",1
1089,Aqua Water Park,1
1089,Eco Park,1
1089,Funtasia Water Park,1
1089,Water Garden,1
1090,0,1
1090,Chandradhari Museum Park,1
1090,Darbhanga Fort,1
1090,Kali Mandir,1
1090,Shyama Maa Kali Temple,1
1091,Bajrang hosiery,1
1091,ISKCON Temple Patna,1
1091,Patliputra Karuna Stupa,1
1091,Queen of Apostles' Church,1
1091,St. Joseph's Pro-Cathedral,1
1092,Barhmashiya waterfall,1
1092,Jalkund waterfall,1
1092,Jamalpur waterfall lake,1
1092,Munger Waterfall,1
1092,Water fall (Jamalpur),1
1093,0,2
1093,Baba Chhatneshwar Mahadev Temple,1
1093,Kapileshwarnath Mandir,1
1093,Mahadev Mandir Chapram,1
1094,"Rajghat, Rohtasgarh fort",1
1094,Rohtasgarh Mahadev Waterfall,1
1094,Rohtasgarh Qila Darwaza,1
1094,Shergarh Fort,1
1094,फाँसी घर,1
1095,Chhoti Durga Maa Mandir,1
1095,Durga Mandir,1
1095,Durga Mandir Munger,1
1095,Durga Temple,2
1096,0,1
1096,Bettiah must recall for it's history,1
1096,Ramlila Maidan,1
1096,Shaheed Bhagat Singh Statue,1
1096,Shahid Asthal Bettiah,1
1097,0,1
1097,Bihar Museum,1
1097,"Gandhi Sangrahalaya, Patna",1
1097,Patna Museum,1
1097,Shrikrishna Science Centre,1
1098,Baldiyabari mengo garden,1
1098,Eucalyptus Baagan,1
1098,KACHKHOLA LAKE,1
1098,MONGRA BaDi DHINGOLA,1
1098,Mailkain ( गुलजार कोवामोर वाले),1
1099,Budhha Smriti Park,1
1099,Eco Park,1
1099,Patel Nagar Park,1
1099,Punaichak Herbal Park,1
1099,S K Puri Park,1
1100,"Devi Temple (HASANWAR, UMGA)",1
1100,Surya Mandir Dev,1
1100,Surya Temple,1
1100,Umga devi mandir,1
1100,माँ उमंगेश्वरी मंदिर,1
1101,0,1
1101,GURUDWARA SHRI GAI GHAT SAHIB,1
1101,Gurudawara Sahib,1
1101,Gurudwara Handi Sahib,1
1101,Takhat Sri Harimandir Ji (Patna Sahib),1
1102,AHILYA GAUTAM VIDYAPEETH,1
1102,Ahalya asthan । अहल्या अस्थान,1
1102,Ahalya mandir,1
1102,Ahilya kund,1
1102,Lohara,1
1103,BSPHCL Energy Park,1
1103,Budhha Smriti Park,1
1103,Children park,1
1103,Eco Park,1
1103,Kumhrar Park,1
1104,0,1
1104,GURUDWARA SHRI GAI GHAT SAHIB,1
1104,Gurudwara Shri Guru Ka Bagh Sahib,1
1104,Gurudwara Sri Guru Singh Sabha,1
1104,Takhat Sri Harimandir Ji (Patna Sahib),1
1105,Nageswarnath mandir,1
1105,Ram Janki Mandir,1
1105,Ram Sita Mandir,1
1105,Rameshwar Shiv Mandir,1
1105,TARKESHVARNATH SHIV MANDIR,1
1106,DEODAH WATERFALL JAJAL देवोदह वाटरफॉल जाजल,1
1106,"Dharhara Falls,Telwa bazar",1
1106,"Jalprapat Dwar, Mohaddi Nagar",1
1106,Jhajha Waterfall,1
1106,Murdaghati Waterfall,1
1107,Bihar Museum,1
1107,Gandhi Maidan,1
1107,Golghar,1
1107,Mahatma Gandhi Statue,1
1107,Patna Museum,1
1108,Buddha Temple,1
1108,Chinese Buddhist Temple,1
1108,Kali Asthan,1
1108,Nalanda Excavated site,1
1108,Temple No. 13,1
1109,0,1
1109,Aajad shartru kila,1
1109,Refinery Township Park,1
1109,SinghSarai,1
1109,Surya Sarovar,1
1110,Badua Dam,1
1110,Mandar hill,1
1110,Shiv Mandir (Odhani Dam),1
1110,water overflow canal,1
1110,मदेगरी डेम,1
1111,Budhha Smriti Park,1
1111,Ganga view point,1
1111,Love point,1
1111,Rock Fountain,1
1111,Selfie point,1
1112,"Foot Over Bridge, Rajgir Railway Station",1
1112,Glass Bridge Ticket Counter Rajgir,1
1112,Glass bridge,1
1112,Glass sky walk,1
1112,SUSPENSION BRIDGE NATURE SAFARI RAJGIR,1
1113,0,1
1113,Gandhi Museum,1
1113,Jubba Sahni Park,1
1113,Muzaffarpur Park,1
1113,River View Point,1
1114,Bharat Mata Naman Sthal,1
1114,Jubba Sahni Park,1
1114,Mahatma Gandhi Park,1
1114,Rajendra Park,1
1114,Sahara Bharat Mata Park,1
1115,Cyclopean Wall,1
1115,Glass Bridge Rajgir,1
1115,Glass Bridge Ticket Counter Rajgir,1
1115,Glass bridge,1
1115,SUSPENSION BRIDGE NATURE SAFARI RAJGIR,1
1116,Gaya Mandir,1
1116,Kamakhya Devi Shakti peeth Mandir Gaya,1
1116,Maa mangla gauri shaktipeeth,1
1116,"Shri Gayatri Shakti Pith, Gaya",1
1116,Vishnupad Temple,1
1117,Dumaria Ghat,1
1117,Lord Buddha Sarovar,1
1117,Mirchaiya मिरचैया पटखौलिया नहर पुल,1
1117,Narayani River Front,1
1117,Nariyarwa chhath ghat,1
1118,Ashoka's stupa,1
1118,Rajgir buddha stupa,1
1118,Saptaparni Cave,1
1118,Swarn Bhandar,1
1118,Vishwa Shanti Stupa Rajgir,1
1119,Durga Mandir,1
1119,Kankali Mandir,1
1119,Maa Kali Temple,1
1119,Maa Kali temple,1
1119,Shyama Maa Kali Temple,1
1120,Archaeological Buddhist Remains of Vaishali,1
1120,Asokan Pillar,1
1120,Buddhas Relic Stupa(ဝေသာလီ ဓါတ်တော်တိုက်),1
1120,Vaishali Museum,1
1120,Vishwa Shanti Stupa,1
1121,Cyclopean Wall,1
1121,Glass Bridge Rajgir,1
1121,Glass sky walk,1
1121,RAJGIR WILDLIFE SAFARI,1
1121,ZIP/SKY BIKING,1
1122,0,1
1122,Patna Museum,1
1122,Radha Krishna Dwarika Mandir,1
1122,Radha Krishna Temple,1
1122,Shrikrishna Science Centre,1
1123,Dhawalkund Waterfall,1
1123,Kashish Waterfall,1
1123,Maa Tutleswari Bhawani Dham kerpa,1
1123,MaaTutla Bhawani temple and waterfall,1
1123,Titula Bhwani Dham,1
1124,Burmese Monastery,1
1124,Karma Temple,1
1124,Metta Buddharam Temple,1
1124,The Royal Bhutan Monastery,1
1124,Tibetan Temple gaden phelgayling namgyal datsang,1
1125,Chamunda Mandir,1
1125,Durga mandir Kapileshwar sthan,1
1125,"KHARAUA, mahavir sthan",1
1125,Ram janki mandir,1
1125,Shiv sagar,1
1126,Kali Temple,1
1126,Maa DeviJi Mandir,1
1126,Mathiyaa,1
1126,aarnya Devi Mandir Chaurasia Enterprises,1
1126,"देवी अस्थान, अनाईठ",1
1127,Dargah Sharif Hazrat Shah fasahat Hussain Rahmatullahah Alaih Patna City,1
1127,Dargah Sharif Hazrat Sultaan Shaikh Mattha Shah Ramahtullah Alaih City,1
1127,Kamakshah Ki Masjid,1
1127,Mir Ashraf Masjid,1
1127,Sher E Shahi Jama Masjid,1
1128,Aqua Water Park,1
1128,Chhapaak WaterPark,1
1128,Chhapak Water Park,1
1128,Hungama World - Water Park Patna,1
1128,Water park,1
1129,Chariot Wheel Marks,1
1129,Rajgir buddha stupa,1
1129,Saptaparni Cave,1
1129,Swarn Bhandar,1
1129,"Veerayatan Jain Museum, Rajgir",1
1130,"Adventure Park, Patna",1
1130,BSPHCL Energy Park,1
1130,Eco Park,1
1130,Eco Park III,1
1130,S K Puri Park,1
1131,Bihar Museum,1
1131,"Gandhi Sangrahalaya, Patna",1
1131,ISKCON Temple Patna,1
1131,Patna Museum,1
1131,Patna Science Center,1
1132,Baharwa Ghat,1
1132,Bihar Museum,1
1132,Harinarayan ghat,1
1132,"NIT Ghat, Patna",1
1132,Patna Museum,1
1133,Badi patan devi,1
1133,Bdi patan devi mandir,1
1133,Chhoti Patan Devi Temple,1
1133,Maa Durga Mandir,1
1133,प्राचीन शक्ति पीठ श्री श्री बड़ी पटनदेवी गडहा मंदिर ( प्राक्ट्य )दक्षिण जंघा,1
1134,BRAHMA KUND,1
1134,Chariot Wheel Marks,1
1134,Cyclopean Wall,1
1134,RAJGIR WILDLIFE SAFARI,1
1134,"Ratnagiri, Rajgir",1
1135,Bihar Museum,1
1135,Diara Patna,1
1135,Harinarayan ghat,1
1135,"NIT Ghat, Patna",1
1135,T.N. Banerjee Ghat,1
1136,HUIN SHUEIN MEMORIAL,1
1136,Hieun Tsang Memorial Hall,1
1136,MEMORIAL HALL VIEW POINT,1
1136,Nalanda Museum,1
1136,Xuan Zang ( Hsuen Tsang ) Memorial,1
1137,Cyclopean Wall,1
1137,Jain Tirth,1
1137,Shri Veerayatan Parshwa Jinalay,1
1137,Veerayatan,1
1137,Venu Van,1
1138,Baharwa Ghat,1
1138,Diara Patna,1
1138,Digha Ghat,1
1138,Golghar,1
1138,"NIT Ghat, Patna",1
1139,Diara Patna,1
1139,Gandhi Ghat,1
1139,Ganga Ghat,1
1139,Harinarayan ghat,1
1139,Krishna Ghat,1
1140,DR. RAJENDRA PD PARK,1
1140,"Dr Rajendra Prasad Park,Ziradei",1
1140,Dr. Rajendra Prasad Janm Sthan,1
1140,House behind Dr.Rajendra Prasad,1
1140,Ziradei More The City Of Dr.Rajendra Prasad,1
1141,Baba Garib Nath temple,1
1141,Pradeep Kumar,1
1141,Sahu Mandir,1
1141,Shri Raj Rajeshwari Devi Temple,1
1141,बाबा गरीबनाथ नैवेद्यम,1
1142,Ajgaivinath Temple,1
1142,Cramatoria Sultanganj,1
1142,Ganga Ghat Sultanganj,1
1142,Sultanganj,1
1142,"View point, Ajgaibinath Temple",1
1143,Gandhi Maidan गांधी मैदान,1
1143,"Gandhi Sangrahalaya, Patna",1
1143,Golghar,1
1143,Mahatma Gandhi Statue,1
1143,Patna Museum,1
1144,Archaeological Buddhist Remains of Vaishali,1
1144,Buddha shamyak darshan and museum,1
1144,Vaishali Museum,1
1144,Vaishali Stupa,1
1144,Vishwa Shanti Stupa,1
1145,Ganga Ghat,1
1145,Krishna Ghat,1
1145,"NIT Ghat, Patna",1
1145,Shree Kanghan Ghat Gurudwara,1
1145,"कंगन घाट सोनपुर,सारण",1
1146,Baba Koteshwar nath dham,1
1146,Baba Siddheshwarnath Temple,1
1146,Koncheshwar Mahadev Mandir,1
1146,Koteshwar mahaadev,1
1146,Tarkeshwar nath temple,1
1147,Anandbag Botanical Garden,1
1147,Anandbag Palace,1
1147,"Chandradhari Museum, Darbhanga",1
1147,Darbhanga Fort,1
1147,Rambag Palace,1
1148,Burmese Monastery,1
1148,Karma Temple,1
1148,Palyul Namdroling Temple,1
1148,Tergar Monastery,1
1148,Tibetan Temple gaden phelgayling namgyal datsang,1
1149,Nalanda City,1
1149,Nalanda Excavated site,1
1149,Nava Nalanda Manuscript Archives,1
1149,Ruins of Nalanda University,1
1149,Xuan Zang Memorial Hall,1
1150,Archaeological Buddhist Remains of Vaishali,1
1150,Buddha shamyak darshan and museum,1
1150,Buddhas Relic Stupa(ဝေသာလီ ဓါတ်တော်တိုက်),1
1150,Ruins Of The Fort of Lichhavi King Vishal,1
1150,Vaishali Stupa,1
1151,0,1
1151,Rajgir Hotspring (Saptdhara Kund),1
1151,Surya Kund,1
1151,Swarn Bhandar,1
1151,"सूर्य कुंड राजगीर, Rajgir",1
1152,Budhha Smriti Park,1
1152,Eco Park,1
1152,Patna Zoo,1
1152,Patna Zoo - Gate Number 2,1
1152,Zoo's Lake View,1
1153,Karamchat Waterfall,1
1153,Karkatgarh waterfall eco park,1
1153,Kashish Waterfall,1
1153,Patloiya Waterfall,1
1153,Telhar Waterfall View Point,1
1154,Baurahwa Shiv Jee,1
1154,Bhairav Nath Mandir,1
1154,Bhimpatti Baiju Baba Mandir,1
1154,Brahampur Dham,1
1154,Mahavir Mandir,1
1155,BRAHMA KUND,1
1155,Rajgir Hotspring (Saptdhara Kund),1
1155,Rajgir buddha stupa,1
1155,Saptaparni Cave,1
1155,Venu Van,1
1156,0,1
1156,Maa Mundeshwari museum,1
1156,Mundeshwari,1
1156,Mundeshwari waterfall,1
1156,मुंडेश्वरी धाम रामगढ़ मोड़,1
1157,Archaeological Buddhist Remains of Vaishali,1
1157,Buddhas Relic Stupa(ဝေသာလီ ဓါတ်တော်တိုက်),1
1157,Ruins of the fort of the lichhavi King Vishal,1
1157,Vaishali Museum,1
1157,Vaishali Raja Vishal Historical,1
1158,0,1
1158,Budhha Smriti Park,1
1158,Diara Patna,1
1158,Patna Museum,1
1158,S K Puri Park,1
1159,Bheem Bandh hot water,1
1159,NAGI DAM BIRD SANCTUARY,1
1159,भीम बांध वाइल्डलाइफ सैंक्चुरी,1
1159,भीम सेन कुंड,1
1159,भीमबांध झील,1
1160,Lal Darwaja Qila,1
1160,Munger Fort(North),1
1160,Munger Museum,1
1160,Shaheed Duwar,1
1160,राष्टीय जलीय जीव दर्शनीय स्थल मुंगेर,1
1161,0,1
1161,Daijokyo Buddist Temple,1
1161,Gaya Museum,1
1161,Karma Temple,1
1161,The Great Buddha Statue,1
1162,Budha Temple Bodhgaya,1
1162,Daijokyo Buddist Temple,1
1162,Karma Temple,1
1162,Mahabodhi Temple,1
1162,Metta Buddharam Temple,1
1163,Kali Mandir,1
1163,Navlakha Mandir,1
1163,Raj campus Rajnagar,1
1163,Rajnagar Historical Campus,1
1163,Rani Mahal,1
1164,Buddhas Relic Stupa(ဝေသာလီ ဓါတ်တော်တိုက်),1
1164,Kesarnath Mahadev Mandir,1
1164,Shiv Mandir,1
1164,Wat Thai Kesariya Temple,1
1164,बौद्ध नगरी केसरिया,1
1165,0,1
1165,GURUDWARA SHRI GAI GHAT SAHIB,1
1165,Gurdwara Bal Leela Maini Sangat,1
1165,Gurudwara Handi Sahib,1
1165,ਸ਼੍ਰੀ ਗੁਰੂ ਗ੍ਰੰਥ ਸਾਹਿਬ ਜੀ।।,1
1166,Rajgir Hotspring (Saptdhara Kund),1
1166,Rajgir buddha stupa,1
1166,Swarn Bhandar,1
1166,Venu Van,1
1166,Viswa Shanti Stupa Rajgir,1
1167,0,2
1167,Chanauni park,1
1167,Kanwar Lake Bird Sanchuary,1
1167,परवल फार्म,1
1168,Baoli Hassan khan Suri,1
1168,Islam Shah Suri Tomb,1
1168,Kabristan,1
1168,Sher Shah Suri Tomb,1
1168,Sikaria Waterfall,1
1169,Bodhgaya Bodhi Tree,1
1169,Budha Temple Bodhgaya,1
1169,Daijokyo Buddist Temple,1
1169,Karma Temple,1
1169,The Great Buddha Statue,1
1170,Bihar Museum,1
1170,Gandhi Maidan,1
1170,"Gandhi Sangrahalaya, Patna",1
1170,Patna museum ticket counter,1
1170,Shrikrishna Science Centre,1
1171,Bihar Museum,1
1171,Budhha Smriti Park,1
1171,Gandhi Maidan,1
1171,"Gandhi Sangrahalaya, Patna",1
1171,Patna Museum,1
1172,BARABAR CAVES,1
1172,BARABER HILLS,1
1172,Maa Kali Temple Dholha Barabar,1
1172,Neghaara,1
1172,Patal Ganga Lake,1
1173,BSPHCL Energy Park,1
1173,Eco Park,1
1173,Kumhrar Park,1
1173,Patliputra Karuna Stupa,1
1173,S K Puri Park,1
1174,Eco park,1
1174,Karkatgadh waterfall,1
1174,Karkatgadh waterfall park,1
1174,Karkatgarh Waterfall,1
1174,Telhar Waterfall,1
1175,Basilica Of Bom Jesus Goa- Lies Body of St. Francis Xavier,1
1175,Catholic Church of St. Francis of Assisi..,1
1175,Holy place OLD GOA CHURCH.,1
1175,Old Goa Church,1
1175,The Cross Of Basilica Bom Jesus,1
1176,Bambolim Spring,1
1176,Naval Officers Institute,1
1176,Pilot Point - Mormugao Port Trust,1
1176,Vasco Clock Tower,1
1176,Velsao Beach,1
1177,Arambol Beach,1
1177,Betalbatim Beach,1
1177,Candolim Beach,1
1177,Mandrem,1
1177,Morjim Beach,1
1178,Cacra View Point,1
1178,Dona Paula View Point,1
1178,Kala Academy Viewpoint,1
1178,The view point,1
1178,Vainguinim View Point,1
1179,Monte Hills View Point,1
1179,Municipal Garden,1
1179,Pandava Caves,1
1179,Railway cross bridge,1
1179,Sunset View Point Colva,1
1180,Candolim Beach,1
1180,Siridao Beach,1
1180,Siridao Beach View,1
1180,Siridao seashore,1
1180,Velsao Beach,1
1181,Fernandes Heritage House,1
1181,Pandava Caves,1
1181,Quepem Dam,1
1181,Taichogundo Bridge,1
1181,Twin Waterfall,1
1182,Sea Shell Beach Shack,1
1182,Sea Shells,1
1182,Siridao Beach,1
1182,Siridao Beach View,1
1182,Siridao Rock Beach,1
1183,Chapora River View,1
1183,Chapora viewpoint,1
1183,Shiva's Face,1
1183,Vagator Beach Sunset Point,1
1183,Vagator Hill View,1
1184,Cansaulim Beach,1
1184,Kesarval Spring Verna Waterfall,1
1184,Sankval beach,1
1184,Velsao Beach,1
1184,View of Goa Runway and charming nature,1
1185,Candolim Beach,1
1185,Onyx Beach,1
1185,Sinquerim Fort,1
1185,Sinquerim Fort view Point,1
1185,The view point,1
1186,Custom House,1
1186,Dharohar : National Museum of Customs and GST,1
1186,Gitanjali Gallery,1
1186,Goa State Museum,1
1186,Indian Customs & Indirect Taxes Museum,1
1187,Betul Lighthouse,1
1187,Dolphin Point,1
1187,Light House,1
1187,Old Lighthouse Tower,1
1187,"The Bungalows Light House, Goa",1
1188,Bambolim Beach,1
1188,Candolim Beach,1
1188,Quegdevelim Beach,1
1188,Varunapuri Beach,1
1188,Velsao Beach,1
1189,Ramnathi temple ponda,1
1189,"Shree Mahalaxmi Saunsthan, Bandora",1
1189,Shree Ramnath Temple,1
1189,Shri Mahalasa Narayani Temple,1
1189,Shri Nageshi Temple,1
1190,Rudreshwar Temple,1
1190,Rushivan Sarvajanik Shree Ganeshotav Mandal,1
1190,Shri Damodara Temple Loliem,1
1190,Shri Mahalasa Narayani Devalaya,1
1190,Sri Mahadeva Temple Tambdisurla,1
1191,Catholic Church of St. Francis of Assisi..,1
1191,Chapel of St. Catherine of Alexandria,1
1191,Chapel of St. Francis Xavier,1
1191,Church of Our Lady of the Rosary,1
1191,Church of St. Cajetan,1
1192,Baba Aquarium,1
1192,Marine aquarium world,1
1192,Ocean Aquarium,1
1192,Panjim Aquarium,1
1192,Purva Aquarium,1
1193,Aguada Fort,1
1193,Kaurati's Caves,1
1193,Lower Aguada Fort,1
1193,Sinquerim Fort,1
1193,The view point,1
1194,"Shree Mahalaxmi Saunsthan, Bandora",1
1194,Shree Mahalaxmi Temple,1
1194,Shree Ramnath Devsthan,1
1194,Shri Mahalasa Narayani Temple,1
1194,Shri Nageshi Temple,1
1195,Anjuna Hillpoint,1
1195,Chapora River View,1
1195,Chapora viewpoint,1
1195,River Island,1
1195,River View Point,1
1196,Campal Gardens,1
1196,Caranzalem junction,1
1196,Mangrove Boardwalk,1
1196,Panjim Riverside Park,1
1196,River Hangout Point,1
1197,"Calangute Beach, Goa",1
1197,Goa Beaches,1
1197,Goa Boat Trip,1
1197,Pantai Calangute,1
1197,Praia Calangute,1
1198,Caranzalem Children's park,1
1198,"Children Park, Mapusa-2",1
1198,Children's Park,1
1198,"Snow Park, Goa",1
1198,Splashdown Waterpark,1
1199,Shanta Durga Temple,1
1199,Shree Shankar Temple,1
1199,Shree Shantadurga Samsthaana,1
1199,Shri Shantadurga Kalangutkarin mandir,1
1199,Shri Siddhivinayak Ganesh Mandir,1
1200,Bamanbudo Waterfall,1
1200,Mainapi Waterfall Netravali,1
1200,Netravali Wildlife Sanctuary,1
1200,Neturlem Waterfall (Savri),1
1200,Salaulim Dam,1
1201,Bondla Wildlife Sanctuary,1
1201,Cotigao Wildlife Sanctuary,1
1201,Mainapi Waterfall Netravali,1
1201,Netravali Bubbling Lake,1
1201,Neturlem Waterfall (Savri),1
1202,0,1
1202,Sadolxem railway bridge,1
1202,Salaulim Dam,1
1202,Saleri bridge,1
1202,Talpona Bridge तळपोण पाटो,1
1203,Chapora Beach,1
1203,Ozran Beach,1
1203,Vagator Beach Sunset Point,1
1203,Vagator Beach View,1
1203,Vagatore beach Goa india,1
1204,Ana Fonte Garden,1
1204,Campal Gardens,1
1204,Chowgule Woods,1
1204,Nagesh Love Forest,1
1204,Salaulim Garden,1
1205,Anjuna Hill Sightseeing point of Dr. Jawaharlal Henriques,1
1205,Anjuna cliff,1
1205,Chapora viewpoint,1
1205,Sunset Point,1
1205,Top Sunset view,1
1206,Betalbatim Beach,1
1206,Bogmalo Beach,1
1206,Sankval beach,1
1206,Vaddem Beach,1
1206,Velsao Beach,1
1207,0,1
1207,Baga Beach goa,1
1207,"Calangute Beach, Goa",1
1207,Goa,1
1207,Viewing point,1
1208,BenaUlim beach,1
1208,Betalbatim Beach,1
1208,"Colva Beach, Goa",1
1208,Gonsua Betalbatim Beach,1
1208,Zumbrai Beach,1
1209,Morjim Beach,1
1209,Mulveer Temple,1
1209,Satpurush Temple,1
1209,Shree Mangesh temple,1
1209,Shri Mahalasa Narayani Temple,1
1210,Aguada Fort,1
1210,Lower Aguada Fort,1
1210,Mormugao fort,1
1210,Reis Magos Fort,1
1210,Sinquerim Fort,1
1211,Arvalem Caves,1
1211,Shiva Temple,1
1211,Shree Ramnath Devsthan,1
1211,Shri Mahalasa Narayani Temple,1
1211,Sri Mahadeva Temple Tambdisurla,1
1212,6 Shades Of Nature,1
1212,Froggyland - The Water World,1
1212,Nagesh Gardens,1
1212,Nandanvan Spice Farm,1
1212,Narve Springs,1
1213,Navelim bridge,1
1213,Ribandar Riverside Viewpoint,1
1213,River walk,1
1213,Riverside Ribandar,1
1213,Sidhnata Buddhist Cave,1
1214,Monkey Beach,1
1214,Sankval beach,1
1214,Syam Beach Cliff,1
1214,Varunapuri Beach,1
1214,Velsao Beach,1
1215,Archaeological Museum of Goa,1
1215,Goa State Museum,1
1215,Houses of Goa Museum,1
1215,Museum Of Christian Art,1
1215,Wax World Museum,1
1216,Catholic Church of St. Francis of Assisi..,1
1216,Church of St. Cajetan,1
1216,St. Augustine Tower,1
1216,St. Sebastian's Chapel,1
1216,Three Kings Chapel,1
1217,0,5
1218,Bodgeshwar ground,1
1218,Dwarknath Temple,1
1218,Shree Brahma Vathar Devasthan,1
1218,Shree Datta Mandir,1
1218,Shri Sidhapurush Narayanadev Mandir,1
1219,Charavane Waterfall,1
1219,Hivrem Waterfall,1
1219,Sanvordem Waterfall,1
1219,Shivling Waterfall Pali Sattari Goa,1
1219,Tambdi Surla Waterfalls,1
1220,Harvalem Waterfalls,1
1220,Hivrem Waterfall,1
1220,Kesarval Spring Verna Waterfall,1
1220,Satrem Waterfall,1
1220,Tambdi Surla Waterfalls,1
1221,Bamanbudo Waterfall,1
1221,Dragon Waterfall,1
1221,Ghogyar Dabem Waterfall,1
1221,Kuske Waterfall,1
1221,Shiva Waterfall,1
1222,Anjuna River Front,1
1222,Chapora viewpoint,1
1222,River View Point,1
1222,Sunset View Point,1
1222,Vagator Beach View,1
1223,Aguada Fort,1
1223,Azad Maidan,1
1223,Fontainhas,1
1223,Kala Academy Viewpoint,1
1223,Phoenix spring,1
1224,Banastari Wetlands,1
1224,Bondla Wildlife Sanctuary,1
1224,Candolim Beach,1
1224,Carambolim Lake Migratory Bird Sanctuary,1
1224,Merces Bird Sanctuary,1
1225,Aguada Fort,1
1225,Dolphin Point,1
1225,Light House Aguada,1
1225,Lower Aguada Fort,1
1225,The view point,1
1226,Aguada Childrens Park,1
1226,Coco Heritage Resort Water Park & Swimming Pool,1
1226,Nagesh Love Forest,1
1226,Nagesh Water World,1
1226,Splashdown Waterpark,1
1227,Agacaim Muddflats,1
1227,Bogmalo Beach,1
1227,Cansaulim Beach,1
1227,"Dandi Beach, Agassaim",1
1227,Velsao Beach,1
1228,Betul Lighthouse,1
1228,Betul beach,1
1228,Colvale Fort,1
1228,Mormugao fort,1
1228,Rachol Historical Fort Gate,1
1229,Dolphin Adventures Goa ( Sinquerim Jetty),1
1229,Dolphin Ferry Ride Point,1
1229,Dolphin Rides,1
1229,Dolphin View Point,1
1229,Sinquerim Fort,1
1230,Ancestral Goa,1
1230,Big Foot Goa,1
1230,Goa Chitra Museum,1
1230,Municipal Garden,1
1230,Pandava Caves,1
1231,Basilica Of Bom Jesus Goa- Lies Body of St. Francis Xavier,1
1231,Chapel of St. Francis Xavier,1
1231,Church of St. Cajetan,1
1231,Church of the Cross of Miracles,1
1231,St. Diogo's Church,1
1232,Casa Araujo Alvares,1
1232,Josefrancisco Fernandes House,1
1232,Menezes Braganca House,1
1232,Palácio do Deão,1
1232,The Figueiredo Mansion,1
1233,Catholic Church of St. Francis of Assisi..,1
1233,Church and Convent of St. John of God,1
1233,Holy place OLD GOA CHURCH.,1
1233,Old Goa,1
1233,The Cross Of Basilica Bom Jesus,1
1234,Arvalem Caves,1
1234,Dhabdabha Waterfall Bicholim,1
1234,Harvalem Waterfalls,1
1234,Pandava Caves,1
1234,Shri rudreshwar devasthan,1
1235,Candolim Beach,2
1235,Coco Beach,1
1235,Goa Beaches,1
1235,Sequarium Beach,1
1236,Betul Bridge,1
1236,Betul Fort,1
1236,Betul beach,1
1236,Light House Aguada,1
1236,Old Lighthouse Tower,1
1237,0,5
1238,Aguada Childrens Park,1
1238,Coco Heritage Resort Water Park & Swimming Pool,1
1238,Froggyland - The Water World,1
1238,Nagesh Water World,1
1238,"Snow Park, Goa",1
1239,Charavane Waterfall,1
1239,Harvalem Waterfalls,1
1239,Hivrem waterfall Goa,1
1239,Satrem Waterfall,1
1239,Tambdi Surla Waterfalls,1
1240,Fort of Mormugao,1
1240,Monkey Beach,1
1240,Pilot Point - Mormugao Port Trust,1
1240,Vasco Garden,1
1240,Velsao Beach,1
1241,0,1
1241,Amthane Dam,1
1241,Quepem Dam,1
1241,Salaulim Garden,1
1241,Ustem Dam,1
1242,Kesarval Spring Verna Waterfall,1
1242,Kuske Waterfall,1
1242,Mainapi Waterfall Netravali,1
1242,Netravali Wildlife Sanctuary,1
1242,Tambdi Surla Waterfalls,1
1243,BenaUlim beach,1
1243,Colva Beach,1
1243,Sernabatim Beach,1
1243,Sunset View Point Colva,1
1243,Velsao Beach,1
1244,Mollem National Park & Bhagwan Mahavir Wildlife Sanctuary,1
1244,Monte Hills View Point,1
1244,Satpal Arboretum,1
1244,Shri Nageshi Temple,1
1244,Sunset point,1
1245,Charavane Waterfall,1
1245,Chorla Ghat Beginning,1
1245,Chorlagundi Waterfalls.,1
1245,Chorle ghat,1
1245,Karnataka Chorla Ghat Viewpoint,1
1246,Chapora River View,1
1246,Morjim Beach,1
1246,Sunset View Point,1
1246,Uddo Beach SC football ground,1
1246,Uddo life Sunset Bar & Kitchen,1
1247,Chapel of St. Catherine of Alexandria,1
1247,Church of the Cross of Miracles,1
1247,St. Alex Church,1
1247,St. Diogo's Church,1
1247,St. Sebastian's Chapel,1
1248,Devil's Finger,1
1248,Querim Cave,1
1248,Sinquerim Fort,1
1248,Sinquerim Fort view Point,1
1248,The view point,1
1249,Amona Riverside Picnic Spot,1
1249,Amthane Dam,1
1249,Pandava Caves,1
1249,Querim Dam,1
1249,Salaulim Dam,1
1250,Archaeological Museum of Goa,1
1250,Goa State Museum,1
1250,Goa house cosy,1
1250,Museum Of Christian Art,1
1250,Museum Of Goa,1
1251,Charavane Waterfall,1
1251,Harvalem Waterfalls,1
1251,Lamgao Buddhist Caves,1
1251,Pandava Caves,1
1251,Rudreshwar Temple,1
1252,Bondla Wildlife Sanctuary,1
1252,Cotigao Wildlife Sanctuary Entrance,1
1252,Cotigao Wildlife Sanctuary Office,1
1252,Netravali Wildlife Sanctuary,1
1252,Tree top,1
1253,Catholic Church of St. Francis of Assisi..,1
1253,Mae De Deus Church,1
1253,Our Lady of Fatima Shrine - Don Bosco Panjim,1
1253,St. Diogo's Church,1
1253,St. Sebastian's Chapel,1
1254,Aguada Fort,1
1254,Chapora Fort,1
1254,Lower Aguada fort (repaired),1
1254,Sinquerim Fort,1
1254,Sinquerim Fort view Point,1
1255,Bamanbudo Waterfall,1
1255,Dudhsagar Falls,1
1255,Dudhsagar Waterfall Camp Site,1
1255,Dudhsagar Waterfall Trek,1
1255,Tambdi Surla Waterfalls,1
1256,Archaeological Museum of Goa,1
1256,Big Foot Goa,1
1256,Casa Araujo Alvares,1
1256,Pandava Caves,1
1256,San Thome Museum,1
1257,Ancestral Goa,1
1257,Archaeological Museum of Goa,1
1257,Goa Chitra Museum,1
1257,San Thome Museum,1
1257,"Sanskriti Kendra, BIG FOOT",1
1258,Catholic Church of St. Francis of Assisi..,1
1258,Church and Convent of St. John of God,1
1258,Se Cathedral,1
1258,St. Augustine Tower,1
1258,St. Sebastian's Chapel,1
1259,"Shree Mahalaxmi Saunsthan, Bandora",1
1259,Shree Mangesh temple,1
1259,Shree Ramnath Devsthan,1
1259,Shri Mahalasa Narayani Devalaya,1
1259,Shri Nageshi Temple,1
1260,0,1
1260,Charavane Waterfall,1
1260,Harvalem Waterfalls,1
1260,Udear Springs Waterfall,1
1260,Verna Waterfalls,1
1261,0,1
1261,Baina Beach,1
1261,Japanese garden,1
1261,Monkey Beach,1
1261,Vasco Garden,1
1262,Bamanbudo Waterfall,1
1262,Bhupar Waterfalls,1
1262,Kesarval Spring Verna Waterfall,1
1262,Neturlem Waterfall (Savri),1
1262,Twin Waterfall,1
1263,Cola Beach Road,1
1263,Cola Beach Sweet Water Lagoon,1
1263,Cola Beach exclusive Tented Resort,1
1263,Cola Goa Beach Resort,1
1263,Small Cola Beach,1
1264,Ancestral Goa,1
1264,Casa Araujo Alvares,1
1264,Fernandes Heritage House,1
1264,Menezes Braganca House,1
1264,Quepem Dam,1
1265,Ancestral Goa,1
1265,Museum Of Christian Art,1
1265,Museum Of Goa,1
1265,Pandava Caves,1
1265,San Thome Museum,1
1266,Clock Tower,1
1266,Municipal Garden,1
1266,Pandav Cave,1
1266,Pandava Caves,1
1266,Sidhnata Buddhist Cave,1
1267,Archaeological Museum of Goa,1
1267,Campal Gardens,1
1267,Children's Park,1
1267,Goa State Museum,1
1267,Public Astronomical Observatory Goa,1
1268,Archaeological Museum of Goa,1
1268,BENZ CELEBRITY WAX MUSEUM,1
1268,Museum Of Christian Art,1
1268,Museum Of Goa,1
1268,Old Goa Church,1
1269,Aguada Childrens Park,1
1269,Candolim Park,1
1269,Goa,1
1269,Goosebumps Virtual Escape,1
1269,Splashdown Waterpark,1
1270,Bhagwan Mahavir Bal Vihar,1
1270,Children's Park,1
1270,Francisco Luis Gomes Garden (Campal Garden),1
1270,Malson Shoes,1
1270,Panjim Municipal Garden,1
1271,0,1
1271,Cabo De Rama Viewpoint,1
1271,Cabo de Rama Beach,1
1271,Fort of Mormugao,1
1271,Mormugao fort,1
1272,Bhupar Waterfalls,1
1272,Dudhsagar Falls,1
1272,Ghogyar Dabem Waterfall,1
1272,Kuske Waterfall,1
1272,Twin Waterfall,1
1273,0,1
1273,BHAGWAN MAHAVIR NATIONAL PARK AND WILDLIFE SANCTUARY MOLLEM GOA,1
1273,Bondla Tourist Cottages,1
1273,Mollem National Park & Bhagwan Mahavir Wildlife Sanctuary,1
1273,Netravali Wildlife Sanctuary,1
1274,Rudreshwar Temple,1
1274,Shiva Temple,1
1274,Shree Mangesh temple,1
1274,Tambdi Surla,1
1274,Tambdi Surla Waterfalls,1
1275,Archaeological Museum of Goa,1
1275,Old Goa Church,1
1275,Se Cathedral,1
1275,St. Augustine Tower,1
1275,The Arch Of Conception,1
1276,Charavane Waterfall,1
1276,Dudhsagar Falls,1
1276,Dudhsagar Water Falls,1
1276,Dudhsagar Waterfall Trek,1
1276,Satrem Waterfall,1
1277,Basilica of Bom Jesus,1
1277,Catholic Church of St. Francis of Assisi..,1
1277,Church of St. Cajetan,1
1277,Churches and Convents of Goa,1
1277,Old Goa Church,1
1278,0,1
1278,BHAGWAN MAHAVIR NATIONAL PARK AND WILDLIFE SANCTUARY MOLLEM GOA,1
1278,Bhagwan Mahavir Wildlife Sanctuary Range Forest Office,1
1278,"Biodiversity Park, Mollem",1
1278,Bondla Wildlife Sanctuary,1
1279,Mangeshi Temple,1
1279,Maruti Temple,1
1279,Shri Mahalasa Narayani Temple,1
1279,Shri Nageshi Temple,1
1279,Sri Mahadeva Temple Tambdisurla,1
1280,Arvalem Caves,1
1280,Charavane Waterfall,1
1280,Hivrem Waterfall,1
1280,Kesarval Spring Verna Waterfall,1
1280,Tambdi Surla Waterfalls,1
1281,Agustinian Convent,1
1281,Catholic Church of St. Francis of Assisi..,1
1281,Church and Convent of St. John of God,1
1281,Church of St. Cajetan,1
1281,Old Goa Church,1
1282,Aguada Fort,1
1282,Chapora Fort,1
1282,Lower Aguada Fort,1
1282,Lower Aguada fort (repaired),1
1282,Reis Magos Fort,1
1283,Archaeological Survey of India,1
1283,Goa State Museum,1
1283,Museum Of Christian Art,1
1283,Old Goa Church,1
1283,Wax World Museum,1
1284,Dudhsagar Water Falls,1
1284,Dudhsagar Water Falls Trek,1
1284,Dudhsagar Waterfall Camp Site,1
1284,Dudhsagar Waterfall Trek,1
1284,Tambdi Surla Waterfalls,1
1285,Archaeological Museum of Goa,1
1285,Houses of Goa Museum,1
1285,Museum Of Goa,1
1285,Old Goa Church,1
1285,Wax World Museum,1
1286,Hanuman Temple,1
1286,Shree Mahalaxmi Temple,1
1286,Shree Mangesh temple,1
1286,Shree Shankar Temple,1
1286,Shri Hanuman Temple,1
1287,Chapora Fort,1
1287,Lower Aguada Fort,1
1287,Lower Aguada fort (repaired),1
1287,Reis Magos Fort,1
1287,Sinquerim Fort,1
1288,Charavane Waterfall,1
1288,Harvalem Waterfalls,1
1288,Kesarval Spring Verna Waterfall,1
1288,Satrem Waterfall,1
1288,Tambdi Surla Waterfalls,1
1289,Amthane Dam,1
1289,Anjunem Dam,1
1289,Quepem Dam,1
1289,Ustem Dam,1
1289,Valvanti River Dam,1
1290,Catholic Church of St. Francis of Assisi..,1
1290,Chapel Of Saint Sebastian,1
1290,Church of St. Cajetan,1
1290,Immaculate Conception Church,1
1290,St. Diogo's Church,1
1291,"Calangute Beach, Goa",1
1291,Candolim Beach,2
1291,Condilum second beach,1
1291,Sinquerim Fort,1
1292,Bamanbudo Waterfall,1
1292,GOA KAYAKING SAL BACKWATERS,1
1292,Palolem boat service,1
1292,Walk way to Palolem beach,1
1292,Way To Palolem Beach,1
1293,Cabo View Point,1
1293,Dona Paula Beach Pavilion,1
1293,Dona Paula View Point,1
1293,The view point,1
1293,Vainguinim View Point,1
1294,Cansaulim Beach,1
1294,"Colva Beach, Goa",1
1294,Monkey Beach,1
1294,Sankval beach,1
1294,Vaddem Beach,1
1295,Manas Boat Safari,1
1295,Manas National Park Camp Buraburi,1
1295,Manas National Park and Tiger Reserve,1
1295,"Manas National Park, Panbari Range.",1
1295,Manas Picnic Spot Main,1
1296,Assam State Museum,1
1296,Assam state zoo,1
1296,Assam state zoo back side Gate,1
1296,Botanical Garden,1
1296,Guwahati Planetarium,1
1297,Bamuni Hills,1
1297,Chitralekha Udyan,1
1297,Kanaklata pahar,1
1297,Padum Pukhuri Island,1
1297,Tezpur Picnic Place,1
1298,"Amrit Kanon ,অমৃত কানন",1
1298,Nagaon District Park,1
1298,Park,1
1298,Prashanti Uddyan,1
1298,চন্দ্রকান্ত পার্ক,1
1299,Kangthi Langso Waterfall,1
1299,Kangthilangso Eco Tourist & Picnic Spot,1
1299,Lank-Phocheng Picnic Spot,1
1299,Reng Beng Picnic Place,1
1299,Siloni Picnic Spot Longnit,1
1300,0,1
1300,Tocklai Auditorium,1
1300,Tocklai Guest House,1
1300,Tocklai Tea Estate,1
1300,Tokali Institude,1
1301,0,1
1301,Barpeta Satra (Kirtan Ghar),1
1301,Barpeta Satra Kirtanghar,1
1301,Maa Manasha Mandir,1
1301,"Sani Mandir, Barpeta",1
1302,Gandhi Park,1
1302,Jorhat Museum,1
1302,Jorhat Science Center & Planetarium Entry Gate,1
1302,Raja Maidam Park,1
1302,Rajamaidam Pond,1
1303,Baghmora picnic spot,1
1303,KOKILAMUKH PICNIC SPOT,1
1303,"Kalbari picnic spot, Jorhat",1
1303,Nimati Ghat,1
1303,RIVER VALLEY ( ৰিভাৰ ভেলী ) - THE REFRESHING ZONE,1
1304,DU park,1
1304,Fulbagan Park,1
1304,Phoolbagan Sahityarathi LakshmiNath Bezbaruah Uddyan,1
1304,Radha Krishna Mandir,1
1304,সাহিত্যৰথী লক্ষ্মীনাথ বেজবৰুৱা উদ্যান,1
1305,Chatla,1
1305,Chatla Valley,1
1305,Doloo Lake,1
1305,Hathighar lake,1
1305,Silcoorie Tea Garden,1
1306,BamunGaon Pahar,1
1306,Bongaigaon,1
1306,Jonaki Paruwa Udyan,1
1306,Shainasi Park,1
1306,Silver Jubilee Park,1
1307,Kangthilangso Eco Tourist & Picnic Spot,1
1307,Langherang picnic spot,1
1307,Lank-Phocheng Picnic Spot,1
1307,Lankvoku Picnic Ground,1
1307,Silveta Waterfall,1
1308,0,1
1308,Bamuni Hills,1
1308,Bhairabi Temple Gate,1
1308,Da Parbatia Temple,1
1308,Mahabhairab Temple,1
1309,Langvoku Waterfall,1
1309,Lankvoku Picnic Ground,1
1309,Longso Kangthu Eco Park Longlit,1
1309,Siloni Picnic Spot Longnit,1
1309,TIMLANGPONG WATERFALLS,1
1310,Agnigarh View Point,1
1310,Bamuni Hills,1
1310,Bora Chuburi Ghat,1
1310,Kalaguru Bishnu Rabha Smriti Udyan,1
1310,Padum Pukhuri,1
1311,Bordubi Tilinga Mandir,1
1311,Hanuman Mandir,1
1311,"Shiv Mandir, Tinsukia শিৱ মন্দিৰ তিনিচুকীয়া",1
1311,Shiv Temple,1
1311,Temple (মন্দিৰ),1
1312,KOKILAMUKH PICNIC SPOT,1
1312,Molai Forest,1
1312,Molai forest,1
1312,वनपुरुष जादव पाईगं का जंगल,1
1312,বনপুৰুষ 'যাদৱ পায়েং' ৰ অৰণ্য,1
1313,Guwahati View Point,1
1313,Guwahati View Point 2,1
1313,KARGIL: GUWAHATI VIEW POINT,1
1313,Sunset View JYOTIKUCHI,1
1313,View Point Hill Top,1
1314,Chagrachal pahar jagiroad,1
1314,Deosal Shiv Mandir,1
1314,Hanuman Mandir,1
1314,Sita Jakhala Picnic Spot,1
1314,Sonaikuchi Waterfall,1
1315,0,1
1315,Dighalipukhuri Park,1
1315,Gandhi Mandap View Point 3,1
1315,Gandhi mandap,1
1315,"Highest National Flag, Assam.",1
1316,Nepal Dhara Waterfalls,1
1316,Ranikhamar Picnic Spot,1
1316,"Soloka Dare (Baroigaon Waterfall), Baregaon Kamrup South",1
1316,Soloka Dore Waterfall,1
1316,"Umsur Waterfall, Meghalay",1
1317,DEEPAR BEEL Lake View,1
1317,DEEPOR BEEL PICNIC SPOT,1
1317,Deepor Lake,1
1317,Dharapur Brahmaputra River Bank,1
1317,Dipor Bil Lake,1
1318,0,1
1318,Madan Kamdev Devalaya Entrance,1
1318,Madan kamdev,1
1318,Manikarneswar Devalaya,1
1318,"প্ৰত্নতত্ব সঞ্চালকালয়, অসম",1
1319,Deo Pahar Temple Ruins,1
1319,Deopahar Archaeological Site,1
1319,Deopahar Temple Archeological Site,1
1319,Kakochang Waterfall,1
1319,দেওপাহাৰ ধ্বংসাৱশেষ,1
1320,Pobitora bird and Rhino Watch Tower,1
1320,Pobitora tourist point,1
1320,Pobitra Elephant safari Point,1
1320,SUNSET VIEW,1
1320,Sonaighuli Viewpoint,1
1321,Akakhi Ganga Picnic ground,1
1321,Akashi Ganga Temple,1
1321,Akashi Ganga Waterfall,1
1321,Akashi Ganga picnic spots,1
1321,Kangthilangso Eco Tourist & Picnic Spot,1
1322,Ahutoli Views point,1
1322,Heaven Hills,1
1322,Kafitoli,1
1322,Kathiatoli (Tengapani) Waterfall,1
1322,kafitoli hills area,1
1323,0,1
1323,Jakir Fruit Shop,1
1323,"Kaziranga Main Entrance - Kaziranga Range, kohora",1
1323,Kaziranga National Orchid and Biodiversity Park,1
1323,Kaziranga National Park,1
1324,Garampani Wildlife Sanctuary,1
1324,Garampani Wildlife Sanctuary (HOT SPRING),1
1324,Garampani Wildlife Sanctuary (Langkar-Om Eco Park),1
1324,Hoollongapar Gibbon Sanctuary,1
1324,Nambor Wildlife Santuary,1
1325,Biplobi Bir Shankar Baruah Park,1
1325,Jugibari,1
1325,Jugibari Rural Tourism Project,1
1325,Jugibari gaun,1
1325,Jugibil,1
1326,Champawati Water Fall / Chapanala Picnic Spot,1
1326,Hahila Picnic Spot,1
1326,Kathiatoli (Tengapani) Waterfall,1
1326,Reng Beng Picnic Place,1
1326,reng beng tengapani,1
1327,Bhubaneswari Temple,1
1327,Kamakhya Temple,1
1327,Lankeswar Temple,1
1327,Shri Shri Aswaklanta Temple,1
1327,Shukreswar Devalay শুক্ৰেশ্বৰ দেৱালয়,1
1328,0,1
1328,Bhalukjuri Picnic Spot,1
1328,Bhelughat Waterfall,1
1328,Kakochang Waterfall,1
1328,Kangthi Langso Waterfall,1
1329,Dighalipukhuri Park,1
1329,River Side Park,1
1329,"SARAIGHAT LAKE, AMINGAON",1
1329,Shankardev Park,1
1329,Shukreshwar Ghat/Park,1
1330,0,1
1330,KOILAMATI WATER FALL,1
1330,Kakochang Waterfall,1
1330,TOKOLANGSO WATERFALL,1
1330,Tokolangso Waterfall,1
1331,Champawati Water Fall / Chapanala Picnic Spot,1
1331,Hurnatpi waterfalls,1
1331,Kangthi Langso Waterfall,1
1331,Kasochan waterfalls,1
1331,Kathiatoli (Tengapani) Waterfall,1
1332,Assam Tai Museum,1
1332,Gola Ghar,1
1332,Rang Ghar ৰংঘৰ,1
1332,Sivasagar,1
1332,Talatal Ghar,1
1333,Ganesh Ghat Temple (গনেশ ঘাট মন্দিৰ),1
1333,Mahabhairab Temple,1
1333,SHIV MANDIR,1
1333,Shiv Temple,1
1333,Sri Sri Maa Bhairabi Mandir,1
1334,0,1
1334,Assam State Museum,1
1334,JYOTISHMAN ART GALLERY,1
1334,State Art Gallery,1
1334,Valley View,1
1335,Bhebarghat Park,1
1335,Bhupen Hazarika Udyan.,1
1335,Jayanta Hazarika Park::Mangaldai Town,1
1335,Last Gate Santipara mangaldoi,1
1335,Mangaldai college chowk,1
1336,0,1
1336,Agnigarh,1
1336,Agnigarh View Point,1
1336,Chitralekha Udyan,1
1336,Ganesh Ghat Temple (গনেশ ঘাট মন্দিৰ),1
1337,DTP Dyke Dibrugarh,1
1337,ISKCON Dibrugarh Temple,1
1337,Jagannath Mandir,1
1337,Jallan Mandir,1
1337,Radha Krishna Mandir,1
1338,0,1
1338,Dakhinpat Satra,1
1338,Sri Sri Bengena Ati Satra,1
1338,Uttar Kamalabari Satra,1
1338,আউনীআটি সত্ৰ,1
1339,Bhupen Hazrika Museum,1
1339,MAATI CENTRE,1
1339,"SCIENCE MUSEUM, Khanapara Guwahati",1
1339,Sankardev Kalakshetra Science Museum,1
1339,Vintage car and bike museum,1
1340,Daojeng,1
1340,Donkey Falls,1
1340,Fagun Tourism,1
1340,Himalaya Picnic Spot,1
1340,Sansrikang park,1
1341,Gopalpur (gopalthan),1
1341,Hazarat Shah Jamal Baba Darghah Sharif,1
1341,Poamecca road,1
1341,poa mecca sunset point,1
1341,"অভয়পুৰ,আলিকাষ চুবুৰি, শিৱ মন্দিৰ",1
1342,Kangthi Langso Waterfall,1
1342,Kangthilangso Eco Tourist & Picnic Spot,1
1342,Paklongkam Waterfall,1
1342,Silveta Waterfall,1
1342,TOKOLANGSO WATERFALL,1
1343,0,1
1343,UMANANDA Temple (Tourist Boat Service ),1
1343,Umananda Ghat,1
1343,Umananda Temple,1
1343,Umananda Tourist River Cruise & House Boat,1
1344,Duwari Mandir,1
1344,Tukreswari Temple Earth filling at tukura,1
1344,Tukreswari'f Hasaniya Khankah,1
1344,Tukura Maa Kali Temple,1
1344,tukruswari temple,1
1345,Badarpur View Point,1
1345,Cachari Fort,1
1345,Railway Bridge - Badarpur Ghat,1
1345,Railway Park,1
1345,বদরপুর দূর্গ,1
1346,Metera gaon namghor,1
1346,Nagsankar Guest House,1
1346,Nagshankar Temple (নাগশংকৰ শিৱ মন্দিৰ),1
1346,Shankar Mandir (Namghar),1
1346,Siva mandir,1
1347,DEOPANI TEMPLE,1
1347,Deopani Siva Mandir,1
1347,Deopani mandir vehicle stand,1
1347,Hanuman mandir,1
1347,Shiv mandir,1
1348,Champawati Water Fall / Chapanala Picnic Spot,1
1348,Kangthi Langso Waterfall,1
1348,Langherang picnic spot,1
1348,Lank-Phocheng Picnic Spot,1
1348,Siloni Picnic Spot Longnit,1
1349,Guwahati View Point,1
1349,Guwahati View Point 2,1
1349,KAMAKHYA WEST VIEW POINT,1
1349,Kamakhya View Point,1
1349,River View Point,1
1350,Bhalukjuri Waterfall,1
1350,Kangthi Langso Waterfall,1
1350,Kangthilangso Eco Tourist & Picnic Spot,1
1350,Pak'longkam (Di'krutpi) Waterfall,1
1350,Silveta Waterfall,1
1351,Bhubaneswari Temple,1
1351,Kamakhya Temple,1
1351,Lankeswar Temple,1
1351,Shri Shri Aswaklanta Temple,1
1351,Way To Shila Devi Mandir,1
1352,Apurugiya Brikhya Udyan,1
1352,"Bhupen Hazarika Memorial, Chariduar",1
1352,Botanical Garden,1
1352,G Thapaliya tea garden,1
1352,Nameri National park,1
1353,DIGBOI ARBORETUM,1
1353,Digboi Centenary Museum,1
1353,Digboi Centenary Park,1
1353,Ridge Point,1
1353,দিহিং পাতকাই অভয়াৰণ্য,1
1354,Assam State Museum,1
1354,Guwahati Planetarium,1
1354,Regional Science Centre,1
1354,Sankardev Kalakshetra Science Museum,1
1354,Science City,1
1355,Basistha Ashram and Temple,1
1355,Chakreshwar Temple,1
1355,Kamakhya Temple,1
1355,Lankeswar Temple,1
1355,Nilachal Hills,1
1356,Garoghuli Waterfall,1
1356,Nepal Dhara Waterfalls,1
1356,"Sotal Xil Waterfall, Bonda",1
1356,Theopani Waterfall,1
1356,Thiyapani waterfall,1
1357,Bendao Baiglai Waterfall,1
1357,Didung Raji Umrangso,1
1357,Harangajao waterfalls,1
1357,Miyungmadaoga Waterfall,1
1357,Panimur Waterfalls,1
1358,Kamakhya Temple (শিলঘাট কামাখ্যা মন্দিৰ),1
1358,"Shiva Temple, Silghat",1
1358,Silghat Picnic Ground,1
1358,Silghat Picnic Place,1
1358,Trisuldhari Shivmandir Silghat,1
1359,Assam State Museum,1
1359,Namghar,1
1359,"SCIENCE MUSEUM, Khanapara Guwahati",1
1359,Srimanta Sankaradeva Kalakshetra,1
1359,Srimanta Sankaradeva Kalakshetra Gate,1
1360,Bherua Garakhia Mandir,1
1360,Katara Bathou Temple,1
1360,Ratnawali Satra,1
1360,Saharia para,1
1360,শংকৰ মাধৱ নামঘৰ,1
1361,Bamuni Hills,1
1361,Bora Chuburi Ghat,1
1361,Da Parbatia Temple,1
1361,Da parbatia Mandir,1
1361,Padum Pukhuri,1
1362,0,1
1362,Dr. Bhupen Hazarika Samadhi Kshetra,1
1362,Sri Sri Ugratara Devalaya,1
1362,Valley View,1
1362,War Memorial,1
1363,Balaji Jagannath Mandir,1
1363,Hari Om Temple,1
1363,Jagannath Mandir,1
1363,Radha Krishna Mandir,1
1363,Temple,1
1364,Guwahati View Point,1
1364,KARGIL: GUWAHATI VIEW POINT,1
1364,Kamakhya Temple,1
1364,Kamakhya View Point,1
1364,Sonaighuli Viewpoint,1
1365,Basistha Ashram and Temple,1
1365,Lankeswar Temple,1
1365,Shri Shri Aswaklanta Temple,1
1365,Shukreswar Devalay শুক্ৰেশ্বৰ দেৱালয়,1
1365,Umananda Temple,1
1366,ARDA VILLAGE,1
1366,Bendao Baiglai Waterfall,1
1366,Dilaima Waterfall,1
1366,Harangajao waterfalls,1
1366,Samparidisa Village Playground,1
1367,Bamunpara river bank,1
1367,Brahmaputra Bank,1
1367,Dakhala Brahmaputra river bank,1
1367,Dharapur Brahmaputra River Bank,1
1367,PALASHBARI RIVER VIEW POINT,1
1368,Daojeng,1
1368,Donkey Falls,1
1368,Dwijiri Waterfall,1
1368,Himalaya Picnic Spot,1
1368,Picnic spot,1
1369,Ahutoli waterfall,1
1369,Champawati Water Fall / Chapanala Picnic Spot,1
1369,Tenga Pani,1
1369,Tengapani tea garden,1
1369,reng beng tengapani,1
1370,Azan Peer Park,1
1370,Dighalipukhuri Park,1
1370,Shankardev Park,1
1370,Shraddhanjali Kanan,1
1370,Shukreshwar Ghat/Park,1
1371,0,1
1371,Agyathuri Picnic Spot,1
1371,Hatisila Picnic Spot,1
1371,Kaandrang Picnic Spot,1
1371,Kulsi Picnic Spot,1
1372,Kangthi Langso Waterfall,1
1372,Kangthilangso Eco Tourist & Picnic Spot,1
1372,Pak'longkam (Di'krutpi) Waterfall,1
1372,Silveta Wild-Venture Park,1
1372,TOKOLANGSO WATERFALL,1
1373,DAKHIN PAT SATRA,1
1373,Sri Sri Auniati Satra,1
1373,Uttar Kamalabari Satra,1
1373,দক্ষিণ পাত চাৰিআলি ( Dakhinpat chariali ),1
1373,দক্ষিণপাত কৈৱৰ্ত্ত গাঁও নামঘৰ,1
1374,Akashi Ganga picnic spot,1
1374,Champawati waterfall,1
1374,Chapanala,1
1374,Kangthilangso Eco Tourist & Picnic Spot,1
1374,Kathiatoli (Tengapani) Waterfall,1
1375,Jakir Fruit Shop,1
1375,Kaziranga,1
1375,Kaziranga Central Range (Kohora) Gate,1
1375,"Kaziranga Main Entrance - Kaziranga Range, kohora",1
1375,Kaziranga National Park,1
1376,Burachapori Wildlife Sanctuary,1
1376,Laokhowa burhachapori wildlife sanctuary,1
1376,Orang National Park,1
1376,Orang Tiger Reserve,1
1376,ভোমোৰাগুৰি বৰখেলৰ নামঘৰ ও শংকৰী কৃষ্টি চৰ্চা কেন্দ্ৰ,1
1377,Gita Mandir,1
1377,Hare Krishna Mandir Guwahati,1
1377,"Jagannath Temple, ISKCON Guwahati",1
1377,Shri Shri Aswaklanta Temple,1
1377,Sri Krishna Mandir,1
1378,Amsing Waterfall,1
1378,Garoghuli Waterfall,1
1378,Joujuwa Waterfall,1
1378,Nepal Dhara Waterfalls,1
1378,Sonaikuchi Waterfall,1
1379,Garoghuli Waterfall,1
1379,IIT Guwahati Waterfall,1
1379,Jojuwa Waterfall,1
1379,Nepal Dhara Waterfalls,1
1379,Theopani Waterfall,1
1380,Hello Amri Tourism,1
1380,Khawra Tana,1
1380,Samadi,1
1380,Umswai Christian Graveyard,1
1380,Umswai view point,1
1381,Bhelughat Waterfall,1
1381,Kangthilangso Eco Tourist & Picnic Spot,1
1381,Pak'longkam (Di'krutpi) Waterfall,1
1381,Paklongkam Waterfall,1
1381,Rengoni Waterfall,1
1382,Gandhi Mandap,1
1382,Gouhati Musiam Asham India,1
1382,ISKCON Guwahati,1
1382,MAATI CENTRE,1
1382,Mini,1
1383,0,1
1383,Baghdhara borpukhuri,1
1383,Jorhat Science Centre & Planetarium,1
1383,Private Farmhouse,1
1383,গীতাৰ্থী পইণ্ট,1
1384,Deo Pahar Temple Ruins,1
1384,Deopahar Temple Archeological Site,1
1384,Deoparbat,1
1384,Kakochang Waterfall,1
1384,দেওপাহাৰ ধ্বংসাৱশেষ,1
1385,DHURBA'S DREAMLAND,1
1385,Dreamland Amusement Park,1
1385,SILPUKHURI POND & PARK,1
1385,University Water Park - A,1
1385,website,1
1386,Chakreshwar Temple,1
1386,ISKCON Guwahati,1
1386,Lankeswar Temple,1
1386,Sri Sri Ugratara Devalaya,1
1386,Umananda Temple,1
1387,0,1
1387,Bhalukjuri Waterfall,1
1387,Kakochang Water Falls Carparking Area,1
1387,Semelangso waterfall,1
1387,TOKOLANGSO WATERFALL,1
1388,Dighalipukhuri Park,1
1388,Prashaanti Udyan,1
1388,River Side Park,1
1388,Shankardev Park,1
1388,Silpukhuri Park,1
1389,Bamuni Hills,1
1389,Haleshwar Temple,1
1389,Padum Pukhuri,1
1389,SHIV MANDIR,1
1389,Sri Sri Maa Bhairabi Mandir,1
1390,Assam State Museum,1
1390,Assam State Zoo cum Botanical Garden,1
1390,ISKCON Guwahati,1
1390,"SCIENCE MUSEUM, Khanapara Guwahati",1
1390,Valley View,1
1391,Assam State Museum,1
1391,Basistha Ashram and Temple,1
1391,Sankardev Kalakshetra Science Museum,1
1391,Shraddhanjali Kanan,1
1391,Shukreshwar Ghat/Park,1
1392,Assam State Museum,1
1392,Assam State Zoo cum Botanical Garden,1
1392,Assam state zoo back side Gate,1
1392,I ️ Guwahati,1
1392,Shukreshwar Ghat/Park,1
1393,Azan Peer Park,1
1393,River Side Park,1
1393,Shraddhanjali Kanan,1
1393,Shukreshwar Ghat/Park,1
1393,Silpukhuri Park,1
1394,Agnigarh,1
1394,Gajraj Park,1
1394,Kanaklata pahar,1
1394,Tezpur Picnic Place,1
1394,Trimurti Udyan,1
1395,Boating Park,1
1395,"Inspection Bunglow, Gibbon Wildlife Sanctuary",1
1395,ONGC Avian Park,1
1395,Sukafa Park (চ্যুকাফা উদ্যান),1
1395,গিবন অভয়াৰণ্য,1
1396,Chandubi Island Camp,1
1396,Chandubi Jungle Camp,1
1396,Chandubi Picnic Ground,1
1396,Chandubi-The Lake Side Camp,1
1396,Soloka Dore Waterfall,1
1397,Laokhowa Wildlife Sanctuary,1
1397,Nizora Park,1
1397,Orang National park,1
1397,Orang Tiger Reserve,1
1397,Pobitora Wildlife Sanctuary,1
1398,Assam State Museum,1
1398,Botanical Garden,1
1398,Dighalipukhuri Park,1
1398,Shraddhanjali Kanan,1
1398,The Guwahati War Cemetery,1
1399,Bhubaneswari Temple,1
1399,Guwahati View Point,1
1399,Kamakhya Temple,1
1399,Kamakhya View Point,1
1399,Umananda Temple,1
1400,Budhist stupa,1
1400,Main sun temple,1
1400,Sri Sri Suryagiri Garden,1
1400,Sri Surya Museum,1
1400,Surya temple ️,1
1401,Kaziranga,1
1401,Kaziranga National Park,2
1401,Kaziranga National Park Safari Co,1
1401,Kaziranga View Point,1
1402,0,1
1402,Amchang Wildlife Sanctuary,1
1402,Pobitora bird and Rhino Watch Tower,1
1402,Pobitora tourist point,1
1402,Pobitra Elephant safari Point,1
1403,Nameri Eco Camp- Nameri National Par,1
1403,Nameri Eco Park,1
1403,Nameri National Park & Tiger Reserve,1
1403,Nameri National park,1
1403,Nameri Wildlife Range HQ,1
1404,0,1
1404,Chakreshwar Temple,1
1404,KAMAKHYA WEST VIEW POINT,1
1404,Umananda Temple,1
1404,Vishwakarma Mandir,1
1405,Agnigarh View Point,1
1405,Chitralekha Udyan,1
1405,Gajraj Park,1
1405,Ganesh Ghat,1
1405,Padum Pukhuri,1
1406,Joypure national Park,1
1406,Namrup Waterfalls - Dichang,1
1406,Tai Phake Museum,1
1406,Tipam deosali hills,1
1406,Tipamfake Buddhist Monastery,1
1407,Assam State Zoo cum Botanical Garden,1
1407,Assam state zoo,1
1407,Guwahati Planetarium,1
1407,"SCIENCE MUSEUM, Khanapara Guwahati",1
1407,Srimanta Sankaradeva Kalakshetra,1
1408,0,1
1408,Assamness Dibru Saikhowa,1
1408,Dihing Patkai National Park,1
1408,Dobru saikhowa national park(badama sapori ),1
1408,Kekjori Tree,1
1409,Bodoland Heritage Agro tourism,1
1409,Daojeng Forest Protection & Regeneration,1
1409,Donkey Falls,1
1409,Dwijiri Waterfall,1
1409,Fagun Tourism,1
1410,Basistha Ashram and Temple,1
1410,Kamakhya Temple,1
1410,Lankeswar Temple,1
1410,Shukreswar Devalay শুক্ৰেশ্বৰ দেৱালয়,1
1410,Sri Sri Ugratara Devalaya,1
1411,Herbal Park,1
1411,Rajmohan Archaeological Park,1
1411,Santiban Children Park,1
1411,Santiban Park And Garden,1
1411,fountain and park,1
1412,"Doul Mandir, Batadraba",1
1412,"New Than Site, Bordua",1
1412,Sati Radhika Temple,1
1412,Sri Sri Damodar Dev Ata Than,1
1412,ঘুনুচাবাৰী ক্ষুদ্ৰ সংগ্ৰহালয়,1
1413,0,1
1413,Agnigarh,1
1413,Chitralekha Udyan,1
1413,Ganesh Ghat,1
1413,Padum Pukhuri,1
1414,Bamuni hills park,1
1414,Da Parbatia,1
1414,Mahabhairab Temple,1
1414,Near bamuni hills view point,1
1414,Padum Pukhuri,1
1415,0,1
1415,Botanical Garden,1
1415,Kids Park,1
1415,Lord Mahavira Park,1
1415,Park,1
1416,Blue Lagoon,1
1416,"Living Root Bridge, Riwai Village",1
1416,Mawsaw Steel & Root Bridge,1
1416,Rainbow Falls,1
1416,Single Root Bridge,1
1417,Mawlangkhar Ranges,1
1417,Mawphanlur Lake,1
1417,Mawphanlur Natural Lake,1
1417,Mawphanlur natural lake ( home stay),1
1417,Mawthadraishan Peak,1
1418,Mawrong view point,1
1418,Nongpoh Viewpoint,1
1418,Phrut Dak Lake,1
1418,Rongmesek View point,1
1418,Umiam Lake Viewpoint,1
1419,0,1
1419,Kshaid sohsyniang,1
1419,MawWer View Point,1
1419,Tynrong View Point,1
1419,Wah Rilang Viewpoint,1
1420,0,2
1420,"Krohiawhiar Meghalaya, India",1
1420,MAWRYNGKHANG ENTRANCE,1
1420,Upper Songhang Canyon,1
1421,0,1
1421,Mawphanlur Guest House,1
1421,Mawphanlur Lake,1
1421,Mawphanlur natural lake ( home stay),1
1421,"Mawphanlur, Madthadraishan,West Khasi Hills, Meghalaya",1
1422,Moopun Falls,1
1422,Phe Phe Fall,1
1422,Rynji Falls,1
1422,Sua Ludong Water Falls,1
1422,Tangnop Waterfalls,1
1423,Double Decker Living Root Bridge,1
1423,LIVING ROOT BRIDGE GUEST HOUSE,1
1423,Living root bridge,1
1423,MYOR LIVING ROOT BRIDGE,1
1423,Root Bridge,1
1424,"Dachi Lake Resort, Anogre",1
1424,Rongat Dare,1
1424,Rongbang Dare (Rongbang Falls),1
1424,Rong•te Asonga,1
1424,"The Village, Amingokgre",1
1425,Amkrem Waterfalls,1
1425,Amlunong Waterfalls,1
1425,Krang Shuri Falls,1
1425,RYMPHLUH WATER FALLS,1
1425,Sua Ludong Water Falls,1
1426,Nepal Dhara Waterfalls,1
1426,Ranikhamar Picnic Spot,1
1426,"Soloka Dare (Baroigaon Waterfall), Baregaon Kamrup South",1
1426,Soloka Dore Waterfall,1
1426,"Umsur Waterfall, Meghalay",1
1427,Mawdohnud Thlong Ble Mawsnah,1
1427,"Mawdohnud, Nongstoin-Sangriang Kutcha Road",1
1427,Mawlangkhar Ranges,1
1427,Mawthawñiaw-Nongstoiñ view point,1
1427,"Weinia Falls, Nongkhnum Nongstoin",1
1428,Bangalmura Beach,1
1428,Chidrang valley,1
1428,Chitimtim dare waterfalls,1
1428,MONGRE NORTH GARO HILLS MEGHALAYA,1
1428,Nakati Jhuli Cave,1
1429,Arwah Cave,1
1429,Garden Of Caves,1
1429,Krem Dam,1
1429,"Mawjymbuin Caves, Meghalaya",1
1429,Mawsmai Cave,1
1430,David Scott Trail Exit Point,1
1430,David Scott Trail rock Bridge,1
1430,Devil's Rock,1
1430,Mawsmai Cave,1
1430,Mawsmai Monoliths,1
1431,Khyllem View Point,1
1431,MawWer View Point,1
1431,Mawlangkhar Ranges,1
1431,Mawphanlur Lake,1
1431,"Mawphanlur, Madthadraishan,West Khasi Hills, Meghalaya",1
1432,"Malangkona Sildubi View Point, Meghalaya Side",1
1432,"Ranikhamar Kafandonga Waterfall, Meghalaya",1
1432,"Soloka Dare (Baroigaon Waterfall), Baregaon Kamrup South",1
1432,"Umring Kona waterfalls, Kamrup Assam",1
1432,"Umsur Waterfall, Meghalay",1
1433,0,1
1433,Bishop's Falls,1
1433,Lyngksiar Falls,1
1433,Nohkalikai waterfalls Top,1
1433,Wah-Kaba Falls,1
1434,Borhill Falls,1
1434,Burma village,1
1434,"Byrdaw Falls, Pomshutia",1
1434,Rymben Falls,1
1434,Wahumkhat falls,1
1435,Dawki Camping Destination,1
1435,Dawki river,1
1435,Jaflong Zero Point,1
1435,Tamabila 0 points.,1
1435,Umngot River,1
1436,0,1
1436,Lumshyrmit Road cham cham,1
1436,Sah ksaw Falls,1
1436,Shah te sham,1
1436,Synrang sah ksaw,1
1437,0,1
1437,Domsohshan Nongkasen playground,1
1437,Kshaid Thum,1
1437,"Mawdohnud, Nongstoin-Sangriang Kutcha Road",1
1437,Mawlangkhar Ranges,1
1438,Bangalmura Riverside,1
1438,Bangalmura Riverside Camping site,1
1438,KIMSRI HILL,1
1438,MONGRE NORTH GARO HILLS MEGHALAYA,1
1438,Nogol Beach,1
1439,0,1
1439,Bishop's Falls,1
1439,Elephant Falls,1
1439,Kshaid Tymmen Falls,1
1439,Mawlynrei Falls,1
1440,Lum 'er Pyngngad,1
1440,Pine hill camp site,1
1440,Umiam mawkhyndew,1
1440,Upper Shillong Forest,1
1440,Weiïng - The Lakefront Camp,1
1441,Pioneer Adventure Tour Camps,1
1441,Pioneer Adventure Tours (Zip Line at Mawkdok / Dympep Valley),1
1441,Umkawang Falls,1
1441,Wah-Kaba Falls,1
1441,Waterfalls View Point,1
1442,Laitarted Picnic Hills,1
1442,Laitarted lake,1
1442,Laitkynton tourist,1
1442,Mattilang Amusement Park,1
1442,Umtong Tourist Spot,1
1443,0,2
1443,"Elephant View Point, Mikgisi",1
1443,Elephant corridor,1
1443,Gajing Abagre Lakes,1
1444,DEEPAR BEEL Lake View,1
1444,Deepor Beel Hill View Point,1
1444,Lailad Bamboo Bridge,1
1444,Lailad Inspection Bungalow,1
1444,Spread Eagle Falls,1
1445,Dawki Waterfall,1
1445,Gilbert Ryngksai,1
1445,Kynrem falls,1
1445,Law kyntang Pynshang Raid Nongblai,1
1445,Wahumkhat falls,1
1446,0,1
1446,Umiam Lake,1
1446,Umiam Lake Viewpoint,1
1446,Umiam Picnic Place,1
1446,Umiam lake,1
1447,Janailar Falls,1
1447,Kynrem falls,1
1447,Lyngksiar Falls,1
1447,Nohkalikai waterfalls Top,1
1447,Sohpung waterfalls,1
1448,Borhill Falls,1
1448,Mawlynnong,1
1448,Mawlynnong - Asia's Cleanest Village,1
1448,Mawlynnong Tree House,1
1448,Sky View View Point,1
1449,0,1
1449,Beadon Bishop View Point,1
1449,Elephant Falls,1
1449,Mawlynrei Falls,1
1449,NEHU FALLS,1
1450,Mawlangkhar Ranges,1
1450,Mawphanlur Guest House,1
1450,Mawphanlur Natural Lake,1
1450,Mawphanlur natural lake ( home stay),1
1450,"Mawphanlur, Madthadraishan,West Khasi Hills, Meghalaya",1
1451,Law kyntang Pynshang Raid Nongblai,1
1451,Mawjngih Lapynshongdor View Point,1
1451,Mawkhlieng Cliff,1
1451,Mawryngkhang Trek,1
1451,Mawshongphu(Sawwat) Viewpoint,1
1452,Mawsawa Falls,1
1452,Nohkalikai waterfalls Top,1
1452,Rainbow Falls,1
1452,View Point Of Cherrapunjee,1
1452,Wah-Kaba Falls,1
1453,0,1
1453,CSC Warimagre,1
1453,Mrik Wari,1
1453,Mrong Bridge,1
1453,"SBM, Community Sanitary Complex, Bolkinggre",1
1454,"Bamboo trek, mawrymgkhang",1
1454,Law kyntang Pynshang Raid Nongblai,1
1454,MAWRYNGKHANG ENTRANCE,1
1454,Mawmoit View Point,1
1454,Natural Swimming Pool,1
1455,Garikhana Masjid (Tableeghi Markaz),1
1455,Laban Masjid,1
1455,Masjid Jhalupara مسجد,1
1455,Police Bazar Jama Masjid,1
1455,Sunni Madina Masjid,1
1456,Malki Forest,1
1456,Park And Garden,1
1456,Rhododendron Trek,1
1456,Risa Colony Hills Forest,1
1456,"Shillong View Point, Laitkor Peak",1
1457,Garden Of Caves,1
1457,"Mawjymbuin Caves, Meghalaya",1
1457,Mawmluh Cave and Changing Room Office,1
1457,Mawsmai Cave,1
1457,"Monolith Park, Mawmluh",1
1458,Kshaid Langshiang Waterfalls,1
1458,Kshaid Thum,1
1458,Kshaid Wahriat,1
1458,Nohkalikai waterfalls Top,1
1458,Wah-Kaba Falls,1
1459,Garden Of Caves,1
1459,"Mawjymbuin Caves, Meghalaya",1
1459,"Mawkyrduk Monolith, Tynrong, Mawlangwirz Meghalaya India",1
1459,Mawsmai Cave,1
1459,Nongnah View Point,1
1460,Butterfly Domes,1
1460,Capt. Williamson Sangma State Museum,1
1460,Ever Living Museum,1
1460,Museum,1
1460,Rhino Heritage Museum,1
1461,Lamlyer Picnic Spot,1
1461,Madan Mawpdang Picnic Spot,1
1461,Mawkhanu Picnic Area,1
1461,Shillong Peak Picnic Spot,1
1461,Umshia falls,1
1462,Kiang Nangbah Statue,1
1462,Nartiang Monoliths,1
1462,Syntu Ksiar Fish Sanctuary,1
1462,Syntuksiar River Bed,1
1462,Tyrshi Falls,1
1463,Air Force Museum,1
1463,Botanical Garden,1
1463,Capt. Williamson Sangma State Museum,1
1463,Don Bosco Museum ticket counter,1
1463,Wankhar Entomology Museum,1
1464,Connell's Park,1
1464,Kharsati Park,1
1464,Lum 'er Pyngngad,1
1464,Matilang park,1
1464,Umiam Picnic Place,1
1465,Duwan Sing Syiem View Point,1
1465,Mawkhong viewpoint,1
1465,Mawphlang View Point,1
1465,Nongjrong View Point,1
1465,Wah Bnoh Fall View Point,1
1466,Khasi Heritage Village,1
1466,Mawphlang Sacred Grove,1
1466,Mawphlang Tourist Agency,1
1466,Mawphlang sacred Forest,1
1466,Umkawang Falls,1
1467,0,1
1467,Hills view point,1
1467,Mawbyrne View point,1
1467,Mawjngih Lapynshongdor View Point,1
1467,Sky View View Point,1
1468,Chibragre Picnic Spot,1
1468,DC Park,1
1468,Pelga Falls,1
1468,Spring Hills,1
1468,"Treehouse Resort Tura, Meghalaya.",1
1469,Arwah Cave,1
1469,Mawsmai Cave,1
1469,Rainbow Falls,1
1469,Wah khlekkhlek,1
1469,Wah-Kaba Falls,1
1470,Elephant Falls,1
1470,Janailar Falls,1
1470,Lyngksiar Falls,1
1470,Lyngwa Water Falls,1
1470,Prut Waterfall,1
1471,Krang Shuri Falls,1
1471,Moopun Falls,1
1471,Rynji Falls,1
1471,Tangnop Waterfalls,1
1471,Tyrshi Falls,1
1472,Air Force Museum,1
1472,Don Bosco Museum ticket counter,1
1472,Ever Living Museum,1
1472,Rhino Heritage Museum,1
1472,Wankhar Entomology Museum,1
1473,Borchora Play ground,1
1473,Jadukata Tabu Bas,1
1473,Meghalaya View Point,1
1473,কানাইখালি করচ বাগান,1
1473,বারিক টিলা,1
1474,0,1
1474,Jawaharlal Nehru Rose Garden,1
1474,Kids Park,1
1474,Lady Hydari Park,1
1474,Lum Nehru Park,1
1475,Dainthlen Falls,1
1475,Kshaid Thum,1
1475,Wah-Kaba Falls,1
1475,Wei Sawdong Falls,1
1475,"Weinia Falls, Nongkhnum Nongstoin",1
1476,Air Force Museum,1
1476,Capt. Williamson Sangma State Museum,1
1476,Don Bosco Museum ticket counter,1
1476,Rhino Heritage Museum,1
1476,Wankhar Entomology Museum,1
1477,0,1
1477,All Saints' Cathedral,1
1477,Cathedral Parish Laitumkhrah,1
1477,Saint Mary's Chapel,1
1477,Shillong Baptist Church,1
1478,Janailar Falls,1
1478,Lyngksiar Falls,1
1478,Mawsawdong Falls,1
1478,Wah-Kaba Falls,1
1478,Wei Sawdong Falls,1
1479,Borhill Falls,1
1479,"Byrdaw Falls, Pomshutia",1
1479,Moopun Falls,1
1479,"Wah Rymben, Lapalang",1
1479,Wahumkhat falls,1
1480,Arwah Cave,1
1480,Double Decker Living Root Bridge,1
1480,Khasi Heritage Village,1
1480,Rainbow bridge Tharia,1
1480,Sohbar bridge,1
1481,Lum Kshaid View Point,1
1481,Malki-Laitkor Trail,1
1481,Risa Colony Hills Forest,1
1481,"Shillong View Point, Laitkor Peak",1
1481,Upper Shillong Forest,1
1482,Krang Shuri Falls,1
1482,Moopun Falls,1
1482,Sah ksaw Falls,1
1482,Tyrshi Falls,1
1482,Umbyrleiñ Falls,1
1483,Dainthlen Falls,1
1483,Kshaid Wahriat,1
1483,Lyngksiar Falls,1
1483,Rainbow Falls,1
1483,"Weinia Falls, Nongkhnum Nongstoin",1
1484,Krang Shuri Falls,1
1484,Krangshuri Office Chamber,1
1484,Krangsuri parking point,1
1484,Sua Ludong Water Falls,1
1484,Tyrshi Falls,1
1485,"Chibok Dare, Bawe Duragre",1
1485,Na.weram dare,1
1485,Pepsuk wari,1
1485,Simsang River Bank,1
1485,Simsang Warima Bridge,1
1486,0,2
1486,Umiam Lake,1
1486,Umiam Lake Viewpoint,1
1486,Umiam lake,1
1487,Amtriang Waterfalls,1
1487,Kudengrim Tourism,1
1487,Pachum Ampaye Waterfall,1
1487,"SLIANG,Amkoi village",1
1487,Umngot River,1
1488,0,1
1488,Botanical Garden,1
1488,Cathedral Parish Laitumkhrah,1
1488,Cathedral of Mary Help of Christians,1
1488,Saint Mary's Chapel,1
1489,Kynrem falls,1
1489,Lyngksiar Falls,1
1489,Nohkalikai Falls View point,1
1489,Rainbow Falls,1
1489,Wah-Kaba Falls,1
1490,Khreng Khreng View Point,1
1490,Kynrem falls,1
1490,"Mawjymbuin Caves, Meghalaya",1
1490,Raincheck Earth,1
1490,Wah-Kaba Falls,1
1491,Amkrem Waterfalls,1
1491,Krang Suri Boating,1
1491,Moopun Falls,1
1491,Rynji Falls,1
1491,Tyrshi Falls,1
1492,0,1
1492,Atchangdap Waterfalls,1
1492,"Fish Sanctuary, Jadi Gindam",1
1492,Gongjagre Village,1
1492,Siju Bird Sanctuary,1
1493,0,1
1493,"Shillong View Point, Laitkor Peak",1
1493,Umiam Lake,1
1493,Umiam Picnic Place,1
1493,Umiam lake shillong,1
1494,0,1
1494,Crinoline Falls,1
1494,Kshaid Tymmen Falls,1
1494,Spread Eagle Falls,1
1494,Sweet Fall View Point,1
1495,Arwah Cave,1
1495,Garden Of Caves,1
1495,Krem Puri Cave,1
1495,"Mawjymbuin Caves, Meghalaya",1
1495,Mawsmai Cave,1
1496,Borhill Falls,1
1496,Dawki Waterfall,1
1496,Rainbow Falls,1
1496,Wah-Kaba Falls,1
1496,Wei Sawdong Falls,1
1497,Janailar Falls,1
1497,Mawsawa Falls,1
1497,Wah-Kaba Falls,1
1497,Wah-kaba Falls Entry Gate,1
1497,Wei Sawdong Falls,1
1498,0,1
1498,Lum Kshaid View Point,1
1498,Mawjngih Lapynshongdor View Point,1
1498,Nongkseh View Point,1
1498,Umngot River Viewpoint,1
1499,Janailar Falls,1
1499,Mawsawdong Falls,1
1499,Nohkalikai waterfalls Top,1
1499,Sohpung waterfalls,1
1499,Wah-Kaba Falls,1
1500,Balancing Rock of Mawlynnong,1
1500,Burma village,1
1500,Mawlynnong,1
1500,Mawlynnong Tree House,1
1500,Ranei Waterfall,1
1501,Darrang Umngot River Capmsite,1
1501,Dawki Bridge,1
1501,Dawki Camping Destination,1
1501,Dawki river,1
1501,Jaflong Zero Point,1
1502,"Byrdaw Falls, Pomshutia",1
1502,Dawki Waterfall,1
1502,Moopun Falls,1
1502,Rainbow Falls,1
1502,Rymben Falls,1
1503,Arwah Cave,1
1503,Garden Of Caves,1
1503,Krem Dam,1
1503,Krem Puri Cave,1
1503,Mawsmai Cave,1
1504,Chandra sangma,1
1504,Chibragre Picnic Spot,1
1504,Pelga fall Boating,1
1504,Rongbang Dare (Rongbang Falls),1
1504,Tura Peak,1
1505,Kynrem falls,1
1505,Nohkalikai waterfalls Top,1
1505,Seven Sister Fall Viewpoint,1
1505,Wah-Kaba Falls,1
1505,Wei Sawdong Falls,1
1506,Garden Of Caves,1
1506,Laitlum Canyon,1
1506,Laitlum Canyon Ridge,1
1506,"Shillong View Point, Laitkor Peak",1
1506,Umiam Lake Viewpoint,1
1507,Eco Lodge,1
1507,Ialong Village,1
1507,Iooksi-Kupli Park,1
1507,Lum Nehru Park,1
1507,Tour somewhere,1
1508,Adventures tours and trekking camp,1
1508,Amlunong Waterfalls,1
1508,Costlymore Pohtam Hayong,1
1508,Songrampunji Waterfall,1
1508,Umngot River Camp,1
1509,0,1
1509,Moopun Falls,1
1509,Phe Phe Fall Camps,1
1509,Sua Ludong Water Falls,1
1509,Thlu Amwi Falls,1
1510,Eco Park,1
1510,Mot Palong Park,1
1510,Rainbow Falls,1
1510,Sohra falls,1
1510,Wah-Kaba Falls,1
1511,Balpakram National Park,1
1511,Matcha Nokpante Nokrek National Park,1
1511,Nokma wario,1
1511,Nokmani Nok,1
1511,Tura Peak,1
1512,"Mawkyrduk Monolith, Tynrong, Mawlangwirz Meghalaya India",1
1512,Mawlangkhar Ranges,1
1512,Mawphanlur Lake,1
1512,Mawphanlur Natural Lake,1
1512,"Mawphanlur, Madthadraishan,West Khasi Hills, Meghalaya",1
1513,Air Force Museum,1
1513,Capt. Williamson Sangma State Museum,1
1513,Ever Living Museum,1
1513,Rhino Heritage Museum,1
1513,Wankhar Entomology Museum,1
1514,Capt. Williamson Sangma State Museum,1
1514,Ever Living Museum,1
1514,Museum,1
1514,Rhino Heritage Museum,1
1514,Wankhar Entomology Museum,1
1515,Khasi Heritage Village,1
1515,Mawphlang David Scott Trail hiking,1
1515,Mawphlang Tourist Agency,1
1515,Mawphlang sacred Forest,1
1515,Sacred forest,1
1516,Janailar Falls,1
1516,Lyngksiar Falls,1
1516,Nohkalikai waterfalls Top,1
1516,Rainbow Falls,1
1516,"Seven Sisters Waterfall, Nohsngithiang",1
1517,Krang Shuri Falls,1
1517,Phe Phe Fall,1
1517,Rynji Falls,1
1517,Sua Ludong Water Falls,1
1517,Tyrshi Falls,1
1518,Ialong Park,1
1518,Kiang Nangbah Monument,1
1518,Mookyndur View Point,1
1518,Umiam Lake,1
1518,monolith garden. nartiang,1
1519,Kynrem falls,1
1519,Lyngksiar Falls,1
1519,Nohkalikai Falls View point,1
1519,Nohkalikai waterfalls Top,1
1519,Wah-Kaba Falls,1
1520,Lyngksiar Falls,1
1520,Nohkalikai waterfalls Top,1
1520,Rainbow Falls,1
1520,"Seven Sisters Waterfall, Nohsngithiang",1
1520,Wah-Kaba Falls,1
1521,0,1
1521,Bishop's Falls,1
1521,Elephant Falls,1
1521,Lum Kshaid View Point,1
1521,"Waterfall, NEHU",1
1522,0,1
1522,Bishop's Falls,1
1522,Elephant falls,1
1522,Mawlynrei Falls,1
1522,"Shillong View Point, Laitkor Peak",1
1523,Baghmara Pitcher Plant Sanctuary,1
1523,Balpakram,1
1523,Nokrek National Park,1
1523,Panda Reserve,1
1523,Siju Bird Sanctuary,1
1524,Mawphlang David Scott Trail hiking,1
1524,Mawphlang Sacred Grove,1
1524,Mawphlang Seventh Day Adventist Church,1
1524,Mawphlang sacred Forest,1
1524,Sacred forest,1
1525,Arwah Cave Viewpoint,1
1525,Garden Of Caves,1
1525,Krem Dam,1
1525,Mawsmai Cave,1
1525,Wah-Kaba Falls,1
1526,Kaikada waterfall mupliang,1
1526,Krang Shuri Falls,1
1526,Krang Suri Boating,1
1526,Moopun Falls,1
1526,Rynji Falls,1
1527,Arwah Cave,1
1527,Krem Dam,1
1527,"Mawjymbuin Caves, Meghalaya",1
1527,Mawmluh Cave and Changing Room Office,1
1527,Mawsmai Cave,1
1528,Kynrem falls,1
1528,Nohkalikai waterfalls Top,1
1528,Rainbow Falls,1
1528,Wah-kaba Falls Entry Gate,1
1528,Wei Sawdong Falls,1
1529,Garden Of Caves,1
1529,Kyllang Rock,1
1529,Laitlum Canyon Ridge,1
1529,Laitlum View Point,1
1529,"Shillong View Point, Laitkor Peak",1
1530,Garden Of Caves,1
1530,Laitlum Canyon,1
1530,Lum 'er Pyngngad,1
1530,"Shillong View Point, Laitkor Peak",1
1530,U Lum Kyllang (Riangmang) Meghalaya,1
1531,Arwah Cave,1
1531,Garden Of Caves,1
1531,"Mawjymbuin Caves, Meghalaya",1
1531,Mawmluh Cave and Changing Room Office,1
1531,Mawsmai Monoliths,1
1532,Bishop's Falls,1
1532,Elephant Falls,1
1532,Lum Kshaid View Point,1
1532,Malki Forest,1
1532,Shillong Peak Picnic Spot,1
1533,0,1
1533,Bishop's Falls,1
1533,Crinoline Falls,1
1533,Elephant falls,1
1533,"Shillong View Point, Laitkor Peak",1
1534,Mawkhanu Picnic Area,1
1534,Umiam Lake Viewpoint,1
1534,Umiam Picnic Place,1
1534,Umiam lake,1
1534,Umiam lake shillong,1
1535,Buddist cave,1
1535,Mylaram Caves,1
1535,Night Camping - Pandavula Gutta,1
1535,Pandavula Gutta,1
1535,Pandavula waterfalls,1
1536,Gollattha Gudi,1
1536,Lord Shiva's Temple,1
1536,Shiva Temple,1
1536,Shivalayam,1
1536,రామప్ప చెరువు,1
1537,Ekashila Lake & Children Garden,1
1537,Fort Warangal Park,1
1537,Fort Warangal South Entrance,1
1537,Kaakatiya Kalaa Thoranam 1,1
1537,Kush Mahal,1
1538,Hanuman Temple,1
1538,Sanghi Temple,1
1538,Sri Anjaneya Swamy Devalayam,1
1538,Sri Kesari Hanuman Mandir,1
1538,Sri Prasanna Anjaneya Swamy Temple,1
1539,Eco Tourism Cottages,1
1539,Riverfront Mrugavani - Somasila,1
1539,Somasila Bathing Ghat,1
1539,Somasila Camping Site,1
1539,Someswara Swamy Temple,1
1540,"Adventure Park, Komati Cheruvu Siddipet",1
1540,Glow Garden Siddipet,1
1540,Hanging Bridge,1
1540,"Komati Cheruv Laser Show, Siddipet",1
1540,Komati Cheruvu Tankbund,1
1541,C- Type Park,1
1541,Dinosaur Park,1
1541,Huda Park,1
1541,Indira Park,1
1541,Rajiv Gandhi Park,1
1542,Shri Chennakeshava Swamy Devalayam,1
1542,SitaRam Bagh Mandir,1
1542,Sri Kesari Hanuman Mandir,1
1542,Sri Mahankali Devalayam,1
1542,Sri Shyam Mandir Seva Samitee,1
1543,Shri Ashtalakshmi Temple,1
1543,Sri Peddama Thalli Temple,1
1543,Sri Peddamma Talli Temple,1
1543,Sri Yellamma Pochamma Devastanam,1
1543,Vinayaka Temple,1
1544,Elephants Park,1
1544,Lion Safari,1
1544,Nehru Zoological Park,1
1544,Rhea Americana,1
1544,Tiger Safari,1
1545,Kotapally Check Dam,1
1545,Kotepally Kayaking Reservoir,1
1545,Kotepally Reservoir,1
1545,"Penguin Lakeside Camping, Near Ananthagiri Hills",1
1545,Sarpanpally Lake View point,1
1546,Inavolu Mallanna Temple,1
1546,Inavolu Nandi Statue,1
1546,Sree Allamma thalli devalayam,1
1546,Sri Kattamallanna Mallikarjuna Swamy Devasthanam,1
1546,pochamma temple,1
1547,0,1
1547,Gandhari - Medaram Waterfall,1
1547,Gangapoor Waterfalls,1
1547,Small waterfall,1
1547,Thandrial Waterfalls (ఎత్తి పోసే గుండ్లు),1
1548,0,1
1548,Buddha Statue,1
1548,Buddha statue view point,1
1548,Fountain NTR Gardens,1
1548,View Point,1
1549,Mandalagudem waterfalls,1
1549,Pandavula waterfalls,1
1549,Raikal Waterfalls,1
1549,Raikal water falls,1
1549,Ramagirifort Waterfalls,1
1550,Birla Mandir,1
1550,Ramalayam Temple,1
1550,Shri Chennakeshava Swamy Devalayam,1
1550,"Sri Dattatreya Mandir, Dattatreya Pahad",1
1550,Sri Kesari Hanuman Mandir,1
1551,Gandhi Park,1
1551,Nagarjuna Sagar View Point.,1
1551,Nagarjunasagar Left Earth Dam,1
1551,Nagarjunasagar Pylon Park,1
1551,SAGAR VIEW,1
1552,Do Minar,1
1552,"Eidgah-E-Alamgir, Elgandal",1
1552,Elgandal Stepwell or Naganna baavi of Hameeduddin,1
1552,Naganna Step Well,1
1552,Ramagiri fort,1
1553,Dr. A.S. Rao Nagar Colony Park,1
1553,GHMC Park,1
1553,LIG A PARK,1
1553,Nadimi Cheruvu Kids Park Safilguda Neredmet,1
1553,Neredmet Fort,1
1554,Domalguda Park,1
1554,Gandhinagar Park,1
1554,Priyadarshini Park,1
1554,Sanjeevaiah Children's Park,1
1554,Sesha park,1
1555,Chikkepally Pedda Cheruvu,1
1555,"Kavali vari Lands, Nallapothula",1
1555,Kondanagula kota buruju,1
1555,Thatipamula Cheruvu,1
1555,పెద్ద చెరువు కట్ట Entry,1
1556,Chakunta,1
1556,Cherlabuthkur chervu,1
1556,Cherlabuthkur pedha chervu,1
1556,Ramagiri fort,1
1556,molangur khilla,1
1557,Chinna Cheruvu,1
1557,Forest Watch tower,1
1557,Koneru \ Temple Tank,1
1557,Mandapam,1
1557,Wadlam,1
1558,Bird Watching Area,1
1558,POCHARAM DAM,1
1558,Patan Cheruvu,1
1558,Pocharam Reservoir Lake,1
1558,Pocharam lake view point,1
1559,Bheekya Naik Farmings,1
1559,Vizag Colony Boating,1
1559,Vizag Colony Jewel,1
1559,Vizag colony beach,1
1559,Vizag colony boating and fishing,1
1560,Kotilingala Temple,1
1560,Narasimha Swamy Temple,1
1560,Padmakshi Temple,1
1560,Shiva Temple,1
1560,Sri Bhadrakali Devastanam,1
1561,Godavari Pushkar Ghat (Godavarikhani),1
1561,Godavari river cruise view,1
1561,Malkapur Mini Tankbund - Godavarikhani,1
1561,Morarjidesai Garden,1
1561,Park,1
1562,0,1
1562,Indalwai Mini Waterfalls,1
1562,JB Waterfalls,1
1562,Janakibai Waterfalls,1
1562,Sirnapally Water Falls సిర్నపల్లి జలాపతం,1
1563,Khammam Fort,1
1563,Lakaram park,1
1563,Lakaram tank bund Suspension bridge,1
1563,Lakaram tankbund Jammibanda park khammam,1
1563,Mini Tank Bund,1
1564,Ananthagiri Hills Forest,1
1564,Ananthagiri Hills Viewpoint,1
1564,Ananthagiri hills,1
1564,Area Of Ananthagiri Hills,1
1564,Waterfall Point,1
1565,Skandagiri Temple,1
1565,Sri Bala Subramanya Swamy Temple,1
1565,Sri Kanchi Kamakoti Sankara Mandir,1
1565,Sri Subrahmanya Swamy Temple,1
1565,Subramanya Swamy Temple,1
1566,Cheeryal lake,1
1566,Cherlapallly Lake,1
1566,Kapra Lake Immersion Point,1
1566,Laxmi Nilayam,1
1566,Nagaram Lake Rocks,1
1567,Fateh Rahbar Gun,1
1567,Golconda Fort,1
1567,Hatiyan Jhad Baobab Tree,1
1567,Jamali Darwaza,1
1567,Qutub Shahi Masjid,1
1568,End of Vehichles-Muthyam Dhaara Water Falls,1
1568,Kongala waterfalls,1
1568,Muthyam Dhara Crossing,1
1568,Mutyala dhara waterfalls,1
1568,Swapna Water Falls,1
1569,Deer Park,1
1569,Elephants Park,1
1569,Lion Safari,1
1569,Nehru Zoological Park,1
1569,Safari Point,1
1570,Hare Krishna Golden Temple,1
1570,Jagannath Temple Bollaram,1
1570,Puri Jagannath temple,1
1570,Puri jagannath temple banjara hills,1
1570,Sri Jagannath Mandir,1
1571,Aftab Mahal,1
1571,Charminar,1
1571,Mehboob Mansion,1
1571,P.V. Narshimha Rao Statue,1
1571,Ramalayam kamaan,1
1572,Deverakota Temple,1
1572,Pochamma Temple,1
1572,Shiva temple (Omkareshwara temple),1
1572,Shivalayam,1
1572,Tandra waterfall,1
1573,Chowmahalla Palace,1
1573,Clock Tower,1
1573,ClockTower,1
1573,Darbar Hall,1
1573,Malwala Palace,1
1574,Octopus View Turning point,1
1574,Siddi Ramappa Kolanu,1
1574,Srisailam Dam View Point,1
1574,Srisailam Dam View Point 2,1
1574,Srisailam View Point,1
1575,B.M. Birla Science Museum,1
1575,Musi River near Shamshan Ghat,1
1575,Salar Jung Museum,1
1575,Shilparamam,1
1575,Vintage Cars & Buggies,1
1576,Brahma Pushkaruni Koneru,1
1576,CHATHRAPATHI SHIVAJI MAHARAJ STATUE,1
1576,Dharmapuri godavari river ghat,1
1576,Godavari river snan ghat,1
1576,Thamalla kunta cheruvu,1
1577,Botanical garden,1
1577,Fountain NTR Gardens,1
1577,Landscape Garden,1
1577,NTR Gardens,1
1577,Nampally Public Garden,1
1578,Lakanavaram Island 2,1
1578,Laknavaram Camping | Freakouts Adventures,1
1578,Laknavaram Forest Camps,1
1578,Laknavaram Lake,1
1578,Laknavaram Tourist Attraction,1
1579,Gandipet Park,1
1579,Osman Sagar View Point,1
1579,Osman Sagar lake birding point,1
1579,Osman sagar lake road,1
1579,Osman sagar rock landscape,1
1580,Bodakonda small waterfalls,1
1580,Bugga waterfalls,1
1580,Korravanitanda waterfalls,1
1580,Pallagattu Waterfalls,1
1580,Venkepalli Waterfalls,1
1581,Kadali Vanam Cave,1
1581,"Loddhi, Loddhi Mallanna Temple",1
1581,Mallela Thirtham Waterfall,1
1581,Mysamma Idol,1
1581,Saleshwaram Lingamayya Swamy Temple,1
1582,0,1
1582,Chowmahalla Palace,1
1582,Malwala Palace,1
1582,Qutub Shahi Tombs,1
1582,Tahniyat Mahal,1
1583,0,5
1584,Ayyappa Swamy Sannidhanam,1
1584,Durgam Temple,1
1584,Kashibugga,1
1584,Kulpakji Shwetambar Jain Mandir,1
1584,"Shree Shree Renukarcharya, Swamy , Government of Telangana Archaeological-Museum, Kolanupaka",1
1585,Bala Hissar Darwaza,1
1585,Golconda Fort,1
1585,Jamali Darwaza,1
1585,Qutub Shahi Masjid,1
1585,Sultan Nagar Fort,1
1586,Durgam Cheruvu Secret Lake Park,1
1586,Fox sagar,1
1586,Lake View Park,1
1586,Sagar Lake Entrance,1
1586,Sultan Philips Park,1
1587,0,2
1587,Anthar ganga waterfalls pond,1
1587,Highway waterfalls,1
1587,Nanajipur Waterfalls,1
1588,Borasura,1
1588,Filmy Duniya,1
1588,"Mughal Garden, Ramoji Film City",1
1588,"Sahas Adventure Park, Ramoji Film City",1
1588,Springdale,1
1589,Godavari Pushkar bathing Ghat - Basara,1
1589,Godavari pushkara ghat,1
1589,Rock Stone,1
1589,Sri Gnana Saraswathi Devasthanam,1
1589,Vedavathi Shila,1
1590,KLN Yadav Park | Kanjerla Laxmi Narayana Yadav Park,1
1590,Krishna Kanth Park,1
1590,Public Gardens,1
1590,ROCK GARDEN,1
1590,Sanjeevaiah Children's Park,1
1591,0,1
1591,Anthar ganga waterfalls pond,1
1591,"Antharaganga Waterfalls, Kawadipally, RR District.",1
1591,Highway waterfalls,1
1591,Pallagattu Waterfalls,1
1592,Akkamahadevi & Swayambhu Shiva Mandir,1
1592,"Mallamma Kanneeru Temple,Srisailam",1
1592,Paladhara-Panchadhara,1
1592,Saleshwaram Lingamayya Swamy Temple,1
1592,Siddi Ramappa Kolanu,1
1593,Jalavihar Water Park,1
1593,WONDERFUN PARK AND PARTY ZONE,1
1593,Wonder Splash,1
1593,Wonderla Tour operator,1
1593,Wonderland Park,1
1594,Inavolu Nandi Statue,1
1594,Sree Allamma thalli devalayam,1
1594,Sri Bramarambikha Devi Aalayam,1
1594,Sri Mallikarjuna Swamy Temple,1
1594,pochamma temple,1
1595,Deer Park,1
1595,"Eco Park, Hyderabad",1
1595,Fly Zone Hyderabad,1
1595,Gandipet Park,1
1595,Jalavihar Water Park,1
1596,Ashta Lakshmi Temple,1
1596,ISKCON Hyderabad,1
1596,Mahalaxmi Temple,1
1596,Sri Gnana Saraswati Temple,1
1596,Tulja Bhavani Temple - Murlidhar Bagh,1
1597,"Antharaganga Waterfalls, Kawadipally, RR District.",1
1597,Bodakonda Waterfalls,1
1597,Bugga waterfalls,1
1597,Korravanitanda waterfalls,1
1597,Pallagattu Waterfalls,1
1598,0,1
1598,Konda Pochama Dam West Entrance Ramp,1
1598,"Konda Pochamma Reservoir,",1
1598,Kondapochamma Reservoir -Real Estate Ram Reddy,1
1598,"Kondapochamma Sagar,Hyderabad",1
1599,Chechera Waterfalls,1
1599,Gandhari - Medaram Waterfall,1
1599,"Local Guide for Mitte Waterfalls (Saptha Gundalu) , Telangana",1
1599,MANGAMTADVA WATERFALLS,1
1599,Sapthakundala waterfalls,1
1600,Konda Pochama Dam West Entrance Ramp,1
1600,Konda pochamma Reservoir,1
1600,Kondapochamma Reservoir -Real Estate Ram Reddy,1
1600,"Kondapochamma Sagar,Hyderabad",1
1600,kondapochamma Reservoir-Sree Rama real estate,1
1601,Aftab Mahal,1
1601,Chowmahalla Palace,1
1601,Darbar Hall,1
1601,Purani Haveli,1
1601,Tahniyat Mahal,1
1602,B.M. Birla Science Museum,1
1602,Birla Mandir,1
1602,Butterfly Garden,1
1602,Indira Park,1
1602,Tank Bund Park,1
1603,Lord Buddha statue,1
1603,Love NGKL,1
1603,THE STATUE OF BUDDAH,1
1603,Tankbund Childrens Park,1
1603,The Statue Of Bathukamma (Bathukamma Ghat),1
1604,Birla Mandir,1
1604,Buddha statue view point,1
1604,Dr Babasaheb Ambedkar Statue,1
1604,Hussain Sagar Lake,1
1604,Hussain Sagar View Point,1
1605,Gandari Vanam Park,1
1605,Gandhari - Medaram Waterfall,1
1605,Gandhari Vanam,1
1605,Gundala Waterfalls,1
1605,రాళ్ళ వాగు ralla vagu,1
1606,Ana kata,1
1606,Palle Prakruthi vanam Tadamanoor,1
1606,S A Garden,1
1606,Sekhapur Lake,1
1606,Singur Road Bridge,1
1607,"Archaeology Museum, Pillalamarri",1
1607,Nalla Chervu kuntta,1
1607,PillalaMarri Mini Zoo & Deer Park,1
1607,Pillamari Museum,1
1607,mahabubnagar waterfalls,1
1608,Indhanpelli forest tourism house,1
1608,Kalwal Tiger Reserve Safari entry,1
1608,Kawal tiger reserve icon,1
1608,Kawal zoo park,1
1608,Palle prakruthi vanam,1
1609,Butterfly Garden,1
1609,Children's Park,1
1609,Indira Park,1
1609,Jalagam Vengalrao Park,1
1609,Krishna Kanth Park,1
1610,0,1
1610,Chowmahalla Palace,1
1610,Darbar Hall,1
1610,Malwala Palace,1
1610,"Tourist Plaza(Interpretation Center), Bansilalpet stepwell",1
1611,Chinnagolkonda chennakeshava temle,1
1611,Golconda Fort,1
1611,Sreenivas Yadav Farm,1
1611,చిన్నగోల్కొండ,1
1611,పల్లె ప్రకృతి వనం,1
1612,Deer Park,1
1612,INDIA ZOO,1
1612,Nocturnal Animals,1
1612,Tiger Safari,1
1612,Zoo Quarters,1
1613,0,1
1613,Deverakonda fort firing place,1
1613,Fort Gate,1
1613,Kanchari Bazar,1
1613,Royal Devarakonda,1
1614,Laknavaram Bridge,1
1614,Laknavaram Check Dam,1
1614,Laknavaram Eco Park,1
1614,Laknavaram Forest Camps,1
1614,Laknavaram Lake,1
1615,Divya Desam | 108 Temples,1
1615,Nitai Nawadwip Chandra Kuteer,1
1615,Samathamurthy,1
1615,Sri Ramanuja Sahasrabdi,1
1615,Vinod garden Pvt ltd,1
1616,Gajwel Tank Bund,1
1616,Malakabavi Sangapur gajwel,1
1616,Mini Tank bund gajwel,1
1616,Rajivgandhi park,1
1616,Royal Gajwel,1
1617,Jal vihar swimming pool,1
1617,Ocean Park,1
1617,Rain Water Harvesting Theme Park,1
1617,Thrill City,1
1617,"Wonderla Amusement Park, Hyderabad",1
1618,Church Ground,1
1618,Medak Church Main Gate.,1
1618,Medak Fort,1
1618,Medak church,1
1618,"TPM Church, Medak",1
1619,0,1
1619,Botanical garden,1
1619,Gandipet Lake,1
1619,Jalagam Vengalrao Park,1
1619,Monolith Park,1
1620,Indira Park,1
1620,Jalavihar Water Park,1
1620,Snow Kingdom - Hyderabad,1
1620,Thrill City,1
1620,Wonderland Park,1
1621,Gayatri Water Falls,1
1621,Gupthal (JDK) Waterfalls,1
1621,Kanakai Water Falls (Kanakadurga),1
1621,Koratikal Waterfall,1
1621,Pochera Falls Meditative and peace,1
1622,Ananthagiri Hills,1
1622,Ananthagiri Hills Forest,1
1622,Ananthagiri Hills Viewpoint,1
1622,Kotapally Check Dam,1
1622,Kotepally Kayaking Reservoir,1
1623,Bird Watching Area,1
1623,POCHARAM DAM,1
1623,Pocharam Park,1
1623,Pocharam lake view point,1
1623,Pocharam reservoir,1
1624,Fox Sagar Lake,1
1624,Sanjeevaiah Children's Park,1
1624,Shamirpet Deer Park,1
1624,Shamirpet Lake Outflow,1
1624,Shamirpet road,1
1625,Birla Mandir,1
1625,Birla Planetarium,1
1625,"G P Birla Centre, website: bacri.org",1
1625,Health Museum,1
1625,Lumbini Park,1
1626,"Eco Park, Hyderabad",1
1626,Gandipet Lake,1
1626,Jalamandali Park,1
1626,Ocean Park,1
1626,Rock Garden,1
1627,Arunachalam water fall,1
1627,Bogatha Waterfall,1
1627,Mutyala dhara waterfalls,1
1627,Nuguru waterfalls,1
1627,krishnapuram waterfall,1
1628,"Antharaganga Waterfalls, Kawadipally, RR District.",1
1628,Bodakonda Waterfalls,1
1628,Bugga waterfalls,1
1628,Korravanitanda waterfalls,1
1628,Venkepalli Waterfalls,1
1629,Ananthagiri Hills Viewpoint,1
1629,Kotepally Kayaking Reservoir,1
1629,Kotepally Reservoir,1
1629,Kotepally lake view,1
1629,Sarpanpally Lake,1
1630,Archaeology and Museums Department,1
1630,B.M. Birla Science Museum,1
1630,Centenary Heritage Museum,1
1630,Health Museum,1
1630,Salar Jung Museum,1
1631,Birla Mandir,1
1631,Hill point,1
1631,Kailasagiri Mallikarjuna Swamy temple,1
1631,Kailasagiri Temple Anjaneyulu Home,1
1631,Sri Ganesh Temple,1
1632,Elgandal Fort,1
1632,RamaGiri Fort Lord Sree Rama Temple,1
1632,Ramagirifort Waterfalls,1
1632,Sri Ramagundaalu - Ramagundam,1
1632,ramagiri temple,1
1633,Birla Mandir,1
1633,Buddha Statue,1
1633,Lumbini Park,1
1633,P.V. Narshimha Rao Statue,1
1633,Tyagayya Statue,1
1634,Bhadrappa kunta,1
1634,Kantamaheshwara colony Park,1
1634,MALKAPUR - KOYYALAGUDEM MOUNTAIN WATER FALLS,1
1634,Pothaipally Lake,1
1634,Thrilingeshwaralaya Check Dam,1
1635,Deer Park Museum,1
1635,Jyothinagar Park,1
1635,Karimnagar Deer Park,1
1635,Rajiv Park,1
1635,ZP QUARTERS PARK,1
1636,Lumbini Park,1
1636,Mahavir Harina Vanasthali National Park,1
1636,Mrugavani National Park parking space,1
1636,Mrugavani National park view point,1
1636,Mrugavani Resort & Spa,1
1637,1000pillar temple,1
1637,Padmakshi Temple,1
1637,Sri Bhadrakali Devastanam,1
1637,Temple Open Well,1
1637,Vaistambala Temple,1
1638,0,1
1638,Chowmahalla Palace,1
1638,Qutub Shahi Tombs,1
1638,Sculpture Park Shilparamam,1
1638,"Village Museum, Shilparamam",1
1639,Gayatri Water Falls,1
1639,Gupthal (JDK) Waterfalls,1
1639,Kanakai Water Falls (Kanakadurga),1
1639,Ranapur waterfalls,1
1639,Tandra waterfall,1
1640,7 Wells Waterfalls,1
1640,Bheemuni paadham lake,1
1640,Matwada Waterfalls,1
1640,Pandavula waterfalls,1
1640,Pedda gutta waterfalls,1
1641,CHARMINAR MARKET,1
1641,Char Kaman,1
1641,Darbar Hall,1
1641,Hyderabad charminar,1
1641,Mecca Masjid,1
1642,0,1
1642,C.S.I MEDAK CATHEDRAL,1
1642,Komtoor cheruvu,1
1642,Mallana gutta,1
1642,Wadakpally Watchtower,1
1643,B.M. Birla Science Museum,1
1643,Lumbini Park,1
1643,Ramalayam Temple,1
1643,SitaRam Bagh Mandir,1
1643,birla mandir,1
1644,0,1
1644,Konda Pochama Dam West Entrance Ramp,1
1644,"Konda Pochamma Reservoir,",1
1644,Konda pochamma Reservoir,1
1644,Kondapochamma Reservoir -Real Estate Ram Reddy,1
1645,KBR LAKE,1
1645,KBR National Park West Gate,1
1645,KBR Park,1
1645,Krishna Kanth Park,1
1645,Lumbini Park,1
1646,Arunachalam water fall,1
1646,Kongala waterfalls,1
1646,Mutyala dhara waterfalls,1
1646,Nuguru waterfalls,1
1646,"SRI LAKSHMI NARASIMHASWAMY TEMPLE,BOGATAWATERFALLS,CHEEKUPALLY,WAZEEDU,J.S.BHUPALAPALLY",1
1647,Ramoji Film City,1
1647,Ramoji Film City Sign,1
1647,Ramoji Film City Tour Operator,1
1647,Ramoji Film city entry tickets/Meluha,1
1647,Springdale,1
1648,Aftab Mahal,1
1648,Darbar Hall,1
1648,Malwala Palace,1
1648,Shilparamam,1
1648,Tahniyat Mahal,1
1649,Bala Hissar Darwaza,1
1649,Fateh Rahbar Gun,1
1649,GOLKONDA FORT,1
1649,Qutub Shahi Masjid,1
1649,Qutub Shahi Tombs,1
1650,Kadali Vanam Cave,1
1650,Nallamala Forest,1
1650,Nallamala Forest entrance (Amrabad Tiger Reserve forest),1
1650,Paladhara-Panchadhara,1
1650,Sailashwaram Water Falls,1
1651,Our Spot,1
1651,Pigeon Park,1
1651,Pigeon park,1
1651,Pigeon view - Necklace road,1
1651,Pranarasnna pigeons spot,1
1652,Archaeological Museum,1
1652,Maha Shivudu Vigraham,1
1652,Pachchala Someshwara Temple,1
1652,Sri Bhaktanjaneya Devastanam,1
1652,Sri Surya Bagavanudu temple,1
1653,Gupthal (JDK) Waterfalls,1
1653,Kanakai Water Falls (Kanakadurga),1
1653,Koratikal Waterfall,1
1653,Pochera Water Falls,1
1653,Tandra waterfall,1
1654,Bathukamma Ghat ( Gorantial ),1
1654,Checkdam Gambhiraopet,1
1654,Cheruvu,1
1654,Cheruvu katta,1
1654,Durgamma Cheruvu,1
1655,Fambonglho Wildlife Sanctuary,1
1655,Fambonglho wild life Sanctuary,1
1655,Kanchendzonga national park,1
1655,Kyongnosla Waterfall,1
1655,Sikkim Himalayan Zoological Park,1
1656,Buddhist Temple,1
1656,Enchey Monastery,1
1656,Pal Karma Zurmang Shedup Chokhor Ling Lingdum Monastery (Ranka Monastery),1
1656,Phensang Monastery,1
1656,Tsuglakhang Monastery & Temple,1
1657,Monastery,1
1657,"Ngadak Thupten Shedup Dhargey Choeling, Monastery",1
1657,Pemayangtse Monastery,1
1657,Samdrupse Namchi South Sikkim,1
1657,Serdup Choling Monastery,1
1658,Bakthang Waterfall,1
1658,Ban Jhakri Falls Park,1
1658,Ganesh Tok,1
1658,Hanuman Tok,1
1658,Thakurbari Temple,1
1659,I LOVE LACHUNG View Point,1
1659,Lachung Viewpoint,1
1659,Lachung cliffs,1
1659,Way to lachung,1
1659,lachung,1
1660,Hanging Bridge,1
1660,Lingtam Khola River,1
1660,Lungthung View Point,1
1660,Sarathang Lake,1
1660,Sikkim Silk Route,1
1661,Chadmari Shiv Temple,1
1661,Ganesh Tok,1
1661,Shivalaya Mandir,1
1661,Shree Siddheshwar Shiv Mandir,1
1661,Thakurbari Temple,1
1662,Gangtok Market,1
1662,Gangtok Sikkim,1
1662,New Market,1
1662,Super Market,1
1662,mg road,1
1663,Central Park Namchi,1
1663,Char Dham Temple,1
1663,Gangtok Ropeway,1
1663,Namchi Helipad,1
1663,Namchi ropeway,1
1664,Gangtok View Point,1
1664,Gangtok view,1
1664,Namnang View Point,1
1664,Namnang road view point,1
1664,"Tashi View Point, Bojoghari",1
1665,Airport viewpoint,1
1665,Khangree view point,1
1665,Nindi- Sherpa Road,1
1665,PAKYONG,1
1665,बन्दे पोख्रेल भ्यू पोइन्ट,1
1666,0,1
1666,Bhim Nala Fall,1
1666,Khanda Waterfalls,1
1666,Naga Falls,1
1666,lachung,1
1667,Bojeytaar View Point,1
1667,RANGEET RIVER VIEW POINT,1
1667,Tarey Bhir Resort,1
1667,Tarey View,1
1667,Teesta View Point,1
1668,"Fish feeding zone, khecheopalri lake",1
1668,Kechupalri lake,1
1668,Khecheopalri Valley Viewpoint,1
1668,Khechiperi Lake,1
1668,View Point,1
1669,"Bariakhop, Sikkim",1
1669,Biksthang Heritage Farmhouse,1
1669,Chakung park,1
1669,Rock Garden. Jorethang,1
1669,सिङताम बजार,1
1670,Barsey,1
1670,Barsey Guras Kunj,1
1670,Barsey Rhododendron Sanctuary,1
1670,Rhodhodendron Park,1
1670,Sidekeong Tulku Bird Park,1
1671,Bakthang Waterfall,1
1671,Ban Jhakri Falls Park,1
1671,Butterfly waterfalls,1
1671,Lhasa Falls,1
1671,Meyong Waterfall,1
1672,Gnathang Valley View Point,1
1672,Lungthung View Point,1
1672,Nathang Valley,1
1672,Nathang Vally Top View,1
1672,Nathula Pass View Point,1
1673,Bojeytaar View Point,1
1673,Shanti Viewpoint,1
1673,Zip line view point,1
1673,amba view point,1
1673,बन्दे पोख्रेल भ्यू पोइन्ट,1
1674,Bakthang Waterfall,1
1674,Bholenath Temple,1
1674,Buddha Waterfalls,1
1674,Kyongnosla Waterfall,1
1674,Tumlabung Waterfall,1
1675,Gnathang Valley View Point,1
1675,Hangu lake view point,1
1675,Lungthung View Point,1
1675,Memencho Lake Kupuk,1
1675,Rolep Hanging bridge,1
1676,Buddha Waterfalls,1
1676,Butter Fly Bridge,1
1676,"Hanging Bridge, Rolep",1
1676,Lungthung View Point,1
1676,Rolep Hanging bridge,1
1677,0,1
1677,Baba Harbhajan Singh Temple,1
1677,Baba Harbhajan's Bunker,1
1677,Heart Lake,1
1677,Temple,1
1678,0,1
1678,Bhalleydhunga Ropeway Return Station,1
1678,Dhapper,1
1678,Lower dhapper Ropeway Station,1
1678,Namchi ropeway,1
1679,Rimbi Jal Prapat,1
1679,Rimbi River Old Bridge,1
1679,Rimbi Water Falls,1
1679,Rimbi river,1
1679,River Orange Garden....Singlitam,1
1680,New View Point,1
1680,Phuni Valley Viewpoint,1
1680,Yumthang Valley,1
1680,Yumthang View Point,1
1680,Zero Point,1
1681,0,1
1681,Celestial Sikkim tours and travels,1
1681,"Gangtok, Sikkim",1
1681,Sikkim,1
1681,Sikkim Tour,1
1682,Kanchenjunga View Point (Behind Mahakal Mandir),1
1682,Mankhim Top Kanchenjunga View Point,1
1682,Namnang View Point,1
1682,Power View point,1
1682,Sikkim Tourism View Point & Car Park Lungma Dara,1
1683,0,1
1683,"Culture Park, Sikkim",1
1683,"Pelling, Sikkim",1
1683,SIKKIM,1
1683,Sikkim trekking,1
1684,Buddha Waterfalls,1
1684,Hanging Bridge,1
1684,"Hanging Bridge, Rolep",1
1684,Lungthung View Point,1
1684,Thambi View Point,1
1685,Central Park Namchi,1
1685,Char Dham Temple,1
1685,Mahatma Gandhi Botanical Park,1
1685,Namchi Rock Garden,1
1685,South Sikkim,1
1686,Buddha Park,1
1686,Linga natural Park,1
1686,Ravangla,1
1686,Ravangla Dhobi Dhara View,1
1686,Ravangla Gumba,1
1687,Ban Jhakri Falls Park,1
1687,Chogyal Memorial Park,1
1687,Kanchendzonga national park,1
1687,Kyongnosla Alpine Sanctuary,1
1687,Sikkim Himalayan Zoological Park,1
1688,Lake Yak selfee Point,1
1688,TSOMGO LAKE VIEW POINT,1
1688,Tsomgo Lake,1
1688,Tsomgo Lake Ropeway Side View Point,1
1688,Tsomgo Lake View Point,1
1689,Nathu La Nathang Valley Natural Reserve,1
1689,Nathula Lake,1
1689,Nathula Pass View Point,1
1689,Sarathang Lake,1
1689,"Sherathang War Memorial, Nathu La, Sikkim",1
1690,Bandey Pokhrel Memorial Park,1
1690,Bhootay Chango (Waterfall),1
1690,Budunay Jungle Tareythang,1
1690,"Pangolakha Forest,spot",1
1690,Takchang View Point,1
1691,Temi Dak Bungalow,1
1691,Temi Tea Estate,1
1691,Temi Tea Garden,2
1691,Zip line Temi,1
1692,TSOMGO LAKE VIEW POINT,1
1692,Tsomgo Lake Bridge,1
1692,Tsomgo Lake Ice Play Ground,1
1692,Tsomgo Lake Ropeway,1
1692,Tsomgo Lake View Point,1
1693,0,5
1694,Katao - North Sikkim,1
1694,NP Point,1
1694,Thangu Valley,1
1694,Valley of Flowers,1
1694,Yumthang Valley,1
1695,0,1
1695,Gurudongmar Lake,1
1695,Gurudongmar Tso(Lake),1
1695,Thangu Gompa,1
1695,sikkim,1
1696,Barsey Guras Kunj,1
1696,Barsey Rhododendron Sanctuary,2
1696,Okhray hilley barsey,1
1696,Versey Lake,1
1697,"Kala Patthar, Sikkim, India",1
1697,Lashar Valley,1
1697,Thangu Valley,1
1697,Valley View Point,1
1697,Yumthang Valley,1
1698,Botanical Nursery,1
1698,HOTEL HIDDEN FLOWER,1
1698,Jawaharlal Nehru Botanical Garden,1
1698,Mainam Garden,1
1698,Plant Conservatory,1
1699,GANGTOK,1
1699,Gangtok view,1
1699,"Gangtok, Sikkim",1
1699,"Gangtok,kaziroad",1
1699,Wire bridge,1
1700,Char Dham Temple,1
1700,Monastery,1
1700,Samdruptse,1
1700,Serdup Choling Monastery,1
1700,The Golden Gate of Ngadak Monastery,1
1701,Buddhist Temple,1
1701,Gonjang Monastery,1
1701,Pal Karma Zurmang Shedup Chokhor Ling Lingdum Monastery (Ranka Monastery),1
1701,Phensang Monastery,1
1701,Tsuglakhang Monastery & Temple,1
1702,Changey Falls pelling dentam road,1
1702,Kanchenjunga Falls,1
1702,Phamrong Falls,1
1702,Rimbi Water Falls,1
1702,Sky Walk Pelling Sikkim,1
1703,0,1
1703,Adventure Zone Sikkim,1
1703,Children's Park,1
1703,Kanchendzonga national park,1
1703,Khangchendzonga Tourist Villa,1
1704,Gangtok Viewpoint,1
1704,Mankhim Top Kanchenjunga View Point,1
1704,Namnang View Point,1
1704,Namnang road view point,1
1704,"Tashi View Point, Bojoghari",1
1705,I LOVE LACHUNG View Point,1
1705,Lachung City,1
1705,Lachung Viewpoint,1
1705,Lachung cliffs,1
1705,lachung,1
1706,Botanical Nursery,1
1706,Flower Exhibition Centre - Ridge Park.,1
1706,Jawaharlal Nehru Botanical Garden,1
1706,Plant Conservatory,1
1706,Saramsa Garden,1
1707,0,5
1708,0,1
1708,Black Cat Museum,1
1708,High Court of Sikkim Museum,1
1708,Namgyal Institute of Tibetology,1
1708,Sikkim State Council of Science and Technology,1
1709,0,1
1709,Bhewma falls,1
1709,Naga Falls,1
1709,Naga Waterfalls,1
1709,lachung,1
1710,"Gangtok,kaziroad",1
1710,M.G MARKET,1
1710,MG Marg High Mast Indian National Flag,1
1710,Mahatma Gandhi Statue,1
1710,Mg Marg,1
1711,GANGTOK,1
1711,"Gangtok, Sikkim",1
1711,Kunhit Kursong,1
1711,Sikkim,1
1711,Singhik,1
1712,Kanchanjangha View Point,1
1712,Kanchenjunga View Point,1
1712,Mankhim Rai Temple,1
1712,"Rhenock Gumpa, Monastery",1
1712,Thambi View Point,1
1713,Labrang Monastery,1
1713,Lachen ‘Ngodub Choling’ Monastery,1
1713,Lachung Monastery,1
1713,Lingthem Monastery,1
1713,Phensang Monastery,1
1714,Doling monastery,1
1714,Kewzing Monastery,1
1714,Labrang Monastery,1
1714,Mamring Monastery,1
1714,Sanghak Choeling Monastery,1
1715,Katao - North Sikkim,1
1715,Khanda Waterfalls,1
1715,Mount Katao,1
1715,Zekuphyak,1
1715,lachung,1
1716,Bakcha Bridge,1
1716,Bhusukh Khola,1
1716,Do Drul Chorten,1
1716,KABI GAMPO,1
1716,Kyongnosla Waterfall,1
1717,KATAO MIDDLE POINT,1
1717,Katao - North Sikkim,1
1717,Lachung katao more,1
1717,Way to lachung,1
1717,lachung,1
1718,Char Dham Temple,1
1718,Shiva mandir,1
1718,Shivji Temple,1
1718,Tashiding shiv mandir,1
1718,Thakurbari Temple,1
1719,Hangu Lake,1
1719,Heart Lake,1
1719,Nathu La,1
1719,Nathula Lake,1
1719,Tsomgo Lake,1
1720,Bhotay khola,1
1720,Buddha Park,1
1720,Gauthali dhunga,1
1720,Ravangla,1
1720,Upper Dhapper to Bhaledhunga Ropeway station,1
1721,Bakthang Waterfall,1
1721,"Lingzya Waterfall, Upper Dzongu",1
1721,Meyong Waterfall,1
1721,Naga Falls,1
1721,Waterfalls,1
1722,Bhaleydhunga,1
1722,Kwinkle Daara Tareythang,1
1722,Lalten Hill,1
1722,Lungthung View Point,1
1722,Sikkim Silk Route,1
1723,Chogyal Memorial Park,1
1723,Gangtok view,1
1723,Kanchendzonga national park,1
1723,Sikkim Himalayan Zoological Park,1
1723,Tour travel Gangtok,1
1724,0,2
1724,Gnathang Valley View Point,1
1724,Lungthung View Point,1
1724,Thambi View Point,1
1725,Central Park Aquarium,1
1725,Children Park,1
1725,Mahatma Gandhi Botanical Park,1
1725,Namchi Rock Garden,1
1725,"Namchi, Sikkim",1
1726,Bhuloknath Temple भुलोकनाथ मंदिर 布洛克纳特寺,1
1726,Buddha Park,1
1726,Ravangla Gumba,1
1726,"Ravangla, Sikkim",1
1726,Tathagata Tsal,1
1727,"Hot spring, Yumthang",1
1727,Lachung River,1
1727,North Sikkim,1
1727,Valley View Point,1
1727,Valley of Flowers,1
1728,Flower Valley Resort,1
1728,Lachung River,1
1728,"Lingzya Waterfall, Upper Dzongu",1
1728,North Sikkim,1
1728,Yumthang Valley,1
1729,Bakthang Waterfall,1
1729,Ban Jhakri Falls Park,1
1729,Gangtok view,1
1729,Namnang View Point,1
1729,Shanti Viewpoint,1
1730,Changey Waterfall,1
1730,Kanchenjunga Falls,1
1730,Kyongnosla Waterfall,1
1730,Naga Falls,1
1730,Rimbi Water Falls,1
1731,Bhewma falls,1
1731,KATAO MIDDLE POINT,1
1731,Katao - North Sikkim,1
1731,Kyongnosla Waterfall,1
1731,Naga Falls,1
1732,0,1
1732,Sikkim Silk Route,1
1732,Silk Route Eco Stay,1
1732,Zuluk tours and Travel,1
1732,upper Zuluk,1
1733,Changey Waterfall,1
1733,"Pelling, Sikkim",1
1733,Phamrong Falls,1
1733,Rimbi Orange Garden,1
1733,Rimbi river,1
1734,Bakthang Waterfall,1
1734,Gangtok Ropeway,1
1734,Gangtok view,1
1734,Ropeway,1
1734,Tour travel Gangtok,1
1735,Ban Jhakri Falls Park,1
1735,Butterfly waterfalls,1
1735,Hanging Bridge,1
1735,Namnang View Point,1
1735,"Tashi View Point, Bojoghari",1
1736,Ban Jhakri Falls Park,1
1736,Hanging Bridge,1
1736,Kyongnosla Waterfall,1
1736,Rolep Hanging bridge,1
1736,Tumlabung Waterfall,1
1737,Gangtok view,1
1737,Nam Nam View Point,1
1737,Namnang road view point,1
1737,Shanti Viewpoint,1
1737,"Tashi View Point, Bojoghari",1
1738,Full view,1
1738,Kechupalri lake,1
1738,"Pelling, Sikkim",1
1738,Rinchenpong Monestry old,1
1738,View Point at Khecheopalri Lake,1
1739,KATAO MIDDLE POINT,1
1739,Khanda Waterfalls,1
1739,Mount Katao,1
1739,North Sikkim,1
1739,Zekuphyak,1
1740,Do Drul Chorten,1
1740,Gonjang Monastery,1
1740,Labrang Monastery,1
1740,Pal Karma Zurmang Shedup Chokhor Ling Lingdum Monastery (Ranka Monastery),1
1740,Phensang Monastery,1
1741,Enchey Monastery,1
1741,Gonjang Monastery,1
1741,Labrang Monastery,1
1741,Pal Karma Zurmang Shedup Chokhor Ling Lingdum Monastery (Ranka Monastery),1
1741,Phodong Monastery,1
1742,Pal Karma Zurmang Shedup Chokhor Ling Lingdum Monastery (Ranka Monastery),1
1742,Pemayangtse Monastery,1
1742,Tashi Choling Monastery,1
1742,Tashiding Monastery,1
1742,Tso,1
1743,Fambonglho Wildlife Sanctuary,1
1743,Fambonglo Wildlife Sanctuary Ticket Counter,1
1743,Kyongnosla Alpine Sanctuary,1
1743,Pangolakha Wildlife Sanctuary,1
1743,Teenjury fambonglho whild sanctuary,1
1744,Changey Waterfall,1
1744,Pelling sunset point,1
1744,"Pelling, Sikkim",1
1744,Sanghak Choeling Monastery,1
1744,"Sky walk, pelling",1
1745,Chardham,1
1745,Chaturbhuj Shiva CharDhaam,1
1745,Kirateshwar Mahadev Temple,1
1745,Shiv Temple,1
1745,Thakurbari Temple,1
1746,Gangtok Viewpoint,1
1746,Namnang View Point,1
1746,Namnang road view point,1
1746,"Tashi View Point, Bojoghari",1
1746,Thambi View Point,1
1747,Lungthung View Point,1
1747,Original silk route remains,1
1747,Silk Route Eco Stay,1
1747,Silk Route Resort-Lingtam,1
1747,Zuluk,1
1748,Lachung River Bridge,1
1748,New View Point,1
1748,Sanglaphu Cho (Lake),1
1748,Valley View Point,1
1748,Yumesodong / Zero Point,1
1749,Gnathang Valley View Point,1
1749,Lungthung Homestay,1
1749,Rolep Hanging bridge,1
1749,Shanti Viewpoint,1
1749,Thambi View Point,1
1750,Do Drul Chorten,1
1750,Gonjang Monastery,1
1750,Pal Karma Sangha Duche Zimchung Rumtek Shamarpa Monastery,1
1750,Pal Karma Zurmang Shedup Chokhor Ling Lingdum Monastery (Ranka Monastery),1
1750,Tsuglakhang Monastery & Temple,1
1751,Enchey Monastery,1
1751,Ganeshtok Gangtok,1
1751,Hanuman Temple,1
1751,Thakurbari Temple,1
1751,Tour travel Gangtok,1
1752,0,1
1752,Jawaharlal Nehru Botanical Garden,1
1752,Namchi Rock Garden,1
1752,Plant Conservatory,1
1752,sâramsa garden,1
1753,Botanical Nursery,1
1753,Flower Exhibition Centre - Ridge Park.,1
1753,Jawaharlal Nehru Botanical Garden,1
1753,Plant Conservatory,1
1753,Saramsa Garden,1
1754,Kanchendzonga national park,1
1754,Kanchenjunga Falls,1
1754,Kyongnosla Alpine Sanctuary,1
1754,Shingba Rhododendron Sanctuary,1
1754,Sikkim Himalayan Zoological Park,1
1755,Bakthang Waterfall,1
1755,Ban Jhakri Falls Park,1
1755,Kyongnosla Waterfall,1
1755,Naga Waterfalls,1
1755,Waterfalls,1
1756,Palace Ruins,1
1756,Pemayangtse Monastery,1
1756,Pengra taar,1
1756,Sidekeong Tulku Bird Park,1
1756,Tikjuk Rabandtse Point,1
1757,Enchey Monastery,1
1757,Ganesh Tok,1
1757,Ganeshtok Gangtok,1
1757,Hanuman Temple,1
1757,Tsuglakhang Monastery & Temple,1
1758,Do Drul Chorten,1
1758,Gonjang Monastery,1
1758,Labrang Monastery,1
1758,Rumtek Dharma Chakra Centre,1
1758,Tsuglakhang Monastery & Temple,1
1759,Bakthang Waterfall,1
1759,Kyongnosla Waterfall,1
1759,"Lingdem, Hotspring, Upper Dzongu",1
1759,Naga Falls,1
1759,Waterfalls,1
1760,Chopta Valley View Point,1
1760,Katao - North Sikkim,1
1760,Lungnak La,1
1760,Sanglaphu Cho (Lake),1
1760,lachung,1
1761,Buddha Monastery,1
1761,Buddhist Temple,1
1761,Labrang Monastery,1
1761,Pal Karma Zurmang Shedup Chokhor Ling Lingdum Monastery (Ranka Monastery),1
1761,Ravangla Gumba,1
1762,Bakthang Waterfall,1
1762,Mandakini waterfall,1
1762,Meyong Waterfall,1
1762,Naga Falls,1
1762,Water Fall,1
1763,"Gangtok, Sikkim",1
1763,Jawaharlal Nehru Botanical Garden,1
1763,Kanchendzonga national park,1
1763,Kyongnosla Alpine Sanctuary,1
1763,Sikkim Himalayan Zoological Park,1
1764,Lungthung View Point,1
1764,Mankhim Top Kanchenjunga View Point,1
1764,Shanti Viewpoint,1
1764,"Tashi View Point, Bojoghari",1
1764,Teesta view point,1
1765,Do Drul Chorten,1
1765,Enchey Monastery,1
1765,Gonjang Monastery,1
1765,Pal Karma Zurmang Shedup Chokhor Ling Lingdum Monastery (Ranka Monastery),1
1765,Sikkim Himalayan Zoological Park,1
1766,Central Park Namchi,1
1766,Jawaharlal Nehru Botanical Garden,1
1766,"Namchi, Sikkim",1
1766,Rock Garden. Jorethang,1
1766,Saramsa Garden,1
1767,0,1
1767,Children's Park,1
1767,Chogyal Memorial Park,1
1767,"Kanchendzonga Amusement Park, Ranka, Sikkim",1
1767,Khangchendzonga National Park,1
1768,Fambonglho wild life Sanctuary,1
1768,Khangchendzonga National Park,1
1768,Kyongnosla Alpine Sanctuary,1
1768,Mt Brumkhangse,1
1768,Rongdokchen,1
1769,Buddha Park,1
1769,Pal Karma Zurmang Shedup Chokhor Ling Lingdum Monastery (Ranka Monastery),1
1769,"Pelling, Sikkim",1
1769,"Pemayangtse Monastry, West Sikkim",1
1769,Sanghak Choeling Monastery,1
1770,Do Drul Chorten,1
1770,Gonjang Monastery,1
1770,Pal Karma Zurmang Shedup Chokhor Ling Lingdum Monastery (Ranka Monastery),1
1770,Thakurbari Temple,1
1770,Tsuglakhang Monastery & Temple,1
1771,Ban Jhakri Falls Park,1
1771,Butterfly waterfalls,1
1771,Kyongnosla Waterfall,1
1771,Lhasa Falls,1
1771,Lhasa Waterfall,1
1772,Bakthang Waterfall,1
1772,Changey Waterfall,1
1772,Naga Falls,1
1772,Phamrong Falls,1
1772,Rimbi Water Falls,1
1773,Chorten Gonpa Monastery,1
1773,Enchey Monastery,1
1773,Namgyal Institute of Tibetology,1
1773,Pal Karma Zurmang Shedup Chokhor Ling Lingdum Monastery (Ranka Monastery),1
1773,Tsuglakhang Monastery & Temple,1
1774,Bakthang Waterfall,1
1774,Butterfly waterfalls,1
1774,Lhasa Falls,1
1774,Meyong Waterfall,1
1774,"Tashi View Point, Bojoghari",1
1775,0,1
1775,Far Puk,1
1775,Kungawrhi Hnuhluhna,1
1775,Lianchhiari Lunglen Tlang,1
1775,Mizo Hlakungpui Mual,1
1776,Aizawl City View,1
1776,Kohhran thianghlim,1
1776,Mizoram State Museum,1
1776,Shiv Mandir,1
1776,Sri Radha Krishna Temple,1
1777,0,5
1778,0,2
1778,KHAWLINU PUK/CAVE,1
1778,"Rc Khuma Huan, Tuipawl.",1
1778,Tachhip Sevenphul Thlanmual,1
1779,0,5
1780,"Directorate of Agriculture, Government of Mizoram",1
1780,Directorate of Science & Technology,1
1780,Directorate of Tourism,1
1780,"Mizoram Secretariat - Government of Mizoram, MINECO",1
1780,Paryatan Mizoram,1
1781,Haveli Museum,1
1781,Neermahal Starting point,1
1781,Nir-Mahal Adventure,1
1781,Tripura State Museum / Tripura Royal Palace / Nuyungma,1
1781,Ujjayanta Palace Museum,1
1782,0,1
1782,Maubawk LEITAN,1
1782,Mission Veng Kristian Thlanmual,1
1782,Revival Centenary Monument,1
1782,"Zampuimânga Thlanlung (Zampuimânga Memorial Stone), Silaimual",1
1783,0,5
1784,Pushpak Canteen,1
1784,Pushpak Church,1
1784,Pushpak Hari Mandir,1
1784,Pushpak Office,1
1784,Pushpak Primary School,1
1785,0,1
1785,Eco park,1
1785,Ngharchhip Playground,1
1785,Pharphum Tlang,1
1785,Tarpho field,1
1786,Aizawl City View,1
1786,Aizawl Viewing Point,1
1786,Elsewhere Picnic Spot,1
1786,Laipuitlang View Point,1
1786,Valley View Point Chaltlang kham,1
1787,Aizawl City View,1
1787,Berawtlang view point,1
1787,Chanmari Road Viewing Point,1
1787,Falkland View Point,1
1787,Valley View Point Chaltlang kham,1
1788,CEV Resort,1
1788,Changel Resort,1
1788,"Chawngvawr Resort, Chawnpui",1
1788,City View Resort,1
1788,Tourist Cottage,1
1789,0,1
1789,Dawrpui (Dawrpui Veng Thlanmual) Cemetery,1
1789,Dawrpui Vengthar Thlanmual,1
1789,Tuikhur,1
1789,YMA Bungraw In,1
1790,Darthlalang lek tlâng,1
1790,Kelkham tlang,1
1790,Sahlam tuikhur,1
1790,Tawi puk tlang kawng,1
1790,Thentlang Playground,1
1791,0,5
1792,Keilungliah Dam,1
1792,Laltawka Lungdawh,1
1792,Lungphunlian lung,1
1792,Lungtagi/lungthlanghing,1
1792,Mangkhaia Lung,1
1793,0,5
1794,0,1
1794,Bûngkâwn Thlânmual,1
1794,"Kohhran Thianghlim Biakbuk, Maubawk",1
1794,Maubawk kawn sana pui,1
1794,Mizoram Hmarchan's Missionary Stone,1
1795,0,1
1795,Lunglêng Lal In,1
1795,Mizoram Gospel Centenary Lung,1
1795,Sibuta Lung,1
1795,Spring ( Zoziki tuikhur ),1
1796,Chawngkimi Lungphun,1
1796,Laltawka Lungdawh,1
1796,Lianchhiari Lunglen Tlang,1
1796,Lungphum sang,1
1796,Sikpui Lung,1
1797,"Alu Tlâng, Reiek",1
1797,Dreamland,1
1797,Green hills restaurant and home stay,1
1797,Reiek camp site,1
1797,Tourist Lodge,1
1798,ELEVATION Farm,1
1798,Folkland Park,1
1798,RL Holiday Resort,1
1798,RTP Picnic Spot,1
1798,Ropuk Huan,1
1799,East Lungdar New Playground,1
1799,East Lungdar Tlâng,1
1799,"Forest Rest House, East Lungdar",1
1799,"Tourist Lodge, East Lungdar",1
1799,Watch Tower,1
1800,0,5
1801,0,5
1802,"Lalat Park, Thenzawl",1
1802,NEC PARK,1
1802,Tawngtaina Lunglei lam,1
1802,Thenzawl Park (L.A.D Park),1
1802,Vantawng Peng bul park,1
1803,Hmingropuia Hmunphiah hmun,1
1803,LALRUONG BEACH,1
1803,Ting Dil,1
1803,Village Water Point,1
1803,Zampi Mun,1
1804,Chawngthu Park,1
1804,Herhse Picnic Spot,1
1804,Ropuk Huan,1
1804,Zemabawk Park,1
1804,Zote Huan Picnic Spot,1
1805,Daifim Picnic Spot,1
1805,Herhse Picnic Spot,1
1805,JL Picnic Spot,1
1805,RTP Picnic Spot,1
1805,Ropuk Huan,1
1806,Chawilung Playground,1
1806,Chhingchhip Playground,1
1806,Lamchhip YMA - Vanapa Section Park,1
1806,Mualpui Playground,1
1806,Mualzem Ram,1
1807,Kaphleia Thlan,1
1807,Lungtian tlang,1
1807,RANGTLA LI,1
1807,Tachhip Sevenphul Thlanmual,1
1807,Tachhip thlanmual,1
1808,0,5
1809,DURTLANG THLANMUAL HLUI (Durtlang Kawnveng),1
1809,Lalat Park,1
1809,T.L. Resort Chaltlang,1
1809,Thenzawl,1
1809,Tlangnuam View,1
1810,0,5
1811,Children's Park,1
1811,Laldenga Park,1
1811,Lunglawn Park,1
1811,Lungpuizawl Field,1
1811,indoor stadium Venghlun Lunglei,1
1812,Far Puk,1
1812,Kungawrhi Hnuhluhna,1
1812,Lamsial Puk,1
1812,Tuifar (falls),1
1812,Ṭan Tlang,1
1813,"Bungtianghawl, Kanghmun South",1
1813,Pu Chakhaia Huan,1
1813,Sekhum Kawlchuana Bung,1
1813,Vantawng Khawhthla,1
1813,Vantawng khawhthla peng,1
1814,0,3
1814,Sialsuk Tlang Entrance Gate,1
1814,Tlangkhamphei lunglian,1
1815,0,1
1815,"Directorate of Fisheries, MINECO",1
1815,Dâm Lî,1
1815,Fisheries Department,1
1815,Tourist Resort Tamdil Lake,1
1816,0,5
1817,0,5
1818,Biblical Garden,1
1818,Lal Thanhawla Park,1
1818,Lalhuliana Garden,1
1818,Muthi Park,1
1818,Zemabawk Park,1
1819,0,1
1819,Aizawl City View,1
1819,Chanmari Road Viewing Point,1
1819,Luangmual view 2,1
1819,Valley View Point Chaltlang kham,1
1820,Belrawhkawn,1
1820,Daia Kawt Kawn,1
1820,Kawnveng Zawl,1
1820,Kelkham tlang,1
1820,Leilawnmawi kawn,1
1821,0,1
1821,Dinthar veng,1
1821,Lungmantam Kawn,1
1821,Workshop Veng,1
1821,Zawlpui Huan,1
1822,Chhungte khaw hlui tuikhur,1
1822,Khawpuiṭan,1
1822,Tuisenphai road,1
1822,Zokhawthar Playground,1
1822,Zotui Hut,1
1823,Khawhthlasang,1
1823,"Khawnglung Veng, Thlanmual",1
1823,Tuirihiau Falls,1
1823,Vantawng Falls,1
1823,Vantawng Khawhthla Waterfall View Point,1
1824,Laipuitlang View Point,1
1824,Lengpui,1
1824,Luangmual view 2,1
1824,Reiek Tlang View Point,1
1824,Zo khua,1
1825,Aizawl City View,1
1825,Forest view point,1
1825,Lalat Park,1
1825,"Lalsavunga Park, Hlimen",1
1825,Lengpui,1
1826,Lalat Park,1
1826,MZU Park,1
1826,Mizoram State Museum,1
1826,Muthi Park,1
1826,Zemabawk Park,1
1827,Kungawrhi Hnuhluhna,1
1827,Lamsial Puk,1
1827,Lianchhiari Lunglen Tlang,1
1827,Mizo Hlakungpui Mual Dormitory,1
1827,Muallung Hmun,1
1828,0,1
1828,Berawtlang view point,1
1828,Lengpui Lui,1
1828,Tuikhur,1
1828,Venghlui Lal in,1
1829,PHUNHNAWMA LUNG,1
1829,Pangzawl Khawngbawk Bûng,1
1829,Phawngpui Tlang View,1
1829,Sangau,1
1829,Sangau I YLA Park,1
1830,"Hliappui, Lungdai",1
1830,Lengpui Lui,1
1830,Purim Huan,1
1830,Runglei,1
1830,YMA Lungphun,1
1831,0,1
1831,Dilpui peng,1
1831,"Lalat Park, Thenzawl",1
1831,Thenzawl Golf Resort Viewing Gallery,1
1831,Thenzawl Park (L.A.D Park),1
1832,0,1
1832,East Lungdar Helipad,1
1832,East Lungdar Martar Lungdawh,1
1832,Palungkawn. E.Lungdar,1
1832,"Tourist Lodge, East Lungdar",1
1833,0,1
1833,Berawtlang Tourist Centre,1
1833,Directorate of Science & Technology,1
1833,Mizoram State Museum,1
1833,"Tribal Art Centre, Tanhril",1
1834,0,1
1834,Hlutei Aquarium,1
1834,Orchid Sanctuary,1
1834,Tuipui maurawp,1
1834,Tuipui saibuchhuah,1
1835,Awithangpa Park,1
1835,Awithangpa Thlan,1
1835,Kawnpui Thlanmual,1
1835,Kawnpui dai reh,1
1835,Kawnpui lui,1
1836,Aizawl City View,1
1836,BETHEL TLANG,1
1836,Hángi Lunglên Tlâng,1
1836,Muthi Park,1
1836,Tlangnuam View,1
1837,Chalkhan Lamṭhuam thum,1
1837,Lauphai Peng,1
1837,Thenzawl Mat lui,1
1837,Vantawng khawhthla peng,1
1837,Zero Point Thenzawl Serchhip,1
1838,0,1
1838,Kungawrhi Hnuhluhna,1
1838,Thangchhuah Mual,1
1838,Thlir buk (Chawngfianga thlan),1
1838,Ṭan Tlang,1
1839,"Kum Za Tlang, Theiriat",1
1839,Lunglei stone bridge trail,1
1839,Riatte Tlang,1
1839,View of Lunglei,1
1839,Zotlang kham,1
1840,Elsewhere Picnic Spot,1
1840,Herhse Picnic Spot,1
1840,JL Picnic Spot,1
1840,Mosia Picnic Spot,1
1840,RTP Picnic Spot,1
1841,Aizawl City View,1
1841,City park,1
1841,Forest view point,1
1841,"Lalsavunga Park, Hlimen",1
1841,Spot,1
1842,Gulmore,1
1842,K. Vanlalsanga,1
1842,"Tlangsam (Sampui), Lungzarhțum",1
1842,Tuichawng river,1
1842,Tuikhur,1
1843,Lalat Park,1
1843,"Lalsavunga Park, Hlimen",1
1843,Lungtian tlang,1
1843,Tlangnuam View,1
1843,Tuirivang Falls,1
1844,Dâm Lî,1
1844,Kula Khiangte Lungdawh,1
1844,Laltawka Lungdawh,1
1844,Mualnuam,1
1844,YMA Park,1
1845,Aizawl City View,1
1845,Ropuk Huan,1
1845,Sailo Rûn,1
1845,Thakthing Lal in,1
1845,Zodai Hangout,1
1846,Chawngthu Park,1
1846,Daifim Picnic Spot,1
1846,Folkland Park,1
1846,"Park Eden, Falkland",1
1846,Zemabawk Park,1
1847,IB,1
1847,Kasalong Reserve Forest (কাসালং সংরক্ষিত বনাঞ্চল),1
1847,"Keisalam chhuah, Dampa Tiger Reserve",1
1847,"Office of the Field Director - Dampa Tiger Reserve, West Phaileng",1
1847,Pu Liansuama Tuikhur,1
1848,0,1
1848,Lalliana Lo Zawl,1
1848,Lengteng Wildlife Sanctuary,1
1848,Murlen-Vapar Main Road,1
1848,Sawhthing hmun,1
1849,Chawngtlai Tribal Historical Tree,1
1849,Chhungte khaw hlui tuikhur,1
1849,Khawhai Tlang,1
1849,Tuisenphai road,1
1849,Vanhnuailiana khawthlirna,1
1850,Kungawrhi Hnuhluhna,1
1850,Lamsial Puk,1
1850,Mualnuam,1
1850,"Mura Puk , Zote",1
1850,Țawi Pûk,1
1851,DG Park,1
1851,Infinite Ainawn Park,1
1851,Lalat Park,1
1851,"Lalsavunga Park, Hlimen",1
1851,"Park Eden, Falkland",1
1852,"Chawimawina lung dawh, Samthang kawtchhuah",1
1852,Mangkhaia Lung,1
1852,Mualnuam,1
1852,Thasiama Nghaleng Khawina,1
1852,Ṭan Tlang,1
1853,Folkland Park,1
1853,Infinite Ainawn Park,1
1853,Lalat Park,1
1853,"Lalsavunga Park, Hlimen Gate",1
1853,Tlangnuam View,1
1854,Hnawncheua Park,1
1854,Ngengpuikai playground,1
1854,Pangkhua mizoram,1
1854,Phawngpui National Park Ticket Counter,1
1854,Phawngpui Tlang View,1
1855,Azuali waterfalls,1
1855,KHAWHTHLASANG FALLS,1
1855,Pukpui Water Fall,1
1855,Tuirivang Falls,1
1855,Tuithum Lui Falls,1
1856,Lentlang Awihthla,1
1856,Lunglawn,1
1856,Lungphunlian lung,1
1856,Lungtagi/lungthlanghing,1
1856,Murlen National Park,1
1857,Khawhpawp Falls,1
1857,Tuirihiau Resort,1
1857,Vantawng Falls,1
1857,Vantawng Khawhthla,1
1857,Vantawng Khawhthla Waterfall View Point,1
1858,DG Park,1
1858,Folkland Park,1
1858,"Lalsavunga Park, Hlimen",1
1858,Oasis Picnic Spot,1
1858,"Park Eden, Falkland",1
1859,Aizawl Centenary Lung,1
1859,Lunglêng Lal In,1
1859,Lungtian tlang,1
1859,SUASUA PUK / LUNGLENG FALLS,1
1859,Sibuta lung,1
1860,City View Resort,1
1860,"Lalsavunga Park, Hlimen",1
1860,Mizoram State Museum,1
1860,Valley View Point Chaltlang kham,1
1860,Zodai Hangout,1
1861,Aizawl City View,1
1861,Infinite Ainawn Park,1
1861,Oasis Picnic Spot,1
1861,Paradise Farm and resort,1
1861,Valley View Point Chaltlang kham,1
1862,Aizawl City View,1
1862,Aizawl Zoological Park,1
1862,"Mizoram Science Centre, Berawtlang",1
1862,Raj Bhavan - Mizoram,1
1862,"Solomon's Temple, Aizawl",1
1863,Tuirihiau Falls,1
1863,Vantawng Khawhthla,1
1863,Vantawng Khawhthla Waterfall View Point,1
1863,Vantawng khawhthla peng,1
1863,Vanva,1
1864,Dassam Falls,1
1864,Panchghagh Falls,1
1864,Perwaghagh Falls Fatka,1
1864,Perwaghagh Waterfall,1
1864,Rani Fall,1
1865,Bariatu Hill,1
1865,Chiraundi HILL,1
1865,Ranchi Hill,1
1865,Ranchi Lake,1
1865,Shanti Hill,1
1866,Jenasai Dam,1
1866,Nakti Dam Picnic spot (Nakti),1
1866,"Nakti Eco Tourism, Porahat Forest",1
1866,Palna Dam,1
1866,Pansua Dam Tourist place,1
1867,Katriyabera waterfall,1
1867,Lahna Pipeline Waterfall,1
1867,Nakari Waterfall,1
1867,Rarha Waterfall,1
1867,SR Fall Palani patratu Ramgarh,1
1868,Hirni Water Falls,1
1868,Panchghagh Falls,1
1868,Peruaghag falls,1
1868,Perwaghagh Falls Fatka,1
1868,Rani Fall,1
1869,0,1
1869,Deer Park,1
1869,Jungu Piri Picnic Spot,1
1869,Main Entrance Muri Tungri Park,1
1869,टांड़ धार खेत टुंगरीधार,1
1870,BHBHANBAY/Bocho MOUNTAIN HAZARIBAG,1
1870,Maa Shabri Mandir Birbir,1
1870,Megalith Prehistoric Monument,1
1870,Sitagarh hills,1
1870,बेलगिरी झरना,1
1871,Dam view point,1
1871,Masmohana Hills,1
1871,Mayatungri Sunset point,1
1871,Mountain Top View,1
1871,मरघटिया मुक्ति धाम,1
1872,Bhalu Chattan (बगुत पथल) Netarhat,1
1872,Hotel Sunrise (Private Hotel),1
1872,Koel View Point,1
1872,Netarhat Lake,1
1872,Pine Forest,1
1873,Jhiri Lake,1
1873,Kanke Dam Park,1
1873,Machhli Park,1
1873,Ranchi Hill,1
1873,Ranchi Lake,1
1874,"Ancient Shiv Mandir, Ghaghari Watar Fall",1
1874,Ghaghari Temple,1
1874,Ghaghari Temple Bridge,1
1874,Panchghagh Falls,1
1874,Rarha Waterfall,1
1875,Dhordhoria Waterfall,1
1875,Hundru Fall Ranchi Jharkhand,1
1875,Maa Chinmastike mandir,1
1875,Rajrappa Bridge,1
1875,Sandeep Shringar Store,1
1876,"Pahari Mandir, Ranchi",1
1876,Ranchi Hill,1
1876,Sun Temple,1
1876,Swami Vivekanand Statue,1
1876,Tagore Hill,1
1877,Aqua World Machhli Ghar,1
1877,Marashili Pahad Mahadev mandir,1
1877,Marashilli Mahadev Mandir,1
1877,Marsilli view point,1
1877,Ranchi Lake,1
1878,Bariatu Hill,1
1878,Mountain Series,1
1878,Ranchi Hill,1
1878,Sunrise Point Mahadev Hill,1
1878,Tagore Hill,1
1879,Bhatia Park,1
1879,Bhubaneshwari Temple,1
1879,Kali Bari Mandir,1
1879,Kumharpara Park,1
1879,Sri Sri Rankini Mandir,1
1880,Buchaopa Dam,1
1880,Dhurwa Dam Picnic Spot,1
1880,Dhurwa dam picnic spot धुर्वा डैम पिकनिक स्थान,1
1880,Karanji Dam,1
1880,दमगडा़ पहाड़,1
1881,Chota Dam,1
1881,Dhurwa Dam,1
1881,Dumargari park,1
1881,Hatia Dam,1
1881,लतरातू जलाशय,1
1882,Bodha dam,1
1882,Jamunia River,1
1882,Jamunia dam Chano,1
1882,Konar Dam,1
1882,Konar dam Picnic Spot,1
1883,Patratu Dam,1
1883,Patratu Lake View,1
1883,Patratu dam,1
1883,Picnic and Boating Place,1
1883,Water park,1
1884,"Aambagan ,Lota",1
1884,Hirni Water Falls,1
1884,Loharda Mini waterfall,1
1884,Lota Dungri,1
1884,Lota Jharna,1
1885,Bauliya Talab,1
1885,CTS colony Jheel,1
1885,Chade Talab,1
1885,Hazaribag Lake,1
1885,Sarle Jheel Park,1
1886,0,1
1886,Jhir jhirya waterfall झिर झिरिया फॉल,1
1886,Kanti Waterfall Ladhup,1
1886,Pippri Fall Mccluskieganj,1
1886,Tiru Fall,1
1887,0,1
1887,Nature lover torpa,1
1887,Satdhara Torpa Jharkhand,1
1887,घूरा बगीचा,1
1887,सात धारा फॉल निचितपुर तोरपा,1
1888,Artventure Museum,1
1888,Birsa Munda Museum,1
1888,Ranchi Science Center,1
1888,State Museum,1
1888,Tagore Hill,1
1889,Bhalwahi Basariya,1
1889,Chota Jheel,1
1889,Hazaribaj jheel,1
1889,Talab,1
1889,bhalwahi basaria,1
1890,Chota Dam,1
1890,Dhurwa Dam,1
1890,Dhurwa Dam Park,1
1890,Hatia Dam,1
1890,Kanke Dam,1
1891,BHBHANBAY/Bocho MOUNTAIN HAZARIBAG,1
1891,Barat Picharwa Waterfall,1
1891,Chameli Waterfall,1
1891,Hazaribagh jheel,1
1891,"Kali Mandir, Chadwa Dam Hazaribagh",1
1892,Bardha ghat,1
1892,Dhangi fall,1
1892,Hidden waterfall,1
1892,Sita fall,1
1892,Topchanchi waterfall,1
1893,Dassam Falls,1
1893,Dassam Falls Top View Point,1
1893,Parking Dassam Falls,1
1893,Rani Fall,1
1893,Sarna fall,1
1894,Betla National Park,1
1894,Bhokha khar,1
1894,Office Of Palamu Tiger Reserve,1
1894,Palamau Quila Picnic Spot,1
1894,Palamu New Fort,1
1895,Children's Park,1
1895,Nigam Park,1
1895,Oxygen Park,1
1895,Rock Garden,1
1895,Sidhu Kanhu Park,1
1896,Chota Dam,1
1896,Dam picnic place,1
1896,Hatia Dam,1
1896,Kanke Dam,1
1896,Navranga dam opa,1
1897,Gobar Silli,1
1897,PALKOT WILDLIFE SANCTUARY,1
1897,Palkot,1
1897,Panchmukhi Hanuman Gupha,1
1897,Rock on Rock,1
1898,Patratu Dam,1
1898,Patratu Lake,1
1898,Patratu Lake Resort,1
1898,Patratu Valley,1
1898,Patratu dam,1
1899,Banapiri Picnic Spot,1
1899,Bijaiya Baari,1
1899,Dhakni pani,1
1899,"NTPC STABILIZATION CENTRE, BARKAGAON",1
1899,बरसो पानी गुफा हजारीबाग,1
1900,Cross hill,1
1900,Jogo hill,1
1900,Kutam buru hill,1
1900,Modipur hill,1
1900,Ramgarh Hill,1
1901,Baba Baidyanath Dham Temple,1
1901,Baba Mandir,1
1901,Deoghar Tourism,1
1901,"Nandan Pahar Park, Deoghar",1
1901,Tapovan Hill,1
1902,Dam view point,1
1902,Hundru Fall Picnic Spot,1
1902,Hundru Fall Ranchi Jharkhand,1
1902,Hundru Waterfall,1
1902,Hundru Waterfall Lower View Point,1
1903,Jhiri Lake,1
1903,Kanke Dam Park,1
1903,RUKKA DAM,1
1903,Ranchi Lake,1
1903,Rock Garden,1
1904,Hanging Bridge Theme Park,1
1904,Hudco N Type,1
1904,Moolgaokar Park,1
1904,Rock Garden,1
1904,Theme Park,1
1905,Dead Stone point or dead rock point,1
1905,Dhanju Point,1
1905,JWFS Netarhat,1
1905,Koel View Point,1
1905,Netarhat Diversion Point,1
1906,Shiv Mandir,1
1906,Shiv mandir,1
1906,Shivgadi Shiv Linga,1
1906,Shivgadi natural waterfall,1
1906,Sivgadi,1
1907,BONGAIBERA WATERFALL,1
1907,Baheya Waterfall,1
1907,Churni waterfall (Baheya),1
1907,Mahilong Upper waterfall,1
1907,Sita Falls,1
1908,Chhota Banki Dam,1
1908,Dharagiri Fall,1
1908,Dobo Dam / Satnala Dam,1
1908,Galudih Barrage/Dam,1
1908,Raatmohna River Side,1
1909,Chharchhariya Waterfall,1
1909,Dhordhoria Waterfall,1
1909,Khanjo waterfall,1
1909,Sita Waterfalls,1
1909,लुगू बाबा यात्री सेड,1
1910,Goutam Buddha statue,1
1910,Nakshatra Van,1
1910,Ranchi Lake,1
1910,Sun Temple,1
1910,Swami Vivekanand Sarowar,1
1911,0,1
1911,DHARDHARI WATER FALLS,1
1911,Indra Waterfall Latehar in tubed village,1
1911,Jhariya Dam Waterfall,1
1911,Sadni waterfalls,1
1912,Aqua World Machhli Ghar,1
1912,Chota Jharna,1
1912,Jhiri Lake,1
1912,Ratu Mahal,1
1912,Ratu Palace,1
1913,Baheya Waterfall,1
1913,Hundru Fall Ranchi Jharkhand,1
1913,Hundru Waterfall,1
1913,Sita Falls,1
1913,Tuti Jharna Fall,1
1914,KGN MADINA CHOK,1
1914,"Khandoli Park, Giridih",1
1914,Kheskari Dam,1
1914,Manakdiha-Ektara river.,1
1914,कारूडीह का इमली पेड़,1
1915,MAITHON DAM,1
1915,Maithan Forest and Picnic Areas,1
1915,Maithon Jungle,1
1915,Maithon Lake,1
1915,PANCHET DAM WATERFALL,1
1916,Kanke Dam,1
1916,Nigam Park,1
1916,Ranchi Lake,1
1916,Rock Garden,1
1916,Sidhu Kanhu Park,1
1917,Kanke Dam Park,1
1917,Nigam Park,1
1917,Oxygen Park,1
1917,Rock Garden,1
1917,Shahid Sankalp Children Park,1
1918,Baheya Waterfall,1
1918,Hundru Fall Ranchi Jharkhand,1
1918,Jonha Fall Agro Tourism,1
1918,Jonha Park,1
1918,Sita Falls,1
1919,Buchchi Hill,1
1919,Budhai Bus Stop,1
1919,Deoghar Tourism,1
1919,Dighariya Pahar,1
1919,भिरखीबाद मोड़,1
1920,Amba valley (ranchi),1
1920,Gangaghat Bazaar & Jungle,1
1920,Gole building lover point,1
1920,Jipnis Valley,1
1920,TELIYA JARA WATERFALL,1
1921,0,1
1921,Choti Jharna,1
1921,Ganga River,1
1921,Kag,1
1921,Sahibganj pahar,1
1922,Amba valley (ranchi),1
1922,Gangaghat raj valley,1
1922,Horap Jungle View Point,1
1922,Jipnis hill,1
1922,Trippy Hill,1
1923,Bhalu Chattan (बगुत पथल) Netarhat,1
1923,Dhanju Point,1
1923,Koel View Point,1
1923,Netarhat Lake,1
1923,Pine Forest,1
1924,0,1
1924,Birsha Munda Complex,1
1924,Kutam buru/ pahad,1
1924,Rani Fall,1
1924,Sukan Buru,1
1925,Canary Hill,1
1925,Canary Hill Shiv Mandir,1
1925,Canary Hill Viewing Point,1
1925,Canary hill by pass road,1
1925,Cannhary Hill,1
1926,0,1
1926,Topchachi Wildlife Sanctuary,1
1926,Topchanchi Lake Barrage,1
1926,Topchanchi Waterfall,1
1926,Topchanchi waterfall,1
1927,Dasham Falls Selfie Point,1
1927,Dassam Falls,1
1927,LOWER DASSAM FALLS,1
1927,Remix fall,1
1927,Sarna fall,1
1928,Bandh dam,1
1928,Dhurwa Dam,1
1928,Kanke Dam,1
1928,Kanke Dam Park,1
1928,Patratu Dam,1
1929,Jhiri Lake,1
1929,Nakshatra Van,1
1929,Patratu Valley,1
1929,Ranchi Lake,1
1929,Tagore Hill,1
1930,Jhiri Lake,1
1930,Ranchi Hill,1
1930,Ranchi Lake,1
1930,Shanti Hill,1
1930,State Museum,1
1931,Ranchi Lake,1
1931,Rock Garden,1
1931,Sidhu Kanhu Park,1
1931,Swami Vivekanand Statue,1
1931,Tagore Hill,1
1932,Baheya Waterfall,1
1932,Jikra Fall,1
1932,Kanti Waterfall Ladhup,1
1932,Rarha Waterfall,1
1932,Sarna fall,1
1933,Bailgirah Waterfall,1
1933,Barat Picharwa Waterfall,1
1933,Galwaan Valley,1
1933,Sarbaha waterfall,1
1933,रानी तालाब बुढ़वा महादेव,1
1934,Horab Jungle,1
1934,Horhap View Point,1
1934,Jhiri Lake,1
1934,Sunrise Point Mahadev Hill,1
1934,Trippy Hill,1
1935,Indra Waterfall Latehar in tubed village,1
1935,JhunJhuniya Waterfall,1
1935,"Kanti fall chandwa, Latehar",1
1935,Lahna Pipeline Waterfall,1
1935,Tiru Fall,1
1936,0,1
1936,Bhagwan Birsa Aquarium park,1
1936,Bhagwan Birsa Mrig Vihar,1
1936,Biodiversity Park,1
1936,The Great Lion House,1
1937,Garud fall,1
1937,HB FALLS ormanjhi Ranchi,1
1937,Hanuman fall,1
1937,Hundru Fall Ranchi Jharkhand,1
1937,Sita Falls,1
1938,0,1
1938,Bagmara Dam picnic spot (jenasai),1
1938,Nakti Dam,1
1938,Pansua Reserviour,1
1938,प्रसिद्ध मां पाउड़ी मंदिर,1
1939,Birsa Munda Museum,1
1939,Jhiri Lake,1
1939,Ranchi Lake,1
1939,Ranchi Science Center,1
1939,Tribal Museum,1
1940,0,1
1940,City Park,1
1940,Pandit Jawaharlal Nehru Statue,1
1940,Shaheed bhagat singh park,1
1940,बोकारो जीव जंतु पार्क,1
1941,Khandoli,1
1941,Khandoli Park Stone Sculptures,1
1941,Khandoli dam,1
1941,Khandoli hill,1
1941,Pampu Lake,1
1942,Burudi Dam,1
1942,Galudih Barrage/Dam,1
1942,Jeerit Waterfall,1
1942,Mahishadhara Waterfall,1
1942,Raatmohna River Side,1
1943,Hirni Water Falls,1
1943,Panchghag,1
1943,Perwaghagh Falls Fatka,1
1943,Perwaghagh Waterfall,1
1943,Rani Fall,1
1944,Jagannath Mandir,1
1944,"National Flag, Pahari Mandir",1
1944,Ranchi Hill,1
1944,Ranchi Lake,1
1944,Sun Temple,1
1945,Benisagar Dak Bangla,1
1945,Benisagar temple complex,1
1945,Majghaon Belma Lake,1
1945,PUKHRI BANDA,1
1945,The Archaeological Remains of Benisagar,1
1946,Lawaghagh. Water Falls Fatka,1
1946,Panchghagh Falls,1
1946,Peruaghag falls,1
1946,Perwaghagh Waterfall,1
1946,Rani Fall,1
1947,Chota Dam,1
1947,Dhurwa Dam,1
1947,Dhurwa Dam Gate,1
1947,Dhurwa Dam Park,1
1947,Kanke Dam,1
1948,Baheya Waterfall,1
1948,Hirni Water Falls,1
1948,Hundru Fall Ranchi Jharkhand,1
1948,Panchghagh Falls,1
1948,Rani fall,1
1949,Barmasia Park,1
1949,Bekarbandh Park,1
1949,Bhool Bulaiya,1
1949,DADA-DADI PARK,1
1949,Rajendra Park (Bekar Bandh),1
1950,Garm jharna pani salodih latehar,1
1950,Indra Waterfall Latehar in tubed village,1
1950,Jhariya Dam,1
1950,Jhariya Dam Waterfall,1
1950,बूढ़ा अहरा,1
1951,Canary Hill Hazaribagh,1
1951,Sitagarh hills,1
1951,THE KING OF DHANWAR,1
1951,"Welcome to salgawan,the model village of Jharkhand",1
1951,बेलगिरी झरना,1
1952,Jamunia Dam,1
1952,Konar Dam photo shoot area,1
1952,Konar dam Picnic Spot,1
1952,Konar dam boat centre,1
1952,Konar pool,1
1953,Getalsud Dam View Point,1
1953,Getalsud dam,1
1953,Horap Jungle View Point,1
1953,Hundru Valley view point,1
1953,RUKKA DAM,1
1954,Dhordhoria Waterfall,1
1954,HB FALLS ormanjhi Ranchi,1
1954,Ramgarh Valley,1
1954,Rarha Waterfall,1
1954,Remix fall,1
1955,Chandil Picnic Place,1
1955,Dimna Dam,1
1955,Dobo Dam / Satnala Dam,1
1955,Palna Dam,1
1955,Sitarampur Dam,1
1956,Jubilee Lake Park,1
1956,Kachahari Talab park,1
1956,Lupungutu Jharna,1
1956,Shaheed Park,1
1956,Sitaram rungta wellness cum children's park chaibasa,1
1957,"Green Pond, Balsring",1
1957,Jhiri Lake,1
1957,Ranchi Lake,1
1957,Rock Garden,1
1957,Shanti Hill,1
1958,Chhota Banki Dam,1
1958,Dimna Dam,1
1958,Palna Dam,1
1958,Sir Dorabji Tata Park,1
1958,Sitarampur Dam,1
1959,Canary Hill Hazaribagh,1
1959,Koderma Wildlife Sanctuary,1
1959,Kurha Talaab ( Aahrabagi ),1
1959,Salpharni jhil wild life sanctuary hazaribag,1
1959,Tiger Waterfall Hazaribagh,1
1960,Dam view point,1
1960,Getalsud Dam,1
1960,Getalsut ka view,1
1960,Hundru Waterfall,1
1960,RUKKA DAM,1
1961,PTPS Dam,1
1961,Patratu Lake Resort,1
1961,Patratu Valley,1
1961,Patratu dam,1
1961,RUKKA DAM,1
1962,Jagannath Mandir,1
1962,"Pahari Mandir, Ranchi",1
1962,Ranchi Lake,1
1962,Surya Mandir(Sun Temple),1
1962,Swami Vivekanand Statue,1
1963,BONGAIBERA WATERFALL,1
1963,Baheya Waterfall,1
1963,Churni waterfall (Baheya),1
1963,Hundru Waterfall,1
1963,Sita Falls,1
1964,Dalma Hilltop Watch Tower,1
1964,Dalma Wildlife Sanctuary,1
1964,Dalma Wildlife Sanctuary Entrance,1
1964,Dobo Dam / Satnala Dam,1
1964,Sir Dorabji Tata Park,1
1965,Ahirpurwa Canal,1
1965,Kutudere dam,1
1965,Main Down waterfall,1
1965,Sadni waterfalls,1
1965,झरझरी झरना,1
1966,DIWRI TEMPLE,1
1966,Deori Flyover,1
1966,Diwari mandir,1
1966,Maa deuli mandir,1
1966,"Pahari Mandir, Ranchi",1
1967,Barmasia Park,1
1967,Dhansar Pit,1
1967,Jagannath Mandir,1
1967,Our Dhanbad,1
1967,Shiv Shakti Temple,1
1968,Kanke Dam,1
1968,Kanke Dam Park,1
1968,Ranchi Hill,1
1968,Ranchi Lake,1
1968,Tagore Hill,1
1969,Jagannath Masi Rath Yathra Temple,1
1969,Jagannath hill,1
1969,"Pahari Mandir, Ranchi",1
1969,Shree Jagannath Temple,1
1969,Sun Temple,1
1970,"DALMA RESORT, MAKULAKOCHA",1
1970,Dalma Hill Top,1
1970,Dalma Wildlife Sanctuary Entrance,1
1970,Dalma trekking starting point,1
1970,Tata Steel Zoological Park,1
1971,Check Dam,1
1971,Dimna Dam,1
1971,Dobo Dam / Satnala Dam,1
1971,Mango bridge dam,1
1971,Sitarampur Dam,1
1972,BONGAIBERA WATERFALL,1
1972,Baheya Waterfall,1
1972,Churni waterfall (Baheya),1
1972,Jonha Falls view point,1
1972,Mahilong Upper waterfall,1
1973,Bhalu Chattan (बगुत पथल) Netarhat,1
1973,Koel view point,1
1973,Netarhart sunrise view point,1
1973,Netarhat Sunrise Point,1
1973,Pine Forest,1
1974,Bhatia Park,1
1974,Eco- Park,1
1974,"Shatabdi Udyan, Jubilee Park",1
1974,Sir Dorabji Tata Park,1
1974,Tata Zoo Lake,1
1975,Aqua World Machhli Ghar,1
1975,Jhiri Lake,1
1975,Kanke Dam Park,1
1975,Ranchi Hill,1
1975,Tagore Hill,1
1976,Baheya Waterfall,1
1976,Dassam Falls,1
1976,Hundru Fall Picnic Spot,1
1976,Hundru Fall Ranchi Jharkhand,1
1976,Hundru Waterfall Lower View Point,1
1977,Deoghar tour,1
1977,Jasidih,1
1977,"Nandan Pahar Park, Deoghar",1
1977,Naulakha Temple,1
1977,Satsang Chiriyakhana,1
1978,Maithon Dam East,1
1978,Maithon Dam boat,1
1978,Maithon Lake,1
1978,Maithon waterfall,1
1978,Panchet Dam,1
1979,0,1
1979,Patratu Dam,1
1979,Patratu dam,1
1979,Picnic Spot,1
1979,Tagore Hill,1
1980,0,1
1980,Chandil Dam,1
1980,Chandil Picnic Place,1
1980,Chandil Picnic Place for public,1
1980,Ichagarh museum,1
1981,Dasham Falls Selfie Point,1
1981,Dassam Falls Top View Point,1
1981,LOWER DASSAM FALLS,1
1981,Sarna fall,1
1981,Sita Falls,1
1982,Hakuiyam Waterfall,1
1982,Kachahari Talab park,1
1982,Kanki picnic Spot,1
1982,Picnic spot,1
1982,Rungta Garden,1
1983,"Khandoli Park, Giridih",1
1983,Usri Barakar Sangam,1
1983,Usri Falls Corner,1
1983,Usri bridge,1
1983,আপার ঊশ্রী ঝরণা,1
1984,Abathsagaya Eeswarar Temple,1
1984,Karikili birds sanctuary,1
1984,Vedanthangal bund,1
1984,Vedanthangal pelican,1
1984,துலுக்காணத்தம்மன் ஆலயம் புழுதிவாக்கம் கிராமம்,1
1985,Allanganallur falls,1
1985,Kumbakkarai Falls,1
1985,Kuttupatti Falls (குட்டுப்பட்டி நீர்வீழ்ச்சி),1
1985,Thalaiyar Waterfalls,1
1985,Vellimalai Waterfalls,1
1986,Shri Saneeswaran Temple,1
1986,SreeSantha Kaliyamman Temple Keeralathur,1
1986,Tirukollikadu Shani Bhagavan temple pond,1
1986,அருள்மிகு பெரியநாயகி உடனுறை வெள்ளிமலைநாதர் திருக்கோயில் திருத்தேங்கூர்.,1
1986,"அருள்மிகு வண்டமர் பூங்குழலம்மை உடனுறை பிரம்மபுரீஸ்வரர், கோளிலி நாதேஸ்வரர் திருக்கோயில், திருக்குவளை திருக்குவளை.",1
1987,Aritapatti Hills,1
1987,Inmaiyil Nanmai Tharuvar Temple,1
1987,"Samanar Jain Hills, Keelakuyilkudi",1
1987,"Thirumalai Nayakkar Mahal, Madurai",1
1987,Yanamalai/Anaimalai Jain hills,1
1988,Maasila Falls,1
1988,Namma Falls - Kolli Hills,1
1988,Small Falls | சிற்றருவி,1
1988,Thiruppuli water falls,1
1988,WATER FALLS,1
1989,Puluthikuttai falls,1
1989,Sitheri water falls,1
1989,அம்மன் நீர்வீழ்ச்சி,1
1989,சித்தேரி நீர் வீழ்ச்சி,1
1989,தோனியாரு நீர்வீழ்ச்சி,1
1990,0,2
1990,Kolikarai Water Falls,1
1990,Kullakamby Water Falls,1
1990,Waterfall,1
1991,Aanai Maduvu Water Falls,1
1991,Karumandurai Salem District Tamilnadu,1
1991,Off road arunuthumallai,1
1991,Way to Puludikkuttai Dam,1
1991,அம்பேத்கர் சிலை - மூன்றோடு | தும்பல்,1
1992,"Kalahasteeswarar Temple, Kumbakonam",1
1992,Kumbakonam Temples,1
1992,Mottai Gopura Vasal Athi Kumbeshvarar Temple,1
1992,Nageswaran Temple,1
1992,"Varahaperumal Temple, Kumbakonam",1
1993,Aagaya Gangai Falls - Kollimalai,1
1993,Arapaleeshwar Temple,1
1993,Arappaleeswarar Temple Bus Stop,1
1993,Ettukai Amman Temple | Kollipaavai Temple,1
1993,Kollimalai Sivan Koil,1
1994,"Arulmigu Thiru Uyyakondan Thirumalai UjjevaNathar swamy Temple,Padal Petra Temple",1
1994,"Manicka Vinayagar Temple, Malaikottai",1
1994,Shri Vayalur Murugan Temple,1
1994,Tiruvanaikovil Arulmigu Jambukeswarar Akilandeswari Temple,1
1994,தாயுமானவர் டிபன் சென்டர்,1
1995,Bodi Water falls ബോഡിമെട്ട് വെള്ളച്ചാട്ടം,1
1995,Bodimettu View Point,1
1995,Muthukumar,1
1995,Thenkasiyampathimettu Hill Top,1
1995,Top Station,1
1996,Muruku Point,1
1996,Vathal Malai,1
1996,Vathalmalai Falls,1
1996,Vathalmalai hills,1
1996,Vathmalai view point,1
1997,Navagraha Temple,1
1997,Navagraha Temples,1
1997,Sarangapani Temple,1
1997,Sri Agneeswarar Temple,1
1997,Thirunageswaram Naganatha Samy Temple Rahu,1
1998,0,1
1998,Cini Waterfalls,1
1998,HOGENAKKAL WATERFALLS,1
1998,Hogenakkal Water Falls,1
1998,View Point Hogenakkal,1
1999,Fairy Falls,1
1999,Mountain View kodaikanal,1
1999,Pillar Rocks Viewpoint,1
1999,Silent Valley View,1
1999,Upper Lake View,1
2000,Elliot's Park,1
2000,Mukkombu Bus Stop,1
2000,Mukkombu Dam & Park,1
2000,Mukkombu Dam Trichy,1
2000,Mukkombu(முக்கொம்பு) New DAM And Tourist places( சுற்றுலாதளம்),1
2001,Arulmigu Chakrapani Swami Temple,1
2001,Kumbakonam Temples,1
2001,Mottai Gopura Vasal Athi Kumbeshvarar Temple,1
2001,Shri Brahma Temple,1
2001,Sri Sarabheswarar Temple,1
2002,0,1
2002,Golden Rock,1
2002,Main Gurad Gate Bus Stop,1
2002,Rail Museum,1
2002,Rani Mangammal Fort,1
2003,Kallanai Bridge,1
2003,Kallanai Bus Stop,1
2003,Kallanai Dam,1
2003,Kallanai dam,1
2003,Manikandam Lake View Point,1
2004,"Arulmigu Kallalagar Temple, Azhagar Kovil",1
2004,"Arulmigu Subramaniya Swami Temple,",1
2004,Shri Murugan Temple Tower அருள்மிகு முருகன் திருக்கோவில் கோபுரம்,1
2004,அருள்மிகு வள்ளி தெய்வானை சமேத சுப்பிரமணிய சுவாமி திருக்கோயில் சோலைமலை(பழமுதிர்சோலை) அழகர்கோவில்.,1
2004,ஆறுபடைவீடு பழமுதிர்சோலை முருகன் கோவில்,1
2005,Ariyanayagipuram check dam,1
2005,Kalakad,1
2005,Kalakad Thalayanai,1
2005,Reddiarpatti Hill,1
2005,Suthamalli reservoir dam,1
2006,Arasamalaiyan temple,1
2006,Ilayathakudi Vinayagar Temple,1
2006,Kailasanathar Nithyakalyani Amman Temple,1
2006,Pattinasamiyar Temple,1
2006,Thirumayam Fort,1
2007,Children's Park,1
2007,Fort Park,1
2007,Periyar Park,1
2007,Vellore Fort Garden,1
2007,"Vellore Fort, Tamil Nadu",1
2008,Botanical Garden,1
2008,Grange TreeTop Adventure,1
2008,Yercaud Anna Park,1
2008,மயிலாம்பாறமாரி Children's Park,1
2008,மயிலாம்பாறமாரி Yercaud lake park,1
2009,0,1
2009,Manora,1
2009,குறிச்சி அடா்காடு,1
2009,கூத்தாடிவயல் பெரிய ஏரி,1
2009,பட்டுக்கோட்டை நகராட்சி நடை பாதை,1
2010,Anna Park,1
2010,Childrens Park,1
2010,Eco Trekking (Starting Point),1
2010,Kurumbapatti Zoological park parking area,1
2010,Peacock park,1
2011,Divya Desam 27 Sri Thrivikrama Perumal Temple (Kazhischeerama vinnagar),1
2011,SIRKAZHI SATTAINATHAR KOIL - Brahmapurishwarar,1
2011,Shri Kumarakottam (Kumarakovil) Sirkazhi,1
2011,"Shri Thoniappar Temple, Sirkazhi அருள்மிகு தோணியப்பர் திருக்கோவில், சீர்காழி",1
2011,Sirkazhi Shiva Temple,1
2012,Kaattupillaiyar kovil sivakkollai,1
2012,Pattukkottai Municipality Children Park,1
2012,கூத்தாடிவயல் பெரிய ஏரி,1
2012,சங்கரநாதர் செங்கலோடை ஏரி,1
2012,பிள்ளையார் காடு,1
2013,Elephant Park,1
2013,Peoples Park,1
2013,Tiruchirappalli City Grand Green Park,1
2013,Uchi Pillaiyar Temple,1
2013,தாயுமானவர் டிபன் சென்டர்,1
2014,0,1
2014,Punganur nature park,1
2014,WILD WAVES Theme Park in Yelagiri Hills,1
2014,Yelagiri - Nature Park,1
2014,Yelagiri Birds Park,1
2015,Gandhi Park,1
2015,Periyakulam Park - பெரியகுளம் பூங்கா,1
2015,Race Course Park,1
2015,Thomas Park,1
2015,VOC park and zoo,1
2016,0,2
2016,Dolphin Nose Viewpoint,1
2016,Dolphin's nose,1
2016,Katary Waterfalls View Point,1
2017,0,1
2017,MISTYVILLA,1
2017,Sholayar Dam Bridge,1
2017,Sholayar Dam View Point,1
2017,Sholayar Dam View Point Cottage,1
2018,Bear Shola Falls,1
2018,Chettiar Park,1
2018,Liril Falls,1
2018,Pillar Rocks Viewpoint,1
2018,Silent Valley View,1
2019,0,1
2019,Cini Waterfalls,1
2019,HOGENAKKAL FALLS BOATMAN THIRUMALAI,1
2019,HOGENAKKAL WATERFALLS,1
2019,Hogenakkal Falls Boating,1
2020,Kolli hills hidden falls,1
2020,Maasila Falls,1
2020,Namma Falls - Kolli Hills,1
2020,Small Falls | சிற்றருவி,1
2020,Water falls view point,1
2021,KRP Dam Park,1
2021,Kelavarapalli Dam,1
2021,Panchapalli Upper Falls,1
2021,Panjappalli Dam view Point,1
2021,Shoolagiri Dam,1
2022,0,1
2022,Aagaya Gangai Falls - Kollimalai,1
2022,Maasila Falls,1
2022,Namma Falls - Kolli Hills,1
2022,Seeku Parai View Point - Kolli Hills,1
2023,Gass Forest Museum,1
2023,Government Museum,1
2023,"Insect Museum, TNAU",1
2023,Kasthuri Sreenivasan Art Gallery & Textile Museum (Culture Centre),1
2023,VOC park and zoo,1
2024,Green hills,1
2024,Kolli Hill Forest,1
2024,Mangalam Falls,1
2024,Pachaimalai Eco Tourism Centre,1
2024,Pachamalai tourist places பச்சைமலை சுற்றுலா,1
2025,Koraiyaru Falls,1
2025,Mangalam Water Falls மங்களம் நீர் வீழ்ச்சி,1
2025,Maruthaiyaaru waterfalls,1
2025,Varaiaaru Odai Waterfalls,1
2025,Yaanai Ootru waterfalls,1
2026,Aagaya Gangai Falls - Kollimalai,1
2026,Kolli Hill Forest,1
2026,Kolli hills,1
2026,Kolli hills bend view point,1
2026,Maasila Falls,1
2027,Park,1
2027,Raja Raja Cholan Statue Park,1
2027,Tholkappiar Park,1
2027,Yagappa Nagar Park,1
2027,ராஜப்பா பூங்கா,1
2028,Arulmigu Park Murugan Temple,1
2028,Kasi Viswanathar Temple,1
2028,Murugan Temple,1
2028,Pazhamudhircholai Murugan Temple,1
2028,"அருள்மிகு ஆவுடைநாயகி சமேத சத்தியகிரீஸ்வரர் திருக்கோயில் திருப்பரங்குன்றம்,பாடல் பெற்ற திருக்கோயில்",1
2029,Botanical Garden,1
2029,Genetic Heritage Garden,1
2029,Gents Seat,1
2029,Lady's Seat,1
2029,Yercaud Anna Park,1
2030,0,1
2030,Erode Fort,1
2030,Erode Island,1
2030,Odapalli Barrage Park,1
2030,"VOC Park, Erode",1
2031,Divyadesam Sri Ashtabujakara Perumal Temple,1
2031,Ekambaranathar Temple,1
2031,Sri Jurahareswarar Temple,1
2031,Sri Kachabeswarar Temple.,1
2031,Sri Vazhakarutheeswarar Temple,1
2032,Puluthikuttai falls,1
2032,pulithi kuttai falls,1
2032,அம்மன் நீர்வீழ்ச்சி,1
2032,மிதிகாடு நீர்வீழ்ச்சி,1
2032,வாணியாரு டேம்,1
2033,Green Valley Viewpoint,1
2033,Mountain View kodaikanal,1
2033,Pillar Rocks Viewpoint,1
2033,Silent Valley View,1
2033,Upper Lake View,1
2034,0,1
2034,Kallar Park,1
2034,Nilgiris tea,1
2034,Sim's Park,1
2034,Touch Down Tiger Hill,1
2035,Brihadeeswara Temple,1
2035,Kamakshi Temple,1
2035,Peruvudaiyar Kovil,1
2035,Thanjavur Big Temple,1
2035,Vriddheshwar Temple,1
2036,Aagaya Gangai Falls - Kollimalai,1
2036,Kolli Hill Forest,1
2036,Puliancholai,1
2036,Puliyancholai (Nettavelampatty),1
2036,Puliyancholai Stone Valley,1
2037,Anaikatti Hill View Point,1
2037,Kodanad View Point,1
2037,Mettupalayam Kotagiri Road,1
2037,Mettupalayam to Coonoor Road Junction,1
2037,"பவானி ஆறு படித்துறை & காட்சி பகுதி ஆலாங்கொம்பு , Bavani river view point, Aalangombu",1
2038,Aliyar View Point,1
2038,Birla Waterfalls,1
2038,Malakkapara View Point,1
2038,Nalla Mudi Estate 2nd Division,1
2038,aaro viewpoint (valparai river),1
2039,0,1
2039,Danish Fort,1
2039,"Danish Fort, Tranquebar",1
2039,Tharangambadi Beach,1
2039,Tharangambadi Maritime Museum,1
2040,Sankageri fort hill,1
2040,Sankagiri,1
2040,Sankagiri View Point,1
2040,Sankagiri trekking,1
2040,சுரங்கப் பாதை,1
2041,Denad Bidhurugudi Bettu,1
2041,Nigiri hill view,1
2041,SATHYAMANGALAM TIGER RESERVE,1
2041,Thengumarada Viewpoint,1
2041,Thengumaragada view point,1
2042,Varatharapauram middle Street,1
2042,செல்வம் தோட்டம்,1
2042,ஜீவானந்தம் தோட்டம்,1
2042,ஜெகதீஸ் தோட்டம்,1
2042,முத்துராஜ் தோட்டம்,1
2043,Children's Park,1
2043,Kovai Kondattam Amusement Park,1
2043,Park,1
2043,TNAU Botanical Garden,1
2043,Thomas Park,1
2044,Kolli Hill Forest,1
2044,Kollimalai Falls,1
2044,Maasila Falls,1
2044,Namma Falls - Kolli Hills,1
2044,Small Falls | சிற்றருவி,1
2045,Chandragiri fort,1
2045,Gingee Fort,1
2045,Queen's Fort - Krishnagiri,1
2045,Rajagiri Fort,1
2045,Senji fort,1
2046,Botanical Garden,1
2046,Lake View,1
2046,Raja Rajeshwari Temple,1
2046,Servarayan Temple Ground,1
2046,Yercaud Rose Garden,1
2047,Bryant Park,1
2047,Dolphin Nose,1
2047,Kodaikanal Solar Observatory Main Gate,1
2047,Pillar Rocks Viewpoint,1
2047,Pine Forest,1
2048,Arulmigu Subramanyaswami marudhamalai,1
2048,Lord Adhi Vinayagar Sree Subramanya Swamy Temple,1
2048,Marudhamalai Adivaram | மருதமலை அடிவாரம்,1
2048,Maruthamalai - Coimbatore View Point,1
2048,Sri Murugan Temple,1
2049,Sathyamoorthy Temple,1
2049,Sathyamurthi Perumal Temple Pond,1
2049,Temple,1
2049,Thirumayam Fort,1
2049,அருள்மிகு வேணுவனேஸ்வரி சமேத சத்தியகிரீஸ்வரர் திருக்கோயில் திருமயம்.,1
2050,0,1
2050,Sithanavasal cave temple,1
2050,Sithannavasal Cave,1
2050,Sittannavasal Jain Bed,1
2050,Sittannavasal Jain Cave - Welcome Board,1
2051,Karukathamman Temple,1
2051,Mukunda Nayanar Temple முகுந்த நாராயணர் கோவில்,1
2051,Olakkannesvara Temple,1
2051,Shore Temple,1
2051,Siva temple,1
2052,Kodaikanal Hill Station,1
2052,Moir Point,1
2052,Pillar Rocks Viewpoint,1
2052,Silent Valley View,1
2052,Upper Lake View,1
2053,0,1
2053,Bothamalai,1
2053,Jarugumalai Reserved Forest,1
2053,Kolli Hill Forest,1
2053,Nariyankadu,1
2054,Amravati River Check Dam,1
2054,Jedarpalayam Dam Park,1
2054,Mariammanpadugai Dam,1
2054,Periya andankovil check dam,1
2054,Perumal Valasu DAM,1
2055,Kolukkumalai Sunrise Jeep Safari,1
2055,Kolukkumalai Tea Estate,1
2055,Kolukkumalai Top View point,1
2055,Pulippara Kolukkumala പുലിപ്പാറ,1
2055,kolukkumala tours,1
2056,0,1
2056,"Danish Fort, Tranquebar",1
2056,Old Danish Cemetery,1
2056,Tharangambadi Beach,1
2056,Tranquebar Town Gate,1
2057,0,1
2057,Anthiyur lake water falls,1
2057,Kalingarayar Statue,1
2057,Karapparai Checkdam,1
2057,Odapalli Barrage Park,1
2058,Rameshwaram,1
2058,Rameshwaram Temple,1
2058,Rameswaram Temple Guide,1
2058,Rameswaram temple Tamilnadu India,1
2058,Shree Rameshwaram Jyotirlinga Shivam Temple,1
2059,Arulmigu Thalalimalai Sri Sanjeevirayar perumal Temple,1
2059,Thalaimalai Sanjeevi Perumal Temple அடிவாரம்,1
2059,அருள்மிகு ஸ்ரீ லஷ்மிநாராயணர் பூமி நீளா தேவி கோவில்,1
2059,தலைமலை அடிவாரம்,1
2059,தலைமலை சஞ்சீவி பெருமாள்,1
2060,Kolli hills bend view point,1
2060,Meganikkadu View Point - Kolli Hills - 1340 mtrs,1
2060,Meknikaadu view point,1
2060,Nariyankadu View Point,1
2060,Seeku Parai View Point - Kolli Hills,1
2061,Arulmigu Eachanari Vinayagar Temple,1
2061,Ayyappan Temple,1
2061,Ayyappan temple,1
2061,Shri Ayyappan Temple,1
2061,Sri Ayyappan Temple,1
2062,Karapparai Checkdam,1
2062,Karuvilparai Lake Park,1
2062,Kutti Bhavani,1
2062,"Nattadreeshwarar Island, Erode",1
2062,"VOC Park, Erode",1
2063,0,1
2063,Aagaya Gangai Falls - Kollimalai,1
2063,Kolli Hill Forest,1
2063,Maasila Falls,1
2063,Small Falls | சிற்றருவி,1
2064,Koraiyaru Falls,1
2064,Mangalam Falls,1
2064,Mayil Ootru Waterfalls,1
2064,Nadu Maduvu Gugai Waterfalls,1
2064,Varaiaaru Odai Waterfalls,1
2065,Aagaya Gangai Falls - Kollimalai,1
2065,Kolli Hills Trekking Spot,1
2065,Kolli hills,1
2065,Kolli hills hidden falls,1
2065,Namma Falls - Kolli Hills,1
2066,KALRAYAN HILLS FALLS,1
2066,Kalvarayan,1
2066,Kalvarayan Hill Forests,1
2066,Mailamparaiyar Hill Forest,1
2066,மயிலாம்பாறையார் Kaviyam Falls.,1
2067,0,1
2067,Annamalaiyar temple thiruvannamalai,1
2067,Arunachala Hill,1
2067,Indira Lingam,1
2067,Tiruvannamalai Temple,1
2068,Azhagar Kovil,1
2068,"Kallazhagar kovil,madurai",1
2068,Shri Koodal Azhagar Temple,1
2068,Sri Alagar Temple,1
2068,அருள்மிகு கூடலழகர் திருக்கோவில் கோபுரம்,1
2069,Koraiyaru Falls,1
2069,Mangalam Water Falls மங்களம் நீர் வீழ்ச்சி,1
2069,Mayil Ootru Waterfalls,1
2069,Nadu Maduvu Gugai Waterfalls,1
2069,"Pachamalai Hill பச்சை மலை,Aadhi naadu,",1
2070,Jedarpalayam dam pwd ticket counter,1
2070,Karanampalayam Dam,1
2070,Mariammanpadugai Bus Stop,1
2070,Mariammanpadugai Dam,1
2070,Odapalli Barrage Park,1
2071,Akash View Point,1
2071,Glen Field View Point,1
2071,Karadiyoor View Point,1
2071,Sunrise View Point | Yercaud,1
2071,"ஏற்காடு பக்கோடா பாயிண்ட், Pagoda Point",1
2072,Ganesha Ratha,1
2072,Group of Monuments at Mahabalipuram,1
2072,Krishna's Butter Ball,1
2072,Mahishasura Rock,1
2072,Sculpture Museum,1
2073,Aagaya Gangai Falls - Kollimalai,1
2073,Kolli Hill Forest,1
2073,Mangalam Water Falls மங்களம் நீர் வீழ்ச்சி,1
2073,Namma Falls - Kolli Hills,1
2073,Small Falls | சிற்றருவி,1
2074,Artificial Waterfall,1
2074,Fundera park - Birds park,1
2074,Punganur nature park,1
2074,Yelagiri Birds Park,1
2074,Yelagiri Forest Hill,1
2075,Bear Shola Falls,1
2075,Kumbakkarai Falls,1
2075,Liril Falls,1
2075,Privacy waterfalls,1
2075,Vattakanal falls,1
2076,Maasila Falls,1
2076,Namma Falls - Kolli Hills,1
2076,Puliyancholai (Nettavelampatty),1
2076,Puliyancholai Park,1
2076,வழுக்கு பாறை - valukku paarai,1
2077,Arulmigu Koniamman Temple,1
2077,Mahalakshmi Temple,1
2077,Mundhi Vinayagar Temple,1
2077,Siddhi Vinayagar Temple,1
2077,Sree Ayyappan Temple,1
2078,0,1
2078,Chinna Suruli,1
2078,Chinnamannur Anicut Catchment area,1
2078,Suruli Falls,1
2078,தேக்கடி,1
2079,PICHAVARAM Forest Department .& BOATING,1
2079,Pichavaram Boardwalk,1
2079,Pichavaram Mangrove Forest Regular Tourism Manual Boating Place,1
2079,Pichavaram Watch Tower,1
2079,Vadakku pichavaram,1
2080,Arulmigu Chakrapani Swami Temple,1
2080,Darasuram World Heritage Site,1
2080,Kasi Viswanathar Temple,1
2080,Kumbakonam Temples,1
2080,Sarangapani Temple,1
2081,Gomuki Dam View Point,1
2081,Kalvarayan,1
2081,Megam Falls,1
2081,Velli மலை,1
2081,மயிலாம்பாறையார் Kaviyam Falls.,1
2082,Dindigul Rock Fort,1
2082,Sirumalai Check Post. ( Forest),1
2082,Sirumalai View Point,1
2082,Sirumalai mini falls,1
2082,Vellimalai Waterfalls,1
2083,Balaji Temple (Inside Karumalai Estate),1
2083,Chinna Kallar Falls,1
2083,Iraichal Parai Falls,1
2083,Kuzhankal River,1
2083,Thalanaar Waterfalls,1
2084,Kariyamaleswarar Temple,1
2084,Mallappan kopuram Jambukeswarar Temple,1
2084,"Sri Ranganatha Swamy Temple, Srirangam",1
2084,Vekkaliyamman Temple,1
2084,தாயுமானவர் டிபன் சென்டர்,1
2085,Jalagamparai Falls,1
2085,Murugan Temple,1
2085,Perumal Koil Parking,1
2085,Yelagiri - Nature Park,1
2085,Yelagiri Forest Hill,1
2086,Bear Shola Falls,1
2086,Fairy Falls,1
2086,"KUMBAKARAI FALLS,CAR PARKING AREA",1
2086,Liril Falls,1
2086,Thalaiyar Waterfalls,1
2087,Amirthi Water Fall,1
2087,Periyar Park,1
2087,Pulimedu waterfalls,1
2087,Thennandiyalam Falls (Gudhippu),1
2087,Vellore Fort Park,1
2088,Mangalam Falls,1
2088,"Nachilipatti, pachamalai thenpuranadu",1
2088,Pachaimalai Eco Tourism Centre,1
2088,"Pachamalai Hill பச்சை மலை,Aadhi naadu,",1
2088,Periya Pakkalam ( பெரிய பக்கம்),1
2089,Bandipur National Park,1
2089,Bandipura Tiger Reserve,1
2089,Mudumalai Forest,1
2089,Mudumalai Tiger Reserve Interpretation Centre,1
2089,Theppakadu Elephant Camp,1
2090,Kapputhi Falls / kallar river falls,1
2090,Karadiyoor View Point,1
2090,Mini water falls,1
2090,Sinamika Waterfalls,1
2090,Vasambadi Falls,1
2091,Jalagamparai Falls,1
2091,"Swamimalai Hills, Yelagiri",1
2091,Thrill Valley,1
2091,Yelagiri - Nature Park,1
2091,Yelagiri Hills,1
2092,Bear Shola Falls,1
2092,Fairy Falls,1
2092,Kumbakkarai Falls,1
2092,Pillar Rocks Viewpoint,1
2092,kodaikanal lion cave,1
2093,Mahishasura Mardini cave,1
2093,Mahishasura Rock,1
2093,Olakkannesvara Temple,1
2093,Shri Dharmaraja Cave Temple,1
2093,Tiger Cave,1
2094,Children park,1
2094,Chimpanzee,1
2094,VANDALUR zoo,1
2094,Vandaloor zoo,1
2094,Zoo Main Gate,1
2095,Jagannath Shrine,1
2095,Krishna's Butter Ball,1
2095,Mahishasura Rock,1
2095,Thirumoorthi Cave திருமூர்த்தி குகை,1
2095,Varaha Cave,1
2096,Chinna Kallar Falls,1
2096,Mystic Falls,1
2096,Thirumoorthy WaterFalls,1
2096,Upper Aliyar Falls,1
2096,Winner falls,1
2097,Female Bathroom,1
2097,Holy Land,1
2097,Nagachi Road Bus Stop,1
2097,Poondi Bus Stop,1
2097,kela chithar kadu,1
2098,Fort Park,1
2098,"Jalakandeswarar Temple, Vellore",1
2098,Periyar Park,1
2098,Vellore Fort Park,1
2098,Vellore fort light,1
2099,Mannavannur View,1
2099,Mannavanur Camping location,1
2099,Perumal temple,1
2099,Poombarai View Point,1
2099,Upper Lake View,1
2100,Aagaya Gangai Falls - Kollimalai,1
2100,Kolli Hill Forest,1
2100,Maasila Falls,1
2100,Meganikkadu View Point - Kolli Hills - 1340 mtrs,1
2100,Namma Falls - Kolli Hills,1
2101,Aanaivari Muttal Waterfalls,1
2101,Attur Waterfalls,1
2101,Kiliyur Falls,1
2101,Nagalur water falls,1
2101,Viewpoint | Muttal Falls,1
2102,Mayil Ootru Waterfalls,1
2102,"National Fossil Wood Park, Sathanur",1
2102,Sri Kottai Karuppu Muniappar Temple,1
2102,Thanneerpanthal,1
2102,Thuraimangalam Lake,1
2103,Athangudi Palace,1
2103,CVRM Heritage House,1
2103,"Chettinadu Mansion, Kanadukathan",1
2103,Sivagangai Palace,1
2103,"VVR Heritage House, Kanadukathan, Chettinad",1
2104,Aam Khaas Bagh,1
2104,Aam Khas Bagh Garden,1
2104,Jahaz Haweli Diwan Todarmal Jain Ji,1
2104,Kheri wala singh,1
2104,Sheesh Mahal,1
2105,0,1
2105,Aggarsain Park,1
2105,Chacha Nehru Park,1
2105,Hira Palace,1
2105,Shiv Mandir,1
2106,0,1
2106,Baradari,1
2106,Darbar Peer Mouju Shah Ji,1
2106,The Dakhni Sarai,1
2106,The Tombs of Ustad-Shagird,1
2107,0,1
2107,Historical Train Tracks,1
2107,Kushwant Singh,1
2107,The National Martyrs Memorial,1
2107,Vicky,1
2108,0,1
2108,Mandir Shri Siddh Baba Sodal,1
2108,Sai Mandir,1
2108,Shirdi Sai Mandir.,2
2109,0,1
2109,Lodhi Fort (Purana Qila),1
2109,Maharaja Ranjit Singh War Museum,1
2109,"Mystery Rooms - Kartar Bhawan, Ferozepur Road, LDH",1
2109,PAU Museum,1
2110,Dashmesh Park moga,1
2110,"KL Kapoor Park ,moga",1
2110,Nature Park,1
2110,Shaheedi Park,1
2110,Suraj Nagar Park 5,1
2111,Chamrour Pathankot,1
2111,Ranjit sagar view point,1
2111,The View Point,1
2111,Theme Dam Tourist Huts,1
2111,Tourist Huts at Ranjit Sagar Dam,1
2112,0,1
2112,Funland,1
2112,Rainbow Resort,1
2112,Sadda Pind Amritsar,1
2112,Sun City Amusement & Water Park,1
2113,"Beautiful View Point, Khulmi, Himachal Pradesh",1
2113,Damsal Dam,1
2113,Dhan dhan bapu ganga das ji,1
2113,Maili Dam,1
2113,Maili MTB trail point,1
2114,Gurudwara Guru Teg Bahadur Sahib ji,1
2114,Gurudwara Nauvi Patshahi Dukh Niwaran Sahib,1
2114,Gurudwara Sahib Bridge.,1
2114,Gurudwara Talhan Sahib Darbar,1
2114,Talhan sahib,1
2115,Chandigarh Architecture Museum,1
2115,International Dolls Museum,1
2115,Le Corbusier Centre,1
2115,National Gallery of Portraits : Sector 17,1
2115,Natural History Museum,1
2116,0,1
2116,Gurdwara Damdama sahib,1
2116,Gurdwara Nanaksar,1
2116,Gurdwara Sri Guru Singh Sabha,1
2116,Gurudwara Dukh Niwaran Sahib Ludhiana,1
2117,Dixha Power Company,1
2117,Jhallan Falls Bridge,1
2117,S.k Waterfalls And Fountain,1
2117,Sidhu farm,1
2117,The Mughal Sarai of Doraha,1
2118,0,1
2118,8th Wonder (8va Ajooba),1
2118,Gurudwara Tharha Sahib,1
2118,"Shri Baoli sahib ji , ਸ੍ਰੀ ਬਾਉਲੀ ਸਾਹਿਬ ਜੀ",1
2118,Virasat-e-Khalsa,1
2119,Chohal Dam Park,1
2119,Damsal Dam,1
2119,Dholbaha Dam,1
2119,Forest Awareness Eco Huts - Thana Dam,1
2119,Jungle Nirvana Safari - Thana Dam,1
2120,Harleen Water Fun Park,1
2120,K.S. Water Park,1
2120,TARZAN WET N WILD,1
2120,"Wonderland, Jalandhar.",1
2120,harleen water park,1
2121,Bath Farm,1
2121,Chakladian Bus Stop,1
2121,Gurudwara Shri Guru Ravidas Ji,1
2121,Singh Farms Dholwaha,1
2121,Thakur Farm,1
2122,AHMADIYYA MOHALLA,1
2122,Bahishti Maqbara office,1
2122,Bustan e Ahmad (Jalsa Gah),1
2122,Majlis Khuddamul Ahmadiyya Qadian,1
2122,Mazar E Mubarak,1
2123,Dashmesh Park moga,1
2123,Kashmiri Park,1
2123,Nature Park,1
2123,Shaheed Bhagat Singh Park,1
2123,Shahidi Park Market,1
2124,Hussainiwala Railway Station,1
2124,Samadhi Punjab Mata,1
2124,The National Martyrs Memorial,1
2124,VR Show Hussainiwala Ferozepur,1
2124,ਦਰਗਾਹ ਬਾਬਾ ਗੋਰੇ ਸ਼ਾਹ ਜੀ,1
2125,0,1
2125,Attari - Wagah border,1
2125,Indian flag Tiranga view,1
2125,Wagah Border Park,1
2125,Wahgah Border Pakistan,1
2126,Bougain Villea Garden,1
2126,Butterfly Park,1
2126,Mango Garden,1
2126,Mini Rose Garden,1
2126,Zakir Hussain Rose Garden,1
2127,Archaeological Museum,1
2127,Maharaja Ranjit Singh Park,1
2127,Park,1
2127,Ropar Head Works,1
2127,Water care booth,1
2128,Butterfly Park,1
2128,Gandhi Museum,1
2128,Government Museum and Art Gallery,1
2128,Le Corbusier Centre,1
2128,"Rag Doll museum, Rock garden",1
2129,"BHAKRA DAM , Bachretoo Fort and Gobind Sagar view point 8 Kotdhar Region",1
2129,Baba Bharthari Mandir Bhakra Dam,1
2129,Boat Station Bhakra,1
2129,Nangal Dam,1
2129,"View Point, Bhakra Dam",1
2130,Gurdhian Singh,1
2130,KHOO PIND. TANGORI,1
2130,park gill dhaba,1
2130,ਟੋਬਾ,1
2130,ਦੇਸ ਭਗਤ ਪਾਰਕ ਢੰਗਰਾਲੀ,1
2131,Harike Bird sanctuary,1
2131,Harike Bird wildlife sanctuary,1
2131,Harike Pattan Bird Sanctuary,1
2131,Harike Selfie Point,1
2131,Harike Wetland,1
2132,Amritsar Tourism,1
2132,Heritage Walks Amritsar,1
2132,LOVERS ALLEY,1
2132,Monument,1
2132,Shamsher Singh,1
2133,0,1
2133,Botanical Garden PAU,1
2133,Museum of Social History and Rural Life of Punjab,1
2133,PAU Nursarry,1
2133,Punjab Agricultural University,1
2134,0,1
2134,Boat point (ਬੇੜੀ),1
2134,Doburji Bridge,1
2134,Harsdeeep singh,1
2134,ਮਿਰਜਾ ਖੂਹ,1
2135,0,1
2135,Fun City,1
2135,Funcity Water Park,1
2135,New Lake,1
2135,SkyJumper Trampoline Park - Chandigarh,1
2136,"ISKCON Temple, Ludhiana",1
2136,Krishna Mandir,1
2136,Radha Krishna Mandir,1
2136,Shri Sanatan Dharam Mandir,1
2136,Sri Krishna Mandir (New),1
2137,Beas River Bank,1
2137,Beas River Bridge,1
2137,"Guru Nanak Pura,Beas",1
2137,Mari Tanda Beas River View Point,1
2137,ਬਿਆਸ ਦਰਿਆ view point,1
2138,Bittu Village Badi Karoran,1
2138,KHOO PIND. TANGORI,1
2138,ਟੋਬਾ toba,1
2138,ਟੋਭਾ,1
2138,ਟੌਭਾ,1
2139,Dasuya Forest Division,1
2139,Nara Forest,1
2139,Pong Dam Lake Wildlife Sanctuary,1
2139,TARZAN WET N WILD,1
2139,"Van Chetna Park, Bassi Jana",1
2140,Barrage Park,1
2140,Dam view,1
2140,Dhameta Bridge,1
2140,Lake Garden,1
2140,The Beas river view,1
2141,0,1
2141,Attari border,1
2141,Indian flag Tiranga view,1
2141,National Flag of India,1
2141,Wagah Border Park,1
2142,0,1
2142,Devi Talab Mandir,1
2142,Geeta Mandir,1
2142,Janta Mandir,1
2142,Shri Radha Krishna Temple,1
2143,Asha Rani Mandir,1
2143,Dussehra Ground,1
2143,Sultanpur Lodi Sarai,1
2143,The Park,1
2143,ਧੰਨ ਧੰਨ ਸ੍ਰੀ ਗੁਰੂ ਨਾਨਕ ਦੇਵ ਜੀ ਗਰੀਨ ਪਾਰਕ,1
2144,0,1
2144,R.C.F. Halt,1
2144,RCF,1
2144,RCF Kapurthala,1
2144,Rail Coach Factory,1
2145,Greater Kailash Park,1
2145,Lions Children Health Park,1
2145,Randhawa Ville,1
2145,"Tomb of Shamsher Khan, Batala",1
2145,Urban Estate Park,1
2146,0,1
2146,City Garden,1
2146,Jawahar Park,1
2146,Rock Garden Jalandhar,1
2146,Shivaji Park,1
2147,0,1
2147,Lodhi Fort (Purana Qila),1
2147,Nehru Planetarium,1
2147,Rakh Bagh,1
2147,Sarabha Nagar Public Park,1
2148,0,1
2148,Bein view,1
2148,Electric Board Park,1
2148,RCF Lake,1
2148,The Ideal Garden,1
2149,0,1
2149,Ancestral House of Shaheed Bhagat Singh ji,1
2149,International Sikh Museum,1
2149,Sardar Bhagat Singh Home,1
2149,ਖਾਲਸਾ ਟੈਂਟ ਹਾਊਸ,1
2150,Central Sikh Museum,1
2150,Monument,1
2150,Punjab State War Heros' Memorial and Museum,1
2150,Ram Bagh Gate,1
2150,Statue of Maharaja Ranjit Singh,1
2151,Central Sikh Museum,1
2151,"ISKCON Temple, Vrindavan Gardens, Amritsar",1
2151,Radha Krishna Prachin Mandir (Smiti),1
2151,Vaishno Devi Mandir Amritsar,1
2151,shiv mandir,1
2152,0,1
2152,Kali Mata Mandir,1
2152,Kali Mata Temple,1
2152,Mahatma Gandhi Park,1
2152,Qila Mubarak,1
2153,Guru Guest House ਸਰਾਂ,1
2153,Gurudwara Sahib Singh Sabha,1
2153,Gurudwara Sri Fatehgarh Sahib,2
2153,Gurudwara Sri Jyoti Saroop Sahib,1
2154,Chamrour (Mini Goa) Car/Bus Parking,1
2154,Mini Goa Chamrod Entry Toll,1
2154,Mini Goa Pathankot,1
2154,"Raagini's Little Kingdom Mini Goa Chamrod Tehsil Dhar Kalan , District Pathankot",1
2154,Tikkran wali mata (Black Mahatma Buddh statue),1
2155,Ahmadiyya Mosque Kapurthala,1
2155,Jagar Singh Samaad,1
2155,Masjid,1
2155,Panch Mandir,1
2155,Shalimar Gardens,1
2156,Lake Garden,1
2156,Moh Di Hatti Bus Stop,1
2156,Park,1
2156,Rock Garden,1
2156,Talwara The City Beautiful,1
2157,0,1
2157,Bhagwan Parshuram Mandir,1
2157,Lal Dwara Mandir,1
2157,Shiv Mandir,1
2157,Shiv Shakti Mandir,1
2158,Jainti Dam,1
2158,Mata Vaishno Devi Mandir,1
2158,NADA DAM,1
2158,Pachhad Dam,1
2158,Siswan Dam,1
2159,Kali Veer Temple,1
2159,Laxmi Narayan Mandir,1
2159,Mata Ashapurni Ji Mandir,1
2159,Pracheen Kali Mata Mandir,1
2159,Shri Shani Dev Mandir,1
2160,Deer Park Neelon,1
2160,Indrakant Kumar,1
2160,Ludhiana Zoo Tiger Safari,1
2160,Nehru Rose Garden,1
2160,Rakh Bagh,1
2161,Gurdaspur Park,1
2161,Guru Nanak Park,1
2161,Park,1
2161,Park-16,1
2161,"Western park, Gurdaspur",1
2162,0,1
2162,Dino Park,1
2162,Pushpa Gujral Science City,1
2162,SCIENCE city,1
2162,Science Voyage Hall,1
2163,K.S. Water Park,1
2163,TARZAN WET N WILD,1
2163,Thrill & Ride,1
2163,"Wonderland, Jalandhar.",1
2163,harleen water park,1
2164,Central Sikh Museum,1
2164,Heritage street,1
2164,Maharaja Ranjit Singh Garden,1
2164,Partition Museum,1
2164,The Sword Obelisk - Amritsar,1
2165,Bullet Marks site 2,1
2165,Jallianwala Bagh,1
2165,Jallianwala Bagh Museum,1
2165,Martyr's memorial,1
2165,Sculpture in Honour of the Martyrs of Jallianwala Bagh,1
2166,Jhajjar Bichauli Wildlife Sanctuary Entrance,1
2166,Nature Reserve ਨੇਚਰ ਰਿਜਰਵ,1
2166,Shilly fish shop,1
2166,Waraich Farm(ਵੜੈਚ ਫਾਰਮ)ਸੋਲਰ ਮੋਟਰ,1
2166,Wild life Raipur (ਜੰਗਲ ਰਾਏਪੁਰ ),1
2167,Maharaja Ranjit Singh War Museum,1
2167,Sanghol Buddhist Archaeological Museum,1
2167,Sikh Museum,1
2167,Sikh Museum Mohali,1
2167,The Mughal Sarai of Doraha,1
2168,0,5
2169,Amritsar Heritage Walk & Golden Temple Tour,1
2169,Heritage Walks Amritsar,1
2169,Maharaja Ranjit Singh Garden,1
2169,Monument,1
2169,Ram Bagh Palace,1
2170,Amritsar Heritage Walk & Golden Temple Tour,1
2170,Heritage Walks Amritsar,1
2170,Ram Bagh Gate,1
2170,The Sword Obelisk - Amritsar,1
2170,स्टेचू बाबा भीमराव अंबेडकर,1
2171,Chohal Dam Park,1
2171,Damsal Dam,1
2171,Dasuya Forest Division,1
2171,Harappan Civilization Dholbaha,1
2171,Nara Dam,1
2172,Chohal Dam Park,1
2172,Damsal Dam,1
2172,Dholbaha Dam,1
2172,Nara Forest,1
2172,Nara Forest Rest House,1
2173,Harike Bird sanctuary,1
2173,Harike Bird wildlife sanctuary,1
2173,Harike Wetland,1
2173,Range Office Harike Wildlife Sanctuary,1
2173,TARN TARAN WILDLIFE SANCTUARY,1
2174,Chandigarh Botanical Garden,1
2174,Garden of Fragrance,1
2174,Nek Chand’s Rock Garden of Chandigarh,1
2174,Shanti Kunj Park,1
2174,Terraced Garden,1
2175,Devi Talab Mandir,1
2175,Jawahar Park,1
2175,Nehru Garden,1
2175,Rock Garden Jalandhar,1
2175,"St. Sebastian’s Catholic Church, Dhina",1
2176,Central Sikh Museum,1
2176,Jallianwala Bagh,1
2176,Jallianwala Bagh Museum,1
2176,Martyrs Well,1
2176,Sculpture in Honour of the Martyrs of Jallianwala Bagh,1
2177,Fish Park,1
2177,Maa Durga Mandir Gazikot,1
2177,Mandir,1
2177,Pandori Dham Sarovar,1
2177,Pindori Dhaam-पिंडोरी धाम - मोक्ष का द्वार,1
2178,Bullet Marks site 2,1
2178,Central Sikh Museum,1
2178,Heritage street,1
2178,Jallianwala Bagh,1
2178,Partition Museum,1
2179,Dandi Swami Gaulok Dham (Gaushala),1
2179,"ISKCON Temple, Ludhiana",1
2179,Shree Sankat Mochan Ram Darbar Mandir,1
2179,Shri Krishna Mandir,1
2179,Shri raam darbar govind gaudham,1
2180,Ambedkar Chowk Ropar,1
2180,Anglo-Sikh Treaty Spot rupnagar,1
2180,Indus Valley Civilization & Buddhist era ruins,1
2180,Maharaja Ranjit Singh Park,1
2180,Ropar Head Works Park,1
2181,Chohal Dam Park,1
2181,Dholbaha Dam,1
2181,Maili Dam,1
2181,Nara Dam,1
2181,Thana Dam - Family Picnic,1
2182,Amritsar Day Tours,1
2182,Amritsar Heritage Walk & Golden Temple Tour,1
2182,Central Sikh Museum,1
2182,Partition Museum,1
2182,Sadda Pind Amritsar,1
2183,0,1
2183,International Sikh Museum,1
2183,Lodhi Fort (Purana Qila),1
2183,Masjid in Kila,1
2183,The Sarai of Lashkari Khan,1
2184,Dholbaha Dam,1
2184,Haripur Fort,1
2184,Mata Ishar Kaur Memorial Park,1
2184,Nara Dam,1
2184,Shiv Mandir,1
2185,0,2
2185,Anglo-Sikh War Memorial Museum,1
2185,Colony Park,1
2185,Saragarhi Ferozepur,1
2186,Kile wali mata Temple,1
2186,Lakhanpur Fort,1
2186,Mukteshwar Mahadev Temple,1
2186,Shimla Pahari,1
2186,Shri Shani Dev Mandir,1
2187,International Sikh Museum,1
2187,"Kos Minar, Kot Panaich, Near Sarai Lashkari Khan",1
2187,Ram Sarovar Shri Bhaini Sahib,1
2187,Sarai Lashkari Khan Mosque,1
2187,The Mughal Sarai of Doraha,1
2188,Bhagwan Valmiki Dham,1
2188,Ramtirth Amritsar,1
2188,Sita Ram Mandir,1
2188,Swami Ram Tirth Mission Trust,1
2188,Valmiki Ram tirth luv kush mandir(Sita kund),1
2189,Mandir,1
2189,Mata chintpurni mandir,1
2189,Prachin Radha Krishan Maharani Sahiba Mandir,1
2189,Prachin Shiv Mandir Bharamkund,1
2189,Sat Narayan Mandir,1
2190,Akal Takht,1
2190,Interpretation Center Underground Sikh Museum,1
2190,Partition Museum,1
2190,Punjab State War Heros' Memorial and Museum,1
2190,Shri Dukh Bhanjani Beri Sahib,1
2191,0,1
2191,Guru Gobind Singh Park,1
2191,MR VISHAL GROVER (SRI MUKTSAR SAHIB),1
2191,Our Farm House,1
2191,War Memorial 40 Mukte,1
2192,0,1
2192,Barki Memorial,1
2192,Historical Train Tracks,1
2192,Samadhi Punjab Mata,1
2192,ਦਰਗਾਹ ਬਾਬਾ ਗੋਰੇ ਸ਼ਾਹ ਜੀ,1
2193,Amritsar Tourism,1
2193,"City On Pedals - Guided Walking, Bicycle and Food Tours",1
2193,Heritage Walks Amritsar,1
2193,Hop on Hop Off Bus Tour,1
2193,Incredible India Explore - Amritsar Golden Temple Tours,1
2194,0,1
2194,Maharaja Duleep Singh Historical Museum,1
2194,Maharaja Ranjit Singh Fort,1
2194,Maharaja Ranjit Singh War Museum,1
2194,ਮਾਹਾਂਰਾਜਾ ਦਲੀਪ ਸਿੰਘ ਚੌਕ,1
2195,0,1
2195,Ajuba of Kartarpur,1
2195,Main Tower (Minar),1
2195,Monument,1
2195,Parking Area for Jang e Azadi Memorial,1
2196,Bahadurgarh Fort,1
2196,Barandari Garden,1
2196,Moti Bagh Palace,1
2196,Patiala Heritage Walk,1
2196,Shri Kali Devi Mandir,1
2197,Amritsar Heritage Walk & Golden Temple Tour,1
2197,Central Sikh Museum,1
2197,Gurudwara Chheharta Sahib,1
2197,Gurudwara Thara Sahib patsahi 9,1
2197,Shri Dukh Bhanjani Beri Sahib,1
2198,0,1
2198,Shri Guru Ravidass Gurudawara,1
2198,The Dakhni Sarai,1
2198,The Sarai Of Nurmahal ਨੂਰਮਹਿਲ ਸਰਾਂ,1
2198,Valmiki Gate Nurmahal,1
2199,Geeta Mandir,1
2199,Mandir Shri Siddh Baba Sodal,1
2199,Nehru Garden,1
2199,Shiv Mandir Devi Talab,1
2199,St. Mary's Cathedral,1
2200,Chatreshwar Mahadev Mandir,1
2200,Shiv Mandir,1
2200,Shiv Mandir Jalahar,1
2200,Shiv mandir,1
2200,श्री मुक्तेश्वर धाम महादेव मन्दिर,1
2201,Amritsar Tourism,1
2201,Central Sikh Museum,1
2201,Jallianwala Bagh Museum,1
2201,Punjab State War Heros' Memorial and Museum,1
2201,Sadda Pind Amritsar,1
2202,0,1
2202,Lodhi Fort (Purana Qila),1
2202,Maharaja Ranjit Singh Fort,1
2202,Mandir park,1
2202,The Mughal Sarai of Doraha,1
2203,Barandari Garden,1
2203,Deer Park,1
2203,Marble Baradari,1
2203,Patiala Heritage Walk,1
2203,Qila Mubarak,1
2204,Lodhi Fort (Purana Qila),1
2204,MAHARAJA RANJIT SINGH PARK,1
2204,Maharaja Ranjeet Singh Memorial,1
2204,Maharaja Ranjit Singh Fort,1
2204,Museum of Social History and Rural Life of Punjab,1
2205,Amritsar Tourism,1
2205,Funland,1
2205,Gobindgarh Fort,1
2205,Maharaja Ranjit Singh Garden,1
2205,Partition Museum,1
2206,"Bagh Akalian, ਅਕਾਲੀਆਂ ਵਾਲਾ ਬਾਗ",1
2206,Historical Jallianwala Bagh Site,1
2206,Jalianwala Bagh Garden,1
2206,Martyrs' Obelisk,1
2206,Sculpture in Honour of the Martyrs of Jallianwala Bagh,1
2207,Clock Tower,1
2207,Maharaja Ranjit Singh Fort,1
2207,Maharaja Ranjit Singh War Museum,1
2207,Nehru Rose Garden,1
2207,Payal Fort,1
2208,Lodhi Fort (Purana Qila),1
2208,Maharaja Ranjeet Singh Memorial,1
2208,Maharaja Ranjit Singh War Museum,1
2208,Payal Fort,1
2208,Shiri Guru Ravidas Gate,1
2209,Chaatbir zoo,1
2209,Chattbir Zoo park,1
2209,Chhatbir Zoo Aquatic Santuary,1
2209,Elephant yard,1
2209,Royal Bengal Tiger Area,1
2210,0,1
2210,Fountain Golden Temple,1
2210,Golden Temple Plaza,1
2210,Gurdwara Sri Golden Temple Har ki Paudi Sahib,1
2210,Hukamnama Sri Darbar Sahib Amritsar,1
2211,0,1
2211,Coins Museum at Gobindgarh Fort,1
2211,Partition Museum,1
2211,Phansi Ghar,1
2211,Sadda Pind Amritsar,1
2212,Devi Talab Mandir,1
2212,Gurdwara Sodal Chauni Nihang Singha,1
2212,Shri Mahakali Mandir,1
2212,Shri Sai Baba Mandir,1
2212,Shri Sheetla Mata Sodal,1
2213,0,1
2213,Attari,1
2213,Attari - Wagah border,1
2213,National Flag of India,1
2213,Wagah Border Park,1
2214,Barki Memorial,1
2214,Gandhi Gardens,1
2214,Kasuri Gate,1
2214,Serenity Park,1
2214,Zira Gate (ਜ਼ੀਰਾ ਗੇਟ),1
2215,Ghalla Malla Chownk,1
2215,Historical Jallianwala Bagh Site,1
2215,Jallianwala Bagh,1
2215,Martyr's memorial,1
2215,Ram Bagh Gate,1
2216,8th Wonder (8va Ajooba),1
2216,"Ampitheatre, virasat-e-khalsa",1
2216,Anandhpur Sahib,1
2216,Sri Guru Teg Bahadur Sikh Museum,1
2216,Takhat Sri Kesgarh Sahib Gurdwara,1
2217,0,1
2217,Harike Wetland,1
2217,NJSA PARK,1
2217,Shalimar Gardens,1
2217,Udasin Ashram Kanjli,1
2218,0,2
2218,Fazilka TV Tower,1
2218,Gol kothi,1
2218,Local Park,1
2219,0,1
2219,Devi Talab Mandir,1
2219,Gita Mandir,1
2219,Shri Lakshmi Narayan Mandir,1
2219,Sri Geeta Mandir Urban Estate Phase 1 Jalandhar,1
2220,Amritsar Heritage Walk & Golden Temple Tour,1
2220,Central Sikh Museum,1
2220,Gurudwara Ber Baba Budha Sahib,1
2220,Gurudwara Chheharta Sahib,1
2220,Sri Harmandir Sahib,1
2221,Gurudwara Ber Baba Budha Sahib,1
2221,Gurudwara Santokhsar Sahib,1
2221,Gurudwara Shaheed Ganj Sahib,1
2221,Gurudwara Sri Pipli Sahib,1
2221,Sri Harmandir Sahib,1
2222,Fountain,1
2222,Harleen Water Fun Park,1
2222,Thrill & Ride,1
2222,Wonderland Farms,1
2222,harleen water park,1
2223,0,1
2223,Baba Banda Singh Bahadur Statue,1
2223,Chappar Chiri War Memorial historic place,1
2223,Fateh Burj Baba Banda singh Bahadar (SAS Nagar Mohali),1
2223,Gurudwara Sri Amb Sahib,1
2224,Bheem baithka,1
2224,Dhanraj bhaaisahab farm,1
2224,High point,1
2224,Narmada temple,1
2224,Seasonal river in bheembetika,1
2225,Bamaniya Kund Waterfall,1
2225,Junapani waterfall,1
2225,Mehndikund Waterfalls,1
2225,Tafri Waterfalls,1
2225,Tincha Waterfall,1
2226,Apsara Vihar,1
2226,Bee Falls,1
2226,Dutchess Fall,1
2226,Rajat waterfall,1
2226,Silver Fall Point,1
2227,0,1
2227,Jal Ghat,1
2227,Mandla Fort,1
2227,Rapta Ghat,1
2227,Sahastradhara,1
2228,Chaudeshwar Mahadev Temple,1
2228,Chouragarh,1
2228,JataShankar Mahadev,1
2228,Jatashankar Temple Entrance Gate,1
2228,Shri Panch Pandav Caves. Pachmarhi,1
2229,Bildha's 5 Level Waterfall,1
2229,GHOGHARNATH WATER FALLS,1
2229,Ton ghat water Fall,1
2229,नदी का घाट,1
2229,नदी घाट,1
2230,0,1
2230,District Archaeological Museum,1
2230,Rani Durgawati statue,1
2230,Rapta Ghat,1
2230,Sahastradhara,1
2231,Atal Bihari Vajpayee Kshetriya Udyan,1
2231,Kamla Nehru Prani Sangrahalaya (Indore Zoo),1
2231,Lake Side Park,1
2231,Nehru park,1
2231,Pipliyapala Regional Park,1
2232,Ajnaal Dam,1
2232,Bhadbhada Dam Bhopal Mp,1
2232,Ghodapachad Dam,1
2232,Kerwa Dam Bhopal,1
2232,Kerwa Dam Lake,1
2233,Baz Bahadur's Palace,1
2233,Hindola Mahal,1
2233,Jahaz Mahal,1
2233,Rani Rupmati Palace,1
2233,Sunset Point Mandu,1
2234,Amargarh Waterfalls,1
2234,Circuit House Ghat View Point,1
2234,Hoshang Shah Fort,1
2234,Narmada Ghat,1
2234,"Pre Historic Rock Shelters Adamgarh Hills, Hoshangabad.",1
2235,"GOURI SOMNATH TEMPLE, Mandhata",1
2235,Gaumukh Ghat,1
2235,Kedareswar Temple,1
2235,Shri Gayatri Shaktipeeth Omkareshwar,1
2235,Shri Mamleshwar Jyotirlinga,1
2236,Basudha Waterfall,1
2236,Bhadbhada Waterfall,1
2236,Nidan Fall,1
2236,Roopnath Mandir,1
2236,Sihora the town of hills,1
2237,Barmaan Narmada Ghat,1
2237,Ma Narmada Mandir Barman.R,1
2237,Ma Narmada parikrama services Barman,1
2237,"Maa Narmda Mandir, (Barman) Kareli",1
2237,"बरमान घाट, पुण्य सलिला रेवा तट",1
2238,"Bharat Mata Statue, Shaurya Smarak, Bhopal",1
2238,Gauhar Mahal,1
2238,Madhya Pradesh Tribal Museum,1
2238,Sadar Manzil Gate,1
2238,Sair Sapata Bhopal,1
2239,0,1
2239,Harisiddhi Mata Mandir,1
2239,Nawabpur mandir,1
2239,Parwaria tala wale baba ka sthan,1
2239,parvariya mandir,1
2240,Bhawartal Garden,1
2240,Clock Tower,1
2240,Defying Gravity,1
2240,Rani Durgavati Museum,1
2240,Rani Durgawati Fort,1
2241,Gau Baccha Ghat Waterfalls 2,1
2241,Gaubaccha Ghat,1
2241,Ghughra Waterfall,1
2241,SIDDH GHAT,1
2241,goubchha ghat Khairi,1
2242,Duglai waterfall,1
2242,Godri Waterfall,1
2242,Kasangi waterfall,1
2242,Kodappa waterfall lanji Balaghat Madhya Pradesh India,1
2242,Mandra waterfall,1
2243,Lalbagh Garden,1
2243,Pipliyapala Regional Park,1
2243,Regional Park Indore,1
2243,Rose Garden Of Indore,1
2243,rock garden,1
2244,Madla gate,1
2244,Panna National Park,1
2244,Panna Tiger Reserve,2
2244,Panna Tiger Safari,1
2245,Birla Museum,1
2245,Gauhar Mahal,1
2245,RMNH- Regional Museum Of Natural History,1
2245,Remember Bhopal Museum,1
2245,Sadar Manzil Gate,1
2246,City Forest,1
2246,Gadpahra fort,1
2246,Gourjhamar,1
2246,Raja Mardansingh Kila Fort,1
2246,Surkhi reservoir,1
2247,Chilhati kattul dhoda waterfall,1
2247,Ghogharikhapa Check Dam,1
2247,Gonapur Waterfalls,1
2247,Lilhai/Dhanora Waterfalls,1
2247,"Shiv Mandir, Ghogra",1
2248,Birla Museum,1
2248,"Introductory Gallery- Manav Sangrahalaya, Bhopal",1
2248,Madhya Pradesh Tribal Museum,1
2248,"Mirdhabaadi @ Manav Sangrahalaya, Bhopal",1
2248,State museum bhopal,1
2249,Govt. museum,1
2249,Gujari Mahal,1
2249,HH Maharaja Sir Jiwajirao Scindia Museum,1
2249,Jahangir Mahal : Gwalior Fort,1
2249,Tomb of Tansen,1
2250,0,1
2250,Bargondi Safari,1
2250,Bori Safari Lodge,1
2250,Satpura National Park,1
2250,Satpura Tiger Reserve,1
2251,Jahangir Mahal,1
2251,Orchha Fort and contact for cycling as well,1
2251,Orchha Sanctuary,1
2251,Raja Mahal,1
2251,Sundar Mahal,1
2252,Paat Baba Mandir,1
2252,Shiv Mandir,1
2252,Shiva temple,1
2252,Swayambu Sidhpeeth Sri Gupteshwar Mahadev Mandir,1
2252,भोले नाथ,1
2253,0,1
2253,Bhojpur line drawings (11th century),1
2253,Gufa Mandir - Bhojpur,1
2253,Jain Temple Bhojpur,1
2253,शिव मंदिर भोजपुर,1
2254,0,1
2254,Bhedaghat Public Spots,1
2254,Gau Baccha Ghat Waterfalls 2,1
2254,Ghughra Waterfall,1
2254,Swarg Dwari,1
2255,0,2
2255,Gauhar Mahal,1
2255,Kayal Marg,1
2255,Putlighar Minar,1
2256,Dai- Ka- Mahal,1
2256,Hindola Mahal,1
2256,Jahaz Mahal,1
2256,Rani Rupmati Palace,1
2256,Roopmati Pavilion,1
2257,Dumna nature park,1
2257,Khandari Lake,1
2257,LOVER POINT,1
2257,Rani Durgavati Museum,1
2257,Sangram Sagar Lake,1
2258,Ajnaal Dam,1
2258,Bhadbhada Dam Bhopal Mp,1
2258,Hathaikheda Dam,1
2258,Kaliyasot Dam View,1
2258,Kerwa Dam Bhopal,1
2259,Badi Masjid مسجد,1
2259,Dhai Seedhi Ki Masjid,1
2259,Jama masjid,1
2259,Moti Masjid,1
2259,Sadar Manzil Gate,1
2260,Apsara Vihar,1
2260,Bee Falls,1
2260,Dutchess Fall,1
2260,Pandava Garden,1
2260,Shri Panch Pandav Caves. Pachmarhi,1
2261,Amarkantak Temple,1
2261,Kapildhara,1
2261,Narmada Temple.,1
2261,Shri Yantra Mandir,1
2261,Sonmuda Amarkantak,1
2262,Ashrafi Mahal Mandav,1
2262,Jama Masjid,1
2262,Mandu,1
2262,Roopmati Pavilion,1
2262,mandu echo point,1
2263,Narmada River Omkareshwar Temple,1
2263,Omkareshwar,2
2263,Omkareshwar Dam,1
2263,"Shree Siddhanath Temple, Mandhata",1
2264,Kamla Park view,1
2264,Lake View Point,1
2264,Lake view bhopal,1
2264,Tekri - Bhopal View Point,1
2264,View point lake,1
2265,Ashrafi Mahal Mandav,1
2265,Darya Khan's Tomb,1
2265,Hindola Mahal,1
2265,Jahaz Mahal,1
2265,Sunset Point Mandu,1
2266,"Bird Aviary, Indore Zoo",1
2266,"Central Museum, Indore",1
2266,Fountain Zoo,1
2266,Indore Zoo Park,1
2266,Zoo Chidiya Ghar Indore,1
2267,0,1
2267,Jal Mandir,1
2267,Mangalgarh Fort,1
2267,Narsingarh fort,1
2267,Rajgarh Fort,1
2268,Bhadbhada Dam Bhopal Mp,1
2268,Kaliyasot Dam View,1
2268,Kerwa Dam,1
2268,Kerwa Dam Lake,1
2268,Picnic Bhopal,1
2269,Entrance - Walk Way to Omkareshwar Jyotirlinga Temple,1
2269,Kashi vishwanath temple omkareshwar,1
2269,Mandir,1
2269,Narmada River Omkareshwar Temple,1
2269,Shri Mamleshwar Jyotirlinga,1
2270,Baghbardiya waterfall,1
2270,Chandiyapar Waterfall,1
2270,Jhurjhuru Waterfall,1
2270,SEONI CHOUPATI,1
2270,chimauwa waterfall,1
2271,0,1
2271,Chandan Katora,1
2271,"Kothi Ghat , Betwa River",1
2271,Orchha Fort and contact for cycling as well,1
2271,Orchha chatries,1
2272,Kho Waterfall Indore,1
2272,Mohadi Falls,1
2272,"Rankundiya Waterfall,Pedmi",1
2272,Tafri Waterfalls,1
2272,Tincha Waterfall,1
2273,Ghoghra waterfall,1
2273,Gogara waterfall,1
2273,Hathinala Waterfall,1
2273,Ton ghat water Fall,1
2273,घोघर नाथ वाटर फाल,1
2274,Bharatgarh Fort,1
2274,Datia Killa,1
2274,Kila Chowk,1
2274,Pattha Pura Datia,1
2274,Veer Singh Palace,1
2275,Club Hill - Pachmarhi Hill - Humpback Hill,1
2275,Pachmarhi Hill,1
2275,Panchmarhi Hill Station,1
2275,RAJENDRA GIRI,1
2275,Shri Panch Pandav Caves. Pachmarhi,1
2276,Ancient Temples Of Kalachuri group,1
2276,Doodh Dhara,1
2276,Narmada Temple.,1
2276,Shri Yantra Mandir,1
2276,नर्मदा कुंड,1
2277,Chaudeshwar Mahadev Temple,1
2277,Chota Mahadev Pachmarhi,1
2277,Chouragarh,1
2277,Jatashankar Temple,1
2277,small mahadev mandir on little mountain,1
2278,Chota Mahadev Pachmarhi,1
2278,Chouragarh,1
2278,Gupt Mahadev Temple,1
2278,Jatashankar Temple,1
2278,small mahadev mandir on little mountain,1
2279,Birla Mandir,1
2279,Birla Museum,1
2279,Madhya Pradesh Tribal Museum,1
2279,Picnic Bhopal,1
2279,Tekri - Bhopal View Point,1
2280,Jungle safari kanha,1
2280,Kanha National Park,1
2280,Madhya Pradesh Tourism,1
2280,Waterfall Kanha National Park,1
2280,kanha Treasure Resort,1
2281,Archaeological Museum,1
2281,Govt. museum,1
2281,Gujari Mahal,1
2281,Jahangir Mahal : Gwalior Fort,1
2281,Jai Vilas Palace,1
2282,Brahma Temple,1
2282,Chitragupta Temple,1
2282,Kandariya Mahadev Temple,1
2282,Khajuraho Temple,1
2282,Vishwanath Temple,1
2283,Gauhar Mahal,1
2283,Kamla Park,1
2283,Rani kamlapati Statue,1
2283,Sadar Manzil Gate,1
2283,Taj Mahal Palace,1
2284,Birla Museum,1
2284,Birla mandir road,1
2284,Gayatri Temple,1
2284,Khatlapura Mandir,1
2284,Moti Masjid,1
2285,"BEESOT WATERFALL, SIRMAUR,",1
2285,Bahuti Waterfall,1
2285,Chachai Waterfall Sirmour,1
2285,Keoti Water Falls (क्योटी),1
2285,Rajavat Waterfall,1
2286,Badal Mahal चंदेरी,1
2286,Chanderi Fort Kirti Durg,1
2286,Kati Ghati,1
2286,Koshak Mahal,1
2286,चंदेरी किला,1
2287,Bamhani Waterfall,1
2287,Basudha Waterfall,1
2287,Bhadbhada Waterfall,1
2287,Chakla Waterfall,1
2287,Nidan Fall,1
2288,Hafsili Waterfall,1
2288,Lakha Banjara Lake,1
2288,Rahatgarh Fort,1
2288,किला बावड़ी,1
2288,लघेराधाम बालाजी मंदिर,1
2289,Bhadaiya Kund,1
2289,Bhoora khon waterfall,1
2289,Dongar Waterfall,1
2289,Pawa waterfall,1
2289,Sultangarh Water Fall,1
2290,LAMP'S CHHINDI PATALKOT,1
2290,"Mini Patalkot, Dhagdiya, Tamia",1
2290,Patalkot Tours Camp,1
2290,Tamia Hills,1
2290,Tribescapes Tamia & Patalkot,1
2291,Balancing Rock,1
2291,Bhawartal Garden,1
2291,Dumna Nature Reserve Park,1
2291,Ghanta Ghar,1
2291,Rani Durgawati Fort,1
2292,Apsara Vihar,1
2292,Bee Falls,1
2292,Pachmarhi Hill Station,1
2292,Pandava Garden,1
2292,Shri Panch Pandav Caves. Pachmarhi,1
2293,Bhadaiya Kund,1
2293,Bhoora Khon Kothi,1
2293,Pawa waterfall,1
2293,Sultangarh Water Fall,1
2293,Tunda Barkha Waterfall,1
2294,Defying Gravity,1
2294,Madan Mahal Fort,1
2294,Rani Durgavati Museum,1
2294,Rani Durgawati Fort,1
2294,Sharda Mandir,1
2295,Dutchess Fall,1
2295,Pachmarhi Hill Station,1
2295,"Priyadarshini Point, Pachmarhi",1
2295,RAJENDRA GIRI,1
2295,Reechgarh Abode Of Bears,1
2296,Badal Mahal चंदेरी,1
2296,Chanderi Fort Kirti Durg,1
2296,Khuni Darwaza,1
2296,Koshak Mahal,1
2296,चंदेरी किला,1
2297,Jaderua Dam,1
2297,Ramaua dam,1
2297,Tighra Dam View Point,1
2297,Tighra Reservoir,1
2297,Tomb of Tansen,1
2298,"Central Museum, Indore",1
2298,Krishna Pura Chhatri,1
2298,Lal Bagh Palace,1
2298,Rajwada Palace,1
2298,Sheesh Mahal,1
2299,Fort kila gadhi,1
2299,Mahanadi Picnic Place Vijayraghagarh,1
2299,Sankat Mochan Mandir vijayraghavgarh,1
2299,"Sharda Devi Temple, Vijayraghavgarh",1
2299,श्री सदगुरू कृपा कुंज,1
2300,Lake View Point,1
2300,Lake view bhopal,1
2300,Manuabhan Tekri ropeway,1
2300,Picnic Bhopal,1
2300,Upper Lake View Point,1
2301,0,1
2301,City Forest,1
2301,Lakha Banjara Park,1
2301,Rahatgarh Waterfalls / Bhalkund Jalprapat,1
2301,लाखा बंजारा झील,1
2302,Chaturbhuj Temple,1
2302,Khajuraho Temple,1
2302,Khajuraho Western Group of Temples,1
2302,Matangeshwar Temple,1
2302,Vishwanath Temple,1
2303,Chaturbhuj Temple,1
2303,Gopachal Rock Cut Jain Statue,1
2303,Siddhanchal Jain Temple Caves,1
2303,Sun Temple Gwalior,1
2303,Tomb of Tansen,1
2304,0,1
2304,Kutni Dam,1
2304,Pandav Caves and Fall,1
2304,Raneh Water Falls,1
2304,Ranguwan Dam,1
2305,0,1
2305,Bhadbhada Waterfall,1
2305,Gau Baccha Ghat Waterfalls 2,1
2305,Khandari lake Water fall,1
2305,Narayanpur Ghat/Falls,1
2306,Aamgaon nadi riverside,1
2306,"Amba Mai, seoni",1
2306,Gadam river (गदम नदी),1
2306,Wainganga River Bridge,1
2306,Wainganga- Hirri Sangam,1
2307,0,2
2307,Ajaypal Temple,1
2307,Kila Mandir,1
2307,Rangmahal,1
2308,Bahuti Waterfall,1
2308,Chachai Waterfall Sirmour,1
2308,Keoti Fort,1
2308,Kyuti fall,1
2308,Purwa Falls,1
2309,Sadar Manzil Gate,1
2309,Sair sapata Bridge,1
2309,Shaurya Smarak Bhopal,1
2309,Tekri - Bhopal View Point,1
2309,View Point,1
2310,0,3
2310,Angad waterfall,1
2310,Sita Talai Waterfall,1
2311,Lake Side Park,1
2311,Lal Bagh Palace,1
2311,Pipliyapala Regional Park,1
2311,Rajwada Palace,1
2311,Sirpur lake,1
2312,Gour Van vihar Bhopal,1
2312,Van Vihar Entrance,1
2312,Van Vihar National Park,1
2312,White Tiger,1
2312,वन विहार भोपाल मध्यप्रदेश भारत,1
2313,Apsara Vihar,1
2313,Bee Falls,1
2313,Reechgarh Abode Of Bears,1
2313,Shri Panch Pandav Caves. Pachmarhi,1
2313,Silver Fall,1
2314,0,1
2314,Apsara Vihar,1
2314,Pachmarhi Hill Station,1
2314,Reechgarh Abode Of Bears,1
2314,Shri Panch Pandav Caves. Pachmarhi,1
2315,MADHAV LAKE,1
2315,Madhav National Park,1
2315,Madhav National Park Middle Point,1
2315,"Madhav National Park,Forest Office",1
2315,"Tourist Reception Center, Madhav National Park",1
2316,Pachmarhi Hill Station,1
2316,RAJENDRA GIRI,1
2316,Shri Panch Pandav Caves. Pachmarhi,1
2316,"Sunset Point, Pachmarhi",1
2316,View point,1
2317,Jahangir Mahal,1
2317,Orchha Fort and contact for cycling as well,1
2317,Orchha chatries,1
2317,"Rai Praveen Mahal, Orchha",1
2317,Shri Ram Raja Mandir,1
2318,Bee Falls,1
2318,Begum Palace,1
2318,Dutchess Fall,1
2318,Pandava Garden,1
2318,Shri Panch Pandav Caves. Pachmarhi,1
2319,Defying Gravity,1
2319,Marble Rocks,1
2319,Rani Durgavati Museum,1
2319,Rani Durgawati Fort,1
2319,Rock place,1
2320,0,2
2320,Mahakal Darshan Ujjain,1
2320,Mahakal corridor ujjain,1
2320,Mahakal temple,1
2321,Jungle Resort Kuno,1
2321,Kuno National Park,1
2321,Kuno river camp,1
2321,कुनो वन्यजीव अभ्यारण,1
2321,कुमेदान साहब का बगीचा,1
2322,Gauhar Mahal,1
2322,Jagadishpur Fort,1
2322,Rani Kamlapati Mahal,1
2322,Sair Sapata Bhopal,1
2322,Taj Mahal Palace,1
2323,Ashrafi Mahal Mandav,1
2323,Dai- Ka- Mahal,1
2323,Hoshang Shah’s Tomb,1
2323,Jahaz Mahal,1
2323,Jal Mahal,1
2324,Ashrafi Mahal Mandav,1
2324,Dai- Ka- Mahal,1
2324,Hindola Mahal,1
2324,Hoshang Shah’s Tomb,1
2324,Jal Mahal,1
2325,Gujari Mahal,1
2325,HH Maharaja Sir Jiwajirao Scindia Museum,1
2325,Jahangir Mahal : Gwalior Fort,1
2325,Tomb of Mohammad Ghaus,1
2325,Vikram Mahal,1
2326,Apsara Vihar,1
2326,Bee Falls,1
2326,Pachmarhi Hill Station,1
2326,Pandava Garden,1
2326,"Sunset Point, Pachmarhi",1
2327,Birla Museum,1
2327,Indira Gandhi Rashtriya Manav Sangrahalaya,1
2327,"Mirdhabaadi @ Manav Sangrahalaya, Bhopal",1
2327,RMNH- Regional Museum Of Natural History,1
2327,State museum bhopal,1
2328,Bharat Bhawan,1
2328,Birla Mandir,1
2328,Indira Gandhi Rashtriya Manav Sangrahalaya,1
2328,Madhya Pradesh Tribal Museum,1
2328,RMNH- Regional Museum Of Natural History,1
2329,Badore Water Falls,1
2329,Pandav Caves and Fall,1
2329,Raneh Falls,1
2329,Raneh Water Fall View Point,1
2329,Raneh water fall,1
2330,Chaitygiri Temple,1
2330,Sanchi Archaeological Museum,1
2330,Sanchi Stupa,1
2330,Stupa 1,1
2330,Stupa 3,1
2331,Baijataal,1
2331,Gujari Mahal,1
2331,Jahangir Mahal : Gwalior Fort,1
2331,Urvai gate gwalior fort,1
2331,Vikram Mahal,1
2332,DB waterfall,1
2332,Gudia waterfall,1
2332,Kho Waterfall Indore,1
2332,Tafri Waterfalls,1
2332,Tincha Waterfall,1
2333,Balancing Rock,1
2333,Blue Marble Rocks,1
2333,Marble Valley tracks,1
2333,Narmada Marble Valley,1
2333,"View Point, Marble Valley",1
2334,Orchha Fort and contact for cycling as well,1
2334,Orchha Sanctuary,1
2334,Orchha chatries,1
2334,"Rai Praveen Mahal, Orchha",1
2334,Raja Mahal,1
2335,0,1
2335,"Ruin Temple, Udaygiri - Vidisha",1
2335,Udayagiri Caves Top,1
2335,Udaygiri Cave,1
2335,Udaygiri Dam,1
2336,Ken river panna national park,1
2336,Panna Tiger Reserve,2
2336,Panna Tiger Reserve Entry Gate,1
2336,"Talgaon Gateway, Panna National Park",1
2337,Jahangir Mahal,1
2337,Orchha Sanctuary,1
2337,Orchha chatries,1
2337,Raja Mahal,1
2337,Shri Ram Raja Mandir,1
2338,Apsara Vihar,1
2338,Dutchess Fall,1
2338,Reechgarh Abode Of Bears,1
2338,Shri Panch Pandav Caves. Pachmarhi,1
2338,Silver Fall,1
2339,Kanha Museum,1
2339,Kanha National Park,1
2339,Kanha National park safari booking,1
2339,Kanha kisli Safari,1
2339,Madhya Pradesh Tourism,1
2340,Satpura Camp,1
2340,Satpura National Park - MP Tourism,1
2340,Satpura Tiger Reserve,1
2340,Satpura Tiger Reserve - Panarpani Entry Gate,1
2340,Satpura tiger reserve (madhai entry gate),1
2341,0,1
2341,Bhadbhada sihora,1
2341,Nersingh Temple,1
2341,Rupnath Asoka Inscription,1
2341,Shiv Temple,1
2342,Jamtara Gate Pench Naitional Park,1
2342,"Karmajhiri Gateway, Pench National Park",1
2342,"Khawasa Gateway, Pench National Park",1
2342,Pench National Park,1
2342,"Teliya Gateway, Pench National Park",1
2343,Ahmedabad Palace,1
2343,Rani Kamlapati Mahal,1
2343,Sadar Manzil Gate,1
2343,Shaurya Smarak Bhopal,1
2343,Taj Mahal Palace,1
2344,Dai Halima Vav ( Stepwell ),1
2344,Lalbhai Dalpatbhai Museum,1
2344,Sardar Vallabhai Patel National Memorial,1
2344,"Sardar Vallabhbhai Patel Smarak Bhavan, Bhadra",1
2344,The Calico Museum of Textiles,1
2345,Dai Halima Vav ( Stepwell ),1
2345,"Jhulta Minar, Bibiji Masjid",1
2345,Rani no Hajiro,1
2345,Sidi Bashir Masjid_ The Shaking Minarets,1
2345,Teen Darwaza,1
2346,Baroda Museum & Picture Gallery,1
2346,Laxmi Vilas Palace,1
2346,Mandvi Gate,1
2346,Sayaji Baug Health Museum,1
2346,Sevasi Vav (Stepwell),1
2347,C1 Point,1
2347,Don Valley View Point,1
2347,"Don Waterfall, Dang",1
2347,Navi bike,1
2347,"Range forest office, Galkund",1
2348,Botanical Garden Canteen,1
2348,Gira Waterfalls,1
2348,Kulhad - the garden cafe,1
2348,Lake Garden - saputara,1
2348,Mahatma Gandhi Udhyan,1
2349,Gir National Park,1
2349,Hiren River small Dam Tourist attraction,1
2349,Sasan,1
2349,Trip r,1
2349,પીઠળ ધામ હીરણવેલ,1
2350,0,1
2350,Bhadkeshwar Mahadev Temple,1
2350,Geeta Mandir,1
2350,Shree Dwarkadhish Temple,1
2350,"Sri Sri Rukminidevi Dwarkadhish Dham, ISKCON Temple",1
2351,Dinosaur Fossil Park - Raiyoli,1
2351,Model of Rajasaurus,1
2351,Raiyoli Dinosour Fosil Park Balasinor Mahisagar District Gujarat India,1
2351,Shudarshan Lake view,1
2351,Todiya Rocks,1
2352,Adventure Park,1
2352,Adventure World Amusement Park,1
2352,Amrapali Funland,1
2352,Butterfly Park,1
2352,Kankaria Theme Park,1
2353,Buddhist Caves Prabhas Patan,1
2353,Gita Mandir,1
2353,Laxmi Narayan Mandir,1
2353,Shree Somnath Jyotirling Temple,1
2353,Shree Somnath Museum,1
2354,Bhalka Tirth Temple,1
2354,Bhidbhanjan Mahadev Temple,1
2354,Laxmi Narayan Mandir,1
2354,MADHAVDAS KIMATMAL,1
2354,Surya Mandir,1
2355,Gandhi Baug,1
2355,Jawaharlal Nehru Garden,1
2355,Lake View Garden,1
2355,Pal Lake Garden,1
2355,Sneh Rashmi Botanical Garden - Managed by Rajhans,1
2356,0,1
2356,Astronomy & Space Science Gallery,1
2356,Auditorium @ Science City,1
2356,Science City Gate No 2,1
2356,Vikram Sarabhai Space Exhibition Center,1
2357,"BAPS Shri Swaminarayan Mandir, Jamnagar",1
2357,Bala Hanuman Temple,1
2357,Darbar Gadh,1
2357,Lakhota Palace and Museum,1
2357,Swaminarayan Temple,1
2358,Balvatika & N. H. Museum,1
2358,Dai Halima Vav ( Stepwell ),1
2358,Sardar Vallabhbhai Patel National Memorial,1
2358,The Calico Museum of Textiles,1
2358,Vintage Funworld,1
2359,Blue Lagoon The Water Park,1
2359,Boating-Tirupati Adventure Park,1
2359,Tirupati Natural Park,1
2359,Tirupati Rushivan Parking,1
2359,Tirupati rushivan taj Mahal,1
2360,Analgadh Temple of Kalaka Mataji,1
2360,Gadhka fort (ગઢ),1
2360,Naulakha Palace,1
2360,Rotary International Dolls Museum,1
2360,Villa Analgadh (Going Places-India),1
2361,0,1
2361,Geeta Mandir,1
2361,Rukmini Devi Mandir,1
2361,Shree Dwarkadhish Temple,1
2361,Swaminarayan Mandir dwarka,1
2362,Bharat Temple,1
2362,Bhutnath Mahadev Mandir,1
2362,Mahatma Gandhi's Birth Place (Kirti Mandir),1
2362,Shree Hari Temple,1
2362,Shri Jawaharlal Nehru Planetarium ( Tara Mandir ),1
2363,Bharatiya Sanskruti Darshan Museum,1
2363,Chhatardi Bhuj,1
2363,Ram Kund,1
2363,Sharad Baug Palace,1
2363,Smritivan Earthquake Memorial and Museum,1
2364,Dandi Kutir Garden,1
2364,Deer Park,1
2364,Dinosaur And Fossil Park Gandhinagar,1
2364,Mahatma Mandir Convention and Exhibition Centre Managed by the Leela,1
2364,Sant Sarovar Dam,1
2365,Barda Waterfall,1
2365,"Don Waterfall, Dang",1
2365,Nilsakiya waterfall,1
2365,Pandav Cave Dang,1
2365,Shivghat Waterfall,1
2366,Bar vanjar Waterfall,1
2366,Boridra Waterfall,1
2366,Kesharva Waterfall,1
2366,Ninai Waterfalls,1
2366,Zarwani Eco Campsite,1
2367,Dutch Garden,1
2367,Sachin Fort,1
2367,Silent Zone,1
2367,Snow Park Surat,1
2367,Surat Clock Tower,1
2368,Forest juna Pani,1
2368,Purna River Bank,1
2368,THE DANG NATURE,1
2368,Vansda National Park,1
2368,photography,1
2369,Mahadev Beach,1
2369,Mandvi Beach and Windfarm,1
2369,Royal white house palace Farm,1
2369,Vijay Vilas Heritage Resort,1
2369,વિજય વિલાસ હેરીટેઝ રેસ્ટોરેન્ટ,1
2370,Conflictorium,1
2370,Kasturbhai Lalbhai Museum,1
2370,Lalbhai Dalpatbhai Museum,1
2370,Sardar Vallabhbhai Patel National Memorial,1
2370,Science City Ahmedabad,1
2371,Jamjir Reservoir,1
2371,Jamjir Retreat Farm House,1
2371,Jamvala gir,1
2371,Varahi Mata Temple,1
2371,Waterfall,1
2372,Ahmedabad Ni Gufa,1
2372,Kasturbhai Lalbhai Museum,1
2372,Law Garden,1
2372,Sardar Vallabhbhai Patel National Memorial,1
2372,The Calico Museum of Textiles,1
2373,Bala Hanuman Temple,1
2373,Bhujiyo kotho,1
2373,Darbar Gadh,1
2373,Lakhota Fort,1
2373,Lakhota Lake,1
2374,Aranya Udhyan,1
2374,Botanical Garden,1
2374,Dinosaur And Fossil Park Gandhinagar,1
2374,Indroda park,1
2374,Sant Sarovar Dam,1
2375,Ratanmahal Rinch Abhyaran,1
2375,Ratanmahal Sloth Bear Sanctuary,1
2375,Ratanmahal Sloth Bear Sanctuary Check Post,1
2375,Ratanmahal forest dhanpur,1
2375,રુહેટ વ્યુ પોઇન્ટ,1
2376,Boridra Waterfall,1
2376,Juna Ghanta Waterfall,1
2376,Kesharva Waterfall,1
2376,Panjari Ghat Waterfall,1
2376,Zarwani Waterfall,1
2377,Aranya Udhyan,1
2377,Deer Park,1
2377,Dinosaur And Fossil Park Gandhinagar,1
2377,Gandhinagar Riverfront,1
2377,Sarita Udhyan,1
2378,Dormitory,1
2378,Gigantic Satsang Hall,1
2378,Shree Balaji Temple,1
2378,Trimandir Adalaj,1
2378,Trimandir Bhojanshala,1
2379,0,2
2379,Bhadkeshwar Mahadev Temple,1
2379,Rukmini Devi Mandir,1
2379,"Shri Krishna Mandir, Tulamandir ,Gomti Ghat, Dwarka.",1
2380,Bhigu waterfall,1
2380,Chimer waterfall,1
2380,"Don Waterfall, Dang",1
2380,Gira Waterfalls,1
2380,Mahal Waterfall,1
2381,Lal Darwaja Garden,1
2381,Law Garden (Street Road Market),1
2381,Lokmanya Tilak Garden Victoria Garden,1
2381,Parimal Garden,1
2381,Riverfront Flower Park,1
2382,Aranya Udhyan,1
2382,Botanical Garden,1
2382,Deer Park,1
2382,Indroda park,1
2382,Sarita Udhyan,1
2383,Dhanpuri - Eco Tourism (Jambughoda Wildlife Sanctuary),1
2383,Jambughoda Fort,1
2383,Jambughoda Wildlife Sanctuary And Eco Tourism,1
2383,Panther Jungle Safari,1
2383,Zand Hanuman Temple,1
2384,Dandi Bridge,1
2384,Gandhi Ashram Museum,1
2384,Sabarmati Riverfront,1
2384,Sant Shri Asharamji Ashram,1
2384,Sardar Vallabhbhai Patel National Memorial,1
2385,"Don Waterfall, Dang",1
2385,Garud Gufa Waterfall,1
2385,Gira Mini Waterfalls,1
2385,Girmal Waterfall,1
2385,Waterfall ghogli,1
2386,Galteshwar Mahadev Temple,1
2386,Galteshwar Nadi swimming,1
2386,"Mahisagar River, Lalpura",1
2386,Mahisagar Temple,1
2386,Mahisagar Van Vehrakhadi,1
2387,Ratanmahal Rinch Abhyaran,1
2387,Ratanmahal Sloth Bear Sanctuary Check Post,1
2387,Ratanmahal forest dhanpur,1
2387,Ratanmahal waterfall,1
2387,ઘડિયા વડિયા નું ઝરણું,1
2388,0,2
2388,Kutch Museum,1
2388,Prag Mahal,1
2388,Sharad Baug Palace,1
2389,Bird Park Sayaji Garden,1
2389,Crocodile Pond-2 Sayaji Zoo,1
2389,Gate 3 Sayaji Garden,1
2389,Kamati Baug,1
2389,Sayaji Baug,1
2390,EME Temple,1
2390,Kirti Stambh,1
2390,Nandalay Temple,1
2390,Surya Narayan Temple,1
2390,Tapovan Temple Vadodara,1
2391,Dai Halima Vav ( Stepwell ),1
2391,Delhi Darwaja,1
2391,Jhulta Minara Sidi Bashir Mosque,1
2391,Rani no Hajiro,1
2391,Sabarmati Riverfront,1
2392,0,1
2392,Deshawar Resort - Zanzari Waterfall,1
2392,Zanzari Waterfall Resort,1
2392,Zanzari waterfall dabha,1
2392,"Zanzari,dabha,,bayad",1
2393,LVP Banquets & Conventions,1
2393,Laxmi Vilas Palace Trails,1
2393,NatureTrails@LaxmiVilas,1
2393,Navlakhi Stepwell,1
2393,Palace Stepwell,1
2394,Amrutvarshini Vav (Stepwell) Paanchkuva,1
2394,Jhulta Minara Sidi Bashir Mosque,1
2394,Karnavati Kala Kendra,1
2394,Teen Darwaza,1
2394,The Adalaj Stepwell Gandhinagar,1
2395,Luku Corall Fish Site,1
2395,Marine forest Office,1
2395,Narara Marine Life sanctuary,1
2395,Positra Marine Sanctuary,1
2395,ZIMIT Holidays & Marine Campsite,1
2396,EKTA cruise,1
2396,Statue Of Unity Cycle Tour,1
2396,Statue of Unity Campus,1
2396,Wall of Unity,1
2396,सरदार वल्लभभाई पटेल स्मारक,1
2397,0,1
2397,Ambapur Ni Vav Gandhinagar,1
2397,Dai Halima Vav ( Stepwell ),1
2397,Sardar Vallabhbhai Patel National Memorial,1
2397,Teen Darwaza,1
2398,Gir Forest Check Post,1
2398,Gir Safari Booking,1
2398,"Gir Wildlife Sanctuary, Timbarva",1
2398,Paniya Wildlife Sanctuary,1
2398,"gir wildlife santury jasadhar, dhari",1
2399,Champaner World Heritage Site,1
2399,Champaner main gate,1
2399,"Jama Masjid, Champaner",1
2399,Octagonal Stepwell,1
2399,PAVAGADH,1
2400,Fun World,1
2400,Ishwariya Park,1
2400,Jubilee Garden,1
2400,Nehru Udhyan,1
2400,Rotary International Dolls Museum,1
2401,0,1
2401,Baba Pyare Caves,1
2401,Junagadh Buddhist Cave,1
2401,Khapara Kodiya Caves,1
2401,Lathiya Farm (Bhupatbhai Damjibhai Lathiya),1
2402,Canal End Waterfall,1
2402,Hathni Mata Temple,1
2402,Khuniya Mahadev Waterfall,1
2402,Naazar Mata,1
2402,"WaterFall,Narmada Sub Canal,Near Halol",1
2403,Atal Foot Over Bridge,1
2403,Riverfront,1
2403,Riverfront Ahmedabad,1
2403,Riverfront Flower Park,1
2403,Sabarmati Riverfront Gandhi Bridge View Point,1
2404,Butterfly Park,1
2404,Gandhi Museum,1
2404,Government Museum and Art Gallery,1
2404,Le Corbusier Centre,1
2404,"Rag Doll museum, Rock garden",1
2405,Butterfly Park,1
2405,Garden of Silence,1
2405,LEISURE VALLEY PARK CHANDIGARH PARKING,1
2405,Lovers Point,1
2405,Terraced Garden,1
2406,Butterfly Park,1
2406,Hibiscus Garden,1
2406,Nek Chand’s Rock Garden of Chandigarh,1
2406,Shanti Kunj Park,1
2406,Terraced Garden,1
2407,Fountain Park,1
2407,Park-Block B,1
2407,Public Park-Sector 34C,1
2407,Topiary Park,1
2407,Water Sculpture Park,1
2408,City Park,1
2408,"Leisure Valley, Phase 9",1
2408,Public Park 1,1
2408,Silvi Park,1
2408,Valley Garden,1
2409,Kk park,1
2409,Park,1
2409,Park Sector 18C,1
2409,Park Sector-18B,1
2409,"Park, Chandigarh",1
2410,Gurdwara Sahib,1
2410,Gurudwara,1
2410,Gurudwara Sri Koohni Sahib,1
2410,ਗੁਰੁੂ ਨਾਨਕ ਸਾਹਿਬ ਦਾ ਲੰਗਰ,1
2410,"ਗੁਰੂਦੁਆਰਾ ਨਾਢਾ ਸਾਹਿਬ, ਮੋਰਨੀ ਹਿੱਲ",1
2411,Kian Singh Park,1
2411,Park 33C,1
2411,Sector 33 Park 26,1
2411,Sector 33-D Park,1
2411,Sector 33A Park,1
2412,Floral Sculpture Garden,1
2412,Flower Park,1
2412,Palm Garden,1
2412,Sarojini Garden,1
2412,University Rose Garden,1
2413,Capitol Complex Tourist Center,1
2413,Government Museum and Art Gallery,1
2413,Leisure Valley,1
2413,Nek Chand’s Rock Garden of Chandigarh,1
2413,Open Hand Monument,1
2414,Japanese Garden,1
2414,Japanese Garden Parking Area 2,1
2414,Japanese garden,1
2414,Japanese garden part 2,1
2414,Pagoda Tower,1
2415,IT park ground,1
2415,Kk park,1
2415,Memorial for Martyr Army,1
2415,Park,1
2415,Sector 21 Park,1
2416,0,2
2416,Park - Sector 47D,1
2416,Play Zone Park,1
2416,Public Park,1
2417,Park,1
2417,Park - 26,1
2417,Park - Sector 26,1
2417,Park Sector 26,1
2417,Public Park 4,1
2418,Bougainvillea Park,1
2418,Dahlia Garden,1
2418,Floral Sculpture Garden,1
2418,Park - 26,1
2418,Park 28,1
2419,Baba Banda Singh Bahadur Statue,1
2419,LV Park,1
2419,VR Punjab,1
2419,Valley,1
2419,housing welfare association park,1
2420,Chandigarh Bird Park,2
2420,Park - Sector 1,1
2420,"Park, Chandigarh",1
2420,Rock Garden,1
2421,"Sector 20 A,Green Park",1
2421,Sector 20-C Park,1
2421,Sector 20A - Park,1
2421,Sector 20B - Park,1
2421,Sector 20C - Park,1
2422,CHANDIGARH HOUSE,1
2422,Capitol Complex Tourist Center,1
2422,Chandigarh City,1
2422,City Forest,1
2422,Sector 32 Chandigarh A,1
2423,Leisure Valley,1
2423,M C Park,1
2423,Park 10A,1
2423,"Park, Chandigarh",1
2423,Public Park-Sector 10D,1
2424,Chandigarh Foundation Stone,1
2424,Chandigarh Pride Monument,1
2424,Fateh Virk’s,1
2424,National flag place राष्ट्रीय ध्वज स्थल,1
2424,स्वर्ग,1
2425,Chandigarh Bird Park,2
2425,Nek Chand’s Rock Garden of Chandigarh,1
2425,Rock Garden Parking,1
2425,Samriti Upvan,1
2426,0,2
2426,Department of Tourism,1
2426,Haryana Tourism Department,1
2426,Punjab Tourism,1
2427,Fountain Park,1
2427,Musical Park,1
2427,Nirjhar Vatika,1
2427,Topiary Park,1
2427,Town Park,1
2428,Bougainvillea Park,1
2428,Chandigarh Botanical Garden,1
2428,Garden Fountain,1
2428,Grass Maze In Garden,1
2428,Shivalik Garden,1
2429,Park 13,1
2429,Park 14,1
2429,Park 15,1
2429,Park 8,1
2429,Ram Leela Park,1
2430,Le Corbusier Centre,1
2430,"Nature Interpretation Centre, Sukhna Lake",1
2430,Sukhna,1
2430,Sukhna Lake Chandigarh,1
2430,Sukhna lake,1
2431,0,1
2431,Dhanas Lake,1
2431,Dhanas Rehabilitation Colony Park - 1,1
2431,Gautam Buddha Neighborhood Park,1
2431,Valley Park,1
2432,Foundation Stone,1
2432,Indian Air Force Heritage Museum Chandigarh,1
2432,Open Hand Monument,1
2432,Pillar of Unity and Strength,1
2432,Sindhu Bhawan,1
2433,0,1
2433,Joggers Park,1
2433,Park 1,1
2433,Park 7,1
2433,Public Park - Sector 21 D,1
2434,Community park,1
2434,Moon Park,1
2434,Park 2,1
2434,Park New,1
2434,Public Park,1
2435,Cycas Palm Garden,1
2435,Dahlia Garden,1
2435,Garden Of Conifers,1
2435,Gardens Of Shrubs - Community Garden,1
2435,Topiary Park,1
2436,Chandigarh Full Map,1
2436,Forest area chandigarh,1
2436,Forested Area,1
2436,IT park ground,1
2436,"Park, Chandigarh",1
2437,City Forest,1
2437,Lake Reserve Forest Natural Trail,1
2437,Lake Reserved Forest,1
2437,Nepli forest,1
2437,Travel & Click,1
2438,Butterfly Park,1
2438,Chandigarh Bird Park,1
2438,Peacock Park,1
2438,Sector 44D Park,1
2438,Topiary Park,1
2439,Park 7,1
2439,Park-7,1
2439,Public Park 3,1
2439,Rose Garden,1
2439,Sahil,1
2440,Matka Park,1
2440,Moonlight Park,1
2440,Nehru Park,1
2440,Sector 22C - Public Park,1
2440,dolphin park,1
2441,City Forest,1
2441,Kansal Forest Rest House,1
2441,Lake Reserve Forest Natural Trail,1
2441,Lake Reserved Forest,1
2441,Lake View Park,1
2442,Floral Sculpture Garden,1
2442,Flower Park,1
2442,Mini Rose Garden,1
2442,Rose Garden,1
2442,Rose Garden Entrance Gate,1
2443,Chandigarh Botanical Garden,1
2443,Dahlia Garden,1
2443,Garden of Fragrance,1
2443,Shanti Kunj Park,1
2443,Terraced Garden,1
2444,Nehru Park,1
2444,"Park, Chandigarh",1
2444,Sector 17A Park,1
2444,Shanti Kunj Park,1
2444,"Urban Park, Sector 17",1
2445,0,5
2446,Cycas Palm Garden,1
2446,Lake Reserve Forest Natural Trail,1
2446,Raipur Kalan Garden,1
2446,Society Park,1
2446,Sukhna Bird watching area,1
2447,Butterfly Park,1
2447,Chandigarh Bird Park,1
2447,Children Traffic Park,1
2447,Shanti Kunj Park,1
2447,Topiary Park,1
2448,City Bird Sanctuary,1
2448,City Forest,1
2448,Jungle Trail,1
2448,Lake Reserve Forest Natural Trail,1
2448,Sukhna Wildlife Sanctuary,1
2449,Chandigarh Bird Park,1
2449,City Bird Sanctuary,1
2449,Nagar Van - Bird Park - Aviary,1
2449,Nek Chand’s Rock Garden of Chandigarh,1
2449,Topiary Park,1
2450,0,1
2450,Fun City,1
2450,Funcity Water Park,1
2450,New Lake,1
2450,SkyJumper Trampoline Park - Chandigarh,1
2451,Chandigarh Bird Park,1
2451,Community park,1
2451,Moon Park,1
2451,Park,1
2451,Shanti Kunj Park,1
2452,Gurdwara Angitha Sahib Lambian ਗੁਰਦੁਆਰਾ ਅੰਗੀਠਾ ਸਾਹਿਬ,1
2452,Gurdwara Shri Guru Teg Bahadur Sahib,1
2452,Gurudwara Sahib,1
2452,Gurudwara Singh Sabha,1
2452,Gurudwara Singh Shaheedan Sohana Mohali,1
2453,Chandigarh Bird Park,1
2453,Nek Chand’s Rock Garden of Chandigarh,1
2453,Public park,1
2453,Rock Garden Parking,1
2453,Samriti Upvan,1
2454,0,1
2454,City Park,1
2454,Leisure Valley Park Mohali,1
2454,Rose Garden,1
2454,Sector 64 Park,1
2455,Dr Diwan Singh Kalepani Museum,1
2455,Fine Arts Museum,1
2455,International Dolls Museum,1
2455,Pierre Jeanneret Museum,1
2455,Sikh Museum Mohali,1
2456,Cactus Garden,1
2456,Prachin Shiv Mandir,1
2456,"Prachin Shiv Temple, 9 Panchkula",1
2456,Shri Kishan Mandir,1
2456,"Shri Ram Temple, Sukteri",1
2457,0,1
2457,Baidwan House,1
2457,Chappar Chiri War Memorial historic place,1
2457,"Fateh Burj (Baba Banda Singh Bahadur War Memorial, Chappar Chiri)",1
2457,Fateh Burj Baba Banda singh Bahadar (SAS Nagar Mohali),1
2458,Chandigarh War Memorial,1
2458,Martyr's Memorial,1
2458,Park 4,1
2458,Sector 33-D Park,1
2458,Tank Monument,1
2459,0,1
2459,Baba Banda Singh Bahadur Statue,1
2459,Chappar Chiri War Memorial historic place,1
2459,Fateh Burj Baba Banda singh Bahadar (SAS Nagar Mohali),1
2459,Gurudwara Sri Amb Sahib,1
2460,33 A Corner Park,1
2460,Park,1
2460,Park - Sector 33D,1
2460,Sector 33-C Community Park,1
2460,Sector 33C - Community Park,1
2461,Buddhist Association Chandigarh,1
2461,Buddhist Vihar Chandigarh (BVC),1
2461,Garden of Silence,1
2461,Shri Santoshi Mata Mandir,1
2461,Tathagat Samyak Buddha,1
2462,0,1
2462,Butterfly Park,1
2462,Laser Show Fountain,1
2462,Musical Fountain,1
2462,Shanti Kunj Park,1
2463,0,1
2463,City Forest,1
2463,Lake Reserved Forest,1
2463,Nepli forest,1
2463,Patiala Ki Rao Reserved Forest,1
2464,Park - Sector 38,1
2464,Public Park,1
2464,Public Park 1,1
2464,Sector Park,1
2464,Square Park,1
2465,Chandigarh Botanical Garden,1
2465,Garden Sector9,1
2465,Garden of Silence,1
2465,"Meditation Garden, Town Park",1
2465,Nirjhar Vatika,1
2466,Funcity Water Park,1
2466,Kids Adventures Plaza,1
2466,Play zone,1
2466,SMAAASH CHANDIGARH,1
2466,SkyJumper Trampoline Park - Chandigarh,1
2467,Chandigarh Bird Park,2
2467,Children Traffic Park,1
2467,"Park, Chandigarh",1
2467,"Water Park, Rock Garden",1
2468,Chandigarh Bird Park,1
2468,Children Traffic Park,1
2468,City Bird Sanctuary,1
2468,Shanti Kunj Park,1
2468,Valley of Animal Park,1
2469,0,1
2469,Chandigarh Bird Park,1
2469,Nek Chand’s Rock Garden of Chandigarh,1
2469,Rock Garden Parking,1
2469,Samriti Upvan,1
2470,"Karthik Mandir, Chandigarh",1
2470,Shri Kali Mata Mandir,1
2470,Shri Karthikeya Swamy Temple,1
2470,Shri Laxmi Narayan Mandir,1
2470,Sri Jagannath Mandir,1
2471,Chandigarh Bird Park,1
2471,Chandigarh City,1
2471,Chandigarh Full Map,1
2471,City Forest,1
2471,Cuber circle,1
2472,City Bird Sanctuary,1
2472,Joggers Park,1
2472,Public Park Sector39,1
2472,Shanti Kunj Park,1
2472,Topiary Park,1
2473,Chandigarh Bird Park,2
2473,Chandigarh Botanical Garden,1
2473,Nek Chand’s Rock Garden of Chandigarh,1
2473,Samriti Upvan,1
2474,Bougainvillea Park,1
2474,Garden of Silence,1
2474,Hibiscus Garden,1
2474,Nek Chand’s Rock Garden of Chandigarh,1
2474,Topiary Park,1
2475,Moonlight Park,1
2475,Park 9,1
2475,"Park, Chandigarh",1
2475,Sector 22D Park,1
2475,Topiary Park,1
2476,Children's park,1
2476,City Bird Sanctuary,1
2476,Park - Sector 6,1
2476,Sector 21 Park,1
2476,Sector 22B - Mini Park 2,1
2477,Garden of Silence,1
2477,Picnic spot,1
2477,Sukhna Gallery,1
2477,Sukhna Lake Chandigarh,1
2477,Sukhna lake Chandigarh sec. 1,1
2478,Chandigarh Bird Park,1
2478,Chandigarh Botanical Garden,1
2478,City Bird Sanctuary,1
2478,Lake Reserve Forest Natural Trail,1
2478,Lake Reserved Forest,1
2479,Butterfly Park,1
2479,Chandigarh Bird Park,1
2479,Chandigarh Botanical Garden,1
2479,Jungle Trail,1
2479,Shanti Kunj Park,1
2480,Chaatbir zoo,1
2480,Chattbir Zoo park,1
2480,Chhatbir Zoo Aquatic Santuary,1
2480,Elephant yard,1
2480,Royal Bengal Tiger Area,1
2481,Garden of Silence,1
2481,Jal Mahal,1
2481,Nek Chand’s Rock Garden of Chandigarh,1
2481,Rang Mahal,1
2481,Tau Chodhary Devilal Park,1
2482,Chandigarh Botanical Garden,1
2482,Garden Of Springs,1
2482,Hibiscus Garden,1
2482,Shanti Kunj Park,1
2482,Terraced Garden,1
2483,Kaali Mata Mandir,1
2483,Kali Mata Temple,1
2483,Shri Ayyappa Temple,1
2483,Shri Kali Mata Mandir,1
2483,Shri Laxmi Narayan Mandir,1
2484,Art and Gallery Museum,1
2484,Government Museum and Art Gallery,1
2484,High Court Museum,1
2484,Le Corbusier Centre,1
2484,Natural History Museum,1
2485,Dhanas Lake,1
2485,Garden of Silence,1
2485,Sukhna,1
2485,Sukhna Lake Shopping Area,1
2485,Sukhna lake Chandigarh sec. 1,1
2486,Garden of Silence,1
2486,Le Corbusier Centre,1
2486,Leisure Valley,1
2486,Lovers Point,1
2486,The Tower of Shadows,1
2487,Catholic bishop house,1
2487,Christ Church of North India Diocese of Chandigarh,1
2487,Christ The King Cathedral Church,1
2487,CityLight Church Chandigarh,1
2487,Navjeevan Church,1
2488,Bougain Villea Garden,1
2488,Butterfly Park,1
2488,Mango Garden,1
2488,Mini Rose Garden,1
2488,Zakir Hussain Rose Garden,1
2489,0,2
2489,Incredible India,1
2489,Moonlight Park,1
2489,Travel AnyWhere,1
2490,Chandigarh Architecture Museum,1
2490,Gandhi Museum,1
2490,Government Museum and Art Gallery,1
2490,Natural History Museum,1
2490,Nek Chand’s Rock Garden of Chandigarh,1
2491,Eiffel Tower Replica,1
2491,Geometric Hill,1
2491,Le Corbusier Centre,1
2491,Open Hand Monument,1
2491,Palace of Assembly,1
2492,Japanese Garden Part 1,1
2492,Japanese garden,1
2492,Japanese garden part 2,1
2492,Shanti Kunj Park,1
2492,Terraced Garden,1
2493,Government Museum and Art Gallery,1
2493,Heritage Garden,1
2493,High Court Museum,1
2493,International Dolls Museum,1
2493,Nek Chand’s Rock Garden of Chandigarh,1
2494,0,1
2494,Bougainvillea Park,1
2494,Indian Army War Memorial,1
2494,Memorial for Martyr Army,1
2494,Police,1
2495,0,1
2495,Fish Fountain,1
2495,Garden of Silence,1
2495,Laser Show Fountain,1
2495,Shanti Kunj Park,1
2496,Chandigarh Botanical Garden,1
2496,Hibiscus Garden,1
2496,Lovers Point,1
2496,Samriti Upvan,1
2496,Shanti Kunj Park,1
2497,0,1
2497,Garden of Silence,1
2497,Nek Chand’s Rock Garden of Chandigarh,1
2497,Tank Monument,1
2497,Underground Subway,1
2498,Capitol Complex Tourist Center,1
2498,Le Corbusier Centre,1
2498,Nek Chand’s Rock Garden of Chandigarh,1
2498,Tank Monument,1
2498,The Tower of Shadows,1
2499,Chandigarh Bird Park,1
2499,Chandigarh Botanical Garden,1
2499,Garden of Silence,1
2499,Nek Chand’s Rock Garden of Chandigarh,1
2499,Terraced Garden,1
2500,Chandigarh Botanical Garden,1
2500,Garden of Fragrance,1
2500,Garden of Silence,1
2500,Hibiscus Garden,1
2500,Shanti Kunj Park,1
2501,Chandigarh Bird Park,1
2501,City Bird Sanctuary,1
2501,Lake Reserved Forest,1
2501,Sukhna Bird watching area,1
2501,Sukhna Wildlife Sanctuary Kansal Gate,1
2502,Butterfly Park,1
2502,Chandigarh Bird Park,1
2502,"Park, Chandigarh",1
2502,Shanti Kunj Park,1
2502,Topiary Park,1
2503,"ISKCON Temple, Panchkula",1
2503,Shri Krishan Mandir,1
2503,Shri Radha Krishna Mandir,1
2503,"Shri Radha Krishna Temple, 18C Chandigarh",1
2503,Vishal Shri Gita Bhavan Shri Krishna Mandir,1
2504,0,1
2504,Le Corbusier Centre,1
2504,Palace of Assembly,1
2504,Tank Monument,1
2504,The Tower of Shadows,1
2505,Chandigarh Bird Park,1
2505,City Bird Sanctuary,1
2505,Nek Chand’s Rock Garden of Chandigarh,1
2505,Sukhna Bird watching area,1
2505,Topiary Park,1
2506,Butterfly Park,1
2506,Chandigarh Bird Park,2
2506,Lake Reserved Forest,1
2506,Sukhna Wildlife Sanctuary,1
2507,Chandigarh Architecture Museum,1
2507,International Dolls Museum,1
2507,Le Corbusier Centre,1
2507,National Gallery of Portraits : Sector 17,1
2507,Natural History Museum,1
2508,Butterfly Park,1
2508,Chandigarh Bird Park,1
2508,Chandigarh Botanical Garden,1
2508,Hibiscus Garden,1
2508,Samriti Upvan,1
2509,Capitol Complex Tourist Center,1
2509,Chandigarh Architecture Museum,1
2509,Government Museum and Art Gallery,1
2509,International Dolls Museum,1
2509,The Tower of Shadows,1
2510,Garden of Fragrance,1
2510,Mini Rose Garden,1
2510,Nek Chand’s Rock Garden of Chandigarh,1
2510,Rose Garden,1
2510,Shanti Kunj Park,1
2511,Chandigarh Botanical Garden,1
2511,City Bird Sanctuary,1
2511,Garden of Fragrance,1
2511,Shanti Kunj Park,1
2511,Topiary Park,1
2512,Butterfly Park,1
2512,Chandigarh Botanical Garden,1
2512,Dahlia Garden,1
2512,Shanti Kunj Park,1
2512,Terraced Garden,1
2513,Chandigarh Bird Park,1
2513,Chandigarh Botanical Garden,1
2513,Garden of Silence,1
2513,Rock Garden,1
2513,Samriti Upvan,1
2514,Chandigarh Botanical Garden,1
2514,Garden of Fragrance,1
2514,Nek Chand’s Rock Garden of Chandigarh,1
2514,Shanti Kunj Park,1
2514,Terraced Garden,1
2515,"National Museum, New Delhi",1
2515,Rail Museum,3
2515,Railway Turntable Relic,1
2516,Baoli - Arab Sarai,1
2516,"Baoli, RKPuram",1
2516,Bhuli Bhatiyari Ka Mahal,1
2516,Biran Ka Gumbad,1
2516,Rajon Ki Baoli,1
2517,Herbal Garden Lodhi Park,1
2517,India Africa Friendship Rose Garden,1
2517,"Lodhi Garden , Back Entry",1
2517,"National Bonsai Park, Lodhi Garden",1
2517,Rose Garden,1
2518,0,1
2518,Chhote Khan Tomb,1
2518,Safdarjung Tomb,1
2518,Shah Tomb,1
2518,Tomba di Safdarjung,1
2519,Duck Park,1
2519,Indraprastha Park,1
2519,Nehru Park,1
2519,Park,1
2519,Vasant Vihar park,1
2520,0,1
2520,Chhatriwala kuan,1
2520,Raj Ghat,1
2520,Sangharsh Sthal,1
2520,Vijay Ghat,1
2521,0,1
2521,Kalaa Sanskriti,1
2521,Kiran Nadar Museum of Art,1
2521,Museum of Folk and Tribal Art,1
2521,National Gallery of Modern Art,1
2522,0,1
2522,Bada Gumbad,1
2522,Gumbad Park,1
2522,Neela Gumbad,1
2522,Shish Gumbad,1
2523,Jantar Mantar,1
2523,Jantar Mantar Protest Site,1
2523,Ram Yantra,1
2523,Samrat Yantra,1
2523,The Observatory,1
2524,Baboons Stable,1
2524,Chidiya Park,1
2524,Deer Park,1
2524,Delhi Zoo,1
2524,Elephant Stable,1
2525,0,1
2525,Amit Sharma chowk,1
2525,Democracy Wall,1
2525,My Earth,1
2525,My chowk,1
2526,Biran Ka Gumbad,1
2526,Hauz Khas Fort,1
2526,Kali Gumti,1
2526,Sakri Gumti,1
2526,Satpula,1
2527,Bahlol Lodi's Tomb,1
2527,Chhote Khan Tomb,1
2527,Firoz Shah's Tomb,1
2527,Ghiyasuddin Tughlaq's Tomb,1
2527,Satpula,1
2528,India Gate,1
2528,Lal qila,1
2528,Rang Mahal,1
2528,Red Fort,1
2528,Talaqi Darwaza,1
2529,Deer Park,1
2529,Jheel park,1
2529,MCD Park,1
2529,Moti Nagar - Park,1
2529,Vir Savarkar Park,1
2530,Archaeological Museum Red Fort,1
2530,Indira Gandhi Memorial Museum,1
2530,Museum On 1857- India's First War Of Independence,1
2530,"National War Memorial, Delhi",1
2530,Swatantrata Sangram Museum,1
2531,0,1
2531,Delhi Day Tours,1
2531,Delhi Guide Vivek,1
2531,Delhi Tour guide,1
2531,Tour Guide Delhi टूर गाइड दिल्ली,1
2532,Delhi High Court Park,1
2532,High Court,1
2532,India Gate,1
2532,"New Delhi, India",1
2532,S Block Delhi High Court,1
2533,Abdur Rahim Khan-i-Khanan's Tomb अब्दुर्रहीम ख़ान-ए-ख़ाना का मक़बरा,1
2533,Barber’s Tomb,1
2533,Imam Zamin's Tomb,1
2533,Isa Khan's Tomb,1
2533,Quli Tomb,1
2534,Raj Ghat,1
2534,Samadhi Of Sanjay Gandhi,1
2534,Sangharsh Sthal,1
2534,Shakti Sthal,1
2534,Shanti Van Parking Area,1
2535,City Forest,1
2535,Hauz Khas District Park,1
2535,Jahapanah City Forest Entry Gate,1
2535,Pusa Hill Forest,1
2535,South Central Ridge Forest,1
2536,Abdur Rahim Khan-i-Khanan's Tomb अब्दुर्रहीम ख़ान-ए-ख़ाना का मक़बरा,1
2536,Barber’s Tomb,1
2536,Batashewala Complex,1
2536,Bu Halima Tomb,1
2536,Isa Khan's Tomb,1
2537,Fun City,1
2537,KidZania Delhi NCR,1
2537,SMAAASH NOIDA,1
2537,The Great India Place Theme Park,1
2537,Worlds of Wonder,1
2538,Batashewala Complex,1
2538,Feroz Shah Kotla Fort,1
2538,Mirza Muzaffar Hussain’s Tomb,1
2538,Sunderwala Burj,1
2538,Sunderwala Mahal,1
2539,Charkha Museum,1
2539,Complex Park,1
2539,Jaipur House,1
2539,"National Science Centre, Delhi",1
2539,Purana Qila Museum,1
2540,Akshardham Mandir,1
2540,Akshardham Park,1
2540,Sunset Point - Akshardham,1
2540,Yogi Hriday Kamal,1
2540,"अक्षरधाम मंदिर, दिल्ली",1
2541,Charkha Museum,1
2541,Jantar Mantar,1
2541,Jantar Mantar Protest Site,1
2541,Misra Yantra,1
2541,Ram Yantra,1
2542,Dakshin Delhi Kalibari Association,1
2542,Kali Bari,1
2542,Kali Temple,1
2542,"Kali Temple, C R Park, South Delhi",1
2542,KaliBari Temple,1
2543,Bougainvillea Garden,1
2543,Herbal Garden Lodhi Park,1
2543,Lodhi Garden,1
2543,Rose Garden,1
2543,Tulip Garden,1
2544,Fun City,1
2544,Kidzania International Airport,1
2544,PLAYBOX,1
2544,The Great India Place Theme Park,1
2544,Worlds of Wonder,1
2545,Bagh-I-Alam Ka Gumbad,1
2545,Chhote Khan Tomb,1
2545,Darya Khan's Tomb,1
2545,Kale Khan Ka Makbara,1
2545,Neela Gumbad,1
2546,Gandhi Smriti Museum,1
2546,Indira Gandhi Memorial Museum,1
2546,Mahatma Gandhi Museum,1
2546,"National Museum, New Delhi",1
2546,mahatma Gandhi museum,1
2547,Bagh-I-Alam Ka Gumbad,1
2547,Biran Ka Gumbad,1
2547,Lodhi Era Tomb,1
2547,Munda Gumbad,1
2547,Tomb of Bijri Khan,1
2548,Charkha Museum,1
2548,Rashtrapati Bhavan Museum,1
2548,Supreme Court Lawns,1
2548,UPSC MUSEUM BUILDING,1
2548,सुप्रीम कोर्ट बाग,1
2549,Bhool Bhulaiyan,1
2549,Bhuli Bhatiyari Ka Mahal,1
2549,Mehrauli Archaeological Park Jamali Kamali,1
2549,Quli Tomb,1
2549,Rajon Ki Baoli,1
2550,Bade Khan Ka Gumbad,1
2550,Isa Khan's Tomb,1
2550,Lodhi Garden,1
2550,Shah Tomb,1
2550,Shish Gumbad,1
2551,Afsarwala Tomb,1
2551,Barber’s Tomb,1
2551,Isa Khan's Mosque,1
2551,Isa Khan's Tomb,1
2551,Neela Gumbad,1
2552,Adham Khan's Tomb,1
2552,Alai Minar,1
2552,Isa Khan's Tomb,1
2552,Quli Tomb,1
2552,Tomb of Iltutmish,1
2553,Fatehpuri Masjid,1
2553,Jama Masjid Karol Bagh,1
2553,Moti Masjid,1
2553,Shahi Sunehri Masjid شاھی سنہری مسجد,1
2553,"जामा मस्जिद, दिल्ली",1
2554,Chattarpur Mandir,1
2554,Chhattarpur Temple,1
2554,Durga Mandir Chattarpur.,1
2554,Maa Katyayani Devi Temple,1
2554,Yog Maya Mandir,1
2555,Forest Area,1
2555,Hauz Khas Forest,1
2555,Jahanpanah City Forest,1
2555,Pusa Hill Forest,1
2555,siri fort Forest,1
2556,Charkha Museum,1
2556,Gurudwara Shri Bangla Sahib,1
2556,Khadi Museum,1
2556,Metro Museum,1
2556,National Philatelic Museum,1
2557,0,1
2557,Indian War Memorial Museum,1
2557,Memorial of Srimati Lalita Shastri,1
2557,"National Museum, New Delhi",1
2557,Nehru Memorial Museum & Library,1
2558,Adham Khan's Tomb,1
2558,Adilabad Fort,1
2558,Firoz Shah's Tomb,1
2558,Isa Khan's Tomb,1
2558,Tughlakabad Fort,1
2559,Chidiya Park,1
2559,Deer Park,1
2559,Elephant Stable,1
2559,National Zoological Park,1
2559,Zoo Park,1
2560,Deer Park,1
2560,Deer Park Lake,1
2560,Hauz Khas Complex,1
2560,Hauz Khas Fort,1
2560,Hauz Khas Village Park,1
2561,Asola Bhatti Wildlife Sanctuary,1
2561,Bird Feeding Point.,1
2561,Okhla Bird Sanctuary Gate 2,1
2561,Watch Tower 1 Bird Sanctury,1
2561,Watch Tower 2 Bird Sanctuary,1
2562,Couples Park,1
2562,Lodhi Garden,1
2562,Millennium Park Delhi,1
2562,Nehru Park,1
2562,Park delhi,1
2563,Darya Khan's Tomb,1
2563,Dr APJ Kalam Chowk,1
2563,Kale Khan Ka Makbara,1
2563,Maulana Abul Kalam Azad Tomb,1
2563,Nehru Memorial Museum & Library,1
2564,Charkha Museum,1
2564,Jantar Mantar,1
2564,Misra Yantra,1
2564,Samrat Yantra,1
2564,Tiranga,1
2565,Metro Museum,1
2565,National Gallery of Modern Art,1
2565,National Gandhi Museum and Library,1
2565,National Philatelic Museum,1
2565,"National Science Centre, Delhi",1
2566,Atlantic Water World,1
2566,E-O-D Adventure Park,1
2566,KidZania Delhi NCR,1
2566,Snow World,1
2566,The Great India Place Theme Park,1
2567,0,1
2567,Bada Darwaza,1
2567,Purana Qila,1
2567,Red Fort,1
2567,Talaqi Darwaza,1
2568,Deer Park Lake,1
2568,Entry to the Deer Park,1
2568,Hauz Khas District Park,1
2568,Hauz Khas Village Park,1
2568,Nehru Park,1
2569,"C.P., New Delhi",1
2569,Children's Park,1
2569,Nehru Park,1
2569,Palika Park,1
2569,Tabela Park,1
2570,Bagh-I-Alam Ka Gumbad,1
2570,Hauz Khas Complex,1
2570,Hauz Khas District Park,1
2570,Hauz Khas Fort,1
2570,Safdarjung Tomb,1
2571,Abdur Rahim Khan-i-Khanan's Tomb अब्दुर्रहीम ख़ान-ए-ख़ाना का मक़बरा,1
2571,Adham Khan's Tomb,1
2571,Hauz Khas Complex,1
2571,Isa Khan's Mosque,1
2571,Isa Khan's Tomb,1
2572,Alai Minar,1
2572,Qutub Minar,1
2572,Qutub Minar New Delhi,1
2572,Qutub minar,1
2572,Tomb of Iltutmish,1
2573,Agrasen ki Baoli,1
2573,Bagh-I-Alam Ka Gumbad,1
2573,Barah Khamba,1
2573,Chhoti Gumti,1
2573,"Sector 5 RK Puram, Gumbad (Wazirpur Gumbad )",1
2574,Bada Darwaza,1
2574,Delhi Gate,1
2574,Humayuni Darwaza,1
2574,Purana Qila,1
2574,Purana Qila Museum,1
2575,0,1
2575,Archaeological Museum Red Fort,1
2575,National Crafts Museum & Hastkala Academy,1
2575,"National Museum, New Delhi",1
2575,"National Science Centre, Delhi",1
2576,Mehrauli Archaeological Park Jamali Kamali,1
2576,RAJPUT EMPEROR ANANGPAL TOMAR IRON PILLAR,1
2576,Rajon Ki Baoli,1
2576,Red Fort,1
2576,The column of IRON,1
2577,0,1
2577,"National Museum, New Delhi",1
2577,"National Science Centre, Delhi",1
2577,President House Museum Main Building,1
2577,Rashtrapati Bhavan,1
2578,Asola Wildlife Sanctuary,1
2578,Asola Wildlife Sanctuary- Southern Entry,1
2578,Bhati Wildlife Sanctuary,1
2578,"Butterfly Park, Asola Bhatti Wildlife Sanctuary",1
2578,Okhla Bird Sanctuary,1
2579,Indian War Memorial Museum,1
2579,National Rail Museum,1
2579,Proposed Aerospace Museum,1
2579,Proposed Aerospace Museum Site Office Gate,1
2579,Sulabh International Museum Of Toilets,1
2580,Bhogal Buddha Vihar,1
2580,"Buddhist Temple In Delhi, Buddhist Temple",1
2580,Ladakh Budh Vihar,1
2580,Tibetan Monastery (Majnu ka tila),1
2580,World Buddhist Centre,1
2581,Agrasen ki Baoli,1
2581,"Baoli, RKPuram",1
2581,Bhool Bhulaiya,1
2581,Mehrauli Archaeological Park Jamali Kamali,1
2581,The Gandhak ki Baoli,1
2582,0,2
2582,Lotus Pond Garden,1
2582,"Sunder Nursery Parking, (Parking for Humayun Tomb Visitors)",1
2582,Sunderwala Mahal,1
2583,Biran Ka Gumbad,1
2583,Firoz Shah's Tomb,1
2583,Hauz Khas Fort,1
2583,Munda Gumbad,1
2583,"Sector 5 RK Puram, Gumbad (Wazirpur Gumbad )",1
2584,Hauz Khas District Park,1
2584,Jahanpanah City Forest,1
2584,Nehru Park,1
2584,Nehru park,1
2584,Park,1
2585,National Agricultural Science Museum,1
2585,National Children Museum,1
2585,"National Museum, New Delhi",1
2585,National Philatelic Museum,1
2585,National Science Centre Parking,1
2586,Central Park,1
2586,Child Park,1
2586,Children Park,2
2586,Park for children,1
2587,Firoz Shah's Tomb,1
2587,Hauz Khas District Park,1
2587,Hauz Khas Fort,1
2587,Hauz Khas Lake,1
2587,Hauz Khas Village Park,1
2588,0,1
2588,DDA Satpula Lake Complex,1
2588,Satpula Lake View Point,1
2588,"Shaikh Yusuf Qattal's Tomb, New Delhi",1
2588,Tughlakabad Fort,1
2589,Buddha Garden,1
2589,Buddha Jayanti Park,1
2589,Buddha Park,1
2589,Lodhi Garden,1
2589,Sukiti Buddha Garden,1
2590,Adham Khan's Tomb,1
2590,Bhool Bhulaiya,1
2590,Mehrauli Archaeological Park Jamali Kamali,1
2590,Tomb of Khwaja Mohammad,1
2590,Zafar Mahal,1
2591,Library Building Of Pradhanmantri Sangrahalaya,1
2591,National Gandhi Museum and Library,1
2591,"National Museum, New Delhi",1
2591,Nehru Planetarium,1
2591,Pradhanmantri Sangrahalaya,1
2592,Church Delhi,1
2592,Green Park Free Church,1
2592,Sacred Heart Cathedral Catholic Church,1
2592,St Thomas’ Church,1
2592,St. Stephen's Church,1
2593,Delhi Gate,1
2593,Lal qila,1
2593,Purana Qila,1
2593,Rang Mahal,1
2593,Salim Garh Fort,1
2594,0,1
2594,Mirror Maze,1
2594,Snow World,1
2594,Worlds of Wonder,1
2594,merouttarakhand,1
2595,Amrit Udyan,1
2595,Lodhi Garden,1
2595,Nehru Park,1
2595,Talkatora Stadium,1
2595,Talkatora park,1
2596,Central Park,1
2596,Khadi Museum,1
2596,National Crafts Museum & Hastkala Academy,1
2596,Rajiv Gandhi Place,1
2596,mahatma Gandhi museum,1
2597,Gandhi Darshan,1
2597,Mahatma Gandhi Museum,1
2597,Mahatma Gandhi Statue,1
2597,Rajghat Gandhi Darshan,1
2597,Yamuna Ghat,1
2598,Chandni Chowk Market,1
2598,Gandhi Market,1
2598,Janpath Market,1
2598,Khan Market metro station,1
2598,Paharganj Market,1
2599,Firoz Shah's Tomb,1
2599,Hauz Khas Complex,1
2599,Hauz Khas District Park,1
2599,Hauz Khas Village Park,1
2599,Hauz khas Quila,1
2600,Kalkaji Temple,1
2600,Kalkaji Temple Market,1
2600,Lotus Temple,1
2600,Shri Kalka Ji Mandir Prabhandhak Sudhar Committee (Regd.)3913/68,1
2600,Shri Siddhpith Kalka Ji Mandir,1
2601,Bahlol Lodi's Tomb,1
2601,Isa Khan's Tomb,1
2601,Lodhi Garden,1
2601,Shah Tomb,1
2601,Shish Gumbad,1
2602,Abdur Rahim Khan-i-Khanan's Tomb अब्दुर्रहीम ख़ान-ए-ख़ाना का मक़बरा,1
2602,Barber’s Tomb,1
2602,Bu Halima Tomb,1
2602,Isa Khan's Mosque,1
2602,Neela Gumbad,1
2603,Dargah Hazrat Amir Khusro,1
2603,Dargah Hazrat Nizamuddin Aulia,1
2603,Hazrat Nizamuddin Dargah Baoli,1
2603,Hazrat Sufi Inayat Khan Dargah,1
2603,Nizamuddin Dargah Sharif,1
2604,Bhagwan Valmiki Mandir,1
2604,"Buddhist Temple In Delhi, Buddhist Temple",1
2604,Chuki BirlaBirla Mandir,1
2604,Kali Bari Temple,1
2604,Lotus Temple,1
2605,0,1
2605,President's official home,1
2605,Rashtrapati Bhavan Gate,1
2605,Rashtrapati Bhavan Museum,1
2605,Rashtrapati Bhawan view point,1
2606,BRICS Friendship Rose Garden,1
2606,Lodhi Garden,1
2606,Rose Garden,1
2606,Roshanara Garden,1
2606,Tulip garden,1
2607,Colosseum -WOW,1
2607,Eco Adventure Park,1
2607,Eiffel Tower- WOW,1
2607,"Ticket Counter, Waste of Wonder",1
2607,Worlds of Wonder,1
2608,Gandhi Smriti Museum,1
2608,Indian War Memorial Museum,1
2608,Mahatma Gandhi Museum,1
2608,National Gandhi Museum and Library,1
2608,National Rail Museum,1
2609,Deer Park,1
2609,Indraprastha Park,1
2609,Millennium Park Delhi,1
2609,Nehru park,1
2609,Parking Nehru Park,1
2610,Indira Gandhi Memorial Museum,1
2610,Mahatma Gandhi Museum,1
2610,National Gandhi Museum and Library,1
2610,Nehru Memorial Museum & Library,1
2610,mahatma Gandhi museum,1
2611,Jantar Mantar,1
2611,"National Science Centre, Delhi",1
2611,Nehru Memorial Museum & Library,1
2611,Nehru Park,1
2611,Rashtrapati Bhavan Museum,1
2612,Air Force Museum,1
2612,Ch. Maan Singh's ki baithak,1
2612,National Rail Museum,1
2612,Shankar's International Dolls Museum,1
2612,Sulabh International Centre,1
2613,Hauz Khas Fort,1
2613,Lal Kot Qila,1
2613,Purana Qila,1
2613,Shahi Tower,1
2613,Talaqi Darwaza,1
2614,Charkha Museum,1
2614,National Philatelic Museum,1
2614,National Rail Museum,1
2614,"National Science Centre, Delhi",1
2614,Shankar's International Dolls Museum,1
2615,Adham Khan's Tomb,1
2615,Afsarwala Tomb,1
2615,Firoz Shah's Tomb,1
2615,Safdarjung's tomb,1
2615,Shah Tomb,1
2616,Astha Kunj Park,1
2616,DDA Park (SHAHEED PARK),1
2616,DDA park,1
2616,Indian Garden Park,1
2616,Saket Park,1
2617,Alai Minar,1
2617,Imam Zamin's Tomb,1
2617,Jamali Kamali Park,1
2617,Jamali Kamali Tomb,1
2617,Rajon Ki Baoli,1
2618,Abdur Rahim Khan-i-Khanan's Tomb अब्दुर्रहीम ख़ान-ए-ख़ाना का मक़बरा,1
2618,Bu Halima Tomb,1
2618,Neela Gumbad,1
2618,Phuta Gumbad,1
2618,Shahi Tower,1
2619,Adilabad Fort,1
2619,Feroz Shah Kotla Fort,1
2619,Ghiyasuddin Tughlaq's Tomb,1
2619,Talaqi Darwaza,1
2619,Tughlakabad Fort view Point,1
2620,0,1
2620,National Children Museum,1
2620,National Gandhi Museum and Library,1
2620,"National Museum, New Delhi",1
2620,"National Science Centre, Delhi",1
2621,Misra Yantra,1
2621,Nehru Planetarium,1
2621,Ram Yantra,1
2621,Samrat Yantra,1
2621,The Observatory,1
2622,Akshardham Mandir,1
2622,Akshardham Temple,2
2622,"BAPS Shri Swaminarayan Mandir, Delhi",1
2622,"अक्षरधाम मंदिर, दिल्ली",1
2623,Chidiya Park,1
2623,Chidiyaghar,1
2623,Delhi Zoo,1
2623,Zoo,1
2623,Zoo Park,1
2624,Hippopotamus Place,1
2624,Humayuni Darwaza,1
2624,Purana Qila Museum,1
2624,Red Fort,1
2624,Talaqi Darwaza,1
2625,BAGHEL SAMAJ DHARAMSALA,1
2625,Lotus temple,1
2625,Shri Kalka Ji Mandir Prabhandhak Sudhar Committee (Regd.)3913/68,1
2625,Shri Kalka Ji Temple,1
2625,Храм Лотоса,1
2626,"AapnoGhar (Resort, Water Park, Amusement Park)",1
2626,Appu Ghar,1
2626,Fun n Food Village,1
2626,Oyster's Water Park,1
2626,Swan Pond Park,1
2627,Delhi Gate,1
2627,India Gate,1
2627,India gate,1
2627,Kashmiri Gate,1
2627,Talaqi Darwaza,1
2628,0,1
2628,Lodhi Garden,1
2628,Rashtrapati Bhavan Museum,1
2628,Rose Garden,1
2628,Talkatora Garden,1
2629,Abdur Rahim Khan-i-Khanan's Tomb अब्दुर्रहीम ख़ान-ए-ख़ाना का मक़बरा,1
2629,Bade Khan Ka Gumbad,1
2629,Chhote Khan Tomb,1
2629,Kale Khan Ka Makbara,1
2629,Tomb of Bhura Khan,1
2630,Digamber Jain Naya Mandir Ji,1
2630,Jain Dharamshala,1
2630,Shree Digamber Jain Dharamshala,1
2630,Shri 1008 Shantinath Digambar Jain Temple,1
2630,Sri Digambar Jain Bhavan,1
2631,Ayyappa Temple RK Puram New Delhi,1
2631,Malai Mandir,1
2631,Shri Laxmi Narayan Temple (Birla Mandir),1
2631,Swami Malai Mandir,1
2631,Yog Maya Mandir,1
2632,Charkha Museum,1
2632,Dhoomimal Gallery,1
2632,"Mystery Rooms- Connaught Place, Delhi",1
2632,"National Science Centre, Delhi",1
2632,mahatma Gandhi museum,1
2633,Agrasen ki Baoli,1
2633,Bhool Bhulaiya,1
2633,Bhuli Bhatyari Park,1
2633,Chaumukha Darwaza,1
2633,Malcha Mahal,1
2634,0,1
2634,India Gate,1
2634,Indian War Memorial Museum,1
2634,National Gallery of Modern Art,1
2634,राष्ट्रीय युद्ध स्मारक,1
2635,Ayyappa Temple,1
2635,BAPS Shri Swaminarayan Temple,1
2635,Balaji Mandir Silvassa,1
2635,Baps Swaminarayan Temple Karamkhal,1
2635,Shiv Temple,1
2636,Bal Udyan Park,1
2636,Damanganga Riverfront Garden,1
2636,Hirwa Van Garden,1
2636,Nakshatra Van,1
2636,Vanganga Garden,1
2637,Bal Udyan Park,1
2637,Hirwa Van Garden,1
2637,Royal Park,1
2637,Vanganga Garden,1
2637,Varishth Nagrik Udyan,1
2638,3 tréé View Island,1
2638,Boating spots,1
2638,MADHUBAN DAM,1
2638,MADHUBAN DAM view point,1
2638,Madhuban Lake View,1
2639,Bahula Fort,1
2639,Bhorgad Fort,1
2639,Dehergad Fort,1
2639,Fort Vaghera,1
2639,Khairaipali waterfalls,1
2640,0,5
2641,Dadra and Nagar Haveli Planning and Development Authority,1
2641,Dadra garden boating area,1
2641,Hirwa Van Garden,1
2641,Vandhara Garden,1
2641,Varishth Nagrik Udyan,1
2642,Akra Maruti Lake,1
2642,Sardar Vallabhbhai Patel statue,1
2642,Talav Faliya Lake,1
2642,Umargam Beach,1
2642,Umargam Lighthouse,1
2643,Crazy kids,1
2643,Devka Amusement Park,1
2643,Go Amazica Amusement Park,1
2643,Kids wonderland,1
2643,Vaibhav Water World,1
2644,0,5
2645,0,5
2646,Nargol Beach Gate,1
2646,Nargol Beach View,1
2646,Nargol Beach holiday homes (Unit of Associate Enterprise),1
2646,Nargol beach 2 for photo shoot,1
2646,Sea Breeze,1
2647,Daman Beach,1
2647,Daman New Beach,1
2647,Daman beach,1
2647,Nani Daman Jetty,1
2647,Nani Daman beach,1
2648,0,1
2648,BAPS Swaminarayan Temple,1
2648,Heritage Engine,1
2648,Lady Wilson Museum,1
2648,જ્યોતિ મિનાર,1
2649,BAPS Swaminarayan Temple,1
2649,Markandeshwar Mahadev Mandir Valsad,1
2649,Mataji Mandir,1
2649,Shiva Temple,1
2649,Tithal Beach,1
2650,Kapileshwar lake,1
2650,Talav Faliya Lake,1
2650,Umargam Lighthouse,1
2650,Umbergaon fort,1
2650,पलगाम पोर्तुगीज माडी,1
2651,0,1
2651,Dapchari Dam,1
2651,Kurze Dam View,1
2651,Kurze dam,1
2651,"Talasari, Kurje Dam",1
2652,Avdhutgad Waterfall,1
2652,Mahiravani Waterfall,1
2652,Nasardi waterfalls,1
2652,Someshwar Water Fall,1
2652,Waterfall on godavari river bramhagiri,1
2653,0,1
2653,Bom Jesus Church,1
2653,Church of Our Lady of the Sea,1
2653,Dominican Monastery,1
2653,The Chapel of Our Lady Of Rosario,1
2654,HOTEL MADHURAM /Bapu's Restaurant,1
2654,Hotel Van Vihar,1
2654,Lake Dudhani End Point,1
2654,Treat Resort Water Park,1
2654,Wonderland Resort,1
2655,Dhobi Talao Lake Garden.,1
2655,Fort Garden,1
2655,Jetty De Damão Grande,1
2655,Moti Daman Jetty Garden,1
2655,Municipal Garden,1
2656,Barad fort,1
2656,Bordi beach,1
2656,Malti Baug Agro Tourism,1
2656,Talav Dhakti Dahanu,1
2656,Waghadi mountain,1
2657,Daman Lighthouse,1
2657,Jetty De Damão Grande,1
2657,Moti Daman Jetty Garden,1
2657,Nani Daman Fort,1
2657,Nani Daman beach,1
2658,Arjungad Fort,1
2658,Dadra garden boating area,1
2658,I LOVE CHHARWADA,1
2658,LakhamDev Lake Vapi,1
2658,Zoroastrian Museum & Information Centre,1
2659,Butterfly Park,1
2659,Chouda graund,1
2659,Prakruti Mahiti Kendra,1
2659,Satmaliya Deer Park,1
2659,फुलपाखरू उद्यान .,1
2660,Daman beach,1
2660,Nani Daman Fort,1
2660,Nani Daman Jetty,1
2660,Nani Daman beach,1
2660,Old Lighthouse,1
2661,Jetty De Damão Grande,1
2661,Moti Daman Fort,1
2661,Moti Daman Jetty Garden,1
2661,Nani Daman Fort,1
2661,Paragola Garden,1
2662,Arjungad Fort,1
2662,Gandhi Museum,1
2662,Iranshah Fire Temple,1
2662,Prarthana Mandir પ્રાર્થના મંદિર,1
2662,Udvada lake,1
2663,0,1
2663,Bom Jesus Church,1
2663,Dominican Monastery,1
2663,Our Lady of Remédios Church,1
2663,The Chapel of Our Lady Of Rosario,1
2664,Dabhadi 1 check dam,1
2664,Dapchari Dam,1
2664,Kurze Dam,1
2664,Kurze Dam View,1
2664,"Talasari, Kurje Dam",1
2665,0,1
2665,District Science Centre,1
2665,Gandhi Museum,1
2665,Shrimant Maharana Statue,1
2665,dharampur garden,1
2666,Dabhosa Waterfall,1
2666,Hiradpada waterfall,1
2666,Hiradpada waterfall observation deck,1
2666,Jawhar - City Of Waterfalls,1
2666,SukhaDadar waterfall,1
2667,Dhankada waterfall,1
2667,Ganesh Waterfall,1
2667,Jodia Waterfall,1
2667,Shankar Water Falls,1
2667,Shilp waterfall,1
2668,Jai Vilas Palace Jawhar Fort,1
2668,Jawhar Hill Station,1
2668,Jawhar Old Palace,1
2668,Jawhar Tourism,1
2668,Sunset Point Jawhar,1
2669,Agar-Narpad Beach,1
2669,Dahanu Fort,1
2669,Dhakati dahanu beach,1
2669,Parnaka Beach Point,1
2669,Saruchi Bag,1
2670,Sai Baba Temple,1
2670,Samudra Narayan Mandir,1
2670,Shree Satyanarayana Temple Kalay,1
2670,Shree Vitthalnath Mandir,1
2670,"Somnath Mandir, Daman",1
2671,Amba-Talat hill station,1
2671,Bilpudi Mavli Mata Waterfall,1
2671,Moti korval hill station road,1
2671,Wilson Hill,1
2671,"Wilson Hill, Sunset View Point",1
2672,Agar Beach,1
2672,Dhakati dahanu beach,1
2672,Narpad Beach,1
2672,Parnaka Beach Point,1
2672,Saruchi Bag,1
2673,0,1
2673,Butterfly Park,1
2673,"Dungar Mauli, dudhani, khanvel, dadra and nagar haveli",1
2673,Pakruti Parichay Park,1
2673,फुलपाखरू उद्यान .,1
2674,Dadra garden boating area,1
2674,Hirwa Van Garden,1
2674,Nakshatra Van,1
2674,Vandhara Garden,1
2674,Vanganga Garden,1
2675,0,1
2675,Agar-Narpad Beach,1
2675,Chikhala Beach,1
2675,Chiklhale Beach Dahanu,1
2675,Parnaka Beach Point,1
2676,Dabhadi 1 check dam,1
2676,Kurze Dam,1
2676,Kurze dam,1
2676,"Talasari, Kurje Dam",1
2676,Waghadi mountain,1
2677,Daman New Beach,1
2677,Daman beach,1
2677,Jampore Beach,1
2677,Nani Daman Jetty,1
2677,Nani Daman beach,1
2678,Devka Amusement Park,1
2678,Go Amazica Amusement Park,1
2678,Mirasol Water park,1
2678,Mirasol Waterpark,1
2678,Play Nation Adventure Park,1
2679,Bom Jesus Church,1
2679,Church of Our Lady of the Sea,1
2679,Daman Lighthouse,1
2679,Nani Daman Jetty,1
2679,St. Jerome Fort,1
2680,Eco Tourism and Biodiversity Park,1
2680,Mauli Agro Tourism,1
2680,Mittal Farm,1
2680,Vidhi agro farm,1
2680,Vivant Agro Tourism,1
2681,0,1
2681,Church of Our Lady of the Sea,1
2681,Dominican Monastery,1
2681,Our Lady of Remédios Church,1
2681,St Jerome Church,1
2682,Devka beach,1
2682,Go Amazica Amusement Park,1
2682,Mirasol Water park,1
2682,Mirasol Waterpark,1
2682,Vaibhav Water World,1
2683,0,1
2683,Chondipada Waterfall,1
2683,Hiradpada Waterfall,1
2683,Hiradpada waterfall,1
2683,मामाची वाडी,1
2684,0,1
2684,Bindraben Tapovan Garden,1
2684,Bindrabin Tadkeshwar mahadev Temple,1
2684,Satmaliya Deer Park,1
2684,dineshvar sketch hub,1
2685,Daman Beach,1
2685,Daman New Beach,1
2685,Daman beach,1
2685,Jetty De Damão Grande,1
2685,Nani Daman beach,1
2686,Dhobi Talao Lake Garden.,1
2686,Mira,1
2686,Mirasol Resort,1
2686,Mirasol Waterpark,1
2686,Moti Daman Jetty Garden,1
2687,Daman preshoot location,1
2687,Dhobi Talao Lake Garden.,1
2687,Kwery lake,1
2687,LakhamDev Lake Vapi,1
2687,Quarr lake,1
2688,Daman Beach,1
2688,Daman beach,1
2688,Devka Amusement Park,1
2688,Jampore Beach,1
2688,Nani Daman beach,1
2689,Daman Lighthouse,1
2689,Daman beach,1
2689,Jampore Beach,1
2689,Jetty De Damão Grande,1
2689,Old Lighthouse,1
2690,Dadra garden,1
2690,Hirwa Van Garden,1
2690,Nakshatra Van,1
2690,Vandhara Garden,1
2690,Vanganga Garden,1
2691,Daman beach,1
2691,Jampore Beach,1
2691,Moti Daman Jetty Garden,1
2691,Nani Daman Fort,1
2691,Nani Daman Jetty,1
2692,Chumney Umarkui Waterfall Point,1
2692,Kherarbari waterfall,1
2692,"Koshimpada Waterfall, near Kauncha Garden",1
2692,Small water fall,1
2692,Umarkui Parking,1
2693,Lion safari,1
2693,Lions Ground,1
2693,Satmaliya Deer Park,1
2693,Silvasa Vasona Lion Safari,1
2693,lion safari vasona,1
2694,Daman Beach,1
2694,Daman Lighthouse,1
2694,Daman New Beach,1
2694,Jampore Beach,1
2694,Nani Daman beach,1
2695,0,1
2695,Bindraben Tapovan Garden,1
2695,Bindrabin Garden,1
2695,Butterfly Park,1
2695,Pakruti Parichay Park,1
2696,Daman Beach,1
2696,Daman New Beach,1
2696,Daman beach,1
2696,Nani Daman Fort,1
2696,Nani Daman Jetty,1
2697,Bal Udyan Park,1
2697,Butterfly Park,1
2697,Lions Safari Vasona,1
2697,Satmaliya Deer Park,1
2697,lion safari vasona,1
2698,Dadra Resort,1
2698,Ras By Treat Resorts,1
2698,Sai Nasta House,1
2698,Silvassa river front,1
2698,Treat Resort Silvassa,1
2699,Jetty De Damão Grande,1
2699,Moti Daman Fort,1
2699,Nani Daman Jetty,1
2699,Nani Daman beach,1
2699,St. Jerome Fort,1
2700,DAMAN GANGA DAM,1
2700,I LOVE CHHARWADA,1
2700,Indragarh Fort,1
2700,Pardi Fort,1
2700,Udvada lake,1
2701,Fort Garden,1
2701,Jetty De Damão Grande,1
2701,Nani Daman Jetty,1
2701,Nani Daman beach,1
2701,Paragola Garden,1
2702,DAMAN GANGA DAM,1
2702,GIDC Vapi Lake,1
2702,LAKHAMDEV LAKE GARDEN,1
2702,Lake View,1
2702,Lakham Dev Garden,1
2703,Daman Lighthouse,1
2703,Daman beach,1
2703,Fort Garden,1
2703,Jetty De Damão Grande,1
2703,Moti Daman Fort,1
2704,Daman ganga valley point,1
2704,Hirwa Van Garden,1
2704,Mahatma Gandhi Udyan,1
2704,Nakshatra Van,1
2704,Vandhara Garden,1
2705,Damanganga River Front,1
2705,Mahatma Gandhi Udyan,1
2705,Silvassa river front,1
2705,Vandhara Garden,1
2705,Vanganga Garden,1
2706,Daman ganga valley point,1
2706,Damanganga River Front,1
2706,Damanganga Riverfront Garden,1
2706,Nakshatra Van,1
2706,Vandhara Garden,1
2707,Arjungad Fort,1
2707,Daman Ganga Bridge,1
2707,Damanganga River Front,1
2707,LakhamDev Lake Vapi,1
2707,Vanganga Garden,1
2708,Daneswar Mahadev Temple,1
2708,Mahadev Mandir,1
2708,NILKESHWAR MANDIR,1
2708,Nikhileswar Mahadev Temple,1
2708,Shiv Temple,1
2709,Dominican Monastery,1
2709,Fort Garden,1
2709,Moti Daman Fort,1
2709,Nani Daman Fort,1
2709,Nani Daman Jetty,1
2710,Daman ganga valley point,1
2710,Damanganga Riverfront Garden,1
2710,Silvassa river front,1
2710,Vandhara Garden,1
2710,Vanganga Garden,1
2711,Damanganga Riverfront Garden,1
2711,Hirwa Van Garden,1
2711,Mahatma Gandhi Udyan,1
2711,Vandhara Garden,1
2711,Varishth Nagrik Udyan,1
2712,Anjana Park,1
2712,Lions Safari Vasona,1
2712,Silvasa Vasona Lion Safari,1
2712,Varishth Nagrik Udyan,1
2712,lion safari vasona,1
2713,Butterfly Park,1
2713,Dudhani Boating Point,1
2713,"Panoramic view point,Sildungri - Vagh chauda,dudhani,dadra and nagar haveli",1
2713,Satmaliya Deer Park,1
2713,Selfie Point Dudhani,1
2714,Ayyappa Temple,1
2714,BAPS Shri Swaminarayan Temple,1
2714,Shiv Temple,1
2714,Shri Jalaram Temple,1
2714,Shri Swaminarayan Mandir,1
2715,BONTA VIEW POINT,1
2715,Bonta Nature Trail,1
2715,Chumney Umarkui Waterfall Point,1
2715,"Koshimpada Waterfall, near Kauncha Garden",1
2715,Small water fall,1
2716,Ayyappa Temple,1
2716,BAPS Swaminarayan Vidyamandir School,1
2716,Balaji Mandir Silvassa,1
2716,Shri Swaminarayan Mandir,1
2716,Vandhara Garden,1
2717,Bal Udyan Park,1
2717,Hirva Van (Pipariya Garden),1
2717,Hirwa Van Garden,1
2717,Vandhara Garden,1
2717,Vanganga Garden,1
2718,Bal Udyan Park,1
2718,Butterfly Park,1
2718,Mahatma Gandhi Udyan,1
2718,Silvasa Vasona Lion Safari,1
2718,lion safari vasona,1
2719,Hirwa Van Garden,1
2719,Mahatma Gandhi Udyan,1
2719,Satmaliya Deer Park,1
2719,Silvasa Vasona Lion Safari,1
2719,Vandhara Garden,1
2720,Bal Udyan Park,1
2720,Mahatma Gandhi Udyan,1
2720,Satmaliya Deer Park,1
2720,Vandhara Garden,1
2720,फुलपाखरू उद्यान .,1
2721,0,1
2721,CHRIST CHURCH SILI,1
2721,Church Silvassa,1
2721,Our lady of seas,1
2721,St. Thomas Church,1
2722,Bal Udyan Park,1
2722,Mahatma Gandhi Udyan,1
2722,Nakshatra Van,1
2722,Vandhara Garden,1
2722,Vanganga Garden,1
2723,Dadra garden,1
2723,Dadra garden boating area,1
2723,Hirwa Van Garden,1
2723,Nakshatra Van,1
2723,Vandhara Garden,1
2724,Kherarbari waterfall,1
2724,"Koshimpada Waterfall, near Kauncha Garden",1
2724,Mahatma Gandhi Udyan,1
2724,Small water fall,1
2724,Umerkui waterfall Parking,1
2725,Gulf of Umargam,1
2725,Subhas Chandra Bose Park,1
2725,Talav Faliya Lake,1
2725,Umargam Beach,1
2725,Umbergaon fort,1
2726,0,1
2726,Ballalgad Fort,1
2726,Kavadas Dam,1
2726,Talav Faliya Lake,1
2726,Waghadi mountain,1
2727,Bharat Ratna Shri Atal Bihari Vajpayee Jal Udhyan,1
2727,Greens Garden,1
2727,Janseva Garden,1
2727,Lakham Dev Garden,1
2727,Rotaract Garden,1
2728,Hanuman Point,1
2728,Jawhar Hill Station,1
2728,Jawhar Old Palace,1
2728,Jawhar Tourism,1
2728,Sunset Point Jawhar,1
2729,Bilpudi Mavli Mata Waterfall,1
2729,Bilpudi Waterfalls,1
2729,Chichozar Waterfall or Shiv Waterfall,1
2729,Fulwadi Waterfalls,1
2729,Hanmatmal Waterfall,1
2730,Jalaram Temple,1
2730,SHRI KANTHESHWAR MAHADEV TEMPLE,1
2730,Samudra Narayan Mandir,1
2730,Shree Satyanarayan Mandir,1
2730,Somnath Kund,1
2731,Greens Garden,1
2731,Janseva Garden,1
2731,Ramleela Garden,1
2731,Rotaract Garden,1
2731,Vajpayee Garden - Vapi,1
2732,Bhul Bhulaiya of Awadh,1
2732,Chota Imambara,1
2732,Labyrinth (भूल भुलैया),1
2732,Satkhanda,1
2732,Shahi Bauli Stepwell,1
2733,Dudhwa Museum,1
2733,Dudhwa National Park & Tiger Reserve,1
2733,Dudhwa Safari,1
2733,Earth Home - Dudhwa,1
2733,Shalukapu FRH Dudhwa Tiger Reserve,1
2734,Agra Fort,1
2734,Amar Singh Gate,1
2734,Jahangir Palace,1
2734,Red fort of Agra,1
2734,The Shish Mahal (The Glass Palace),1
2735,Alakhnath mandir,1
2735,Shree baba Alakhnath ji Mandir Bareilly,1
2735,"Shri Pashupati Nath/ Jagmohaneshwar Mandir, Bareilly",1
2735,Shri baba Bankhandi Nath ji Temple,1
2735,Shri baba Dhopeshwar Nath ji Temple,1
2736,0,1
2736,Dwivedis garden,1
2736,Lakh Bahosi Sanctuary,1
2736,Sandi Fort,1
2736,Sandi Pakshi Vihar,1
2737,Diwan-I-Am,1
2737,Diwan-e-khas,1
2737,Jahangir Palace,1
2737,Shah Jahani Mahal,1
2737,The Shish Mahal (The Glass Palace),1
2738,Buddha Herbal Vatika,1
2738,Dhyanchan Statue Hill,1
2738,Jhansi Govt Museum,1
2738,Tiger Gulf,1
2738,White Tiger Herbal Garden Club,1
2739,Baba Siddhnath Ghat,1
2739,Massacre Ghat,1
2739,Saheed bhagat singh park,1
2739,Shiv Narayan Mishr Park,1
2739,Sitaram chowk,1
2740,Allahabad Museum,1
2740,Anand Bhawan Museum,1
2740,"ISKCON Temple, Prayagraj",1
2740,Swaraj Bhawan,1
2740,Triveni Sangam Prayagraj,1
2741,Botanic Garden of Indian Republic,1
2741,ISKCON Temple Noida,1
2741,Jagannath Mandir,1
2741,Shri Jagannath Temple,1
2741,Shri Shani Dev Mandir Noida,1
2742,ButterflyPark,1
2742,Lucknow Zoo Peddle Boating,1
2742,Nawab Wajid Ali Shah Zoological Garden,1
2742,Owl Enclosure,1
2742,Zoo toy station,1
2743,0,1
2743,Bhonsale Ghat,1
2743,Man Mandir Ghat,1
2743,Meer Ghat,1
2743,Sheetla Ghat,1
2744,Bhanwat Wetland Mainpuri Sarus Tourism Uttar Pradesh,1
2744,Sahas Wetland,1
2744,Sarsai Nawar Wetland,1
2744,Sauj Wetland Mainpuri Sarus Tourism Place,1
2744,सारस सर्किट पर्यटन क्षेत्र सहन,1
2745,Balapeer ka maqbara,1
2745,Lakh Bahoshi Bird Centuary,1
2745,Lakh Bahosi Forest Rest House,1
2745,Saman Bird Sanctuary,1
2745,Sandi Bird Sanctuary,1
2746,Shahjahan Garden,1
2746,Taj Museum,1
2746,Taj Park,1
2746,Taj Protected Forest,1
2746,Taj View Point ADA,1
2747,Ambedkar Park Museum,1
2747,Ruines of the Buildings @ Residency,1
2747,Shaheed Smarak,1
2747,"State Museum, Lucknow",1
2747,"The Residency, Lucknow",1
2748,Anandi Magic World Water Park,1
2748,Diamond Aqua Park,1
2748,Disney Water Wonder park,1
2748,Dream Valley,1
2748,Dream World Amusement Park,1
2749,Birdhouse Lucknow Zoo,1
2749,Blue Train Engine,1
2749,Historical Baradari,1
2749,Lucknow Zoo Peddle Boating,1
2749,Zoo toy station,1
2750,0,1
2750,Bodhi tree,1
2750,Buddha park gate1,1
2750,Lord Buddha statue,1
2750,Phool Bagh Park,1
2751,"ISKCON Temple, Kanpur",1
2751,Panki Panchmukhi Hanuman Mandir,1
2751,Radha Madhav Mandir,1
2751,RadhaKrishna Mandir,1
2751,Shri Radha Krishna Mandir,1
2752,Bal vyas temple,1
2752,Maharishi Vedvyas Mandir Kalpi,1
2752,Shree Bala Vyasa Mandir ( Kashi Math),1
2752,"Ved Vyas Temple, Kalpi Kashimath",1
2752,विश्वनाथ मंदिर कालपी धाम,1
2753,0,1
2753,Botanical Garden,1
2753,Botanical Garden : City Bus Station,1
2753,Botanical Garden Parking,1
2753,Sri Guru Har Rai Botanical Garden,1
2754,"Antelope Safari, Etawah Safari Park",1
2754,Gautam Buddha Park,1
2754,"Interpretation Centre (Zoological Museum), Etawah Safari Park",1
2754,"Lion Safari, Etawah Safari Park",1
2754,"Safari Pickup Point, Etawah Safari Park",1
2755,Buddha Statue,1
2755,Chaukhandi Stupa,1
2755,Golden Temple,1
2755,Sarnath Buddhist Temple,1
2755,Tibetan Temple,1
2756,AMANCHAUDHARI,1
2756,Dataura stop,1
2756,Gautam purwa,1
2756,Shahjadpur Ghat,1
2756,"Shri Prabhashgiri Parvat, Pabhosha",1
2757,Birbal's Palace,1
2757,Buland Darwaza,1
2757,Jodha Bai's Palace,1
2757,Panch Mahal,1
2757,Rang Mahal Fatehpur Sikri,1
2758,Chota Imambara,1
2758,Lalbagh Jama Masjid,1
2758,Rumi Darwaza,1
2758,Satkhanda,1
2758,Teele Wali Masjid,1
2759,Fatehpur Sikri Fort,1
2759,"Hiran Minar, Fatehpur Sikri",1
2759,Jodha Bai's Palace,1
2759,Panch Mahal,1
2759,Rang Mahal Fatehpur Sikri,1
2760,Dilkusha Garden,1
2760,Eco Garden Lucknow,1
2760,Gautam Buddha Park,1
2760,Jyotiba Phule Zonal Park,1
2760,Manyawar Shri Kanshiram Ji Green Eco Garden,1
2761,Diwan-e-khas,1
2761,Itmad-ud-Daula,1
2761,Shah Jahani Mahal,1
2761,Taj Museum,1
2761,The Shish Mahal (The Glass Palace),1
2762,Ambedkar Park,1
2762,Government Buddha Museum,1
2762,Nauka Vihar Fountain,1
2762,Rail Museum,1
2762,Taramandal 1st Phase Park,1
2763,Buddha Temple,1
2763,Buddha's Mahaparinirvan Place,1
2763,Govt. Museum Kushinagar,1
2763,Matha Kuar Shrine,1
2763,Parinirvana Stupa,1
2764,Amar Singh Gate,1
2764,Jahangir Palace,1
2764,Taj Mahal,1
2764,Taj Museum,1
2764,Taj View Point ADA,1
2765,Ambedkar Park Bidhuna,1
2765,Lakh Bahoshi Bird Centuary,1
2765,Rammanohar Lohiya Park Bidhuna,1
2765,नीमहार वन ब्लॉक वेटलैण्ड,1
2765,भूड़पुरवा तालाब,1
2766,0,1
2766,Taj Mahal,1
2766,Taj Museum,1
2766,Taj Nature Walk,1
2766,Taj View Point ADA,1
2767,Ambedkar Park,1
2767,Government Buddha Museum,1
2767,Nehru Park,1
2767,"Science Museum, gorakhpur university, Gorakhpur",1
2767,Veer Bahadur Singh Planetarium (Taramandal),1
2768,0,1
2768,Manmandir Sri Someshwara Swamy Temple,1
2768,Shree Annapurna Mandir,1
2768,Tibetan Temple,1
2768,Tridev Temple,1
2769,0,1
2769,Mirror Maze,1
2769,Snow World,1
2769,Worlds of Wonder,1
2769,merouttarakhand,1
2770,Buddha Statue,1
2770,"Dhamekh Stupa, Sarnath",1
2770,Sarnath Buddhist Temple,1
2770,Tibetan Temple,1
2770,Wat Thai Sarnath Temple,1
2771,Nagvasuki sangam road,1
2771,Shri Naag Vasuki Mandir,1
2771,Shri Nagavasuki Ji Ka Mandir,1
2771,Sri Mankameshwar Mandir,1
2771,Triveni Sangam Prayagraj,1
2772,Maa Chandrika Devi Temple,1
2772,Naimisharanya Chakra Tirth,1
2772,Naimisharanya Tirth,1
2772,Shree Ma Lalita Devi Mandir,1
2772,Shri Seshnath Mandir,1
2773,Dilkusha Garden,1
2773,Dilkusha Kothi,1
2773,Gautam Buddha Park,1
2773,Historical Baradari,1
2773,Shaheed Smarak,1
2774,Akeel Ahmed,1
2774,Chatri Chauraha,1
2774,Dharm veer kashyap,1
2774,Mahlan Farm,1
2774,Valmiki's area,1
2775,Alakhnath mandir,1
2775,"Shri Pashupati Nath/ Jagmohaneshwar Mandir, Bareilly",1
2775,Shri Trivati Nath Mandir,1
2775,Shri baba Bankhandi Nath ji Temple,1
2775,Shri baba Dhopeshwar Nath ji Temple,1
2776,Kashmiri Hills Charkhari,1
2776,Keerat Sagar,1
2776,Khakhra Math,1
2776,Ranjita Pahar(Hill) Charkhari,1
2776,उप कारागार,1
2777,Chuka Eco Tourism Spot,1
2777,Chuka Ecotourusm Spot Campus.( Eantry Point ),1
2777,Chuka Farm,1
2777,Lal kothi,1
2777,Pilibhit Tiger Reserve,1
2778,Baba traders bangla bazar lucknow,1
2778,Chandrika Devi Temple Parking Area,1
2778,Maa Chandrika Devi Mandir,1
2778,Shri Panchmukhi Hanuman Gadi,1
2778,माता चंद्रिकादेवी भंडारा भवन,1
2779,Globe Park,1
2779,I Love Lucknow Spot,1
2779,Kukrail Picnic Spot Phase II,1
2779,"Victoria Memorial, Lucknow",1
2779,"Victorian Walk by Tornos, Lucknow",1
2780,Kalhans Park,1
2780,Rosea Park,1
2780,Society Park,1
2780,Yadavo ka gaon,1
2780,नेवादा गांव,1
2781,Bara Imambara,1
2781,Bara Imambara main gate,1
2781,Rumi Darwaza,1
2781,Sikandar Bagh,1
2781,"Victoria Memorial, Lucknow",1
2782,Children's Park,2
2782,Nath Nagri Funcity Bareilly,1
2782,North City Park,1
2782,Water park Bareilly,1
2783,Bareilly Nath Nagri Rama Ganga,1
2783,Nath Nagri Funcity Bareilly,1
2783,Ram Ganga Dam,1
2783,Ram Ganga Temple,1
2783,Ramganga Bridge,1
2784,Bharatpur Bird Sanctuary,1
2784,Jodhpur Jhal Bird Sanctuary,1
2784,Keetham Bear Park,1
2784,Keetham Lake,1
2784,Wildlife SOS - Elephant Conservation and Care Center,1
2785,Diwan-I-Am,1
2785,Diwan-e-khas,1
2785,Jahangir Palace,1
2785,Taj Mahal,1
2785,The Shish Mahal (The Glass Palace),1
2786,Digamber Jain Bada Mandir,1
2786,Hastinapur Archaeological Site,1
2786,Hastinapur National Park,1
2786,Hastinapur Wildlife Sanctuary,1
2786,Hastinapur wildlife,1
2787,Gandhi Park,1
2787,Golden Fish Park,1
2787,Golden Gate Park,1
2787,Shahid Smarak,1
2787,Suraj Kund Park,1
2788,Bithoor Museum,1
2788,Car sarvish,1
2788,Dhruv Teela,1
2788,Mahakaleshwar Mandir Pathar Ghat,1
2788,Massacre Ghat,1
2789,0,1
2789,Darga Hazrath Shaik Saleem Chisty Re.,1
2789,Dargah Hazrat Salim Chisty R.A.,1
2789,Sheikh Salim Chisthi Tomb,1
2789,Tomb Of Islam Khan,1
2790,0,1
2790,Ghanta Ghar Park,1
2790,Nandeeshwar diamond,1
2790,Play Area Ghanta Ghar Lucknow,1
2790,Rumi Darwaza,1
2791,Bheem Park Majhpurwa,1
2791,Brajkishor garden,1
2791,Crystal Water Park & Resort,1
2791,Manerga Park,1
2791,Sagar water pump,1
2792,Augharnath Temple,1
2792,Chandi Devi Temple,1
2792,Maa Mansa Devi Mandir,1
2792,Mansa Devi,1
2792,Shahid Smarak,1
2793,"Akbar Fort, Prayagraj",1
2793,"Akshayavat, Prayagraj",1
2793,Alopi Sankari Devi Shakti Peeth Temple,1
2793,"ISKCON Temple, Prayagraj",1
2793,King Ashoka Pillar,1
2794,Bithoor Museum,1
2794,Brahmavart Ghat,1
2794,Kamla Retreat,1
2794,"Laxman Ghat - लक्ष्मण घाट , Dhruva Teela(ध्रुव टीला), Bithoor(बिठूर)",1
2794,Nana Rao Peshva Smarak Park,1
2795,Hanumant Dham,1
2795,"Shukdev Temple ,Shukratal",1
2795,Shukratal Ganga Ghat,1
2795,Shuktaal,1
2795,hanuman mandir shukratal,1
2796,0,1
2796,Augharnath Temple,1
2796,Government Freedom Struggle Museum,1
2796,Suraj Kund Park,1
2796,गाँधी बाग़,1
2797,0,1
2797,Fort Tihar,1
2797,Panch Nadi ka sangam,1
2797,The Fort Rampura,1
2797,raja ka bagh,1
2798,0,1
2798,Bulaqi Adda Chauraha,1
2798,Pasi Qila Park,1
2798,Shahi Bauli Stepwell,1
2798,महाराजा लाखन पासी उपवन,1
2799,0,1
2799,NAYA MAHAL,1
2799,Nadan Mahal Palace,1
2799,Satkhanda,1
2799,alishan Furniture,1
2800,Bal Udyan,1
2800,Japanese Garden,1
2800,Phool Bagh Park,1
2800,Zoo Main Gate,1
2800,Zoo Watch tower,1
2801,Kukrail Forest,1
2801,Kukrail Forest Picnic Spot Phase I,1
2801,Kukrail Gharial Park,1
2801,Picnic Spot Phase 2,1
2801,Picnic Spot phase 1,1
2802,Gautam Buddha Park,1
2802,Globe Park,1
2802,Regional Science City,1
2802,Shaheed Smarak,1
2802,"State Museum, Lucknow",1
2803,Begum Hazrat Mahal Park,1
2803,Gautam Buddha Park,1
2803,Haathi Park,1
2803,Kasturba Gandhi Park,1
2803,Laxman Park,1
2804,Dilkusha Kothi,1
2804,Farhat Baksh Kothi,1
2804,KOTHI GULISTAN-E-IRAM,1
2804,Musa Bagh,1
2804,Sikandar Bagh,1
2805,Maqbara Alia,1
2805,Safed Baradari,1
2805,Satkhanda,1
2805,Shaheed Smarak,1
2805,Sikandar Bagh,1
2806,0,1
2806,Mamuni Bird Sanctuary,1
2806,Pump Nahar,1
2806,SamdaTal Bird Sanctuary Amethi,1
2806,पक्षी व्याख्या केंद्र,1
2807,Birbal's Palace,1
2807,Fatehpur Sikri Fort,1
2807,"Hiran Minar, Fatehpur Sikri",1
2807,Jodha Bai's Palace,1
2807,Rang Mahal Fatehpur Sikri,1
2808,Bara Imambara,1
2808,Maqbara (Tomb) of Saadat Ali Khan,1
2808,Musa Bagh,1
2808,Naubatkhana Bada Imambara,1
2808,Shahi Bauli Stepwell,1
2809,Dr. Ram Manohar Lohia Park,1
2809,Gautam Buddha Park,1
2809,Gomti Riverfront Park,1
2809,Lucknow Fountain-Fountain Dealer in Lucknow,1
2809,Musical fountain park,1
2810,Dhakri Ka Mahal,1
2810,Diwan-e-khas,1
2810,Sikandra Fort,1
2810,Taj Mahal,1
2810,The Shish Mahal (The Glass Palace),1
2811,Bal Udyan,1
2811,Japanese Garden,1
2811,Kaargil Park,1
2811,Moti Jheel Children Park,1
2811,Nana Rao Park,1
2812,0,1
2812,1857-Memorial Museum Residency,1
2812,Ambedkar Memorial Park,1
2812,Dr. Bhimrao Ambedkar Samajik Parivartan Prateek Sthal,1
2812,"State Museum, Lucknow",1
2813,Ambedkar Park Museum,1
2813,Ambedkar park/hathi park,1
2813,Begum Hazrat Mahal Park,1
2813,Dr. Ram Manohar Lohia Park,1
2813,Gautam Buddha Park,1
2814,Forest Area,1
2814,Kukrail Forest Picnic Spot Phase I,1
2814,Kukrail Gharial Park,1
2814,Kukrail Picnic Spot Phase II,1
2814,Picnic Spot phase 1,1
2815,Cenotaph of Raja Gangadhar Rao,1
2815,Jhansi Fort,1
2815,Jhansi ka Qila,1
2815,Rani Laxmi Bai Newalkar Fort,1
2815,Rani Mahal,1
2816,BAULI,1
2816,Bara Imambara,1
2816,Chota Imambara,1
2816,Maqbara Alia,1
2816,Safed Baradari,1
2817,Jhansi Fort Park,1
2817,Jhansi Govt Museum,1
2817,Jhansi ka Qila,1
2817,Rani Laxmi Bai Newalkar Fort,1
2817,Rani Mahal,1
2818,Goin ganj Maidan,1
2818,Historical Baradari,1
2818,Jamadara shahganj jaunpur,1
2818,Kila maidan,1
2818,Parikhana ( Bhatkhande),1
2819,"Government Museum, Mathura",1
2819,Holi Gate,1
2819,Tourist Places In India,1
2819,Vishram Ghat,1
2819,"Yamuna Circle, Mathura",1
2820,Bithoor,1
2820,Brahmavart Ghat,1
2820,Dhruv Teela,1
2820,Fort Museum,1
2820,Nana Rao Peshva Smarak Park,1
2821,Agra Fort,1
2821,Jahangir Palace,1
2821,Kanch Mahal,1
2821,The Shish Mahal (The Glass Palace),1
2821,Tomb of Akbar the Great,1
2822,1857-Memorial Museum Residency,1
2822,Mosque & Imamabra at Residency,1
2822,Residency Park,1
2822,Ruines of the Buildings @ Residency,1
2822,"State Museum, Lucknow",1
2823,Archaeological Buddhist Remains of Sarnath,1
2823,Chaukhandi Stupa,1
2823,Garden of Spiritual Wisdom,1
2823,Sarnath Buddhist Temple,1
2823,Tibetan Temple,1
2824,0,1
2824,"Khambhaur taal, Kalinjar",1
2824,Rani Mahal,1
2824,"Siddh gupha, Kalinjar",1
2824,Sita kund,1
2825,Kamla Nehru Park,1
2825,Kanpur Zoological Park,1
2825,Massacre Ghat,1
2825,Nana Rao Park,1
2825,Phool Bagh Park,1
2826,0,1
2826,Kalpi Lanka Minar,1
2826,Kuldeep,1
2826,Shree Darwaza,1
2826,Tomb of Lodhi Shah Badshah,1
2827,Gautam Buddha Park,1
2827,Safed Baradari,1
2827,Satkhanda,1
2827,"State Museum, Lucknow",1
2827,"Victoria Memorial, Lucknow",1
2828,Ambedkar Park Museum,1
2828,Historical Baradari,1
2828,Nawab Wajid Ali Shah Zoological Garden,1
2828,Philatelic Museum,1
2828,Shaheed Smarak,1
2829,Ganga Barrage,1
2829,Ganga Ghat jajmau Bridge,1
2829,I Love Kanpur,1
2829,Massacre Ghat,1
2829,Sarsaiya Ghat,1
2830,Balrampur Lion House(LUCKNOW ZOO),1
2830,Lucknow Zoo Aquarium,1
2830,Lucknow Zoo Peddle Boating,1
2830,Ostrich,1
2830,Zoo,1
2831,Historical Baradari,1
2831,Husainabad Clock Tower,1
2831,Satkhanda,1
2831,Shaheed Smarak,1
2831,"State Museum, Lucknow",1
2832,Dr. Ram Manohar Lohia Park,1
2832,Gautam Buddha Park,1
2832,Gomti River Front Side,1
2832,Janeshwar Mishra Park,1
2832,Riverside Park,1
2833,0,1
2833,Sikandra Fort,1
2833,Taj Mahal,1
2833,The Lodhi Tomb,1
2833,Tomb of Mariam-UZ-Zamani,1
2834,Bara Imambara,1
2834,Chota Imambara,1
2834,Dilkusha Kothi,1
2834,Satkhanda,1
2834,"The Residency, Lucknow",1
2835,"Akshayavat, Prayagraj",1
2835,Allahabad Museum,1
2835,"Khusro Bagh, Prayagraj",1
2835,King Ashoka Pillar,1
2835,"Patalpuri Kila, Prayagraj",1
2836,ButterflyPark,1
2836,Globe Park,1
2836,Gomti Riverfront Park,1
2836,Haathi Park,1
2836,Suraj Kund Park,1
2837,Taj Mahal Entrance - Agra India,1
2837,Taj Museum,1
2837,Taj View Point ADA,1
2837,Taj Yamuna View Point,1
2837,The Red Taj,1
2838,Bara Imambara,1
2838,Maqbara Alia,1
2838,Moosa Bagh Monument,1
2838,Satkhanda,1
2838,Sikandar Bagh,1
2839,0,1
2839,Birdhouse Lucknow Zoo,1
2839,Kukrail Wildlife Sanctuary,1
2839,Nauralegavj bird sanctuary,1
2839,Parivartan Bird Park,1
2840,Amar Singh Gate,1
2840,Anguri Bagh,1
2840,Red fort of Agra,1
2840,Sikandra Fort,1
2840,Taj Mahal,1
2841,0,1
2841,Gomti Ghat,1
2841,Mankameshwar Upwan Ghat,1
2841,River Gomti Near Kudiya Ghat,1
2841,Satkhanda,1
2842,Dilkusha Kothi,1
2842,Historical Baradari,1
2842,Safed Baradari,1
2842,Satkhanda,1
2842,Shaheed Smarak,1
2843,Chota Imambara,1
2843,Dilkusha Garden,1
2843,Safed Baradari,1
2843,Satkhanda,1
2843,Sikandar Bagh,1
2844,Bara Imambara,1
2844,Chota Imambara,1
2844,Dilkusha Kothi,1
2844,Shaheed Smarak,1
2844,Sikandar Bagh,1
2845,"Akbar Fort, Prayagraj",1
2845,Eastern Tomb Of Khusru Mirza,1
2845,King Ashoka Pillar,1
2845,Nagvasuki sangam road,1
2845,खुसरो बाग़ अमरूद नर्सरी,1
2846,Ambedkar Memorial Park,1
2846,Butler Park,1
2846,Gautam Buddha Park,1
2846,Globe Park,1
2846,Nawab Wajid Ali Shah Zoological Garden,1
2847,AKSHAR VIHAR PARK (Best Parks in Bareilly),1
2847,C. I. Park,1
2847,Children's Park,1
2847,Gandhi Udhyan,1
2847,Phool Bagh,1
2848,ISKCON Nama Hatta Centre,1
2848,ISKCON Sahibabad Temple,1
2848,ISKCON Temple Noida,1
2848,"ISKCON Temple, Greater Noida",1
2848,ISKCON Wave City,1
2849,0,1
2849,Ambedkar Memorial Park,1
2849,Begum Hazrat Mahal Park,1
2849,Shaheed Smarak,1
2849,"Victorian Walk by Tornos, Lucknow",1
2850,Gautam Buddha Park,1
2850,Gomti Riverfront Park,1
2850,Janeshwar Mishra Park,1
2850,Kalindi Park,1
2850,Sikandar Bagh,1
2851,Gola Tourism,1
2851,Khalsa Palace,1
2851,Shiv Mandir,1
2851,Shiv Temple Chhoti Kashi,1
2851,Vipasana Kendra,1
2852,Appu Park,1
2852,Khekiho Memorial Park,1
2852,Lotha Park,1
2852,Mission Park,1
2852,Sheela Park,1
2853,Dzuleke,1
2853,Picnic spot jalukie,1
2853,"Puliebadze, Jotsoma, Kohima",1
2853,River Valley Picnic Spot,1
2853,Uriamghat Picnic Spot,1
2854,ANIGO BIKE RENTAL SERVICE,1
2854,Energy Park,1
2854,Gompa,1
2854,Itanagar Zoo,1
2854,Polo Park,1
2855,Bamuni Hills,1
2855,Haleshwar Temple,1
2855,Padum Pukhuri,1
2855,SHIV MANDIR,1
2855,Sri Sri Maa Bhairabi Mandir,1
2856,Matai Garden,1
2856,Potsangbam Garden (Liklaleima Leikol),1
2856,Selloi Langmai Ecological Park,1
2856,Shilheipung Garden,1
2856,THE SHANGRI-LA PARK,1
2857,0,1
2857,Agnigarh,1
2857,Agnigarh View Point,1
2857,Chitralekha Udyan,1
2857,Ganesh Ghat Temple (গনেশ ঘাট মন্দিৰ),1
2858,Hanubi Ching Tourist Spot,1
2858,Khurkhul Picnic Spot,1
2858,Makhan Picnic Spot,1
2858,Maphou Dam Picnic Spot,1
2858,Phayeng Chakpa Picnic Spot,1
2859,Nameri National Park & Tiger Reserve,1
2859,Nameri National Park And Tiger Reserve,1
2859,Pakke Jungle Camp,1
2859,Pakke Tiger Reserve & Kameng river,1
2859,Pakke WLS & Tiger Reserve,1
2860,Kangthi Langso Waterfall,1
2860,Kangthilangso Eco Tourist & Picnic Spot,1
2860,Pak'longkam (Di'krutpi) Waterfall,1
2860,Silveta Wild-Venture Park,1
2860,TOKOLANGSO WATERFALL,1
2861,0,1
2861,Donyi polo water fall,1
2861,Hercules Eco Camp,1
2861,Rigo Waterfall,1
2861,Techi Aju Territory,1
2862,Children Park,1
2862,Eco Historical Park,1
2862,Indira Park,1
2862,Jadonang Memorial Park,1
2862,Matai Garden,1
2863,"Awunching Biodiversity Park, Pheidinga",1
2863,Matai Garden,1
2863,P.B.Peace Garden,1
2863,Phayeng Hei-yu Park,1
2863,Pheidinga Park,1
2864,Deo Pahar Temple Ruins,1
2864,Deopahar Temple Archeological Site,1
2864,Deoparbat,1
2864,Kakochang Waterfall,1
2864,দেওপাহাৰ ধ্বংসাৱশেষ,1
2865,0,1
2865,Dilli Ghat,1
2865,Merbil-Sasoni Eco-tourism Park,1
2865,Mridul Gogoi,1
2865,Sweety Beauty Parlour,1
2866,0,1
2866,Khonthungo Ezung Farm,1
2866,Mhabemo R Kithan Area,1
2866,Tourist Resort Wokha village,1
2866,Wokha Clock Tower,1
2867,BLOSSOM EXOTICA,1
2867,Fulbagan Park,1
2867,Mahatma Gandhi Udyan/Khanikar Park,1
2867,Maijan lake,1
2867,SHIV MANDIR,1
2868,Ereima Eco Park,1
2868,Indira Park,1
2868,Makoi Park,1
2868,Selloi Langmai Ecological Park,1
2868,Site for Meitei Heritage Park,1
2869,Mahabali Temple,1
2869,Old Govindaji Temple (unused now),1
2869,Radha krishna mandir,1
2869,Shree Shree Radha Krishna Mandir,1
2869,Shri Shri Radha krishna Temple,1
2870,Khangkhui Khullen Mangsor Cave,1
2870,Lungshang River Bridge,1
2870,Lungva park Ramva,1
2870,Mova Peak,1
2870,Nayi kaphung,1
2871,0,2
2871,Directorate Of Tourism,1
2871,Nagaland State Museum,1
2871,Nagaland tourism,1
2872,0,1
2872,Moranhat Park,1
2872,Nagalamora,1
2872,Shantipur Water Pond & Shantipur Club,1
2872,কাঞ্চন উপত্যকা (Kanchan Valley Of Moran),1
2873,Donyi polo water fall,1
2873,Gompa,1
2873,Indira Gandhi Park,1
2873,Itafort Western Gate,1
2873,State Museum,1
2874,Gompa,1
2874,Indira Gandhi Park,1
2874,Ita Fort,1
2874,Itanagar Zoo,1
2874,Science Centre,1
2875,0,5
2876,Burachapori Wildlife Sanctuary,1
2876,Laokhowa burhachapori wildlife sanctuary,1
2876,Orang National Park,1
2876,Orang Tiger Reserve,1
2876,ভোমোৰাগুৰি বৰখেলৰ নামঘৰ ও শংকৰী কৃষ্টি চৰ্চা কেন্দ্ৰ,1
2877,Kangla Eastern Gate (Nongpok Sanathong),1
2877,Kangla Fort,1
2877,Kangla Museum,1
2877,Kangla North Gate,1
2877,Kangla Southern Gate,1
2878,0,1
2878,Bhalukjuri Picnic Spot,1
2878,Bhelughat Waterfall,1
2878,Kakochang Waterfall,1
2878,Kangthi Langso Waterfall,1
2879,East Garden,1
2879,Kombirei Garden,1
2879,Makoi Park,1
2879,Millennium Garden,1
2879,Rose Garden (Kangla Fort),1
2880,Kangla Fort,1
2880,Kangla Western Gate / Kangla Sanathong,1
2880,Manipur State Museum,1
2880,RKCS Art Gallery And Museum,1
2880,Royal Palace,1
2881,Bamuni Hills,1
2881,Bora Chuburi Ghat,1
2881,Da Parbatia Temple,1
2881,Da parbatia Mandir,1
2881,Padum Pukhuri,1
2882,Bhelughat Waterfall,1
2882,Kangthilangso Eco Tourist & Picnic Spot,1
2882,Pak'longkam (Di'krutpi) Waterfall,1
2882,Paklongkam Waterfall,1
2882,Rengoni Waterfall,1
2883,Kahang(Yolo),1
2883,Khorung Mount Sachiri,1
2883,Shirui Base,1
2883,Shirui Ramsei Kathi,1
2883,Tingloi Peak (Sokhami Kaphung),1
2884,Kangla Museum,1
2884,Manipur Science Museum,1
2884,Manipur Zoological Garden,1
2884,Matai Garden,1
2884,Temple Of Thangal General,1
2885,0,1
2885,Bhalukjuri Waterfall,1
2885,Kakochang Water Falls Carparking Area,1
2885,Semelangso waterfall,1
2885,TOKOLANGSO WATERFALL,1
2886,"Chaopha Supaatphaa (Gadadhar Singha) maidam, চাওফা চ্যুপাতফা মৈদাম",1
2886,"Chaopha Suteuphaa maidam, চাওফা চ্যুতেওফা মৈদাম",1
2886,চাওফা চ্যুক্ৰাঙফা মৈদাম Chaophaa Sukhrangpha maidam,1
2886,চাওফা চ্যুতুফা মৈদাম Chaopha Sutuphaa maidam,1
2886,চাওফা ৰাজেশ্বৰ সিংহ মৈদাম (Chaopha Rajeshwar Singha Maidam),1
2887,JSU Water Project,1
2887,Mongleu Resort,1
2887,Old Jalukie Biodiversity Reserve,1
2887,Y Jn,1
2887,samziuram local ground,1
2888,Kachouphung (K) Village,1
2888,Kachouphung (K) community hall,1
2888,Longpi Khullen,1
2888,Nayi kaphung,1
2888,PHANGREI LAKE,1
2889,Joypure national Park,1
2889,Namrup Waterfalls - Dichang,1
2889,Tai Phake Museum,1
2889,Tipam deosali hills,1
2889,Tipamfake Buddhist Monastery,1
2890,Children's and water sports park(Melamora),1
2890,Manash Boruah,1
2890,Mela Mora Eco Tea Tourism Center Road,1
2890,Melamora Eco-Tea Tourism Centre,1
2890,Meluha resort,1
2891,Akashi Ganga picnic spot,1
2891,Champawati waterfall,1
2891,Chapanala,1
2891,Kangthilangso Eco Tourist & Picnic Spot,1
2891,Kathiatoli (Tengapani) Waterfall,1
2892,Ahutoli waterfall,1
2892,Champawati Water Fall / Chapanala Picnic Spot,1
2892,Tenga Pani,1
2892,Tengapani tea garden,1
2892,reng beng tengapani,1
2893,"Dzukou Valley, The Only Network Point (Peak)",1
2893,Dzükou Point,1
2893,Dzükou Valley,1
2893,Pulezo burial,1
2893,Vira elo ba.,1
2894,Andro Panam Ningthou Garden,1
2894,Andro hill,1
2894,Sangaithel Park & Resort,1
2894,Selloi Langmai Ecological Park,1
2894,Ãlìsõñ,1
2895,Dzüko View Point,1
2895,Kohima View Point,1
2895,Kuozhu View Point,1
2895,MOSEN view point,1
2895,"ZHL view point, Kidima, Nagaland",1
2896,Life Spring Corner,1
2896,Lovers point Dimapur,1
2896,Mission Park,1
2896,Nutun Bosti Gate,1
2896,Three House Top,1
2897,Nameri Eco Camp- Nameri National Par,1
2897,Nameri Eco Park,1
2897,Nameri National Park & Tiger Reserve,1
2897,Nameri National park,1
2897,Nameri Wildlife Range HQ,1
2898,KOKA Picnic Spot,1
2898,Kathiatoli (Tengapani) Waterfall,1
2898,Miyungma Daogah Waterfall,1
2898,Panimur Park,1
2898,Panimur view point,1
2899,Kakochang Waterfall,1
2899,Langvoku Waterfall,1
2899,Semelangso waterfall,1
2899,Silveta Waterfall,1
2899,TOKOLANGSO WATERFALL,1
2900,KIDIMA JUBILEE PARK,1
2900,"Phinyo Park - Kidima, Nagaland",1
2900,"VPPC Reserved Forest, Kidima, Nagaland",1
2900,"Vitan Badwe - Kidima, Nagaland",1
2900,"ZHL view point, Kidima, Nagaland",1
2901,Kaziranga,1
2901,Kaziranga National Park,2
2901,Kaziranga National Park Safari Co,1
2901,Kaziranga View Point,1
2902,"Mawkyrduk Monolith, Tynrong, Mawlangwirz Meghalaya India",1
2902,Mawlangkhar Ranges,1
2902,Mawphanlur Lake,1
2902,Mawphanlur Natural Lake,1
2902,"Mawphanlur, Madthadraishan,West Khasi Hills, Meghalaya",1
2903,Gola Ghar,1
2903,Kareng Ghar,1
2903,Rang Ghar ৰংঘৰ,1
2903,Sivasagar,1
2903,Taz House,1
2904,Choithar ngaiva ngaiva,1
2904,Khangkhui Phungdhar Harva Khangai,1
2904,Mova Cave,1
2904,Mt. Khuirung Peak (Khangkhui Phungdhar),1
2904,PHANGREI LAKE,1
2905,Bamuni Hills,1
2905,Chitralekha Udyan,1
2905,Kanaklata pahar,1
2905,Padum Pukhuri Island,1
2905,Tezpur Picnic Place,1
2906,NAC/NMC stoppage point,1
2906,Ntanki National Park,1
2906,Ntu,1
2906,Tamei valley,1
2906,Tanuj land,1
2907,Ahom Raja's Palace,1
2907,Gola Ghar,1
2907,Rang Ghar ৰংঘৰ,1
2907,Sivasagar,1
2907,Talatal Ghar,1
2908,0,5
2909,Agnigarh,1
2909,Gajraj Park,1
2909,Kanaklata pahar,1
2909,Tezpur Picnic Place,1
2909,Trimurti Udyan,1
2910,Boating Park,1
2910,"Inspection Bunglow, Gibbon Wildlife Sanctuary",1
2910,ONGC Avian Park,1
2910,Sukafa Park (চ্যুকাফা উদ্যান),1
2910,গিবন অভয়াৰণ্য,1
2911,Agnigarh View Point,1
2911,Chitralekha Udyan,1
2911,Gajraj Park,1
2911,Ganesh Ghat,1
2911,Padum Pukhuri,1
2912,Bendao Baiglai Waterfall,1
2912,Didung Raji Umrangso,1
2912,Harangajao waterfalls,1
2912,Miyungmadaoga Waterfall,1
2912,Panimur Waterfalls,1
2913,Ireng Waterfall Picnic Spot,1
2913,Kahulong Prayer Mountain,1
2913,Khoupum Waterfall,1
2913,Sadu chiru waterfalls,1
2913,THANGSHI WATER FALL,1
2914,Catholic Church Sechu-Zubza,1
2914,Christ King Catholic Church,1
2914,Kohima Cathedral Church,1
2914,Poumai naga catholic church,1
2914,St Mary's cathedral,1
2915,0,1
2915,Arhumo Farm Fishery,1
2915,Nagi Tsiepfhe,1
2915,RIINUKUMO BOTHO WHl.,1
2915,"Watch Tower, Netaji Peak",1
2916,Angami Dzükou Valley,1
2916,Dzuleke,1
2916,Dzükou Valley,1
2916,Pfüchatsumia Dzü River,1
2916,Sedzü valley,1
2917,0,1
2917,Khonoma Fort,1
2917,Khonoma Village Ground,1
2917,Khriesaneisa Memorial,1
2917,"WW II Memorial, Major Gen. John M.L Grover",1
2918,Kohima View Point,1
2918,Kuozhu View Point,1
2918,RAJESH THAPA,1
2918,Shürho View Point,1
2918,Zero Point,1
2919,Camp David,1
2919,Camp Hornbill,1
2919,Camp stargaze,1
2919,"Campsite Yedikha, Jakhama",1
2919,Dzükou Point,1
2920,0,1
2920,Chetsu waterfall,1
2920,"Kekhokhrie Badze, Chedema Village",1
2920,Shürho View Point,1
2920,Tourist Village Tuophema,1
2921,0,1
2921,Benreu Tourist Village,1
2921,Heunambe Village,1
2921,Peren view point,1
2921,"Tourist Log Huts, Benreu",1
2922,0,2
2922,Dimapur Nagaland India,1
2922,Mongleu Resort,1
2922,Rest house,1
2923,0,1
2923,Dzükou Point,1
2923,Tsüvüza,1
2923,Tuwo,1
2923,Viken zi (The bed of viken),1
2924,Henyei Konyak,1
2924,LINUK PENZU View Point,1
2924,Nadi kinar Bungalow,1
2924,Picnic Tila,1
2924,গেলেকী দীনি মাদ্রাসা,1
2925,Ahthibung waterfall,1
2925,DIMA JIDHAM POND,1
2925,JSU Water Project,1
2925,The waterfront,1
2925,Upper Old Jalukie view point,1
2926,Appu Park,1
2926,Children Park,1
2926,Kachari Park,1
2926,Khekiho Memorial Park,1
2926,Sheela Park,1
2927,Doyang Picnic Spot,1
2927,Falcon Creek Doyang,1
2927,Jubi Island Homestay,1
2927,The Woods,1
2927,YOLO,1
2928,Dzuleke,1
2928,Dzükou Point,1
2928,Dzükou Valley,1
2928,Hausum Resort,1
2928,Khonoma Dzükou Valley,1
2929,Bandar Chalia Water Fall,1
2929,Doyang mini waterfall,1
2929,Jinaba Tower,1
2929,MANGKOLEMBA WATERFALL,1
2929,NelSum WATERFALL (BANDAR CHALIA),1
2930,Aoer lichen Mangkuterong,1
2930,DOYANG VIEW POINT,1
2930,Doyang Picnic Spot,1
2930,Nature Park Ungma,1
2930,Water jarana (always flowing of drinking water),1
2931,0,1
2931,"Kiigho zuu camp 1, Reguri",1
2931,Picnic spot,1
2931,Tiger Hill (L Sipichu),1
2931,TÜZATSU village,1
2932,"Dzukou Valley, The Only Network Point (Peak)",1
2932,Dzüko Entry Point,1
2932,Dzükou Point,1
2932,Dzükou Valley,1
2932,Kuozhu View Point,1
2933,Dzüko View Point,1
2933,Kohima View Point,1
2933,Kuozhu View Point,1
2933,Razhü Point,1
2933,View Point Kikruma,1
2934,Bhel_Naga bridge,1
2934,Gelabil River site picnic Place,1
2934,Nambor Picnic Place,1
2934,Nefani Picnic Place,1
2934,Sildubi picnic Spot,1
2935,Aqua Mellow Park,1
2935,Children Park,1
2935,Khekiho Memorial Park,1
2935,Mission Park,1
2935,Nagaland Zoological Park,1
2936,DOYANG VIEW POINT,1
2936,Doyang tourist Resort,1
2936,Sildubi picnic Spot,1
2936,T S Island,1
2936,Uriamghat Picnic Spot,1
2937,0,1
2937,Ao Morung (Arju),1
2937,CommonWealth World War II Cemetry,1
2937,Kisama Heritage,1
2937,Nagaland State Museum,1
2938,Kaiveo Longwa Forest,1
2938,Longpa morung,1
2938,Longwa Helipad,1
2938,Phoktong Midway Viewpoit,1
2938,Telem's Family Home Stay,1
2939,Appu Park,1
2939,Children Park,1
2939,Green Park,1
2939,Khekiho Memorial Park,1
2939,Mission Park,1
2940,0,1
2940,Half-mile Water falls,1
2940,Mangkolemba Central Park,1
2940,NelSum WATERFALL (BANDAR CHALIA),1
2940,Waterfall Suteplenden,1
2941,Aam Bakan,1
2941,Kupza Banyan (Giant Banyan Tree),1
2941,Nagaland View Point,1
2941,Pine Grove,1
2941,S penathung kikon,1
2942,Chida Post Khezhakeno,1
2942,Hube Cave,1
2942,Khaturü thikha (cliff),1
2942,Khusuntukha,1
2942,People's Festival Khezhakeno.,1
2943,"DC Park, Peren Town",1
2943,Intanki National Park Protection Camp,1
2943,Ki pond,1
2943,NTU,1
2943,Nagaland Zoological Park,1
2944,"Dzukou Valley, The Only Network Point (Peak)",1
2944,Dzuleke,1
2944,Dzüko View Point,1
2944,Dzükou Point,1
2944,Khonoma Dzükou Valley,1
2945,Chumpo Museum,1
2945,Green Park,1
2945,Khekiho Memorial Park,1
2945,Mission Park,1
2945,Nagaland Zoological Park,1
2946,Appu Park,1
2946,Aqua Mellow Park,1
2946,Green Park,1
2946,Khekiho Memorial Park,1
2946,Serene,1
2947,Appu Park,1
2947,Children Park,1
2947,Green Park,1
2947,Kachari Park,1
2947,Niathu Children Park,1
2948,Appu Park,1
2948,Aqua Mellow Park,1
2948,Children Park,1
2948,Kachari Park,1
2948,Mission Park,1
2949,0,1
2949,Botanical Garden,1
2949,Heritage Museum,1
2949,Sakhrie Park,1
2949,World War 2 museum Kisama,1
2950,0,2
2950,Camp Hornbill,1
2950,Hornbill Cultural Arena,1
2950,Kisama Church,1
2951,Dzuleke,1
2951,Dzükou Point,1
2951,Khadi Nagi Resort,1
2951,Khonoma Nature Conservation and Tragopan Sanctuary,1
2951,Picnic Spot Poilwa,1
2952,Doyang tourist Resort,1
2952,Falcon Creek Doyang,1
2952,Jubi Island Homestay,1
2952,My Resort,1
2952,The Woods,1
2953,Diphupar 'A' Ao Baptist Church,1
2953,East Dimapur Ao Baptist Church,1
2953,Lotha Baptist Church,1
2953,"Lotha Baptist Church, Duncan Bosti",1
2953,Town Baptist Church nyamo lotha Road dimapur,1
2954,0,1
2954,Mount Terogvüthün,1
2954,"Puliebadze, Jotsoma, Kohima",1
2954,Rural museum Tuophema,1
2954,Tuophe Phezou Resort,1
2955,0,5
2956,"Morung, Maksha Village",1
2956,Nagaland Adventure Club,1
2956,Nokshio tsoi,1
2956,Tashi Labchen,1
2956,Yonkdep,1
2957,Borali View point,1
2957,Melak River View Point,1
2957,Town view point,1
2957,View Point Longsapang,1
2957,Zero Point,1
2958,C Kikon Coffee Farm,1
2958,"Kekhokhrie Badze, Chedema Village",1
2958,"Khonyiitsa, Kidima",1
2958,Kijümetouma village,1
2958,Vilalhoutuo Niphi kikramia ki (resthouse),1
2959,Bamuni hills park,1
2959,Da Parbatia,1
2959,Mahabhairab Temple,1
2959,Near bamuni hills view point,1
2959,Padum Pukhuri,1
2960,Angami Dzükou Valley,1
2960,Dzuleke,1
2960,Kuozhu View Point,1
2960,Sedzü river,1
2960,"Sühgazu, Thenyizu village",1
2961,Angami Dzükou Valley,1
2961,Pfüchatsumia Dzü River,1
2961,Sedzü river,1
2961,"Sühgazu, Thenyizu village",1
2961,Zarhokha field,1
2962,Aqua Mellow Park,1
2962,Green Park,1
2962,Khekiho Memorial Park,1
2962,Mission Park,1
2962,Primary Park,1
2963,0,5
2964,GOLAGHAT BIRDS EYE VIEW POINT,1
2964,Mathauri View point,1
2964,Mountains View Point,1
2964,Negheribil picnic place,1
2964,View point,1
2965,"Kekhokhrie Badze, Chedema Village",1
2965,Kijuvilhou Kikramia Rüsaki,1
2965,Kuozhu View Point,1
2965,Shürho View Point,1
2965,"ZHL view point, Kidima, Nagaland",1
2966,Chopfüza bridge,1
2966,Doyang Bridge,1
2966,Japan Bridge,1
2966,RAJESH THAPA,1
2966,Thenyiera,1
2967,Dzüko View Point,1
2967,Dzükou Point,1
2967,Dzükou Valley,1
2967,Mountain Japfü,1
2967,Pfukhrobo ketu,1
2968,"Dzukou Valley, The Only Network Point (Peak)",1
2968,Dzüko View Point,1
2968,Dzükou Caves,1
2968,Dzükou Point,1
2968,Dzükou Valley,1
2969,Jorcheng,1
2969,Khakha Fishery pond,1
2969,Mt. Khuirung Peak (Khangkhui Phungdhar),1
2969,Pahai Kasom Phungdhar Ngahong,1
2969,Tingloi Peak (Sokhami Kaphung),1
2970,"Dzukou Valley, The Only Network Point (Peak)",1
2970,Dzüko View Point,1
2970,Dzükou Point,1
2970,Dzükou Valley,1
2970,Khonoma Dzükou Valley,1
2971,Cloudline Treehouse,1
2971,Dzükou Point,1
2971,Dzükou Valley,1
2971,"Puliebadze, Jotsoma, Kohima",1
2971,sotuno homestay,1
2972,0,1
2972,Akkanna Madanna Caves,1
2972,Amaravati cave,1
2972,Moghalrajpuram Caves,1
2972,Natural Caves,1
2973,Borra Bridge,1
2973,Borra Caves Railway Station,1
2973,Borra caves,1
2973,Gosthani waterfall,1
2973,Katika Water Falls Road entry point,1
2974,Billwa kaamakshamma temple,1
2974,Sangameshwara Temple,1
2974,Sangameshwaram temple,1
2974,Shiva Temple,1
2974,Someswara Swamy Temple,1
2975,Octopus Viewpoint,1
2975,Octopus view point,1
2975,Srisailam Dam View Point,1
2975,Srisailam Dam View Point 1,1
2975,Srisailam Dam View Point 2,1
2976,Garudayyagaari Satram,1
2976,SREE RAMALINGESWARA SWAMI TEMPLE,1
2976,Siddeswara Kshetram Temple,1
2976,Sri Siddhavateswara Swamy temple,1
2976,dastagiri swamy temple,1
2977,"NAGARJUNA SAGAR RIGHT CANAL POWER HOUSE, APGENCO",1
2977,Nagarjuna Sagar Dam,1
2977,Nagarjuna Sagar View Point.,1
2977,Pasarlapadu center,1
2977,Rangasai field,1
2978,Doramamidi,1
2978,Doramamidi Bus Stop,1
2978,Mutyalamma thalli Forest kanakapuram,1
2978,Polavaram Dam,1
2978,Ramalayam,1
2979,Sri Bhramaramba Mallikarjuna Swamy Ammavarula Devasthanam,1
2979,Srisailam Bridge,1
2979,Srisailam Dam Museum,1
2979,Srisailam Dam View Point,1
2979,Srisailam View Point,1
2980,Asta Lakshmi Temple,1
2980,Hanuman Temple,1
2980,Sri Uma Markandeyeswara Temple,1
2980,Sri Umakotilingeswara Swamy Sri Sitarama Swamy Temple,1
2980,Syamalamba Temple,1
2981,Ayiramkan Lingam Temple,1
2981,Bharadwaja Theertham,1
2981,Kannappa Temple,1
2981,Sahasra Lingam Temple,1
2981,Srikalahasti Temple,1
2982,Devudu Cheruvu Park,1
2982,Gavandlapallem beach,1
2982,Mallavaram Dam- Gundlakamma River,1
2982,Mamidipalem,1
2982,ONGOLE CITY VIEW POINT 1,1
2983,Gavandlapallem beach,1
2983,Gundalakama dam,1
2983,Gunti Ganga Waterfalls,1
2983,Mallavaram Dam- Gundlakamma River,1
2983,Mamidipalem Cheruvu,1
2984,0,1
2984,Siddi Ramappa Kolanu,1
2984,"Sri Bhramaramba Ammavari Shakti Peetham Temple, Srisailam",1
2984,Sri Bhramaramba Mallikarjuna Swamy Ammavarula Devasthanam,1
2984,Varalamma Temple,1
2985,0,1
2985,Diguva Ahobilam Sri Lakshmi Narasimha Swamy Temple,1
2985,Divyadesam Yeguva Sri Ahobila Narasimha Swamy Temple,1
2985,"Jwala Narasimha Swamy Temple,UPPER AHOBILAM",1
2985,Karanja Narasimha Swamy Temple,1
2986,"Gandhi Hill, Vijayawada.",1
2986,Krishna River Park,1
2986,Mahatma Gandhi Hill,1
2986,Raghavaiah Park,1
2986,Rajiv Gandhi Park,1
2987,Anantapur Museum,1
2987,Iskcon Goshala,1
2987,National Park,1
2987,SRI VENKATESWARA SWAMI TEMPLE,1
2987,Sri Chowdeshwari Temple,1
2988,Hanuman Temple,1
2988,Poleramma Temple,1
2988,Satya Narayana Swami temple,1
2988,Sivalayam Temple,1
2988,"Sri Kalyana Venkateswara Swami Temple, Seetaravamma Gaari Thota",1
2989,Jala Dhara Waterfalls,1
2989,Maredumilli Water Falls,1
2989,Polluru Waterfalls,1
2989,Upparilli waterfalls,1
2989,Uyala waterfalls,1
2990,Shameer Kattubadi Garden,1
2990,Vemana Tomb,1
2990,Vemana samadhi,1
2990,Yogi Vemana Dhyana Mandir,1
2990,Yogi Vemana Temple,1
2991,Kapila Teertham Waterfalls,1
2991,Naravari palli waterfalls,1
2991,RAMAPURAM WATER FALLS,1
2991,Ravi Water falls,1
2991,Water Falls View Point,1
2992,0,1
2992,Gandalayam,1
2992,Sri Lakshmi Narasimha Swamy Temple,1
2992,Sri Lakshmi Naryana Swamy Temple,1
2992,Sri Panakala Lakshmi Narasimha Swamy Temple Metla Margam(steps Way),1
2993,Hatakeswaram,1
2993,Ishtakaameshwari Devi Temple,1
2993,"Mallamma Kanneeru Temple,Srisailam",1
2993,"Sri Bhramaramba Ammavari Shakti Peetham Temple, Srisailam",1
2993,Sri Bhramaramba Mallikarjuna Swamy Ammavarula Devasthanam,1
2994,0,1
2994,Mangalagiri Reserve Forest,1
2994,Sivalayam Temple Mangalagiri,1
2994,Sri Lakshmi Narasimha Swamy Temple,1
2994,Sri Panakaala Narasimha Swamy Devalayam,1
2995,"Happy Valley Resorts, Lambasingi Tourist Rooms, near view point base camp",1
2995,LAMBASINGI CLOUD VIEW POINT,1
2995,Lambasingi Resorts,1
2995,Lambasingi Tourist Place,1
2995,Tajangi Reservoir,1
2996,Dwarnapu Vagu Check Dam,1
2996,Gundalakama dam,1
2996,Matham bhavi Starting point (mokala chipha),1
2996,Mogali Gundalu Water Fall,1
2996,"Water fall, Erukurai",1
2997,Galibanda Sunset Point,1
2997,Horsley Hills Reception,1
2997,Horsley hills top point,1
2997,Western ViewPoint,1
2997,Wild Winds,1
2998,"SRI KALYANA VENKATESWARA SWAMY TEMPLE,NEW STREET,TIRUPATI-517501",1
2998,Shri Varaha Swamy Temple,1
2998,Sri Kapileswara Swamy Temple | Tirupati,1
2998,Sri Venkateshwara Temple,1
2998,Srivari Paadaalu,1
2999,0,1
2999,Hari,1
2999,Ramalayam Temple kotha patapupalem,1
2999,Sri Rama Devasthanam,1
2999,శ్రీ చెన్నకేశవ స్వామి ఆలయం,1
3000,GOLLA Shivudu,1
3000,Munawar Lake,1
3000,Padu senu,1
3000,Sunkesula Barrage,1
3000,Sunkesula Dam Island,1
3001,BharathaMaatha Statue,1
3001,"Shivam Bath, Yanam beach",1
3001,Yanam Beach Boat Point,1
3001,Yanam District Sunrise View Point,1
3001,Yanam Welcome Arch,1
3002,0,1
3002,Diguva Ahobilam Sri Lakshmi Narasimha Swamy Temple,1
3002,Divyadesam Yeguva Sri Ahobila Narasimha Swamy Temple,1
3002,"Jwala Narasimha Swamy Temple,UPPER AHOBILAM",1
3002,Malola Narasimha swamy Temple,1
3003,Agasthya Cave,1
3003,Ramullakota Temple,1
3003,Sri Uma Maheshwara Sri Gayatri Brahmana Annadana and Satram-Yaganti,1
3003,Yaganti Temple,1
3003,Yaganti koneru,1
3004,0,1
3004,NTR STATUE,1
3004,Ntr Ground,1
3004,PNR Gardens,1
3004,తన్నీరు బ్రదర్స్ గార్డెన్స్,1
3005,0,1
3005,Diguva Ahobilam Sri Lakshmi Narasimha Swamy Temple,1
3005,Divyadesam Yeguva Sri Ahobila Narasimha Swamy Temple,1
3005,Karanja Narasimha Swamy Temple,1
3005,Malola Narasimha swamy Temple,1
3006,Octopus View Turning point,1
3006,Siddi Ramappa Kolanu,1
3006,Srisailam Dam View Point,1
3006,Srisailam Dam View Point 2,1
3006,Srisailam View Point,1
3007,Kalahasthi Temple,1
3007,Kannappa Temple,1
3007,Sri Kalahasti Temple Information And Free luggage centre,1
3007,Srikalahasti,1
3007,శ్రీ శ్రీకాళహస్తి ఈశ్వర గుడి ప్రాంగణం,1
3008,Nellore barage,1
3008,PENNA RIVER FIELD GROUND,1
3008,Penna River Estuary,1
3008,Ramalayam,1
3008,Sri Gowripuram Beach,1
3009,Dam Park,1
3009,Dwarnapu Vagu Check Dam,1
3009,Mallavaram Dam- Gundlakamma River,1
3009,Pulikonda kotha cheruu,1
3009,View Point,1
3010,0,1
3010,"Mallamma Kanneeru Temple,Srisailam",1
3010,"Sri Bhramaramba Ammavari Shakti Peetham Temple, Srisailam",1
3010,Srisaila Devasthanam Administrative Office,1
3010,Temple Pond,1
3011,N.T.R Park,1
3011,Nellore Tank(Cheruvu),1
3011,Tallapaka Annamacharya Statue,1
3011,Thikkana Park,1
3011,Tourism,1
3012,Ganesh idol,1
3012,Old Kotappa Temple,1
3012,Shiva Lingam,1
3012,Temple,1
3012,శ్రీ త్రికోటేశ్వరస్వామి ఆవుపాలు,1
3013,Agastheswara Kona waterfalls,1
3013,Aluru Kona Waterfalls,1
3013,Gandikota Waterfalls,1
3013,Hamsalakona Waterfalls 2nd Best Route,1
3013,Waterfalls Dhodium,1
3014,Brodipet Park,1
3014,Crazy World,1
3014,Syamalanagar park,1
3014,Vidyanagar Park,1
3014,"అభయాంజనేయ స్వామి వారి దేవస్థానం. లాలాపేట, గుంటూరు.",1
3015,Nelapattu Bird Sanctuary,1
3015,Nellapattu Bird Sanctuary,1
3015,Pulicat Bird Sanctuary - Lake View Point,1
3015,Pulicat Lake View Point,1
3015,"View Point, Pulicat Bird Sanctuary",1
3016,0,1
3016,Divyadesam Yeguva Sri Ahobila Narasimha Swamy Temple,1
3016,"Jwala Narasimha Swamy Temple,UPPER AHOBILAM",1
3016,Karanja Narasimha Swamy Temple,1
3016,Malola Narasimha swamy Temple,1
3017,Nagiri Street,1
3017,Ramanaboyina Drinking well & Green Fields,1
3017,Ranganayakula Temple,1
3017,UDAYAGIRI Hill's,1
3017,Udayagiri Fort,1
3018,Bhairava Swamy Temple,1
3018,Shivaalayam బ్రహ్మ సూత్రం కలిగిన శివలింగం,1
3018,Sri Muvullamaa Talli Temple,1
3018,Sri Someswara Temple,1
3018,Subramanyeswara Swami Temple,1
3019,Pedapudi vetlapalem junction,1
3019,Peddapallanki valsa,1
3019,Pedha cheruvu,1
3019,SURESH DROP7,1
3019,Suryarao peta,1
3020,Mincheri Water Falls,1
3020,PABR dam,1
3020,Penna Ahobilam,1
3020,Penna River Bridge,1
3020,Pennahobilam new water folles,1
3021,0,2
3021,Annmayya Circle,1
3021,NTR Necklace Road,1
3021,Thikkana Park,1
3022,Amaravati Stupam,1
3022,Amravathi Museum,1
3022,"Dhyana Buddha Project Amaravathi,GNT,AP",1
3022,Museum interpretation center,1
3022,శిధిల మహా స్థూపం,1
3023,Ammavari Temple,1
3023,Anjaneya Swamy temple,1
3023,Bhavanarayana Swamy Temple.,1
3023,Durga Amma Temple,1
3023,Sri Mahalakshmi Ammavari alayam,1
3024,Shri Venkateswara Idol,1
3024,Sri Venkateshwara Temple,1
3024,Srivari Paadaalu,1
3024,Tirumala Chakratheertham,1
3024,Tirupati Balaji 1607 step,1
3025,KOTAPOLUR STAGE,1
3025,Nelapattu Bird Sanctuary,1
3025,Nelapattu Bird Sanctuary Entrance,1
3025,Pulicat Bird Sanctuary,1
3025,Pulicat Lake View Point,1
3026,Paladhara-Panchadhara,1
3026,Sri Bhramaramba Mallikarjuna Swamy Ammavarula Devasthanam,1
3026,Srisailam Dam View Point 2,1
3026,Srisailam Reservoir,1
3026,Srisailam View Point,1
3027,Dam Park,1
3027,Gundalakama dam,1
3027,Gundlakamma river Dam cum bridge,1
3027,Mallavaram Dam Boating Point,1
3027,Poleramma Temple,1
3028,0,1
3028,Diguva Ahobilam Sri Lakshmi Narasimha Swamy Temple,1
3028,Divyadesam Yeguva Sri Ahobila Narasimha Swamy Temple,1
3028,Malola Narasimha swamy Temple,1
3028,UGRA STAMBHAM - Ahobilam,1
3029,0,1
3029,Diguva Ahobilam Sri Lakshmi Narasimha Swamy Temple,1
3029,"Jwala Narasimha Swamy Temple,UPPER AHOBILAM",1
3029,Karanja Narasimha Swamy Temple,1
3029,Malola Narasimha swamy Temple,1
3030,Bandar Kota Church,1
3030,Bandar Port,1
3030,Challapalli Rajavari Fort,1
3030,Fort Gate,1
3030,Kekini Mahal,1
3031,BANDHARA KONA బంధేరు కోన,1
3031,Lakshmi Devi Temple(Veyyinutula Kona),1
3031,Pulikora,1
3031,Sri Lakshmi Narasimha Swamy Temple,1
3031,Waterfall Nityapuja Kona,1
3032,Kondapalli Fort,1
3032,Kondapalli Waterfalls,1
3032,Kondapalli killa waterfalls,1
3032,Mangalagiri Reserve Forest,1
3032,Tadepalli Reserve Forest,1
3033,Anjaneya Swami Temple,1
3033,Hanuman Temple,2
3033,Paritala Temple,1
3033,Paritala ashram,1
3034,Shri Varaha Swamy Temple,1
3034,Shri Venkateswara Idol,1
3034,Sri Venkateswara Swamy Vaari Temple,1
3034,Srivari Mettu,1
3034,Tirumala Chakratheertham,1
3035,0,1
3035,ARAKU VALLEY,1
3035,Arakku valley coffee museum,1
3035,Araku Art Mueseum,1
3035,Tribal Museum,1
3036,Anupu,1
3036,Anupu Amphitheatre,1
3036,Nagarjuna Sagar View Point.,1
3036,Nagarjuna's Monastery,1
3036,Nagarjunakonda Archaeological Museum,1
3037,Cumbum Forest Range,1
3037,Lankamala West View Point,1
3037,Paalakondalu Water Falls,1
3037,Peddagadi Forest,1
3037,Sri Lankamalleswara Wildlife Sanctuary,1
3038,"Dhobi Ghat , Rajahmundry",1
3038,Godavari Haarathi ( గోదవరి నిత్య హారతి ),1
3038,Gowthami Ghat,1
3038,Pushkar Ghat Fountain,1
3038,Saraswati Ghat,1
3039,Kowlur waterfalls,1
3039,Mangampeta Waterfalls,1
3039,Owk Waterfalls,1
3039,Thammarajupalli Waterfalls,1
3039,Water falls,1
3040,Manu home,1
3040,Manzhumiya Park Kadapa City,1
3040,Nanapalli kunta,1
3040,Pinakini-Kundu-Papagni Triveni Sangam,1
3040,ఏటి ఆంజనేయ స్వామి,1
3041,"Mallamma Kanneeru Temple,Srisailam",1
3041,Paladhara-Panchadhara,1
3041,Shree Shivaji Dhyana Mandir,1
3041,Siddi Ramappa Kolanu,1
3041,Sri Bhramaramba Mallikarjuna Swamy Ammavarula Devasthanam,1
3042,Nallamala Forest,1
3042,Nallamala Forest entrance (Amrabad Tiger Reserve forest),1
3042,Pedda Manthanala,1
3042,Thummalabailu,1
3042,https://nstr.co.in/nallamala-jungle-camps-pacherla/,1
3043,Baby Sri Fish Aquarium,1
3043,Dolphin's Nose Lighthouse,1
3043,Matsya Kanya,1
3043,VMRDA INS Kursura Submarine Museum,1
3043,Visakha Museum,1
3044,Ancient Hindu temple,1
3044,Seethapalem MiddleHill BeachViewPoint,1
3044,Seethapalem mountain viewpoint,1
3044,Tikkavanipalem Beach,1
3044,పూడిమడక బీచ్,1
3045,Krishna River Front,1
3045,Krishna River Ghat,1
3045,Siddi Ramappa Kolanu,1
3045,Srisailam Bridge,1
3045,View Point Krishna River,1
3046,Donabanda waterfalls trek point,1
3046,Gottumukkala waterfalls,1
3046,Kondapalli Fort,1
3046,Kondapalli killa waterfalls,1
3046,Paritala Waterfalls,1
3047,0,2
3047,Raintree park Bird Sanctuary,1
3047,Uppalapadu Birds Lake,1
3047,Uppalapadu bird sanctuary,1
3048,0,1
3048,Penchala,1
3048,Penchalakona,1
3048,Singanapalli waterfalls,1
3048,"Siva Kona Waterfalls , Rapuru",1
3049,Aryabhatta Science Centre & Museum,1
3049,Cotton Museum,1
3049,Godavari Haarathi ( గోదవరి నిత్య హారతి ),1
3049,Gowthami Ghat,1
3049,Sri Kandukuri Veeresalingam Pantulu House,1
3050,Gandikota Fort,1
3050,Granary at Gandikota,1
3050,Grand Canyon of India | Gandikota Guide - A Ride to Gandikota,1
3050,Kathula Koneru,1
3050,Raghunatha Swamy Temple,1
3051,0,1
3051,Penna Ahobilam,1
3051,Sri Lakshmi Narasimha Swamy Temple,1
3051,Sri Udbhava Lakshmi Devi Temple,1
3051,శ్రీ లక్ష్మ నరసిహస్వామి పదం,1
3052,Godavari Haarathi ( గోదవరి నిత్య హారతి ),1
3052,Old Railway Bridge,1
3052,Old railway line Bridge,1
3052,Pushkar Ghat Fountain,1
3052,Rallabandi Subba Rao Archaeological Museum,1
3053,0,1
3053,Banaganapalli,1
3053,Lion's Park,1
3053,Nawab Bungalow,1
3053,Yaganti Temple,1
3054,Boddu Chavidi,1
3054,Kanigiri,1
3054,Kanigiri Hill,1
3054,Kanigiri Hills,1
3054,Puli Venkata Reddy Park,1
3055,Mamandur Eco tourism Forest Guest House,1
3055,Mamandur forest eco tourism,1
3055,Mamanduru water logs,1
3055,mamandur forest,1
3055,manandur forest trekking,1
3056,Chenchu Lakshmi Tribal Museum,1
3056,"Mallamma Kanneeru Temple,Srisailam",1
3056,Paladhara-Panchadhara,1
3056,Sri Bhramaramba Mallikarjuna Swamy Ammavarula Devasthanam,1
3056,Srisailam View Point,1
3057,0,1
3057,Prakasam Park,1
3057,Rajanna Municipal Park,1
3057,Sri Babu Jagjivanram park,1
3057,Tirumala Deer Park Reserve,1
3058,Divyaramam Park,1
3058,Kapila Teertham Waterfalls,1
3058,Papavinasanam Dam,1
3058,Srivari Paadaalu,1
3058,Tirumala Chakratheertham,1
3059,Bapu Museum,1
3059,Krishna Railway Bridge,1
3059,Krishna River Park,1
3059,Rajiv Gandhi Park,1
3059,Sightseeing spot (Krishna River),1
3060,Madhavadhara Temple,1
3060,Simhachalam Devasthanam Steps,1
3060,Sri Kanaka Maha Lakshmi Temple,1
3060,Sri Lakshmi Narasimha Swami Temple,1
3060,Sri Seetharama Swami Temple,1
3061,Lumbini Park,1
3061,Teneti Park View Point,1
3061,Tennati Sea View Point,1
3061,Titanic Sea View Point,1
3061,VUDA PARK,1
3062,Bhairavakona,1
3062,Bhairavakona cave temples,1
3062,Bhairaveswara Swami Temple,1
3062,Durga Bhairava Annadaana Satram,1
3062,bhairavakona,1
3063,Akkanna Madanna Caves,1
3063,"Gandhi Hill, Vijayawada.",1
3063,Moghalrajpuram Caves,1
3063,Rajiv Gandhi Park,1
3063,కళాకృతి,1
3064,Kondareddy Buruju Center,1
3064,Kurnool,1
3064,Kurnool clock tower,1
3064,Orvakallu Rock Gardens,1
3064,Tomb of Abdul Wahab Khan,1
3065,Alaganuru Reservoir,1
3065,Cherukucherla,1
3065,Environmental Education Centre,1
3065,KARS BIRD PARK KURNOOL,1
3065,Rollapadu Bird Sanctuary Watch Tower,1
3066,GANDIKOTA TOURISM,1
3066,Gandikota Canyon view point,1
3066,Gandikota Grand Canyon,1
3066,Gandikota River View Point,1
3066,Granary at Gandikota,1
3067,Krishnaveni Ghat,1
3067,Pavithra Sangamam Ghat,1
3067,SAI THRIVENI PAVITHRA SANGAMAM,1
3067,Sangamam Harathi,1
3067,కృష్ణా నది పవిత్ర హరతి,1
3068,Mallela Thirtham Waterfall,1
3068,Nallamala Jungle Camp Bairluty,1
3068,Nallamalla Forest Neelakantam Srinu,1
3068,Paladhara-Panchadhara,1
3068,Thummalabailu,1
3069,Chirala Beach,1
3069,Nizampatnam beach,1
3069,PPRHS Beach,1
3069,Suryalanka Beach,1
3069,gali building,1
3070,Kondakarla Bird Sanctuary,1
3070,Lingala Konda,1
3070,Lingalakonda Maha Stupa,1
3070,Sankaram Buddhist Archaeological Site,1
3070,Thotlakonda,1
3071,Kondapalli High peak,1
3071,Kondapalli Reserve Forest,1
3071,Kondapalli Waterfalls,1
3071,Kondapalli killa waterfalls,1
3071,Kondaveedu Fort,1
3072,Anjaneya swamy temple,1
3072,Donabanda waterfalls trek point,1
3072,Gottumukkala waterfalls,1
3072,Kondapalli Waterfalls,1
3072,Paritala Waterfalls,1
3073,ARAKU VALLEY,1
3073,Anjoda Park,1
3073,Araku,1
3073,Arku Garden,1
3073,Botanical garden,1
3074,Deer Park View,1
3074,S.V.National Park Tirupati Range,1
3074,SV ZOO LION SAFARI,1
3074,Sv Zoo Park,1
3074,Tirupati View Point,1
3075,Jungle Book Water Falls,1
3075,Malwadigundam Water Falls,1
3075,RAMAPURAM WATER FALLS,1
3075,Water Falls View Point,1
3075,pickurstay @ lotusgrand tirupati,1
3076,Love Vizag,1
3076,Matsya Darshini,1
3076,VMRDA INS Kursura Submarine Museum,1
3076,VMRDA Visakha Aircraft Museum,1
3076,Victory At Sea War Memorial,1
3077,Coringa Mangrove World,1
3077,Coringa Reserve Forest,1
3077,Coringa Wild Life Santury,1
3077,Coringa wildlife Sanctuary,1
3077,Coringa wildlife sanctuary road,1
3078,Kadali Vanam Cave,1
3078,"Mallamma Kanneeru Temple,Srisailam",1
3078,Siddi Ramappa Kolanu,1
3078,Sri Bhramaramba Mallikarjuna Swamy Ammavarula Devasthanam,1
3078,Srisailam Theme Parks,1
3079,Archaeological Museum,1
3079,"Chandragiri Highway junction, Tirupati",1
3079,Jungle Book Water Falls,1
3079,Kapila Teertham Waterfalls,1
3079,Tirumala Chakratheertham,1
3080,Dhyana Buddha Ghat,1
3080,"Dhyana Buddha Project Amaravathi,GNT,AP",1
3080,Sri Lalitha Paramesvari Devasthanam,1
3080,అమరావతి యోగాశ్రమం,1
3080,బౌద్ధ పురాతత్వ మ్యూజియం,1
3081,Srisailam Dam View Point 1,1
3081,Srisailam Dam View Point 2,1
3081,Srisailam Reservoir,1
3081,Srisailam View Point,1
3081,View Point Krishna River,1
3082,Bapu Museum,1
3082,Moghalrajpuram Caves,1
3082,Natural Caves,1
3082,Sri Durga Malleswara Swamy Varla Devasthanam,1
3082,Undavalli Caves,1
3083,Beach View Point,1
3083,Matsya Darshini,1
3083,Navy Old Light House,1
3083,Titanic Sea View Point,1
3083,Visakhapatnam Lighthouse,1
3084,Gandikota Canyon view point,1
3084,Granary at Gandikota,1
3084,Grand Canyon of India | Gandikota Guide - A Ride to Gandikota,1
3084,Kona Waterfalls,1
3084,Waterfalls Dhodium,1
3085,Maritime Museum (Dutch Bungalow),1
3085,Matsya Darshini,1
3085,VMRDA Visakha Aircraft Museum,1
3085,Victory At Sea War Memorial,1
3085,Visakha Museum,1
3086,Kishor,1
3086,Kondapalli Fort,1
3086,Kondavedu entrance,1
3086,Kondaveedu Ghat Road,1
3086,View point,1
3087,Agasthya Cave,1
3087,Kala Gnani Brahmam gari Sankara Guha,1
3087,Ramullakota Temple,1
3087,Shri Uma Maheshwara Swamy Temple,1
3087,Yaganti koneru,1
3088,ARAKU VALLEY,1
3088,Araku,1
3088,Araku Art Mueseum,1
3088,Coffee Museum,1
3088,Tribal Museum Araku Valley PR,1
3089,Andhra waterfalls,1
3089,Bhupateswara Water Falls,1
3089,Kailasa Kona falls,1
3089,T. P. KOTA WATER FALLS,1
3089,Tada Waterfalls,1
3090,Haritha Rock Garden Restuarant APTDC,1
3090,Konda Reddy Fort,1
3090,ROCK GARDEN ORVAKALLU COTTAGES,1
3090,Rock Garden - A P Tourism,1
3090,orvakal Rock gardens foot bridge,1
3091,Buddha Statue,1
3091,Eggoni and Muchalapuri bridge,1
3091,Granary at Gandikota,1
3091,Tourist hut,1
3091,ఒబులేస్వర స్వామి టెంపుల్,1
3092,0,1
3092,Deopani Park,1
3092,Pulu Raju,1
3092,Roing Zoo,1
3092,"Sally Lake, Roing",1
3093,0,1
3093,Mechuka Hill,1
3093,Mechuka View,1
3093,River Bridge,1
3093,Zero point,1
3094,Bomdila Pass,1
3094,Bomdila War Memorial,1
3094,Buddha Park,1
3094,LDL Buddhist Monastery,1
3094,Mandala Associates,1
3095,Deo Pahar Temple Ruins,1
3095,Deopahar Temple Archeological Site,1
3095,Deoparbat,1
3095,Kakochang Waterfall,1
3095,দেওপাহাৰ ধ্বংসাৱশেষ,1
3096,0,1
3096,Gorkha Tiniali,1
3096,Jaryum Home Stay & Kukuli Organic Garden,1
3096,Jaryum Homestay,1
3096,Jumdo Ete,1
3097,0,5
3098,Arunachal Tour And Travels,1
3098,Directorate of Rural Development Itanagar office,1
3098,DonyiTravels Itanagar,1
3098,Eli Tour & Travel Itanagar.,1
3098,Hill Bird Travels,1
3099,Bishop's Falls,1
3099,Elephant Falls,1
3099,Lum Kshaid View Point,1
3099,Malki Forest,1
3099,Shillong Peak Picnic Spot,1
3100,0,5
3101,0,5
3102,0,1
3102,Bhalukjuri Waterfall,1
3102,Kakochang Water Falls Carparking Area,1
3102,Semelangso waterfall,1
3102,TOKOLANGSO WATERFALL,1
3103,Daojeng,1
3103,Donkey Falls,1
3103,Fagun Tourism,1
3103,Himalaya Picnic Spot,1
3103,Sansrikang park,1
3104,0,5
3105,Energy Park,1
3105,Indira Gandhi Park,1
3105,NERIST Christian Fellowship,1
3105,Nerist Shiv Mandir,1
3105,North Eastern Regional Institute of Science and Technology,1
3106,0,1
3106,ITBP viewpoint Itanagar,1
3106,Indira Gandhi Park,1
3106,Police Parade Ground,1
3106,View Point - Above Gompa,1
3107,Bhekeli Bridge,1
3107,Bogibeel Night view,1
3107,Bogibeel Rail Bridge,1
3107,Bogibill Kanchanjanga Boating,1
3107,বগীবিল সেতু Bogibeel Bridge,1
3108,Kaziranga,1
3108,Kaziranga National Park,2
3108,Kaziranga National Park Safari Co,1
3108,Kaziranga View Point,1
3109,0,1
3109,Malini than(Temple),1
3109,Ramdhan Maa Kali Than,1
3109,Rukmini Temple,1
3109,শ্ৰীমন্ত শঙ্কৰদেৱ সঙ্ঘ পাঁচ আলি প্ৰাথমিক শাখা,1
3110,Bamuni Hills,1
3110,Chitralekha Udyan,1
3110,Kanaklata pahar,1
3110,Padum Pukhuri Island,1
3110,Tezpur Picnic Place,1
3111,Buddha statue lathao,1
3111,Budha Temple At Latho,1
3111,Golden Pagoda Lord Buddha Statue,1
3111,"Nalong, Buddhist Temple",1
3111,Namsai Buddhist Temple,1
3112,Dehing Patkai National Park,1
3112,Digboi Park,1
3112,Digboi Reserve Forest,1
3112,Joypure national Park,1
3112,দিহিং পাতকাই অভয়াৰণ্য,1
3113,Dehing Patkai National Park,1
3113,Dehing Patkai Wildlife Sanctuary,1
3113,Digboi Reserve Forest,1
3113,Jeypore Rainforest,1
3113,দিহিং পাটকাই ৰাষ্ট্ৰীয় উদ্যান,1
3114,Dulung Rain Forest,1
3114,Gerukamukh Subansiri River,1
3114,Gerumamukh Picnic Ground,1
3114,Jiadhalmukh Picnic Spot,1
3114,Padumoni Park,1
3115,Hanging Bridge,1
3115,Hanging Bridge Top,1
3115,Hissam Bridge,1
3115,Pongging Hanging Bridge,1
3115,Pongging view point,1
3116,Kaiveo Longwa Forest,1
3116,Longpa morung,1
3116,Longwa Helipad,1
3116,Phoktong Midway Viewpoit,1
3116,Telem's Family Home Stay,1
3117,Bomken's WRC field,1
3117,Community Hall ( Nari Dere),1
3117,ETE WRC Field,1
3117,Nari Bridge,1
3117,Nari Moopin Ground,1
3118,Bomjir Resort,1
3118,Dibang Valley Jungle Camp,1
3118,Mishmi Hills Camp,1
3118,Roing Eco Lodge Camp,1
3118,Roing Jungle Camp,1
3119,Daojeng,1
3119,Donkey Falls,1
3119,Dwijiri Waterfall,1
3119,Himalaya Picnic Spot,1
3119,Picnic spot,1
3120,0,5
3121,Siiro Homestay,1
3121,Siiro Resort,1
3121,View Point Home Stay Ziro,1
3121,ZIRO PUTU HOMESTAY,1
3121,Ziro Valley Homestay Cottage,1
3122,ANIGO BIKE RENTAL SERVICE,1
3122,Energy Park,1
3122,Indira Gandhi Park,1
3122,Itanagar Zoo,1
3122,P Yakar Picnic Spot,1
3123,Bishnu Rabha Park,1
3123,Guijan Picnic Spot,1
3123,Na-pukhuri Park,1
3123,Ramdhenu Children Park,1
3123,Tinikunia Pukhuri,1
3124,Botanical Playground Park,1
3124,Komlighat Playground,1
3124,Park,1
3124,Siang Park,1
3124,Sibot picnic spot,1
3125,Borajan Bherjan Podumoni Wildlife Sanctuary,1
3125,Forest Reserve Assamese Hotspot,1
3125,Mahakali Reserve forest,1
3125,Picnic Spot In The Forest,1
3125,Poba Wildlife Sanctuary,1
3126,Bamuni hills park,1
3126,Da Parbatia,1
3126,Mahabhairab Temple,1
3126,Near bamuni hills view point,1
3126,Padum Pukhuri,1
3127,0,1
3127,Assamness Dibru Saikhowa,1
3127,Dihing Patkai National Park,1
3127,Dobru saikhowa national park(badama sapori ),1
3127,Kekjori Tree,1
3128,0,5
3129,Dimow Hills,1
3129,Dimow picnic ground,1
3129,Hanging Bridge,1
3129,Jiadhalmukh Picnic Spot,1
3129,Likabali...Picnic Spot,1
3130,Bagaribari Picnic Spot,1
3130,DHEMAJI DIMOW PICNIC SPOT,1
3130,Dishangmukh Picnic Spot.,1
3130,Gerumamukh Picnic Ground,1
3130,Jiyadhal Mukh Balisapori,1
3131,Dong Resort,1
3131,Dong pwd guest house,1
3131,Namti View Point,1
3131,Walong Lodge,1
3131,Walong War Memorial,1
3132,Jumi Picnic Spot,1
3132,Kimin,1
3132,Kimin View Point,1
3132,Kimin View Point Resort,1
3132,Kimin view point cum restorant,1
3133,Joypure national Park,1
3133,Namrup Waterfalls - Dichang,1
3133,Tai Phake Museum,1
3133,Tipam deosali hills,1
3133,Tipamfake Buddhist Monastery,1
3134,Peaceful SIANG point of view,1
3134,Pongging view point,1
3134,River view of siang,1
3134,Siang Park,1
3134,Sirki waterfall,1
3135,0,1
3135,Hanging Bridge,1
3135,Jiadhalmukh Picnic Spot,1
3135,Kuwali Waterfall Dhemaji,1
3135,Rupohi Waterfall,1
3136,Bomdila War Memorial,1
3136,"Jaswant Garh War Memorial, Army Canteen",1
3136,Nyukmadung War Memorial,1
3136,Rifleman Jaswant Singh Memorial,1
3136,Tawang War Memorial,1
3137,Deer Park,1
3137,Miao Mini Zoo,1
3137,Namdapha Wildlife Tourism,1
3137,Nao Dihing crossing place,1
3137,Picnic spot,1
3138,Donyi polo water fall,1
3138,Gompa,1
3138,Rest Point ‍ ️ ‍ ️,1
3138,State Museum,1
3138,Statue of Gandhi ji,1
3139,0,1
3139,Agarwal's Tea Garden,1
3139,"Buddha Statue, Gandhi Park, Bordumsa Town",1
3139,II WORLD WAR MEMORIAL CEMETERY,1
3139,War Museum,1
3140,0,2
3140,Daying Ering wildlife sanctuary,1
3140,Mehao Wildlife Sanctuary,1
3140,Poba Wildlife Sanctuary,1
3141,Bompu camp - Eaglenest Wildlife Sanctuary,1
3141,Eaglenest Pass,1
3141,Nameri Eco Park,1
3141,Nameri National Park & Tiger Reserve,1
3141,Pakke Tiger Reserve,1
3142,Bagaribari Picnic Spot,1
3142,DHEMAJI DIMOW PICNIC SPOT,1
3142,Jiadhalmukh Picnic Spot,1
3142,Likabali bridge,1
3142,Likabali...Picnic Spot,1
3143,0,1
3143,Bagaribari Picnic Spot,1
3143,Jiadhalmukh Picnic Spot,1
3143,Kuwali Waterfall Dhemaji,1
3143,Rupohi Hill View Waterfall,1
3144,Tipam Deohal Entrance,1
3144,Tipam Deohali Than,1
3144,Tipam Fakial,1
3144,"Tipam, First Capital of Ahom Dynasty",1
3144,ৰাজধানী তিপাম,1
3145,Dangaria Baba Shiv Mandir,1
3145,Khem Tamang,1
3145,Komlighat Park,1
3145,Park,1
3145,Siang Park,1
3146,0,1
3146,Old Ziro best view,1
3146,Pechi Putu Ziro,1
3146,Siikhe lake,1
3146,Ziro,1
3147,Nameri Eco Camp- Nameri National Par,1
3147,Nameri Eco Park,1
3147,Nameri National Park & Tiger Reserve,1
3147,Nameri National park,1
3147,Nameri Wildlife Range HQ,1
3148,0,1
3148,Old Ziro best view,1
3148,Riimey Park Siiro,1
3148,"SEEH LAKE, Biirii, Ziro",1
3148,Ziro,1
3149,0,5
3150,Dirpai Bridge,1
3150,Gerukamukh Subansiri River,1
3150,NHPC Powerhouse (Lower Subansiri),1
3150,Pachani Camp Iron Bridge,1
3150,SUBANSIRI DAM,1
3151,Laching Bagang,1
3151,Rang Paragliding Site,1
3151,Rilloh View Point,1
3151,Seppa View Point,1
3151,"Seppa Viewpoint, Rang",1
3152,Komlighat Park,1
3152,Siang Park,1
3152,Siang River View Resort,1
3152,Siku River,1
3152,Sisseri Bridge,1
3153,Dilighat Bridge,1
3153,Dillighat water Intake,1
3153,Namrup Waterfalls - Dichang,1
3153,"Shiv Mandir, Dilli Ghat, Namrup, Assam",1
3153,Small Playground,1
3154,0,1
3154,District Agriculture Office,1
3154,New Changlang Village,1
3154,P.K Point,1
3154,Secretariat Changlang,1
3155,Kamlang PicNic Spot,1
3155,Miao Mini Zoo,1
3155,Nao Dihing crossing place,1
3155,Nevari,1
3155,Zero PicNic Spot,1
3156,Dambuk Picnic,1
3156,"Dambuk, Arunachal Pradesh",1
3156,Hill top garden,1
3156,Lakku hills,1
3156,Sibot picnic spot,1
3157,"Assam Rifles Mandir,Khonsa",1
3157,District Museum,1
3157,Khonsa Market,1
3157,Sani Mandir,1
3157,Tirap valley Fall,1
3158,Basar Arunachal Pradesh home,1
3158,GRK Basar Confluence,1
3158,"MULTI-PURPOSE CULTURAL HALL, BASAR",1
3158,Paya Lipor,1
3158,"Siang District ,Babo ,Mumying Market",1
3159,Botanical Garden,1
3159,District Museum,1
3159,KRI AREA,1
3159,Sun set point Tezu,1
3159,Tezu fort ruins,1
3160,Bathou Mandir,1
3160,Mandir,1
3160,Shiv Mandir Romdum,1
3160,Siang Park,1
3160,Talom rukbo memorial statue,1
3161,Bomdila Monastery,1
3161,Bomdila Pass,1
3161,Buddha Park,1
3161,Mandala Associates,1
3161,Nyingmapa Monastery,1
3162,Gompa,1
3162,Indira Gandhi Park,1
3162,Itanagar Zoo,1
3162,Rathor park,1
3162,UNDER PASS ITANAGAR,1
3163,Bomdila Pass,1
3163,Bumla Pass,1
3163,Darkgreen Adventures Sela Point,1
3163,Sela Lake,1
3163,Sela Tunnel,1
3164,Daying Ering wildlife sanctuary,1
3164,Deopani Park,1
3164,MehaoLake,1
3164,Roing Zoo,1
3164,goverment reserve forest,1
3165,0,1
3165,Bomdila War Memorial,1
3165,Jaswant Garh War Memorial,1
3165,Tanpey Dronmey Museum,1
3165,Tawang War Memorial,1
3166,Rang View Hut,1
3166,Sepa,1
3166,Seppa Cloud View Point,1
3166,Seppa View Point,1
3166,Takarpu Gompa | Seppa,1
3167,Barapani Bridge,1
3167,Gompa,1
3167,NAHARLAGUN YUPIA BYPASS BRIDGE,1
3167,National Flag - Itanagar Naharlagun Railway Station,1
3167,Polo Park,1
3168,Peaceful SIANG point of view,1
3168,Pongging Hanging Bridge,1
3168,Pongging view point,1
3168,Siang Park,1
3168,Siang River View Resort,1
3169,Kamlang Bridge,1
3169,Kamlang PicNic Spot,1
3169,Lohit Bridge,1
3169,Shree Parashurama Kunda Temple,1
3169,Zero PicNic Spot,1
3170,0,1
3170,ASSAMNESS HOTSPOT TEZU,1
3170,Botanical Garden,1
3170,Clock Tower Tezu,1
3170,Tezu fort ruins,1
3171,0,5
3172,Komlighat Park,1
3172,Park,1
3172,Peaceful SIANG point of view,1
3172,Pongging view point,1
3172,Siang River View Resort,1
3173,Dhariya Waterfall,1
3173,Jang Valley,1
3173,Jung falls (Nuranang falls),1
3173,Kimaya Falls,1
3173,Shungetsar Lake,1
3174,Deopani Bridge,1
3174,Deopani Park,1
3174,Roing Mini Park ( Eze Breeze ),1
3174,Roing Zoo,1
3174,"Sally Lake, Roing",1
3175,Bomdila Monastery,1
3175,Bomdila Pass,1
3175,Bomdila War Memorial,1
3175,Evening views of Bomdila,1
3175,Tourist Tours and Information,1
3176,"Archaeological Museum, Likabali",1
3176,Hanging Bridge,1
3176,Likabali bridge,1
3176,Likabali...Picnic Spot,1
3176,MITA Restaurant Cum Resort,1
3177,Bomdila Monastery,1
3177,Buddha Park,1
3177,Mandala Associates,1
3177,Mandala Top,1
3177,Musakshing Gonpa (Monastery),1
3178,0,1
3178,Duss nallah bridge,1
3178,Lohit Bridge,1
3178,Tezu Islet,1
3178,View point,1
3179,"Administrative Building, Subansiri Lower Project",1
3179,NHPC Powerhouse (Lower Subansiri),1
3179,Patel Engineering Office (NHPC Lower Subansiri),1
3179,SUBANSIRI ISLAND,1
3179,Subansiri Bridge,1
3180,Chagzam Bridge,1
3180,Giant statue of Tara Devi,1
3180,Panga Teng Tso lake,1
3180,Tawang Monastery,1
3180,Tawang War Memorial,1
3181,"Pacha Bridge, Seppa",1
3181,Sepa,1
3181,Seppa Cloud View Point,1
3181,Seppa Hanging Bridge,1
3181,"Seppa Viewpoint, Rang",1
3182,0,1
3182,Bomdila#Tawang# Arunachal Pradesh,1
3182,Giant Buddha Statue,1
3182,Panga Teng Tso lake,1
3182,Tawang War Memorial,1
3183,Deopani Park,1
3183,IHO Viewpoint,1
3183,Mayodiya Coffee House,1
3183,Mayodiya forest guest house,1
3183,"Sally Lake, Roing",1
3184,108 Buddhist Stupas,1
3184,Bomdila Monastery,1
3184,Bomdila Pass,1
3184,Buddha Park,1
3184,LDL Buddhist Monastery,1
3185,Chilipam Waterfalls,1
3185,Dwijiri Waterfall,1
3185,Jung falls (Nuranang falls),1
3185,KEVIN WATERFALL,1
3185,Nichiphula Waterfall,1
3186,ANIGO BIKE RENTAL SERVICE,1
3186,HERCULES waterfall,1
3186,Indira Gandhi Park,1
3186,Ita Fort,1
3186,Polo Park,1
3187,0,1
3187,D'Ering Memorial Wildlife Sanctuary,1
3187,Deopani Park,1
3187,Mehao Wildlife Sanctuary,1
3187,Roing Zoo,1
3188,0,1
3188,Dorjeeling Resort,1
3188,Mechuka Hill,1
3188,Mechuka View Point,1
3188,Siko Dido Waterfalls,1
3189,0,5
3190,Hakhe Tari,1
3190,"Hill People Jungle Camp, Ziro",1
3190,Old Ziro best view,1
3190,Tribal camp (eco-friendly environmental),1
3190,Ziro valley Paddy field,1
3191,0,1
3191,Donyi polo water fall,1
3191,Hercules Eco Camp,1
3191,Rigo Waterfall,1
3191,Techi Aju Territory,1
3192,Deopani Park,1
3192,"Eze Breeze Tower, Roing",1
3192,Mehao Wildlife Sanctuary,1
3192,Roing Mini Park ( Eze Breeze ),1
3192,"Sally Lake, Roing",1
3193,Bomdila Monastery,1
3193,Kalachakra gompa,1
3193,Mandala Associates,1
3193,"Thuksang Dargeyling Monastery ,Dirang",1
3193,Thupsung Dhargye monastery,1
3194,0,1
3194,Gorichen Peak,1
3194,Hot Spring,1
3194,Jang Valley,1
3194,Lungroo Grasing Ground,1
3195,Deopani Park,1
3195,Deopani/Eze Bridge,1
3195,"Eze Breeze Tower, Roing",1
3195,Hanginging Bridge Roing,1
3195,Roing Zoo,1
3196,GOLDEN PAGODA HOTEL RESORT,1
3196,Lohit Bridge,1
3196,Parashurama Kund Ropeway,1
3196,Parashurama kunda,1
3196,Parsuram kund,1
3197,0,1
3197,Deopani Park,1
3197,"Eze Breeze Tower, Roing",1
3197,Roing Zoo,1
3197,Sally Lake,1
3198,0,1
3198,Choskorong Waterfall,1
3198,Dhariya Waterfall,1
3198,Jang,1
3198,Jang Valley,1
3199,Gompa,1
3199,Indira Gandhi Park,1
3199,Ita Fort,1
3199,Itanagar Zoo,1
3199,Science Centre,1
3200,ANIGO BIKE RENTAL SERVICE,1
3200,Energy Park,1
3200,Gompa,1
3200,Indira Gandhi Park,1
3200,State Museum,1
3201,ANIGO BIKE RENTAL SERVICE,1
3201,Donyi polo water fall,1
3201,Gompa,1
3201,Hanging bridge naharlagun,1
3201,Indira Gandhi Park,1
3202,Deopani Bridge,1
3202,"Eze Breeze Tower, Roing",1
3202,Roing Mini Park ( Eze Breeze ),1
3202,Roing Zoo,1
3202,"Sally Lake, Roing",1
3203,Bomdila#Tawang# Arunachal Pradesh,1
3203,Jerjang Tso,1
3203,Shungetsar Lake,1
3203,Tawang Monastery,1
3203,Tawang War Memorial,1
3204,0,1
3204,Giant Buddha Statue,1
3204,Jaswant Garh War Memorial,1
3204,Rifleman Jaswant Singh Memorial,1
3204,Tawang Monastery,1
3205,ANIGO BIKE RENTAL SERVICE,1
3205,Energy Park,1
3205,Gompa,1
3205,Itanagar Zoo,1
3205,Polo Park,1
3206,Golden Pagoda Eco Resort,1
3206,Golden Pagoda Lord Buddha Statue,1
3206,"Golden Peace Pagoda, CHOWKHAM",1
3206,Namsai Buddhist Temple,1
3206,Shree Parashurama Kunda Temple,1
3207,Donyi polo water fall,1
3207,Gompa,1
3207,Indira Gandhi Park,1
3207,Itafort Western Gate,1
3207,State Museum,1
3208,Giant Buddha Statue,1
3208,Panga Teng Tso lake,1
3208,Taktsang Gompa Tawang,1
3208,Tawang War Memorial,1
3208,Urgelling Monastery,1
3209,Indira Gandhi Park,1
3209,Ita Fort,1
3209,Itanagar Zoo,1
3209,Polo Park,1
3209,Theravada Buddhist Temple,1
3210,Nameri National Park & Tiger Reserve,1
3210,Nameri National Park And Tiger Reserve,1
3210,Pakke Jungle Camp,1
3210,Pakke Tiger Reserve & Kameng river,1
3210,Pakke WLS & Tiger Reserve,1
3211,Camp Namdapha,1
3211,Deban Forest Rest House Dormitory,1
3211,Namdapha Wildlife Tourism,1
3211,Parsonage,1
3211,Shree Parashurama Kunda Temple,1
3212,MadhavGarh Farms,1
3212,Ramgarh Farms & Resort Gurgaon,1
3212,Rangmanch Farms,1
3212,Suraj Garh Farms,1
3212,Vishalgarh Farms,1
3213,Aravali Biodiversity Park,1
3213,Bhondsi Nature Park,1
3213,Leisure Valley Park,1
3213,Najafgarh Jheel Bird Sanctuary,1
3213,SULTANPUR FUN VILLAGE(PATIO),1
3214,0,1
3214,Barsi Gate,1
3214,Dargah Char Qutub Hansi (Tomb of four Qutubs),1
3214,Pathu wala jhod village Bhatla,1
3214,Way To Fort ( Kila),1
3215,Bhindawas Bird Zoo,1
3215,Bhindawas Wildlife Sanctuary,1
3215,Bird watching tower,1
3215,Herbal Park,1
3215,Najafgarh Jheel Bird Sanctuary,1
3216,Hanuman Mandir,1
3216,Hanuman Mandir sector 43,1
3216,Hanuman Temple,1
3216,Jagannath Temple,1
3216,Mobile repairing shop,1
3217,Ch Devilal Park,1
3217,DR. AMBEDKAR PARK,1
3217,Narula Park,1
3217,Sethi Park,1
3217,Tau Devi Lal Park HAU Hisar,1
3218,Aravali Biodiversity Park,1
3218,Green Park,1
3218,Leisure Valley Park,1
3218,"Sector7 Park, Gurgaon",1
3218,Workout park gurgaon,1
3219,Aravali Range Tosham,1
3219,Herbal Park,1
3219,Herbal Park Tosham,1
3219,Shiv Mandir Tosham,1
3219,Tosham Lake,1
3220,Botanical Garden,1
3220,Ch Devilal Park,1
3220,Huda Park,1
3220,Madhuban Park,1
3220,Tau devi lal park,1
3221,Latif Garden Fort,1
3221,Panipat Battle Field Memorial,1
3221,Panipat Museum,1
3221,Quila Park,1
3221,पानीपत फ्री लाइब्रेरी पुराना किला,1
3222,MadhavGarh Farms,1
3222,Ramgarh Farms & Resort Gurgaon,1
3222,Suraj Garh Farms,1
3222,Surajgarh farms ggn,1
3222,Vishalgarh Farms,1
3223,Leisure Valley Park,2
3223,Town Park,1
3223,Valley,1
3223,Z Park,1
3224,Baba Rameshwar Das Ji Mandir,1
3224,Shri Baba Rameshwar Das ji Mod,1
3224,Shri Rameshwar Dham,1
3224,श्री महा लक्ष्मी मन्दिर,1
3224,श्री राम दरबार,1
3225,Bhindawas Bird Sanctuary - RAMSAR Wetland,1
3225,Bhindawas Bird Zoo,1
3225,Bird watching tower,1
3225,Herbal Park,1
3225,Jaipal Fields,1
3226,Central Plaza Park,1
3226,Fountain Park,1
3226,Leisure Valley park,1
3226,Town Park Sector-31,1
3226,Z Park,1
3227,CITM LAKE 2,1
3227,Death Valley,1
3227,Konark's Coral Lake,1
3227,Lake Nonu,1
3227,Surajkund lake,1
3228,ISKCON Faridabad (Haryana),1
3228,Kalibari Temple,1
3228,Parson Temple,1
3228,"Sai Dham - Shirdi Sai Baba Temple Society Faridabad, Haryana",1
3228,Shree Guru Sai Mandir,1
3229,Bajwa Farm House,1
3229,"Gurudwara Sahib, Amritsari Farm",1
3229,"Gurudwara Sahib, Waraich Farm",1
3229,Kashyap farm,1
3229,Sarpanch Sahib Singh Farm House,1
3230,Laxman Dass Batra Municipal Park,1
3230,Maharishi Dayanand park,1
3230,Omaxe Kids Park,1
3230,Park,1
3230,Railway Park,1
3231,Gau Karan Park,1
3231,Gau Karan Talaab,1
3231,Haryana Tourism,1
3231,I Love Rohtak,1
3231,KAILAISH Park,1
3232,Karnal Temple,1
3232,Mansa Devi Mandir,1
3232,Shri Karneshwar Mahadev Temple,1
3232,Shri Mata Kali Mandir,1
3232,Shri Raghunath Mandir Karnal,1
3233,Hare Krishna,1
3233,"ISKCON Temple Delhi-Glory Of India & Vedic Cultural Centre, New Delhi",1
3233,ISKCON Temple Noida,1
3233,"Radha krishna Temple Chhattarpur, Fatehpur Delhi",1
3233,Shree Krishna and Navagraha Temple,1
3234,Dhaba Park,1
3234,Gandhi Park,1
3234,Huda Park,1
3234,Love Kush Park,1
3234,Old Botanical Garden,1
3235,Beri Wali Mata Old Mandir,1
3235,Beri Wali Mata ka New Mandir,1
3235,Varsha,1
3235,temple,1
3235,चौक माता मंदिर,1
3236,Chandigarh Botanical Garden,1
3236,Garden of Fragrance,1
3236,Nek Chand’s Rock Garden of Chandigarh,1
3236,Shanti Kunj Park,1
3236,Terraced Garden,1
3237,Bheeshma Kund,1
3237,Kunti Ghat,1
3237,Nabha House,1
3237,"Shri Devikoop Bhadrakali Shaktipeeth Temple, Kurukshetra",1
3237,pitamah bhishma temple,1
3238,Bohar Pond,1
3238,Gau Karan Talaab,1
3238,I Love Rohtak,1
3238,Rohtak,1
3238,"Tilyar Lake, Rohtak",1
3239,Aravali Biodiversity Park,1
3239,Badshahpur Forest Corridor,1
3239,Bharat Yatra Kendra,1
3239,Jungle's Adventure Retreat,1
3239,Sultanpur National Park,1
3240,0,1
3240,Mandir Radhe Shyam Main Bazzar Pundri Near Pundrik Tirth,1
3240,New Falgu Tirtha,1
3240,Pundri lake,1
3240,सोम तीर्थ पांडू पिंडारा,1
3241,0,1
3241,Double Park,1
3241,Kids Park,1
3241,Splash Water World,1
3241,"Tilyar Mini Zoo, Rohtak",1
3242,Baru Ram's baag,1
3242,Dr Ambedkar Park,1
3242,Nehru park,1
3242,Parshuram Vatika,1
3242,ambedkar park,1
3243,Hari Mandir Ashram,1
3243,Rao palace,1
3243,Swarg Ashram,1
3243,Swarg Ashram Bhogpuri Balewa,1
3243,Swarg Ka Dwar,1
3244,Maa Bala Sundari Temple,1
3244,Mata Bala Sundri Mandir,1
3244,Mata Bala Sundri Mandir Hathira,1
3244,Mata Bala Sundri mandir,1
3244,Shree Mata Bala Sundri Temple Pehowa,1
3245,Apna Park,1
3245,KAMAL GREEN PARK,1
3245,Kabuli Bagh Masjid,1
3245,Kala Amb Park,1
3245,Panipat Battle Field Memorial,1
3246,Kos Minar,1
3246,Kos Minar park,1
3246,Lake Nonu,1
3246,Parson Temple,1
3246,Surajkund lake,1
3247,BABA JAHAR GIRI TEMPLE,1
3247,Bajrang Bali Mandir,1
3247,Bhoja Wala Devi Mandir,1
3247,Jogi Wala Mandir,1
3247,Shiv Mandir,1
3248,0,2
3248,Miyaji Musa Masjid,1
3248,Miyazi Musa Ki Masjid,1
3248,Unth (camel) wali masjid,1
3249,Choudhary devi lal herbal park,1
3249,Herbal Park,1
3249,Kalesar Wild Life Sanctuary,1
3249,"Tau Devi Lal Herbal Natural Park, Khizrabad",1
3249,Yamuna Dham Shiv Mandir Bhudkalan,1
3250,0,1
3250,Shiv Mandir,1
3250,Shri Shiv Kund,1
3250,Sokin Khan Hair Saloon,1
3250,Sonha kund,1
3251,Chill Out Zone,1
3251,I Love Rohtak,1
3251,Kailash,1
3251,"Tilyar Mini Zoo, Rohtak",1
3251,Tundak Park,1
3252,"AapnoGhar (Resort, Water Park, Amusement Park)",1
3252,Appu Ghar,1
3252,Fun N Food Water Park,1
3252,Leisure Valley Park,1
3252,SkyJumper Trampoline Park Gurgaon,1
3253,0,1
3253,Pir Turkman Mosque,1
3253,Tomb Of Shah Wilayat,1
3253,Tomb of Shah Quli Khan,1
3253,Tripolia Gateway,1
3254,Gurdwara Gobind Pura Sahib Patshahi 10,1
3254,"Gurudwara Shri Badshahi Bagh P-10, Ambala City",1
3254,Gurudwara Sri Manji (Baoli) Sahib Ji,1
3254,"Gurudwara Sri Sat Sangat Sahib P - 10, Ambala",1
3254,Sahib Gurdwara,1
3255,0,1
3255,Haryana Park,1
3255,Krantiman Park,1
3255,The Heritage Park,1
3255,Town Park,1
3256,0,1
3256,O.P.Jindal Park Kurukshetra,1
3256,Pal Z Park,1
3256,Park,1
3256,Srikrishna Museum,1
3257,Lohagarh Farms,1
3257,Surajgarh Farms,1
3257,Surajgarh Gurgaon Powered By Toddy,1
3257,Surajgarh farms ggn,1
3257,Vishalgarh Farms,1
3258,0,1
3258,Parshuram Vatika,1
3258,Rani Talab,1
3258,Sansad Bhawan,1
3258,Shiv Mandir,1
3259,Bhiwani Zoo,1
3259,Chill Out Zone,1
3259,I Love Rohtak,1
3259,Tilyar Birds Abode,1
3259,"Tilyar Lake, Rohtak",1
3260,GN Point,1
3260,Gopal farm house,1
3260,Roots,1
3260,Tirupati Farms,1
3260,White Green Farm,1
3261,1857 war museum,1
3261,Brahma Sarovar,1
3261,"Dropadi Ghat , Brahma Sarovar , Kururkshetra",1
3261,Kunti Ghat,1
3261,Kurukshetra Parikrama,1
3262,Hanuman Mandir,1
3262,Khonta Temple,1
3262,Panchwati Chowk Palwal,1
3262,Shani Dev Mandir,1
3262,Shri ram mandir panchwati,1
3263,Dinosaur park rohini,1
3263,Jurasik Park Inn,1
3263,Just Chill Water Park,1
3263,Mojoland,1
3263,Snow World,1
3264,Brahm Kund,1
3264,ISKCON Faridabad (Haryana),1
3264,Parson Johad,1
3264,Shirdi Sai Baba Temple,1
3264,Shree Jagannath Temple Faridabad,1
3265,0,1
3265,Cantonment Church Tower,1
3265,Karan Taal Park,1
3265,Kos minarTransport Nagar Karnal,1
3265,Noor Mahal Chowk,1
3266,Gurdwara Sahib,1
3266,Gurudwara,1
3266,Gurudwara Sri Koohni Sahib,1
3266,ਗੁਰੁੂ ਨਾਨਕ ਸਾਹਿਬ ਦਾ ਲੰਗਰ,1
3266,"ਗੁਰੂਦੁਆਰਾ ਨਾਢਾ ਸਾਹਿਬ, ਮੋਰਨੀ ਹਿੱਲ",1
3267,De Adventure Park - Adventure sports,1
3267,Mastiii Zone | Entertainland | Gurugram | Trampoline | Gaming Zone | Masti Zone,1
3267,Sky Laser Tag - Gurgaon,1
3267,SkyJumper Trampoline Park Delhi,1
3267,Zooper India Trampoline Park Gurgaon,1
3268,Chor Gumbad,1
3268,Park Banshi Singh,1
3268,Subash park,1
3268,Tripolia Gateway,1
3268,park,1
3269,Morni,1
3269,Morni Fort,1
3269,Morni Hills Resort,1
3269,Morni Nature Camp,1
3269,Tikkar Taal,1
3270,Damdama Adventure Camp,1
3270,Dream Island,1
3270,Dream Island Resort,1
3270,SARAS DAMDAMA LAKE RESORT,1
3270,The Gateway Resort Damdama Lake Gurgaon,1
3271,Ambkeshwer Mandir,1
3271,Children Park Kaithal,1
3271,Hanuman Mandir,1
3271,Jawahar Park,1
3271,Pratap Gate,1
3272,Death Valley,1
3272,Kos Minar,1
3272,Suraj kund lake,1
3272,Surajkund Ancient Reservoir,1
3272,Surajkund Circle,1
3273,Aravali Biodiversity Park,1
3273,Leisure Valley Park,1
3273,Musrum of Art,1
3273,"Sanskriti Kendra, Aya Nagar, Delhi",1
3273,Urusvati Museum Of Folklore,1
3274,Gujri Mahal,1
3274,O P Jindal Gyan Kendra,1
3274,The Heritage Park,1
3274,Town Park,1
3274,Zahaj Kothi Hisar,1
3275,"Apna Park, Panipat",1
3275,Kabuli Bagh Park,1
3275,Kala Amb,1
3275,Panipat Battle Field Memorial,1
3275,Panipat Museum,1
3276,Krantiman Park,1
3276,Madhuban Park,1
3276,O P Jindal Park,1
3276,The Fun Park,1
3276,The Heritage Park,1
3277,Ibrahim Lodhi Tomb,1
3277,Kabuli Bagh Park,1
3277,Kala Amb Park,1
3277,Panipat Museum,1
3277,Purana Quila,1
3278,Lord Shiva Temple,1
3278,Shiv Mandir,1
3278,"Shri Devikoop Bhadrakali Shaktipeeth Temple, Kurukshetra",1
3278,Shri Sarveshwar Mahadev Temple,1
3278,"Shri Shri Mahadev Mandir, Mahadev Street",1
3279,Aravalli Hill View Point,1
3279,Aravalli Hills,1
3279,Leopard Hills,1
3279,Leopard Trail Gurgaon-Aravali Hills,1
3279,Leopard trail,1
3280,Firoz Shah Palace Complex,1
3280,Ghodela Park,1
3280,Jindal Tower Park,1
3280,O P Jindal Park,1
3280,O.p. Jindal memorial tower gyan kendra,1
3281,Hanuman Mandir,1
3281,Hanuman Mandir Park,1
3281,Haryana Shahid Smarak kaithal,1
3281,Jawahar Park,1
3281,Park,1
3282,Arc transport,1
3282,"Heritage museum, Bilaspur",1
3282,NeverEnuf Garden Railway,1
3282,The Titus Museum of Transportation and Collectibles,1
3282,Travel through Delhi Heritage,1
3283,Clock Tower,1
3283,Gandhi chownk,1
3283,Karan Taal Park,1
3283,Kos Minar (City) Karnal,1
3283,Mahatma Gandhi statue,1
3284,Everfresh Vertical garden,1
3284,FUNVENTURES KARNAL,1
3284,Family Park,1
3284,Sneh Sarovar Park,1
3284,Srikrishna Museum,1
3285,"Dharohar, Haryana Cultural Museum, KUK",1
3285,Kalpana Chawla Planetarium,1
3285,Kurukshetra Parikrama,1
3285,Shri Radha Krishan Museum,1
3285,Srikrishna Museum,1
3286,0,1
3286,Asigarh Fort,1
3286,Talaqi Gate,1
3286,Umra Gate,1
3286,सुभाष गेट,1
3287,0,1
3287,Bhondsi Nature Park,1
3287,Bhuvaneshwari devi temple trek parking,1
3287,Bhuvneswari Temple,1
3287,Maa Bhuvneshwari Temple,1
3288,Badkhalsa Memorial,1
3288,Khari kua,1
3288,Khizr Park,1
3288,"Unknown Tomb, Sonipat",1
3288,khwaja khizr old tomb,1
3289,0,1
3289,Bhupender akhada,1
3289,Birbal Ka Chhatta,1
3289,Navarogyadham,1
3289,Tomb of Pir Turkman,1
3290,"Aravalli hills, sakatpur gurugram",1
3290,Leopard Trail Gurgaon-Aravali Hills,1
3290,Leopard trail,1
3290,Pandala Hills Drive,1
3290,The Leopard Trail,1
3291,"Kotla Lake, Akera",1
3291,Kotla water fall,1
3291,Mosque Trek (peak),1
3291,Nuh Fort,1
3291,Sohna fort,1
3292,Aravali Biodiversity Park,1
3292,Leisure Valley park,1
3292,Leisure valley picnic spot for families,1
3292,Picnic Spot,1
3292,The wonder carnival Gurugram,1
3293,"Hanuman Mandir, Tilyar Lake",1
3293,I Love Rohtak,1
3293,Tilyar Birds Abode,1
3293,Tilyar Hotel And Resort,1
3293,"Tilyar Mini Zoo, Rohtak",1
3294,Kurukshetra Parikrama,1
3294,"Pathar Masjid, Kurukshetra",1
3294,Sheikh Chilli Tomb,1
3294,"Shri Devikoop Bhadrakali Shaktipeeth Temple, Kurukshetra",1
3294,"Shri Sthaneshwar Mahadev Temple, Thanesar",1
3295,0,1
3295,1857 war museum,1
3295,"Dharohar, Haryana Cultural Museum, KUK",1
3295,Kurukshetra Panorama & Science Centre,1
3295,Shri Radha Krishan Museum,1
3296,0,2
3296,Gol Bavdi,1
3296,Sethani ki chhatri,1
3296,Yashu Mundadiya,1
3297,LOHARU NAWAB BILA,1
3297,Loharu,1
3297,"Madhogarh Fort, Haryana",1
3297,Mahendragarh Fort महेन्द्रगढ का किला,1
3297,Mata mandir Loharu,1
3298,Burj Fort,1
3298,Manimajra Fort,1
3298,Morni Adventure Park,1
3298,Morni Hills - Highest Peak of Haryana,1
3298,Tikkar Taal,1
3299,Heritage Transport Museum,1
3299,Leisure Valley Park,1
3299,Lohagarh Farms,1
3299,Museum of Folk and Tribal Art,1
3299,RAILWAY GARDEN,1
3300,Ibrahim Lodhi Tomb,1
3300,Kala Amb Park,1
3300,Panipat Battle Field Memorial,1
3300,Purana Quila,1
3300,पानीपत म्यूजियम की तीनों लड़ाइयों का संग्रहालय,1
3301,Birbal Ka Chhatta,1
3301,Jal Mahal,1
3301,Jal mahal,1
3301,Tripolia Gateway,1
3301,पंचकुइया वाला मंदिर,1
3302,Mahi Waterfall,1
3302,Morni Adventure Park,1
3302,Morni Fort,1
3302,Morni Hills Resort,1
3302,Tikkar Taal Resort And Restaurant,1
3303,Chandigarh Botanical Garden,1
3303,Garden Sector9,1
3303,Garden of Silence,1
3303,"Meditation Garden, Town Park",1
3303,Nirjhar Vatika,1
3304,Garden of Silence,1
3304,Jal Mahal,1
3304,Nek Chand’s Rock Garden of Chandigarh,1
3304,Rang Mahal,1
3304,Tau Chodhary Devilal Park,1
3305,Ch. Devi Lal Herbal Nature Park,1
3305,Jungle Safari,1
3305,Kaleshar National Park Forest Office And Safari Point,1
3305,Sara Kaila,1
3305,Simbalbara National Park,1
3306,0,2
3306,BIRBAL NAGRI NARNAUL,1
3306,Chor Gumbad,1
3306,Tomb Of Shah Wilayat,1
3307,Jindal Tower Park,1
3307,Madhuban Park,1
3307,O P Jindal Gyan Kendra,1
3307,Shiv park,1
3307,Town Park,1
3308,Ravidass Mandir,1
3308,Sahiyad baba mandir,1
3308,Sai Baba Mandir,1
3308,Sai Temple,1
3308,Shiv Mandir Rohtak,1
3309,Morni,1
3309,Morni Adventure Park,1
3309,Morni Fort,1
3309,Morni Hills Resort,1
3309,Tikkar Taal,1
3310,0,1
3310,Baba dayal(Aasharam),1
3310,Gopi ram Farms,1
3310,Yaduvanshi Farm House,1
3310,सुल्तानिया कृषि फार्म,1
3311,Aravali Adventure Hill,1
3311,Aravalli Hills,1
3311,"Aravalli hills, sakatpur gurugram",1
3311,Leopard Hills,1
3311,Pandala village,1
3312,Dhosi Hill Shiv Temple,1
3312,"Dhosi Hills, an extinct volcano",1
3312,Dhosi ka pahad,1
3312,dhosi hill station,1
3312,खासपुर की सफेद पहाड़ी,1
3313,0,1
3313,Amarjit Singh Bachganwah,1
3313,Chhilchhila Wildlife Sanctuary,1
3313,Jaglan Agricultural,1
3313,Kalpana Chawla Planetarium,1
3314,Dargah Hazrat Bu Ali Shah Qalandar,1
3314,Kabuli Bagh Masjid,1
3314,Kala Amb Park,1
3314,Panipat Battle Field Memorial,1
3314,Panipat Museum,1
3315,0,2
3315,Aadi badri Hub,1
3315,Adi Badri Dam project,1
3315,Adibadari,1
3316,0,1
3316,Birbal Ka Chhatta,1
3316,Sher Shah Suri Makbra,1
3316,Tomb of Pir Turkman,1
3316,Tomb of Shah Quli Khan,1
3317,Gandhi Park,1
3317,Laxmi Narayan Mandir Park,1
3317,T Joint Bsnl Tara Baba Kutia,1
3317,Tara Baba recreational hall,1
3317,Tarkeshwar dham,1
3318,Aravali Biodiversity Park,1
3318,GURUGRAM PARK TRACK PACEMAKERS RUNNERS,1
3318,Huda Park(Tau Devilal Smriti Udyan),1
3318,Leisure Valley Park,1
3318,Tau Devilal Biodiversity Park,1
3319,Mewat - The Land of Warriors,1
3319,Nuh Fort,1
3319,Nuh Hill veiwpoint,1
3319,Nuh Resorts Area,1
3319,Tauru Fort,1
3320,Gufa waala Shiv Mandir,1
3320,Shiv Murti,1
3320,Shiv Murti Park,1
3320,Shiv Temple,1
3320,Shri Sanatan Dharm Shiv Mandir,1
3321,Family Park,1
3321,Kalda Park,1
3321,Krishna Garden Park,1
3321,Pipli Mini Zoo,1
3321,Tau Devi Lal Park,1
3322,Bhakhra Canal Bridge,1
3322,CHANDPURA HEAD,1
3322,GOBINDPURA,1
3322,Herbal Park Tohana,1
3322,Tohana,1
3323,Lakhera 's adda,1
3323,Lal bahadur sastri chowk,1
3323,Pandit Bhagwat Dayal Sharma Chowk,1
3323,Solah Rai Rewari,1
3323,Tez sarovar,1
3324,Ashok Vihar Park,1
3324,Gandhi Park,1
3324,Herbal Park,1
3324,Netaji Subhash Park,1
3324,Sachdeva Park,1
3325,Dargah Hazrat Bu Ali Shah Qalandar,1
3325,Ibrahim Lodhi Tomb,1
3325,Kabuli Bagh Park,1
3325,Kala Amb Park,1
3325,"Masjid Abdullah, Panipat",1
3326,Bhondsi Nature Park,1
3326,Farm park,1
3326,Lohagarh Farms,1
3326,Suraj Garh Farms,1
3326,Vishalgarh Farms,1
3327,Kali Mandir,1
3327,Kali Mata Mandir (Devipujak Samaj ),1
3327,Kartikeya Temple,1
3327,Mandir,1
3327,Shree Kali Kamli Mandir,1
3328,Bu Ali Shah Qalandar Panipat,1
3328,Dargah Hazrat Gous Ali Shah Qalandar Qadri,1
3328,Dargah Kalandar Sahib,1
3328,Dargah Samshuddin Turk Panipat,1
3328,Ibrahim Lodhi Tomb,1
3329,Ahmadiyya Masjid Kavaratti,1
3329,Mohyuddin Mosque,1
3329,Sunni Juma Masjid Kavaratti,1
3329,Tharkiyathul Islam Madrassa (North Branch) Kavaratti,1
3329,Ujray Masjid,1
3330,Funhilol jetty,1
3330,MINICOY ISLAND BEACH RESORTS,1
3330,Minicoy island jetty,1
3330,The Lighthouse of Lakshadweep,1
3330,vikings beach,1
3331,Kadalur beach,1
3331,Kalaripara View Point,1
3331,Nandi Beach,1
3331,Parappalli Beach,1
3331,Vayalada View Point,1
3332,GoL Tours & Travels,1
3332,Island Getaways,1
3332,Lakshadweep Tour Package,1
3332,Lakshadweep Tours and Travels,1
3332,Lakshadweep Yatra Holidays,1
3333,Ahimsa Park,1
3333,Ashramam Ground,1
3333,Ashtamudi Water Sports Centre,1
3333,"Children's Park, Kollam",1
3333,Mahatma Gandhi Park,1
3334,0,1
3334,"ACHAYAN TRAVELS,Vazhathope",1
3334,Abis Kerala Tours,1
3334,Aybrath Hotel,1
3334,Thekkady Tours & Travels,1
3335,KANDIRICKAL HOLIDAYS Tours & Travels,1
3335,Kerala Private Tours,1
3335,Leisure Tours,1
3335,Live The Day Holidays,1
3335,The PRINCESS HOLIDAYS AND TRAVELS thodupuzha,1
3336,Destinations Tours,1
3336,KANDIRICKAL HOLIDAYS Tours & Travels,1
3336,Kerala Holidays tours,1
3336,Leisure Tours,1
3336,The PRINCESS HOLIDAYS AND TRAVELS thodupuzha,1
3337,0,5
3338,My Ooty Tours,1
3338,OOTY HONEYMOON PACKAGES,1
3338,Ooty Honeymoon,1
3338,Ooty Honeymoon Packages,1
3338,Ooty Honeymoon Trip,1
3339,Kavvayi Beach House,1
3339,Kavvayi Boat Jetty,1
3339,Kavvayi Boat Service,1
3339,Kavvayi Kallummam Company Park,1
3339,PULIYINKEEL KALAKAYIKA VEDHI,1
3340,0,5
3341,0,1
3341,Centenary Park,1
3341,Sea View Park Thalassery,1
3341,Thalassery Fort,1
3341,Thalassery Sea Bridge View Point,1
3342,Eravipuram beach,1
3342,Mayyanad Beach / Thaani Beach,1
3342,Paravur Beach,1
3342,Pozhikkara Beach,1
3342,Thanni Beach,1
3343,Arjuna Backwaters,1
3343,Golden Sands Beach resort,1
3343,Golden sand Beach & Poovar Boating,1
3343,"Pozhikkara Beach, Poovar",1
3343,Pozhiyoor Golden Beach,1
3344,Aspinwall Cabral Yard,1
3344,Bastion Bunglow,1
3344,Biennale Pavilion,1
3344,Vasco da Gama Square,1
3344,"Venue of Kochi Muzhiris Bienville, DLF Aspinwall House",1
3345,Holiday in Lakshadweep,1
3345,Lakshadweep Tour Package,1
3345,Lakshadweep Tours and Travels,1
3345,Lakshadweep Travel World,1
3345,Lakshadweep Yatra Holidays,1
3346,Island Getaways,1
3346,Lakshadweep Tour Package,1
3346,Lakshadweep Tours and Travels,1
3346,Lakshadweep Travel World,1
3346,Lakshadweep Yatra Holidays,1
3347,Bandipur National Park,1
3347,Mudumalai Tiger Reserve,1
3347,"Nilgiri Biosphere Nature Park - A Botanic Garden, Come. Explore Nature & Sky High Academy",1
3347,Nilgiri Water Fall,1
3347,Nilgiris Biosphere Reserve,1
3348,KOTTAKKAL BEACH,1
3348,Kolavi Beach,1
3348,Kottakkal Azhimukham,1
3348,Kottakkal Kadavath(കടവത്ത്),1
3348,Mini Goa,1
3349,Dasthakeer MP Shop,1
3349,Kiltan Helipad,1
3349,Madappaly stores,1
3349,Ruhiyas shopping center,1
3349,The West Cafe,1
3350,0,1
3350,Heavens Treat Beach Restaurant,1
3350,R K Restaurant,1
3350,Sea Line Restaurant,1
3350,Taj Restaurant,1
3351,Aadikadalayi beach,1
3351,Aayikkara Sea View Point,1
3351,Arakkal Palace Ground Masjid,1
3351,Kannur Light House,1
3351,Nayanar Memorial Museum,1
3352,0,5
3353,Kavaratti Island Beach Resort,1
3353,Lakshadweep Scuba Adventures,1
3353,Lakshdweep Diving Academy,1
3353,SANDY DIVE CENTRE,1
3353,Water sports Kavaratti,1
3354,0,1
3354,Alleppey Holidays,1
3354,Kerala Expedition,1
3354,Kerala Tour,1
3354,Lakshadweep Travel World,1
3355,Kuruvipparai Waterfalls,1
3355,Megamalai View Point,1
3355,Suruli Falls,1
3355,Theni Tourism,1
3355,Yanai kasam water falls,1
3356,Karavatti Island,1
3356,Kavaratti,1
3356,Kavaratti Harbour,1
3356,Kavaratti beach,1
3356,Main Jetty,1
3357,CISF UTL unit.,1
3357,Lakshadweep Office,1
3357,Lakshadweep Passenger Reporting Centre,1
3357,Lakshadweep Ship's Passenger Terminal,1
3357,Lakshadweep Wharf,1
3358,Masjid,1
3358,Odathil Juma Masjid,1
3358,Odathil Palli Gate,1
3358,Oliyath House,1
3358,ആമുഖ മഖാം,1
3359,0,1
3359,"Chhattrapati Shahu Maharaj Rajmahal, Kolhapur",1
3359,Shree Jyotiba Devasthan,1
3359,"Shri Mahalaxmi - Ambabai Temple, Kolhapur. (madhav guru jee)",1
3359,Tourist Places Near Kolhapur,1
3360,Areekal waterfalls,1
3360,Athirappilly Waterfalls,1
3360,Charpa Waterfalls,1
3360,KUTTIPPARA WATERFALLS,1
3360,Valara Waterfalls,1
3361,0,5
3362,Island Getaways,1
3362,Lakshadweep Cruise Tourism,1
3362,Lakshadweep Tour Package,1
3362,Lakshadweep Tours and Travels,1
3362,Lakshadweep Travel World,1
3363,Lakshadweep Cruise Tourism,1
3363,Lakshadweep Tour Package,1
3363,Lakshadweep Tourism Packages,1
3363,Lakshadweep Tours and Travels,1
3363,Lakshadweep Yatra Holidays,1
3364,0,1
3364,"Fathima Store, Restaurant & Cool bar",1
3364,R K Restaurant,1
3364,Reef Beach Cafe,1
3364,ബാബു's Sea Shore Enterprises,1
3365,0,1
3365,"Jawahar Navodaya Vidyalaya, Minicoy",1
3365,Minicoy Port,1
3365,Sree Krishna Temple,1
3365,State Bank of India,1
3366,Department of Education,1
3366,LAKSHADWEEP ADMINISTRATOR'S OFFICE,1
3366,Lakshadweep Administration Secretariat,1
3366,National Informatics Centre,1
3366,PWD Civil Subdivision,1
3367,0,2
3367,Department of Education,1
3367,Environment & Forest Department,1
3367,Lakshadweep Administration Secretariat,1
3368,0,1
3368,Basith game shop,1
3368,CHINA BAZAR KAVARATTI,1
3368,Colours Emporium,1
3368,Pavizham Traders,1
3369,0,5
3370,Lakshadweep Cruise Tourism,1
3370,Lakshadweep Tour Package,1
3370,Lakshadweep Tourism Packages,1
3370,Lakshadweep Travel World,1
3370,Lakshadweep Yatra Holidays,1
3371,BLACK BEACH PALAKKULAM,1
3371,Kadalur Point Lighthouse,1
3371,Kappad Beach,1
3371,Korapuzha beach,1
3371,Parappally view point,1
3372,"Circle office,LPWD",1
3372,Department of Education,1
3372,Dept Of Tourism,1
3372,Lekshadweep District Panchayat,1
3372,MP Office,1
3373,Department of Education,1
3373,Fisheris Department,1
3373,Lekshadweep District Panchayat,1
3373,MP Office,1
3373,Post Office Passport Seva Kendra Kavaratti,1
3374,Department of Education,1
3374,Dept Of Tourism,1
3374,Fisheris Department,1
3374,Lekshadweep District Panchayat,1
3374,POLICE HEAD QUARTER,1
3375,0,5
3376,CORALROUTES LAKSHADWEEP,1
3376,Hotel Aboo's,1
3376,Lakshadweep Resorts & Hotels,1
3376,Minicoy Island Lighthouse,1
3376,Minicoy island jetty,1
3377,CORALROUTES LAKSHADWEEP,1
3377,Hotel Aboo's,1
3377,MINICOY ISLAND BEACH RESORTS,1
3377,Minicoy Island Lighthouse,1
3377,PWD guest house,1
3378,Department of Education,1
3378,Lakshadweep Administration Secretariat,1
3378,Lekshadweep District Panchayat,1
3378,MP Office,1
3378,Village office,1
3379,Agatti Beach Resorts,1
3379,Kasims Beach Villa,1
3379,Red Corals Beach Resort Agatti,1
3379,Sea Shells Beach Resort,1
3379,Seashells Resort Agatti,1
3380,0,5
3381,Lakshadweep Identity,1
3381,Lakshadweep Scuba Adventures,1
3381,Lakshadweep Travel Guru Holidays,1
3381,MOJARRA TRAVELS,1
3381,Water sports Kavaratti,1
3382,Ammathi Scuba Dive Center - Agatti Lakshadweep,1
3382,Bangaram Dive Center,1
3382,Lakshadweep Identity,1
3382,Lakshadweep Scuba Adventures,1
3382,Water sports Kavaratti,1
3383,0,4
3383,Kadmat Island Beach Resort,1
3384,Agatti Island,1
3384,Andrew airport,1
3384,Helipad,1
3384,Island,1
3384,Western Jetty Terminal,1
3385,0,5
3386,0,5
3387,Agatti Beach Resorts,1
3387,Kasims Beach Villa,1
3387,Red Corals Beach Resort Agatti,1
3387,Seashells Resort Agatti,1
3387,White Pearl Beach Resort Agatti,1
3388,0,1
3388,Fathafolhi temple,1
3388,Fui temple,1
3388,Minicoy Island Lighthouse,1
3388,Shri Krishna Temple,1
3389,Lakshadweep Identity,1
3389,Lakshadweep Scuba Adventures,1
3389,Lakshdweep Diving Academy,1
3389,SANDY DIVE CENTRE,1
3389,Travel Lakshadweep,1
3390,Lakshadweep Travel Guru Holidays,1
3390,M/s. Lakshadweep Adventures,1
3390,MOJARRA TRAVELS,1
3390,Travel Lakshadweep,1
3390,Water sports Kavaratti,1
3391,Bangaram Dive Center,1
3391,Lakshadweep Resort,1
3391,Lakshadweep Travel Guru Holidays,1
3391,M/s. Lakshadweep Adventures,1
3391,TRAVEL 2 LAKSHADWEEP,1
3392,0,1
3392,AMMATHI ADVENTURES,1
3392,Ammathi Scuba Dive Center - Agatti Lakshadweep,1
3392,Lakshadweep Travel Guru Holidays,1
3392,M/s. Lakshadweep Adventures,1
3393,AMMATHI ADVENTURES,1
3393,Bangaram Dive Center,1
3393,Divetime,1
3393,Lakshadweep Scuba Adventures,1
3393,Lakshdweep Diving Academy,1
3394,Bangaram Island Resort,1
3394,Kadmat Island Beach Resort,1
3394,Lakshadweep Resort,1
3394,Seashells Resort Agatti,1
3394,Tourism in Lakshadweep,1
3395,Bangaram Dive Center,1
3395,Bangaram Island Resort,1
3395,Thinnakkara Island,1
3395,Tourism in Lakshadweep,1
3395,Tourist Huts,1
3396,Karikeuge Beach,1
3396,Lakshadweep Resorts & Hotels,1
3396,MINICOY ISLAND BEACH RESORTS,1
3396,Minicoy Island Lighthouse,1
3396,Minicoy island jetty,1
3397,0,5
3398,0,2
3398,Bismillah Supermarket,1
3398,KAIS AUTO MOBILES,1
3398,TRADE LINKS - THE STATIONARY SHOP,1
3399,Lakshadweep Identity,1
3399,M/s. Lakshadweep Adventures,1
3399,TRAVEL 2 LAKSHADWEEP,1
3399,Tourist Huts,1
3399,Travel Lakshadweep,1
3400,0,5
3401,Agatti Beach Resorts,1
3401,Lagoon Beach,1
3401,Red Corals Beach Resort Agatti,1
3401,Sea Shells Beach Resort,1
3401,Seashells Resort Agatti,1
3402,AMMATHI ADVENTURES,1
3402,Lakshadweep Identity,1
3402,Lakshadweep Travel Guru Holidays,1
3402,TRAVEL 2 LAKSHADWEEP,1
3402,Travel Lakshadweep,1
3403,Bangaram Island Resort,1
3403,Kasims Beach Villa,1
3403,Lakshadweep Resort,1
3403,Seashells Resort Agatti,1
3403,Thinnakkara Island,1
3404,Ammathi Scuba Dive Center - Agatti Lakshadweep,1
3404,Bangaram Dive Center,1
3404,Lakshadweep Identity,1
3404,Lakshdweep Diving Academy,1
3404,Water sports Kavaratti,1
3405,0,5
3406,0,5
3407,Kavaratti Beach,1
3407,Kavaratti beach,1
3407,Paradise Island Hut kavaratti,1
3407,Roshan Devkota,1
3407,SANDY DIVE CENTRE,1
3408,Kavaratti Island Beach Resort,1
3408,Kavaratti beach,1
3408,Muttiyar Beach മുട്ടിയാർ ബീച്ച്.,1
3408,Paradise Island Hut kavaratti,1
3408,SANDY DIVE CENTRE,1
3409,0,5
3410,Bangaram,1
3410,Bangaram Dive Center,1
3410,Bangaram Island Resort,1
3410,Lagoon Beach,1
3410,Lakshadweep Resort,1
3411,0,5
3412,0,5
3413,0,5
3414,0,5
3415,0,5
3416,0,5
3417,0,5
3418,Karavatti Island,1
3418,Kavaratti Island Beach Resort,1
3418,Kavaratti beach,1
3418,Museum And Planetarium,1
3418,Ujra Mosque,1
3419,Kavaratti,1
3419,Kavaratti Island Beach Resort,1
3419,Kavaratti beach,1
3419,Paradise Island Hut kavaratti,1
3419,Travel Lakshadweep,1
3420,Karavatti Island,1
3420,Kavaratti,1
3420,Kavaratti Island Beach Resort,1
3420,Kavaratti beach,1
3420,Muttiyar Beach മുട്ടിയാർ ബീച്ച്.,1
3421,0,5
3422,Agatti Island,1
3422,Kalpitty Island Lakshadweep,1
3422,Lagoon Beach,1
3422,M/s. Lakshadweep Adventures,1
3422,Seashells Resort Agatti,1
3423,0,1
3423,Karavatti Island,1
3423,Kavaratti Island Beach Resort,1
3423,Kavaratti beach,1
3423,SANDY DIVE CENTRE,1
3424,0,2
3424,Kannam kaduvva,1
3424,Relax Dweep Holidays,1
3424,Surfing spot,1
3425,Agatti Airport,1
3425,Agatti Island,1
3425,Island,1
3425,Lagoon Beach,1
3425,M/s. Lakshadweep Adventures,1
3426,Agatti Beach Resorts,1
3426,Agatti Island,1
3426,Island,1
3426,Sea Shells Beach Resort,1
3426,Seashells Resort Agatti,1
3427,Dheenul Islam masjid,1
3427,Kanjiramattam Salafi Masjid,1
3427,"Maleppally, Kanjiramattom",1
3427,Masjidul Ejaba Juma Masjid,1
3427,Puthuvassery Mosque,1
3428,Alleppey Backwater,1
3428,Alleppey Backwater Cruise,1
3428,Brackish Lagoons Alleppey,1
3428,Kerala Backwater Tour,1
3428,Vembanad Backwaters,1
3429,Anamudi Chola National Park,1
3429,Eravikulam National Park,1
3429,Kerala Tamil Nadu border forest,1
3429,Mathikettan Shola National Park,1
3429,Shola National Parks Range,1
3430,Island Getaways,1
3430,Lakshadweep Cruise Tourism,1
3430,Lakshadweep Tours and Travels,1
3430,Lakshadweep Travel World,1
3430,Lakshadweep Yatra Holidays,1
3431,Anamudi Chola National Park,1
3431,Eravikulam National Park,1
3431,Mathikettan Shola Camp,1
3431,Mullanthandu Kurishumala,1
3431,"Pampadum Shola National Park, പാമ്പാടും ഷോള ദേശിയ ഉദ്യാനം",1
3432,0,2
3432,Fallessery Village,1
3432,Golden Beach Kendiparty Village,1
3432,Minicoy island jetty,1
3433,"Dak Bungalow, Govt. Guest House, Agatti",1
3433,Govt Guest House Agatti,1
3433,Lakshadweep Travel Guru Holidays,1
3433,M/s. Lakshadweep Adventures,1
3433,White Pearl Beach Resort Agatti,1
3434,Agatti Beach Resorts,1
3434,Red Corals Beach Resort Agatti,1
3434,Sea Shells Beach Resort,1
3434,Seashells Resort Agatti,1
3434,White Pearl Beach Resort Agatti,1
3435,0,4
3435,High School Minicoy,1
3436,Alakapuri Water Falls,1
3436,Areekkal waterfalls,1
3436,Ariyil Waterfalls,1
3436,Janakipara Waterfalls,1
3436,Karakkundu Water Falls കാരക്കുണ്ട് വെള്ളച്ചാട്ടം,1
3437,Creek Cruise Cochin,1
3437,Lakshadweep Tour Package,1
3437,Lakshadweep Tours and Travels,1
3437,Lakshadweep Yatra Holidays,1
3437,Neo Classic Cruise & Tours Pvt Ltd,1
3438,0,1
3438,Alakapuri Water Falls,1
3438,Alakapuri water falls,1
3438,Kanjirakkolli Hill Station,1
3438,ശശ്ശിപ്പാറ,1
3439,Bankumari Mandir,1
3439,Durga Mandir,1
3439,Temple Matabari,1
3439,Tripurashari Temple,1
3439,রাম ঠাকুর আশ্রম (মাতাবাড়ি),1
3440,Bonkomari Park,1
3440,Khumchak Park,1
3440,Khumulwng Picnic Ground,1
3440,Lembucherra Park,1
3440,Nehru Park,1
3441,Baliati Palace,1
3441,Dhola Jamidar Bari,1
3441,ডাংগা জমিদার বাড়ি,1
3441,বিরুলিয়া জমিদার বাড়ি,1
3441,সূত্রাপুর জমিদার বাড়ী,1
3442,Khawhpawp Falls,1
3442,Tuirihiau Resort,1
3442,Vantawng Falls,1
3442,Vantawng Khawhthla,1
3442,Vantawng Khawhthla Waterfall View Point,1
3443,"Rashka Dighi,Basudeb",1
3443,বুড়ি নদীর মোহনা,1
3443,মরড়া সিটি,1
3443,মাদনা সোয়াম্প ফিল্ড | Madna swamp field |,1
3443,"সাজেক টিলা, ২০ নং",1
3444,Aizawl City View,1
3444,Infinite Ainawn Park,1
3444,Oasis Picnic Spot,1
3444,Paradise Farm and resort,1
3444,Valley View Point Chaltlang kham,1
3445,10 Number DP Police Check Post,1
3445,Alutila Guha,1
3445,Risang Waterfall (Terang Toikalai),1
3445,Sijuk Katal Twisa Waterfall 1,1
3445,TOIDUCHHARA KHUMJA WATERFALLS (তৈদুছড়া খুমজা ঝর্না),1
3446,Khreng Khreng View Point,1
3446,Kynrem falls,1
3446,"Mawjymbuin Caves, Meghalaya",1
3446,Raincheck Earth,1
3446,Wah-Kaba Falls,1
3447,Krang Shuri Falls,1
3447,Moopun Falls,1
3447,Sah ksaw Falls,1
3447,Tyrshi Falls,1
3447,Umbyrleiñ Falls,1
3448,Lala Khal Tea garden,1
3448,Lala Khal Viewpoint,1
3448,Lala Khal Zero Point,1
3448,Lalakhal Nature Park - Wilderness,1
3448,Lalakhal Point Bazar,1
3449,"Babla Bazar, Harisangan, Belabo, Narsingdi, Bangladesh",1
3449,Mirzanagor Aanondha Bazar road,1
3449,Sodanondo সদানন্দ (সদা আনন্দ),1
3449,পার্ক বৈশাখী বেলা লিমিটেড,1
3449,"মিয়ারগাঁও, আমতলী",1
3450,Chatla,1
3450,Chatla Valley,1
3450,Doloo Lake,1
3450,Hathighar lake,1
3450,Silcoorie Tea Garden,1
3451,Durbin Tilla Tourist Spot,1
3451,Gobinda (G-str),1
3451,Hill view picnic spot,1
3451,JungleStan Park & Restaurant,1
3451,Picnic spot No. 1 Mahabir tea garden,1
3452,Kala Pani Bridge (কলাবন ব্রিজ),1
3452,Kalachara Mazjid,1
3452,Purba tulamura bridge,1
3452,SAL + KHIL TRAIN BRIDGE,1
3452,Salgarha Gomati Bridge,1
3453,0,2
3453,Rajiv Gandhi Statue,1
3453,State's Highest National Flag,1
3453,Vidyasagar Statue,1
3454,Tuirihiau Falls,1
3454,Vantawng Khawhthla,1
3454,Vantawng Khawhthla Waterfall View Point,1
3454,Vantawng khawhthla peng,1
3454,Vanva,1
3455,Mini Kashmir,1
3455,Situation,1
3455,Sylhet City Point,1
3455,ফুলবাড়ী সেলফি ব্রীজ,1
3455,"সুরমা ব্রিজ, টুকের বাজার, সিলেট",1
3456,0,1
3456,Rudrasagar Lake,1
3456,Vidyasagar Statue,1
3456,আগরতলা Agartala,1
3456,বড়পাথরী সৎসঙ্গ কেন্দ্র Barpathari Satsanga Kendra,1
3457,Arwah Cave,1
3457,Garden Of Caves,1
3457,"Mawjymbuin Caves, Meghalaya",1
3457,Mawmluh Cave and Changing Room Office,1
3457,Mawsmai Monoliths,1
3458,Jol Chabir Gaon,1
3458,Koroikandi Ferry Ghat,1
3458,চরভাসানিয়া বেড়িবাঁধ,1
3458,বিশনন্দী মেঘনা নদীতট,1
3458,মিনি-কক্সবাজার বিশনন্দী ফেরী ঘাট,1
3459,Eco Lodge,1
3459,Ialong Village,1
3459,Iooksi-Kupli Park,1
3459,Lum Nehru Park,1
3459,Tour somewhere,1
3460,0,1
3460,Nawab Faizunnesa Jame Masjid,1
3460,Nawab Faizunnessa Masjid,1
3460,নবাব বাড়ি মোড়,1
3460,মৈশান বাড়ি,1
3461,Dekhar aor,1
3461,Khoh_Ramhah Waterfall (Mao Trop Waterfall),1
3461,Uthma Chora,1
3461,কুড়ি ছরা (Kuri Chora),1
3461,তুরুং ছড়া(Turung Chora),1
3462,0,1
3462,Churaland Basti Chowmohani,1
3462,Kaiyachand bari lampra ( Chowmohani),1
3462,Plantation land,1
3462,Pratap Sangma,1
3463,Dumbur Hanging Bridge,1
3463,Gamadrwi Twisa (Small River),1
3463,Lawgang Muhuri Bridge,1
3463,Rashid A M,1
3463,River Of Raima,1
3464,Bhuneshwari temple Old,1
3464,Gunabati Group of Temples,1
3464,Mahadev Bari মহাদেব বাড়ী,1
3464,Raj Bari Palace,1
3464,Shri Bhubaneshwari Mandir,1
3465,Khasi Heritage Village,1
3465,Mawphlang David Scott Trail hiking,1
3465,Mawphlang Tourist Agency,1
3465,Mawphlang sacred Forest,1
3465,Sacred forest,1
3466,0,1
3466,Secretariat,1
3466,State Engineers' Association Tripura,1
3466,Tripura,1
3466,Tripura Legislative Assembly,1
3467,Chiranji molshoy,1
3467,"Eco Park, Kanchancherra",1
3467,Khumbar Kami Playground,1
3467,"Longtharai Eco Park, Manughat, Dhalai Tripura",1
3467,கை ரேகை ஜோதிடம்,1
3468,0,1
3468,Bholaganj Sada Pathor ভোলাগঞ্জ সাদাপাথর,1
3468,Shada Pathor,1
3468,ভোলাগঞ্জ জিরো পয়েন্ট,1
3468,সাদা পাথর,1
3469,Lawachara National Park Cottage,1
3469,Lawachara Student Dormitory Lake | লাউয়াছড়া ডরমিটরি লেক,1
3469,Lawachara forest,1
3469,Lawachara national park information center,1
3469,লাউয়াছড়া খাসিয়া পল্লি,1
3470,Shadapathor Tourist Spot,1
3470,Volagonj Sada Pathar Mosque,1
3470,Volagonj Sada Pathor Tourist Spot,1
3470,ভোলাগঞ্জ জিরো পয়েন্ট,1
3470,সাদা পাথর,1
3471,Faruki Park,1
3471,আনন্দবাজার নৌ ঘাট,1
3471,জাতীয় বীর আবদুল কুদ্দুস মাখন পৌর মুক্তমঞ্চ,1
3471,তারা পুকুর,1
3471,রসুলপুর টুরিস্ট স্পট,1
3472,0,1
3472,Bisanakandi Market,1
3472,Panthumai waterfall,1
3472,পিরেরবাজার টু বিছনাকান্দি,1
3472,"বিছানাকান্দি, সিলেট - Bichhanakandi, Sylhet",1
3473,Adarsha Sadar Upazilla Mukijodha Complex,1
3473,Jambari Camping Spot,1
3473,Palpara Gumoti Bridge পালপাড়া গোমতী সেতু,1
3473,Picnic spot,1
3473,গোমতী রেলওয়ে ব্রীজ,1
3474,Mawphlang David Scott Trail hiking,1
3474,Mawphlang Sacred Grove,1
3474,Mawphlang Seventh Day Adventist Church,1
3474,Mawphlang sacred Forest,1
3474,Sacred forest,1
3475,Blue Lagoon,1
3475,"Living Root Bridge, Riwai Village",1
3475,Mawsaw Steel & Root Bridge,1
3475,Rainbow Falls,1
3475,Single Root Bridge,1
3476,Bonkomari Park,1
3476,Cha Bahar Picnic Spot Boyomchara ( চা বাহার পিকনিক স্পট বয়ম ছড়া),1
3476,Dashamighat Children's Park,1
3476,Khumulwng Picnic Ground,1
3476,Sabujdeep Park,1
3477,ASHIK SHIDER PROPERTY,1
3477,Chinadi Beel,1
3477,কৃষ্ণ তলা স্বপ্নঘট,1
3477,পটকা শাহেব আলীর বাধ (শেরার খাল),1
3477,"মিয়ারগাঁও, আমতলী",1
3478,"Eco Park,",1
3478,Eco-Park,1
3478,JARICA ARRECANUT GARDEN,1
3478,Nalkata fruit garden,1
3478,Rupak,1
3479,Lala Khal Boat Station,1
3479,Lala Khal Tea State Terminal,1
3479,Lala Khal Viewpoint,1
3479,Shapla Bil Boat Station,1
3479,লম্বা টিলা,1
3480,0,2
3480,Hill Top,1
3480,Triangular Park,1
3480,আগরতলা Agartala,1
3481,0,2
3481,Triangular Park,1
3481,Tripura- Hill Tipperah,1
3481,আগরতলা Agartala,1
3482,Bardosh Nauka Vihar Park,1
3482,Belonia Eco Park,1
3482,Butterfly Park,1
3482,Eco Park,1
3482,মৈত্রি পার্ক(চোত্তাখোলা),1
3483,0,1
3483,Birendra Singha,1
3483,Boro Baari segun Bagan,1
3483,Boro baari land area,1
3483,Sajal Debnath,1
3484,0,1
3484,Bishramganj Rail station,1
3484,Bishramganj Railway station,1
3484,Neermahal,1
3484,Swarup Travels,1
3485,Konglak Twisa Jhorna,1
3485,"Konglak hill,First Stop (Top)",1
3485,Larong Resort,1
3485,Sajek Konglak Hill King Resort,1
3485,Thonglang Pahad,1
3486,Heritage Park,1
3486,Kalyani Park,1
3486,Nehru Park,1
3486,Rabindrapalli Field Area,1
3486,Ranir Pukur,1
3487,0,1
3487,Babish Batlenute Garden,1
3487,Banabithi Eco Park,1
3487,Park Of Retireds,1
3487,Sita Cherra Lake,1
3488,Banabithi Eco Park,1
3488,Cha Bahar Picnic Spot Boyomchara ( চা বাহার পিকনিক স্পট বয়ম ছড়া),1
3488,KHUMULWNG PARK,1
3488,Khumchak Park,1
3488,Mekhli Para Picnic Spot,1
3489,Kalyanpur River View point,1
3489,Nuna Cherra Buruiphang View point,1
3489,Sunset Point,1
3489,Urban park,1
3489,"View Point, New Khamting Kami",1
3490,0,1
3490,Lichubagan,1
3490,Triangular Park,1
3490,Tripura Selfi Point,1
3490,ছবি বাগ (Bag bari),1
3491,0,5
3492,Green Touch View Point,1
3492,Nuna Cherra Buruiphang View point,1
3492,SomTwisa Valley,1
3492,View Point,1
3492,Views point,1
3493,0,1
3493,Datta Kumar Molsom Khow,1
3493,Montang Valley,1
3493,Montang Valley(Somtwisa Valley),1
3493,Sunset Point,1
3494,0,1
3494,Indira Palli RD,1
3494,Lichubagan,1
3494,Shibam Travels,1
3494,Shiv Mukh Lake,1
3495,Durga Mandir,1
3495,Jagannath Bari,1
3495,Shiv-Durga Temple,1
3495,Shiva Mandir,1
3495,motorstand shani mandir,1
3496,Barmura waterfall,1
3496,John kalai's Arecanut garden,1
3496,Omloki Garden,1
3496,Plantation land,1
3496,Thelakung Orange Garden,1
3497,Bharat-Bangladesh Maitri Udyan,1
3497,Chandi Park,1
3497,Eco Park,1
3497,Kalapania Nature Park,1
3497,Tepania Eco-park,1
3498,Chakmaghat Park Teliamura,1
3498,Montang Valley,1
3498,SomTwisa Valley,1
3498,Sunset Point,1
3498,Tausih-Ha Moin,1
3499,Chabimura View Point,1
3499,River view Point,1
3499,Sunset Point,1
3499,View Point,1
3499,Views point,1
3500,0,1
3500,CHAKRAKMA (Chabimura starting point),1
3500,Chabimora cave visit,1
3500,Chabimura Hills Tripura Tourism,1
3500,Chabimura cave,1
3501,Cha Bahar Picnic Spot Boyomchara ( চা বাহার পিকনিক স্পট বয়ম ছড়া),1
3501,Dashamighat Children's Park,1
3501,KHUMULWNG PARK,1
3501,Khumulwng Picnic Ground,1
3501,MEKHLI PARA TEA GARDEN VIEW POINT,1
3502,0,1
3502,Dewanchara waterfall,1
3502,Dhoila para,1
3502,Kaipeng Bulai Playground,1
3502,Kuaiphang killa,1
3503,Dharma Rajika Buddha Bihar,1
3503,Jagatjyoti Buddha Vihar,1
3503,NALKATA BIHWJYOTI BUDDHA BIHARA,1
3503,Udayan Buddha Vihar,1
3503,Udayan Buddha Vihara,1
3504,Dimsagar Lake Park,1
3504,Gopal Park,1
3504,Heritage Park,1
3504,Nehru Park,1
3504,Pragati Park,1
3505,Barmura waterfall,1
3505,Dewanchara waterfall,1
3505,Dumbur Hanging Bridge,1
3505,Jhor jhoria waterfall,1
3505,Longtharai Hill Waterfall,1
3506,Gunavati Temples (তিন মন্দির),1
3506,Incredible Tripura,1
3506,KING PART,1
3506,Mahamaya Palace,1
3506,Shri Bhubaneshwari Mandir,1
3507,"BUDDHA MANDIR [VENUVAN VIHAR] AGARTALA, TRIPURA, INDIA.",1
3507,Buddhist Temple,1
3507,"Dhamma Dipa Buddha Vihara & Cultural Centre, Agartala",1
3507,Eputhou Temple,1
3507,Venuvan Buddha Vihara,1
3508,0,1
3508,Netaji Statue,1
3508,Shiva Temple - শিব মন্দির,1
3508,Shiva temple,1
3508,Unakoti Rock Carvings,1
3509,Dimsagar Lake Park,1
3509,Lichubagan,1
3509,Purba Banamalipur Dighi,1
3509,Tripura Selfi Point,1
3509,View Point,1
3510,Barmura waterfall,1
3510,Dumala Water falls,1
3510,Tayung Tuku Waterfall,1
3510,Way to Tuisoi Falls,1
3510,saika tuisoi waterfall,1
3511,0,1
3511,AMAULYADHAN PARA,1
3511,Kalapania Nature Park,1
3511,NABUIDYA PARA TOWN,1
3511,Nabuidya para RobeL tripura,1
3512,Chabimura View Point,1
3512,Green Touch View Point,1
3512,Old Banyan Tree/ Bhoora Bargad,1
3512,Tripura Selfi Point,1
3512,View Point,1
3513,Jogendra Nagar View Point,1
3513,MEKHLI PARA TEA GARDEN VIEW POINT,1
3513,Night View Point,1
3513,Tripura Selfi Point,1
3513,View Point,1
3514,0,1
3514,Dewanpasha Park,1
3514,Nehru Children Park,1
3514,Patharia Wildlife Jungle,1
3514,Rowa Eco Park,1
3515,0,1
3515,Bat View Point,1
3515,Chabimura View Point,1
3515,Green Touch View Point,1
3515,View Point,1
3516,Barmura waterfall,1
3516,Bikkhorampara Waterfall,1
3516,Dumala Water falls,1
3516,Shilchhara Buddha Waterfall (pecharthal waterfall),1
3516,Tayung Tuku Waterfall,1
3517,"Clouded Leopard National Park, Tripura",1
3517,Gumti Wildlife Sanctuary,1
3517,Sepahijala Zoological Park,1
3517,Sipahijala wildlife sanctuary,1
3517,Trishna Wild Life,1
3518,Dhoila para,1
3518,Durga Para Road,1
3518,Hapania durgapara,1
3518,"Kadainya, South Charipara",1
3518,Palpara Maa Kali Temple পালপাড়া মা কালী মন্দির,1
3519,Bikkhorampara Waterfall,1
3519,Dumala Water falls,1
3519,Longtharai Hill Waterfall,1
3519,Tayung Tuku Waterfall,1
3519,saika tuisoi waterfall,1
3520,0,1
3520,Children's Park,1
3520,Sepahijala Wildlife Sanctuary & Zoo,1
3520,Sepahijala Zoological Park Hippopotamus lake,1
3520,Sipahijala wildlife sanctuary,1
3521,0,1
3521,Lembucherra Tea Garden,1
3521,MEKHLI PARA TEA GARDEN VIEW POINT,1
3521,View Point,1
3521,fatikcharra tea garden,1
3522,Kali Temple,1
3522,Kamalasagar Park,1
3522,Kasba Kali Bari,1
3522,Lake Chowmuhani Kali Mandir,1
3522,কমলা সাগর,1
3523,Bay of Agartala,1
3523,Green Touch View Point,1
3523,Night View Point,1
3523,Sabujdeep Park,1
3523,View Point,1
3524,"Behliangchhip YMA Park, Jampui Hills",1
3524,Bikkhorampara Waterfall,1
3524,Jampui Hill,1
3524,Jampui Hills,1
3524,Shilchhara Buddha Waterfall (pecharthal waterfall),1
3525,Albert Ekka Park,1
3525,Bonkomari Park,1
3525,Dashamighat Children's Park,1
3525,Dimsagar Lake Park,1
3525,Nehru Park,1
3526,Green Touch View Point,1
3526,Lichubagan,1
3526,MEKHLI PARA TEA GARDEN VIEW POINT,1
3526,Night View Point,1
3526,Tripura Selfi Point,1
3527,Longtharai Hill Waterfall,1
3527,Shilchhara Buddha Waterfall (pecharthal waterfall),1
3527,Tayung Tuku Waterfall,1
3527,Way to Tokbak khor waterfall,1
3527,saika tuisoi waterfall,1
3528,Abhoynagar Buddhist Temple,1
3528,Boxanagar,1
3528,Maa Durga Mandir,1
3528,Shri Shri Baba Loknath Seba Mandir,1
3528,Venuvan Buddha Vihara,1
3529,Dumbur Waterfall,1
3529,East Duluma & Paharpur Village View Point,1
3529,Nograi Dumboor Waterfall,1
3529,Rangamati Bridge,1
3529,River Ganga,1
3530,DeoraCherra Mahadeb Tali (দেওরাছড়া মহাদেব তলি),1
3530,Shilchhara Buddha Waterfall (pecharthal waterfall),1
3530,Shiv mandhir,1
3530,Shiva Durga Temple,1
3530,Unakoti Rock Carvings,1
3531,0,1
3531,Kamalasagar Kali Temple কমলাসাগর কালী মন্দির,1
3531,Lake Chowmuhani Kali Mandir,1
3531,Shiv Kali Temple,1
3531,কমলা সাগর,1
3532,Dharmatilla picnic spot,1
3532,Durbin Tila,1
3532,Hill view picnic spot,1
3532,JungleStan Park & Restaurant,1
3532,Sunset Point Half-long,1
3533,0,2
3533,Bharat Bangla Moitri Park,1
3533,Chottakhola Park,1
3533,মৈত্রি পার্ক(চোত্তাখোলা),1
3534,Children's Park,1
3534,Dimsagar Lake Park,1
3534,Nehru Park,1
3534,Oxygen Park,1
3534,Rajbari Lake Garden,1
3535,0,1
3535,Kohinoor Tour & Travels,1
3535,Porijayee Tour and Travels,1
3535,Tripura Tourism Development Corporation Limited (TTDCL),1
3535,Tripura Travels,1
3536,BARAMURA ECO PARK,1
3536,Chakmaghat Park Teliamura,1
3536,KHUMULWNG PARK,1
3536,Nehru Park,1
3536,Tepania Eco-park,1
3537,Eco Park Tepania,1
3537,Eco park,1
3537,KHUMULWNG PARK,1
3537,Kalapania Nature Park,1
3537,Tepania Eco-park,1
3538,Children's Park,1
3538,Dashamighat Children's Park,1
3538,Nehru Park,1
3538,Rabindra Kanan,1
3538,Rajbari Lake Garden,1
3539,0,2
3539,Chabimura Hills Tripura Tourism,1
3539,Chabimura View Point,1
3539,Chabimura cave,1
3540,Bonkomari Park,1
3540,KHUMULWNG PARK,1
3540,Nehru Park,1
3540,Rabindra Kanan,1
3540,View Point,1
3541,Haveli Museum,1
3541,Nehru Park,1
3541,State's Highest National Flag,1
3541,Tripura State Museum / Tripura Royal Palace / Nuyungma,1
3541,Ummaheshwar Temple,1
3542,Dimsagar Lake Park,1
3542,Lichubagan,1
3542,National flag,1
3542,Nehru Park,1
3542,Ujjayanta Palace Museum,1
3543,Sepahijala Wildlife Sanctuary & Zoo,1
3543,Sepahijala Zoological Park,1
3543,Trishna Wild Life,1
3543,Trishna Wildlife Sanctuary,1
3543,Tulamura Wildlife Sanctuary,1
3544,Haveli Museum,1
3544,Heritage Park,1
3544,Nehru Park,1
3544,Ujjayanta Palace Museum,1
3544,Ummaheshwar Temple,1
3545,Fourteen Gods' and Goddesses' Temple,1
3545,ISKCON Agartala,1
3545,Jagannath temple,1
3545,Shri Shri Durga Bari Temple,1
3545,Ummaheshwar Temple,1
3546,Nazrul Statue,1
3546,Shiv Mandir,1
3546,Statue of Lord Shiva,1
3546,Unakoti Eco Park,1
3546,Unkoti Temple,1
3547,Bonkomari Park,1
3547,Dimsagar Lake Park,1
3547,Heritage Park,1
3547,Pragati Park,1
3547,Rabindra Kanan,1
3548,Fourteen Gods' and Goddesses' Temple,1
3548,Haveli Museum,1
3548,Jagannath Bari,1
3548,Radha Krishna Mandir,1
3548,Ummaheshwar Temple,1
3549,Budum Budum Tiyari - Waterfall,1
3549,Dewanchara waterfall,1
3549,Dumala Water falls,1
3549,Longtharai Hill Waterfall,1
3549,Raima Waterfall,1
3550,Botola Dharmasagar Mukto Moncho,1
3550,RamGhat Pond রামঘাট পুকুর কুমিল্লা,1
3550,Roop Sagar Park,1
3550,ধর্মসাগর নগর উদ্যান গেইট,1
3550,ধর্মসাগর পাড়,1
3551,Amit Chakma,1
3551,Dumbur Waterfall,1
3551,Rambhadra areca nut bagan,1
3551,Rashna dhan para,1
3551,Tirthamukh,1
3552,Haveli Museum,1
3552,Lichubagan,1
3552,Malancha,1
3552,Nehru Park,1
3552,Rajbari Lake Garden,1
3553,Gumti Wildlife Sanctuary,1
3553,Rajbari (Bison ) National Park,1
3553,Sepahijala Wildlife Sanctuary & Zoo,1
3553,Trishna Park,1
3553,Trishna Wildlife Sanctuary,1
3554,Haveli Museum,1
3554,Neermahal Starting point,1
3554,Nir-Mahal Adventure,1
3554,Tripura State Museum / Tripura Royal Palace / Nuyungma,1
3554,Ujjayanta Palace Museum,1
3555,Lichubagan,1
3555,Malancha Niwas,1
3555,Tripura State Museum / Tripura Royal Palace / Nuyungma,1
3555,Ujjayanta Palace Museum,1
3555,Ummaheshwar Temple,1
3556,Haveli Museum,1
3556,ISKCON Agartala,1
3556,Jagannath Bari,1
3556,NARAYAN TEMPLE,1
3556,Ummaheshwar Temple,1
3557,Fourteen Gods' and Goddesses' Temple,1
3557,Haveli Museum,1
3557,ISKCON Agartala,1
3557,Jagannath Bari,1
3557,Ujjayanta Palace Museum,1
3558,Island Eco Park,1
3558,SHAHID DHANANJOY TRIPURA SMRITI ECO PARK,1
3558,"Sukanta Park, Sabroom",1
3558,Tepania Eco Park,1
3558,Tepania Eco-park,1
3559,Ireng Waterfall Picnic Spot,1
3559,Khoupum Waterfall,1
3559,New Keithelmanbi Waterfall,1
3559,Ngaloi Waterfall,1
3559,THANGSHI WATER FALL,1
3560,Keibul Fawoibi Temple,1
3560,Keibul Lamjao National Park (KLNP) Gate,1
3560,Keibul Lamjao National Park View Point,1
3560,"Pauneikhai Eco Park,",1
3560,Yangoupokpi-Lokchao Wildlife Sanctuary,1
3561,Kangla Museum,1
3561,Kangla Western Gate / Kangla Sanathong,1
3561,Manipur State Museum,1
3561,Sanakhongnang,1
3561,Temple Of Thangal General,1
3562,0,1
3562,Kangla Museum,1
3562,Manipur State Museum,1
3562,Matai Garden,1
3562,RKCS Art Gallery And Museum,1
3563,0,1
3563,Kangla Museum,1
3563,Manipur State Museum,1
3563,Three Mothers Art Gallery,1
3563,the rk gallery,1
3564,0,1
3564,Chik u,1
3564,Imphal views,1
3564,Kwakeithel Traffic Island,1
3564,Matai Garden,1
3565,0,1
3565,Khongjom War Memorial Complex,1
3565,Nongpok Ningthou Temple Gwarok,1
3565,Prmchndr Wandered Soul,1
3565,"WELCOME GATE, Thoubal Khunou",1
3566,Bokul Makhong,1
3566,Laimayum Temple,1
3566,MOirangkhom Bokulmakhong,1
3566,Phura of Leimapokpam Keirungba,1
3566,Phurailatpam Temple,1
3567,0,1
3567,Ebudhou Nongda Lairen Pakhangba,1
3567,Ima Panthoibi Temple,1
3567,Iputhou Naothingkhong Pakhangba,1
3567,Lainingthou Sanamahi Temple Kangla,1
3568,0,1
3568,Free Hiking Area,1
3568,HADO Tourist Spot,1
3568,Nongmaijing Ching,1
3568,Selloi Langmai Ecological Park,1
3569,0,5
3570,0,1
3570,Kangla Eastern Gate (Nongpok Sanathong),1
3570,Kangla Fort,1
3570,Kangla Museum,1
3570,Luphou Nung,1
3571,Khulan kodon,1
3571,Lamboi Lampak Play Ground,1
3571,Yahithel lampak,1
3571,Yumnam Huidrom Maibi Lampak,1
3571,Yumnam Huidrom Park,1
3572,Bamboo farm,1
3572,"K.Aichin Park, Lamka South",1
3572,SIKTUI Packaged Drinking Water Plant,1
3572,"Siktui Farms and Resorts, Lamzang, Lamka South",1
3572,"The Last Resort Lamzang, Lamka South",1
3573,LAININGTHOU SANAMAHI KIYONG HONGBA (TEMPLE),1
3573,Mahabali Temple,1
3573,Maisnam Luwangpokpa Temple,1
3573,Mandir,1
3573,Sanamahi Temple,1
3574,Kangla Fort,1
3574,Kangla Museum,1
3574,Kangla Western Gate / Kangla Sanathong,1
3574,Langthabal Konung,1
3574,Luphou Nung,1
3575,"Dzukou Valley, The Only Network Point (Peak)",1
3575,Dzuleke,1
3575,Dzüko View Point,1
3575,Dzükou Point,1
3575,Khonoma Dzükou Valley,1
3576,Heituppokpi lake,1
3576,K.Leihaoram Village bounday with Heljang village,1
3576,Khongjom,1
3576,LAIMANAI VILLAGE,1
3576,Leimapokpam lamnganba meitei,1
3577,0,1
3577,Galngam Kuki Memorial Park,1
3577,KHOIRENTAK KHUMAN GROUND,1
3577,Moirangkhunou Public Playground,1
3577,Playground Khoijuman Maning Leikai,1
3578,Awunching Park,1
3578,Cheirao Ching Garden,1
3578,Heirangoithong Ningthemcha Karong,1
3578,Langol laimanai ching,1
3578,Thengra park,1
3579,0,1
3579,Mini Zoo of MMRC & Unity Park,1
3579,Monastery of MMRC & Unity Park,1
3579,Panthoibi Laishang of MMRC & Unity Park,1
3579,Playground of MMRC & Unity Park,1
3580,Dailong Raengaan,1
3580,Haipou Jadonang Park,1
3580,Kahulong Prayer Mountain,1
3580,Khangchiuluan Lower Ground,1
3580,Nungsit Thong Chakpa Ching,1
3581,Jiribam Nongsaba Gate,1
3581,Mongbung Playground,1
3581,Ningsingkhun Road,1
3581,Nupi Lan Memorial Complex Jiribam,1
3581,Sahab Uddin Rubber Garden,1
3582,Awunching Park,1
3582,Pheidinga Park,1
3582,Potsangbam Garden (Liklaleima Leikol),1
3582,Rose Garden (Kangla Fort),1
3582,Shilheipung Garden,1
3583,0,2
3583,"K.Aichin Park, Lamka South",1
3583,Lalboi Taithul spot,1
3583,Sir Suan Park,1
3584,Eco Historical Park,1
3584,Heibok Hill Eco Park,1
3584,Selloi Langmai Ecological Park,1
3584,Site for Meitei Heritage Park,1
3584,WAROI GARDEN LEIMARAM,1
3585,0,1
3585,Chingdai khelemba view point,1
3585,Kuirei Shimphung,1
3585,Rendezvous,1
3585,Sasdang,1
3586,Nongdam Pukhri Achouba,1
3586,Ramrei Eco Tourism Park,1
3586,Ramrei Village Playground,1
3586,Riha Eco-tourism Park,1
3586,Water Adventure Park,1
3587,Botanical Garden,1
3587,Matai Garden,1
3587,Millennium Garden,1
3587,P.B.Peace Garden,1
3587,THE SHANGRI-LA PARK,1
3588,Kailamjai National Park,1
3588,Keibul Lamjao National Park (KLNP) Gate,1
3588,Langol peak,1
3588,Penakhongba Liwa changning,1
3588,white flower pallel dam,1
3589,Awunching Park,1
3589,Ebudhou Marjing gi Khubam,1
3589,Eco Historical Park,1
3589,Ibudhou Marjing Heingang,1
3589,Phayeng Hei-yu Park,1
3590,Awunching Park,1
3590,Botanical Garden,1
3590,Kombirei Garden,1
3590,Shilheipung Garden,1
3590,Thingel Garden,1
3591,Botanical Garden,1
3591,East Garden,1
3591,Matai Garden,1
3591,Millennium Garden,1
3591,Rose Garden (Kangla Fort),1
3592,Koirengei Uram Thong,1
3592,Nungshigum,1
3592,Uyung Makhong,1
3592,Wahyum Eco Resort,1
3592,wahyum festival,1
3593,Gracias Restaurant,1
3593,Jorcheng Campsite,1
3593,Kahang(Yolo),1
3593,Nayi kaphung,1
3593,PHANGREI LAKE,1
3594,0,1
3594,"Chongtha Mia Memorial Park, Khongjom",1
3594,Khongjom War Memorial Complex,1
3594,Khongjom war memorial community hall,1
3594,Khonjom War Memorial,1
3595,0,5
3596,Forest Department Plantation,1
3596,Free Hiking Area,1
3596,Langjing Hill,1
3596,Langol Hills Peak,1
3596,Selloi Langmai Ecological Park,1
3597,0,5
3598,0,1
3598,Barak waterfall,1
3598,Khoupum Cave,1
3598,"Namguang, Thalon II",1
3598,Tharon Waterfall,1
3599,Arapti Kangjeibung,1
3599,Heibok Ching Observatory,1
3599,KaiNengKol,1
3599,LONGA KOIRENG VIEW POINT,1
3599,Langthabal Konung,1
3600,"Khuai Lui, Pamzal",1
3600,Pamzal Lui,1
3600,Pamzal Lui Tuikia (Waterfall),1
3600,Zampi Mun,1
3600,"Zou Lui, Pamzal",1
3601,East Garden,1
3601,Eco Historical Park,1
3601,Langjing Hill,1
3601,Ningsingpam valley,1
3601,Selloi Langmai Ecological Park,1
3602,CYO PICNIC SPOT,1
3602,Dakho Zhono Kheh,1
3602,Louni Pani chikhe,1
3602,Paomaichi Khemai Chuhkho,1
3602,"Teinghipabuh,T.T.R Picnic Spot",1
3603,HADO Tourist Spot,1
3603,Ichum Keirap playground,1
3603,Imphal View Point,1
3603,Khurkhul Picnic Spot,1
3603,Sadu chiru waterfalls,1
3604,0,5
3605,0,5
3606,"ISKCON Temple, Imphal",1
3606,Mahabali Temple,1
3606,Manipur Online,1
3606,Shri Shri Bijoy Govindaji Temple,1
3606,Shri Shri Govinda Mandop,1
3607,Lamdan - Loktak - Leimata View Pt,1
3607,Loktak Boat Stand,1
3607,"Loktak Inland Water Transport Complex, Phubala",1
3607,Loktak View point,1
3607,Loktak lake view point,1
3608,0,2
3608,Chaoba Ching,1
3608,Hanubi Ching Tourist Spot,1
3608,Ningthoukhong Canal Bridge,1
3609,Imphal Barrage,1
3609,Irengbam Awang Leikai Playground,1
3609,Irengbam Kangjeibung Lampak,1
3609,Wainem Eco-Park,1
3609,Wainem Village,1
3610,0,1
3610,Karang Ferry,1
3610,Loktak lake view point,1
3610,Thanga Island Marina,1
3610,Thanga-Karang keithel,1
3611,0,5
3612,Ereima Eco Park,1
3612,Heibok Hill Eco Park,1
3612,Thumbilok Children Amusement Park,1
3612,Water Adventure Park,1
3612,Welcome to Thoi Thoi adventure park,1
3613,(L) Leiphrakpam Amumcha Singh Hingol,1
3613,Imphal View Point,1
3613,Kakyai Awang pukhri Achwba,1
3613,Makoi Park,1
3613,Sangaithel Park & Resort,1
3614,Leimaram Picnic Park And Resort,1
3614,Matai Garden,1
3614,Millennium Garden,1
3614,Pinewood Garden,1
3614,Shilheipung Garden,1
3615,"Awunching Biodiversity Park, Pheidinga",1
3615,Awunching Park,1
3615,Botanical Garden,1
3615,Phayeng Hei-yu Park,1
3615,THE SHANGRI-LA PARK,1
3616,Botanical Garden,1
3616,Matai Garden,1
3616,Potsangbam Garden (Liklaleima Leikol),1
3616,ROSE GARDEN,1
3616,Rose Garden (Kangla Fort),1
3617,Kombirei Garden,1
3617,Matai Garden,1
3617,ROSE GARDEN,1
3617,Rose Garden (Kangla Fort),1
3617,Thingel Garden,1
3618,Jorcheng,1
3618,Khakha Fishery pond,1
3618,Mt. Khuirung Peak (Khangkhui Phungdhar),1
3618,Pahai Kasom Phungdhar Ngahong,1
3618,Tingloi Peak (Sokhami Kaphung),1
3619,Classic Resort,1
3619,Sendra Picnic Spot,1
3619,Sendra Tourist Home,1
3619,"Sendra tourist center, takmu",1
3619,Sendra-homestay,1
3620,Kangla Fort,1
3620,Manipur State Museum,1
3620,Matai Garden,1
3620,Old Govindaji Temple (unused now),1
3620,Thangal General Statue,1
3621,Jorcheng,1
3621,Longpi Khullen,1
3621,NGAINGA VILLAGE,1
3621,PHANGREI LAKE,1
3621,Pahai Kasom Phungdhar Ngahong,1
3622,"Ashram ching Moidngpok khullen, Imphal West District",1
3622,Kai ning kol view,1
3622,Koklen Chingtol,1
3622,LONGA KOIRENG VIEW POINT,1
3622,Langjing Hill,1
3623,0,1
3623,"Chongtha Mia Memorial Park, Khongjom",1
3623,Khongjom,1
3623,Khongjom war memorial community hall,1
3623,Khonjom War Memorial,1
3624,Chingmeirong Cemetery,1
3624,Indian Imphal War Cemetery,1
3624,Kangla Fort,1
3624,Rani Gaidinliu Park,1
3624,"War Cemetary, Dewlahlane",1
3625,0,1
3625,Eden Park,1
3625,"Pauneikhai Eco Park,",1
3625,Saikul khua,1
3625,"Saiton Salankonjil, Manipur",1
3626,Kachouphung (K) Village,1
3626,Kachouphung (K) community hall,1
3626,Longpi Khullen,1
3626,Nayi kaphung,1
3626,PHANGREI LAKE,1
3627,Awunching Park,1
3627,Sangaithel Ecological park,1
3627,Selloi Langmai Ecological Park,1
3627,THE SHANGRI-LA PARK,1
3627,Xingu Park & Resort,1
3628,Kangla Eastern Gate (Nongpok Sanathong),1
3628,Kangla Fort,1
3628,Kangla Museum,1
3628,Kangla North Gate,1
3628,Kangla Southern Gate,1
3629,Hanubi Ching Tourist Spot,1
3629,Khurkhul Picnic Spot,1
3629,Makhan Picnic Spot,1
3629,Maphou Dam Picnic Spot,1
3629,Phayeng Chakpa Picnic Spot,1
3630,Andro Panam Ningthou Garden,1
3630,Andro hill,1
3630,Sangaithel Park & Resort,1
3630,Selloi Langmai Ecological Park,1
3630,Ãlìsõñ,1
3631,Hanuman Mandir,1
3631,Hiyangthang Lairembi Temple,1
3631,"ISKCON Temple, Imphal",1
3631,Old Govindaji Temple (unused now),1
3631,Sanamahi Temple,1
3632,Ereima Eco Park,1
3632,Indira Park,1
3632,Makoi Park,1
3632,Selloi Langmai Ecological Park,1
3632,Site for Meitei Heritage Park,1
3633,Khangkhui Khullen Mangsor Cave,1
3633,Lungshang River Bridge,1
3633,Lungva park Ramva,1
3633,Mova Peak,1
3633,Nayi kaphung,1
3634,East Garden,1
3634,Matai Garden,1
3634,Millennium Garden,1
3634,Shilheipung Garden,1
3634,Thingel Garden,1
3635,"CHANGPIJANG PICNIC SPOT,SAHEIBUNG",1
3635,"KANGLATOMBI, PICNIC SPOT NEARRIVER BANK",1
3635,Khurkhul Picnic Spot,1
3635,SEKMAI PICNIC PARK,1
3635,Shangkai Picnic beach,1
3636,0,1
3636,Eco Historical Park,1
3636,Makoi Park,1
3636,Sadu chiru waterfalls,1
3636,Selloi Langmai Ecological Park,1
3637,Children Park,1
3637,Eco Historical Park,1
3637,Indira Park,1
3637,Jadonang Memorial Park,1
3637,Matai Garden,1
3638,HEIWA URUM,1
3638,Imphal peace museum,1
3638,"India Peace Memorial, Maibam",1
3638,Japanese War II Martyrs Temple,1
3638,Japanese War Memorial,1
3639,Matai Garden,1
3639,Potsangbam Garden (Liklaleima Leikol),1
3639,Selloi Langmai Ecological Park,1
3639,Shilheipung Garden,1
3639,THE SHANGRI-LA PARK,1
3640,Kangla Fort,1
3640,Kangla Western Gate / Kangla Sanathong,1
3640,Manipur State Museum,1
3640,RKCS Art Gallery And Museum,1
3640,Royal Palace,1
3641,Classic Resort,1
3641,Sendra Park & Resort,1
3641,Sendra Picnic Spot,1
3641,Sendra touris,1
3641,Sendra-homestay,1
3642,Khoupum Waterfall,1
3642,"Ngakik Waterfall, Lamka West",1
3642,Sadu chiru waterfalls,1
3642,THANGSHI WATER FALL,1
3642,Tonglon D Waterfall,1
3643,0,1
3643,Matai Garden,1
3643,Nagamapal Moreh Market,1
3643,"Old IMA KEITHEL, IMPHAL CITY",1
3643,PHOUOIBI IMA KEITHEL IMA MARKET 3,1
3644,INA Headquarters,1
3644,Imphal peace museum,1
3644,Indian National Army (INA) Memorial,1
3644,Manipur State Museum,1
3644,kumam leikai,1
3645,Kahang(Yolo),1
3645,Khorung Mount Sachiri,1
3645,Shirui Base,1
3645,Shirui Ramsei Kathi,1
3645,Tingloi Peak (Sokhami Kaphung),1
3646,Makoi Park,1
3646,Matai Garden,1
3646,Millennium Garden,1
3646,Selloi Langmai Ecological Park,1
3646,Zoological garden,1
3647,"Awunching Biodiversity Park, Pheidinga",1
3647,Matai Garden,1
3647,P.B.Peace Garden,1
3647,Phayeng Hei-yu Park,1
3647,Pheidinga Park,1
3648,Mahabali Temple,1
3648,Old Govindaji Temple (unused now),1
3648,Radha krishna mandir,1
3648,Shree Shree Radha Krishna Mandir,1
3648,Shri Shri Radha krishna Temple,1
3649,Ireng Waterfall Picnic Spot,1
3649,Kahulong Prayer Mountain,1
3649,Khoupum Waterfall,1
3649,Sadu chiru waterfalls,1
3649,THANGSHI WATER FALL,1
3650,Chingarel Biodiversity Park,1
3650,Eco Historical Park,1
3650,Ereima Eco Park,1
3650,Makoi Park,1
3650,Shilheipung Garden,1
3651,0,1
3651,Ketu Khong,1
3651,"Kongbrailatpam,Radha govinda Temple",1
3651,Krishna Temple,1
3651,Radha Krishna Temple,1
3652,Barak waterfall,1
3652,Khoupum dam,1
3652,Ngaloi Waterfall,1
3652,Sadu chiru waterfalls,1
3652,THANGSHI WATER FALL,1
3653,0,3
3653,Mount Kangpokpi,1
3653,Taphou Waterfalls (Twilha Kawl),1
3654,Kakching Garden,1
3654,Langol Tourist Watch Tower,1
3654,Langol peak,1
3654,Millennium Garden,1
3654,THE SHANGRI-LA PARK,1
3655,Bishnu Temple Bishnupur,1
3655,Ningthoukhong,1
3655,Thoubal Khunou Forest,1
3655,Toubul makha leikai,1
3655,Tourist temple,1
3656,0,3
3656,Nongmaiching Reserved Forest Area,1
3656,Nungjeng Apicha,1
3657,Free Hiking Area,1
3657,Langol Hills Peak,1
3657,Langol Reserve Forest,1
3657,THE SHANGRI-LA PARK,1
3657,View point cheiraoching,1
3658,Central Lamka one way point,1
3658,"Kaigin Road,Thangdong Veng,Gangpimual,Lamka.",1
3658,Keibul Lamjao National Park,1
3658,Keibul Lamjao National Park View Point,1
3658,Lamyeng ching,1
3659,Hanubi Ching Tourist Spot,1
3659,Loktak H. E Project Herbal Park Loktak,1
3659,"Loktak Pat Eco Tourism Zone,",1
3659,Loktak View point,1
3659,Loktak lake view point,1
3660,Chinnungkok Picnic Spot,1
3660,HADO Tourist Spot,1
3660,Khurkhul Picnic Spot,1
3660,Nongpok Lourembam Picnic spot,1
3660,Shangkai Picnic beach,1
3661,0,1
3661,Imphal views,1
3661,Kangla Western Gate / Kangla Sanathong,1
3661,Lai Pukhri,1
3661,Manipur State Museum,1
3662,East Garden,1
3662,Kombirei Garden,1
3662,Sera Garden,1
3662,Thingel Garden,1
3662,WAROI GARDEN LEIMARAM,1
3663,Awunching Park,1
3663,Kakching Garden,1
3663,Kombirei Garden,1
3663,Langol Peak Garden,1
3663,P.B.Peace Garden,1
3664,Chinnungkok Picnic Spot,1
3664,Khurkhul Picnic Spot,1
3664,Makhan Picnic Spot,1
3664,Maphou Dam Picnic Spot,1
3664,Shangkai Picnic beach,1
3665,Leimaram River.Picnic Spot,1
3665,Leimata Picnic Spot,1
3665,Selloi Langmai Ecological Park,1
3665,The Rendezvous,1
3665,WAROI GARDEN LEIMARAM,1
3666,Ichum keirap tourist spot,1
3666,Leimaram Picnic Park And Resort,1
3666,Leimaram River.Picnic Spot,1
3666,Sadu chiru waterfalls,1
3666,WAROI GARDEN LEIMARAM,1
3667,Khoirok Thong,1
3667,Loukoipat Ecological Park,1
3667,Thongjaorok Bridge,1
3667,Tintong Bridge,1
3667,Yangoi karong bridge,1
3668,Hanubi Ching Tourist Spot,1
3668,Langol Peak Garden,1
3668,Matai Garden,1
3668,Rock Garden,1
3668,WAROI GARDEN LEIMARAM,1
3669,Bio - Diversity Park,1
3669,Indira Park,1
3669,Makoi Park,1
3669,Matai Garden,1
3669,Rani Gaidinliu Park,1
3670,Khoupum Waterfall,1
3670,Konsakhul Water Fall,1
3670,New Keithelmanbi Waterfall,1
3670,Ngaloi Waterfall,1
3670,Sadu chiru waterfalls,1
3671,0,1
3671,Akhoi Sangon,1
3671,Keibul Lamjao National Park,1
3671,Yangoupokpi Village,1
3671,kalika lok kakching khunou,1
3672,Inganglok,1
3672,Khamlang-So,1
3672,Langol Peak Garden,1
3672,Langol Village Gate,1
3672,Langol peak,1
3673,Khoupum Waterfall,1
3673,Konsakhul Tributaries,1
3673,Konsakhul Water Brook,1
3673,Sadu chiru waterfalls,1
3673,THANGSHI WATER FALL,1
3674,East Garden,1
3674,Kombirei Garden,1
3674,Matai Garden,1
3674,Selloi Langmai Ecological Park,1
3674,THE SHANGRI-LA PARK,1
3675,0,1
3675,"CHANGPIJANG PICNIC SPOT,SAHEIBUNG",1
3675,Hanubi Ching Tourist Spot,1
3675,Khangjai Ngamba Ching,1
3675,Lamyeng ching,1
3676,Choithar ngaiva ngaiva,1
3676,Khangkhui Phungdhar Harva Khangai,1
3676,Mova Cave,1
3676,Mt. Khuirung Peak (Khangkhui Phungdhar),1
3676,PHANGREI LAKE,1
3677,East Garden,1
3677,Kombirei Garden,1
3677,Makoi Park,1
3677,Millennium Garden,1
3677,Rose Garden (Kangla Fort),1
3678,Kangla Museum,1
3678,Manipur Science Museum,1
3678,Manipur Zoological Garden,1
3678,Matai Garden,1
3678,Temple Of Thangal General,1
