id,name,state,category,latitude,longitude,price_range,rating,review_count,description,best_season,image_url
10600,Batasia Eco Garden,West Bengal,attraction,27.015963,88.245828,budget,4.1,356,"Batasia Eco Garden is a renowned recreation landmark situated in Darjeeling, Darjeeling district of West Bengal. The destination attracts visitors seeking authentic regional heritage, architectural grandeur, and picturesque surroundings. It plays an integral role in the cultural landscape and local tourism identity of the region.",Oct-Feb,https://thumb.wikimedia.org/wikipedia/commons/thumb/2/28/Vast_green_meadows_and_hills_in_Singalila_National_Park.jpg/960px-Vast_green_meadows_and_hills_in_Singalila_National_Park.jpg?utm_source=en.wikipedia.org&utm_campaign=api&utm_content=thumbnail
10601,Bengal Safari,West Bengal,attraction,26.7154,88.4134,luxury,4.4,2616,"Bengal Safari is a renowned wildlife landmark situated in Siliguri, Darjeeling district of West Bengal. The destination attracts visitors seeking authentic regional heritage, architectural grandeur, and picturesque surroundings. It plays an integral role in the cultural landscape and local tourism identity of the region.",Oct-Feb,https://thumb.wikimedia.org/wikipedia/commons/thumb/9/9d/Khana-Mihir_Mound_-_Berachampa_2012-02-24_2346.JPG/960px-Khana-Mihir_Mound_-_Berachampa_2012-02-24_2346.JPG?utm_source=en.wikipedia.org&utm_campaign=api&utm_content=thumbnail
10602,Darjeeling Clock Tower,West Bengal,attraction,27.0382,88.2467,budget,4.3,1865,"Darjeeling Clock Tower is a renowned cultural landmark situated in Darjeeling, Darjeeling district of West Bengal. The destination attracts visitors seeking authentic regional heritage, architectural grandeur, and picturesque surroundings. It plays an integral role in the cultural landscape and local tourism identity of the region.",Oct-Feb,https://thumb.wikimedia.org/wikipedia/commons/thumb/a/aa/Happy_Valley_Tea_Estate%2C_Darjeeling.jpg/960px-Happy_Valley_Tea_Estate%2C_Darjeeling.jpg?utm_source=en.wikipedia.org&utm_campaign=api&utm_content=thumbnail
10603,"DHR Ghum Railway Museum - Darjeeling District, West Bengal, India",West Bengal,attraction,27.0457,88.2492,mid,4.3,3177,"DHR Ghum Railway Museum - Darjeeling District, West Bengal, India is a renowned heritage landmark situated in Darjeeling, Darjeeling district of West Bengal. The destination attracts visitors seeking authentic regional heritage, architectural grandeur, and picturesque surroundings. It plays an integral role in the cultural landscape and local tourism identity of the region.",Oct-Mar,https://thumb.wikimedia.org/wikipedia/commons/thumb/4/43/Tarapith_Temple_05.jpg/960px-Tarapith_Temple_05.jpg?utm_source=en.wikipedia.org&utm_campaign=api&utm_content=thumbnail
10604,Ghoom Monastery (Yiga Choeling Monastery),West Bengal,attraction,27.0125,88.253056,budget,4.8,8992,"Established in 1850 by Mongolian astrologer and monk Lama Sherab Gyatso at an elevation of 7,407 feet in Ghum, the oldest Tibetan Gelugpa (Yellow Hat) Buddhist monastery in the Darjeeling region, enshrining a magnificent 15-foot-high clay statue of Maitreya Buddha (the Buddha of the Future) adorned with gold leaf and precious jewels, alongside rare Tibetan Buddhist handwritten manuscripts.",Oct-Feb,https://thumb.wikimedia.org/wikipedia/commons/thumb/7/78/Yiga_Choeling_Monastery%2C_Ghum_02.jpg/960px-Yiga_Choeling_Monastery%2C_Ghum_02.jpg?utm_source=en.wikipedia.org&utm_campaign=api&utm_content=thumbnail
10605,Guiders,West Bengal,attraction,27.048488,88.270109,budget,4.0,387,"Guiders is a renowned religious landmark situated in Darjeeling, Darjeeling district of West Bengal. The destination attracts visitors seeking authentic regional heritage, architectural grandeur, and picturesque surroundings. It plays an integral role in the cultural landscape and local tourism identity of the region.",Oct-Feb,https://thumb.wikimedia.org/wikipedia/commons/thumb/a/a6/Sunset_beauty_of_2nd_Hugly_Bridge.jpg/960px-Sunset_beauty_of_2nd_Hugly_Bridge.jpg?utm_source=en.wikipedia.org&utm_campaign=api&utm_content=thumbnail
10606,Happy Valley Tea Estate,West Bengal,attraction,27.051388,88.258609,budget,4.5,7154,"Happy Valley Tea Estate is a renowned recreation landmark situated in Darjeeling, Darjeeling district of West Bengal. The destination attracts visitors seeking authentic regional heritage, architectural grandeur, and picturesque surroundings. It plays an integral role in the cultural landscape and local tourism identity of the region.",Oct-Feb,https://thumb.wikimedia.org/wikipedia/commons/thumb/a/aa/Happy_Valley_Tea_Estate%2C_Darjeeling.jpg/960px-Happy_Valley_Tea_Estate%2C_Darjeeling.jpg?utm_source=en.wikipedia.org&utm_campaign=api&utm_content=thumbnail
10607,Himalayan Tibet Museum,West Bengal,attraction,27.0416,88.2705,mid,3.9,945,"Himalayan Tibet Museum is a renowned cultural landmark situated in Darjeeling, Darjeeling district of West Bengal. The destination attracts visitors seeking authentic regional heritage, architectural grandeur, and picturesque surroundings. It plays an integral role in the cultural landscape and local tourism identity of the region.",Oct-Mar,https://thumb.wikimedia.org/wikipedia/commons/thumb/8/88/PrincepGhat.jpg/960px-PrincepGhat.jpg?utm_source=en.wikipedia.org&utm_campaign=api&utm_content=thumbnail
10608,HMI MUSEUM,West Bengal,attraction,27.058388,88.253984,mid,3.9,1180,"HMI MUSEUM is a renowned cultural landmark situated in Darjeeling, Darjeeling district of West Bengal. The destination attracts visitors seeking authentic regional heritage, architectural grandeur, and picturesque surroundings. It plays an integral role in the cultural landscape and local tourism identity of the region.",Oct-Mar,https://thumb.wikimedia.org/wikipedia/commons/thumb/e/ed/Common_Jezebel_at_Raiganj_Wildlife_Sanctuary.jpg/960px-Common_Jezebel_at_Raiganj_Wildlife_Sanctuary.jpg?utm_source=en.wikipedia.org&utm_campaign=api&utm_content=thumbnail
10609,ISKCON Siliguri,West Bengal,attraction,26.7184,88.3844,budget,4.6,7098,"ISKCON Siliguri is a renowned religious landmark situated in Siliguri, Darjeeling district of West Bengal. The destination attracts visitors seeking authentic regional heritage, architectural grandeur, and picturesque surroundings. It plays an integral role in the cultural landscape and local tourism identity of the region.",Oct-Feb,https://thumb.wikimedia.org/wikipedia/commons/thumb/0/03/Birla_Industrial_%26_Technological_Museum%2C_Kolkata.jpg/960px-Birla_Industrial_%26_Technological_Museum%2C_Kolkata.jpg?utm_source=en.wikipedia.org&utm_campaign=api&utm_content=thumbnail
10610,"Japanese Buddhist Temple, Darjeeling",West Bengal,attraction,27.028388,88.259516,budget,4.2,748,"Japanese Buddhist Temple, Darjeeling is a renowned religious landmark situated in Darjeeling, Darjeeling district of West Bengal. The destination attracts visitors seeking authentic regional heritage, architectural grandeur, and picturesque surroundings. It plays an integral role in the cultural landscape and local tourism identity of the region.",Oct-Mar,https://thumb.wikimedia.org/wikipedia/commons/thumb/b/b2/Sun_set_in_neora_valley.jpg/960px-Sun_set_in_neora_valley.jpg?utm_source=en.wikipedia.org&utm_campaign=api&utm_content=thumbnail
10611,Lokenath Baba Mandir,West Bengal,attraction,26.700038,88.429453,budget,4.0,1332,"Lokenath Baba Mandir is a renowned religious landmark situated in Siliguri, Darjeeling district of West Bengal. The destination attracts visitors seeking authentic regional heritage, architectural grandeur, and picturesque surroundings. It plays an integral role in the cultural landscape and local tourism identity of the region.",Oct-Feb,https://thumb.wikimedia.org/wikipedia/commons/thumb/3/37/Laxminarayan_Temple_in_New_Delhi_03-2016.jpg/960px-Laxminarayan_Temple_in_New_Delhi_03-2016.jpg?utm_source=en.wikipedia.org&utm_campaign=api&utm_content=thumbnail
10612,Lokenath Mandir,West Bengal,attraction,26.738912,88.404797,budget,4.4,1578,"Lokenath Mandir is a renowned religious landmark situated in Siliguri, Darjeeling district of West Bengal. The destination attracts visitors seeking authentic regional heritage, architectural grandeur, and picturesque surroundings. It plays an integral role in the cultural landscape and local tourism identity of the region.",Oct-Feb,https://upload.wikimedia.org/wikipedia/commons/c/c4/Rishop%2Cwest_bengal%2CIndia.jpg?utm_source=en.wikipedia.org&utm_campaign=api&utm_content=thumbnail_unscaled
10613,Mahakal Temple,West Bengal,attraction,27.047787,88.267922,budget,4.1,580,"Mahakal Temple is a renowned religious landmark situated in Darjeeling, Darjeeling district of West Bengal. The destination attracts visitors seeking authentic regional heritage, architectural grandeur, and picturesque surroundings. It plays an integral role in the cultural landscape and local tourism identity of the region.",Oct-Mar,https://thumb.wikimedia.org/wikipedia/commons/thumb/0/0d/Mahakala_and_Companions_LACMA_M.77.19.11.jpg/960px-Mahakala_and_Companions_LACMA_M.77.19.11.jpg?utm_source=en.wikipedia.org&utm_campaign=api&utm_content=thumbnail
10614,"Peace Pagoda, Darjeeling",West Bengal,attraction,27.027587,88.258984,budget,4.0,191,"Peace Pagoda, Darjeeling is a renowned religious landmark situated in Darjeeling, Darjeeling district of West Bengal. The destination attracts visitors seeking authentic regional heritage, architectural grandeur, and picturesque surroundings. It plays an integral role in the cultural landscape and local tourism identity of the region.",Oct-Feb,https://thumb.wikimedia.org/wikipedia/commons/thumb/0/03/Science_City_Kolkata_4643.JPG/960px-Science_City_Kolkata_4643.JPG?utm_source=en.wikipedia.org&utm_campaign=api&utm_content=thumbnail
10615,SALUGARA MONASTERY,West Bengal,attraction,26.7046,88.3878,budget,4.8,1588,"SALUGARA MONASTERY is a renowned religious landmark situated in Siliguri, Darjeeling district of West Bengal. The destination attracts visitors seeking authentic regional heritage, architectural grandeur, and picturesque surroundings. It plays an integral role in the cultural landscape and local tourism identity of the region.",Oct-Feb,https://thumb.wikimedia.org/wikipedia/commons/thumb/7/7c/Digha_Tourist_Lodge_front_yard_1.jpg/960px-Digha_Tourist_Lodge_front_yard_1.jpg?utm_source=en.wikipedia.org&utm_campaign=api&utm_content=thumbnail
10616,Sepoy Dhura Tea Garden,West Bengal,attraction,26.7166,88.3718,budget,4.4,3037,"Sepoy Dhura Tea Garden is a renowned recreation landmark situated in Siliguri, Darjeeling district of West Bengal. The destination attracts visitors seeking authentic regional heritage, architectural grandeur, and picturesque surroundings. It plays an integral role in the cultural landscape and local tourism identity of the region.",Oct-Feb,https://thumb.wikimedia.org/wikipedia/commons/thumb/8/8a/Mirik_Sumendu_Lake.jpg/960px-Mirik_Sumendu_Lake.jpg?utm_source=en.wikipedia.org&utm_campaign=api&utm_content=thumbnail
10617,Sevoke Forest,West Bengal,attraction,26.860138,88.464359,budget,3.9,1323,"Sevoke Forest is a renowned nature landmark situated in Siliguri, Darjeeling district of West Bengal. The destination attracts visitors seeking authentic regional heritage, architectural grandeur, and picturesque surroundings. It plays an integral role in the cultural landscape and local tourism identity of the region.",Oct-Feb,https://thumb.wikimedia.org/wikipedia/commons/thumb/8/81/Belur_Math%2C_Howrah.jpg/960px-Belur_Math%2C_Howrah.jpg?utm_source=en.wikipedia.org&utm_campaign=api&utm_content=thumbnail
10618,Sevokeshwari Kali Temple,West Bengal,attraction,26.7451,88.3713,budget,4.3,2177,"Sevokeshwari Kali Temple is a renowned religious landmark situated in Siliguri, Darjeeling district of West Bengal. The destination attracts visitors seeking authentic regional heritage, architectural grandeur, and picturesque surroundings. It plays an integral role in the cultural landscape and local tourism identity of the region.",Oct-Mar,https://thumb.wikimedia.org/wikipedia/commons/thumb/1/12/National_Library%2C_Calcutta_2007.jpg/960px-National_Library%2C_Calcutta_2007.jpg?utm_source=en.wikipedia.org&utm_campaign=api&utm_content=thumbnail
10619,Shrubbery Nightingale Park,West Bengal,attraction,27.053663,88.260078,budget,4.8,3959,"Shrubbery Nightingale Park is a renowned recreation landmark situated in Darjeeling, Darjeeling district of West Bengal. The destination attracts visitors seeking authentic regional heritage, architectural grandeur, and picturesque surroundings. It plays an integral role in the cultural landscape and local tourism identity of the region.",Oct-Feb,https://thumb.wikimedia.org/wikipedia/commons/thumb/4/43/Tarapith_Temple_05.jpg/960px-Tarapith_Temple_05.jpg?utm_source=en.wikipedia.org&utm_campaign=api&utm_content=thumbnail
10620,St. Andrews Church,West Bengal,attraction,27.047812,88.266953,budget,4.7,5544,"St. Andrews Church is a renowned religious landmark situated in Darjeeling, Darjeeling district of West Bengal. The destination attracts visitors seeking authentic regional heritage, architectural grandeur, and picturesque surroundings. It plays an integral role in the cultural landscape and local tourism identity of the region.",Oct-Feb,https://thumb.wikimedia.org/wikipedia/commons/thumb/3/3f/Chintamani_Kar_Bird_Sanactuary%2C_Kolkata.JPG/960px-Chintamani_Kar_Bird_Sanactuary%2C_Kolkata.JPG?utm_source=en.wikipedia.org&utm_campaign=api&utm_content=thumbnail
10621,Tea Garden View,West Bengal,attraction,27.03625,88.28305,budget,4.7,5466,"Tea Garden View is a renowned wildlife landmark situated in Darjeeling, Darjeeling district of West Bengal. The destination attracts visitors seeking authentic regional heritage, architectural grandeur, and picturesque surroundings. It plays an integral role in the cultural landscape and local tourism identity of the region.",Oct-Feb,https://upload.wikimedia.org/wikipedia/commons/c/c4/Rishop%2Cwest_bengal%2CIndia.jpg?utm_source=en.wikipedia.org&utm_campaign=api&utm_content=thumbnail_unscaled
10622,Yiga Choeling Monastery,West Bengal,attraction,27.0272,88.2697,budget,4.4,2862,"Yiga Choeling Monastery is a renowned religious landmark situated in Darjeeling, Darjeeling district of West Bengal. The destination attracts visitors seeking authentic regional heritage, architectural grandeur, and picturesque surroundings. It plays an integral role in the cultural landscape and local tourism identity of the region.",Oct-Feb,https://thumb.wikimedia.org/wikipedia/commons/thumb/7/78/Yiga_Choeling_Monastery%2C_Ghum_02.jpg/960px-Yiga_Choeling_Monastery%2C_Ghum_02.jpg?utm_source=en.wikipedia.org&utm_campaign=api&utm_content=thumbnail
10623,Delo Park,West Bengal,attraction,27.089137,88.503297,budget,4.6,9062,"Delo Park is a renowned recreation landmark situated in Kalimpong, Kalimpong district of West Bengal. The destination attracts visitors seeking authentic regional heritage, architectural grandeur, and picturesque surroundings. It plays an integral role in the cultural landscape and local tourism identity of the region.",Oct-Feb,https://upload.wikimedia.org/wikipedia/commons/3/34/Town_Hall_Recent.jpg?utm_source=en.wikipedia.org&utm_campaign=api&utm_content=thumbnail_unscaled
10624,Durpin Monastery,West Bengal,attraction,27.038138,88.460734,budget,4.4,812,"Durpin Monastery is a renowned religious landmark situated in Kalimpong, Kalimpong district of West Bengal. The destination attracts visitors seeking authentic regional heritage, architectural grandeur, and picturesque surroundings. It plays an integral role in the cultural landscape and local tourism identity of the region.",Oct-Feb,https://thumb.wikimedia.org/wikipedia/commons/thumb/8/81/The_Cooch_Behar_Palace_or_the_Cooch_Behar_Rajbari%2C_Cooch_Behar_District%2C_West_Bengal%2C_India_01.jpg/960px-The_Cooch_Behar_Palace_or_the_Cooch_Behar_Rajbari%2C_Cooch_Behar_District%2C_West_Bengal%2C_India_01.jpg?utm_source=en.wikipedia.org&utm_campaign=api&utm_content=thumbnail
10625,Geden Tharpa Choling Monastery,West Bengal,attraction,27.078788,88.482141,budget,4.6,6166,"Geden Tharpa Choling Monastery is a renowned religious landmark situated in Kalimpong, Kalimpong district of West Bengal. The destination attracts visitors seeking authentic regional heritage, architectural grandeur, and picturesque surroundings. It plays an integral role in the cultural landscape and local tourism identity of the region.",Oct-Feb,https://thumb.wikimedia.org/wikipedia/commons/thumb/1/1f/Gorumara_Gateway_Arnab_Dutta.JPG/960px-Gorumara_Gateway_Arnab_Dutta.JPG?utm_source=en.wikipedia.org&utm_campaign=api&utm_content=thumbnail
10626,Lepcha Museum,West Bengal,attraction,27.063288,88.472391,mid,4.3,1062,"Lepcha Museum is a renowned cultural landmark situated in Kalimpong, Kalimpong district of West Bengal. The destination attracts visitors seeking authentic regional heritage, architectural grandeur, and picturesque surroundings. It plays an integral role in the cultural landscape and local tourism identity of the region.",Oct-Mar,https://thumb.wikimedia.org/wikipedia/commons/thumb/0/00/Calcutta_High_Court.jpg/960px-Calcutta_High_Court.jpg?utm_source=en.wikipedia.org&utm_campaign=api&utm_content=thumbnail
10627,Mangal Dham Temple,West Bengal,attraction,27.072412,88.476859,budget,4.1,1321,"Mangal Dham Temple is a renowned religious landmark situated in Kalimpong, Kalimpong district of West Bengal. The destination attracts visitors seeking authentic regional heritage, architectural grandeur, and picturesque surroundings. It plays an integral role in the cultural landscape and local tourism identity of the region.",Oct-Mar,https://thumb.wikimedia.org/wikipedia/commons/thumb/9/91/Elliot_Park_monument_sign._%28May_19%2C_2025%29.jpg/960px-Elliot_Park_monument_sign._%28May_19%2C_2025%29.jpg?utm_source=en.wikipedia.org&utm_campaign=api&utm_content=thumbnail
10628,Birla Mandir,West Bengal,attraction,22.55305,88.37705,budget,4.1,1327,"Birla Mandir is a renowned religious landmark situated in Kolkata, Kolkata district of West Bengal. The destination attracts visitors seeking authentic regional heritage, architectural grandeur, and picturesque surroundings. It plays an integral role in the cultural landscape and local tourism identity of the region.",Oct-Feb,https://thumb.wikimedia.org/wikipedia/commons/thumb/3/37/Laxminarayan_Temple_in_New_Delhi_03-2016.jpg/960px-Laxminarayan_Temple_in_New_Delhi_03-2016.jpg?utm_source=en.wikipedia.org&utm_campaign=api&utm_content=thumbnail
10629,"Central Park, Salt Lake, Kolkata",West Bengal,attraction,22.584187,88.416234,budget,4.4,1515,"Central Park, Salt Lake, Kolkata is a renowned recreation landmark situated in Kolkata, Kolkata district of West Bengal. The destination attracts visitors seeking authentic regional heritage, architectural grandeur, and picturesque surroundings. It plays an integral role in the cultural landscape and local tourism identity of the region.",Oct-Feb,https://thumb.wikimedia.org/wikipedia/commons/thumb/3/37/Laxminarayan_Temple_in_New_Delhi_03-2016.jpg/960px-Laxminarayan_Temple_in_New_Delhi_03-2016.jpg?utm_source=en.wikipedia.org&utm_campaign=api&utm_content=thumbnail
10630,Citizen's Park,West Bengal,attraction,22.59745,88.38785,budget,4.2,757,"Citizen's Park is a renowned recreation landmark situated in Kolkata, Kolkata district of West Bengal. The destination attracts visitors seeking authentic regional heritage, architectural grandeur, and picturesque surroundings. It plays an integral role in the cultural landscape and local tourism identity of the region.",Oct-Feb,https://thumb.wikimedia.org/wikipedia/commons/thumb/4/4a/Jalpesh_Temple.jpg/960px-Jalpesh_Temple.jpg?utm_source=en.wikipedia.org&utm_campaign=api&utm_content=thumbnail
10631,Eco Park,West Bengal,attraction,22.5567,88.3526,budget,4.7,6844,"Eco Park is a renowned recreation landmark situated in Kolkata, Kolkata district of West Bengal. The destination attracts visitors seeking authentic regional heritage, architectural grandeur, and picturesque surroundings. It plays an integral role in the cultural landscape and local tourism identity of the region.",Oct-Feb,https://upload.wikimedia.org/wikipedia/commons/3/34/Town_Hall_Recent.jpg?utm_source=en.wikipedia.org&utm_campaign=api&utm_content=thumbnail_unscaled
10632,Elliot Park,West Bengal,attraction,22.55785,88.36065,budget,4.2,3160,"Elliot Park is a renowned recreation landmark situated in Kolkata, Kolkata district of West Bengal. The destination attracts visitors seeking authentic regional heritage, architectural grandeur, and picturesque surroundings. It plays an integral role in the cultural landscape and local tourism identity of the region.",Oct-Feb,https://thumb.wikimedia.org/wikipedia/commons/thumb/9/91/Elliot_Park_monument_sign._%28May_19%2C_2025%29.jpg/960px-Elliot_Park_monument_sign._%28May_19%2C_2025%29.jpg?utm_source=en.wikipedia.org&utm_campaign=api&utm_content=thumbnail
10633,"Fort William, India",West Bengal,attraction,22.554237,88.335859,mid,3.9,211,"Fort William, India is a renowned heritage landmark situated in Kolkata, Kolkata district of West Bengal. The destination attracts visitors seeking authentic regional heritage, architectural grandeur, and picturesque surroundings. It plays an integral role in the cultural landscape and local tourism identity of the region.",Oct-Feb,https://thumb.wikimedia.org/wikipedia/commons/thumb/f/f0/Jod_Bangla_Terracotta_Temple%2C_Bishnupur%2C_West_Bengal.jpg/960px-Jod_Bangla_Terracotta_Temple%2C_Bishnupur%2C_West_Bengal.jpg?utm_source=en.wikipedia.org&utm_campaign=api&utm_content=thumbnail
10634,Indian Museum,West Bengal,attraction,22.55195,88.36935,mid,4.4,12476,"Indian Museum is a renowned cultural landmark situated in Kolkata, Kolkata district of West Bengal. The destination attracts visitors seeking authentic regional heritage, architectural grandeur, and picturesque surroundings. It plays an integral role in the cultural landscape and local tourism identity of the region.",Oct-Mar,https://thumb.wikimedia.org/wikipedia/commons/thumb/8/8c/Indian_Museum%2C_Courtyard%2C_Kolkata%2C_India.jpg/960px-Indian_Museum%2C_Courtyard%2C_Kolkata%2C_India.jpg?utm_source=en.wikipedia.org&utm_campaign=api&utm_content=thumbnail
10635,James Prinsep Monument,West Bengal,attraction,22.56745,88.37785,mid,4.5,10164,"James Prinsep Monument is a renowned recreation landmark situated in Kolkata, Kolkata district of West Bengal. The destination attracts visitors seeking authentic regional heritage, architectural grandeur, and picturesque surroundings. It plays an integral role in the cultural landscape and local tourism identity of the region.",Oct-Mar,https://thumb.wikimedia.org/wikipedia/commons/thumb/8/8c/Indian_Museum%2C_Courtyard%2C_Kolkata%2C_India.jpg/960px-Indian_Museum%2C_Courtyard%2C_Kolkata%2C_India.jpg?utm_source=en.wikipedia.org&utm_campaign=api&utm_content=thumbnail
10636,Jorasanko Rajbati,West Bengal,attraction,22.59055,88.33955,budget,3.9,1080,"Jorasanko Rajbati is a renowned heritage landmark situated in Kolkata, Kolkata district of West Bengal. The destination attracts visitors seeking authentic regional heritage, architectural grandeur, and picturesque surroundings. It plays an integral role in the cultural landscape and local tourism identity of the region.",Oct-Feb,https://thumb.wikimedia.org/wikipedia/commons/thumb/7/72/Victoria_Memorial_situated_in_Kolkata.jpg/960px-Victoria_Memorial_situated_in_Kolkata.jpg?utm_source=en.wikipedia.org&utm_campaign=api&utm_content=thumbnail
10637,Jorasanko Thakurbari (Tagore Family Mansion),West Bengal,attraction,22.585556,88.358889,budget,4.5,20655,"Constructed in 1784 by Prince Dwarkanath Tagore's father Nilmoni Tagore in north Kolkata, celebrated as the ancestral home of the illustrious Tagore family and the intellectual cradle of the 19th-century Bengal Renaissance, where Asia's first Nobel laureate Rabindranath Tagore was born in 1861 and passed away in 1941, preserved today as a museum of Rabindra Bharati University containing the room where he took his last breath, his personal car, and art galleries of Abanindranath Tagore.",Oct-Feb,https://thumb.wikimedia.org/wikipedia/commons/thumb/7/7c/Digha_Tourist_Lodge_front_yard_1.jpg/960px-Digha_Tourist_Lodge_front_yard_1.jpg?utm_source=en.wikipedia.org&utm_campaign=api&utm_content=thumbnail
10638,Kolkata Police Museum,West Bengal,attraction,22.5577,88.3596,mid,3.9,1093,"Kolkata Police Museum is a renowned cultural landmark situated in Kolkata, Kolkata district of West Bengal. The destination attracts visitors seeking authentic regional heritage, architectural grandeur, and picturesque surroundings. It plays an integral role in the cultural landscape and local tourism identity of the region.",Oct-Mar,https://thumb.wikimedia.org/wikipedia/commons/thumb/4/4a/Jalpesh_Temple.jpg/960px-Jalpesh_Temple.jpg?utm_source=en.wikipedia.org&utm_campaign=api&utm_content=thumbnail
10639,leniner muurti,West Bengal,attraction,22.565112,88.351109,budget,4.0,608,"leniner muurti is a renowned cultural landmark situated in Kolkata, Kolkata district of West Bengal. The destination attracts visitors seeking authentic regional heritage, architectural grandeur, and picturesque surroundings. It plays an integral role in the cultural landscape and local tourism identity of the region.",Oct-Feb,https://upload.wikimedia.org/wikipedia/commons/3/34/Town_Hall_Recent.jpg?utm_source=en.wikipedia.org&utm_campaign=api&utm_content=thumbnail_unscaled
10640,Lions Safari Park,West Bengal,attraction,22.512587,88.359047,luxury,4.3,611,"Lions Safari Park is a renowned recreation landmark situated in Kolkata, Kolkata district of West Bengal. The destination attracts visitors seeking authentic regional heritage, architectural grandeur, and picturesque surroundings. It plays an integral role in the cultural landscape and local tourism identity of the region.",Oct-Feb,https://thumb.wikimedia.org/wikipedia/commons/thumb/4/4a/Jalpesh_Temple.jpg/960px-Jalpesh_Temple.jpg?utm_source=en.wikipedia.org&utm_campaign=api&utm_content=thumbnail
10641,Maulana Azad Museum,West Bengal,attraction,22.5492,88.3501,mid,4.0,1344,"Maulana Azad Museum is a renowned cultural landmark situated in Kolkata, Kolkata district of West Bengal. The destination attracts visitors seeking authentic regional heritage, architectural grandeur, and picturesque surroundings. It plays an integral role in the cultural landscape and local tourism identity of the region.",Oct-Mar,https://thumb.wikimedia.org/wikipedia/commons/thumb/3/37/Laxminarayan_Temple_in_New_Delhi_03-2016.jpg/960px-Laxminarayan_Temple_in_New_Delhi_03-2016.jpg?utm_source=en.wikipedia.org&utm_campaign=api&utm_content=thumbnail
10642,Metcalfe Hall,West Bengal,attraction,22.5965,88.3812,budget,4.6,8263,"Metcalfe Hall is a renowned heritage landmark situated in Kolkata, Kolkata district of West Bengal. The destination attracts visitors seeking authentic regional heritage, architectural grandeur, and picturesque surroundings. It plays an integral role in the cultural landscape and local tourism identity of the region.",Oct-Feb,https://upload.wikimedia.org/wikipedia/commons/1/1d/The_Imperial_Library.jpg?utm_source=en.wikipedia.org&utm_campaign=api&utm_content=thumbnail_unscaled
10643,"Millennium Park, Kolkata",West Bengal,attraction,22.55605,88.34805,budget,4.9,19071,"Millennium Park, Kolkata is a renowned recreation landmark situated in Kolkata, Kolkata district of West Bengal. The destination attracts visitors seeking authentic regional heritage, architectural grandeur, and picturesque surroundings. It plays an integral role in the cultural landscape and local tourism identity of the region.",Oct-Feb,https://thumb.wikimedia.org/wikipedia/commons/thumb/8/81/Belur_Math%2C_Howrah.jpg/960px-Belur_Math%2C_Howrah.jpg?utm_source=en.wikipedia.org&utm_campaign=api&utm_content=thumbnail
10644,Minmangal Ghat,West Bengal,attraction,22.560313,88.333578,budget,3.9,1109,"Minmangal Ghat is a renowned cultural landmark situated in Kolkata, Kolkata district of West Bengal. The destination attracts visitors seeking authentic regional heritage, architectural grandeur, and picturesque surroundings. It plays an integral role in the cultural landscape and local tourism identity of the region.",Oct-Mar,https://thumb.wikimedia.org/wikipedia/commons/thumb/e/ed/Common_Jezebel_at_Raiganj_Wildlife_Sanctuary.jpg/960px-Common_Jezebel_at_Raiganj_Wildlife_Sanctuary.jpg?utm_source=en.wikipedia.org&utm_campaign=api&utm_content=thumbnail
10645,Mohar Kunja,West Bengal,attraction,22.543762,88.345078,budget,4.7,5503,"Mohar Kunja is a renowned recreation landmark situated in Kolkata, Kolkata district of West Bengal. The destination attracts visitors seeking authentic regional heritage, architectural grandeur, and picturesque surroundings. It plays an integral role in the cultural landscape and local tourism identity of the region.",Oct-Feb,https://thumb.wikimedia.org/wikipedia/commons/thumb/4/45/Dakshina_Kali_-_Sree_Sree_108_Karunamoyee_Kalimata_Mandir_-_Lake_Kalibari_-_Kolkata_2015-02-15_5945.JPG/960px-Dakshina_Kali_-_Sree_Sree_108_Karunamoyee_Kalimata_Mandir_-_Lake_Kalibari_-_Kolkata_2015-02-15_5945.JPG?utm_source=en.wikipedia.org&utm_campaign=api&utm_content=thumbnail
10646,Nakhoda Masjid,West Bengal,attraction,22.5878,88.3703,budget,3.9,396,"Nakhoda Masjid is a renowned religious landmark situated in Kolkata, Kolkata district of West Bengal. The destination attracts visitors seeking authentic regional heritage, architectural grandeur, and picturesque surroundings. It plays an integral role in the cultural landscape and local tourism identity of the region.",Oct-Feb,https://thumb.wikimedia.org/wikipedia/commons/thumb/7/70/Nakhoda_Mosque_Night.JPG/960px-Nakhoda_Mosque_Night.JPG?utm_source=en.wikipedia.org&utm_campaign=api&utm_content=thumbnail
10647,Nature Study Park,West Bengal,attraction,22.545963,88.356828,budget,4.4,2140,"Nature Study Park is a renowned recreation landmark situated in Kolkata, Kolkata district of West Bengal. The destination attracts visitors seeking authentic regional heritage, architectural grandeur, and picturesque surroundings. It plays an integral role in the cultural landscape and local tourism identity of the region.",Oct-Feb,https://thumb.wikimedia.org/wikipedia/commons/thumb/e/ed/Common_Jezebel_at_Raiganj_Wildlife_Sanctuary.jpg/960px-Common_Jezebel_at_Raiganj_Wildlife_Sanctuary.jpg?utm_source=en.wikipedia.org&utm_campaign=api&utm_content=thumbnail
10648,Nipponzan Myohoji Buddhist Temple,West Bengal,attraction,22.5621,88.3404,budget,4.9,8354,"Nipponzan Myohoji Buddhist Temple is a renowned religious landmark situated in Kolkata, Kolkata district of West Bengal. The destination attracts visitors seeking authentic regional heritage, architectural grandeur, and picturesque surroundings. It plays an integral role in the cultural landscape and local tourism identity of the region.",Oct-Mar,https://thumb.wikimedia.org/wikipedia/commons/thumb/8/8a/Mirik_Sumendu_Lake.jpg/960px-Mirik_Sumendu_Lake.jpg?utm_source=en.wikipedia.org&utm_campaign=api&utm_content=thumbnail
10649,Rabindra Sarobar Lake,West Bengal,attraction,22.512238,88.360453,budget,4.8,16946,"Rabindra Sarobar Lake is a renowned recreation landmark situated in Kolkata, Kolkata district of West Bengal. The destination attracts visitors seeking authentic regional heritage, architectural grandeur, and picturesque surroundings. It plays an integral role in the cultural landscape and local tourism identity of the region.",Oct-Feb,https://thumb.wikimedia.org/wikipedia/commons/thumb/e/ed/Shantiniketan_Bari_of_Rabindranath_Tagore.jpg/960px-Shantiniketan_Bari_of_Rabindranath_Tagore.jpg?utm_source=en.wikipedia.org&utm_campaign=api&utm_content=thumbnail
10650,Shaheed Minar,West Bengal,attraction,22.58815,88.37275,budget,4.1,994,"Shaheed Minar is a renowned cultural landmark situated in Kolkata, Kolkata district of West Bengal. The destination attracts visitors seeking authentic regional heritage, architectural grandeur, and picturesque surroundings. It plays an integral role in the cultural landscape and local tourism identity of the region.",Oct-Feb,https://thumb.wikimedia.org/wikipedia/commons/thumb/8/88/PrincepGhat.jpg/960px-PrincepGhat.jpg?utm_source=en.wikipedia.org&utm_campaign=api&utm_content=thumbnail
10651,Shiv Mandir Sarbajanin Durgapuja,West Bengal,attraction,22.57445,88.37685,budget,4.6,3118,"Shiv Mandir Sarbajanin Durgapuja is a renowned cultural landmark situated in Kolkata, Kolkata district of West Bengal. The destination attracts visitors seeking authentic regional heritage, architectural grandeur, and picturesque surroundings. It plays an integral role in the cultural landscape and local tourism identity of the region.",Oct-Feb,https://thumb.wikimedia.org/wikipedia/commons/thumb/d/de/Calcutta_Jain_Temple-Sheetalnath_Mandir-P1080642.jpg/960px-Calcutta_Jain_Temple-Sheetalnath_Mandir-P1080642.jpg?utm_source=en.wikipedia.org&utm_campaign=api&utm_content=thumbnail
10652,Smaranika Tram Museum,West Bengal,attraction,22.5923,88.3518,mid,4.8,8138,"Smaranika Tram Museum is a renowned cultural landmark situated in Kolkata, Kolkata district of West Bengal. The destination attracts visitors seeking authentic regional heritage, architectural grandeur, and picturesque surroundings. It plays an integral role in the cultural landscape and local tourism identity of the region.",Oct-Mar,https://thumb.wikimedia.org/wikipedia/commons/thumb/3/37/Laxminarayan_Temple_in_New_Delhi_03-2016.jpg/960px-Laxminarayan_Temple_in_New_Delhi_03-2016.jpg?utm_source=en.wikipedia.org&utm_campaign=api&utm_content=thumbnail
10653,Sri Jagannath Temple - Khidirpur,West Bengal,attraction,22.5567,88.3526,budget,4.8,8282,"Sri Jagannath Temple - Khidirpur is a renowned religious landmark situated in Kolkata, Kolkata district of West Bengal. The destination attracts visitors seeking authentic regional heritage, architectural grandeur, and picturesque surroundings. It plays an integral role in the cultural landscape and local tourism identity of the region.",Oct-Mar,https://upload.wikimedia.org/wikipedia/commons/3/34/Town_Hall_Recent.jpg?utm_source=en.wikipedia.org&utm_campaign=api&utm_content=thumbnail_unscaled
10654,St. John's Church,West Bengal,attraction,22.5567,88.3526,budget,3.9,730,"St. John's Church is a renowned religious landmark situated in Kolkata, Kolkata district of West Bengal. The destination attracts visitors seeking authentic regional heritage, architectural grandeur, and picturesque surroundings. It plays an integral role in the cultural landscape and local tourism identity of the region.",Oct-Feb,https://thumb.wikimedia.org/wikipedia/commons/thumb/3/32/Dakhineshwar_Temple_beside_the_Hoogly%2C_West_Bengal.JPG/960px-Dakhineshwar_Temple_beside_the_Hoogly%2C_West_Bengal.JPG?utm_source=en.wikipedia.org&utm_campaign=api&utm_content=thumbnail
10655,St. Paul Cathedral Church,West Bengal,attraction,22.56745,88.37785,budget,4.9,5649,"St. Paul Cathedral Church is a renowned religious landmark situated in Kolkata, Kolkata district of West Bengal. The destination attracts visitors seeking authentic regional heritage, architectural grandeur, and picturesque surroundings. It plays an integral role in the cultural landscape and local tourism identity of the region.",Oct-Feb,https://upload.wikimedia.org/wikipedia/commons/1/1d/The_Imperial_Library.jpg?utm_source=en.wikipedia.org&utm_campaign=api&utm_content=thumbnail_unscaled
10656,Tala Jheel Park Kolkata,West Bengal,attraction,22.5806,88.3699,budget,4.1,521,"Tala Jheel Park Kolkata is a renowned recreation landmark situated in Kolkata, Kolkata district of West Bengal. The destination attracts visitors seeking authentic regional heritage, architectural grandeur, and picturesque surroundings. It plays an integral role in the cultural landscape and local tourism identity of the region.",Oct-Feb,https://thumb.wikimedia.org/wikipedia/commons/thumb/7/72/Victoria_Memorial_situated_in_Kolkata.jpg/960px-Victoria_Memorial_situated_in_Kolkata.jpg?utm_source=en.wikipedia.org&utm_campaign=api&utm_content=thumbnail
10657,Victoria Memorial,West Bengal,attraction,22.55975,88.37395,budget,4.4,102544,"Victoria Memorial is a renowned cultural landmark situated in Kolkata, Kolkata district of West Bengal. The destination attracts visitors seeking authentic regional heritage, architectural grandeur, and picturesque surroundings. It plays an integral role in the cultural landscape and local tourism identity of the region.",Oct-Feb,https://thumb.wikimedia.org/wikipedia/commons/thumb/7/72/Victoria_Memorial_situated_in_Kolkata.jpg/960px-Victoria_Memorial_situated_in_Kolkata.jpg
10658,Victoria Square,West Bengal,attraction,22.5825,88.3832,budget,4.2,1800,"Victoria Square is a renowned recreation landmark situated in Kolkata, Kolkata district of West Bengal. The destination attracts visitors seeking authentic regional heritage, architectural grandeur, and picturesque surroundings. It plays an integral role in the cultural landscape and local tourism identity of the region.",Oct-Feb,https://thumb.wikimedia.org/wikipedia/commons/thumb/1/1f/Gorumara_Gateway_Arnab_Dutta.JPG/960px-Gorumara_Gateway_Arnab_Dutta.JPG?utm_source=en.wikipedia.org&utm_campaign=api&utm_content=thumbnail
10659,Boating point at Amarabati Park,West Bengal,attraction,21.624388,87.504297,budget,4.0,844,"Boating point at Amarabati Park is a renowned recreation landmark situated in Digha, Purba Medinipur district of West Bengal. The destination attracts visitors seeking authentic regional heritage, architectural grandeur, and picturesque surroundings. It plays an integral role in the cultural landscape and local tourism identity of the region.",Oct-Feb,https://thumb.wikimedia.org/wikipedia/commons/thumb/f/f0/Jod_Bangla_Terracotta_Temple%2C_Bishnupur%2C_West_Bengal.jpg/960px-Jod_Bangla_Terracotta_Temple%2C_Bishnupur%2C_West_Bengal.jpg?utm_source=en.wikipedia.org&utm_campaign=api&utm_content=thumbnail
10660,DHEU SAGAR,West Bengal,attraction,21.60285,87.49115,budget,4.5,2361,"DHEU SAGAR is a renowned recreation landmark situated in Digha, Purba Medinipur district of West Bengal. The destination attracts visitors seeking authentic regional heritage, architectural grandeur, and picturesque surroundings. It plays an integral role in the cultural landscape and local tourism identity of the region.",Oct-Feb,https://thumb.wikimedia.org/wikipedia/commons/thumb/8/8c/Indian_Museum%2C_Courtyard%2C_Kolkata%2C_India.jpg/960px-Indian_Museum%2C_Courtyard%2C_Kolkata%2C_India.jpg?utm_source=en.wikipedia.org&utm_campaign=api&utm_content=thumbnail
10661,Buxa Fort & Buxa Tiger Reserve,West Bengal,attraction,26.756667,89.581944,mid,4.7,6515,"Spanning 760 square kilometers in the Buxa Hills along the international border with Bhutan, a vital trans-boundary elephant and tiger corridor encompassing dense sal forests, home to the historic Buxa Fort perched at 2,870 feet where the British imprisoned prominent Indian freedom fighters including Netaji Subhas Chandra Bose and revolutionary freedom fighters in the 1930s.",Oct-Feb,https://upload.wikimedia.org/wikipedia/commons/3/34/Town_Hall_Recent.jpg?utm_source=en.wikipedia.org&utm_campaign=api&utm_content=thumbnail_unscaled
10662,Chilapata Forest & Nalrajar Garh,West Bengal,attraction,26.583333,89.366667,budget,4.5,11157,"Spanning dense sub-tropical terai forest between Jaldapara National Park and Buxa Tiger Reserve, celebrated as the primary ecological migration corridor for wild Asian elephants and Indian one-horned rhinoceroses, famous for the 'Ram Gumo' (bleeding tree) and the ancient ruins of Nalrajar Garh, a 5th-century CE Gupta-period brick fortress hidden deep inside the jungle.",Oct-Feb,https://thumb.wikimedia.org/wikipedia/commons/thumb/8/8c/Indian_Museum%2C_Courtyard%2C_Kolkata%2C_India.jpg/960px-Indian_Museum%2C_Courtyard%2C_Kolkata%2C_India.jpg?utm_source=en.wikipedia.org&utm_campaign=api&utm_content=thumbnail
10663,Jaldapara National Park,West Bengal,attraction,26.683333,89.283333,budget,4.5,10181,"Situated in the Eastern Dooars foothills along the Torsa River, a 216-square-kilometer national park holding the second largest population of Indian One-Horned Rhinoceroses in India after Kaziranga, set amidst lush tall elephant grass and riverine forests.",Oct-Feb,https://thumb.wikimedia.org/wikipedia/commons/thumb/f/f5/Elephant_safari.jpg/960px-Elephant_safari.jpg?utm_source=en.wikipedia.org&utm_campaign=api&utm_content=thumbnail
10664,Jayanti Riverbed & Mahakal Caves,West Bengal,attraction,26.7,89.616667,budget,4.9,25948,"Referred to affectionately as the 'Queen of Dooars', an enchanting forest village situated on the banks of the Jayanti River forming a natural border with Bhutan, famous for its dry white pebble-strewn riverbed framed by towering green hills, and a thrilling 15-km forest trek leading to the sacred Jayanti Mahakal stalactite and stalagmite limestone caves dedicated to Lord Shiva.",Oct-Feb,https://thumb.wikimedia.org/wikipedia/commons/thumb/1/12/National_Library%2C_Calcutta_2007.jpg/960px-National_Library%2C_Calcutta_2007.jpg?utm_source=en.wikipedia.org&utm_campaign=api&utm_content=thumbnail
10665,Lepchakha Village & Rovers Point Buxa,West Bengal,attraction,26.783333,89.6,budget,4.2,1834,"Perched at an elevation of nearly 3,000 feet atop a secluded hill plateau inside the Buxa Tiger Reserve 5 km beyond Buxa Fort near the Bhutan border, an enchanting mountain village inhabited by the Drukpa Buddhist community, famous for its small hilltop gompa, Rovers Point (the 'Hill of Thirty Hills'), and an awe-inspiring panoramic view of 12 glistening rivers meandering through the plains of Bengal and Bhutan.",Oct-Feb,https://thumb.wikimedia.org/wikipedia/commons/thumb/9/92/065.STARTED_FROM_HOTEL_MANISH_ON_14.08.2017_AT_02-30_P.M._FOR_HOWRAH_RAILWAY_STATION_BY_HIRED_TAXI.jpg/960px-065.STARTED_FROM_HOTEL_MANISH_ON_14.08.2017_AT_02-30_P.M._FOR_HOWRAH_RAILWAY_STATION_BY_HIRED_TAXI.jpg?utm_source=en.wikipedia.org&utm_campaign=api&utm_content=thumbnail
10666,Madarihat & Jaldapara Safari Gateway,West Bengal,attraction,26.7,89.283333,luxury,4.9,14919,"Situated along National Highway 31C on the northern fringe of Jaldapara National Park 50 km from Alipurduar, celebrated as the primary safari booking headquarters, hotel hub, and tourist base for exploring Jaldapara, featuring the iconic Jaldapara Tourist Lodge (Hollong Lodge safari base), forest department elephant-riding corrals, and vibrant Dooars tribal handicraft markets.",Oct-Feb,https://thumb.wikimedia.org/wikipedia/commons/thumb/8/81/Belur_Math%2C_Howrah.jpg/960px-Belur_Math%2C_Howrah.jpg?utm_source=en.wikipedia.org&utm_campaign=api&utm_content=thumbnail
10667,Rajabhatkhawa Vulture Conservation Centre & Gate,West Bengal,attraction,26.616667,89.533333,budget,4.9,22289,"Situated 15 km north of Alipurduar at the forested entrance to the Buxa Tiger Reserve, celebrated as the primary forest entry gateway and safari permit hub for Buxa, famous for the specialized Vulture Conservation Breeding Centre (VCBC) established by the Bombay Natural History Society (BNHS) and West Bengal Forest Department to breed and reintroduce critically endangered Oriental White-backed and Slender-billed vultures, and a wildlife rescue facility.",Oct-Feb,https://thumb.wikimedia.org/wikipedia/commons/thumb/7/72/Victoria_Memorial_situated_in_Kolkata.jpg/960px-Victoria_Memorial_situated_in_Kolkata.jpg?utm_source=en.wikipedia.org&utm_campaign=api&utm_content=thumbnail
10668,South Khairbari Leopard & Tiger Rescue Centre,West Bengal,attraction,26.65,89.283333,budget,4.7,17094,"Situated 10 km from Madarihat in the Dooars forest belt, celebrated as the first and only specialized animal rehabilitation and rescue center in South Asia dedicated to the scientific care of Royal Bengal tigers and Indian leopards rescued from illegal circuses, animal abuse, and human-wildlife conflict zones, featuring expansive semi-natural forested enclosures, a battery-car safari, and a scenic boathouse on the Buri Torsa River.",Oct-Feb,https://thumb.wikimedia.org/wikipedia/commons/thumb/c/cb/Howrah_bridge_at_night.jpg/960px-Howrah_bridge_at_night.jpg?utm_source=en.wikipedia.org&utm_campaign=api&utm_content=thumbnail
10669,Totopara Tribal Village Alipurduar,West Bengal,attraction,26.833333,89.3,budget,4.9,11068,"Situated on the banks of the Titi River along the foothills of the Bhutan border 22 km from Madarihat, celebrated as the exclusive ancestral home of the Toto tribe—one of the world's smallest and most isolated indigenous ethnic groups comprising fewer than 1,600 living members, featuring traditional bamboo-and-thatch stilt houses ('Chha'), terraced betel-nut groves, and rich oral traditions.",Oct-Feb,https://thumb.wikimedia.org/wikipedia/commons/thumb/7/72/Victoria_Memorial_situated_in_Kolkata.jpg/960px-Victoria_Memorial_situated_in_Kolkata.jpg?utm_source=en.wikipedia.org&utm_campaign=api&utm_content=thumbnail
10670,Biharinath Hill (Highest Peak in Bankura),West Bengal,attraction,23.583333,86.966667,budget,4.9,11412,"Rising to 1,480 feet (451 meters) amidst the pristine sal, mahua, and palash woodlands in Saltora block along the Damodar River basin, celebrated as the highest mountain summit in Bankura district, known as the 'Aravalli of Bengal', featuring an adventurous rocky trekking trail through dense forests, natural perennial freshwater hill springs, and the ancient Biharinath Shiva Temple at the mountain base.",Oct-Feb,https://thumb.wikimedia.org/wikipedia/commons/thumb/d/de/Calcutta_Jain_Temple-Sheetalnath_Mandir-P1080642.jpg/960px-Calcutta_Jain_Temple-Sheetalnath_Mandir-P1080642.jpg?utm_source=en.wikipedia.org&utm_campaign=api&utm_content=thumbnail
10671,Bishnupur Temples,West Bengal,attraction,23.075,87.317,budget,4.6,3569,"Nestled in the picturesque town of Bishnupur, West Bengal, lies a treasure trove of spiritual and cultural heritage – the Bishnupur Temples. This village, often referred to as 'Narayangarh,' boasts a majestic collection of 15th to 18th-century temples, each a masterpiece of Bengali architecture. Adorned with vibrant terracotta decorations and intricate carvings, these ancient temples showcase the artistic brilliance of the Sadgop community, once renowned for their skills in pottery and temple construction. Visitors can immerse themselves in the tranquil atmosphere, taking in the rich history and breathtaking beauty of these sacred structures.",Oct-Mar,https://thumb.wikimedia.org/wikipedia/commons/thumb/2/23/Sundarban_Tiger.jpg/960px-Sundarban_Tiger.jpg?utm_source=en.wikipedia.org&utm_campaign=api&utm_content=thumbnail
10672,Dalmadal Cannon Bishnupur,West Bengal,attraction,23.07,87.32,budget,4.9,13040,"Forged in the 18th century under Malla King Gopal Singh using 63 individual wrought iron rings welded together with charcoal heat, a colossal historical cannon measuring 3.8 meters (12.5 feet) in length with a barrel diameter of 28.5 cm, celebrated in Bengal folklore as 'Dalmadal' (Destroyer of Hordes) which miraculously did not rust despite being exposed to monsoon rains for over 250 years.",Oct-Feb,https://thumb.wikimedia.org/wikipedia/commons/thumb/5/5b/Suntalekhola.jpg/960px-Suntalekhola.jpg?utm_source=en.wikipedia.org&utm_campaign=api&utm_content=thumbnail
10673,Gorasankar Dual Temples Dihar Bankura,West Bengal,attraction,23.116667,87.35,budget,4.3,2870,"Situated in Dihar village along the Kana Damodar River 8 km north of Bishnupur, an internationally celebrated archaeological and architectural site featuring twin 11th-century CE laterite stone rekha-deul temples dedicated to Lord Shiva as Sareswar and Saileswar (collectively Gorasankar), renowned for being the oldest surviving standing stone temples in the Bishnupur region, decorated with exquisite floral friezes, miniature chaitya gavakshas, and stone animal reliefs.",Oct-Mar,https://thumb.wikimedia.org/wikipedia/commons/thumb/2/28/Vast_green_meadows_and_hills_in_Singalila_National_Park.jpg/960px-Vast_green_meadows_and_hills_in_Singalila_National_Park.jpg?utm_source=en.wikipedia.org&utm_campaign=api&utm_content=thumbnail
10674,Jhilimili & Ranibandh Forest Rim Bankura,West Bengal,attraction,22.816667,86.616667,budget,4.9,23603,"Situated in Ranibandh block 70 km southwest of Bankura near the border with Purulia and Jhargram, an enchanting wilderness destination known as 'Jhilimili' (literally 'Sparkling Rim'), situated on a high laterite ridge covered in dense, pristine Sal, Mahua, and Kusum forests, offering dramatic panoramic views down into the misty gorge of the Kangsabati River from elevated forest watchtowers.",Oct-Feb,https://thumb.wikimedia.org/wikipedia/commons/thumb/d/da/Lush_green_grass_along_the_lake.jpg/960px-Lush_green_grass_along_the_lake.jpg?utm_source=en.wikipedia.org&utm_campaign=api&utm_content=thumbnail
10675,Jor Bangla Temple (Keshta Raya) Bishnupur,West Bengal,attraction,23.0725,87.319444,budget,4.7,27796,"Constructed in 1655 CE by Malla King Raghunath Singh, acknowledged globally as the absolute pinnacle of Bengal terracotta temple art, built in the traditional 'Yor-Bangla' (twin hut) style joining two curved thatched-roof do-chala structures with a central char-chala tower, featuring walls entirely blanketed with hyper-detailed terracotta relief plaques depicting the Ramayana, Mahabharata, royal hunts, and maritime boats.",Oct-Mar,https://thumb.wikimedia.org/wikipedia/commons/thumb/1/12/National_Library%2C_Calcutta_2007.jpg/960px-National_Library%2C_Calcutta_2007.jpg?utm_source=en.wikipedia.org&utm_campaign=api&utm_content=thumbnail
10676,Joypur Forest & British Watchtower Bankura,West Bengal,attraction,23.05,87.45,budget,4.7,24556,"Covering 120 square kilometers of dense Sal, Kusum, and Teak woodland 14 km east of Bishnupur along the state highway, celebrated as one of southern Bengal's richest deciduous forest reserves, home to free-roaming herds of wild Spotted Deer (Chital), wild boars, peacocks, and seasonal migratory elephant herds from Dalma, featuring an elevated historic British-era watchtower overlooking a forest clearing and watering hole.",Oct-Feb,https://thumb.wikimedia.org/wikipedia/commons/thumb/1/10/Railway_penetrating_the_Park.jpg/960px-Railway_penetrating_the_Park.jpg?utm_source=en.wikipedia.org&utm_campaign=api&utm_content=thumbnail
10677,Joyrambati Matri Mandir Bankura,West Bengal,attraction,22.916667,87.616667,budget,4.6,15802,"Situated in Joyrambati village in Bankura district 5 km from Kamarpukur, revered as the holy birthplace of Holy Mother Sri Sarada Devi (1853-1920), spiritual consort of Sri Ramakrishna Paramahamsa and universal mother of the Ramakrishna Order, featuring the tranquil white marble Matri Mandir consecrated in 1923 enshrining a marble deity of Holy Mother over her exact birthplace, alongside her preserved ancestral thatched mud cottage.",Oct-Feb,https://upload.wikimedia.org/wikipedia/commons/3/34/Town_Hall_Recent.jpg?utm_source=en.wikipedia.org&utm_campaign=api&utm_content=thumbnail_unscaled
10678,Kalachand Temple Bishnupur,West Bengal,attraction,23.069444,87.319444,budget,4.9,16872,"Constructed in 1656 CE by Malla King Raghunath Singha on an elevated square plinth in southern Bishnupur, an imposing laterite stone temple designed in the classic eka-ratna architectural style, crowned by a single curvilinear shikhara, world-famous for its well-preserved laterite relief bas-reliefs illustrating dynamic battle scenes from the Mahabharata, royal hunts, and Krishna Leela pastimes.",Oct-Mar,https://upload.wikimedia.org/wikipedia/commons/3/34/Town_Hall_Recent.jpg?utm_source=en.wikipedia.org&utm_campaign=api&utm_content=thumbnail_unscaled
10679,Lalji Temple Bishnupur,West Bengal,attraction,23.076389,87.322222,budget,4.6,10535,"Constructed in 1658 CE by Malla King Bir Singha II, situated on a high square laterite plinth within an enclosed fortified compound in Bishnupur, dedicated to Radhika and Krishna as Lalji, featuring an impressive eka-ratna shikhara topped by an amalaka and kalasa, an ornamental dancing hall (Natmandir) in front, and exquisite laterite bas-relief carvings depicting Puranic legends and royal court scenes.",Oct-Mar,https://thumb.wikimedia.org/wikipedia/commons/thumb/3/37/Laxminarayan_Temple_in_New_Delhi_03-2016.jpg/960px-Laxminarayan_Temple_in_New_Delhi_03-2016.jpg?utm_source=en.wikipedia.org&utm_campaign=api&utm_content=thumbnail
10680,Maa Mrinmoyee Temple Bishnupur,West Bengal,attraction,23.072222,87.32,budget,4.4,25387,"Established in 997 CE by King Jagat Malla when he shifted the Malla capital to Bishnupur, celebrated as the oldest standing and continuously active temple in Bishnupur, enshrining an ancient clay and stone deity of Maa Durga known as 'Mrinmoyee' ('Made of Clay'), famed for its monumental 1,025-year-old royal Durga Puja tradition where the firing of the Dalmadal cannon historically announced the start of Mahashtami sandhi puja.",Oct-Mar,https://thumb.wikimedia.org/wikipedia/commons/thumb/3/3f/Chintamani_Kar_Bird_Sanactuary%2C_Kolkata.JPG/960px-Chintamani_Kar_Bird_Sanactuary%2C_Kolkata.JPG?utm_source=en.wikipedia.org&utm_campaign=api&utm_content=thumbnail
10681,Madan Mohan Temple Bishnupur,West Bengal,attraction,23.076389,87.326389,budget,4.9,9870,"Built in 1694 CE by Malla King Durjana Singh Deva in the eka-ratna (single-pinnacled) style, celebrated as one of the few historic temples in Bishnupur where active worship continues to this day, featuring fine terracotta relief plaques depicting Krishna dancing and kirtan processions, historically famous as the abode of the presiding deity Madan Mohan who legend says personally fired the Dalmadal cannon to repel Maratha Bargi invaders.",Oct-Mar,https://thumb.wikimedia.org/wikipedia/commons/thumb/3/32/Dakhineshwar_Temple_beside_the_Hoogly%2C_West_Bengal.JPG/960px-Dakhineshwar_Temple_beside_the_Hoogly%2C_West_Bengal.JPG?utm_source=en.wikipedia.org&utm_campaign=api&utm_content=thumbnail
10682,Mukutmanipur,West Bengal,attraction,22.96256,86.78752,budget,4.0,1118,"Mukutmanipur, nestled in the Bankura district of West Bengal, is a treasure trove of natural wonders. The destination boasts a remarkable confluence of the Kangsabati and Kumari rivers, creating a breathtaking landscape that is dotted with rugged hills and verdant forests. The region is steeped in history, with remnants of the past visible in its ancient temples and artifacts. As a visitor, one can immerse themselves in the serene atmosphere, engage with the warm locals, and indulge in a plethora of activities that cater to various interests, from nature walks and photography to bird watching and local sightseeing. The unique blend of natural beauty, cultural heritage, and warm hospitality makes Mukutmanipur an idyllic getaway for those seeking a tranquil retreat from the chaos of urban life.",Oct-Feb,https://thumb.wikimedia.org/wikipedia/commons/thumb/d/da/Lush_green_grass_along_the_lake.jpg/960px-Lush_green_grass_along_the_lake.jpg?utm_source=en.wikipedia.org&utm_campaign=api&utm_content=thumbnail
10683,Panchmura Terracotta Village Bankura,West Bengal,attraction,22.966667,87.166667,budget,4.6,15329,"Situated in Taldangra block 21 km from Bishnupur, a world-famous craft heritage village where over 300 traditional Kumbhakar (potter) families have practiced terracotta pottery for generations, celebrated internationally as the birthplace of the GI-tagged Bankura Terracotta Horse (featuring erect ears, arched neck, and hollow earthenware construction) which serves as the official national logo of All India Handicrafts.",Oct-Feb,https://thumb.wikimedia.org/wikipedia/commons/thumb/8/8b/Kolkata_botanical_garden_pathway.jpg/960px-Kolkata_botanical_garden_pathway.jpg?utm_source=en.wikipedia.org&utm_campaign=api&utm_content=thumbnail
10684,Radha Gobinda Temple Bishnupur,West Bengal,attraction,23.068056,87.318056,budget,4.9,26568,"Constructed in 1729 CE during the reign of Malla King Gopal Singha by Krishna Singha, a graceful laterite stone eka-ratna temple situated near the Kalachand temple in Bishnupur, featuring an ornamental pyramidal shikhara, a unique small miniature stone chariot (Rath) within the courtyard, and exquisite geometric and floral laterite stone carvings.",Oct-Mar,https://thumb.wikimedia.org/wikipedia/commons/thumb/f/f1/Global_Citizen_Festival_Central_Park_New_York_City_from_NYonAir_%2815351915006%29.jpg/960px-Global_Citizen_Festival_Central_Park_New_York_City_from_NYonAir_%2815351915006%29.jpg?utm_source=en.wikipedia.org&utm_campaign=api&utm_content=thumbnail
10685,Radha Shyam Temple Bishnupur,West Bengal,attraction,23.075,87.320833,budget,4.9,10748,"Constructed in 1758 CE by Malla King Chaitanya Singha inside the fortified inner citadel of Bishnupur, an imposing eka-ratna style temple built of fine laterite stone rather than brick, rising on a square plinth with a curvilinear shikhara, world-famous for its well-preserved, delicate white lime-stucco relief carvings depicting Lord Krishna with gopis, scenes from the Puranas, floral medallions, and geometric borders.",Oct-Mar,https://thumb.wikimedia.org/wikipedia/commons/thumb/7/78/Yiga_Choeling_Monastery%2C_Ghum_02.jpg/960px-Yiga_Choeling_Monastery%2C_Ghum_02.jpg?utm_source=en.wikipedia.org&utm_campaign=api&utm_content=thumbnail
10686,Rasmancha Bishnupur,West Bengal,attraction,23.066667,87.316667,budget,4.9,25964,"Commissioned in 1600 CE by Malla King Bir Hambir in the temple town of Bishnupur, an architectural monument unique in the entire world resembling an Egyptian stepped pyramid, constructed on a high square laterite plinth rising 12.5 meters with a pyramidical brick superstructure encircled by three concentric galleries of 108 arched passageways, designed historically to display all Radha-Krishna idols from across the kingdom during the annual Ras festival.",Oct-Feb,https://thumb.wikimedia.org/wikipedia/commons/thumb/4/4a/Jalpesh_Temple.jpg/960px-Jalpesh_Temple.jpg?utm_source=en.wikipedia.org&utm_campaign=api&utm_content=thumbnail
10687,Shyam Rai Temple Bishnupur,West Bengal,attraction,23.073611,87.320833,budget,4.6,14862,"Constructed in 1643 CE by King Raghunath Singh, celebrated as the earliest and finest pancha-ratna (five-towered) terracotta temple in Bengal, adorned on all four exterior and interior walls with museum-grade terracotta carvings, world-famous for its central circular terracotta ceiling medallion depicting Lord Krishna dancing with gopis in the divine Raslila surrounded by floral geometry.",Oct-Mar,https://thumb.wikimedia.org/wikipedia/commons/thumb/4/43/Tarapith_Temple_05.jpg/960px-Tarapith_Temple_05.jpg?utm_source=en.wikipedia.org&utm_campaign=api&utm_content=thumbnail
10688,Susunia Hill & 4th-Century Inscription,West Bengal,attraction,23.383333,86.983333,budget,4.8,12085,"Rising 1,442 feet (440 meters) amidst the flat alluvial plains of Bankura district, an ancient isolated granite hill celebrated as a premier archaeological and rock-climbing destination, featuring the oldest rock inscription in West Bengal (dating to the 4th century CE under King Chandravarman carved with a fiery disc chakra), natural perennial mineral springs, and artisan hamlets at the base famous for stone-carving crafts.",Oct-Feb,https://thumb.wikimedia.org/wikipedia/commons/thumb/2/28/Vast_green_meadows_and_hills_in_Singalila_National_Park.jpg/960px-Vast_green_meadows_and_hills_in_Singalila_National_Park.jpg?utm_source=en.wikipedia.org&utm_campaign=api&utm_content=thumbnail
10689,Sutan Forest & Ranibandh Lake Bankura,West Bengal,attraction,22.866667,86.85,budget,4.4,3322,"Nestled in the deep forested hills of Ranibandh block 60 km southwest of Bankura town, celebrated as one of Bengal's most pristine virgin sal forest wildernesses, spanning thousands of acres of dense Sal, Mahua, and Kendu trees, centered around the tranquil, secluded Sutan Lake with its elevated forest watchtower, where wild elephant herds, barking deer, and wild boars roam along natural forest corridors.",Oct-Feb,https://thumb.wikimedia.org/wikipedia/commons/thumb/d/da/Lush_green_grass_along_the_lake.jpg/960px-Lush_green_grass_along_the_lake.jpg?utm_source=en.wikipedia.org&utm_campaign=api&utm_content=thumbnail
10690,Amar Kutir Craft Society Santiniketan,West Bengal,attraction,23.695,87.658333,budget,4.9,16334,"Founded in 1927 on the banks of the Kopai River by revolutionary freedom fighter Sushen Mukherjee as a political refuge for freedom fighters running underground printing presses, transformed in 1948 into a pioneering village craft cooperative society, celebrated internationally for reviving rural handicrafts including the official GI-tagged 'Santiniketan Embossed Leather Goods', Kantha embroidery, batik textiles, and Dokra metal casting.",Oct-Feb,https://thumb.wikimedia.org/wikipedia/commons/thumb/e/ed/Common_Jezebel_at_Raiganj_Wildlife_Sanctuary.jpg/960px-Common_Jezebel_at_Raiganj_Wildlife_Sanctuary.jpg?utm_source=en.wikipedia.org&utm_campaign=api&utm_content=thumbnail
10691,Bakreswar Thermal Hot Springs & Shiva Temple,West Bengal,attraction,23.883333,87.366667,budget,4.7,18849,"Situated 18 km southwest of Suri along the Bakreswar River, an extraordinary geological and spiritual destination featuring a cluster of eight natural perennial thermal sulphur springs with temperatures ranging from 44°C to an astonishing 72°C in the Agnikunda spring (reputed to be the hottest spring in eastern India), discharging helium gas with therapeutic properties for skin diseases, alongside the ancient Bakreswar Shiva Temple and Mahishamardini Shakti Peetha.",Oct-Mar,https://thumb.wikimedia.org/wikipedia/commons/thumb/1/1f/Gorumara_Gateway_Arnab_Dutta.JPG/960px-Gorumara_Gateway_Arnab_Dutta.JPG?utm_source=en.wikipedia.org&utm_campaign=api&utm_content=thumbnail
10692,Ballavpur Wildlife Sanctuary Santiniketan,West Bengal,attraction,23.683333,87.666667,budget,4.4,18344,"Established in 1977 across 200 hectares of undulating laterite soil covered in lush sal, akashmoni, and eucalyptus woodlands near Visva-Bharati in Santiniketan, widely known as the 'Deer Park', celebrated for its thriving breeding population of hundreds of free-roaming Spotted Deer (Chital) and Blackbuck antelopes, alongside three large natural wetlands that attract thousands of winter migratory ducks and teal.",Oct-Feb,https://thumb.wikimedia.org/wikipedia/commons/thumb/3/3f/Chintamani_Kar_Bird_Sanactuary%2C_Kolkata.JPG/960px-Chintamani_Kar_Bird_Sanactuary%2C_Kolkata.JPG?utm_source=en.wikipedia.org&utm_campaign=api&utm_content=thumbnail
10693,Fullara Shakti Peetha Labhpur,West Bengal,attraction,23.833333,87.816667,budget,4.5,24526,"Situated 30 km from Bolpur-Santiniketan on the banks of the Kopai River in Labhpur, revered as one of the 51 sacred Shakti Peethas where Goddess Sati's lower lip fell, enshrining an aniconic red stone deity, celebrated for the adjacent sacred pond 'Daldali' where according to Hindu legend Lord Rama collected 108 blue lotuses for his autumn Durga Puja, deeply woven into novelist Tarasankar Bandyopadhyay's epic literature.",Oct-Feb,https://thumb.wikimedia.org/wikipedia/commons/thumb/8/8b/Kolkata_botanical_garden_pathway.jpg/960px-Kolkata_botanical_garden_pathway.jpg?utm_source=en.wikipedia.org&utm_campaign=api&utm_content=thumbnail
10694,Jaydev Kenduli & Baul Mela (Ajay River),West Bengal,attraction,23.633333,87.433333,budget,4.4,18253,"Situated on the peaceful banks of the sacred Ajay River 30 km from Bolpur, revered as the historic 12th-century birthplace of legendary Sanskrit poet Jayadeva, court poet of King Lakshmana Sena and composer of the immortal devotional lyric 'Gita Govinda', featuring the 1683 CE terracotta Radhabinod Temple built by the Queen of Burdwan, and host to the world-famous Kenduli Baul Mela every Makar Sankranti (mid-January) where hundreds of mystic wandering Baul and Fakir minstrels assemble in akharas.",Oct-Feb,https://thumb.wikimedia.org/wikipedia/commons/thumb/5/5b/Suntalekhola.jpg/960px-Suntalekhola.jpg?utm_source=en.wikipedia.org&utm_campaign=api&utm_content=thumbnail
10695,Kala Bhavana & Black House Visva-Bharati,West Bengal,attraction,23.677778,87.683333,budget,4.9,19038,"Founded in 1919 by Rabindranath Tagore at Visva-Bharati with legendary master artist Nandalal Bose as its first principal, recognized globally as the cradle of modern Indian art, featuring open-air studios, the iconic 'Black House' (Kalo Bari - a mud-and-tar student hostel ornamented with monumental relief sculptures designed by Nandalal Bose and master sculptor Ramkinkar Baij), and monumental outdoor open-air sculptures including 'Santhal Family' and 'Mill Call'.",Oct-Feb,https://thumb.wikimedia.org/wikipedia/commons/thumb/2/23/Sundarban_Tiger.jpg/960px-Sundarban_Tiger.jpg?utm_source=en.wikipedia.org&utm_campaign=api&utm_content=thumbnail
10696,Kankalitala Shakti Peetha Bolpur,West Bengal,attraction,23.680556,87.730556,budget,4.9,29422,"Situated on the peaceful banks of the Kopai River 9 km from Bolpur in Birbhum district, revered as one of the most sacred of the 51 Shakti Peethas where the waist (Kankal / pelvis) of Goddess Sati fell, featuring a serene temple complex without an idol, where the divine relic is worshiped inside a sacred subterranean water tank (Kundupukur), alongside an active cremation ground and sacred banyan trees.",Oct-Feb,https://thumb.wikimedia.org/wikipedia/commons/thumb/3/3a/Nalban_Waterbody_-_16-bit_Two_Stop_Over_Exposure_-_Kolkata_2015-08-13_2188.TIF/lossy-page1-960px-Nalban_Waterbody_-_16-bit_Two_Stop_Over_Exposure_-_Kolkata_2015-08-13_2188.TIF.jpg?utm_source=en.wikipedia.org&utm_campaign=api&utm_content=thumbnail
10697,Kopai River & Sonajhurir Haat Santiniketan,West Bengal,attraction,23.691667,87.666667,budget,4.7,29680,"Situated along the red laterite gullies (Khowai) of the meandering Kopai River on the northern edge of Santiniketan, immortalized in Rabindranath Tagore's beloved childhood poem 'Amader Chhoto Nodi Chale Bānke Bānke', world-famous for the vibrant Saturday 'Sonajhurir Haat' (Shonajhuri Open-Air Tribal Market) held under golden acacia trees, where hundreds of local Santhal women and village artisans sell handloom Kantha-stitch sarees, Dokra jewelry, and handmade leather bags while Baul bards sing live under the trees.",Oct-Feb,https://thumb.wikimedia.org/wikipedia/commons/thumb/7/78/Yiga_Choeling_Monastery%2C_Ghum_02.jpg/960px-Yiga_Choeling_Monastery%2C_Ghum_02.jpg?utm_source=en.wikipedia.org&utm_campaign=api&utm_content=thumbnail
10698,Massanjore Dam & Mayurakshi Reservoir,West Bengal,attraction,24.116667,87.316667,budget,4.9,29174,"Constructed in 1955 across the Mayurakshi River near the border of Birbhum district 35 km from Suri, built with Canadian foreign assistance under the Colombo Plan and formally known as 'Canada Dam', celebrated as one of the most scenic reservoir destinations in eastern India, spanning 2,170 feet across the river, holding a vast 16,000-acre sapphire reservoir framed by rolling green forested hillocks, offering speed boating, pedal boating, and hillside viewpoints.",Oct-Feb,https://thumb.wikimedia.org/wikipedia/commons/thumb/4/43/Tarapith_Temple_05.jpg/960px-Tarapith_Temple_05.jpg?utm_source=en.wikipedia.org&utm_campaign=api&utm_content=thumbnail
10699,Nalateswari Temple Nalhati,West Bengal,attraction,24.3,87.833333,budget,4.9,20989,"Perched upon a small forested hillock (Nalhati Hill) 15 km from Rampurhat in northern Birbhum, celebrated as one of the 51 sacred Shakti Peethas where Goddess Sati's vocal cord or throat (Nala) fell, giving the town its name Nalhati, enshrining a golden-faced deity of Goddess Nalateswari (a form of Kali) with a tongue extending outward, alongside natural perennial hill springs and the shrine of Bhairava Yogesh.",Oct-Mar,https://thumb.wikimedia.org/wikipedia/commons/thumb/9/9d/Khana-Mihir_Mound_-_Berachampa_2012-02-24_2346.JPG/960px-Khana-Mihir_Mound_-_Berachampa_2012-02-24_2346.JPG?utm_source=en.wikipedia.org&utm_campaign=api&utm_content=thumbnail
10700,Nandikeshwari Temple Sainthia,West Bengal,attraction,23.945,87.68,budget,4.8,10104,"Situated on the banks of the Mayurakshi River in the commercial town of Sainthia in Birbhum district, celebrated as one of the 51 sacred Shakti Peethas where Goddess Sati's divine necklace (Haar) fell, enshrining an ancient, formless natural rock deity coated in sacred vermilion resembling the back of a tortoise, sheltered beneath a colossal, century-old sacred banyan tree draped in red prayer ribbons.",Oct-Mar,https://thumb.wikimedia.org/wikipedia/commons/thumb/7/7c/Digha_Tourist_Lodge_front_yard_1.jpg/960px-Digha_Tourist_Lodge_front_yard_1.jpg?utm_source=en.wikipedia.org&utm_campaign=api&utm_content=thumbnail
10701,Rabindra Bhavana & Museum Santiniketan,West Bengal,attraction,23.683333,87.683333,mid,4.7,18422,"Established in 1942 inside the historic Uttarayan complex at Visva-Bharati in Santiniketan, recognized as the premier research institute and memorial museum dedicated to the life and works of Nobel laureate Rabindranath Tagore, housing his original Nobel Prize diploma and medal replicas, over 1,500 original paintings and sketches, original handwritten drafts of 'Gitanjali', his vintage Humber car, and gifts presented by world leaders.",Oct-Mar,https://thumb.wikimedia.org/wikipedia/commons/thumb/f/f1/Global_Citizen_Festival_Central_Park_New_York_City_from_NYonAir_%2815351915006%29.jpg/960px-Global_Citizen_Festival_Central_Park_New_York_City_from_NYonAir_%2815351915006%29.jpg?utm_source=en.wikipedia.org&utm_campaign=api&utm_content=thumbnail
10702,Sonajhuri Forest & Khoai Haat Santiniketan,West Bengal,attraction,23.688889,87.675,budget,4.9,29408,"Situated on the banks of the Kopai River on unique wind-eroded red-soil ravines known as 'Khoai', an enchanting forest of slender yellow-flowering Sonajhuri trees, celebrated across India for the vibrant weekly outdoor artisan market 'Shanibarer Khoai Haat' (Saturday Haat), where hundreds of Santhal tribal artisans, kantha-stitch embroiderers, dokra metal casters, and singing Baul folk minstrels assemble under the trees.",Oct-Feb,https://thumb.wikimedia.org/wikipedia/commons/thumb/2/2a/Sajnekhali_wildlife_Sanctuary_in_Sundarban_02.jpg/960px-Sajnekhali_wildlife_Sanctuary_in_Sundarban_02.jpg?utm_source=en.wikipedia.org&utm_campaign=api&utm_content=thumbnail
10703,Sriniketan Rural Reconstruction Institute,West Bengal,attraction,23.666667,87.666667,budget,4.9,19523,"Founded on 6 February 1922 by Rabindranath Tagore in collaboration with English agricultural economist Leonard Elmhirst at Surul 3 km west of Santiniketan, established as Tagore's pioneering laboratory for rural reconstruction, sustainable agriculture, and village self-reliance, featuring the historic 'Kuthi Bari' (Surul Kuthi), the Silpa Sadana artisan training workshops for leathercraft, batik, and pottery, and the annual Sriniketan Magh Mela.",Oct-Feb,https://thumb.wikimedia.org/wikipedia/commons/thumb/d/de/Calcutta_Jain_Temple-Sheetalnath_Mandir-P1080642.jpg/960px-Calcutta_Jain_Temple-Sheetalnath_Mandir-P1080642.jpg?utm_source=en.wikipedia.org&utm_campaign=api&utm_content=thumbnail
10704,Tarapith Temple Birbhum,West Bengal,attraction,24.116667,87.8,budget,4.4,12507,"Situated on the banks of the sacred Dwarka River 9 km from Rampurhat in Birbhum district, celebrated across India as one of the 51 sacred Shakti Peethas where Sati's third eye (Tara) fell, and the paramount center of Tantric Shakta worship, housing a fiercely loving silver-faced idol of Goddess Tara suckling Lord Shiva as an infant, immortalized by the 19th-century saint Bama Khepa who meditated in the adjacent sacred Mahasmashan cremation ground.",Oct-Mar,https://thumb.wikimedia.org/wikipedia/commons/thumb/8/8b/Kolkata_botanical_garden_pathway.jpg/960px-Kolkata_botanical_garden_pathway.jpg?utm_source=en.wikipedia.org&utm_campaign=api&utm_content=thumbnail
10705,Upasana Griha & Chatimtala Santiniketan,West Bengal,attraction,23.68,87.683333,budget,4.5,21065,"Situated in the core heritage precinct of Visva-Bharati in Santiniketan, comprising Chatimtala (the sacred open-air grove of Chatim trees where Maharshi Debendranath Tagore experienced spiritual revelation in 1863, inscribed with 'He is the solace of my life, the joy of my mind, the peace of my soul'), and the adjacent Upasana Griha (consecrated in 1891, an exquisite Belgian stained-glass non-denominational Prayer Hall illuminated with hundreds of candles on Wednesday mornings).",Oct-Feb,https://thumb.wikimedia.org/wikipedia/commons/thumb/4/45/Dakshina_Kali_-_Sree_Sree_108_Karunamoyee_Kalimata_Mandir_-_Lake_Kalibari_-_Kolkata_2015-02-15_5945.JPG/960px-Dakshina_Kali_-_Sree_Sree_108_Karunamoyee_Kalimata_Mandir_-_Lake_Kalibari_-_Kolkata_2015-02-15_5945.JPG?utm_source=en.wikipedia.org&utm_campaign=api&utm_content=thumbnail
10706,Visva-Bharati & Uttarayan Complex Santiniketan,West Bengal,attraction,23.680556,87.688889,budget,4.9,13032,"Established in 1901 by Nobel laureate Rabindranath Tagore as an experimental open-air residential school under shaded mango and sal groves, inscribed as a UNESCO World Heritage site in September 2023, comprising the historic Uttarayan Complex with Tagore's five distinct architectural residences (Udayan, Konarka, Shyamali, Punascha, and Udichi), the Rabindra Bhavana archives museum, Kala Bhavana (fine arts), and Upasana Griha (Belgium stained-glass prayer hall).",Oct-Feb,https://thumb.wikimedia.org/wikipedia/commons/thumb/4/4a/Jalpesh_Temple.jpg/960px-Jalpesh_Temple.jpg?utm_source=en.wikipedia.org&utm_campaign=api&utm_content=thumbnail
10707,Baneswar Shiva Temple Cooch Behar,West Bengal,attraction,26.383333,89.483333,budget,4.7,26986,"Constructed in the 16th century by Maharaja Nara Narayan of the Koch dynasty 12 km north of Cooch Behar town, an ancient terracotta brick temple enshrining a self-manifested Shiva lingam, celebrated worldwide for its adjacent sacred temple pond (Shibbari Pukur) which provides a protected community sanctuary for hundreds of critically endangered Black Softshell Turtles (Nilssonia nigricans), known locally as 'Mohan', which respond to the priests' calls to eat puffed rice.",Oct-Mar,https://thumb.wikimedia.org/wikipedia/commons/thumb/8/8b/Kolkata_botanical_garden_pathway.jpg/960px-Kolkata_botanical_garden_pathway.jpg?utm_source=en.wikipedia.org&utm_campaign=api&utm_content=thumbnail
10708,Baradebi Temple Cooch Behar,West Bengal,attraction,26.325,89.45,budget,4.8,20829,"Situated in the Debibari royal temple complex of Cooch Behar town, the ancestral state shrine of the Koch royal dynasty dedicated to Goddess Baradebi (a colossal, ferocious clay manifestation of Goddess Durga accompanied by tiger, lion, Jaya, and Bijaya), constructed during the reign of Maharaja Biswa Singha and Maharaja Nara Narayana in the 16th century, celebrated for its unique 500-year-old royal Durga Puja rituals including midnight royal sacrifices and clay idol immersion.",Oct-Mar,https://thumb.wikimedia.org/wikipedia/commons/thumb/4/42/Kurseong_panorama_by_Mayukh_Ghose.jpg/960px-Kurseong_panorama_by_Mayukh_Ghose.jpg?utm_source=en.wikipedia.org&utm_campaign=api&utm_content=thumbnail
10709,Cooch Behar Palace (Victor Jubilee Palace),West Bengal,attraction,26.324167,89.444722,mid,4.9,25044,"Constructed in 1887 under Maharaja Nripendra Narayan, an opulent double-storeyed palace covering over 51,000 square feet, designed in the classical Italian Renaissance style modeled on London's Buckingham Palace, featuring an imposing Corinthian-domed central rotunda.",Oct-Feb,https://thumb.wikimedia.org/wikipedia/commons/thumb/8/81/The_Cooch_Behar_Palace_or_the_Cooch_Behar_Rajbari%2C_Cooch_Behar_District%2C_West_Bengal%2C_India_01.jpg/960px-The_Cooch_Behar_Palace_or_the_Cooch_Behar_Rajbari%2C_Cooch_Behar_District%2C_West_Bengal%2C_India_01.jpg?utm_source=en.wikipedia.org&utm_campaign=api&utm_content=thumbnail
10710,Gosanimari Rajpat & Kamtapur Ruins,West Bengal,attraction,26.066667,89.483333,budget,4.7,29550,"Situated in Dinhata subdivision 35 km south of Cooch Behar on the Dharla River basin, celebrated as the monumental archaeological capital of the medieval Kamtapur kingdom that ruled northern Bengal and Assam between the 11th and 15th centuries CE under the Khen dynasty, featuring colossal excavated brick ramparts, royal palace foundations, deep defensive moats, ancient stone wells, and intricately carved chlorite stone sculptures.",Oct-Feb,https://upload.wikimedia.org/wikipedia/commons/c/c4/Rishop%2Cwest_bengal%2CIndia.jpg?utm_source=en.wikipedia.org&utm_campaign=api&utm_content=thumbnail_unscaled
10711,Kamteswari Temple Dinhata Cooch Behar,West Bengal,attraction,26.05,89.483333,budget,4.9,19507,"Situated in Gosanimari near Dinhata 35 km from Cooch Behar town along the Singimari River, celebrated as one of North Bengal's oldest and most venerated Shakti shrines, originally founded by the medieval Kamta kings and reconstructed in 1665 CE by Maharaja Pran Narayan of Cooch Behar, enshrining Goddess Kamteswari (a form of Goddess Chandi as the tutelary guardian of the Kamtapur realm) upon a square brick sanctum with arched gateways.",Oct-Mar,https://thumb.wikimedia.org/wikipedia/commons/thumb/0/00/Calcutta_High_Court.jpg/960px-Calcutta_High_Court.jpg?utm_source=en.wikipedia.org&utm_campaign=api&utm_content=thumbnail
10712,Madan Mohan Temple Cooch Behar,West Bengal,attraction,26.32,89.445,budget,4.4,11344,"Constructed between 1885 and 1889 CE by Maharaja Nripendra Narayan in the center of Cooch Behar town, celebrated as the supreme spiritual sanctuary of the Koch dynasty, enshrining the family deity Lord Madan Mohan alongside deities of Goddess Kali, Tara, and Bhavani, host to the legendary 200-year-old Cooch Behar Rash Mela (the oldest and largest traditional fair in North Bengal) centered around the spinning of the monumental sacred wooden Rash Chakra.",Oct-Mar,https://thumb.wikimedia.org/wikipedia/commons/thumb/3/3a/Nalban_Waterbody_-_16-bit_Two_Stop_Over_Exposure_-_Kolkata_2015-08-13_2188.TIF/lossy-page1-960px-Nalban_Waterbody_-_16-bit_Two_Stop_Over_Exposure_-_Kolkata_2015-08-13_2188.TIF.jpg?utm_source=en.wikipedia.org&utm_campaign=api&utm_content=thumbnail
10713,Rasik Beel Wetland & Bird Sanctuary,West Bengal,attraction,26.416667,89.733333,budget,4.9,17815,"Covering 178 hectares around a series of interconnected oxbow lakes and perennial marshes in Tufanganj subdivision 42 km from Cooch Behar town, a premier wetland sanctuary in northern Bengal hosting over 170 species of resident and migratory waterbirds, featuring a 70-foot watchtower, a dedicated Gharial and tortoise breeding pond, a deer rehabilitation park, and an aquarium.",Oct-Feb,https://thumb.wikimedia.org/wikipedia/commons/thumb/d/de/Calcutta_Jain_Temple-Sheetalnath_Mandir-P1080642.jpg/960px-Calcutta_Jain_Temple-Sheetalnath_Mandir-P1080642.jpg?utm_source=en.wikipedia.org&utm_campaign=api&utm_content=thumbnail
10714,Bolla Kali Temple Balurghat Dakshin Dinajpur,West Bengal,attraction,25.316667,88.75,budget,4.9,11362,"Situated in Bolla village along the Balurghat-Malda highway 15 km from Balurghat on the Punarbhaba River basin, celebrated as the supreme spiritual sanctuary of Dakshin Dinajpur, dedicated to Goddess Kali as Bolla Ma, whose divine legend dates back to a captive local landlord who prayed for freedom from the East India Company and was miraculously released, host to the legendary 4-day Bolla Kali Mela held the Friday after Rash Purnima attracting over 1 million devotees.",Oct-Mar,https://thumb.wikimedia.org/wikipedia/commons/thumb/8/81/The_Cooch_Behar_Palace_or_the_Cooch_Behar_Rajbari%2C_Cooch_Behar_District%2C_West_Bengal%2C_India_01.jpg/960px-The_Cooch_Behar_Palace_or_the_Cooch_Behar_Rajbari%2C_Cooch_Behar_District%2C_West_Bengal%2C_India_01.jpg?utm_source=en.wikipedia.org&utm_campaign=api&utm_content=thumbnail
10715,Buniadpur Municipal Eco-Park & Wetland,West Bengal,attraction,25.383333,88.383333,budget,4.8,21350,"Sprawling across 25 landscaped acres in the modern municipal township of Buniadpur 45 km west of Balurghat in Dakshin Dinajpur district, developed as a premier recreational urban eco-park and water recreation destination, centered around an expansive natural freshwater lake equipped with pedal boating, illuminated musical fountains, landscaped flower gardens, open-air amphitheatres, and children's amusement joy rides.",Oct-Feb,https://thumb.wikimedia.org/wikipedia/commons/thumb/4/42/Kurseong_panorama_by_Mayukh_Ghose.jpg/960px-Kurseong_panorama_by_Mayukh_Ghose.jpg?utm_source=en.wikipedia.org&utm_campaign=api&utm_content=thumbnail
10716,Gangarampur (Bangarh Archaeological Site),West Bengal,attraction,25.4,88.533333,budget,4.9,19115,"Situated along the Punarbhaba River in Gangarampur subdivision 45 km from Balurghat, celebrated as one of the most prominent excavated ancient historical fortified cities in Bengal, known in classical Sanskrit texts as 'Kotivarsa' (capital of the Kotivarsa vishaya in the Gupta empire), revealing continuous cultural strata spanning from the Mauryan period (3rd century BCE) through Sunga, Kushana, Gupta, and Pala empires, featuring massive brick ramparts, moats, and the 11th-century carved stone pillar of King Nayapala.",Oct-Feb,https://upload.wikimedia.org/wikipedia/commons/f/fa/Fishermen_catching_fish_in_Kaldighi.jpg?utm_source=en.wikipedia.org&utm_campaign=imageinfo&utm_content=thumbnail_unscaled
10717,Kali Dighi & Dhal Dighi Gangarampur,West Bengal,attraction,25.4,88.516667,budget,4.9,25279,"Situated in Gangarampur subdivision 40 km from Balurghat in Dakshin Dinajpur, a pair of colossal historic man-made rectangular lakes excavated between the 10th and 11th centuries CE during the Pala dynasty—Kali Dighi (named after Goddess Kali, spanning 1.5 km in length) and Dhal Dighi (White Lake, spanning 1.2 km in length), surrounded by ancient archaeological brick mounds, ancient lotus groves, and serving as vital winter waterfowl stopovers.",Oct-Feb,https://thumb.wikimedia.org/wikipedia/commons/thumb/4/43/Tarapith_Temple_05.jpg/960px-Tarapith_Temple_05.jpg?utm_source=en.wikipedia.org&utm_campaign=api&utm_content=thumbnail
10718,Patiram Archaeological Mounds & Atrai River,West Bengal,attraction,25.266667,88.766667,budget,4.0,1092,"Situated on the fertile banks of the Atrai River 12 km north of Balurghat in Dakshin Dinajpur district, celebrated as a historic medieval trading post and ancient archaeological site dating back to the Pala and Sena dynasties, famous for large ancient royal freshwater reservoirs (Dighis), ancient brick temple mounds, traditional handloom silk weaving cottage units, and peaceful river ghats.",Oct-Feb,https://thumb.wikimedia.org/wikipedia/commons/thumb/5/5b/Suntalekhola.jpg/960px-Suntalekhola.jpg?utm_source=en.wikipedia.org&utm_campaign=api&utm_content=thumbnail
10719,Tapan Dighi Historic Lake Balurghat,West Bengal,attraction,25.283333,88.583333,budget,4.4,6177,"Situated in Tapan block 35 km northwest of Balurghat in Dakshin Dinajpur, an immense 2-kilometer-long man-made freshwater reservoir measuring 2,000 meters by 800 meters excavated in the 12th century CE under King Lakshmana Sena of the Sena dynasty, surrounded by ancient archaeological mounds, laterite temples, and sprawling tree-lined banks that host thousands of winter migratory waterfowl.",Oct-Mar,https://upload.wikimedia.org/wikipedia/commons/f/fa/Fishermen_catching_fish_in_Kaldighi.jpg?utm_source=en.wikipedia.org&utm_campaign=imageinfo&utm_content=thumbnail_unscaled
10720,Ambootia Bio-Dynamic Organic Tea Estate Kurseong,West Bengal,attraction,26.866667,88.266667,budget,4.9,12075,"Established in 1861 on the southern slopes of the Kurseong ridge at altitudes from 3,200 to 4,500 feet overlooking the Balasun river basin, celebrated globally as a pioneer in bio-dynamic and 100% organic tea cultivation, spanning 400 hectares with over 1,000 plantation workers, renowned for producing exquisite, award-winning floral first-flush and Muscatel second-flush black teas exported to gourmet tea salons in Paris, Berlin, and Tokyo.",Oct-Feb,https://thumb.wikimedia.org/wikipedia/commons/thumb/f/f1/Global_Citizen_Festival_Central_Park_New_York_City_from_NYonAir_%2815351915006%29.jpg/960px-Global_Citizen_Festival_Central_Park_New_York_City_from_NYonAir_%2815351915006%29.jpg?utm_source=en.wikipedia.org&utm_campaign=api&utm_content=thumbnail
10721,Balasun Tea Estate Kurseong,West Bengal,attraction,26.85,88.233333,budget,4.7,27458,"Established in 1871 by British planters across 440 hectares along the rolling slopes of the Balasun River valley near Panighatta 15 km from Kurseong, celebrated for its diverse topography ranging from 1,200 to 4,500 feet, famous for producing full-bodied, golden-orange orthodox black teas and whole-leaf flowery orange pekoes with sweet woody aromas, surrounded by mountain streams and orange orchards.",Oct-Feb,https://thumb.wikimedia.org/wikipedia/commons/thumb/f/f5/Elephant_safari.jpg/960px-Elephant_safari.jpg?utm_source=en.wikipedia.org&utm_campaign=api&utm_content=thumbnail
10722,Batasia Loop & Gorkha War Memorial,West Bengal,attraction,27.016667,88.25,budget,4.8,15980,"Engineered in 1919 by the British on the Darjeeling Himalayan Railway line 5 km below Darjeeling, a brilliant 360-degree railway spiral loop where the Toy Train wraps around itself through landscaped garden terraces to negotiate a steep 140-foot descent, featuring the central Gorkha War Memorial with a bronze statue of an Indian soldier paying tribute to Gorkha martyrs.",Oct-Feb,https://thumb.wikimedia.org/wikipedia/commons/thumb/b/b2/Sun_set_in_neora_valley.jpg/960px-Sun_set_in_neora_valley.jpg?utm_source=en.wikipedia.org&utm_campaign=api&utm_content=thumbnail
10723,Bengal Natural History Museum Darjeeling,West Bengal,attraction,27.045,88.265,mid,4.2,2567,"Originally founded in 1903 as a modest butterfly and bird collection under British Lt. Governor Sir John Woodburn on the grounds of the Botanical Garden and relocated near Chowrasta, an extraordinary natural history museum housing over 4,300 authentic preserved specimens of Himalayan wildlife, including Bengal tigers, snow leopards, Himalayan black bears, over 800 species of regional birds, reptiles, and vibrant montane insects.",Oct-Mar,https://thumb.wikimedia.org/wikipedia/commons/thumb/0/0d/Mahakala_and_Companions_LACMA_M.77.19.11.jpg/960px-Mahakala_and_Companions_LACMA_M.77.19.11.jpg?utm_source=en.wikipedia.org&utm_campaign=api&utm_content=thumbnail
10724,Castleton Tea Estate Kurseong,West Bengal,attraction,26.883333,88.266667,budget,4.9,24482,"Established in 1885 by Dr. Charles Graham across 170 hectares in the Pankhabari valley near Kurseong at elevations from 3,200 to 7,500 feet, celebrated globally by tea connoisseurs as the 'Champagne of Teas', holding multiple international auction world records for fetching the highest prices ever paid for pure orthodox black tea, famous for its sweet, lingering Muscatel grape aroma harvested from pure China-variety bushes.",Oct-Feb,https://upload.wikimedia.org/wikipedia/commons/1/1d/The_Imperial_Library.jpg?utm_source=en.wikipedia.org&utm_campaign=api&utm_content=thumbnail_unscaled
10725,Chamong Tea Estate & Luxury Resort,West Bengal,hotel,26.966667,88.2,luxury,4.4,19013,"Established in 1871 in the Rongbong Valley near Pokhriabong at altitudes ranging from 3,800 to 6,000 feet, celebrated as a flagship 100% certified organic and bio-dynamic tea estate spanning 330 hectares, renowned for producing fragrant floral Darjeeling green and white teas, featuring the luxury Chamong Chiabari tea retreat with panoramic glass villas, private nature walks, and tea-blending workshops.",Oct-Feb,https://thumb.wikimedia.org/wikipedia/commons/thumb/0/0d/Mahakala_and_Companions_LACMA_M.77.19.11.jpg/960px-Mahakala_and_Companions_LACMA_M.77.19.11.jpg?utm_source=en.wikipedia.org&utm_campaign=api&utm_content=thumbnail
10726,Chatakpur Eco Village Senchal,West Bengal,attraction,26.983333,88.316667,budget,4.1,868,"Nestled inside the dense pine and oak canopy of the Senchal Wildlife Sanctuary at an altitude of 7,887 feet, an exceptionally pristine eco-village consisting of only 18 organic farming households, developed by the West Bengal Forest Department to curb timber smuggling through sustainable eco-tourism, famous for its wooden watchtower offering 180-degree unobstructed panoramas of Mount Kanchenjunga.",Oct-Feb,https://thumb.wikimedia.org/wikipedia/commons/thumb/4/42/Kurseong_panorama_by_Mayukh_Ghose.jpg/960px-Kurseong_panorama_by_Mayukh_Ghose.jpg?utm_source=en.wikipedia.org&utm_campaign=api&utm_content=thumbnail
10727,Chitrey Mountain Hamlet & Monastery,West Bengal,attraction,27.016667,88.116667,budget,4.8,12288,"Perched at an elevation of 8,340 feet (2,542 meters) along a steep 3-km uphill trail from Manebhanjan, an atmospheric mountain hamlet on the Singalila Ridge trek, famous for the serene Chitrey Buddhist Monastery adorned with colorful prayer flags, panoramic vantage points overlooking the rolling hills of Darjeeling and Kurseong, and a peaceful resting meadow for trekkers and vintage Land Rovers.",Oct-Feb,https://thumb.wikimedia.org/wikipedia/commons/thumb/a/a6/Sunset_beauty_of_2nd_Hugly_Bridge.jpg/960px-Sunset_beauty_of_2nd_Hugly_Bridge.jpg?utm_source=en.wikipedia.org&utm_campaign=api&utm_content=thumbnail
10728,Darjeeling Himalayan Railway / Toy Train (UNESCO),West Bengal,attraction,27.033333,88.266667,budget,4.7,26658,"Constructed between 1879 and 1881, inscribed as a UNESCO World Heritage site in 1999, an astonishing 88-kilometer 2-foot (610 mm) narrow-gauge railway climbing from New Jalpaiguri at 100 meters above sea level to Ghum (India's highest railway station at 2,258 m) before descending to Darjeeling, using innovative zigzag reversals and spiral loops powered by vintage 19th-century British 'B-Class' steam locomotives.",Oct-Feb,https://thumb.wikimedia.org/wikipedia/commons/thumb/2/2a/Sajnekhali_wildlife_Sanctuary_in_Sundarban_02.jpg/960px-Sajnekhali_wildlife_Sanctuary_in_Sundarban_02.jpg?utm_source=en.wikipedia.org&utm_campaign=api&utm_content=thumbnail
10729,Darjeeling Mall & Chowrasta,West Bengal,attraction,27.043611,88.268056,budget,4.5,24110,"Perched on the crest of a ridge at 7,000 feet in the heart of Darjeeling, the historic commercial and cultural public square known as Chowrasta (where four roads meet), a car-free pedestrian haven lined with heritage Victorian park benches, pine trees, pony rides, century-old bakeries, and the statue of Nepali poet Bhanubhakta Acharya, offering sweeping views of Mount Kanchenjunga.",Oct-Feb,https://thumb.wikimedia.org/wikipedia/commons/thumb/c/ca/DSCN3187_%282%29.jpg/960px-DSCN3187_%282%29.jpg?utm_source=en.wikipedia.org&utm_campaign=api&utm_content=thumbnail
10730,Darjeeling Ropeway (Rangeet Valley Cable Car),West Bengal,attraction,27.0625,88.256944,budget,4.6,24375,"Originally established in 1968 at North Point (Singamari) in Darjeeling at an altitude of 7,000 feet, celebrated as the first passenger ropeway in India, gliding gracefully over the deep, emerald tea estates of the Rangeet River valley down to Tukvar station at 2,500 feet across a cable span of 5 kilometers, offering passengers breathtaking aerial vistas of rolling tea slopes, waterfalls, and Mount Kanchenjunga.",Oct-Feb,https://thumb.wikimedia.org/wikipedia/commons/thumb/e/e4/India_2008_905.JPG/960px-India_2008_905.JPG?utm_source=en.wikipedia.org&utm_campaign=api&utm_content=thumbnail
10731,Ghum Railway Station & DHR Toy Train Museum,West Bengal,attraction,27.016667,88.258333,mid,4.9,27281,"Perched at an altitude of 7,407 feet (2,258 meters) on the mountain ridge 6 km before Darjeeling, recognized as the highest railway station in India and the 14th highest in the world, serving the UNESCO World Heritage Darjeeling Himalayan Railway, featuring the official DHR Railway Museum established inside the heritage station building displaying vintage steam locomotive models, historical station clocks, railway lanterns, and the prized 1881 vintage 'Baby Sivok' B-class steam locomotive.",Oct-Mar,https://thumb.wikimedia.org/wikipedia/commons/thumb/5/59/Gosaba_Police_Station.jpg/960px-Gosaba_Police_Station.jpg?utm_source=en.wikipedia.org&utm_campaign=api&utm_content=thumbnail
10732,Ging Tea House & Heritage Estate,West Bengal,attraction,27.066667,88.283333,budget,3.9,1056,"Established in 1864 in the picturesque Lebong Valley 10 km below Darjeeling town, one of the earliest commercial tea plantations in the region, featuring a restored Victorian planter's bungalow with polished teak flooring, stone fireplaces, wraparound verandas, billiard rooms, and lush tea trails overlooking the snow-crested Himalayas.",Oct-Feb,https://upload.wikimedia.org/wikipedia/commons/1/1d/The_Imperial_Library.jpg?utm_source=en.wikipedia.org&utm_campaign=api&utm_content=thumbnail_unscaled
10733,Glenburn Tea Estate Darjeeling,West Bengal,attraction,27.083333,88.35,budget,4.7,17789,"Established in 1859 by Scottish tea planters across 1,600 acres of rolling green hills in the Takdah valley, celebrated as one of India's most luxurious and picturesque tea heritage retreats, featuring two restored colonial planter bungalows with fireplace suites, private river campsites along the River Rungeet, rolling orthodox organic tea plantations, and guided tea-tasting sessions.",Oct-Feb,https://thumb.wikimedia.org/wikipedia/commons/thumb/8/84/St._James_Church_9.jpg/960px-St._James_Church_9.jpg?utm_source=en.wikipedia.org&utm_campaign=api&utm_content=thumbnail
10734,Goomtee Tea Estate & Waterfall Kurseong,West Bengal,attraction,26.866667,88.283333,budget,4.9,10730,"Established in 1899 near Kurseong along the historic Hill Cart Road at an altitude of 4,500 feet, celebrated for producing internationally award-winning Muscatel Darjeeling teas, featuring a charming century-old heritage bungalow, cascading mountain waterfalls running through the tea garden, and guided plucking tours.",Jul-Oct,https://thumb.wikimedia.org/wikipedia/commons/thumb/4/42/Kurseong_panorama_by_Mayukh_Ghose.jpg/960px-Kurseong_panorama_by_Mayukh_Ghose.jpg?utm_source=en.wikipedia.org&utm_campaign=api&utm_content=thumbnail
10735,Happy Valley Tea Estate Darjeeling,West Bengal,attraction,27.051944,88.261111,budget,4.5,21490,"Established in 1854 by David Wilson as Wilson Tea Estate across 437 rolling acres just 3 km below Darjeeling town at an elevation of 6,800 feet, celebrated as the second oldest tea estate in the Darjeeling district, producing world-renowned organic orthodox black, green, and white teas, featuring an active vintage processing factory with guided tea tasting tours.",Oct-Feb,https://thumb.wikimedia.org/wikipedia/commons/thumb/8/86/Kapil_Muni_Temple.jpg/960px-Kapil_Muni_Temple.jpg?utm_source=en.wikipedia.org&utm_campaign=api&utm_content=thumbnail
10736,Himalayan Mountaineering Institute & Museum (HMI),West Bengal,attraction,27.058333,88.253611,mid,4.9,25353,"Established on 4 November 1954 by Prime Minister Jawaharlal Nehru and Everest pioneer Tenzing Norgay on Birch Hill, one of the world's foremost mountaineering training institutes, featuring a world-class Mountaineering Museum displaying vintage ice axes, climbing suits, oxygen gear from the historic 1953 Everest expedition, scale models of Himalayan peaks, and Tenzing Norgay's memorial samadhi.",Oct-Mar,https://thumb.wikimedia.org/wikipedia/commons/thumb/e/ed/Shantiniketan_Bari_of_Rabindranath_Tagore.jpg/960px-Shantiniketan_Bari_of_Rabindranath_Tagore.jpg?utm_source=en.wikipedia.org&utm_campaign=api&utm_content=thumbnail
10737,Japanese Peace Pagoda & Nipponzan Myohoji Temple,West Bengal,attraction,27.029722,88.261944,budget,4.7,24578,"Established in 1972 under the guidance of Nichidatsu Fuji (founder of the Nipponzan-Myohoji Buddhist Order) on Jalapahar hill in Darjeeling, a gleaming 28.5-meter-high white stupa designed to unite people of all races in the search for world peace, featuring four large polished sandstone carvings depicting the four avatars of Lord Buddha and offering aerial views of Darjeeling and Mount Kanchenjunga.",Oct-Mar,https://thumb.wikimedia.org/wikipedia/commons/thumb/8/81/Belur_Math%2C_Howrah.jpg/960px-Belur_Math%2C_Howrah.jpg?utm_source=en.wikipedia.org&utm_campaign=api&utm_content=thumbnail
10738,Jorpokhri Wildlife Sanctuary Darjeeling,West Bengal,attraction,27.016667,88.166667,budget,4.4,19966,"Perched at an elevation of 7,400 feet (2,255 meters) in Sukhiapokhri 19 km from Darjeeling, established as a specialized wildlife sanctuary across 4 hectares, centered around two pristine natural freshwater lakes ('Jor Pokhri' meaning Twin Lakes), created specifically to preserve the critically endangered Himalayan Newt / Salamander (Tylototriton verrucosus)—a living prehistoric amphibian fossil, featuring landscaped walking promenades, swans, and frontal views of Kanchenjunga.",Oct-Feb,https://thumb.wikimedia.org/wikipedia/commons/thumb/8/8a/Mirik_Sumendu_Lake.jpg/960px-Mirik_Sumendu_Lake.jpg?utm_source=en.wikipedia.org&utm_campaign=api&utm_content=thumbnail
10739,Jungpana Tea Estate Kurseong,West Bengal,attraction,26.866667,88.25,budget,4.8,18166,"Situated in a dramatic, isolated mountain pocket at elevations from 3,000 to 4,500 feet near Kurseong, accessible only by crossing a narrow suspension footbridge over the roaring Jungpana mountain torrent and ascending a steep flight of stone stairs, world-renowned for producing some of the most exclusive and expensive organic second-flush Muscatel black teas in existence, savored by royal families and high-end tea blenders.",Oct-Feb,https://thumb.wikimedia.org/wikipedia/commons/thumb/2/2a/Sajnekhali_wildlife_Sanctuary_in_Sundarban_02.jpg/960px-Sajnekhali_wildlife_Sanctuary_in_Sundarban_02.jpg?utm_source=en.wikipedia.org&utm_campaign=api&utm_content=thumbnail
10740,Kurseong,West Bengal,attraction,26.88183,88.27836,budget,4.6,5205,"Kurseong, situated in the Darjeeling district of West Bengal, is a charming hill station that offers a unique blend of natural beauty, adventure, and cultural heritage. With its stunning vistas of the Himalayas, lush forests, and rolling tea gardens, Kurseong is an ideal destination for trekking enthusiasts, nature lovers, and those seeking a tranquil retreat from the hustle and bustle of city life. The town has a rich history, having been a popular summer resort during the British colonial era, and its cultural landscape is influenced by the diverse communities that inhabit the region, including the Lepchas, Nepalis, and Bengalis. Visitors can explore the town's many attractions, including its historic churches, museums, and markets, and enjoy a range of outdoor activities, such as trekking, rock climbing, and bird watching.",Oct-Feb,https://thumb.wikimedia.org/wikipedia/commons/thumb/4/42/Kurseong_panorama_by_Mayukh_Ghose.jpg/960px-Kurseong_panorama_by_Mayukh_Ghose.jpg?utm_source=en.wikipedia.org&utm_campaign=api&utm_content=thumbnail
10741,Lamahatta Eco Park Darjeeling,West Bengal,attraction,27.05,88.35,budget,4.5,18681,"Developed in 2012 by the West Bengal State Forest Department at an elevation of 5,700 feet in Lamahatta village 23 km from Darjeeling, an enchanting eco-park landscaped amidst towering Dhupi and pine trees, featuring stone garden pathways, colorful prayer flags fluttering in the mountain breeze, viewing gazebos, and a steep uphill nature trail leading to a sacred hilltop lake revered by local Buddhist monks.",Oct-Feb,https://thumb.wikimedia.org/wikipedia/commons/thumb/d/de/Calcutta_Jain_Temple-Sheetalnath_Mandir-P1080642.jpg/960px-Calcutta_Jain_Temple-Sheetalnath_Mandir-P1080642.jpg?utm_source=en.wikipedia.org&utm_campaign=api&utm_content=thumbnail
10742,Latpanchar & Hornbill Sanctuary Darjeeling,West Bengal,attraction,26.916667,88.383333,budget,4.9,8834,"Perched at an elevation of 4,200 feet in the northernmost upper ridge of the Mahananda Wildlife Sanctuary 41 km from Siliguri, celebrated internationally among ornithologists as the premier habitat in India for the globally vulnerable Rufous-necked Hornbill (Aceros nipalensis), featuring dense cinchona plantations, Raja Rani Hill viewpoint, and the sacred Ahal Dara lake.",Oct-Feb,https://upload.wikimedia.org/wikipedia/commons/1/1d/The_Imperial_Library.jpg?utm_source=en.wikipedia.org&utm_campaign=api&utm_content=thumbnail_unscaled
10743,Lepchajagat,West Bengal,attraction,26.9986,88.1672,budget,4.0,1123,"Nestled in the heart of the Singalila National Park, Lepchajagat is a serene trekking destination that offers breathtaking views of the Himalayas. This quaint hamlet is home to the Lepcha community, a indigenous tribe known for their rich cultural heritage and expertise in traditional crafts and textiles. As you wander through the narrow trails and picturesque villages, you'll uncover the secrets of this hidden haven, where nature's splendor and adventure beckon.",Oct-Feb,https://thumb.wikimedia.org/wikipedia/commons/thumb/4/42/Kurseong_panorama_by_Mayukh_Ghose.jpg/960px-Kurseong_panorama_by_Mayukh_Ghose.jpg?utm_source=en.wikipedia.org&utm_campaign=api&utm_content=thumbnail
10744,Lopchu Tea Estate & Peda Heritage Darjeeling,West Bengal,attraction,27.05,88.35,budget,4.7,29567,"Situated along the scenic Peshok Road connecting Darjeeling and Kalimpong at an altitude of 4,800 feet, established in the 1860s across 226 acres, internationally celebrated for its unique, rich, smoky full-bodied orthodox black tea crafted with special firing techniques, famous across Bengal for its traditional roadside confectionery producing the iconic, melt-in-the-mouth 'Lopchu Peda' sweet made of caramelized milk mawa.",Oct-Feb,https://thumb.wikimedia.org/wikipedia/commons/thumb/3/3a/Nalban_Waterbody_-_16-bit_Two_Stop_Over_Exposure_-_Kolkata_2015-08-13_2188.TIF/lossy-page1-960px-Nalban_Waterbody_-_16-bit_Two_Stop_Over_Exposure_-_Kolkata_2015-08-13_2188.TIF.jpg?utm_source=en.wikipedia.org&utm_campaign=api&utm_content=thumbnail
10745,Mahananda Wildlife Sanctuary (Sukna Gateway),West Bengal,attraction,26.783333,88.366667,budget,4.9,24119,"Spanning 159 square kilometers in the foothills between the Teesta and Mahananda rivers from Sukna at 500 feet to Latpanchar at 4,000 feet, established as a sanctuary in 1976, celebrated as a crucial ecological migration corridor for wild Asian elephants, Royal Bengal tigers, Indian leopards, Himalayan black bears, and over 300 bird species, featuring open-top jeep safaris starting from Sukna station where the Darjeeling Toy Train enters the mountains.",Oct-Feb,https://thumb.wikimedia.org/wikipedia/commons/thumb/1/10/Railway_penetrating_the_Park.jpg/960px-Railway_penetrating_the_Park.jpg?utm_source=en.wikipedia.org&utm_campaign=api&utm_content=thumbnail
10746,Makaibari Tea Estate Kurseong,West Bengal,attraction,26.875,88.275,budget,4.4,15316,"Established in 1859 by Captain Samler in Kurseong across 1,575 acres of pristine sub-tropical forest, celebrated globally as the very first tea factory in the world and the pioneer of organic biodynamic tea cultivation, famed for its legendary 'Silver Tips Imperial' tea harvested only on full moon nights that sold at an auction record of over USD $1,850 per kilogram, offering community homestays with tea pluckers.",Oct-Feb,https://thumb.wikimedia.org/wikipedia/commons/thumb/1/1f/Gorumara_Gateway_Arnab_Dutta.JPG/960px-Gorumara_Gateway_Arnab_Dutta.JPG?utm_source=en.wikipedia.org&utm_campaign=api&utm_content=thumbnail
10747,Manebhanjan Singalila Base Camp,West Bengal,homestay,27.016667,88.133333,budget,4.9,16945,"Situated at an altitude of 7,054 feet right on the international border between India and Nepal 26 km from Darjeeling, recognized worldwide as the starting base camp for the legendary Singalila Ridge trek to Sandakphu and Phalut, famous for its fleet of vintage 1950s British Series-I Land Rovers (the only motorized vehicles capable of climbing the rocky terrain), and the picturesque Chitrey Buddhist monastery trail.",Oct-Feb,https://thumb.wikimedia.org/wikipedia/commons/thumb/7/76/Bandel_Basilica%2C_Hooghly_%28West-Bengal%29.jpg/960px-Bandel_Basilica%2C_Hooghly_%28West-Bengal%29.jpg?utm_source=en.wikipedia.org&utm_campaign=api&utm_content=thumbnail
10748,Margaret's Hope Tea Estate Kurseong,West Bengal,attraction,26.916667,88.283333,budget,4.9,11935,"Originally founded in the 1860s by British tea planter Mr. Bagdon across 580 hectares along the Hill Cart Road near Kurseong at an altitude of 6,800 feet, originally named 'Bara Ringtong' and renamed 'Margaret's Hope' in memory of the planter's beloved daughter Margaret who fell in love with the estate but tragically died during her voyage back from England, celebrated for its legendary second-flush clonal black teas and romantic mountain tea lounge.",Oct-Feb,https://thumb.wikimedia.org/wikipedia/commons/thumb/c/cb/Howrah_bridge_at_night.jpg/960px-Howrah_bridge_at_night.jpg?utm_source=en.wikipedia.org&utm_campaign=api&utm_content=thumbnail
10749,Meghma Cloud Hamlet Singalila,West Bengal,attraction,27.033333,88.083333,budget,4.9,21980,"Perched at an elevation of 9,514 feet (2,900 meters) on the international boundary between India and Nepal 9 km from Manebhanjan, a mystical mountain hamlet whose name literally translates to 'Mother of Clouds' ('Megh' meaning cloud), shrouded in perpetual swirling white fog, famous for the prominent Sangchen Choeling Monastery (housing 108 statues of Lord Buddha and Bodhisattvas) and a border fork where the trek path splits toward Tonglu and Tumling.",Oct-Feb,https://thumb.wikimedia.org/wikipedia/commons/thumb/f/f0/Jod_Bangla_Terracotta_Temple%2C_Bishnupur%2C_West_Bengal.jpg/960px-Jod_Bangla_Terracotta_Temple%2C_Bishnupur%2C_West_Bengal.jpg?utm_source=en.wikipedia.org&utm_campaign=api&utm_content=thumbnail
10750,Mirik Lake (Sumendu Lake),West Bengal,attraction,26.888889,88.175,budget,4.4,26159,"Nestled at an elevation of 4,905 feet in the picturesque hill town of Mirik 49 km from Darjeeling, an idyllic 1.25-kilometer-long natural freshwater lake (Sumendu Lake) fed by natural perennial streams, bordered on one side by a 3.5-km cobblestone lakeside promenade and on the other by a dense weeping pine forest (Dhupi), connected by the graceful 80-foot arched rainbow footbridge (Indreni Bridge).",Oct-Feb,https://thumb.wikimedia.org/wikipedia/commons/thumb/8/8a/Mirik_Sumendu_Lake.jpg/960px-Mirik_Sumendu_Lake.jpg?utm_source=en.wikipedia.org&utm_campaign=api&utm_content=thumbnail
10751,Mungpoo (Rabindranath Tagore Memorial),West Bengal,attraction,26.966667,88.383333,budget,4.9,14931,"Situated 33 km from Darjeeling at an altitude of 3,700 feet, celebrated internationally as the premier cinchona (quinine) plantation center of India and the beloved mountain retreat of Nobel laureate Rabindranath Tagore, who stayed at the heritage bungalow of novelist Maitreyi Devi four times between 1938 and 1940, composing his famous poem 'Camellia' and celebrating his 80th birthday here, preserved today as the Rabindra Bhavan Museum.",Oct-Feb,https://thumb.wikimedia.org/wikipedia/commons/thumb/c/ca/DSCN3187_%282%29.jpg/960px-DSCN3187_%282%29.jpg?utm_source=en.wikipedia.org&utm_campaign=api&utm_content=thumbnail
10752,Observatory Hill & Mahakal Temple Darjeeling,West Bengal,attraction,27.045833,88.269444,budget,4.9,24241,"Rising steeply above Chowrasta Mall at an elevation of 7,100 feet in Darjeeling, celebrated as the oldest sacred site in the town where the original historic Dorje-Ling Buddhist monastery once stood, housing the venerated Mahakal Cave Temple where Hindu Brahmin priests and Tibetan Buddhist lamas sit side by side chanting mantras and ringing bells amidst thousands of fluttering colorful prayer flags.",Oct-Mar,https://thumb.wikimedia.org/wikipedia/commons/thumb/3/38/EVENT_HALL_HMI.jpg/960px-EVENT_HALL_HMI.jpg?utm_source=en.wikipedia.org&utm_campaign=imageinfo&utm_content=thumbnail
10753,Orange Valley (Bloomfield) Tea Estate Darjeeling,West Bengal,attraction,27.016667,88.233333,budget,4.5,7196,"Originally known as Bloomfield and established in the 1860s in the valley below Ghoom at elevations from 4,500 to 6,000 feet, celebrated for its organic, single-origin Darjeeling orthodox teas and its historic orange tree groves that gave the estate its picturesque name 'Orange Valley', featuring scenic terraced slopes facing the snow-clad peaks of Mount Kanchenjunga, mountain river streams, and guided tea-tasting sessions.",Oct-Feb,https://thumb.wikimedia.org/wikipedia/commons/thumb/4/42/Kurseong_panorama_by_Mayukh_Ghose.jpg/960px-Kurseong_panorama_by_Mayukh_Ghose.jpg?utm_source=en.wikipedia.org&utm_campaign=api&utm_content=thumbnail
10754,Padmaja Naidu Himalayan Zoological Park,West Bengal,attraction,27.059444,88.254167,mid,4.9,17410,"Opened in 1958 across 67.5 acres at an elevation of 7,000 feet on Birch Hill in Darjeeling, recognized as the highest-altitude zoo in India and recipient of the prestigious international Earth Heroes Award, celebrated globally for its pioneer captive breeding programs for endangered alpine species including the Red Panda, Snow Leopard, Tibetan Wolf, and Himalayan Monal pheasant.",Oct-Feb,https://thumb.wikimedia.org/wikipedia/commons/thumb/d/da/Padmaja_Naidu_Himalayan_Zoological_Park_Entrance.JPG/960px-Padmaja_Naidu_Himalayan_Zoological_Park_Entrance.JPG?utm_source=en.wikipedia.org&utm_campaign=api&utm_content=thumbnail
10755,Phalut Peak (Singalila Ridge),West Bengal,attraction,27.283333,88.033333,budget,4.5,26227,"Rising to 3,600 meters (11,811 feet) along the Singalila Ridge 21 km beyond Sandakphu, the second highest peak in West Bengal, located at the precise tri-junction of West Bengal, Sikkim, and Nepal, known in the indigenous Lepcha language as 'Omneksha' and celebrated for offering an extraordinarily close, unhindered view of Mount Kanchenjunga's sheer south face across an open windswept plateau.",Oct-Feb,https://thumb.wikimedia.org/wikipedia/commons/thumb/9/9d/Khana-Mihir_Mound_-_Berachampa_2012-02-24_2346.JPG/960px-Khana-Mihir_Mound_-_Berachampa_2012-02-24_2346.JPG?utm_source=en.wikipedia.org&utm_campaign=api&utm_content=thumbnail
10756,Rohini Mountain Viewpoint & Valley Road,West Bengal,attraction,26.816667,88.283333,budget,4.8,5166,"Constructed as a modern, smooth mountain highway connecting Matigara in Siliguri directly to Kurseong across the lower Himalayan foothills, recognized as one of the most picturesque scenic mountain drives in West Bengal, climbing through the lush Rohini tea garden, offering elevated roadside viewpoints overlooking the expansive plains of North Bengal, the sparkling Balasun River bed, and cool mountain breezes.",Oct-Feb,https://thumb.wikimedia.org/wikipedia/commons/thumb/d/de/Fortwilliam1828.jpg/960px-Fortwilliam1828.jpg?utm_source=en.wikipedia.org&utm_campaign=api&utm_content=thumbnail
10757,"Sandakphu Peak (11,930 Ft - Highest in West Bengal)",West Bengal,attraction,27.106389,88.001944,budget,4.9,28419,"Perched at an elevation of 3,636 meters (11,930 feet) on the India-Nepal border along the Singalila Ridge, the highest mountain summit in West Bengal, celebrated worldwide as the only vantage point on earth where four of the world's five highest peaks (Mount Everest, Kanchenjunga, Lhotse, and Makalu) can be viewed together in a single breathtaking panorama, including the majestic 'Sleeping Buddha' formation.",Oct-Feb,https://thumb.wikimedia.org/wikipedia/commons/thumb/8/8b/Kolkata_botanical_garden_pathway.jpg/960px-Kolkata_botanical_garden_pathway.jpg?utm_source=en.wikipedia.org&utm_campaign=api&utm_content=thumbnail
10758,Selim Hill Tea Estate & Nature Retreat,West Bengal,hotel,26.85,88.316667,mid,4.4,27174,"Established in 1870 by British planter Mr. Henry near Gayabari along the Hill Cart Road at an altitude of 3,500 feet, spanning 400 hectares contiguous with the dense forests of the Mahananda Wildlife Sanctuary, celebrated as a model bio-diverse tea habitat, featuring an authentic 150-year-old stone planter's bungalow, the Selim Hill Tea Lounge, and the 'Tea-Canopy-Wild' conservation tracking corridor.",Oct-Feb,https://thumb.wikimedia.org/wikipedia/commons/thumb/1/10/Railway_penetrating_the_Park.jpg/960px-Railway_penetrating_the_Park.jpg?utm_source=en.wikipedia.org&utm_campaign=api&utm_content=thumbnail
10759,Senchal Wildlife Sanctuary & Senchal Lake,West Bengal,attraction,27.0,88.266667,budget,4.8,13573,"Established in 1915 CE across 38.6 square kilometers of prime high-altitude temperate forest at elevations ranging from 4,900 to 8,500 feet around Tiger Hill, celebrated as one of the oldest designated wildlife sanctuaries in India, covered in primeval oak, pine, and rhododendron canopies, home to barking deer, Himalayan black bears, leopards, and the historic twin Senchal Lakes constructed in 1910 and 1932 to provide pure mountain drinking water to Darjeeling.",Oct-Feb,https://thumb.wikimedia.org/wikipedia/commons/thumb/0/03/Science_City_Kolkata_4643.JPG/960px-Science_City_Kolkata_4643.JPG?utm_source=en.wikipedia.org&utm_campaign=api&utm_content=thumbnail
10760,Singalila National Park (Singalila Ridge),West Bengal,attraction,27.15,88.05,budget,4.9,28462,"Encompassing 78.6 square kilometers along the Singalila Ridge between 2,400 meters and 3,636 meters on the international border with Nepal, declared a National Park in 1992, world-famous as one of India's premier high-altitude wilderness sanctuaries preserving the endangered Red Panda, Himalayan Black Bear, Clouded Leopard, barking deer, and over 20 endemic species of wild rhododendrons and magnolias.",Oct-Feb,https://thumb.wikimedia.org/wikipedia/commons/thumb/2/28/Vast_green_meadows_and_hills_in_Singalila_National_Park.jpg/960px-Vast_green_meadows_and_hills_in_Singalila_National_Park.jpg?utm_source=en.wikipedia.org&utm_campaign=api&utm_content=thumbnail
10761,Singtom Tea Estate & Resort Darjeeling,West Bengal,hotel,27.05,88.233333,mid,4.8,9135,"Established in 1862 by German priest Father Steinthal across 1,600 acres just 20 minutes below Darjeeling town, recognized as the oldest operational tea estate resort in the world, featuring an authentic 1862 Victorian stone bungalow with century-old cedar beam ceilings, four-poster brass beds, and expansive tea gardens dropping 3,000 feet into the valley.",Oct-Feb,https://thumb.wikimedia.org/wikipedia/commons/thumb/9/9d/Khana-Mihir_Mound_-_Berachampa_2012-02-24_2346.JPG/960px-Khana-Mihir_Mound_-_Berachampa_2012-02-24_2346.JPG?utm_source=en.wikipedia.org&utm_campaign=api&utm_content=thumbnail
10762,Sittong Orange Village & Ahaldhara Viewpoint,West Bengal,attraction,26.95,88.35,budget,4.5,14069,"Nestled in the sub-tropical foothill valley of the Riyang River 35 km from Darjeeling, internationally celebrated as the 'Orange Village' of North Bengal where hundreds of terraced orchards turn vibrant golden-orange during winter harvests, famous for Ahaldhara peak (offering a breathtaking 360-degree panoramic view of Kanchenjunga and the meandering Teesta River gorge), and a 350-year-old Buddhist bamboo monastery.",Oct-Feb,https://thumb.wikimedia.org/wikipedia/commons/thumb/5/5b/Suntalekhola.jpg/960px-Suntalekhola.jpg?utm_source=en.wikipedia.org&utm_campaign=api&utm_content=thumbnail
10763,Sonada Monastery & Balasun Valley,West Bengal,attraction,26.966667,88.266667,budget,4.7,7353,"Situated at an elevation of 6,143 feet along the Darjeeling Himalayan Railway line between Kurseong and Ghum, an idyllic mountain town famous for the Samdrup Darjayling Monastery (Sonada Monastery) established in 1966 by the venerable Tibetan master Kalu Rinpoche, housing his holy preservation stupa, surrounded by the Balasun River valley, tea plantations, and fragrant pine woods.",Oct-Feb,https://thumb.wikimedia.org/wikipedia/commons/thumb/9/91/Elliot_Park_monument_sign._%28May_19%2C_2025%29.jpg/960px-Elliot_Park_monument_sign._%28May_19%2C_2025%29.jpg?utm_source=en.wikipedia.org&utm_campaign=api&utm_content=thumbnail
10764,Sourenee Tea Estate Mirik,West Bengal,attraction,26.866667,88.216667,budget,4.3,2584,"Covering 137 hectares of rolling slopes near Mirik at an elevation of 5,000 feet, named after 'Sour' (a regional medicinal herb), celebrated as a certified organic and bio-dynamic tea garden producing sweet aromatic teas, featuring the Sourenee Tea Temple resort, horseback riding through tea bushes, and panoramic vistas of the Nepal border hills.",Oct-Feb,https://thumb.wikimedia.org/wikipedia/commons/thumb/8/84/St._James_Church_9.jpg/960px-St._James_Church_9.jpg?utm_source=en.wikipedia.org&utm_campaign=api&utm_content=thumbnail
10765,Srikhola & Gurdum Valley Darjeeling,West Bengal,attraction,27.133333,88.116667,budget,4.6,27890,"Nestled in a deep, lush mountain valley at an elevation of 6,200 feet at the descent trail of the Sandakphu circuit, celebrated for the roaring Srikhola River rushing over colossal granite boulders, an iconic wooden suspension hanging bridge connecting forest cottages, dense magnolia, oak, and rhododendron woodlands, and organic cardamom farms.",Oct-Feb,https://thumb.wikimedia.org/wikipedia/commons/thumb/9/92/065.STARTED_FROM_HOTEL_MANISH_ON_14.08.2017_AT_02-30_P.M._FOR_HOWRAH_RAILWAY_STATION_BY_HIRED_TAXI.jpg/960px-065.STARTED_FROM_HOTEL_MANISH_ON_14.08.2017_AT_02-30_P.M._FOR_HOWRAH_RAILWAY_STATION_BY_HIRED_TAXI.jpg?utm_source=en.wikipedia.org&utm_campaign=api&utm_content=thumbnail
10766,St. Andrew's Church Darjeeling (Mall Ridge),West Bengal,attraction,27.045833,88.268056,budget,4.9,19699,"Built in 1843 and rebuilt in 1873 following lightning damage along the elevated ridge near Chowrasta Mall at 7,100 feet in Darjeeling, celebrated as the oldest Christian place of worship in Darjeeling town, designed in the early English Gothic style using local granite stones and heavy timber trusses, featuring an iconic belfry clock tower with a chiming bell cast in 1883, brass memorial plaques honoring British military officers and early tea planters, and panoramic views of Kanchenjunga.",Oct-Feb,https://thumb.wikimedia.org/wikipedia/commons/thumb/d/d5/Itachuna_Royal_Palace_in_July%2C_2023_16.jpg/960px-Itachuna_Royal_Palace_in_July%2C_2023_16.jpg?utm_source=en.wikipedia.org&utm_campaign=api&utm_content=thumbnail
10767,Sukhiapokhri Pine Forest & Jorpokhri,West Bengal,attraction,27.0,88.166667,budget,4.4,28392,"Perched at an elevation of 7,198 feet (2,194 meters) on a high mountain ridge 11 km from Ghum, an atmospheric transit town on the border of Nepal surrounded by dense hemlock, dhupi, and pine forests, serving as the gateway to the Jorpokhri Wildlife Sanctuary (twin sacred lakes conserving the endangered Himalayan Newt / Salamander) and offering views of Kanchenjunga.",Oct-Feb,https://thumb.wikimedia.org/wikipedia/commons/thumb/d/da/Padmaja_Naidu_Himalayan_Zoological_Park_Entrance.JPG/960px-Padmaja_Naidu_Himalayan_Zoological_Park_Entrance.JPG?utm_source=en.wikipedia.org&utm_campaign=api&utm_content=thumbnail
10768,Takdah Heritage Cantonment & Orchid Centre,West Bengal,attraction,27.033333,88.35,budget,4.7,22054,"Situated at an elevation of 4,000 feet 28 km from Darjeeling, established in 1911 as a British colonial military cantonment for Gorkha regiments, famous for its cluster of charming century-old British stone bungalows with gabled tin roofs and fireplaces, dense cedar and pine forests shrouded in perpetual mist ('Takdah' means 'mist' in Lepcha), and one of Asia's finest government orchid cultivation breeding centers.",Oct-Feb,https://thumb.wikimedia.org/wikipedia/commons/thumb/0/00/Calcutta_High_Court.jpg/960px-Calcutta_High_Court.jpg?utm_source=en.wikipedia.org&utm_campaign=api&utm_content=thumbnail
10769,Teesta River Gorge & Coronation Bridge Sevoke,West Bengal,attraction,26.883333,88.466667,budget,4.8,23679,"Situated at Sevoke 20 km northeast of Siliguri where the emerald Teesta River cuts dramatically through the Himalayan foothill gorge, celebrated for the iconic Coronation Bridge (constructed in 1941 to commemorate the coronation of King George VI, featuring a breathtaking reinforced-concrete open spandrel arch spanning 268 feet across the turbulent river gorge), and serving as the premier whitewater river rafting hub in Bengal.",Oct-Feb,https://upload.wikimedia.org/wikipedia/commons/3/34/Town_Hall_Recent.jpg?utm_source=en.wikipedia.org&utm_campaign=api&utm_content=thumbnail_unscaled
10770,Tenzing Rock & Gombu Rock Darjeeling,West Bengal,attraction,27.061111,88.261111,budget,4.9,18394,"Situated along Lebong Cart Road 4 km from Darjeeling town, a pair of gigantic natural granite rock formations named in honor of Everest pioneer Tenzing Norgay and his nephew Nawang Gombu (the first man in the world to summit Mount Everest twice), utilized by the Himalayan Mountaineering Institute for fundamental rock-climbing and rappelling instruction, equipped with professional ropes and harnesses for public climbing trials.",Oct-Feb,https://upload.wikimedia.org/wikipedia/commons/3/34/Town_Hall_Recent.jpg?utm_source=en.wikipedia.org&utm_campaign=api&utm_content=thumbnail_unscaled
10771,Tiger Hill Darjeeling,West Bengal,attraction,27.008889,88.261111,budget,4.7,24136,"Perched at 8,482 feet (2,590 m) altitude, the highest summit in the Darjeeling ridge, world-famous for its spectacular sunrise views where the sun illuminates the twin snow peaks of Mount Kanchenjunga in shades of gold and pink.",Oct-Feb,https://thumb.wikimedia.org/wikipedia/commons/thumb/8/8b/Kolkata_botanical_garden_pathway.jpg/960px-Kolkata_botanical_garden_pathway.jpg?utm_source=en.wikipedia.org&utm_campaign=api&utm_content=thumbnail
10772,Tinchuley Village & Orange Orchards,West Bengal,attraction,27.066667,88.366667,budget,4.3,1225,"Perched at an elevation of 5,800 feet near the Sikkim border 32 km from Darjeeling, an idyllic model mountain eco-village whose name 'Tinchuley' signifies 'Three Chullahs' (Three Ovens) referring to three prominent hilltops that resemble traditional clay ovens, surrounded by fragrant pine forests, tea gardens, terraced orange orchards, and the breathtaking Gumbadara viewpoint overlooking the Teesta and Rangeet river confluence.",Oct-Feb,https://thumb.wikimedia.org/wikipedia/commons/thumb/3/38/EVENT_HALL_HMI.jpg/960px-EVENT_HALL_HMI.jpg?utm_source=en.wikipedia.org&utm_campaign=imageinfo&utm_content=thumbnail
10773,Tindharia Railway Workshop & DHR Works,West Bengal,attraction,26.85,88.333333,budget,4.5,22043,"Perched at an elevation of 2,822 feet along the Hill Cart Road in Tindharia 30 km from Siliguri, established in 1915 as the dedicated heavy mechanical overhaul and repair workshop for the Darjeeling Himalayan Railway, celebrated as a living temple of industrial archaeology where skilled master craftsmen hand-forge replacement parts, boiler tubes, and brass fittings for century-old B-Class steam locomotives using original British machine tools.",Oct-Feb,https://thumb.wikimedia.org/wikipedia/commons/thumb/1/1f/Gorumara_Gateway_Arnab_Dutta.JPG/960px-Gorumara_Gateway_Arnab_Dutta.JPG?utm_source=en.wikipedia.org&utm_campaign=api&utm_content=thumbnail
10774,Tonglu Singalila Ridge Darjeeling,West Bengal,attraction,27.033333,88.083333,budget,4.5,5093,"Perched at an elevation of 10,074 feet (3,070 meters) along the Singalila Ridge 11 km from Manebhanjan, an iconic mountain peak and trekking stopover, famous for its historic GTA trekker's hut, a natural reflection pond, and an unobstructed 360-degree panoramic vantage point overlooking the massive 'Sleeping Buddha' snow formation of Mount Kanchenjunga and the rolling hills of Nepal and Sikkim.",Oct-Feb,https://thumb.wikimedia.org/wikipedia/commons/thumb/e/ed/Common_Jezebel_at_Raiganj_Wildlife_Sanctuary.jpg/960px-Common_Jezebel_at_Raiganj_Wildlife_Sanctuary.jpg?utm_source=en.wikipedia.org&utm_campaign=api&utm_content=thumbnail
10775,Tukvar Tea Estate Darjeeling,West Bengal,attraction,27.066667,88.25,budget,4.0,180,"Established in 1856 by British planters in the Rangeet River valley directly below North Point, spanning 1,000 acres of fertile mountain terraces, celebrated as the lower terminal station of the iconic Darjeeling Ropeway, producing crisp floral first-flush orthodox black teas surrounded by pine forests.",Oct-Feb,https://thumb.wikimedia.org/wikipedia/commons/thumb/0/00/Calcutta_High_Court.jpg/960px-Calcutta_High_Court.jpg?utm_source=en.wikipedia.org&utm_campaign=api&utm_content=thumbnail
10776,Tumling Border Hamlet Singalila,West Bengal,attraction,27.05,88.066667,budget,4.6,12746,"Situated at an altitude of 9,600 feet (2,926 meters) along the Singalila Ridge 13 km from Manebhanjan, a picturesque mountain hamlet straddling the international boundary between India and Nepal without physical fences, famous for warm Sherpa family homestays, prayer flag-adorned stone cottages, and breathtaking sunset vistas of Mount Kanchenjunga.",Oct-Feb,https://thumb.wikimedia.org/wikipedia/commons/thumb/7/78/Yiga_Choeling_Monastery%2C_Ghum_02.jpg/960px-Yiga_Choeling_Monastery%2C_Ghum_02.jpg?utm_source=en.wikipedia.org&utm_campaign=api&utm_content=thumbnail
10777,Ananta Basudeba Terracotta Temple Bansberia,West Bengal,attraction,22.961111,88.398611,budget,4.9,19934,"Constructed in 1679 CE by Raja Rameswar Datta inside the fortified royal citadel of Bansberia in Hooghly district, recognized as one of the finest and most ornately decorated terracotta temples in India, built in the traditional curved-cornice eka-ratna style topped by an octagonal shikhara, world-famous for its complete facade coverage of micro-detailed terracotta plaques illustrating the Mahabharata, Ramayana, sea vessels, and royal processions.",Oct-Mar,https://thumb.wikimedia.org/wikipedia/commons/thumb/d/da/Lush_green_grass_along_the_lake.jpg/960px-Lush_green_grass_along_the_lake.jpg?utm_source=en.wikipedia.org&utm_campaign=api&utm_content=thumbnail
10778,Bandel Church (Basilica of the Holy Rosary),West Bengal,attraction,22.919444,88.4,budget,4.6,9798,"Founded in 1599 CE by Portuguese Augustinian friars on the western banks of the Hooghly River in Bandel, recognized as the oldest surviving Christian church in West Bengal, declared a Minor Basilica by Pope John Paul II in 1988, celebrated for its historic 40-foot ship mast erected in front of the church by a Portuguese sea captain in gratitude for surviving a catastrophic ocean storm, three altars, grand pipe organ, and the miraculous statue of Our Lady of Happy Voyage.",Oct-Feb,https://thumb.wikimedia.org/wikipedia/commons/thumb/7/76/Bandel_Basilica%2C_Hooghly_%28West-Bengal%29.jpg/960px-Bandel_Basilica%2C_Hooghly_%28West-Bengal%29.jpg?utm_source=en.wikipedia.org&utm_campaign=api&utm_content=thumbnail
10779,Chandannagar Museum & Dupleix Palace,West Bengal,attraction,22.863889,88.366667,mid,4.9,19010,"Situated along the scenic Strand promenade in Chandannagar, the historic official residence of French Governor Joseph Francois Dupleix dating back to the 18th century, transformed into the Institut de Chandernagor museum and French language institute, housing an invaluable collection of French colonial furniture, bronze busts of Napoleon and Dupleix, 18th-century Anglo-French battle cannons, period maps, and French East India Company coins.",Oct-Mar,https://thumb.wikimedia.org/wikipedia/commons/thumb/8/8b/Kolkata_botanical_garden_pathway.jpg/960px-Kolkata_botanical_garden_pathway.jpg?utm_source=en.wikipedia.org&utm_campaign=api&utm_content=thumbnail
10780,Danish Tavern & Serampore Heritage Hub,West Bengal,attraction,22.75,88.35,budget,4.8,11191,"Situated on the banks of the Hooghly River 25 km north of Kolkata, celebrated as the historic commercial settlement of the Danish East India Company known as Frederiksnagore from 1755 to 1845, featuring the meticulously restored 1786 Danish Tavern by the National Museum of Denmark, St. Olav's Church built in 1806, and the magnificent neoclassical Serampore College founded in 1818 by pioneer missionary William Carey, home to Asia's first modern printing press.",Oct-Feb,https://thumb.wikimedia.org/wikipedia/commons/thumb/f/f0/Jod_Bangla_Terracotta_Temple%2C_Bishnupur%2C_West_Bengal.jpg/960px-Jod_Bangla_Terracotta_Temple%2C_Bishnupur%2C_West_Bengal.jpg?utm_source=en.wikipedia.org&utm_campaign=api&utm_content=thumbnail
10781,Debanandapur Sarat Chandra Memorial Hooghly,West Bengal,attraction,22.916667,88.35,budget,4.9,11866,"Situated in Debanandapur village 4 km west of Bandel in Hooghly district, celebrated as the historic birthplace of legendary Bengali novelist and immortal storyteller Sarat Chandra Chattopadhyay (1876-1938, author of 'Devdas', 'Parineeta', 'Pather Dabi', and 'Srikanta'), featuring his ancestral house, memorial museum, personal library, reading room, and the village pond where he spent his adventurous boyhood days that inspired 'Chhelebelar Dinguli'.",Oct-Feb,https://thumb.wikimedia.org/wikipedia/commons/thumb/2/2a/Sajnekhali_wildlife_Sanctuary_in_Sundarban_02.jpg/960px-Sajnekhali_wildlife_Sanctuary_in_Sundarban_02.jpg?utm_source=en.wikipedia.org&utm_campaign=api&utm_content=thumbnail
10782,French Institute & Chandannagar Strand,West Bengal,attraction,22.866667,88.383333,budget,4.9,9072,"Established in 1673 as the capital of French India on the banks of the Hooghly River 35 km from Kolkata, celebrated for its 1-km tree-lined riverfront promenade (The Strand) lined with streetlights and colonial villas, the Institut de Chandernagore (former palace of French Governor Joseph François Dupleix housing rare French antiques, canons, and Anglo-French treaties), and the 1720 CE Sacred Heart Church with French stained-glass windows.",Oct-Feb,https://thumb.wikimedia.org/wikipedia/commons/thumb/7/7c/Digha_Tourist_Lodge_front_yard_1.jpg/960px-Digha_Tourist_Lodge_front_yard_1.jpg?utm_source=en.wikipedia.org&utm_campaign=api&utm_content=thumbnail
10783,Furfura Sharif Dargah Hooghly,West Bengal,attraction,22.75,88.133333,budget,4.4,8619,"Situated in Jangipara block of Hooghly district 40 km from Kolkata, celebrated as one of the most revered and influential Sufi spiritual shrines in eastern India and Bangladesh, centered around the sacred Mazar (tomb) of the 19th-century Sufi reformer and scholar Hazrat Pir Abu Bakr Siddique (known as 'Dada Huzoor Pir Qibla') and his five sons, alongside a historic 1375 CE mosque built by Sultan Muzaffar Shah.",Oct-Feb,https://upload.wikimedia.org/wikipedia/commons/c/c4/Rishop%2Cwest_bengal%2CIndia.jpg?utm_source=en.wikipedia.org&utm_campaign=api&utm_content=thumbnail_unscaled
10784,Guptipara Terracotta Temple Complex Hooghly,West Bengal,attraction,23.183333,88.416667,budget,4.7,9363,"Situated along the Hooghly River in Balagarh block 85 km from Kolkata, celebrated as a monumental Vaishnava temple complex founded in the 17th century, comprising four magnificent temples: Chaitanya, Brindabanchandra (1810 At-chala), Ramachandra (1678 Char-chala with stunning Ramayana terracotta carvings), and Krishnachandra, historically famous as the historic birthplace of Bengal's first public 'Barowari' (community) Durga Puja initiated in 1790 by 12 friends.",Oct-Mar,https://thumb.wikimedia.org/wikipedia/commons/thumb/3/3f/Chintamani_Kar_Bird_Sanactuary%2C_Kolkata.JPG/960px-Chintamani_Kar_Bird_Sanactuary%2C_Kolkata.JPG?utm_source=en.wikipedia.org&utm_campaign=api&utm_content=thumbnail
10785,Hangseshwari Temple Bansberia,West Bengal,attraction,22.966667,88.4,budget,4.9,23878,"Commissioned in 1801 by Raja Nrisinghadev Roy and completed in 1814 by his widow Rani Sankari, recognized as one of India's most architecturally unique temples, featuring 13 soaring minaret-like spires (ratnas) sculpted to represent closed lotus buds, with the five-storeyed interior representing the human Kundalini yogic anatomy (Ida, Pingala, Sushumna, Chitrini, and Vajrakhya nadis), enshrining a four-armed blue neem-wood deity of Goddess Hangseshwari seated upon a thousand-petalled lotus.",Oct-Mar,https://thumb.wikimedia.org/wikipedia/commons/thumb/0/03/Science_City_Kolkata_4643.JPG/960px-Science_City_Kolkata_4643.JPG?utm_source=en.wikipedia.org&utm_campaign=api&utm_content=thumbnail
10786,Hooghly Imambara Chinsurah,West Bengal,attraction,22.905556,88.397222,budget,4.5,17362,"Constructed between 1841 and 1861 by architect Syed Keramat Ali according to the philanthropic will of legendary Bengali humanitarian Haji Muhammad Mohsin, an imposing two-storeyed Shia congregational palace overlooking the Hooghly River, featuring a massive central clock tower rising 150 feet flanked by twin 85-foot minarets with 152 winding steps, an antique Victorian chiming clock built by Black & Murray of London, and exquisite Persian verses carved into marble walls.",Oct-Feb,https://thumb.wikimedia.org/wikipedia/commons/thumb/d/da/Lush_green_grass_along_the_lake.jpg/960px-Lush_green_grass_along_the_lake.jpg?utm_source=en.wikipedia.org&utm_campaign=api&utm_content=thumbnail
10787,Itachuna Rajbari (Bargee Danga),West Bengal,attraction,23.016667,88.266667,budget,4.6,26740,"Constructed in 1766 CE across sprawling grounds in Itachuna village by the Kundan family (ancestors of Maratha warriors known as 'Bargis' who settled in Bengal after the 1740s treaties), an opulent red-brick ancestral palace divided into five courtyards, featuring ornate wooden balconies, antique four-poster mahogany beds, an active family temple of Sridhar Jiu, and transformed into an award-winning royal heritage homestay.",Oct-Feb,https://thumb.wikimedia.org/wikipedia/commons/thumb/d/d5/Itachuna_Royal_Palace_in_July%2C_2023_16.jpg/960px-Itachuna_Royal_Palace_in_July%2C_2023_16.jpg?utm_source=en.wikipedia.org&utm_campaign=api&utm_content=thumbnail
10788,Kamarpukur (Birthplace of Sri Ramakrishna),West Bengal,attraction,22.9,87.65,budget,4.7,18780,"Situated in Arambagh subdivision of Hooghly district 90 km from Kolkata, celebrated as the holy birthplace of 19th-century Hindu mystic saint Sri Ramakrishna Paramahamsa (1836-1886), guru of Swami Vivekananda and apostle of religious harmony, featuring the white marble Ramakrishna Math temple built in 1951 enshrining a marble statue of Sri Ramakrishna, his preserved ancestral thatched room, and the sacred Haldarpukur tank.",Oct-Feb,https://thumb.wikimedia.org/wikipedia/commons/thumb/1/12/National_Library%2C_Calcutta_2007.jpg/960px-National_Library%2C_Calcutta_2007.jpg?utm_source=en.wikipedia.org&utm_campaign=api&utm_content=thumbnail
10789,Mahesh Jagannath Temple Serampore,West Bengal,attraction,22.733333,88.35,budget,4.9,9942,"Established in 1396 CE by 14th-century Vaishnava sage Dhrubananda Brahmachari on the banks of the Hooghly River in Mahesh, Serampore, celebrated as the second oldest Jagannath temple and chariot procession (Rath Yatra) in the entire world after Puri, featuring colossal neem-wood deities of Lord Jagannath, Balabhadra, and Subhadra, and a monumental 50-foot, 125-tonne iron chariot with 12 massive iron wheels built in 1896 by Martin Burn.",Oct-Mar,https://upload.wikimedia.org/wikipedia/commons/1/1d/The_Imperial_Library.jpg?utm_source=en.wikipedia.org&utm_campaign=api&utm_content=thumbnail_unscaled
10790,Muktakeshi Navaratna Temple Sukharia Hooghly,West Bengal,attraction,23.133333,88.466667,budget,4.4,2247,"Constructed in 1813 CE by the aristocratic Mustafi zamindar family in the heritage temple village of Sukharia (Balagarh block) in Hooghly district, celebrated as an architectural tour de force of late Bengal terracotta art, designed as a towering nine-pinnacled (navaratna) brick temple enshrining Goddess Kali as Muktakeshi ('She with Disheveled Hair'), adorned with hundreds of delicate terracotta plaques depicting scenes from the Ramayana, battle armadas, and European traders.",Oct-Mar,https://thumb.wikimedia.org/wikipedia/commons/thumb/f/f1/Global_Citizen_Festival_Central_Park_New_York_City_from_NYonAir_%2815351915006%29.jpg/960px-Global_Citizen_Festival_Central_Park_New_York_City_from_NYonAir_%2815351915006%29.jpg?utm_source=en.wikipedia.org&utm_campaign=api&utm_content=thumbnail
10791,Sacred Heart Church Chandannagar,West Bengal,attraction,22.866667,88.366667,budget,4.9,19432,"Constructed between 1875 and 1884 under French Catholic missionary Father Paul Barthet along the Strand in Chandannagar, celebrated as the architectural crown jewel of the former French colonial settlement in Bengal, designed by French architect Jacques Duchatz in the classical French Gothic revival style, featuring twin soaring front steeples, a curved semi-circular apse, and rare imported French stained-glass windows depicting the events of the Sacred Heart of Jesus.",Oct-Feb,https://thumb.wikimedia.org/wikipedia/commons/thumb/9/97/Kalighat_Kali_Temple_after_renovation.jpg/960px-Kalighat_Kali_Temple_after_renovation.jpg?utm_source=en.wikipedia.org&utm_campaign=api&utm_content=thumbnail
10792,Serampore College & William Carey Museum,West Bengal,attraction,22.75,88.344444,mid,4.9,23113,"Founded in 1818 along the Hooghly River in Serampore (Frederiksnagore) by the legendary Serampore Trio (William Carey, Joshua Marshman, and William Ward), incorporated in 1827 by Royal Danish Charter issued by King Frederick VI of Denmark, recognized as Asia's first degree-granting modern university, featuring a monumental neoclassical Greek Ionic facade, sweeping twin cast-iron staircases gifted by the King of Denmark, and the Carey Museum displaying the historic 1800 Gutenberg-style wooden printing press and Carey's polyglot Bible translations.",Oct-Mar,https://thumb.wikimedia.org/wikipedia/commons/thumb/3/3a/Nalban_Waterbody_-_16-bit_Two_Stop_Over_Exposure_-_Kolkata_2015-08-13_2188.TIF/lossy-page1-960px-Nalban_Waterbody_-_16-bit_Two_Stop_Over_Exposure_-_Kolkata_2015-08-13_2188.TIF.jpg?utm_source=en.wikipedia.org&utm_campaign=api&utm_content=thumbnail
10793,Tarakeswar Shiva Temple Hooghly,West Bengal,attraction,22.883333,88.016667,budget,4.9,7289,"Constructed in 1729 CE by Raja Bharamalla in the traditional classic At-chala (eight-eaved) architectural style in the temple town of Tarakeswar, celebrated as the paramount Shaivite pilgrimage destination in West Bengal, enshrining a self-manifested (Swayambhu) Lingam of Lord Shiva as 'Taraknath', featuring a massive natmandir, and the adjacent holy Dudhpukur (Milk Tank) where pilgrims take a holy dip before offering sacred water.",Oct-Mar,https://thumb.wikimedia.org/wikipedia/commons/thumb/e/ed/Shantiniketan_Bari_of_Rabindranath_Tagore.jpg/960px-Shantiniketan_Bari_of_Rabindranath_Tagore.jpg?utm_source=en.wikipedia.org&utm_campaign=api&utm_content=thumbnail
10794,Tribeni Confluence & Zafar Khan Ghazi Mosque,West Bengal,attraction,22.983333,88.4,budget,4.4,25725,"Situated at the sacred river confluence where three sacred streams (Ganga, Jamuna, and Saraswati) bifurcate—known as 'Muktaveni' (the Liberated Braid), revered for over two millennia as a paramount Hindu pilgrimage ghat, featuring the monumental 1298 CE Dargah and Mosque of Zafar Khan Ghazi built from basalt stone pillars salvaged from ancient Hindu and Buddhist temples, recognized as the oldest surviving standing Islamic building in Bengal.",Oct-Feb,https://thumb.wikimedia.org/wikipedia/commons/thumb/3/38/EVENT_HALL_HMI.jpg/960px-EVENT_HALL_HMI.jpg?utm_source=en.wikipedia.org&utm_campaign=imageinfo&utm_content=thumbnail
10795,Acharya Jagadish Chandra Bose Indian Botanic Garden,West Bengal,attraction,22.560691,88.286667,budget,4.7,10124,"Historic 273-acre botanical garden founded in 1787 by Robert Kyd on the Hooghly banks, home to the Great Banyan Tree with a canopy circumference exceeding 450 meters.",Oct-Feb,https://thumb.wikimedia.org/wikipedia/commons/thumb/8/8b/Kolkata_botanical_garden_pathway.jpg/960px-Kolkata_botanical_garden_pathway.jpg?utm_source=en.wikipedia.org&utm_campaign=api&utm_content=thumbnail
10796,AJC Bose Indian Botanic Garden (Shibpur Botanical Garden),West Bengal,attraction,22.556389,88.291667,mid,4.9,27351,"Established in 1787 by Lieutenant Colonel Robert Kyd on the western bank of the Hooghly River in Shibpur, Howrah, celebrated as the oldest and largest botanical garden in India spanning 273 lush acres with 12,000 living plant specimens across 25 divisions, internationally famous for the colossal 250-year-old Great Banyan Tree (Ficus benghalensis) whose aerial root canopy covers over 3.5 acres (making it the widest tree canopy on Earth), giant Victoria amazonica water lilies, and the Central National Herbarium.",Oct-Feb,https://thumb.wikimedia.org/wikipedia/commons/thumb/9/91/Elliot_Park_monument_sign._%28May_19%2C_2025%29.jpg/960px-Elliot_Park_monument_sign._%28May_19%2C_2025%29.jpg?utm_source=en.wikipedia.org&utm_campaign=api&utm_content=thumbnail
10797,Andul Rajbari & Annapurna Temple Howrah,West Bengal,attraction,22.583333,88.233333,budget,4.7,22691,"Constructed in 1834 by Raja Rajnarayan Roy Bahadur in Andul 14 km west of Kolkata, celebrated as one of the most magnificent neoclassical zamindari palaces in Bengal, designed in grand Greco-Roman classical architecture featuring soaring Corinthian columns, sweeping marble staircases, an ornate open-air Natmandir, the sacred Annapurna temple, and an ancient brass and wooden Rath chariot procession celebrated since the 18th century.",Oct-Mar,https://thumb.wikimedia.org/wikipedia/commons/thumb/8/8a/Mirik_Sumendu_Lake.jpg/960px-Mirik_Sumendu_Lake.jpg?utm_source=en.wikipedia.org&utm_campaign=api&utm_content=thumbnail
10798,Belur Math,West Bengal,attraction,22.633023,88.356682,budget,4.7,28690,"Headquarters of the Ramakrishna Math and Mission founded by Swami Vivekananda on the western bank of the Hooghly, featuring unique architecture fusing Hindu, Christian, and Islamic design elements.",Oct-Feb,https://thumb.wikimedia.org/wikipedia/commons/thumb/8/81/Belur_Math%2C_Howrah.jpg/960px-Belur_Math%2C_Howrah.jpg?utm_source=en.wikipedia.org&utm_campaign=api&utm_content=thumbnail
10799,Deulti & Sarat Chandra Chattopadhyay Kuthi,West Bengal,attraction,22.45,87.916667,budget,4.8,10931,"Nestled on the serene banks of the Rupnarayan River in Samtaber near Deulti 60 km from Kolkata, the picturesque ancestral-style two-storeyed Burmese-wood house (Kuthi) where legendary Bengali novelist Sarat Chandra Chattopadhyay lived from 1926 until his death in 1938, where he penned timeless literary classics including 'Devdas', 'Palli Samaj', 'Srikanta', and 'Mahesh', preserved as a memorial museum surrounded by bamboo groves and clay courtyards.",Oct-Feb,https://thumb.wikimedia.org/wikipedia/commons/thumb/3/3f/Chintamani_Kar_Bird_Sanactuary%2C_Kolkata.JPG/960px-Chintamani_Kar_Bird_Sanactuary%2C_Kolkata.JPG?utm_source=en.wikipedia.org&utm_campaign=api&utm_content=thumbnail
10800,Eastern Railway Museum,West Bengal,attraction,22.577924,88.340023,mid,4.6,7657,"An open-air railway heritage museum at Foreshore Road showcasing vintage steam locomotives, royal saloons, toy trains, and historical railway equipment from the 19th and 20th centuries.",Oct-Mar,https://thumb.wikimedia.org/wikipedia/commons/thumb/8/8c/Front_view_of_the_arcades_of_Somaj_Bari%2C_Nabadwip.jpg/960px-Front_view_of_the_arcades_of_Somaj_Bari%2C_Nabadwip.jpg?utm_source=en.wikipedia.org&utm_campaign=api&utm_content=thumbnail
10801,Gadiara & Three-River Confluence Howrah,West Bengal,attraction,22.216667,88.05,budget,4.9,10559,"Situated at the southern tip of Howrah district 80 km from Kolkata, where three mighty rivers (the Hooghly, Damodar, and Rupnarayan) merge into an immense, sea-like expanse of water, celebrated for its wide breezy riverfront promenades, dramatic sunrises and sunsets reflecting across vast waters, motorized ferry boat rides across to Geonkhali and Nurpur, and the submerged ruins of Fort Mornington built by Lord Clive in the 1760s.",Oct-Feb,https://thumb.wikimedia.org/wikipedia/commons/thumb/d/d5/Itachuna_Royal_Palace_in_July%2C_2023_16.jpg/960px-Itachuna_Royal_Palace_in_July%2C_2023_16.jpg?utm_source=en.wikipedia.org&utm_campaign=api&utm_content=thumbnail
10802,Garchumuk & 58-Vent Sluice Gate Howrah,West Bengal,attraction,22.25,88.083333,budget,4.8,29740,"Situated at the scenic confluence of the Hooghly and Damodar rivers in Shyampur block of Howrah district 60 km from Kolkata, celebrated as one of southern Bengal's finest riverfront eco-tourism destinations, famous for the monumental 'Atanna Gate' (58-Vent Sluice Gate constructed during the British era to control tidal floodwaters), a 50-acre riverside deer park housing herds of spotted deer, children's amusement parks, and river cruises.",Oct-Feb,https://thumb.wikimedia.org/wikipedia/commons/thumb/c/cb/Howrah_bridge_at_night.jpg/960px-Howrah_bridge_at_night.jpg?utm_source=en.wikipedia.org&utm_campaign=api&utm_content=thumbnail
10803,Howrah Bridge,West Bengal,attraction,22.585118,88.346922,budget,4.6,13890,"Officially Rabindra Setu, the iconic balanced cantilever suspension bridge over the Hooghly River built with 26,500 tonnes of high-tensile steel without nuts or bolts.",Oct-Feb,https://thumb.wikimedia.org/wikipedia/commons/thumb/c/cb/Howrah_bridge_at_night.jpg/960px-Howrah_bridge_at_night.jpg
10804,Howrah Junction,West Bengal,attraction,22.583684,88.341946,budget,4.9,28738,"The oldest and largest railway complex in India, with 23 platforms operating since 1854, housed in a magnificent colonial red-brick Romanesque-style terminal building.",Oct-Feb,https://thumb.wikimedia.org/wikipedia/commons/thumb/9/92/065.STARTED_FROM_HOTEL_MANISH_ON_14.08.2017_AT_02-30_P.M._FOR_HOWRAH_RAILWAY_STATION_BY_HIRED_TAXI.jpg/960px-065.STARTED_FROM_HOTEL_MANISH_ON_14.08.2017_AT_02-30_P.M._FOR_HOWRAH_RAILWAY_STATION_BY_HIRED_TAXI.jpg?utm_source=en.wikipedia.org&utm_campaign=api&utm_content=thumbnail
10805,Panitras Samtaber (Sarat Chandra Memorial Kuthi) Howrah,West Bengal,attraction,22.45,87.916667,budget,4.5,24189,"Situated on the peaceful banks of the Rupnarayan River at Samtaber in Panitras near Bagnan in Howrah district, the historic two-storeyed country house (Kuthi) where immortal Bengali novelist Sarat Chandra Chattopadhyay resided from 1923 until shortly before his passing in 1938, featuring a traditional Burmese pagoda-style curved roof, his personal writing desk, easy chair, hookah, handwritten manuscripts, and the sacred courtyard pond and guava trees immortalized in his literature.",Oct-Feb,https://thumb.wikimedia.org/wikipedia/commons/thumb/0/03/Science_City_Kolkata_4643.JPG/960px-Science_City_Kolkata_4643.JPG?utm_source=en.wikipedia.org&utm_campaign=api&utm_content=thumbnail
10806,Santragachi Jheel Migratory Bird Haven,West Bengal,attraction,22.583333,88.283333,budget,4.8,26103,"Spanning 32 acres near Santragachi Railway Station in Howrah, recognized as one of the most prominent urban wetland wintering sites in eastern India, attracting thousands of migratory waterfowl each winter between November and February traveling from Siberia and Ladakh, including Lesser Whistling Ducks, Ferruginous Pochards, Gadwalls, Garganeys, Northern Pintails, and Baikal Teals.",Oct-Feb,https://upload.wikimedia.org/wikipedia/commons/3/36/Tripolia_Gate_Ajmer.jpg?utm_source=en.wikipedia.org&utm_campaign=api&utm_content=thumbnail_unscaled
10807,Uluberia Riverfront & Boat-Building Docks,West Bengal,attraction,22.466667,88.116667,budget,4.6,24145,"Situated along the western bank of the Hooghly River in Howrah district 30 km from Kolkata, celebrated since the 17th century as a strategic river anchorage and crossing point where Job Charnock briefly considered founding the British capital before selecting Sutanuti, famous for its historic timber boat-building yards where traditional wooden cargo dinghies and country boats are hand-crafted, river promenades, and the sacred Kalibari temple.",Oct-Feb,https://thumb.wikimedia.org/wikipedia/commons/thumb/7/70/Nakhoda_Mosque_Night.JPG/960px-Nakhoda_Mosque_Night.JPG?utm_source=en.wikipedia.org&utm_campaign=api&utm_content=thumbnail
10808,Chalsa Hill & Kurti Tea Gardens,West Bengal,attraction,26.883333,88.783333,budget,4.5,11749,"Situated at an altitude of 1,000 feet in the Himalayan foothills 60 km from Siliguri, celebrated as the picturesque gateway junction of the Western Dooars, crowned by the hilltop Chalsa view point overlooking the Kurti tea garden, the winding Murti River valley, and dense sal forests frequented by migrating elephant herds.",Oct-Feb,https://thumb.wikimedia.org/wikipedia/commons/thumb/8/8a/Mirik_Sumendu_Lake.jpg/960px-Mirik_Sumendu_Lake.jpg?utm_source=en.wikipedia.org&utm_campaign=api&utm_content=thumbnail
10809,Chapramari Wildlife Sanctuary Jalpaiguri,West Bengal,attraction,26.883333,88.85,budget,4.9,11008,"Spanning 9.6 square kilometers of dense sal and moist deciduous forest on the northern banks of the Murti River contiguous with Gorumara National Park, declared a wildlife sanctuary in 1998, renowned for its central elevated watchtower overlooking a large perennial salt lick and waterhole where wild herds of Asian elephants, Indian gaurs (bison), and spotted deer gather daily.",Oct-Feb,https://thumb.wikimedia.org/wikipedia/commons/thumb/2/23/Sundarban_Tiger.jpg/960px-Sundarban_Tiger.jpg?utm_source=en.wikipedia.org&utm_campaign=api&utm_content=thumbnail
10810,Diana River Bridge & Nagrakata Foothills,West Bengal,attraction,26.9,88.933333,budget,4.7,29764,"Situated near Nagrakata along NH-31C in the Western Dooars 70 km from Siliguri, celebrated for the monumental Diana River Bridge spanning the wide, rocky, boulder-strewn bed of the turbulent Diana River where it rushes down from the southern hills of Bhutan, offering breathtaking panoramic views of the blue Himalayan foothill ridges, lush tea gardens, and migrating elephant herds.",Oct-Feb,https://thumb.wikimedia.org/wikipedia/commons/thumb/8/8c/Indian_Museum%2C_Courtyard%2C_Kolkata%2C_India.jpg/960px-Indian_Museum%2C_Courtyard%2C_Kolkata%2C_India.jpg?utm_source=en.wikipedia.org&utm_campaign=api&utm_content=thumbnail
10811,Gajoldoba & Teesta Barrage (Pakhibitan Sanctuary),West Bengal,attraction,26.75,88.583333,budget,4.4,7337,"Formed by the construction of the monumental Teesta Barrage across the emerald waters of the Teesta River in Jalpaiguri district 25 km from Siliguri, a vast aquatic reservoir surrounded by Baikunthapur forest and framed by distant snow peaks of Mount Kanchenjunga, declared as the Pakhibitan Bird Sanctuary hosting thousands of trans-Himalayan migratory birds including Ruddy Shelducks, Bar-headed Geese, and Great Crested Grebes.",Oct-Feb,https://thumb.wikimedia.org/wikipedia/commons/thumb/d/de/Calcutta_Jain_Temple-Sheetalnath_Mandir-P1080642.jpg/960px-Calcutta_Jain_Temple-Sheetalnath_Mandir-P1080642.jpg?utm_source=en.wikipedia.org&utm_campaign=api&utm_content=thumbnail
10812,Gorumara National Park Dooars,West Bengal,attraction,26.75,88.8,budget,4.9,20567,"Nestled in the Dooars terai region at the foothills of the Eastern Himalayas, an 80-sq-km national park stretching along the Murti and Raidak rivers, world-famous for its thriving population of the great Indian one-horned rhinoceros, wild Asian elephants, and gaur.",Oct-Feb,https://thumb.wikimedia.org/wikipedia/commons/thumb/8/8b/Kolkata_botanical_garden_pathway.jpg/960px-Kolkata_botanical_garden_pathway.jpg?utm_source=en.wikipedia.org&utm_campaign=api&utm_content=thumbnail
10813,Lataguri Forest Gate & Nature Hub,West Bengal,attraction,26.716667,88.766667,budget,4.9,27930,"Situated on the outskirts of Gorumara National Park along the Malbazar highway in Jalpaiguri district, celebrated as the primary hospitality and safari gateway to Gorumara, featuring the Forest Department's Nature Interpretation Centre with life-sized wildlife dioramas, direct jeep safari booking counters for Jatraprasad and Rhino watchtowers, and tribal cultural dance open-air stages.",Oct-Feb,https://thumb.wikimedia.org/wikipedia/commons/thumb/1/10/Railway_penetrating_the_Park.jpg/960px-Railway_penetrating_the_Park.jpg?utm_source=en.wikipedia.org&utm_campaign=api&utm_content=thumbnail
10814,Malbazar Tea Tourism & Kumlai Park,West Bengal,attraction,26.866667,88.75,budget,4.4,13103,"Situated at the base of the Kalimpong foothills 55 km from Siliguri along NH-31, celebrated as the commercial and administrative epicenter of the Western Dooars tea industry, surrounded by dozens of sprawling tea gardens (including Raja, Good Hope, and Damdim), featuring the municipal Kumlai Nature Park, panoramic views of the Chel River basin, and vibrant weekly ethnic haats.",Oct-Feb,https://thumb.wikimedia.org/wikipedia/commons/thumb/2/23/Sundarban_Tiger.jpg/960px-Sundarban_Tiger.jpg?utm_source=en.wikipedia.org&utm_campaign=api&utm_content=thumbnail
10815,Murti Tourist Complex & Riverbed Jalpaiguri,West Bengal,attraction,26.833333,88.833333,budget,4.5,6272,"Situated on the crystal-clear, pebble-strewn banks of the Murti River where it emerges from the Himalayan foothills between Gorumara National Park and Chapramari Wildlife Sanctuary, celebrated as the scenic recreational epicenter of the Western Dooars, featuring the WBTDCL Murti Tourist Lodge, gentle shallow riverbeds where wild elephants bathe, and forest suspension bridges.",Oct-Feb,https://upload.wikimedia.org/wikipedia/commons/c/c4/Rishop%2Cwest_bengal%2CIndia.jpg?utm_source=en.wikipedia.org&utm_campaign=api&utm_content=thumbnail_unscaled
10816,Samsing Village,West Bengal,attraction,26.98917,88.80361,budget,4.4,2928,"Samsing Village is a picturesque destination located in the Darjeeling district of West Bengal, known for its lush green forests, rolling hills, and stunning views of the Himalayas. The village is situated at an altitude of 3000 feet above sea level and is surrounded by dense forests of oak, birch, and pine trees, making it a perfect getaway for nature lovers and photographers. With its tranquil atmosphere, Samsing Village offers a unique opportunity to experience the traditional rural life of West Bengal and connect with nature. The village has a rich cultural heritage, with a mix of Nepali, Bengali, and tribal influences, which is reflected in its architecture, cuisine, and festivals.",Oct-Feb,https://thumb.wikimedia.org/wikipedia/commons/thumb/f/f1/Global_Citizen_Festival_Central_Park_New_York_City_from_NYonAir_%2815351915006%29.jpg/960px-Global_Citizen_Festival_Central_Park_New_York_City_from_NYonAir_%2815351915006%29.jpg?utm_source=en.wikipedia.org&utm_campaign=api&utm_content=thumbnail
10817,Belpahari & Ghagra Waterfalls Jhargram,West Bengal,attraction,22.633333,86.75,budget,4.9,19715,"Situated 45 km northwest of Jhargram in the rugged forest hills bordering Jharkhand, celebrated as the scenic eco-tourism heart of Jhargram district, famous for the breathtaking Ghagra Waterfalls (where the rushing waters of the Tarapheni river carve bizarre geological potholes, caves, and swirling channels through solid black canyon rocks), Tarafeni Barrage, and dense Sal, Mahua, and Kendu woodlands.",Jul-Oct,https://upload.wikimedia.org/wikipedia/commons/3/34/Town_Hall_Recent.jpg?utm_source=en.wikipedia.org&utm_campaign=api&utm_content=thumbnail_unscaled
10818,Belpahari Forest Ranges & Tribal Trails,West Bengal,attraction,22.65,86.75,budget,4.9,28752,"Sprawling across the western hilly highlands of Jhargram district 45 km from Jhargram town, celebrated as a rugged paradise of forest hills, undulating laterite plateaus, and dense Sal and Mahua woodlands stretching to the border of Jharkhand, featuring scenic hiking trails through rocky escarpments, pristine Santhal and Munda tribal hamlets painted with folk murals, natural streams, and peaceful forest rest houses.",Oct-Feb,https://thumb.wikimedia.org/wikipedia/commons/thumb/4/42/Kurseong_panorama_by_Mayukh_Ghose.jpg/960px-Kurseong_panorama_by_Mayukh_Ghose.jpg?utm_source=en.wikipedia.org&utm_campaign=api&utm_content=thumbnail
10819,Hatibari & Subarnarekha River Gorge Jhargram,West Bengal,attraction,22.133333,86.833333,budget,4.6,21860,"Situated at the scenic tri-junction border point of West Bengal, Odisha, and Jharkhand 62 km from Jhargram town, celebrated as one of the most picturesque natural river landscapes in the state, where the golden waters of the Subarnarekha River rush through a dramatic rocky gorge flanked by dense, pristine Sal and Mahua forests, offering white sandy river beaches, rocky outcrops, and quiet forest rest houses.",Oct-Feb,https://thumb.wikimedia.org/wikipedia/commons/thumb/e/ed/Common_Jezebel_at_Raiganj_Wildlife_Sanctuary.jpg/960px-Common_Jezebel_at_Raiganj_Wildlife_Sanctuary.jpg?utm_source=en.wikipedia.org&utm_campaign=api&utm_content=thumbnail
10820,Jhargram Royal Palace & Chilkigarh,West Bengal,attraction,22.45,86.983333,mid,4.6,9979,"Constructed in the late 16th century by Sarveshwar Singh Bhanj Deo (founder of the Malladev dynasty) and expanded in 1931 across 30 sprawling acres in Jhargram, an imposing royal palace combining Italian Gothic, neoclassical, and Islamic architectural elements with grand domes and manicured lawns, alongside the nearby 18th-century Chilkigarh Palace and Kanak Durga Temple situated in a biodiverse sacred medicinal forest grove along the Dulung River.",Oct-Feb,https://upload.wikimedia.org/wikipedia/commons/3/34/Town_Hall_Recent.jpg?utm_source=en.wikipedia.org&utm_campaign=api&utm_content=thumbnail_unscaled
10821,Jhilli Lake Wetland & Migratory Bird Haven Jhargram,West Bengal,attraction,22.216667,86.883333,budget,4.7,18226,"Situated in Gopiballavpur block 48 km from Jhargram town near the Subarnarekha River, an expansive natural freshwater wetland and reservoir surrounded by dense sal and eucalyptus plantations, celebrated as an avian paradise that hosts thousands of migratory winter waterfowl between November and February, including Lesser Whistling Ducks, Northern Pintails, Cotton Pygmy-geese, and purple swamphens, equipped with watchtowers and paddle boating.",Oct-Feb,https://thumb.wikimedia.org/wikipedia/commons/thumb/7/70/Nakhoda_Mosque_Night.JPG/960px-Nakhoda_Mosque_Night.JPG?utm_source=en.wikipedia.org&utm_campaign=api&utm_content=thumbnail
10822,Kanak Durga Temple Chilkigarh Jhargram,West Bengal,attraction,22.466667,86.883333,budget,4.9,17899,"Situated deep inside a sacred medicinal botanical forest along the rocky banks of the Dulung River at Chilkigarh 14 km from Jhargram town, celebrated as the centuries-old royal sanctuary of the Dhalbhum rajas, enshrining the divine 'Kanak Durga'—a four-armed deity cast from sacred eight-metal alloy (Ashtadhatu) riding upon a golden lion, surrounded by 60 acres of untouched biodiversity forest containing over 400 species of rare medicinal herbs, and the adjacent 18th-century Chilkigarh Rajbari palace.",Oct-Mar,https://thumb.wikimedia.org/wikipedia/commons/thumb/8/81/Belur_Math%2C_Howrah.jpg/960px-Belur_Math%2C_Howrah.jpg?utm_source=en.wikipedia.org&utm_campaign=api&utm_content=thumbnail
10823,Kankrajhore Sal Forest & Mayurjharna,West Bengal,attraction,22.683333,86.6,budget,4.4,2385,"Situated at an elevation of 900 feet in the southernmost fringe of the Dalma hills 65 km from Jhargram, an exceptionally pristine wilderness hamlet whose name translates to 'Valley of Crabs and Rushing Brooks', surrounded by undulating hill ranges blanketed in dense virgin Sal, Pial, Teak, and Mahua forests, forming a core part of the Mayurjharna Elephant Reserve.",Oct-Feb,https://thumb.wikimedia.org/wikipedia/commons/thumb/4/42/Kurseong_panorama_by_Mayukh_Ghose.jpg/960px-Kurseong_panorama_by_Mayukh_Ghose.jpg?utm_source=en.wikipedia.org&utm_campaign=api&utm_content=thumbnail
10824,Kendua Migratory Bird Haven Jhargram,West Bengal,attraction,22.45,86.933333,budget,4.5,14990,"Situated 8 km from Jhargram town along the road to Chilkigarh, an extraordinary eco-village that transforms annually into one of Bengal's largest avian breeding colonies, where between June and November over 10,000 migratory Asian Openbill Storks (Anastomus oscitans), egrets, and cormorants arrive to nest and hatch their chicks across hundreds of village tamarind, peepal, and eucalyptus trees, protected fiercely by the local villagers.",Oct-Feb,https://thumb.wikimedia.org/wikipedia/commons/thumb/3/32/Dakhineshwar_Temple_beside_the_Hoogly%2C_West_Bengal.JPG/960px-Dakhineshwar_Temple_beside_the_Hoogly%2C_West_Bengal.JPG?utm_source=en.wikipedia.org&utm_campaign=api&utm_content=thumbnail
10825,Laljal Cave & Prehistoric Site Belpahari,West Bengal,attraction,22.7,86.7,budget,3.9,410,"Nestled in a remote forested valley among the rocky Belpahari hills 19 km northwest of Belpahari in Jhargram district, an extraordinary archaeological site celebrated for its prehistoric natural rock cave and the sacred spring of 'Laljal' ('Red Water', colored by natural iron minerals), where archaeological excavations by the ASI and state archaeologists yielded 5,000-year-old Stone Age microlithic tools, animal bone fragments, and ancient pottery.",Oct-Feb,https://upload.wikimedia.org/wikipedia/commons/c/c4/Rishop%2Cwest_bengal%2CIndia.jpg?utm_source=en.wikipedia.org&utm_campaign=api&utm_content=thumbnail_unscaled
10826,Charkhole Himalayan Hamlet Kalimpong,West Bengal,attraction,27.05,88.55,budget,4.4,12484,"Perched on a quiet forested mountain ridge at an elevation of 5,500 feet (1,676 meters) in Kalimpong district 30 km from Kalimpong town, celebrated as one of the most serene and unspoiled eco-tourism villages in North Bengal, enveloped in dense virgin pine, oak, and blooming rhododendron forests, offering sensational unobstructed direct views of Mount Kanchenjunga and Mount Pandim, chirping birds, and tranquil mountain homestays.",Oct-Feb,https://thumb.wikimedia.org/wikipedia/commons/thumb/3/32/Dakhineshwar_Temple_beside_the_Hoogly%2C_West_Bengal.JPG/960px-Dakhineshwar_Temple_beside_the_Hoogly%2C_West_Bengal.JPG?utm_source=en.wikipedia.org&utm_campaign=api&utm_content=thumbnail
10827,Chuikhim Mountain Eco-Village Kalimpong,West Bengal,attraction,26.966667,88.583333,budget,4.4,1814,"Nestled at an elevation of 3,500 feet in the southern Kalimpong hills overlooking the Leesh River valley, an exceptionally tranquil and unspoiled mountain hamlet of 250 wooden-and-clay households, free from commercial hotel construction, celebrated for its babbling mountain brooks, organic cardamom and orange plantations, over 100 species of colorful Himalayan birds, and authentic home-cooked Nepali village hospitality.",Oct-Feb,https://upload.wikimedia.org/wikipedia/commons/c/c4/Rishop%2Cwest_bengal%2CIndia.jpg?utm_source=en.wikipedia.org&utm_campaign=api&utm_content=thumbnail_unscaled
10828,Damsang Fort Ruins Pedong Kalimpong,West Bengal,attraction,27.166667,88.616667,mid,4.3,3138,"Perched at an elevation of 6,200 feet atop a dense pine-forested ridge 6 km from Pedong in Kalimpong district, the historic 1690 CE stone fortress built by the legendary Lepcha hero King Gyabo Achyok to defend his indigenous kingdom against invading Bhutanese forces, featuring the ancient moss-covered stone ramparts, watchtowers, hidden weapon caches, and sweeping views of the Rachela peak and Sikkim border.",Oct-Feb,https://thumb.wikimedia.org/wikipedia/commons/thumb/e/ed/Common_Jezebel_at_Raiganj_Wildlife_Sanctuary.jpg/960px-Common_Jezebel_at_Raiganj_Wildlife_Sanctuary.jpg?utm_source=en.wikipedia.org&utm_campaign=api&utm_content=thumbnail
10829,Deolo Hill & Park Kalimpong,West Bengal,attraction,27.083333,88.483333,budget,4.9,27451,"Rising to 5,590 feet (1,704 meters) northeast of Kalimpong town, celebrated as the highest vantage point of Kalimpong, featuring an 8-acre landscaped municipal park with terraced floral lawns, water reservoirs supplying the town, viewing pavilions offering unobstructed 360-degree panoramas of Mount Kanchenjunga, Relli valley, and the meandering Teesta River, recognized as a premier paragliding take-off hub.",Oct-Feb,https://thumb.wikimedia.org/wikipedia/commons/thumb/4/4a/Jalpesh_Temple.jpg/960px-Jalpesh_Temple.jpg?utm_source=en.wikipedia.org&utm_campaign=api&utm_content=thumbnail
10830,Dr. Graham's Homes Kalimpong,West Bengal,attraction,27.080556,88.480556,budget,4.7,15682,"Established on 24 September 1900 on the forested slopes of Deolo Hill in Kalimpong by Scottish missionary Dr. John Anderson Graham across 500 lush acres, an extraordinary self-contained educational township designed in Scottish baronial architecture, featuring the Katharine Graham Memorial Chapel (1925) with authentic stained glass, heritage cottages, working dairy farm, bakeries, and sports grounds overlooking Kanchenjunga.",Oct-Feb,https://upload.wikimedia.org/wikipedia/commons/1/1d/The_Imperial_Library.jpg?utm_source=en.wikipedia.org&utm_campaign=api&utm_content=thumbnail_unscaled
10831,Durpin Dara & Zang Dhok Palri Monastery,West Bengal,attraction,27.05,88.466667,budget,4.9,8844,"Perched atop the prominent Durpin Dara hill at 4,500 feet south of Kalimpong, housing the prestigious Zang Dhok Palri Phodang Tibetan Buddhist Monastery consecrated personally by His Holiness the 14th Dalai Lama in 1976, holding 108 volumes of the sacred Kangyur scriptures brought from Tibet, stunning 3D cosmic mandalas, and an observation deck offering sweeping views of the Teesta River, Kanchenjunga, and the plains.",Oct-Feb,https://thumb.wikimedia.org/wikipedia/commons/thumb/4/43/Tarapith_Temple_05.jpg/960px-Tarapith_Temple_05.jpg?utm_source=en.wikipedia.org&utm_campaign=api&utm_content=thumbnail
10832,Gorubathan Foothill Valley & Dalim Fort,West Bengal,attraction,26.966667,88.7,mid,4.7,9225,"Situated in the southern foothills of Kalimpong along the rocky banks of the Chel River 15 km from Malbazar, celebrated as a scenic transitional gateway between the Dooars plains and the high hills, famous for its expansive pebble riverbeds, organic ginger and cardamom farms, and the ancient hilltop ruins of Dalim Fort (built in 1835 by the Bhutanese army on a steep 500-foot ridge, later captured by British troops during the Anglo-Bhutanese War).",Oct-Feb,https://thumb.wikimedia.org/wikipedia/commons/thumb/3/3a/Nalban_Waterbody_-_16-bit_Two_Stop_Over_Exposure_-_Kolkata_2015-08-13_2188.TIF/lossy-page1-960px-Nalban_Waterbody_-_16-bit_Two_Stop_Over_Exposure_-_Kolkata_2015-08-13_2188.TIF.jpg?utm_source=en.wikipedia.org&utm_campaign=api&utm_content=thumbnail
10833,Icchey Gaon (Wishing Village) Kalimpong,West Bengal,attraction,27.15,88.616667,budget,4.4,14448,"Perched at an elevation of 5,800 feet (1,768 meters) amidst dense pine, cinchona, and birch forests near Pedong in Kalimpong district, celebrated as 'Icchey Gaon' (literally 'The Wishing Village'), an enchanting eco-tourism mountain hamlet of just 30 families, renowned for offering unobstructed, direct frontal views of Mount Kanchenjunga, vibrant sunset views over the Sikkim hills, and quiet mountain homestays.",Oct-Feb,https://thumb.wikimedia.org/wikipedia/commons/thumb/4/4a/Jalpesh_Temple.jpg/960px-Jalpesh_Temple.jpg?utm_source=en.wikipedia.org&utm_campaign=api&utm_content=thumbnail
10834,Jhalong & Bindu (Jaldhaka Hydel Project),West Bengal,attraction,27.083333,88.866667,budget,4.9,17265,"Located at the furthest northern tip of the Dooars on the international border with Bhutan, where Bindu stands as the last village in West Bengal at the confluence of the Bindu Khola, Dudh Pokhari, and Jaldhaka rivers, celebrated for the historic Jaldhaka Dam (one of India's earliest hydel projects constructed in the 1960s with a dramatic footbridge across to Bhutan) and cardamom curing farms.",Oct-Feb,https://thumb.wikimedia.org/wikipedia/commons/thumb/9/97/Kalighat_Kali_Temple_after_renovation.jpg/960px-Kalighat_Kali_Temple_after_renovation.jpg?utm_source=en.wikipedia.org&utm_campaign=api&utm_content=thumbnail
10835,Kolakham & Changey Waterfalls,West Bengal,attraction,27.1,88.683333,budget,4.7,21213,"Perched at an elevation of 6,500 feet on a picturesque ridge overlooking the deep river canyons of the Neora Valley National Park 8 km from Lava, an idyllic wilderness hamlet inhabited by Rai families, famous for unobstructed frontal views of the snow-clad Kanchenjunga massif, and a thrilling 900-meter forest trek down to the thunderous two-tiered 400-foot Changey Waterfalls.",Jul-Oct,https://thumb.wikimedia.org/wikipedia/commons/thumb/2/28/Vast_green_meadows_and_hills_in_Singalila_National_Park.jpg/960px-Vast_green_meadows_and_hills_in_Singalila_National_Park.jpg?utm_source=en.wikipedia.org&utm_campaign=api&utm_content=thumbnail
10836,Lava Forest,West Bengal,attraction,27.08611,88.66056,budget,4.6,3761,"Nestled amidst the picturesque Himalayas, Lava Forest in Darjeeling district is a nature lover's paradise. The region is characterized by temperate forests, rugged terrain, and diverse biodiversity, creating a fascinating terrain for tourists to explore. Visitors can immerse themselves in scenic beauty, indulge in thrilling wildlife encounters, and engage in invigorating nature walks.",Oct-Feb,https://thumb.wikimedia.org/wikipedia/commons/thumb/3/3f/Chintamani_Kar_Bird_Sanactuary%2C_Kolkata.JPG/960px-Chintamani_Kar_Bird_Sanactuary%2C_Kolkata.JPG?utm_source=en.wikipedia.org&utm_campaign=api&utm_content=thumbnail
10837,Lava Monastery & Pine Forests Kalimpong,West Bengal,attraction,27.083333,88.666667,budget,4.6,20135,"Perched at an elevation of 7,011 feet (2,137 meters) surrounded by misty virgin pine and fir forests 32 km from Kalimpong, an atmospheric mountain hamlet functioning as the entry gateway to Neora Valley National Park, famous for the sprawling Kagyu Thekchen Ling Monastery (Lava Monastery) built of vibrant brick and wood in Tibetan style, housing a 4-storeyed Buddhist institute, prayer wheel corridors, and panoramic mountain views.",Oct-Feb,https://thumb.wikimedia.org/wikipedia/commons/thumb/d/de/Calcutta_Jain_Temple-Sheetalnath_Mandir-P1080642.jpg/960px-Calcutta_Jain_Temple-Sheetalnath_Mandir-P1080642.jpg?utm_source=en.wikipedia.org&utm_campaign=api&utm_content=thumbnail
10838,Lolegaon,West Bengal,attraction,27.02041,88.56502,budget,4.4,2794,"Nestled in the rolling hills of the Himalayan foothills, Lolegaon is a tranquil trekking paradise in the northern districts of West Bengal. This quaint village is the gateway to the Singalila Range, offering breathtaking vistas, pristine waterfalls, and a diverse range of flora and fauna. With its lush green forests, meandering rivers, and rugged terrain, Lolegaon is an adventurer's dream come true.",Oct-Feb,https://thumb.wikimedia.org/wikipedia/commons/thumb/e/e4/India_2008_905.JPG/960px-India_2008_905.JPG?utm_source=en.wikipedia.org&utm_campaign=api&utm_content=thumbnail
10839,Lolegaon Canopy Walk & Heritage Pine Forest,West Bengal,attraction,27.016667,88.566667,budget,4.5,5394,"Suspended high in the dense temperate cloud forest of Lolegaon (Kafer) at an altitude of 5,500 feet 24 km from Lava, celebrated as eastern India's premier treetop eco-walk, featuring a 180-meter-long suspended wooden plank footbridge slung between centuries-old giant oak, maple, and weeping cypress trees, allowing visitors to walk directly through the upper forest canopy while swaying gently above the moss-covered forest floor.",Oct-Feb,https://thumb.wikimedia.org/wikipedia/commons/thumb/b/b2/Sun_set_in_neora_valley.jpg/960px-Sun_set_in_neora_valley.jpg?utm_source=en.wikipedia.org&utm_campaign=api&utm_content=thumbnail
10840,Lolegaon Canopy Walk & Jhandi Dara,West Bengal,attraction,27.016667,88.566667,budget,4.5,16884,"Situated in the quiet Lepcha mountain hamlet of Lolegaon (Kafer) at an altitude of 5,500 feet, 24 km from Lava, internationally celebrated for its thrilling 180-meter-long suspended wooden footbridge (The Canopy Walk) hanging between towering moss-covered fir, birch, and oak trees 25 feet above the forest floor, and the Jhandi Dara sunrise viewpoint offering panoramic vistas of Kanchenjunga.",Oct-Feb,https://thumb.wikimedia.org/wikipedia/commons/thumb/8/84/St._James_Church_9.jpg/960px-St._James_Church_9.jpg?utm_source=en.wikipedia.org&utm_campaign=api&utm_content=thumbnail
10841,Morgan House Heritage Mansion Kalimpong,West Bengal,attraction,27.051944,88.468056,budget,4.9,10195,"Constructed in the early 1930s across 16 lush rolling acres on Durpin Hill by wealthy British jute merchant George Morgan to celebrate his marriage, recognized as one of the finest surviving examples of British colonial Tudor architecture in Bengal, featuring dressed grey stone walls, gabled red-tiled roofs, heavy oak chimneys, ivy-clad stone porches, and manicured lawns facing the Kanchenjunga mountain range.",Oct-Feb,https://thumb.wikimedia.org/wikipedia/commons/thumb/e/ed/Common_Jezebel_at_Raiganj_Wildlife_Sanctuary.jpg/960px-Common_Jezebel_at_Raiganj_Wildlife_Sanctuary.jpg?utm_source=en.wikipedia.org&utm_campaign=api&utm_content=thumbnail
10842,Neora Valley National Park (Lava & Kolakham),West Bengal,attraction,27.05,88.75,budget,4.5,8764,"Covering 88 square kilometers in Kalimpong district rising from 600 feet to 10,600 feet at Rachela Danda at the tri-junction with Sikkim and Bhutan, established in 1986, recognized as one of the richest and least-disturbed biological zones in eastern India, harboring pristine virgin rhododendron and bamboo canopies, home to Royal Bengal tigers, Red Pandas, clouded leopards, and the rare golden cat.",Oct-Feb,https://thumb.wikimedia.org/wikipedia/commons/thumb/b/b2/Sun_set_in_neora_valley.jpg/960px-Sun_set_in_neora_valley.jpg?utm_source=en.wikipedia.org&utm_campaign=api&utm_content=thumbnail
10843,Pedong Monastery & Silk Route Hub,West Bengal,attraction,27.15,88.616667,budget,4.9,27258,"Perched at an elevation of 4,100 feet 20 km east of Kalimpong, an ancient historic trading hub located on the legendary Old Silk Route leading to Tibet through the Jelep La pass, celebrated for the Sangchen Dorjee Monastery constructed in 1706 CE during the era of Bhutanese rule, featuring 300-year-old Buddhist wall murals, antique thankas, and an annual traditional Cham masked dance ritual in April.",Oct-Feb,https://thumb.wikimedia.org/wikipedia/commons/thumb/3/32/Dakhineshwar_Temple_beside_the_Hoogly%2C_West_Bengal.JPG/960px-Dakhineshwar_Temple_beside_the_Hoogly%2C_West_Bengal.JPG?utm_source=en.wikipedia.org&utm_campaign=api&utm_content=thumbnail
10844,Pine View Cactus Nursery Kalimpong,West Bengal,attraction,27.058333,88.475,budget,4.9,21853,"Established across 2 acres of greenhouse terraces in Kalimpong by horticulturist Mohan S. Pradhan in 1971, celebrated globally as the largest private commercial cactus and succulent nursery in Asia, housing over 1,500 rare species of cacti gathered from North and South America, Africa, and Mexico, alongside thousands of blooming orchids, bonsai trees, and weeping pines.",Oct-Feb,https://thumb.wikimedia.org/wikipedia/commons/thumb/a/aa/Happy_Valley_Tea_Estate%2C_Darjeeling.jpg/960px-Happy_Valley_Tea_Estate%2C_Darjeeling.jpg?utm_source=en.wikipedia.org&utm_campaign=api&utm_content=thumbnail
10845,Ramdhura Pine Hamlet & Teesta Viewpoint,West Bengal,attraction,27.133333,88.583333,budget,4.6,13263,"Perched at an altitude of 5,000 feet amidst fragrant pine, cinchona, and birch forests 15 km from Kalimpong, an enchanting mountain eco-village renowned for its spectacular aerial vantage points overlooking 14 dramatic hairpin bends of the emerald Teesta River flowing through the mountain gorge far below, direct frontal views of Mount Kanchenjunga, and serene forest hiking trails.",Oct-Feb,https://upload.wikimedia.org/wikipedia/commons/3/34/Town_Hall_Recent.jpg?utm_source=en.wikipedia.org&utm_campaign=api&utm_content=thumbnail_unscaled
10846,Rishi Khola (Reshi River Camp) Kalimpong,West Bengal,homestay,27.166667,88.633333,budget,4.9,16868,"Nestled in a deep mountain river valley at an altitude of 2,000 feet along the crystal-clear Rishi River (Reshi Khola) which demarcates the natural border between West Bengal and Sikkim, celebrated as a paradise for river campers and anglers, featuring riverside wooden eco-cottages, boulder-strewn pebble beaches, wild trout fishing, campfire nights under starry skies, and prime foothill birdwatching.",Oct-Feb,https://upload.wikimedia.org/wikipedia/commons/3/34/Town_Hall_Recent.jpg?utm_source=en.wikipedia.org&utm_campaign=api&utm_content=thumbnail_unscaled
10847,Rishyap,West Bengal,attraction,27.11125,88.6532,budget,4.4,923,"Rishyap, a picturesque village in the Darjeeling district of West Bengal, is a trekker's paradise nestled in the lap of the Eastern Himalayas. The region boasts a rich cultural heritage, with influences from Nepal, Bhutan, and Tibet. As a visitor, you can immerse yourself in the stunning natural beauty of the area, with the majestic Kanchenjunga range towering in the distance. The local flora and fauna are equally impressive, with rhododendron forests, orchids, and a variety of bird species calling the region home. With its perfect blend of adventure, nature, and culture, Rishyap is an ideal destination for those seeking an offbeat experience in the Himalayas. The best time to visit Rishyap is during the spring and autumn seasons, when the weather is pleasant and the skies are clear, offering unobstructed views of the surrounding mountains.",Oct-Feb,https://upload.wikimedia.org/wikipedia/commons/c/c4/Rishop%2Cwest_bengal%2CIndia.jpg?utm_source=en.wikipedia.org&utm_campaign=api&utm_content=thumbnail_unscaled
10848,Rishyap (Rishop) Viewpoint Kalimpong,West Bengal,attraction,27.1,88.65,budget,4.9,21844,"Perched at an elevation of 8,500 feet (2,591 meters) in the Neora Valley hills 9 km from Lava, a secluded, vehicle-restricted mountain hamlet surrounded by dense rhododendron and pine woodlands, famous for offering a breathtaking 300-degree panoramic vista of snow-clad Himalayan giants from Tiffin Dara viewpoint, including Kanchenjunga, Kabru, Pandim, Simvo, and Siniolchu, as well as the Nathula Pass ridge.",Oct-Feb,https://upload.wikimedia.org/wikipedia/commons/c/c4/Rishop%2Cwest_bengal%2CIndia.jpg?utm_source=en.wikipedia.org&utm_campaign=api&utm_content=thumbnail_unscaled
10849,Samthar Himalayan Farm Hamlet Kalimpong,West Bengal,attraction,27.0,88.516667,budget,3.9,771,"Perched atop an isolated mountain plateau at an elevation of 4,800 feet 45 km from Kalimpong overlooking the deep confluence valleys of the Teesta and Relli rivers, celebrated as an authentic off-grid mountain retreat, characterized by terraced organic maize and orange orchards, traditional Lepcha timber farmsteads, crystal-clear Himalayan views of snow-capped Kanchenjunga, and serene day hikes to the sacred rocky peak of Samthar Peak.",Oct-Feb,https://thumb.wikimedia.org/wikipedia/commons/thumb/a/a6/Sunset_beauty_of_2nd_Hugly_Bridge.jpg/960px-Sunset_beauty_of_2nd_Hugly_Bridge.jpg?utm_source=en.wikipedia.org&utm_campaign=api&utm_content=thumbnail
10850,Sillery Gaon (New Darjeeling) Kalimpong,West Bengal,attraction,27.133333,88.583333,budget,4.4,2645,"Nestled at an elevation of 6,000 feet in the dense cinchona and pine plantations near Pedong, affectionately called 'New Darjeeling', an idyllic offbeat mountain hamlet of 30 farming families, celebrated for Ramitey Dara viewpoint (offering the longest panoramic view of the emerald Teesta River winding through 14 distinct turns), and the scenic forest hike to the 17th-century stone ruins of Damsang Fort.",Oct-Feb,https://thumb.wikimedia.org/wikipedia/commons/thumb/7/76/Bandel_Basilica%2C_Hooghly_%28West-Bengal%29.jpg/960px-Bandel_Basilica%2C_Hooghly_%28West-Bengal%29.jpg?utm_source=en.wikipedia.org&utm_campaign=api&utm_content=thumbnail
10851,Suntalekhola,West Bengal,attraction,27.01339,88.78778,budget,4.5,8074,"Suntalekhola, nestled in the picturesque Dooars region of West Bengal, is a tranquil trekking haven surrounded by lush green forests and majestic hills. This lesser-known gem offers an unparalleled opportunity to experience the region's pristine natural beauty, with its serene atmosphere, meandering streams, and diverse wildlife. As a trekker's paradise, Suntalekhola provides an ideal setting for adventure-seekers and nature lovers to unwind and reconnect with nature. With its rich cultural heritage and breathtaking landscapes, Suntalekhola is an idyllic destination for those seeking an offbeat and authentic experience in the Eastern Himalayas.",Oct-Feb,https://thumb.wikimedia.org/wikipedia/commons/thumb/5/5b/Suntalekhola.jpg/960px-Suntalekhola.jpg?utm_source=en.wikipedia.org&utm_campaign=api&utm_content=thumbnail
10852,Teesta Bazaar White Water Rafting Hub,West Bengal,attraction,27.05,88.433333,budget,4.9,22788,"Situated at the bottom of the deep mountain gorge where the roaring turquoise waters of the Teesta River cross under the historic Teesta Bridge 16 km below Kalimpong, celebrated as eastern India's capital for white-water river rafting, where thrilling Grade II to Grade IV river rafting expeditions launch down the churning rapids of the Teesta and Rangeet rivers, surrounded by roadside Tibetan noodle stalls, fresh river fish fry shacks, and hanging suspension footbridges.",Oct-Feb,https://thumb.wikimedia.org/wikipedia/commons/thumb/1/12/National_Library%2C_Calcutta_2007.jpg/960px-National_Library%2C_Calcutta_2007.jpg?utm_source=en.wikipedia.org&utm_campaign=api&utm_content=thumbnail
10853,Tiffin Dara Viewpoint Rishop Kalimpong,West Bengal,attraction,27.1,88.65,budget,4.6,21964,"Perched at an elevation of 8,500 feet (2,590 meters) above the tranquil village of Rishop 4 km from Lava in Kalimpong district, celebrated as one of the most magnificent Himalayan sunrise viewpoints in eastern India, offering an unobstructed 300-degree panoramic vista of Mount Kanchenjunga, Mount Pandim, Kabru, Simvo, and the Nathu La ridge along the Sikkim-Tibet border, reached by a scenic 1.5-km uphill trek through dense rhododendron, birch, and pine woods.",Oct-Feb,https://thumb.wikimedia.org/wikipedia/commons/thumb/d/d1/Parmadan_Forest_03.jpg/960px-Parmadan_Forest_03.jpg?utm_source=en.wikipedia.org&utm_campaign=api&utm_content=thumbnail
10854,Academy of Fine Arts Kolkata,West Bengal,attraction,22.543056,88.345833,budget,4.5,5881,"Founded in 1933 on Cathedral Road in south Kolkata by aristocratic arts patron Lady Ranu Mukherjee, recognized as one of the oldest and most prestigious fine art institutions in India, featuring eight expansive gallery halls exhibiting priceless original paintings by Rabindranath Tagore, Jamini Roy, Abanindranath Tagore, and Gaganendranath Tagore, medieval Indian miniature paintings, textiles, and an iconic 750-seat proscenium theater presenting daily experimental Bengali drama.",Oct-Feb,https://thumb.wikimedia.org/wikipedia/commons/thumb/5/59/Gosaba_Police_Station.jpg/960px-Gosaba_Police_Station.jpg?utm_source=en.wikipedia.org&utm_campaign=api&utm_content=thumbnail
10855,Alipore Zoological Gardens Kolkata,West Bengal,attraction,22.536111,88.331944,mid,4.8,17548,"Inaugurated in 1876 by the Prince of Wales (King Edward VII), India's oldest formally stated zoological park sprawling over 46 acres in Alipore, renowned for its open-air enclosures, heritage colonial architecture, Royal Bengal tigers, and winter migratory bird lake.",Oct-Feb,https://thumb.wikimedia.org/wikipedia/commons/thumb/5/5b/Suntalekhola.jpg/960px-Suntalekhola.jpg?utm_source=en.wikipedia.org&utm_campaign=api&utm_content=thumbnail
10856,Armenian Church of the Holy Nazareth Kolkata,West Bengal,attraction,22.578611,88.351667,budget,4.4,6914,"Constructed in 1724 CE on Armenian Street near Brabourne Road in central Kolkata by merchant Aga Nazar, celebrated as the oldest extant standing Christian church in Kolkata, predating all British Anglican buildings, featuring an imposing 1790 three-tiered clock tower added by Manuel Hazarmall, black-and-white marble chequered floors, an 18th-century gilded iconostasis, oil paintings by A.E. Harris, and an ancient cemetery with the oldest Christian tomb in Bengal (Rezabeebeh Sookias, died 1630).",Oct-Feb,https://thumb.wikimedia.org/wikipedia/commons/thumb/d/da/Lush_green_grass_along_the_lake.jpg/960px-Lush_green_grass_along_the_lake.jpg?utm_source=en.wikipedia.org&utm_campaign=api&utm_content=thumbnail
10857,Armenian Ghat on the Hooghly River Kolkata,West Bengal,attraction,22.583333,88.347222,budget,4.9,8951,"Constructed in 1734 CE along Strand Road on the eastern bank of the Hooghly River just south of Howrah Bridge, built by prominent Armenian merchant Manvel Hazaar Maliyan, celebrated as one of the oldest river ghats in Kolkata, featuring a graceful classical European cast-iron colonnaded pavilion, traditional wrestling arenas (Akharas) where pehlwans practice in mud pits at dawn, and an open-air morning marigold and jasmine flower market.",Oct-Mar,https://thumb.wikimedia.org/wikipedia/commons/thumb/8/8b/Kolkata_botanical_garden_pathway.jpg/960px-Kolkata_botanical_garden_pathway.jpg?utm_source=en.wikipedia.org&utm_campaign=api&utm_content=thumbnail
10858,Babughat Colonial River Pavilion Kolkata,West Bengal,attraction,22.563889,88.341667,budget,4.9,28126,"Constructed in 1830 along Strand Road on the eastern bank of the Hooghly River by wealthy merchant Baboo Raj Chandra Das (husband of Rani Rashmoni), celebrated as one of Kolkata's most iconic heritage riverfronts, featuring a monumental colonial Grecian Doric pavilion with fluted pillars, historic bathing ghats where millions take holy dips, traditional clay wrestling akharas, and river ferry jetties.",Oct-Mar,https://thumb.wikimedia.org/wikipedia/commons/thumb/8/8b/Kolkata_botanical_garden_pathway.jpg/960px-Kolkata_botanical_garden_pathway.jpg?utm_source=en.wikipedia.org&utm_campaign=api&utm_content=thumbnail
10859,Balaram Mandir Kankurgachi Kolkata,West Bengal,attraction,22.575,88.383333,budget,4.4,21498,"Situated on Ramkrishna Samadhi Road in Kankurgachi in east Kolkata, celebrated as one of the most sacred pilgrimage sites of the Ramakrishna movement, the historic residence of Sri Ramakrishna's foremost householder devotee Balaram Bose, where Sri Ramakrishna stayed over 100 times, sang, danced in divine ecstasy, and held spiritual assemblies, housing a branch of the Ramakrishna Math and the sacred room where Holy Mother Sri Sarada Devi lived.",Oct-Feb,https://thumb.wikimedia.org/wikipedia/commons/thumb/4/45/Dakshina_Kali_-_Sree_Sree_108_Karunamoyee_Kalimata_Mandir_-_Lake_Kalibari_-_Kolkata_2015-02-15_5945.JPG/960px-Dakshina_Kali_-_Sree_Sree_108_Karunamoyee_Kalimata_Mandir_-_Lake_Kalibari_-_Kolkata_2015-02-15_5945.JPG?utm_source=en.wikipedia.org&utm_campaign=api&utm_content=thumbnail
10860,Birla Industrial & Technological Museum (BITM),West Bengal,attraction,22.533333,88.361111,mid,4.5,27885,"Inaugurated on 2 May 1959 by Chief Minister Dr. Bidhan Chandra Roy at 19A Gurusaday Road in south Kolkata, celebrated as the very first science and technology museum in India, administered under the National Council of Science Museums, featuring India's first life-sized underground mock coal mine with coal-cutting machinery, interactive galleries on electricity, optics, transport, robotics, and biotechnology, and a state-of-the-art 3D theater.",Oct-Mar,https://thumb.wikimedia.org/wikipedia/commons/thumb/0/03/Birla_Industrial_%26_Technological_Museum%2C_Kolkata.jpg/960px-Birla_Industrial_%26_Technological_Museum%2C_Kolkata.jpg?utm_source=en.wikipedia.org&utm_campaign=api&utm_content=thumbnail
10861,"Birla Mandir, Kolkata",West Bengal,attraction,22.530619,88.364964,budget,4.7,19353,"Constructed by the Birla family over 26 years and consecrated in 1996, a magnificent white marble temple dedicated to Lord Krishna and Radha, showcasing Rajasthani and Orissan temple architecture.",Oct-Feb,https://thumb.wikimedia.org/wikipedia/commons/thumb/1/10/Railway_penetrating_the_Park.jpg/960px-Railway_penetrating_the_Park.jpg?utm_source=en.wikipedia.org&utm_campaign=api&utm_content=thumbnail
10862,Birla Planetarium Kolkata,West Bengal,attraction,22.544444,88.347222,budget,4.6,27706,"Inaugurated on 2 July 1963 by Prime Minister Jawaharlal Nehru on Chowringhee, recognized as the largest planetarium in Asia and the second largest in the world, featuring a monumental 23-meter hemispherical dome whose architecture was modelled on the great Buddhist Stupa at Sanchi, equipped with an advanced Carl Zeiss optomechanical and digital full-dome planetarium projection system conducting daily shows in English, Hindi, and Bengali.",Oct-Feb,https://thumb.wikimedia.org/wikipedia/commons/thumb/5/5b/Suntalekhola.jpg/960px-Suntalekhola.jpg?utm_source=en.wikipedia.org&utm_campaign=api&utm_content=thumbnail
10863,Bow Barracks Anglo-Indian Quarter Kolkata,West Bengal,attraction,22.569444,88.358333,budget,4.9,18903,"Situated between Bowbazar and Central Avenue in central Kolkata, constructed during World War I as military barrack housing for British soldiers, celebrated as the beloved living ancestral enclave of Kolkata's vibrant Anglo-Indian community, characterized by seven blocks of three-storeyed red-brick residential buildings with green wooden louvered shutters, world-famous for its exuberant Christmas street carnivals, live jazz, and homemade ginger-grape wine.",Oct-Feb,https://thumb.wikimedia.org/wikipedia/commons/thumb/8/8a/Mirik_Sumendu_Lake.jpg/960px-Mirik_Sumendu_Lake.jpg?utm_source=en.wikipedia.org&utm_campaign=api&utm_content=thumbnail
10864,Calcutta Jain Temple (Pareshnath Badridas),West Bengal,attraction,22.593056,88.375,budget,4.9,17256,"Constructed in 1867 by wealthy royal jeweller Ray Badridas Bahadur Mookim on Badridas Temple Street in north Kolkata, celebrated as one of the most dazzling and artistically intricate temple complexes in eastern India, dedicated to the 23rd Tirthankara Parsvanatha, featuring an opulent central shrine decorated with thousands of colored Belgian stained-glass pieces, Parisian crystal chandeliers, silver thrones, Venetian mirror mosaics, and landscaped marble gardens adorned with European bronze statues.",Oct-Mar,https://thumb.wikimedia.org/wikipedia/commons/thumb/d/de/Calcutta_Jain_Temple-Sheetalnath_Mandir-P1080642.jpg/960px-Calcutta_Jain_Temple-Sheetalnath_Mandir-P1080642.jpg?utm_source=en.wikipedia.org&utm_campaign=api&utm_content=thumbnail
10865,Chinese Kali Temple Tangra Kolkata,West Bengal,attraction,22.541667,88.388889,budget,4.8,8277,"Situated in the heart of Tangra (Kolkata's bustling Chinatown), a 60-year-old interfaith cultural sanctuary that symbolizes the multicultural fabric of Kolkata, where second and third-generation Chinese-Indian residents worship alongside Bengali Hindus, famously offering steaming bowls of Chinese noodles, chopsuey, fried rice, and incense sticks as 'Prasadam' at the feet of Goddess Kali.",Oct-Mar,https://thumb.wikimedia.org/wikipedia/commons/thumb/9/91/Elliot_Park_monument_sign._%28May_19%2C_2025%29.jpg/960px-Elliot_Park_monument_sign._%28May_19%2C_2025%29.jpg?utm_source=en.wikipedia.org&utm_campaign=api&utm_content=thumbnail
10866,College Street & Indian Coffee House,West Bengal,restaurant,22.574444,88.363056,budget,4.5,24243,"Stretching for 1.5 kilometers in central Kolkata, world-famous as 'Boi Para' (Book Town) and the largest second-hand book market on the planet, housing thousands of makeshift wooden stalls and venerable publishing houses selling millions of rare and out-of-print books alongside the University of Calcutta (1857) and Presidency University, home to the legendary Indian Coffee House operating since 1876 where Nobel laureates, poets, and filmmakers held fiery intellectual debates ('Adda').",Oct-Feb,https://thumb.wikimedia.org/wikipedia/commons/thumb/8/8a/Mirik_Sumendu_Lake.jpg/960px-Mirik_Sumendu_Lake.jpg?utm_source=en.wikipedia.org&utm_campaign=api&utm_content=thumbnail
10867,"Eden Gardens Park, Kolkata",West Bengal,attraction,22.564062,88.34017,budget,4.2,964,"The historic landscaped garden established in 1841 beside the famed cricket stadium, named after the Eden sisters, featuring a picturesque Burmese pagoda transported from Prome.",Oct-Feb,https://upload.wikimedia.org/wikipedia/commons/c/c4/Rishop%2Cwest_bengal%2CIndia.jpg?utm_source=en.wikipedia.org&utm_campaign=api&utm_content=thumbnail_unscaled
10868,Fort William,West Bengal,attraction,22.557872,88.334653,mid,4.9,16793,"Constructed in 1781 in an octagonal star-fort design overlooking the Hooghly, serving as the historical military bastion of the British East India Company, now Eastern Command HQ of the Indian Army.",Oct-Feb,https://thumb.wikimedia.org/wikipedia/commons/thumb/d/de/Fortwilliam1828.jpg/960px-Fortwilliam1828.jpg?utm_source=en.wikipedia.org&utm_campaign=api&utm_content=thumbnail
10869,General Post Office (GPO) Kolkata,West Bengal,attraction,22.572222,88.347778,budget,4.9,7989,"Constructed between 1864 and 1868 by architect Walter Granville on the western side of BBD Bagh, built directly on the historic archaeological site of the first Fort William where the 1756 'Black Hole of Calcutta' incident occurred, recognized as an architectural masterpiece of colonial British civil engineering, featuring a towering 120-foot tall hemispherical dome, sweeping semi-circular Corinthian colonnades with colossal stone pillars, an authentic brass postal museum, and a historic 1868 clock.",Oct-Feb,https://thumb.wikimedia.org/wikipedia/commons/thumb/b/b2/Sun_set_in_neora_valley.jpg/960px-Sun_set_in_neora_valley.jpg?utm_source=en.wikipedia.org&utm_campaign=api&utm_content=thumbnail
10870,Greek Orthodox Church Kalighat Kolkata,West Bengal,attraction,22.522222,88.347222,budget,4.4,16265,"Constructed in 1925 on Library Road near the Kalighat tram depot in south Kolkata, celebrated as the sole functioning Greek Orthodox Church in India, built by the once-prosperous Greek merchant community of Calcutta (tracing back to Hadjee Alexios Argyree in 1770), designed as a classical Greek temple with an imposing Doric four-pillared portico, housing rare antique Byzantine icons, Greek gospel scriptures, and the Holy Transfiguration icon.",Oct-Mar,https://thumb.wikimedia.org/wikipedia/commons/thumb/a/aa/Happy_Valley_Tea_Estate%2C_Darjeeling.jpg/960px-Happy_Valley_Tea_Estate%2C_Darjeeling.jpg?utm_source=en.wikipedia.org&utm_campaign=api&utm_content=thumbnail
10871,Indian Museum (Jadughar) Kolkata,West Bengal,attraction,22.557778,88.351111,mid,4.7,14057,"Founded on 2 February 1814 by the Asiatic Society of Bengal under Danish botanist Nathaniel Wallich on Jawaharlal Nehru Road, recognized as the ninth oldest museum in the world and the oldest and largest in the entire Asia-Pacific region, known affectionately in Bengali as 'Jadughar' (House of Magic), housing over 100,000 priceless artifacts across six sections, including a 4,000-year-old Egyptian mummy, the 2nd-century BCE Bharhut Buddhist stupa gateway, Ashoka lion capital, and dinosaur fossils.",Oct-Mar,https://thumb.wikimedia.org/wikipedia/commons/thumb/8/8c/Indian_Museum%2C_Courtyard%2C_Kolkata%2C_India.jpg/960px-Indian_Museum%2C_Courtyard%2C_Kolkata%2C_India.jpg?utm_source=en.wikipedia.org&utm_campaign=api&utm_content=thumbnail
10872,"James Prinsep Monument, Kolkata",West Bengal,attraction,22.555413,88.330839,mid,4.7,3753,"Erected in 1843 in memory of Anglo-Indian scholar James Prinsep who deciphered the Brahmi and Kharosthi scripts, situated at Prinsep Ghat overlooking the Vidyasagar Setu.",Oct-Mar,https://thumb.wikimedia.org/wikipedia/commons/thumb/8/8b/Kolkata_botanical_garden_pathway.jpg/960px-Kolkata_botanical_garden_pathway.jpg?utm_source=en.wikipedia.org&utm_campaign=api&utm_content=thumbnail
10873,Kalighat Kali Temple Kolkata,West Bengal,attraction,22.520278,88.3425,budget,4.8,5964,"Constructed in 1809 on the banks of the Adi Ganga canal, one of the foremost of the 51 Shakti Peethas where the toes of Sati's right foot are believed to have fallen, from which the city name 'Kolkata' is derived.",Oct-Mar,https://thumb.wikimedia.org/wikipedia/commons/thumb/3/3f/Chintamani_Kar_Bird_Sanactuary%2C_Kolkata.JPG/960px-Chintamani_Kar_Bird_Sanactuary%2C_Kolkata.JPG?utm_source=en.wikipedia.org&utm_campaign=api&utm_content=thumbnail
10874,"Kalighat Mandir Shaktipeeth, Kolkata",West Bengal,attraction,22.520226,88.342125,budget,4.4,22033,"One of the most sacred of the 51 Shakti Peethas where the toes of Sati's right foot are believed to have fallen, located along the Adi Ganga in southern Kolkata.",Oct-Mar,https://thumb.wikimedia.org/wikipedia/commons/thumb/8/8c/Indian_Museum%2C_Courtyard%2C_Kolkata%2C_India.jpg/960px-Indian_Museum%2C_Courtyard%2C_Kolkata%2C_India.jpg?utm_source=en.wikipedia.org&utm_campaign=api&utm_content=thumbnail
10875,Kolkata High Court (Neo-Gothic Masterpiece),West Bengal,attraction,22.568056,88.344444,budget,4.9,12437,"Established on 1 July 1862 as the High Court of Judicature at Fort William, celebrated as the oldest High Court in India, housed within a magnificent neo-Gothic stone palace constructed in 1872 by government architect Walter Granville, modelled directly on the 13th-century medieval Cloth Hall of Ypres (Lakenhalle) in Belgium, featuring a soaring 180-foot stone bell tower, pointed lancet arch colonnades, carved stone gargoyles, and grand courtrooms with teak paneling.",Oct-Feb,https://thumb.wikimedia.org/wikipedia/commons/thumb/0/00/Calcutta_High_Court.jpg/960px-Calcutta_High_Court.jpg?utm_source=en.wikipedia.org&utm_campaign=api&utm_content=thumbnail
10876,Kolkata Town Hall (Roman Doric Civic Palace),West Bengal,attraction,22.566667,88.345833,mid,4.4,21639,"Constructed between 1807 and 1813 by architect and engineer John Garstin along Esplanade Row West facing the High Court, funded entirely by public lotteries to provide a civic meeting place for British and Indian citizens, celebrated as a monumental Roman Doric classical palace with two storeys, 30-foot fluted columns, a grand sweeping flight of steps, teak dance floors, and housing the 'Kolkata Panorama'—a state-of-the-art interactive multimedia museum depicting the 300-year history of the city.",Oct-Feb,https://upload.wikimedia.org/wikipedia/commons/3/34/Town_Hall_Recent.jpg?utm_source=en.wikipedia.org&utm_campaign=api&utm_content=thumbnail_unscaled
10877,Kumartuli Traditional Potter's Colony,West Bengal,attraction,22.599444,88.366667,budget,4.8,9297,"Situated along the Hooghly River in north Kolkata, a fascinating 300-year-old traditional potter's settlement where over 450 artisan families (Kumbhakar community) work in narrow labyrinthine studios, crafting world-renowned clay idols of Goddess Durga and other Hindu deities using straw, bamboo frames, and holy alluvial mud scooped from the Ganges River, exporting finished statues to over 90 countries for UNESCO-recognized Durga Puja.",Oct-Feb,https://thumb.wikimedia.org/wikipedia/commons/thumb/c/cb/Howrah_bridge_at_night.jpg/960px-Howrah_bridge_at_night.jpg?utm_source=en.wikipedia.org&utm_campaign=api&utm_content=thumbnail
10878,Lake Kalibari (Sree Sree Karunamoyee Kali Mandir),West Bengal,attraction,22.511111,88.358333,budget,4.9,27754,"Established on 13 April 1949 by revered Shakta ascetic Haripada Chakraborty along Southern Avenue facing Rabindra Sarobar lakes in south Kolkata, celebrated as one of Kolkata's most spiritually vibrant Shakta sanctuaries, enshrining Maa Karunamoyee Kali ('Compassionate Mother') carved from rare touchstone according to strict Panchamundi Asana tantric rites, attracting thousands of daily devotees.",Oct-Feb,https://thumb.wikimedia.org/wikipedia/commons/thumb/4/45/Dakshina_Kali_-_Sree_Sree_108_Karunamoyee_Kalimata_Mandir_-_Lake_Kalibari_-_Kolkata_2015-02-15_5945.JPG/960px-Dakshina_Kali_-_Sree_Sree_108_Karunamoyee_Kalimata_Mandir_-_Lake_Kalibari_-_Kolkata_2015-02-15_5945.JPG?utm_source=en.wikipedia.org&utm_campaign=api&utm_content=thumbnail
10879,Marble Palace Kolkata,West Bengal,attraction,22.581667,88.36,mid,3.9,178,"Constructed in 1835 by wealthy merchant Raja Rajendra Mullick on Muktaram Babu Street, a breathtaking neoclassical mansion constructed using 126 varieties of Italian marble, housing original European oil paintings by Peter Paul Rubens and Sir Joshua Reynolds.",Oct-Feb,https://thumb.wikimedia.org/wikipedia/commons/thumb/8/8b/Kolkata_botanical_garden_pathway.jpg/960px-Kolkata_botanical_garden_pathway.jpg?utm_source=en.wikipedia.org&utm_campaign=api&utm_content=thumbnail
10880,Marble Palace Mansion & Art Collection Kolkata,West Bengal,attraction,22.583333,88.36,mid,4.4,24963,"Constructed in 1835 by wealthy merchant Raja Rajendra Mullick in north Kolkata, celebrated as one of the most opulent and impeccably preserved 19th-century private residences in India, built using 90 varieties of imported Italian marble, featuring towering Corinthian columns, Belgian crystal chandeliers, authentic Renaissance paintings by Peter Paul Rubens, Sir Joshua Reynolds, and Titian, Victorian curios, and India's first private zoo with rare exotic birds.",Oct-Feb,https://thumb.wikimedia.org/wikipedia/commons/thumb/7/72/Victoria_Memorial_situated_in_Kolkata.jpg/960px-Victoria_Memorial_situated_in_Kolkata.jpg?utm_source=en.wikipedia.org&utm_campaign=api&utm_content=thumbnail
10881,Millennium Park & Strand Promenade Kolkata,West Bengal,attraction,22.575,88.344444,budget,4.8,29487,"Inaugurated on 26 December 1999 across a 2.5-kilometer stretch along Strand Road on the eastern bank of the Hooghly River, managed by the Kolkata Port Trust, celebrated as Kolkata's premier urban riverfront park, featuring beautifully landscaped riverside gardens, manicured lawns, open-air food courts, musical fountains, children's amusement rides, and dramatic sunset views of the iconic Howrah Bridge.",Oct-Feb,https://thumb.wikimedia.org/wikipedia/commons/thumb/8/8b/Kolkata_botanical_garden_pathway.jpg/960px-Kolkata_botanical_garden_pathway.jpg?utm_source=en.wikipedia.org&utm_campaign=api&utm_content=thumbnail
10882,Mother House (Missionaries of Charity) Kolkata,West Bengal,attraction,22.551389,88.365278,budget,4.7,8435,"Situated on Ripon Street (AJC Bose Road) in central Kolkata, celebrated worldwide as the international spiritual headquarters of the Missionaries of Charity founded by Saint Mother Teresa in 1950, where she lived, prayed, and served the poorest of the poor for nearly five decades, featuring her peaceful white marble tomb inscribed with 'Love One Another as I Have Loved You', her preserved bedroom with its simple cot, and a memorial museum.",Oct-Feb,https://thumb.wikimedia.org/wikipedia/commons/thumb/a/a6/Sunset_beauty_of_2nd_Hugly_Bridge.jpg/960px-Sunset_beauty_of_2nd_Hugly_Bridge.jpg?utm_source=en.wikipedia.org&utm_campaign=api&utm_content=thumbnail
10883,Mullick Ghat Flower Market,West Bengal,attraction,22.581633,88.348664,budget,4.5,8760,"One of the largest flower markets in Asia, bustling below the southeastern ramp of Howrah Bridge for over 160 years with millions of marigolds, roses, and jasmine blossoms.",Oct-Mar,https://thumb.wikimedia.org/wikipedia/commons/thumb/8/81/Belur_Math%2C_Howrah.jpg/960px-Belur_Math%2C_Howrah.jpg?utm_source=en.wikipedia.org&utm_campaign=api&utm_content=thumbnail
10884,Nakhoda Masjid Kolkata,West Bengal,attraction,22.583611,88.358333,budget,4.5,16216,"Constructed between 1926 and 1930 by the wealthy Kutchi Memon Jamat shipping merchant community in the bustling Chitpur district of central Kolkata, celebrated as the principal and largest mosque in Kolkata, built of flaming red sandstone imported from Agra and modelled on the Mughal tomb of Emperor Akbar at Sikandra, featuring two towering 151-foot minarets, 25 smaller minarets, three granite domes, and a prayer hall holding 10,000 worshippers.",Oct-Feb,https://thumb.wikimedia.org/wikipedia/commons/thumb/3/38/EVENT_HALL_HMI.jpg/960px-EVENT_HALL_HMI.jpg?utm_source=en.wikipedia.org&utm_campaign=imageinfo&utm_content=thumbnail
10885,National Library of India (Belvedere Estate),West Bengal,attraction,22.533333,88.333333,budget,4.5,7170,"Situated across 30 sprawling landscaped acres in Alipore, established within the historic Belvedere House (the 18th-century country residence of Warren Hastings and subsequent official palace of the Lieutenant Governors of Bengal), recognized as the largest library in India by volume and record with over 2.2 million books, rare Persian manuscripts, the secret bricked-up chamber discovered by the ASI in 2010, and tranquil manicured gardens.",Oct-Feb,https://thumb.wikimedia.org/wikipedia/commons/thumb/1/12/National_Library%2C_Calcutta_2007.jpg/960px-National_Library%2C_Calcutta_2007.jpg?utm_source=en.wikipedia.org&utm_campaign=api&utm_content=thumbnail
10886,Netaji Bhawan & Museum Kolkata,West Bengal,attraction,22.536111,88.351944,mid,4.9,17065,"Situated on Elgin Road in south Kolkata, the historic ancestral mansion built in 1909 by Janakinath Bose, celebrated worldwide as the home and headquarters of India's revolutionary freedom leader Netaji Subhas Chandra Bose, from where he made his daring and historic 'Great Escape' on the night of 16-17 January 1941 in his Wanderer car, housing the Netaji Research Bureau museum exhibiting his preserved bedroom, study, uniforms, military sword, and the historic 1937 Wanderer car.",Oct-Mar,https://thumb.wikimedia.org/wikipedia/commons/thumb/8/81/Belur_Math%2C_Howrah.jpg/960px-Belur_Math%2C_Howrah.jpg?utm_source=en.wikipedia.org&utm_campaign=api&utm_content=thumbnail
10887,"New Market, Kolkata",West Bengal,attraction,22.560601,88.352558,budget,4.9,17217,"Originally named Sir Stuart Hogg Market, a Victorian Gothic shopping arcade built in 1874 featuring over 2,000 stalls selling everything from silver jewelry and sarees to Jewish confectioneries.",Oct-Feb,https://thumb.wikimedia.org/wikipedia/commons/thumb/d/d5/Itachuna_Royal_Palace_in_July%2C_2023_16.jpg/960px-Itachuna_Royal_Palace_in_July%2C_2023_16.jpg?utm_source=en.wikipedia.org&utm_campaign=api&utm_content=thumbnail
10888,Outram Ghat & Hooghly River Cruise Pier,West Bengal,attraction,22.558333,88.338889,mid,4.4,20838,"Situated along Strand Road south of Babughat overlooking the Hooghly River, named in honor of British military officer Lieutenant-General Sir James Outram, celebrated as one of Kolkata's premier riverside leisure and promenade destinations, featuring scenic stone pavilions, landscaped walking paths, the departure pier for evening dinner cruises, and unobstructed panoramic views of both Howrah Bridge and Vidyasagar Setu.",Oct-Mar,https://thumb.wikimedia.org/wikipedia/commons/thumb/9/91/Elliot_Park_monument_sign._%28May_19%2C_2025%29.jpg/960px-Elliot_Park_monument_sign._%28May_19%2C_2025%29.jpg?utm_source=en.wikipedia.org&utm_campaign=api&utm_content=thumbnail
10889,Pareshnath Digambar Jain Temple Belgachia,West Bengal,attraction,22.6,88.383333,budget,4.9,9520,"Situated on Belgachia Road in north Kolkata, constructed in 1914 CE across 5 sprawling acres of landscaped gardens, celebrated as the premier Digambar Jain sanctuary in Kolkata, featuring an imposing 81-foot pure white Makrana marble shikhara tower, detailed marble jali screens, ornamental silver doors, life-sized statues of the 24 Tirthankaras, and shaded promenades adorned with marble kiosks.",Oct-Mar,https://upload.wikimedia.org/wikipedia/commons/1/1d/The_Imperial_Library.jpg?utm_source=en.wikipedia.org&utm_campaign=api&utm_content=thumbnail_unscaled
10890,Portuguese Church of Our Lady of the Rosary Kolkata,West Bengal,attraction,22.580556,88.352778,budget,4.7,25217,"Constructed in 1799 CE on Portuguese Church Street (Canning Street) in central Kolkata by wealthy merchant brothers Joseph and Louis Barretto, consecrated as the Cathedral of the Most Holy Rosary, recognized as the premier Roman Catholic cathedral of the Archdiocese of Calcutta, featuring magnificent twin domed bell towers, Corinthian pediments, a vaulted nave with Italian oil paintings, marble altars, and the historic remains of early Portuguese seafarers.",Oct-Feb,https://thumb.wikimedia.org/wikipedia/commons/thumb/c/ca/DSCN3187_%282%29.jpg/960px-DSCN3187_%282%29.jpg?utm_source=en.wikipedia.org&utm_campaign=api&utm_content=thumbnail
10891,Princep Ghat & Strand Promenade,West Bengal,attraction,22.555,88.331944,budget,4.4,13383,"Constructed in 1843 CE along the Hooghly River in memory of Anglo-Indian scholar and antiquarian James Prinsep (who deciphered Emperor Ashoka's ancient Brahmi edicts), a magnificent neoclassical monument featuring Greek-Gothic fluted Ionian columns, connected to a 2-km landscaped riverfront promenade shaded by trees, celebrated for wooden country boat rides underneath the towering cable-stayed Vidyasagar Setu.",Oct-Mar,https://thumb.wikimedia.org/wikipedia/commons/thumb/d/de/Fortwilliam1828.jpg/960px-Fortwilliam1828.jpg?utm_source=en.wikipedia.org&utm_campaign=api&utm_content=thumbnail
10892,Rabindra Sadan & Nandan Cultural Complex Kolkata,West Bengal,attraction,22.541667,88.347222,budget,4.9,9264,"Situated at the cultural intersection of AJC Bose Road and Cathedral Road facing the Maidan, recognized as the beating cultural and intellectual heart of modern Bengal, featuring the monumental Rabindra Sadan auditorium (opened in 1961 for Tagore's centenary), the Nandan West Bengal Film Centre (inaugurated on 2 September 1985 by maestro Satyajit Ray who designed its iconic logo), the Academy of Fine Arts, and open-air intellectual meeting addas.",Oct-Feb,https://thumb.wikimedia.org/wikipedia/commons/thumb/7/72/Victoria_Memorial_situated_in_Kolkata.jpg/960px-Victoria_Memorial_situated_in_Kolkata.jpg?utm_source=en.wikipedia.org&utm_campaign=api&utm_content=thumbnail
10893,"Raj Bhavan, Kolkata",West Bengal,attraction,22.567242,88.347226,budget,4.6,3176,"Constructed between 1799 and 1803 as Government House for Lord Wellesley based on Kedleston Hall in Derbyshire, now serving as the official residence of the Governor of West Bengal.",Oct-Feb,https://thumb.wikimedia.org/wikipedia/commons/thumb/8/84/St._James_Church_9.jpg/960px-St._James_Church_9.jpg?utm_source=en.wikipedia.org&utm_campaign=api&utm_content=thumbnail
10894,Science City Kolkata,West Bengal,attraction,22.538611,88.396944,budget,4.7,20663,"Inaugurated in 1997 on the Eastern Metropolitan Bypass, the largest interactive science centre in the Indian subcontinent, featuring the iconic Space Odyssey, Dynamotion Hall, Science Park, and Earth Exploration Hall.",Oct-Feb,https://thumb.wikimedia.org/wikipedia/commons/thumb/0/03/Science_City_Kolkata_4643.JPG/960px-Science_City_Kolkata_4643.JPG?utm_source=en.wikipedia.org&utm_campaign=api&utm_content=thumbnail
10895,South Park Street Cemetery Kolkata,West Bengal,attraction,22.545833,88.361944,budget,4.9,29670,"Established in 1767 on Park Street, recognized as one of the earliest non-churchyard cemeteries in the world and the largest 18th-century Christian cemetery outside Europe and America, encompassing 8 lush wooded acres filled with 1,600 dramatic moss-covered tombs, obelisks, cupolas, and urns blending European Gothic and Indo-Saracenic styles, housing the graves of Sir William Jones (founder of the Asiatic Society) and poet Henry Derozio.",Oct-Feb,https://thumb.wikimedia.org/wikipedia/commons/thumb/9/9d/Khana-Mihir_Mound_-_Berachampa_2012-02-24_2346.JPG/960px-Khana-Mihir_Mound_-_Berachampa_2012-02-24_2346.JPG?utm_source=en.wikipedia.org&utm_campaign=api&utm_content=thumbnail
10896,Sovabazar Rajbari & Natmandir Kolkata,West Bengal,attraction,22.597222,88.366667,budget,4.7,27661,"Constructed in 1757 by Raja Nabakrishna Deb (influential diplomat and benefactor of the East India Company) in north Kolkata, celebrated as one of the most historically significant aristocratic mansions in Bengal, famous for its grand open-air Natmandir pillared courtyard where the first modern community Durga Puja was organized in autumn 1757 attended by Lord Clive, continuing today as the most prestigious traditional family Durga Puja in Kolkata.",Oct-Feb,https://thumb.wikimedia.org/wikipedia/commons/thumb/e/e4/India_2008_905.JPG/960px-India_2008_905.JPG?utm_source=en.wikipedia.org&utm_campaign=api&utm_content=thumbnail
10897,St. Andrew's Church (Scottish Kirk) Kolkata,West Bengal,attraction,22.571944,88.351667,budget,4.9,11138,"Constructed between 1815 and 1818 on the northeast corner of BBD Bagh (Dalhousie Square) by the Scottish Presbyterian congregation, celebrated as one of Kolkata's most magnificent neoclassical colonial monuments, designed by Messrs. Burn, Currie & Co., featuring a soaring 106-foot tall octagonal stone spire that famously challenged Anglican supremacy by rising higher than St. John's Church, a monumental Doric portico, and polished mahogany box pews.",Oct-Feb,https://thumb.wikimedia.org/wikipedia/commons/thumb/8/84/St._James_Church_9.jpg/960px-St._James_Church_9.jpg?utm_source=en.wikipedia.org&utm_campaign=api&utm_content=thumbnail
10898,St. James' Church (Jora Girja) Kolkata,West Bengal,attraction,22.555556,88.369444,budget,4.6,8360,"Consecrated in 1862 along Acharya Jagadish Chandra Bose Road in central Kolkata, designed in the early English Gothic architectural style by architects C.G. Wray and Walter Granville, famously known across Kolkata as 'Jora Girja' (Twin Church) due to its magnificent twin soaring octagonal stone spires, featuring authentic imported stained-glass windows, a vaulted timber ceiling, and historic brass memorial tablets commemorating British officers.",Oct-Feb,https://thumb.wikimedia.org/wikipedia/commons/thumb/8/84/St._James_Church_9.jpg/960px-St._James_Church_9.jpg?utm_source=en.wikipedia.org&utm_campaign=api&utm_content=thumbnail
10899,St. John's Church & Job Charnock Mausoleum,West Bengal,attraction,22.568889,88.3475,budget,4.7,14577,"Consecrated in 1787 on Council House Street near Raj Bhavan, celebrated as one of the oldest public buildings and the third oldest church in Kolkata, built of stone quarried from the medieval ruins of Gaur, housing German painter Johann Zoffany's famous 1787 masterpiece painting 'The Last Supper' (where prominent Calcutta citizens of the era were painted as the Twelve Apostles), and the historic 1695 octagonal stone mausoleum of Job Charnock, founder of British Calcutta.",Oct-Feb,https://thumb.wikimedia.org/wikipedia/commons/thumb/4/4a/Jalpesh_Temple.jpg/960px-Jalpesh_Temple.jpg?utm_source=en.wikipedia.org&utm_campaign=api&utm_content=thumbnail
10900,St. John's Protestant Church,West Bengal,attraction,22.569935,88.345943,budget,3.9,164,"Built in 1787, one of Kolkata's oldest public buildings, constructed with blue Chunar stone, housing the mausoleum of Job Charnock and Johann Zoffany's famous painting of the Last Supper.",Oct-Feb,https://thumb.wikimedia.org/wikipedia/commons/thumb/8/8c/Indian_Museum%2C_Courtyard%2C_Kolkata%2C_India.jpg/960px-Indian_Museum%2C_Courtyard%2C_Kolkata%2C_India.jpg?utm_source=en.wikipedia.org&utm_campaign=api&utm_content=thumbnail
10901,"St. Paul's Cathedral Church, Kolkata",West Bengal,attraction,22.54428,88.346632,budget,4.9,26454,"Consecrated in 1847, the first Anglican cathedral in Asia, celebrated for its magnificent Indo-Gothic architecture, soaring spire, Florentine frescoes, and stained glass windows.",Oct-Feb,https://thumb.wikimedia.org/wikipedia/commons/thumb/3/37/Laxminarayan_Temple_in_New_Delhi_03-2016.jpg/960px-Laxminarayan_Temple_in_New_Delhi_03-2016.jpg?utm_source=en.wikipedia.org&utm_campaign=api&utm_content=thumbnail
10902,St. Paul's Cathedral Kolkata,West Bengal,attraction,22.544167,88.346111,budget,4.9,28578,"Consecrated on 8 October 1847 by Bishop Daniel Wilson on the southern edge of the Maidan, recognized as the seat of the Diocese of Calcutta and the very first Episcopal cathedral built in the British overseas empire, celebrated for its soaring 201-foot central spire modelled on the Bell Harry tower of Canterbury Cathedral, stained-glass west windows designed by Sir Edward Burne-Jones, Florentine frescoes, and peaceful manicured lawns.",Oct-Feb,https://thumb.wikimedia.org/wikipedia/commons/thumb/e/e4/India_2008_905.JPG/960px-India_2008_905.JPG?utm_source=en.wikipedia.org&utm_campaign=api&utm_content=thumbnail
10903,St. Thomas' Church Middleton Row Kolkata,West Bengal,attraction,22.55,88.355556,budget,4.6,16199,"Constructed in 1842 on Middleton Row in the Park Street area of Kolkata, consecrated under the Roman Catholic Archdiocese of Calcutta, celebrated worldwide as the sacred sanctuary where Nobel Peace Laureate Mother Teresa lay in state for a week in September 1997 before her state funeral, allowing hundreds of thousands of mourners from across the globe to pay their final respects, featuring classical colonial pillars, Italian statues, and quiet prayer chapels.",Oct-Feb,https://thumb.wikimedia.org/wikipedia/commons/thumb/8/86/Kapil_Muni_Temple.jpg/960px-Kapil_Muni_Temple.jpg?utm_source=en.wikipedia.org&utm_campaign=api&utm_content=thumbnail
10904,St. Xavier's College Chapel Kolkata,West Bengal,attraction,22.548611,88.355556,budget,4.5,28381,"Constructed in 1868 inside the prestigious St. Xavier's College campus along Park Street by the Society of Jesus (Jesuits), celebrated as one of the most magnificent private ecclesiastical sanctuaries in Kolkata, designed in the high neo-Gothic revival style with soaring vaulted timber arches, Flemish oil paintings, a Belgian stained-glass rose window, and an 1870 pipe organ, famously frequented by alumni including Rabindranath Tagore and Jagadish Chandra Bose.",Oct-Feb,https://thumb.wikimedia.org/wikipedia/commons/thumb/d/de/Fortwilliam1828.jpg/960px-Fortwilliam1828.jpg?utm_source=en.wikipedia.org&utm_campaign=api&utm_content=thumbnail
10905,"Subhash Sarovar, Kolkata",West Bengal,attraction,22.56827,88.399807,budget,4.0,439,"A 39-acre scenic freshwater lake in Beliaghata, east Kolkata, surrounded by manicured walking paths, open grass lawns, and shaded mahogany and teak trees.",Oct-Feb,https://thumb.wikimedia.org/wikipedia/commons/thumb/9/92/065.STARTED_FROM_HOTEL_MANISH_ON_14.08.2017_AT_02-30_P.M._FOR_HOWRAH_RAILWAY_STATION_BY_HIRED_TAXI.jpg/960px-065.STARTED_FROM_HOTEL_MANISH_ON_14.08.2017_AT_02-30_P.M._FOR_HOWRAH_RAILWAY_STATION_BY_HIRED_TAXI.jpg?utm_source=en.wikipedia.org&utm_campaign=api&utm_content=thumbnail
10906,Swami Vivekananda's Ancestral House Kolkata,West Bengal,attraction,22.583333,88.366667,budget,4.9,28567,"Situated at 105 Vivekananda Road in the historic neighborhood of Simla in north Kolkata, the painstakingly restored 18th-century ancestral mansion where Swami Vivekananda (born Narendranath Datta) was born on 12 January 1863 and spent his formative youth, preserved by the Ramakrishna Mission as a museum and cultural center displaying his personal study room, clothes, boxing gloves, family courtyard, and meditation room.",Oct-Feb,https://thumb.wikimedia.org/wikipedia/commons/thumb/c/cb/Howrah_bridge_at_night.jpg/960px-Howrah_bridge_at_night.jpg?utm_source=en.wikipedia.org&utm_campaign=api&utm_content=thumbnail
10907,Thanthania Kalibari Kolkata,West Bengal,attraction,22.58,88.363889,budget,4.8,11710,"Constructed in 1703 CE by Shankar Ghosh (ancestor of the famous Ghosh family) along Bidhan Sarani near College Street in north Kolkata, celebrated as one of the oldest and most historic Kali temples in the city, enshrining an ancient clay and stone deity of Siddheshwari Kali seated on a lotus, historically famous as a frequent prayer retreat for young Narendranath Datta (Swami Vivekananda) and Sri Ramakrishna Paramahamsa.",Oct-Feb,https://thumb.wikimedia.org/wikipedia/commons/thumb/8/81/The_Cooch_Behar_Palace_or_the_Cooch_Behar_Rajbari%2C_Cooch_Behar_District%2C_West_Bengal%2C_India_01.jpg/960px-The_Cooch_Behar_Palace_or_the_Cooch_Behar_Rajbari%2C_Cooch_Behar_District%2C_West_Bengal%2C_India_01.jpg?utm_source=en.wikipedia.org&utm_campaign=api&utm_content=thumbnail
10908,The Asiatic Society of Bengal Kolkata,West Bengal,attraction,22.553333,88.351667,budget,4.6,10622,"Founded on 15 January 1784 on Park Street in Kolkata by jurist and philologist Sir William Jones under the patronage of Warren Hastings, recognized as the historic mother of all modern scientific, archaeological, and orientalist research institutes in Asia, housing over 117,000 rare manuscripts in Sanskrit, Persian, and Arabic, copper-plate charters, original Ashokan rock edict rubbings, and master paintings by Peter Paul Rubens and Robert Home.",Oct-Feb,https://thumb.wikimedia.org/wikipedia/commons/thumb/e/ed/Common_Jezebel_at_Raiganj_Wildlife_Sanctuary.jpg/960px-Common_Jezebel_at_Raiganj_Wildlife_Sanctuary.jpg?utm_source=en.wikipedia.org&utm_campaign=api&utm_content=thumbnail
10909,Tipu Sultan Mosque Esplanade Kolkata,West Bengal,attraction,22.563056,88.351944,budget,4.9,29272,"Constructed in 1842 at the prominent crossing of Dharmatala (Lenin Sarani) and Chowringhee in central Kolkata by Prince Ghulam Mohammed (the eleventh and youngest son of the Tiger of Mysore, Tipu Sultan), an imposing double-aisled Indo-Islamic mosque featuring 16 emerald-green domes, four slender corner minarets rising 100 feet, 12 smaller minarets, and open archways accommodating 1,000 worshippers.",Oct-Feb,https://upload.wikimedia.org/wikipedia/commons/1/1d/The_Imperial_Library.jpg?utm_source=en.wikipedia.org&utm_campaign=api&utm_content=thumbnail_unscaled
10910,Tiretta Bazaar (Old Chinatown) Kolkata,West Bengal,attraction,22.572222,88.352778,budget,4.9,16366,"Situated around Poddar Court in central Kolkata, established in the late 18th century following the arrival of Chinese sailor Atchew in 1778, recognized as the oldest Chinatown in India, world-famous for its legendary daily dawn street breakfast market operating from 6:00 AM to 8:30 AM where third-generation Chinese-Indian vendors sell piping-hot homemade pork and chicken steamed baos, meat dumplings, wonton soup, and crispy spring rolls, surrounded by six historic 19th-century Chinese clan temples.",Oct-Feb,https://thumb.wikimedia.org/wikipedia/commons/thumb/e/ed/Shantiniketan_Bari_of_Rabindranath_Tagore.jpg/960px-Shantiniketan_Bari_of_Rabindranath_Tagore.jpg?utm_source=en.wikipedia.org&utm_campaign=api&utm_content=thumbnail
10911,Victoria Memorial Garden,West Bengal,attraction,22.545939,88.342801,budget,4.8,107717,"Monumental white Makrana marble palace and museum set in 64 acres of manicured gardens, conceptualized by Lord Curzon and completed in 1921, housing priceless colonial art collections.",Oct-Feb,https://thumb.wikimedia.org/wikipedia/commons/thumb/7/72/Victoria_Memorial_situated_in_Kolkata.jpg/960px-Victoria_Memorial_situated_in_Kolkata.jpg
10912,Victoria Memorial Hall & Gardens Kolkata,West Bengal,attraction,22.544722,88.3425,budget,4.7,92611,"Constructed between 1906 and 1921 by architect Sir William Emerson using white Makrana marble from Rajasthan on the southern Maidan in Kolkata, celebrated as India's grandest British imperial monument, blending Indo-Saracenic, Mughal, and Venetian Renaissance architectural styles, topped by a 16-foot revolving bronze Angel of Victory, housing 25 galleries with 30,000 rare paintings, Queen Victoria's rosewood piano, and 57 acres of landscaped gardens with reflecting pools.",Oct-Feb,https://thumb.wikimedia.org/wikipedia/commons/thumb/7/72/Victoria_Memorial_situated_in_Kolkata.jpg/960px-Victoria_Memorial_situated_in_Kolkata.jpg
10913,Vidyasagar Setu (Second Hooghly Bridge),West Bengal,attraction,22.556944,88.328889,budget,4.4,17006,"Commissioned on 10 October 1992 across the Hooghly River connecting Kolkata with Howrah 5 km south of Howrah Bridge, named in honor of 19th-century polymath and social reformer Ishwar Chandra Vidyasagar, celebrated as the longest cable-stayed bridge in India and one of the longest in Asia, spanning a total length of 823 meters (2,700 feet) supported by 121 steel cables arranged in a fan configuration radiating from twin 128-meter composite steel pylon towers.",Oct-Feb,https://thumb.wikimedia.org/wikipedia/commons/thumb/a/a6/Sunset_beauty_of_2nd_Hugly_Bridge.jpg/960px-Sunset_beauty_of_2nd_Hugly_Bridge.jpg?utm_source=en.wikipedia.org&utm_campaign=api&utm_content=thumbnail
10914,Writers' Building (Mahakaran) Kolkata,West Bengal,attraction,22.572778,88.349444,budget,4.6,10018,"Constructed in 1777 by architect Thomas Lyon for the British East India Company on the northern perimeter of Dalhousie Square (BBD Bagh) facing the historic Lal Dighi water body, recognized as one of the most monumental colonial administrative edifices in the world spanning 150 meters, featuring a striking French Renaissance terracotta-red brick facade with Corinthian pediments and classical Greek statues of Minerva and Justice, world-famous for the heroic 8 December 1930 armed corridor raid by revolutionary freedom fighters Benoy, Badal, and Dinesh.",Oct-Feb,https://thumb.wikimedia.org/wikipedia/commons/thumb/d/d5/Itachuna_Royal_Palace_in_July%2C_2023_16.jpg/960px-Itachuna_Royal_Palace_in_July%2C_2023_16.jpg?utm_source=en.wikipedia.org&utm_campaign=api&utm_content=thumbnail
10915,Adina Deer Park Malda,West Bengal,attraction,25.133333,88.166667,budget,4.6,5827,"Situated in Pandua block adjacent to the medieval Adina Mosque 20 km from Malda town, established in 1982 across 10 hectares of protected forest, celebrated as an important breeding and conservation center for Spotted Deer (Chital) and the Nilgai (Blue Bull) antelope, featuring a wooded nature trail, butterfly gardens, and aviaries displaying native parakeets, Asian koels, and whistling ducks.",Oct-Feb,https://thumb.wikimedia.org/wikipedia/commons/thumb/d/d5/Itachuna_Royal_Palace_in_July%2C_2023_16.jpg/960px-Itachuna_Royal_Palace_in_July%2C_2023_16.jpg?utm_source=en.wikipedia.org&utm_campaign=api&utm_content=thumbnail
10916,Adina Mosque Malda,West Bengal,attraction,25.133333,88.166667,budget,4.7,5191,"Constructed between 1369 and 1374 CE by Sultan Sikandar Shah of the Ilyas Shahi dynasty in the medieval capital of Pandua 18 km from Malda, celebrated as once the largest hypostyle mosque in the entire Indian subcontinent measuring an astounding 516 by 281 feet (157 by 86 meters) with an expansive open courtyard, 370 domed bays supported by 260 carved stone pillars, an 80-foot central barrel vault, and the royal Badshah-ka-Takht mezzanine platform.",Oct-Feb,https://thumb.wikimedia.org/wikipedia/commons/thumb/2/23/Sundarban_Tiger.jpg/960px-Sundarban_Tiger.jpg?utm_source=en.wikipedia.org&utm_campaign=api&utm_content=thumbnail
10917,Bara Sona Masjid (Baraduari Mosque) Gaur,West Bengal,attraction,24.866667,88.133333,budget,4.9,16208,"Constructed between 1526 and 1530 CE, begun by Sultan Alauddin Husain Shah and completed by his son Sultan Nusrat Shah in Gaur, an imposing stone-cased brick mosque measuring 168 feet by 76 feet, celebrated for its monumental eastern corridor with 12 pointed arched doorways (giving it the popular name Baraduari) and 44 domes of which 11 survive, historically famed as the 'Great Golden Mosque' (Bara Sona) because its exterior domes were once gilded with pure gold leaf.",Oct-Feb,https://thumb.wikimedia.org/wikipedia/commons/thumb/d/da/Padmaja_Naidu_Himalayan_Zoological_Park_Entrance.JPG/960px-Padmaja_Naidu_Himalayan_Zoological_Park_Entrance.JPG?utm_source=en.wikipedia.org&utm_campaign=api&utm_content=thumbnail
10918,Bari Dargah of Shah Jalal Tabrizi Pandua Malda,West Bengal,attraction,25.133333,88.15,budget,4.9,11024,"Situated in Pandua 20 km north of Malda town along NH-12, celebrated as one of the most sacred and ancient Sufi pilgrimage complexes in eastern India, dedicated to 13th-century saint Hazrat Shah Jalal Tabrizi who introduced Suhrawardiyya Sufism to Bengal, featuring the Chilla Khana (meditation cell), the 16th-century Jami Masjid built by Sultan Alauddin Husain Shah, sacred lotus tanks, and a monumental gateway that attracts both Muslim and Hindu devotees.",Oct-Feb,https://thumb.wikimedia.org/wikipedia/commons/thumb/3/3a/Nalban_Waterbody_-_16-bit_Two_Stop_Over_Exposure_-_Kolkata_2015-08-13_2188.TIF/lossy-page1-960px-Nalban_Waterbody_-_16-bit_Two_Stop_Over_Exposure_-_Kolkata_2015-08-13_2188.TIF.jpg?utm_source=en.wikipedia.org&utm_campaign=api&utm_content=thumbnail
10919,Dakhil Darwaza (Salami Darwaza) Gaur,West Bengal,attraction,24.883333,88.133333,budget,4.6,10104,"Constructed in 1459 CE during the reign of Sultan Nasiruddin Mahmud Shah and completed under Sultan Barbak Shah, recognized as the most majestic and monumental surviving gateway of medieval Bengal, rising 21 meters (69 feet) high with a width of 34.5 meters, built of finely fired red terracotta bricks with four circular 4-storeyed corner towers and arched cannon batteries where ceremonial gun salutes ('Salami') were fired.",Oct-Feb,https://thumb.wikimedia.org/wikipedia/commons/thumb/8/8c/Indian_Museum%2C_Courtyard%2C_Kolkata%2C_India.jpg/960px-Indian_Museum%2C_Courtyard%2C_Kolkata%2C_India.jpg?utm_source=en.wikipedia.org&utm_campaign=api&utm_content=thumbnail
10920,Eklakhi Mausoleum Pandua Malda,West Bengal,attraction,25.133333,88.15,budget,4.8,27481,"Constructed in 1425 CE in Pandua, celebrated as the earliest surviving square single-domed terracotta brick mausoleum in Bengal, constructed at an astronomical cost of one lakh rupees (Eklakhi) by Sultan Jalaluddin Muhammad Shah (son of Hindu King Ganesha who converted to Islam) to house the tombs of himself, his wife, and his son Sultan Ahmad Shah, featuring massive 13-foot-thick walls, four corner octagonal turrets, and a 48-foot hemispherical dome.",Oct-Feb,https://thumb.wikimedia.org/wikipedia/commons/thumb/8/88/PrincepGhat.jpg/960px-PrincepGhat.jpg?utm_source=en.wikipedia.org&utm_campaign=api&utm_content=thumbnail
10921,Firoz Minar Gaur Malda,West Bengal,attraction,24.875,88.133333,budget,4.4,9077,"Constructed between 1486 and 1489 CE by Sultan Saifuddin Firuz Shah of the Habshi (Abyssinian) dynasty 1 km south of Dakhil Darwaza in Gaur, an imposing 26-meter-high (84 feet) 5-storeyed terracotta brick victory minaret, featuring three 12-sided lower storeys followed by two circular upper storeys with an open viewing dome, built to commemorate military victories, widely regarded as the 'Qutb Minar of Bengal'.",Oct-Feb,https://thumb.wikimedia.org/wikipedia/commons/thumb/3/32/Dakhineshwar_Temple_beside_the_Hoogly%2C_West_Bengal.JPG/960px-Dakhineshwar_Temple_beside_the_Hoogly%2C_West_Bengal.JPG?utm_source=en.wikipedia.org&utm_campaign=api&utm_content=thumbnail
10922,Gumti Gate & Chika Mosque Gaur Malda,West Bengal,attraction,24.875,88.136111,budget,4.9,8148,"Situated in the central citadel complex of Gaur 16 km from Malda, featuring the 1512 CE Gumti Gate built by Sultan Alauddin Husain Shah (a charming single-domed brick gateway ornamented with multi-colored glazed enameled terracotta tiles in yellow and blue), and the adjacent 15th-century Chika Mosque (a massive single-domed brick hall with stone lintels salvaged from Hindu temples, later used by sultans as a prison for state offenders, known as 'Chika' due to bats nesting in its dome).",Oct-Feb,https://thumb.wikimedia.org/wikipedia/commons/thumb/d/d1/Parmadan_Forest_03.jpg/960px-Parmadan_Forest_03.jpg?utm_source=en.wikipedia.org&utm_campaign=api&utm_content=thumbnail
10923,Jagjivanpur 9th-Century Buddhist Monastery Malda,West Bengal,attraction,25.033333,88.383333,budget,4.8,5923,"Situated in Habibpur block 36 km east of Malda town near the Bangladesh border, a momentous archaeological discovery excavated by the Directorate of Archaeology and Museums of West Bengal following the accidental finding of a 9th-century royal copper-plate inscription of Pala Emperor Mahendrapala, revealing the grand brick foundations of 'Nandadirghika Udranga Mahavihara' complete with stupas, monastic cells, terracotta plaques, and bronze Buddhist statues.",Oct-Feb,https://thumb.wikimedia.org/wikipedia/commons/thumb/d/de/Fortwilliam1828.jpg/960px-Fortwilliam1828.jpg?utm_source=en.wikipedia.org&utm_campaign=api&utm_content=thumbnail
10924,Kotwali Darwaza (Southern Gateway of Gaur),West Bengal,attraction,24.85,88.133333,budget,4.5,21031,"Constructed in the 15th century under the Bengal Sultanate as the grand fortified southern ceremonial gate to the imperial city of Gaur, situated directly on the zero line of the international border between India and Bangladesh, featuring a towering 30-foot arched central gateway of burnt red terracotta bricks flanked by semi-circular bastion towers with cannon slits, through which royal caravans arrived from south Bengal.",Oct-Feb,https://thumb.wikimedia.org/wikipedia/commons/thumb/e/e4/India_2008_905.JPG/960px-India_2008_905.JPG?utm_source=en.wikipedia.org&utm_campaign=api&utm_content=thumbnail
10925,Lattan Mosque (Painted Mosque) Gaur Malda,West Bengal,attraction,24.866667,88.138889,budget,4.9,25375,"Constructed in 1475 CE during the reign of Sultan Shamsuddin Yusuf Shah in Gaur 16 km from Malda, celebrated as the 'Painted Mosque' of Bengal, renowned as one of the most artistically exquisite sultanate monuments in India, featuring a square single-domed prayer hall with a corridor, whose brick walls and interior squinches were historically coated inside and out with brilliant glazed enamel tiles in shimmering cobalt blue, emerald green, and golden yellow.",Oct-Feb,https://thumb.wikimedia.org/wikipedia/commons/thumb/3/3a/Nalban_Waterbody_-_16-bit_Two_Stop_Over_Exposure_-_Kolkata_2015-08-13_2188.TIF/lossy-page1-960px-Nalban_Waterbody_-_16-bit_Two_Stop_Over_Exposure_-_Kolkata_2015-08-13_2188.TIF.jpg?utm_source=en.wikipedia.org&utm_campaign=api&utm_content=thumbnail
10926,Luko Churi Gate (Shahi Darwaza) Gaur,West Bengal,attraction,24.877778,88.136111,budget,4.9,16531,"Constructed in 1655 CE by Mughal Viceroy Prince Shah Shuja (son of Emperor Shah Jahan) as the eastern royal ceremonial entrance to the palace citadel of Gaur, celebrated as a rare example of classical Mughal tripartite gateway architecture in Bengal, featuring a magnificent three-storeyed red-brick and stone gateway with central high arched portals, upper Naqqar Khana (drum house) for royal musicians, and ornate side guard chambers.",Oct-Feb,https://thumb.wikimedia.org/wikipedia/commons/thumb/7/7c/Digha_Tourist_Lodge_front_yard_1.jpg/960px-Digha_Tourist_Lodge_front_yard_1.jpg?utm_source=en.wikipedia.org&utm_campaign=api&utm_content=thumbnail
10927,Qadam Rasul Mosque Gaur Malda,West Bengal,attraction,24.875,88.138889,budget,4.6,29195,"Constructed in 1530-1531 CE by Sultan Nusrat Shah of the Husain Shahi dynasty in the medieval citadel of Gaur, an exquisitely decorated square single-domed brick-and-stone shrine with four octagonal corner minarets topped by stone urns, built specifically to enshrine a revered black marble slab bearing the sacred footprint (Qadam) of the Prophet Muhammad, brought from Pandua by the sultan.",Oct-Feb,https://thumb.wikimedia.org/wikipedia/commons/thumb/1/12/National_Library%2C_Calcutta_2007.jpg/960px-National_Library%2C_Calcutta_2007.jpg?utm_source=en.wikipedia.org&utm_campaign=api&utm_content=thumbnail
10928,Ramkeli Historic Chaitanya Site Gaur Malda,West Bengal,attraction,24.9,88.133333,budget,4.8,18437,"Situated in the ancient city of Gaur 14 km from Malda town, revered by Gaudiya Vaishnavas as a sacred pilgrimage retreat, where Sri Chaitanya Mahaprabhu halted in June 1515 CE en route to Vrindavan and met his foremost disciples Rupa Goswami and Sanatana Goswami (then high ministers of Sultan Alauddin Husain Shah), featuring the ancient Tamal and Kadamba trees under which Mahaprabhu rested, his footprints preserved in stone, and sacred bathing ponds (Rupa-Kunda and Sanatana-Kunda).",Oct-Feb,https://thumb.wikimedia.org/wikipedia/commons/thumb/4/4a/Jalpesh_Temple.jpg/960px-Jalpesh_Temple.jpg?utm_source=en.wikipedia.org&utm_campaign=api&utm_content=thumbnail
10929,Tantipara Mosque Gaur Malda,West Bengal,attraction,24.87,88.13,budget,4.9,11860,"Constructed in 1480 CE by Mirshad Khan in the weavers' quarter (Tantipara) of medieval Gaur, acclaimed by architectural historians as the finest and most intricately carved brick monument in Gaur, measuring 91 by 44 feet with five arched entrances, four octagonal corner towers, and walls adorned with breathtakingly delicate floral arabesques, hanging oil-lamp motifs, and lace-like terracotta brick patterns.",Oct-Feb,https://thumb.wikimedia.org/wikipedia/commons/thumb/1/10/Railway_penetrating_the_Park.jpg/960px-Railway_penetrating_the_Park.jpg?utm_source=en.wikipedia.org&utm_campaign=api&utm_content=thumbnail
10930,Azimganj & Jiaganj Sheherwali Palaces Murshidabad,West Bengal,attraction,24.233333,88.25,mid,4.9,27010,"Situated on twin opposite banks of the Bhagirathi River 15 km north of Murshidabad, celebrated as the historic aristocratic seat of the wealthy Sheherwali Oswal Jain banking community who migrated from Rajasthan in the 18th century to finance the Nawabs of Bengal, featuring magnificent palatial riverside mansions (including the grand Dudhoria Rajbari and Singhi Kothi), nine 18th-century white marble Jain temples, and unique Sheherwali vegetarian culinary heritage.",Oct-Feb,https://thumb.wikimedia.org/wikipedia/commons/thumb/4/4a/Jalpesh_Temple.jpg/960px-Jalpesh_Temple.jpg?utm_source=en.wikipedia.org&utm_campaign=api&utm_content=thumbnail
10931,Char Bangla Terracotta Temples Baranagar Murshidabad,West Bengal,attraction,24.25,88.233333,budget,4.9,8434,"Constructed in 1760 CE by the pious Queen Rani Bhabani of Natore along the western bank of the Bhagirathi River in Baranagar near Jiaganj, celebrated by art historians as the crowning jewel of Bengal terracotta art, consisting of four identical do-chala (curved thatched-hut style) brick temples enclosing a central square courtyard, adorned with breathtaking terracotta relief plaques depicting the churning of the cosmic ocean, Ramayana battles, and Goddess Durga.",Oct-Mar,https://thumb.wikimedia.org/wikipedia/commons/thumb/3/38/EVENT_HALL_HMI.jpg/960px-EVENT_HALL_HMI.jpg?utm_source=en.wikipedia.org&utm_campaign=imageinfo&utm_content=thumbnail
10932,Cossimbazar Rajbari & Royal Natmandir Murshidabad,West Bengal,attraction,24.116667,88.283333,budget,4.9,5769,"Situated in Cossimbazar 4 km from Berhampore in Murshidabad district, celebrated as the historic ancestral seat of the Roy family of Cossimbazar, an opulent 18th-century palace complex featuring a magnificent 100-pillared marble Natmandir courtyard, four-poster rosewood beds, French mirrors, antique palanquins, crystal chandeliers, a family museum, and the sacred active temple of Lord Lakshmi Narayan.",Oct-Feb,https://upload.wikimedia.org/wikipedia/commons/3/34/Town_Hall_Recent.jpg?utm_source=en.wikipedia.org&utm_campaign=api&utm_content=thumbnail_unscaled
10933,Dutch & British Cemeteries Cossimbazar,West Bengal,attraction,24.116667,88.266667,budget,4.9,15419,"Situated in Cossimbazar 3 km from Berhampore, comprising two of the most significant early colonial European burial grounds in Bengal: the Dutch Cemetery (established in 1714 by the Dutch East India Company VOC, featuring 43 colossal brick and mortar obelisks and cupolas, including the magnificent tomb of Tammerus Canter Visscher who died in 1778), and the adjacent British Residency Cemetery holding the 1759 tomb of Warren Hastings' first wife Mary and infant daughter.",Oct-Feb,https://thumb.wikimedia.org/wikipedia/commons/thumb/3/3f/Chintamani_Kar_Bird_Sanactuary%2C_Kolkata.JPG/960px-Chintamani_Kar_Bird_Sanactuary%2C_Kolkata.JPG?utm_source=en.wikipedia.org&utm_campaign=api&utm_content=thumbnail
10934,Futi Mosque Murshidabad,West Bengal,attraction,24.183333,88.291667,budget,4.4,3095,"Constructed in 1740 CE by Nawab Sarfaraz Khan (grandson of Murshid Quli Khan) near the Katra railway crossing in Murshidabad, an imposing and melancholic monument of Nawabi architecture measuring 135 feet by 38 feet, featuring five colossal domes that were left dramatically uncompleted and open to the sky following the Nawab's untimely death in the Battle of Giria, renowned for its monumental red brick arches and acoustic whisper vaults.",Oct-Feb,https://thumb.wikimedia.org/wikipedia/commons/thumb/7/7c/Digha_Tourist_Lodge_front_yard_1.jpg/960px-Digha_Tourist_Lodge_front_yard_1.jpg?utm_source=en.wikipedia.org&utm_campaign=api&utm_content=thumbnail
10935,Hazarduari Palace & Museum Murshidabad,West Bengal,attraction,24.183333,88.266667,mid,4.9,20184,"Constructed between 1829 and 1837 for Nawab Nazim Humayun Jah of Bengal, Bihar, and Orissa by British architect Colonel Duncan MacLeod on the banks of the Bhagirathi River, an awe-inspiring three-storeyed neoclassical palace famous as Hazarduari (a palace of 1,000 doors, of which 900 are real and 100 are false architectural traps designed to confuse intruders), housing an ASI museum with 20 galleries of royal armory, marble statues, the solid silver throne of the Nawabs, and 4,800 rare manuscripts.",Oct-Mar,https://thumb.wikimedia.org/wikipedia/commons/thumb/d/d5/Itachuna_Royal_Palace_in_July%2C_2023_16.jpg/960px-Itachuna_Royal_Palace_in_July%2C_2023_16.jpg?utm_source=en.wikipedia.org&utm_campaign=api&utm_content=thumbnail
10936,Hazarduari Palace Murshidabad,West Bengal,attraction,24.185556,88.270556,mid,4.9,24709,"Constructed in 1837 by architect Duncan Macleod for Nawab Nazim Humayun Jah, a grand neoclassical palace along the Bhagirathi River with 1,000 doors (of which 900 are deceptive false doors built to confuse invaders).",Oct-Feb,https://thumb.wikimedia.org/wikipedia/commons/thumb/3/32/Dakhineshwar_Temple_beside_the_Hoogly%2C_West_Bengal.JPG/960px-Dakhineshwar_Temple_beside_the_Hoogly%2C_West_Bengal.JPG?utm_source=en.wikipedia.org&utm_campaign=api&utm_content=thumbnail
10937,House of Jagat Seth Murshidabad,West Bengal,attraction,24.195,88.275,budget,4.6,26833,"Situated in Mahimapur near Murshidabad, the historic residence and museum of the Jagat Seth family (conferred the title 'Banker of the World' by Mughal Emperor Muhammad Shah in 1723), who controlled the currency mint of Bengal and financed empires, featuring an ASI museum with silver and gold coins minted by the family, antique European cutlery, secret underground tunnel passages leading to the river, and rare coin-casting dies.",Oct-Feb,https://thumb.wikimedia.org/wikipedia/commons/thumb/4/42/Kurseong_panorama_by_Mayukh_Ghose.jpg/960px-Kurseong_panorama_by_Mayukh_Ghose.jpg?utm_source=en.wikipedia.org&utm_campaign=api&utm_content=thumbnail
10938,Jahan Kosha Cannon Murshidabad,West Bengal,attraction,24.18,88.295,budget,4.9,19228,"Cast in October 1637 CE at Dacca under Subahdar Islam Khan by indigenous master craftsman Janardan Karmakar, an imposing historical artillery cannon forged from eight different metals (Ashtadhatu), measuring 17.5 feet (5.3 meters) in length with a barrel circumference of 3 feet and weighing over 7,000 kilograms, named 'Jahan Kosha' (Destroyer of the Universe), featuring intricate Persian calligraphic inscriptions recording its manufacture.",Oct-Feb,https://thumb.wikimedia.org/wikipedia/commons/thumb/8/8a/Mirik_Sumendu_Lake.jpg/960px-Mirik_Sumendu_Lake.jpg?utm_source=en.wikipedia.org&utm_campaign=api&utm_content=thumbnail
10939,Kathgola Palace & Gardens Murshidabad,West Bengal,attraction,24.2,88.283333,mid,4.9,27799,"Constructed in 1873 by the wealthy Rajasthani Oswal Jain merchant family of Rai Bahadur Lakshmipat Singh Dugar across 30 sprawling landscaped acres, an opulent Italianate country estate featuring classical Corinthian colonnades, Carrara marble statues, Belgian crystal chandeliers, a central ornamental stepwell, and the exquisite white marble Adinath Jain Temple built in 1933 by master carvers from Jaipur.",Oct-Feb,https://thumb.wikimedia.org/wikipedia/commons/thumb/7/78/Yiga_Choeling_Monastery%2C_Ghum_02.jpg/960px-Yiga_Choeling_Monastery%2C_Ghum_02.jpg?utm_source=en.wikipedia.org&utm_campaign=api&utm_content=thumbnail
10940,Katra Mosque Murshidabad,West Bengal,attraction,24.188889,88.291667,budget,4.9,23005,"Constructed between 1723 and 1724 CE by Nawab Murshid Quli Khan (the first Nawab of Bengal and founder of Murshidabad) across a vast square courtyard, an awe-inspiring brick mosque complex designed to accommodate 2,000 worshippers, flanked by two towering 70-foot octagonal corner minarets with winding staircases, housing the humble tomb of Nawab Murshid Quli Khan located directly beneath the 14 entrance steps so that the dust of devout worshippers' feet would eternally bless his resting place.",Oct-Feb,https://thumb.wikimedia.org/wikipedia/commons/thumb/f/f0/Jod_Bangla_Terracotta_Temple%2C_Bishnupur%2C_West_Bengal.jpg/960px-Jod_Bangla_Terracotta_Temple%2C_Bishnupur%2C_West_Bengal.jpg?utm_source=en.wikipedia.org&utm_campaign=api&utm_content=thumbnail
10941,Khosh Bagh Cemetery Murshidabad,West Bengal,attraction,24.166667,88.25,budget,4.4,24575,"Situated across the Bhagirathi River on its western bank, built by Nawab Alivardi Khan across 7.65 walled acres in the classic Mughal Charbagh style, celebrated as the peaceful resting place of the royal Nawabs of Bengal, housing the simple whitewashed brick mausoleum and tombs of Nawab Siraj ud-Daulah (the last independent Nawab of Bengal who fell at Plassey in 1757), his devoted wife Lutf-un-nisa, and his grandfather Nawab Alivardi Khan.",Oct-Feb,https://thumb.wikimedia.org/wikipedia/commons/thumb/1/12/National_Library%2C_Calcutta_2007.jpg/960px-National_Library%2C_Calcutta_2007.jpg?utm_source=en.wikipedia.org&utm_campaign=api&utm_content=thumbnail
10942,Kiriteswari Temple Murshidabad,West Bengal,attraction,24.183333,88.216667,budget,4.9,20990,"Situated in Kiritkona village in Nabagram block 5 km from Dahapara in Murshidabad district, celebrated as one of the 51 sacred Shakti Peethas where Goddess Sati's ornamental crown (Kirit) fell, revered for over 1,000 years by both Hindu kings and the Muslim Nawabs of Bengal (Nawab Mir Jafar personally requested its holy water on his deathbed), selected by the Government of India's Ministry of Tourism as the 'Best Tourism Village of India' in 2023.",Oct-Mar,https://thumb.wikimedia.org/wikipedia/commons/thumb/8/8c/Indian_Museum%2C_Courtyard%2C_Kolkata%2C_India.jpg/960px-Indian_Museum%2C_Courtyard%2C_Kolkata%2C_India.jpg?utm_source=en.wikipedia.org&utm_campaign=api&utm_content=thumbnail
10943,Motijheel Park & Historic Lake Murshidabad,West Bengal,attraction,24.166667,88.275,budget,4.9,14871,"Situated 3 km south of Hazarduari Palace in Murshidabad, a historic 350-acre horseshoe-shaped oxbow lake ('Motijheel' or Pearl Lake) excavated by Nawazish Muhammad Khan in 1743 CE, famous as the palatial residence of the ambitious and tragic Princess Ghaseti Begum and the site where Lord Clive resided in 1765 while acquiring the Diwani of Bengal, featuring the 1743 Kala Masjid (three-domed black stone mosque), Sang-i-Dalan palace ruins, and a modern eco-tourism lake park with musical fountains.",Oct-Feb,https://thumb.wikimedia.org/wikipedia/commons/thumb/7/7c/Digha_Tourist_Lodge_front_yard_1.jpg/960px-Digha_Tourist_Lodge_front_yard_1.jpg?utm_source=en.wikipedia.org&utm_campaign=api&utm_content=thumbnail
10944,Nasipur Rajbari & Debi Singha Courthouse Murshidabad,West Bengal,attraction,24.2,88.266667,budget,4.5,19542,"Constructed in 1865 by Raja Kirti Chand Bahadur in Nasipur 3 km north of Hazarduari Palace in Murshidabad, built on the ancestral estate of infamous tax collector Raja Debi Singha of the East India Company, celebrated as a charming 'Miniature Hazarduari' featuring classical Greco-Roman colonnades, grand sweeping staircases, an ASI museum exhibiting a royal gold-leaf palanquin, antique silver thrones, Persian court seals, and the adjacent 18th-century Ramachandra temple.",Oct-Feb,https://thumb.wikimedia.org/wikipedia/commons/thumb/f/f0/Jod_Bangla_Terracotta_Temple%2C_Bishnupur%2C_West_Bengal.jpg/960px-Jod_Bangla_Terracotta_Temple%2C_Bishnupur%2C_West_Bengal.jpg?utm_source=en.wikipedia.org&utm_campaign=api&utm_content=thumbnail
10945,Nizamat Imambara Murshidabad,West Bengal,attraction,24.185,88.266667,budget,4.9,22970,"Situated directly opposite the Hazarduari Palace on the banks of the Bhagirathi River, constructed in 1847 CE by Nawab Nazim Mansur Ali Khan Feradun Jah at a cost of over six lakh rupees to replace the wooden imambara built by Siraj ud-Daulah that was destroyed by fire, recognized as the largest Imambara in India and South Asia measuring an astonishing 424 feet in length, featuring a grand Madina Mosque, a miniature replica of the Kaaba, and an imposing Persian sundial.",Oct-Feb,https://thumb.wikimedia.org/wikipedia/commons/thumb/7/72/Victoria_Memorial_situated_in_Kolkata.jpg/960px-Victoria_Memorial_situated_in_Kolkata.jpg?utm_source=en.wikipedia.org&utm_campaign=api&utm_content=thumbnail
10946,Sagardighi Historic Pala Lake Murshidabad,West Bengal,attraction,24.3,88.083333,budget,4.9,5647,"Situated in Sagardighi block 30 km northwest of Berhampore along the Raghunathganj highway, an immense 1-kilometer-long rectangular royal freshwater lake measuring 1,000 meters by 400 meters excavated in the early 11th century CE by Pala Emperor Mahipala I, surrounded by historic archaeological mounds, lotus beds, and tree-shaded embankments that attract thousands of winter migratory waterfowl.",Oct-Feb,https://thumb.wikimedia.org/wikipedia/commons/thumb/3/38/EVENT_HALL_HMI.jpg/960px-EVENT_HALL_HMI.jpg?utm_source=en.wikipedia.org&utm_campaign=imageinfo&utm_content=thumbnail
10947,Tripolia Gate (Three-Arched Portal) Murshidabad,West Bengal,attraction,24.183333,88.270833,budget,4.4,26142,"Constructed in 1723 CE by Nawab Murshid Quli Khan (the first Nawab of Bengal) as the grand royal gateway to the fortified Nizamat Kila enclosure in Murshidabad, celebrated as an architectural landmark of early Nawabi Bengal, featuring three colossal central pointed brick archways (Tripolia) flanked by side towers, through which royal elephant processions, state dignitaries, and ceremonial cavalry entered the palace grounds.",Oct-Feb,https://upload.wikimedia.org/wikipedia/commons/3/36/Tripolia_Gate_Ajmer.jpg?utm_source=en.wikipedia.org&utm_campaign=api&utm_content=thumbnail_unscaled
10948,Bethuadahari Wildlife Sanctuary Nadia,West Bengal,attraction,23.616667,88.516667,budget,4.4,22999,"Established in 1980 across 67 hectares of dense alluvial forest along NH-12 in Nadia district 28 km north of Krishnanagar, celebrated as an important wildlife sanctuary and biodiversity reservoir in the Gangetic plains, featuring over 500 free-ranging Spotted Deer (Chital), Indian flap-shell turtles, Indian porcupines, pythons, monitor lizards, and a dedicated breeding pond for critically endangered Gharials (fish-eating crocodiles).",Oct-Feb,https://thumb.wikimedia.org/wikipedia/commons/thumb/5/5b/Suntalekhola.jpg/960px-Suntalekhola.jpg?utm_source=en.wikipedia.org&utm_campaign=api&utm_content=thumbnail
10949,Ghurni Clay-Art & Doll Colony Krishnanagar,West Bengal,attraction,23.416667,88.5,budget,4.9,25197,"Situated along the banks of the Jalangi River in the northern quarter of Krishnanagar, established in the mid-18th century under the royal patronage of Maharaja Krishna Chandra Ray who invited master potters from Natore, world-renowned as the premier center of hyper-realistic clay modeling and doll-making in India, where generations of master sculptors hand-craft uncanny, museum-quality clay miniatures of tribal villagers, historical personalities, fruits, and animals.",Oct-Feb,https://thumb.wikimedia.org/wikipedia/commons/thumb/7/7c/Digha_Tourist_Lodge_front_yard_1.jpg/960px-Digha_Tourist_Lodge_front_yard_1.jpg?utm_source=en.wikipedia.org&utm_campaign=api&utm_content=thumbnail
10950,Krishnanagar Rajbari & Ghurni Clay Dolls,West Bengal,attraction,23.4,88.5,budget,4.9,29810,"Situated in the district headquarters of Nadia 100 km from Kolkata, celebrated as the historic royal capital of Raja Krishna Chandra Roy (1710-1783, great patron of Bengali literature and legendary court jester Gopal Bhar), featuring the magnificent Rajbari palace with an ornate Natmandir, an extensive armory, the sacred active family temple of Goddess Rajeshwari, and the adjacent artisan quarter of Ghurni internationally famous for sculpting extraordinarily lifelike clay dolls and miniature fruit figurines.",Oct-Feb,https://thumb.wikimedia.org/wikipedia/commons/thumb/9/9d/Khana-Mihir_Mound_-_Berachampa_2012-02-24_2346.JPG/960px-Khana-Mihir_Mound_-_Berachampa_2012-02-24_2346.JPG?utm_source=en.wikipedia.org&utm_campaign=api&utm_content=thumbnail
10951,Krishnanagar Roman Catholic Cathedral,West Bengal,attraction,23.4,88.508333,budget,4.9,22835,"Constructed in 1898 along Cathedral Road in Krishnanagar, consecrated as the Cathedral of the Holy Redeemer, recognized as the seat of the Roman Catholic Diocese of Krishnanagar, celebrated for its magnificent Italianate Renaissance facade, twin bell towers, sweeping colonnaded naves, and an extraordinary gallery of 27 colossal imported Italian canvas oil paintings illustrating the entire life, miracles, and passion of Jesus Christ.",Oct-Feb,https://thumb.wikimedia.org/wikipedia/commons/thumb/8/8b/Kolkata_botanical_garden_pathway.jpg/960px-Kolkata_botanical_garden_pathway.jpg?utm_source=en.wikipedia.org&utm_campaign=api&utm_content=thumbnail
10952,Mayapur ISKCON Chandrodaya Mandir & TOVP,West Bengal,attraction,23.425,88.388889,budget,4.5,24450,"Situated at the sacred confluence of the Jalangi and Bhagirathi-Hooghly rivers across from Nabadwip, the world headquarters of the International Society for Krishna Consciousness (ISKCON) founded in 1972 by A.C. Bhaktivedanta Swami Prabhupada, featuring the Sri Mayapur Chandrodaya Mandir and the monumental Temple of the Vedic Planetarium (TOVP) rising 380 feet with the world's largest religious dome (surpassing St. Peter's Basilica), exhibiting a 3D moving cosmic model of the universe based on Vedic cosmology.",Oct-Feb,https://thumb.wikimedia.org/wikipedia/commons/thumb/7/72/Victoria_Memorial_situated_in_Kolkata.jpg/960px-Victoria_Memorial_situated_in_Kolkata.jpg?utm_source=en.wikipedia.org&utm_campaign=api&utm_content=thumbnail
10953,Nabadwip Dham (Birthplace of Sri Chaitanya),West Bengal,attraction,23.4,88.366667,budget,4.6,9899,"Situated on the western bank of the Bhagirathi River in Nadia district, celebrated historically as the 'Oxford of the East' for its medieval Sanskrit Nyaya philosophy academies and the holy birthplace of 15th-century Vaishnavite saint-reformer Sri Chaitanya Mahaprabhu (1486-1534), featuring the sacred Yogapith (site of the neem tree where he was born), the Sonar Gouranga Temple housing a gold-plated statue of Chaitanya, and Sribas Angan.",Oct-Feb,https://thumb.wikimedia.org/wikipedia/commons/thumb/8/8c/Front_view_of_the_arcades_of_Somaj_Bari%2C_Nabadwip.jpg/960px-Front_view_of_the_arcades_of_Somaj_Bari%2C_Nabadwip.jpg?utm_source=en.wikipedia.org&utm_campaign=api&utm_content=thumbnail
10954,Palashi (Plassey) Battlefield & Memorial,West Bengal,attraction,23.8,88.25,budget,4.4,11027,"Situated on the eastern banks of the Bhagirathi River in northern Nadia district 50 km from Krishnanagar, recognized as one of the most consequential historical locations on the planet, where on 23 June 1757 Robert Clive's British East India Company forces defeated Nawab Siraj ud-Daulah in the historic Battle of Plassey through the treachery of Mir Jafar, marking the decisive foundation of British colonial rule in India, featuring the 1883 British Victory Obelisk, mango groves, and battlefield museum.",Oct-Feb,https://thumb.wikimedia.org/wikipedia/commons/thumb/d/da/Lush_green_grass_along_the_lake.jpg/960px-Lush_green_grass_along_the_lake.jpg?utm_source=en.wikipedia.org&utm_campaign=api&utm_content=thumbnail
10955,Shantipur & Phulia Handloom Saree Hub,West Bengal,attraction,23.25,88.433333,budget,4.5,11196,"Situated on the banks of the Bhagirathi River in Nadia district 85 km from Kolkata, celebrated since the 15th century as the premier traditional handloom textile capital of eastern India, where over 50,000 master weaving families in Shantipur and neighboring Phulia (birthplace of 14th-century poet Krittibas Ojha, author of the Krittivasi Ramayana) craft world-renowned GI-tagged 'Shantipur Saree', Tant, Tangail, and fine muslin Jamdanis on rhythmic wooden fly-shuttle pit looms.",Oct-Feb,https://thumb.wikimedia.org/wikipedia/commons/thumb/8/81/Belur_Math%2C_Howrah.jpg/960px-Belur_Math%2C_Howrah.jpg?utm_source=en.wikipedia.org&utm_campaign=api&utm_content=thumbnail
10956,Sonar Gouranga Temple Nabadwip Dham,West Bengal,attraction,23.408333,88.366667,budget,4.9,11223,"Situated along the historic temple lane in Nabadwip Dham, celebrated as one of the most visited Vaishnava sanctuaries in Bengal, enshrining the dazzling solid gold-cast ('Sonar') idol of Sri Chaitanya Mahaprabhu depicted with upraised arms in ecstatic divine dancing pose, alongside sacred wooden sandals (Paduka) of Lord Chaitanya, continuous 24-hour Harinam Sankirtan singing, and vibrant pilgrim offerings.",Oct-Mar,https://thumb.wikimedia.org/wikipedia/commons/thumb/2/23/Sundarban_Tiger.jpg/960px-Sundarban_Tiger.jpg?utm_source=en.wikipedia.org&utm_campaign=api&utm_content=thumbnail
10957,Sri Chaitanya Mahaprabhu Temple Nabadwip,West Bengal,attraction,23.4,88.366667,budget,4.9,20179,"Situated in Prachin Mayapur in the historic holy city of Nabadwip on the western bank of the Bhagirathi River, revered as the sacred birthplace shrine of 15th-century divine incarnation Sri Chaitanya Mahaprabhu (1486-1534 CE), featuring a serene temple complex established under the sacred Neem tree under which Mahaprabhu appeared, enshrining an exquisite, rare antique deity of Gauranga carved from holy neem wood.",Oct-Mar,https://thumb.wikimedia.org/wikipedia/commons/thumb/8/86/Kapil_Muni_Temple.jpg/960px-Kapil_Muni_Temple.jpg?utm_source=en.wikipedia.org&utm_campaign=api&utm_content=thumbnail
10958,Sribas Angan Nabadwip Dham,West Bengal,attraction,23.411111,88.369444,budget,4.8,28338,"Situated in Nabadwip, celebrated as the historic birthplace of the Harinam Sankirtan movement, the courtyard of Sri Chaitanya's intimate associate Sribas Thakur (one of the Pancha Tattva), where behind closed doors in 1509 CE Mahaprabhu danced all night with his disciples in divine ecstasies of Krishna-prema, featuring an active temple complex with clay life-sized dioramas depicting the nocturnal Sankirtan pastimes.",Oct-Feb,https://upload.wikimedia.org/wikipedia/commons/1/1d/The_Imperial_Library.jpg?utm_source=en.wikipedia.org&utm_campaign=api&utm_content=thumbnail_unscaled
10959,Tantipara Handloom Weavers Colony Shantipur,West Bengal,attraction,23.25,88.433333,budget,4.5,15287,"Situated in the historic weaving quarter of Tantipara in Shantipur along the Bhagirathi River in Nadia district, celebrated since the 15th century under the patronage of the Gaudiya Vaishnava saints and Mughal governors as the heartland of Bengal's handloom textile industry, where thousands of traditional pit-looms and jacquard looms clatter rhythmically inside artisan homes, hand-weaving world-famous Shantipuri and Tangail fine-count cotton, silk, and jacquard sarees.",Oct-Feb,https://thumb.wikimedia.org/wikipedia/commons/thumb/d/d1/Parmadan_Forest_03.jpg/960px-Parmadan_Forest_03.jpg?utm_source=en.wikipedia.org&utm_campaign=api&utm_content=thumbnail
10960,Yogapith Mayapur (Chaitanya Birthplace),West Bengal,attraction,23.425,88.391667,budget,4.9,26245,"Situated in Antardwip, Mayapur on the eastern bank of the Bhagirathi River 1 km from the ISKCON TOVP temple, revered as the sacred historical birth-site of Sri Chaitanya Mahaprabhu, discovered through ancient survey maps and manuscripts in 1893 by Vaishnava scholar Srila Bhaktivinoda Thakur, featuring a soaring 100-foot white spire temple constructed in 1934 by Bhaktisiddhanta Sarasvati Thakura over the sacred Neem tree where Mahaprabhu was born on 18 February 1486.",Oct-Feb,https://thumb.wikimedia.org/wikipedia/commons/thumb/2/23/Sundarban_Tiger.jpg/960px-Sundarban_Tiger.jpg?utm_source=en.wikipedia.org&utm_campaign=api&utm_content=thumbnail
10961,Adyapeath Temple Dakshineswar,West Bengal,attraction,22.661111,88.361111,budget,4.9,11814,"Situated in Dakshineswar 2 km north of the historic Dakshineswar Kali Temple, founded in 1921 by mystic saint Sri Sri Annada Thakur following divine visions, celebrated for its unique and soaring white marble spire architecture and an extraordinary three-tiered mechanically elevated altar displaying Sri Ramakrishna at the bottom tier, Sri Sri Radha-Krishna in the middle tier, and Goddess Adya Ma (Adyashakti) on the supreme upper tier.",Oct-Mar,https://thumb.wikimedia.org/wikipedia/commons/thumb/c/ca/DSCN3187_%282%29.jpg/960px-DSCN3187_%282%29.jpg?utm_source=en.wikipedia.org&utm_campaign=api&utm_content=thumbnail
10962,Bibhuti Bhushan Wildlife Sanctuary,West Bengal,attraction,23.18682,88.75732,budget,4.0,246,"Also known as Parmadan Forest, an idyllic wildlife sanctuary along the banks of the Ichamati River named after literary icon Bibhutibhushan Bandyopadhyay, home to hundreds of spotted deer.",Oct-Feb,https://thumb.wikimedia.org/wikipedia/commons/thumb/d/d1/Parmadan_Forest_03.jpg/960px-Parmadan_Forest_03.jpg?utm_source=en.wikipedia.org&utm_campaign=api&utm_content=thumbnail
10963,Central Park,West Bengal,attraction,22.589105,88.41441,budget,4.7,6865,"Also known as Banabitan, the second largest open green urban lung in Kolkata metropolitan area, featuring a vast boating lake, rose garden, and butterfly conservatory.",Oct-Feb,https://thumb.wikimedia.org/wikipedia/commons/thumb/f/f1/Global_Citizen_Festival_Central_Park_New_York_City_from_NYonAir_%2815351915006%29.jpg/960px-Global_Citizen_Festival_Central_Park_New_York_City_from_NYonAir_%2815351915006%29.jpg?utm_source=en.wikipedia.org&utm_campaign=api&utm_content=thumbnail
10964,Chandraketugarh,West Bengal,attraction,22.69752,88.6884,budget,4.7,3808,"Located in the North 24 Parganas district of West Bengal, Chandraketugarh is a historically significant site that dates back to the 3rd century BC. This ancient city, which was once a major urban center of the Gangaridai kingdom, is now a treasure trove of archaeological remains, including a multitude of brick-built structures, water reservoirs, and a rich collection of terracotta artifacts. The site is nestled amidst a lush green landscape, with the Ichamati River flowing nearby, making it an ideal destination for nature lovers and adventure enthusiasts. As visitors trek through the ruins, they can experience the region's diverse flora and fauna, and enjoy a range of outdoor activities, including rock climbing, bird watching, and camping.",Oct-Feb,https://thumb.wikimedia.org/wikipedia/commons/thumb/9/9d/Khana-Mihir_Mound_-_Berachampa_2012-02-24_2346.JPG/960px-Khana-Mihir_Mound_-_Berachampa_2012-02-24_2346.JPG?utm_source=en.wikipedia.org&utm_campaign=api&utm_content=thumbnail
10965,Dakshineswar Kali Temple,West Bengal,attraction,22.654829,88.35752,budget,4.4,11015,"Historic 19th-century Navaratna architectural temple on the eastern bank of the Hooghly River founded by Rani Rashmoni in 1855, sanctified by mystic saint Ramakrishna Paramahamsa.",Oct-Mar,https://thumb.wikimedia.org/wikipedia/commons/thumb/3/32/Dakhineshwar_Temple_beside_the_Hoogly%2C_West_Bengal.JPG/960px-Dakhineshwar_Temple_beside_the_Hoogly%2C_West_Bengal.JPG?utm_source=en.wikipedia.org&utm_campaign=api&utm_content=thumbnail
10966,East Kolkata Wetlands (Ramsar Conservation Site),West Bengal,attraction,22.55,88.45,budget,4.4,23939,"Spanning 12,500 hectares across the eastern fringe of Kolkata, designated as a Ramsar Wetland of International Importance in 2002, celebrated globally as an ecological miracle and the 'Kidneys of Kolkata', recognized as the world's largest natural wastewater-fed aquaculture ecosystem where metropolitan city sewage is purified naturally through sunlight and micro-algae to cultivate tons of freshwater fish across 250 traditional bheris (fish ponds) and organic vegetable farms.",Oct-Feb,https://thumb.wikimedia.org/wikipedia/commons/thumb/3/3a/Nalban_Waterbody_-_16-bit_Two_Stop_Over_Exposure_-_Kolkata_2015-08-13_2188.TIF/lossy-page1-960px-Nalban_Waterbody_-_16-bit_Two_Stop_Over_Exposure_-_Kolkata_2015-08-13_2188.TIF.jpg?utm_source=en.wikipedia.org&utm_campaign=api&utm_content=thumbnail
10967,Eco Park New Town (Prakriti Tirtha),West Bengal,attraction,22.6,88.466667,budget,4.9,18317,"Spanning 480 acres around a massive 104-acre central water body in New Town Kolkata, recognized as the largest urban eco-park in India, divided into three thematic zones (ecological, theme gardens, and recreational), featuring full-scale and half-scale replicas of the Seven Wonders of the World (including the Taj Mahal, Great Pyramid, Colosseum, Christ the Redeemer, and Moai statues), a Japanese Garden, Butterfly Garden, and water zorbing.",Oct-Feb,https://thumb.wikimedia.org/wikipedia/commons/thumb/d/da/Lush_green_grass_along_the_lake.jpg/960px-Lush_green_grass_along_the_lake.jpg?utm_source=en.wikipedia.org&utm_campaign=api&utm_content=thumbnail
10968,Begunia Ancient Stone Temples Barakar,West Bengal,attraction,23.75,86.816667,budget,4.8,19185,"Situated in Begunia along the Barakar River on the border with Jharkhand in Paschim Bardhaman district, a remarkable cluster of four ancient stone rekha-deul temples dating from the 8th to the 16th centuries CE, representing some of the oldest surviving standing stone temple architecture in West Bengal, featuring curvilinear sikhara towers constructed of finely dressed sandstone without mortar, detailed floral bands, and ancient Sanskrit epigraphs.",Oct-Mar,https://thumb.wikimedia.org/wikipedia/commons/thumb/d/d1/Parmadan_Forest_03.jpg/960px-Parmadan_Forest_03.jpg?utm_source=en.wikipedia.org&utm_campaign=api&utm_content=thumbnail
10969,Churulia (Kazi Nazrul Islam Birthplace),West Bengal,attraction,23.783333,87.083333,budget,4.4,9299,"Situated on the banks of the Ajay River 17 km from Asansol, celebrated internationally as the village birthplace of the great 'Bidrohi Kobi' (Rebel Poet) Kazi Nazrul Islam (born 24 May 1899), featuring the Nazrul Academy museum exhibiting his original manuscripts, personal harmonium, handwritten poems, photographs, and the sacred samadhi tomb of his devoted Hindu wife Pramila Devi.",Oct-Feb,https://thumb.wikimedia.org/wikipedia/commons/thumb/3/3a/Nalban_Waterbody_-_16-bit_Two_Stop_Over_Exposure_-_Kolkata_2015-08-13_2188.TIF/lossy-page1-960px-Nalban_Waterbody_-_16-bit_Two_Stop_Over_Exposure_-_Kolkata_2015-08-13_2188.TIF.jpg?utm_source=en.wikipedia.org&utm_campaign=api&utm_content=thumbnail
10970,Deul Park & Ichhai Ghosher Deul Gourangapur,West Bengal,attraction,23.633333,87.433333,budget,4.9,13251,"Rising majestically on the forested southern bank of the Ajay River in Gourangapur 20 km from Durgapur, celebrated as 'Ichhai Ghosher Deul', a monumental 70-foot-tall curvilinear rekha-deul brick tower temple constructed in the 16th century by the legendary warrior chieftain Ichhai Ghosh (hero of medieval Bengali epic 'Dharmamangal'), featuring a soaring square brick sikhara decorated with intricate floral brick reliefs, set amidst a landscaped eco-park with boating and deer enclosure.",Oct-Feb,https://thumb.wikimedia.org/wikipedia/commons/thumb/8/8c/Front_view_of_the_arcades_of_Somaj_Bari%2C_Nabadwip.jpg/960px-Front_view_of_the_arcades_of_Somaj_Bari%2C_Nabadwip.jpg?utm_source=en.wikipedia.org&utm_campaign=api&utm_content=thumbnail
10971,Durgapur Barrage Paschim Bardhaman,West Bengal,attraction,23.475,87.3,budget,4.8,21041,"Constructed in 1955 across the mighty Damodar River by the Damodar Valley Corporation (DVC) between Durgapur in Paschim Bardhaman and Bankura district, a monumental 692-meter-long barrage featuring 34 massive steel sluice gates carrying a two-lane road bridge, forming an expansive aquatic reservoir with sandy riverbanks, pedal boating, and breathtaking sunset panoramas.",Oct-Feb,https://thumb.wikimedia.org/wikipedia/commons/thumb/b/b2/Sun_set_in_neora_valley.jpg/960px-Sun_set_in_neora_valley.jpg?utm_source=en.wikipedia.org&utm_campaign=api&utm_content=thumbnail
10972,Garh Jungle (Dharma Garh) Durgapur,West Bengal,attraction,23.6,87.483333,budget,4.9,7351,"Situated deep inside dense Sal, Mahua, and Palash forests in Kanksa block near Durgapur along the Ajay River, revered in the Markandeya Purana and Sri Sri Chandi as the ancient forest hermitage of sage Medhas Muni, where mythological king Raja Suratha and merchant Samadhi Vaishya meditated and performed the very first Durga Puja on earth, featuring the 16th-century terracotta Shyamarupa Temple, Medhas Muni hermitage, and serene forest trails.",Oct-Feb,https://thumb.wikimedia.org/wikipedia/commons/thumb/f/f0/Jod_Bangla_Terracotta_Temple%2C_Bishnupur%2C_West_Bengal.jpg/960px-Jod_Bangla_Terracotta_Temple%2C_Bishnupur%2C_West_Bengal.jpg?utm_source=en.wikipedia.org&utm_campaign=api&utm_content=thumbnail
10973,Ichai Ghosh's Deul Gourangapur,West Bengal,attraction,23.633333,87.416667,budget,4.5,10066,"Standing on a high river embankment overlooking the Ajay River in Gourangapur village in Kanksa block 30 km from Durgapur, an imposing 60-foot rekha-deul style brick temple constructed in the 16th-17th century by the descendants of legendary regional warrior-hero Ichai Ghosh (immortalized in the medieval Bengali folk epic Dharmamangal for defying the King of Gaur), featuring a soaring curvilinear shikhara, carved laterite plinth, and dense surrounding sal forests.",Oct-Feb,https://thumb.wikimedia.org/wikipedia/commons/thumb/e/ed/Common_Jezebel_at_Raiganj_Wildlife_Sanctuary.jpg/960px-Common_Jezebel_at_Raiganj_Wildlife_Sanctuary.jpg?utm_source=en.wikipedia.org&utm_campaign=api&utm_content=thumbnail
10974,Kalyaneshwari Temple Asansol,West Bengal,attraction,23.766667,86.833333,budget,4.9,15368,"Situated on the banks of the Barakar River 5 km from Maithon Dam in Kulti subdivision of Paschim Bardhaman, celebrated for over 500 years as a highly sacred Shakti pilgrimage center, built by King Kalyan Singh of the Panchakot raj, dedicated to Goddess Kalyaneshwari (a form of Goddess Kali as the 'Lady of Fulfillment' who blesses childless mothers), revered as the guardian patron deity of miners, engineers, and pilgrims across the Rarh region.",Oct-Mar,https://upload.wikimedia.org/wikipedia/commons/3/34/Town_Hall_Recent.jpg?utm_source=en.wikipedia.org&utm_campaign=api&utm_content=thumbnail_unscaled
10975,Maithon Dam & Lake Paschim Bardhaman,West Bengal,attraction,23.783333,86.816667,budget,4.9,11090,"Constructed in 1957 by the Damodar Valley Corporation (DVC) across the Barakar River on the border of West Bengal and Jharkhand 48 km from Asansol, a monumental 4,789-meter-long earthen and concrete dam rising 165 feet, forming a picturesque 65-square-kilometer azure water reservoir surrounded by forested hillocks, housing South Asia's first underground hydroelectric power station and the Sabuj Dweep deer island.",Oct-Feb,https://thumb.wikimedia.org/wikipedia/commons/thumb/f/f0/Jod_Bangla_Terracotta_Temple%2C_Bishnupur%2C_West_Bengal.jpg/960px-Jod_Bangla_Terracotta_Temple%2C_Bishnupur%2C_West_Bengal.jpg?utm_source=en.wikipedia.org&utm_campaign=api&utm_content=thumbnail
10976,Nehru Park & Riverside Gardens Burnpur,West Bengal,attraction,23.666667,86.95,budget,4.9,16323,"Sprawling across 55 verdant acres along the banks of the Damodar River in the industrial township of Burnpur 5 km from Asansol, originally developed by the Indian Iron and Steel Company (IISCO / SAIL), celebrated as the premier recreational park in the industrial belt, featuring rolling landscaped lawns, towering eucalyptus and mahogany groves, a 5-acre boating lake with pedal boats, animated musical dancing fountains, children's amusement rides, and riverside view terraces.",Oct-Feb,https://thumb.wikimedia.org/wikipedia/commons/thumb/8/8a/Mirik_Sumendu_Lake.jpg/960px-Mirik_Sumendu_Lake.jpg?utm_source=en.wikipedia.org&utm_campaign=api&utm_content=thumbnail
10977,St. Patrick's Church Asansol,West Bengal,attraction,23.683333,86.983333,budget,4.9,28387,"Constructed in 1891 by the Christian Brothers along G.T. Road in Asansol in Paschim Bardhaman district, celebrated as the premier Roman Catholic church in the industrial heartland of Bengal, featuring a magnificent Victorian Gothic stone and red-brick edifice with a prominent square bell tower, arched lancet windows, Italian marble altars, and an adjacent historic colonial school campus established in 1891.",Oct-Feb,https://thumb.wikimedia.org/wikipedia/commons/thumb/d/da/Padmaja_Naidu_Himalayan_Zoological_Park_Entrance.JPG/960px-Padmaja_Naidu_Himalayan_Zoological_Park_Entrance.JPG?utm_source=en.wikipedia.org&utm_campaign=api&utm_content=thumbnail
10978,Chandrakona Terracotta Heritage Town,West Bengal,attraction,22.733333,87.516667,budget,4.9,10034,"Situated in northern Paschim Medinipur 40 km from Midnapore, celebrated as a historic medieval royal capital founded in the 17th century by the Bhan kings and Raja Chandraketu, renowned for its dense cluster of monumental terracotta and laterite temples, including the 1655 CE Malleswar Shiva temple, the Pancharatna Laljiu temple, the Shovaleswar temple, the ruins of Ramgarh and Lalgarh laterite forts, and the sacred Khirpai brassware cottage units.",Oct-Feb,https://thumb.wikimedia.org/wikipedia/commons/thumb/d/da/Lush_green_grass_along_the_lake.jpg/960px-Lush_green_grass_along_the_lake.jpg?utm_source=en.wikipedia.org&utm_campaign=api&utm_content=thumbnail
10979,Gangani Grand Canyon of Bengal Garbeta,West Bengal,attraction,22.866667,87.35,budget,4.8,5084,"Situated on the scenic northern banks of the Silabati River in Garbeta subdivision 55 km from Midnapore, celebrated globally by geologists and travelers as the 'Grand Canyon of Bengal', an astonishing natural geological gorge where millennia of wind and water erosion have sculpted deep 70-foot vertical canyons, stepped ravines, fluted pillars, and cave labyrinths from blazing red laterite hardpan soil.",Oct-Feb,https://thumb.wikimedia.org/wikipedia/commons/thumb/0/00/Calcutta_High_Court.jpg/960px-Calcutta_High_Court.jpg?utm_source=en.wikipedia.org&utm_campaign=api&utm_content=thumbnail
10980,Gopegarh Heritage Eco Park Midnapore,West Bengal,attraction,22.433333,87.283333,budget,4.9,21557,"Sprawling across 130 acres of undulating laterite hillocks along the northern bank of the Kangsabati River 5 km from Midnapore town, established around the ancient laterite stone fort ruins of the medieval Gope kings, transformed by the state forest department into a premier eco-tourism park featuring elevated river watchtowers, a spotted deer enclosure, botanical gardens, and scenic walking trails.",Oct-Feb,https://thumb.wikimedia.org/wikipedia/commons/thumb/3/38/EVENT_HALL_HMI.jpg/960px-EVENT_HALL_HMI.jpg?utm_source=en.wikipedia.org&utm_campaign=imageinfo&utm_content=thumbnail
10981,Hijli Detention Camp & Nehru Museum (IIT Kharagpur),West Bengal,homestay,22.316667,87.3,budget,4.7,23505,"Situated inside the sprawling campus of IIT Kharagpur, established in 1930 as a notorious British colonial high-security detention camp to imprison Indian revolutionary freedom fighters, infamous for the tragic 16 September 1931 police firing in which unarmed detainees Santosh Kumar Mitra and Tarakeswar Sengupta were martyred, inaugurating on 18 August 1951 as the historic foundation site of the Indian Institute of Technology (IIT) Kharagpur by Prime Minister Nehru, housing the Nehru Museum of Science and Technology.",Oct-Mar,https://thumb.wikimedia.org/wikipedia/commons/thumb/f/f1/Global_Citizen_Festival_Central_Park_New_York_City_from_NYonAir_%2815351915006%29.jpg/960px-Global_Citizen_Festival_Central_Park_New_York_City_from_NYonAir_%2815351915006%29.jpg?utm_source=en.wikipedia.org&utm_campaign=api&utm_content=thumbnail
10982,Karnagarh Mahamaya Temple & Chuar Fort,West Bengal,attraction,22.483333,87.316667,mid,4.4,8292,"Situated 10 km north of Midnapore in Salboni block, celebrated as the historic fortified royal capital of the Karnagarh kings and their legendary warrior queen Rani Shiromani who led the fierce 1799 Chuar Peasant Rebellion against British East India Company land annexations, featuring the monumental 17th-century stone Anadilinga Mahamaya and Dandeswar Shiva temples enclosed by colossal 60-foot laterite stone fortress walls and moats.",Oct-Mar,https://thumb.wikimedia.org/wikipedia/commons/thumb/5/59/Gosaba_Police_Station.jpg/960px-Gosaba_Police_Station.jpg?utm_source=en.wikipedia.org&utm_campaign=api&utm_content=thumbnail
10983,Kurumbera Fort Keshiary,West Bengal,attraction,22.116667,87.2,mid,4.1,1020,"Situated in Gaganeshwar village in Keshiary block 30 km south of Kharagpur, an extraordinary 15th-century medieval laterite stone fortification built between 1438 and 1469 CE under King Kapilendra Deva of the Gajapati kingdom of Odisha, featuring a massive rectangular courtyard encircled by continuous arcaded stone pillared cloisters with three-domed structures, later renovated under Mughal Emperor Aurangzeb by Muhammad Tahir.",Oct-Feb,https://thumb.wikimedia.org/wikipedia/commons/thumb/e/ed/Shantiniketan_Bari_of_Rabindranath_Tagore.jpg/960px-Shantiniketan_Bari_of_Rabindranath_Tagore.jpg?utm_source=en.wikipedia.org&utm_campaign=api&utm_content=thumbnail
10984,Moghalmari & Dantan Buddhist Monastic Remains,West Bengal,attraction,21.983333,87.266667,budget,4.8,19923,"Situated in Moghalmari village near Dantan 50 km south of Kharagpur in Paschim Medinipur, an extraordinary archaeological discovery excavated by the University of Calcutta between 2003 and 2012, recognized as the largest and oldest excavated Buddhist monastic complex in West Bengal dating from the 6th to the 12th century CE, featuring massive brick tri-ratha monastic walls, lime-stucco relief figurines of Buddha and Avalokiteshwara, decorative terracotta tablets, and gold coins of the Post-Gupta period.",Oct-Feb,https://upload.wikimedia.org/wikipedia/commons/c/c4/Rishop%2Cwest_bengal%2CIndia.jpg?utm_source=en.wikipedia.org&utm_campaign=api&utm_content=thumbnail_unscaled
10985,Moghalmari Buddhist Monastery Site Dantan,West Bengal,attraction,21.966667,87.266667,budget,4.9,18491,"Situated in Dantan block 50 km from Kharagpur, an internationally significant archaeological site excavated by the University of Calcutta and State Directorate of Archaeology, revealing the expansive brick foundations of a 6th-to-12th century CE Buddhist monastery complex identified with the historic 'Raktamrittika Mahavihara' recorded by 7th-century Chinese traveler Xuanzang, yielding stucco figures of Buddha, votive stupas, and post-Gupta gold coins.",Oct-Feb,https://thumb.wikimedia.org/wikipedia/commons/thumb/f/f5/Elephant_safari.jpg/960px-Elephant_safari.jpg?utm_source=en.wikipedia.org&utm_campaign=api&utm_content=thumbnail
10986,108 Shiva Temple Complex Bardhaman (Nawabhat),West Bengal,attraction,23.266667,87.833333,budget,4.6,29067,"Constructed in 1788 CE by Maharani Bishnu Kumari (queen of Maharaja Tej Chandra Bahadur) at Nawabhat on the outskirts of Bardhaman, an architectural marvel comprising exactly 108 individual At-chala brick Shiva temples arranged in a vast rectangular quadrangle enclosing a central sacred water tank, each enshrining a consecrated black stone Shiva lingam, designed to offer continuous spiritual merit and ward off royal famine.",Oct-Mar,https://thumb.wikimedia.org/wikipedia/commons/thumb/b/b2/Sun_set_in_neora_valley.jpg/960px-Sun_set_in_neora_valley.jpg?utm_source=en.wikipedia.org&utm_campaign=api&utm_content=thumbnail
10987,108 Shiva Temples (Nava Kailash) Kalna,West Bengal,attraction,23.219444,88.361944,budget,4.9,25070,"Constructed in 1809 CE by Maharaja Tej Chandra Bahadur of Burdwan in the temple town of Ambika Kalna, an architectural marvel unique in the world comprising exactly 108 independent At-chala brick Shiva temples laid out in two concentric circular geometries: an outer circle of 74 temples symbolizing the material world (enshrining alternating black and white Shiva lingams) and an inner circle of 34 temples symbolizing spiritual purity (enshrining pure white marble lingams), representing the 108 beads of a rosary japamala.",Oct-Mar,https://thumb.wikimedia.org/wikipedia/commons/thumb/8/8c/Indian_Museum%2C_Courtyard%2C_Kolkata%2C_India.jpg/960px-Indian_Museum%2C_Courtyard%2C_Kolkata%2C_India.jpg?utm_source=en.wikipedia.org&utm_campaign=api&utm_content=thumbnail
10988,Attahas Shakti Peetha Katwa,West Bengal,attraction,23.633333,88.083333,budget,4.4,1260,"Situated near Dakshindihi village in Katwa subdivision of Purba Bardhaman district along the tranquil Ishani stream near the Ajay River confluence, revered as one of the 51 sacred Shakti Peethas where Goddess Sati's upper lip (Oshtha) fell, known as 'Attahas' (the divine ecstatic laughter of the Goddess), enshrining a massive ancient stone carving of Goddess Chamunda and the lingam of Bhairava Vishvesh.",Oct-Feb,https://thumb.wikimedia.org/wikipedia/commons/thumb/8/8a/Mirik_Sumendu_Lake.jpg/960px-Mirik_Sumendu_Lake.jpg?utm_source=en.wikipedia.org&utm_campaign=api&utm_content=thumbnail
10989,Bahula Shakti Peetha Ketugram Katwa,West Bengal,attraction,23.633333,88.083333,budget,4.9,22296,"Situated on the banks of the sacred Ajay River in Ketugram 14 km from Katwa in Purba Bardhaman district, recognized as one of the 51 sacred Shakti Peethas where the left arm of Goddess Sati fell, where she is venerated as Goddess Bahula ('The Abundant One') accompanied by Bhairava Bhiruk, featuring an ancient brick temple compound, sacred lotus pond, and tranquil riverfront cremation grove.",Oct-Feb,https://thumb.wikimedia.org/wikipedia/commons/thumb/8/88/PrincepGhat.jpg/960px-PrincepGhat.jpg?utm_source=en.wikipedia.org&utm_campaign=api&utm_content=thumbnail
10990,Curzon Gate & Bardhaman Rajbari,West Bengal,attraction,23.238889,87.861944,budget,4.9,15961,"Erected in 1903 at the bustling heart of Bardhaman by Maharaja Bijay Chand Mahtab to welcome British Viceroy Lord Curzon, an imposing neoclassical triumphal arch featuring Corinthian columns, royal crests, and sculptures of lions and angels, serving as the ceremonial gateway leading into the grand royal palace (Rajbari) of the Maharajas of Burdwan, whose sprawling royal estate houses Burdwan University, Golapbag gardens, and the royal tank Krishnasayar.",Oct-Feb,https://thumb.wikimedia.org/wikipedia/commons/thumb/8/8c/Front_view_of_the_arcades_of_Somaj_Bari%2C_Nabadwip.jpg/960px-Front_view_of_the_arcades_of_Somaj_Bari%2C_Nabadwip.jpg?utm_source=en.wikipedia.org&utm_campaign=api&utm_content=thumbnail
10991,Golapbag (Garden of Roses) Bardhaman,West Bengal,attraction,23.25,87.85,budget,4.9,21845,"Laid out in 1884 by Maharaja Bijay Chand Mahtab of the Burdwan royal family across 25 verdant acres in Bardhaman, celebrated as the historic 'Garden of Roses' ('Golapbag'), an enchanting botanical pleasure garden filled with hundreds of varieties of English and Persian roses, century-old banyan, camphor, and mahogany trees, sprawling water lily tanks, Victorian gazebos, and serving today as the verdant academic campus of the University of Burdwan.",Oct-Feb,https://thumb.wikimedia.org/wikipedia/commons/thumb/8/84/St._James_Church_9.jpg/960px-St._James_Church_9.jpg?utm_source=en.wikipedia.org&utm_campaign=api&utm_content=thumbnail
10992,Kankaleswari Kali Temple Bardhaman,West Bengal,attraction,23.216667,87.85,budget,4.9,11362,"Situated at Muradpur along the Banka River on the southern outskirts of Bardhaman town, celebrated as one of the most extraordinary and rare Shakta shrines in India, enshrining an exquisite 1,000-year-old black basalt stone idol of Goddess Chamunda / Kankaleswari ('Skeleton Goddess'), sculpted with anatomical perfection revealing every single rib, vein, and bone of the emaciated dancing goddess riding upon Lord Shiva.",Oct-Mar,https://thumb.wikimedia.org/wikipedia/commons/thumb/f/f5/Elephant_safari.jpg/960px-Elephant_safari.jpg?utm_source=en.wikipedia.org&utm_campaign=api&utm_content=thumbnail
10993,Krishnasayar Ecological Park & Lake Bardhaman,West Bengal,attraction,23.25,87.833333,budget,4.5,10501,"Excavated in 1691 CE by Maharaja Krishna Chandra Ray of the Burdwan royal dynasty across 33 sprawling acres in Bardhaman to mitigate famine and provide public drinking water, transformed into a premier ecological and cultural park, featuring a vast historic freshwater lake surrounded by walking promenades, musical dancing fountains, pedal boating facilities, an aquarium, and the venue for the annual Bardhaman Handicrafts and Flower Fair.",Oct-Feb,https://thumb.wikimedia.org/wikipedia/commons/thumb/c/cb/Howrah_bridge_at_night.jpg/960px-Howrah_bridge_at_night.jpg?utm_source=en.wikipedia.org&utm_campaign=api&utm_content=thumbnail
10994,Lalji & Krishnachandra 25-Pinnacled Temples Kalna,West Bengal,hotel,23.216667,88.366667,budget,4.7,25473,"Situated inside the historic Kalna Rajbari complex facing the 108 Shiva Temples, celebrated as two of the most monumental 25-pinnacled (Panchavimsati-ratna) terracotta temples in India: Lalji Temple (consecrated in 1739 CE by Queen Braja Kishori, the oldest ratna temple in Kalna, featuring a three-tiered roof crowned with 25 spires and a grand Natmandir), and Krishnachandra Temple (built in 1751 CE by Maharaja Tilakchand, covered in thousands of intricate terracotta plaques depicting battles from the Mahabharata and royal court scenes).",Oct-Mar,https://thumb.wikimedia.org/wikipedia/commons/thumb/8/86/Kapil_Muni_Temple.jpg/960px-Kapil_Muni_Temple.jpg?utm_source=en.wikipedia.org&utm_campaign=api&utm_content=thumbnail
10995,Mankar Terracotta Heritage Village,West Bengal,attraction,23.433333,87.55,budget,4.9,24569,"Situated in Galsi subdivision of Purba Bardhaman district 25 km from Durgapur, celebrated as an ancient trade settlement that flourished since the 16th century under local zamindars and silk merchants, renowned for its dense architectural ensemble of terracotta Shiva and Vishnu temples, including the 18th-century At-chala temples with terracotta battle plaques, ancient royal mansions (Bhattacharya and Roy Rajbaris), and traditional bell-metal cottage units.",Oct-Feb,https://thumb.wikimedia.org/wikipedia/commons/thumb/a/a6/Sunset_beauty_of_2nd_Hugly_Bridge.jpg/960px-Sunset_beauty_of_2nd_Hugly_Bridge.jpg?utm_source=en.wikipedia.org&utm_campaign=api&utm_content=thumbnail
10996,Meghnad Saha Planetarium Bardhaman,West Bengal,attraction,23.25,87.845,budget,4.9,24697,"Inaugurated in 1994 along the University of Burdwan campus in Bardhaman, named in honor of celebrated astrophysicist Professor Meghnad Saha (formulator of the world-famous Saha Ionization Equation), recognized as the premier space science and astronomy education center in central Bengal, featuring an 8-meter opto-mechanical planetarium dome projecting simulated night skies, constellation journeys, planetary flybys, and solar system science exhibits.",Oct-Feb,https://thumb.wikimedia.org/wikipedia/commons/thumb/7/78/Yiga_Choeling_Monastery%2C_Ghum_02.jpg/960px-Yiga_Choeling_Monastery%2C_Ghum_02.jpg?utm_source=en.wikipedia.org&utm_campaign=api&utm_content=thumbnail
10997,Pratapeshwar & Rajbari Temple Complex Kalna,West Bengal,attraction,23.218056,88.361111,budget,4.4,7487,"Situated directly opposite the 108 Shiva temples within the walled Rajbari complex in Kalna, featuring the breathtaking 1849 CE Pratapeshwar Temple (a 108-foot rekha-deul style temple with curvilinear shikhara and horizontal terracotta bands depicting Krishna, Durga, and battle scenes), the grand 1739 Lalji Temple with 25 spires (panchavimsati-ratna), and the 1751 Krishnachandra Temple.",Oct-Mar,https://thumb.wikimedia.org/wikipedia/commons/thumb/2/23/Sundarban_Tiger.jpg/960px-Sundarban_Tiger.jpg?utm_source=en.wikipedia.org&utm_campaign=api&utm_content=thumbnail
10998,Sarvamangala Temple Bardhaman,West Bengal,attraction,23.233333,87.85,budget,4.9,18697,"Constructed in 1702 CE by Maharaja Kirti Chand of the Burdwan royal family along the Sarvamangala road in Bardhaman, celebrated as the supreme presiding deity of the historic city of Burdwan, enshrining a priceless 1,000-year-old black touchstone (Kasthi Pathar) deity of eighteen-armed Goddess Mahishamardini Durga riding her lion, featuring traditional navaratna terracotta architecture and an active daily worship courtyard.",Oct-Mar,https://thumb.wikimedia.org/wikipedia/commons/thumb/0/0d/Mahakala_and_Companions_LACMA_M.77.19.11.jpg/960px-Mahakala_and_Companions_LACMA_M.77.19.11.jpg?utm_source=en.wikipedia.org&utm_campaign=api&utm_content=thumbnail
10999,Shyam Sayer Historic Royal Tank Bardhaman,West Bengal,attraction,23.245,87.858333,budget,4.9,7680,"Excavated in 1669 CE by Maharaja Krishna Ram Ray of the Burdwan royal dynasty across 25 acres in the heart of Bardhaman town, celebrated as one of the oldest and largest historic royal tanks in the district, surrounded by broad masonry ghats, ancient peepal and banyan trees, vibrant street food stalls, and the sacred Shyam Sundar Temple housing the royal family's ancestral Krishna deity.",Oct-Feb,https://thumb.wikimedia.org/wikipedia/commons/thumb/4/43/Tarapith_Temple_05.jpg/960px-Tarapith_Temple_05.jpg?utm_source=en.wikipedia.org&utm_campaign=api&utm_content=thumbnail
11000,Siddheshwari Kali Temple Kalna,West Bengal,attraction,23.216667,88.366667,budget,4.4,20463,"Constructed in 1740 CE during the reign of Maharaja Chitra Sen of the Burdwan royal dynasty in the historic temple town of Kalna, celebrated as one of the most sacred Shakta sanctuaries in central Bengal, founded originally in 1663 CE by mystic sage Bhabananda Thakur, built in the traditional brick At-chala architectural style, enshrining Goddess Siddheshwari Kali carved from sacred neem wood, famous for its ancient tantric Panchamundi Asana altar.",Oct-Mar,https://thumb.wikimedia.org/wikipedia/commons/thumb/1/12/National_Library%2C_Calcutta_2007.jpg/960px-National_Library%2C_Calcutta_2007.jpg?utm_source=en.wikipedia.org&utm_campaign=api&utm_content=thumbnail
11001,Baguran Jalpai Virgin Beach,West Bengal,attraction,21.75,87.8,budget,4.7,1451,"Situated 12 km from Contai along the quiet coastline of Purba Medinipur 160 km from Kolkata, celebrated as an idyllic hidden beach that has remained completely free of commercial commercialization, characterized by dense emerald casuarina groves running directly down to golden hard-packed sand, millions of red ghost crabs scurrying along the waterline, and gentle rolling waves.",Oct-Feb,https://upload.wikimedia.org/wikipedia/commons/1/1d/The_Imperial_Library.jpg?utm_source=en.wikipedia.org&utm_campaign=api&utm_content=thumbnail_unscaled
11002,Bankiput Beach & Dariapur Lighthouse,West Bengal,attraction,21.783333,87.833333,budget,4.7,2997,"Nestled near Contai in Purba Medinipur, an extraordinarily secluded virgin beach framed by dense casuarina woodlands, red crabs, and mudflats, historically celebrated as the setting for Bankim Chandra Chattopadhyay's legendary 1866 Bengali romantic novel 'Kapalkundala', featuring the nearby historic 75-foot Dariapur Lighthouse built in 1968 and the ancient Kapalkundala Kali temple.",Oct-Feb,https://thumb.wikimedia.org/wikipedia/commons/thumb/e/ed/Common_Jezebel_at_Raiganj_Wildlife_Sanctuary.jpg/960px-Common_Jezebel_at_Raiganj_Wildlife_Sanctuary.jpg?utm_source=en.wikipedia.org&utm_campaign=api&utm_content=thumbnail
11003,Bargabhima Temple Tamluk (Tamralipta),West Bengal,attraction,22.295,87.925,budget,4.8,28238,"Situated in the ancient maritime port city of Tamluk (the classical port of Tamralipta recorded by Ptolemy, Faxian, and Xuanzang) on the Rupnarayan River, celebrated as one of the sacred 51 Shakti Peethas where Sati's left ankle fell, enshrining an ancient black basalt monolithic deity of Goddess Bargabhima (Bhimakali) sculpted in Ugra-Tara form trampling Lord Shiva, housed inside a fortress-like stone temple built on a massive elevated terrace.",Oct-Mar,https://thumb.wikimedia.org/wikipedia/commons/thumb/d/da/Lush_green_grass_along_the_lake.jpg/960px-Lush_green_grass_along_the_lake.jpg?utm_source=en.wikipedia.org&utm_campaign=api&utm_content=thumbnail
11004,Chandpur Beach Purba Medinipur,West Bengal,attraction,21.633333,87.6,budget,4.7,7572,"Nestled halfway between Shankarpur and Mandarmani along the coast of Purba Medinipur, an extraordinarily secluded virgin beach that has escaped commercial resort development, characterized by whispering casuarina woodlands, striking red-tinted coastal sand dunes, crashing surf, and absolute peace where the only sounds are calling seagulls and rolling waves.",Oct-Feb,https://thumb.wikimedia.org/wikipedia/commons/thumb/c/cb/Howrah_bridge_at_night.jpg/960px-Howrah_bridge_at_night.jpg?utm_source=en.wikipedia.org&utm_campaign=api&utm_content=thumbnail
11005,Digha Beach & Sea Promenade,West Bengal,attraction,21.628056,87.508056,budget,4.8,28441,"Stretching for 7 kilometers along the Bay of Bengal, West Bengal's premier coastal resort destination, famous for shallow waters, extremely hard flat sand suitable for beach sports, casuarina plantations, and the modern Digha sea promenade.",Oct-Feb,https://thumb.wikimedia.org/wikipedia/commons/thumb/3/37/Laxminarayan_Temple_in_New_Delhi_03-2016.jpg/960px-Laxminarayan_Temple_in_New_Delhi_03-2016.jpg?utm_source=en.wikipedia.org&utm_campaign=api&utm_content=thumbnail
11006,Digha Mohana & Marine Fish Market,West Bengal,attraction,21.633333,87.533333,budget,4.9,13002,"Situated at the eastern end of Old Digha where the Champa River flows into the Bay of Bengal, celebrated as a dramatic scenic estuary and the foremost marine fish trading center in eastern India, where hundreds of colorful mechanized deep-sea trawlers gather at dawn to auction tons of fresh sea fish including Hilsa, Pomfret, King Prawns, and stingrays amidst swirling flocks of seagulls.",Oct-Feb,https://thumb.wikimedia.org/wikipedia/commons/thumb/e/ed/Common_Jezebel_at_Raiganj_Wildlife_Sanctuary.jpg/960px-Common_Jezebel_at_Raiganj_Wildlife_Sanctuary.jpg?utm_source=en.wikipedia.org&utm_campaign=api&utm_content=thumbnail
11007,Geonkhali Three-River Confluence & Estuary,West Bengal,attraction,22.183333,88.05,budget,4.6,10512,"Situated at the picturesque southeastern tip of Purba Medinipur district 25 km from Haldia, celebrated as one of southern Bengal's most scenic water bodies, where the sacred Hooghly, the wide Rupnarayan, and the Damodar rivers converge into an expansive sea-like estuarine water sheet, lined by whispering casuarina and eucalyptus groves, historic river lighthouses, country boat jetties, and water treatment plants.",Oct-Feb,https://thumb.wikimedia.org/wikipedia/commons/thumb/8/84/St._James_Church_9.jpg/960px-St._James_Church_9.jpg?utm_source=en.wikipedia.org&utm_campaign=api&utm_content=thumbnail
11008,Haldia Riverside & Marine Promenade,West Bengal,attraction,22.066667,88.066667,budget,4.6,23410,"Situated at the vast aquatic confluence where the Haldi River empties into the mighty Hooghly River in Purba Medinipur 120 km from Kolkata, celebrated as a vibrant industrial port city and scenic riverfront destination, featuring the landscaped Haldia Riverside Promenade, the Marine Drive water park, the Indian Oil Corporation (IOCL) green belt, and wide viewpoints where international oil tankers and container ships navigate.",Oct-Feb,https://thumb.wikimedia.org/wikipedia/commons/thumb/0/00/Calcutta_High_Court.jpg/960px-Calcutta_High_Court.jpg?utm_source=en.wikipedia.org&utm_campaign=api&utm_content=thumbnail
11009,Junput Beach & Marine Research Centre,West Bengal,attraction,21.716667,87.816667,budget,4.7,3729,"Situated 9 km from Contai along the coast of Purba Medinipur, an expansive and tranquil coastal beach famous for its wide hard-packed intertidal sands lined with dense tamarisk trees, the state government's Marine Biology and Brackish-Water Aquaculture Research Station, duck-breeding farms, and traditional coastal dry-fish harvesting operations.",Oct-Feb,https://thumb.wikimedia.org/wikipedia/commons/thumb/0/0d/Mahakala_and_Companions_LACMA_M.77.19.11.jpg/960px-Mahakala_and_Companions_LACMA_M.77.19.11.jpg?utm_source=en.wikipedia.org&utm_campaign=api&utm_content=thumbnail
11010,Mahishadal Rajbari & Terracotta Temples,West Bengal,attraction,22.183333,87.983333,budget,4.7,16566,"Situated 15 km from Haldia in Purba Medinipur, celebrated as the historic 18th-century palatial seat of the Garg dynasty of Mahishadal, featuring two monumental royal palaces: the Old Palace (Rangibash built in 1778) and the grand neoclassical Phoolbagh Palace (built in 1935 with Italian marble, Corinthian columns, stuffed wild animals, and antique weaponry), alongside the majestic 1788 Navaratna Gopal Jiu terracotta temple and grand Rath chariot.",Oct-Mar,https://thumb.wikimedia.org/wikipedia/commons/thumb/8/81/The_Cooch_Behar_Palace_or_the_Cooch_Behar_Rajbari%2C_Cooch_Behar_District%2C_West_Bengal%2C_India_01.jpg/960px-The_Cooch_Behar_Palace_or_the_Cooch_Behar_Rajbari%2C_Cooch_Behar_District%2C_West_Bengal%2C_India_01.jpg?utm_source=en.wikipedia.org&utm_campaign=api&utm_content=thumbnail
11011,Mandarmani Beach Purba Medinipur,West Bengal,attraction,21.666667,87.7,budget,4.6,23633,"Stretching for 13 kilometers along the Bay of Bengal 30 km east of Digha, recognized as one of India's longest drive-in beaches with hard packed sand, famous for millions of small red ghost crabs (Lal Kankra) that blanket the virgin mudflats, thrilling water sports like parasailing, jet skiing, banana boat rides, and seaside luxury beach resorts.",Oct-Feb,https://thumb.wikimedia.org/wikipedia/commons/thumb/d/da/Padmaja_Naidu_Himalayan_Zoological_Park_Entrance.JPG/960px-Padmaja_Naidu_Himalayan_Zoological_Park_Entrance.JPG?utm_source=en.wikipedia.org&utm_campaign=api&utm_content=thumbnail
11012,Panskura Flower Valley (Kangsabati River),West Bengal,attraction,22.416667,87.7,budget,4.9,8315,"Situated along the alluvial fertile floodplains of the Kangsabati River in Panskura block of Purba Medinipur 25 km from Kharagpur, celebrated across eastern India as the 'Valley of Flowers of Bengal', where hundreds of contiguous acres of agricultural fields are blanketed in dazzling carpets of bright yellow and orange marigolds, red roses, fragrant tuberoses, chrysanthemums, and gladioli cultivated for flower markets.",Oct-Feb,https://thumb.wikimedia.org/wikipedia/commons/thumb/0/00/Calcutta_High_Court.jpg/960px-Calcutta_High_Court.jpg?utm_source=en.wikipedia.org&utm_campaign=api&utm_content=thumbnail
11013,Shankarpur Beach & Fishing Harbour,West Bengal,attraction,21.633333,87.566667,budget,4.9,24973,"Located 14 km east of Digha along the coast, celebrated as a serene, uncrowded alternative to Digha, characterized by wide sandy beaches sheltered by thick whispering casuarina and eucalyptus groves, alongside West Bengal's premier mechanized deep-sea fishing harbour where hundreds of colorful trawlers unload fresh catches of Hilsa, Pomfret, and tiger prawns daily.",Oct-Feb,https://thumb.wikimedia.org/wikipedia/commons/thumb/d/de/Calcutta_Jain_Temple-Sheetalnath_Mandir-P1080642.jpg/960px-Calcutta_Jain_Temple-Sheetalnath_Mandir-P1080642.jpg?utm_source=en.wikipedia.org&utm_campaign=api&utm_content=thumbnail
11014,Tajpur Beach,West Bengal,attraction,21.65118,87.63508,budget,4.6,5235,"Tajpur Beach, located in the East Midnapore district of West Bengal, is a tranquil and serene destination that offers a unique blend of beach activities and forest adventures. The beach is surrounded by dense forests of Mangrove and Sal trees, creating a perfect setting for nature lovers and those seeking a peaceful getaway. With its calm and crystal-clear waters, Tajpur Beach is an ideal spot for swimming, sunbathing, and beach walks. The beach is also a popular spot for boat rides, allowing visitors to explore the nearby estuaries and mangrove forests. The local culture is a mix of traditional Bengali and tribal influences, with several festivals and fairs taking place throughout the year, including the Tajpur Beach Festival, which showcases the local music, dance, and art.",Oct-Feb,https://thumb.wikimedia.org/wikipedia/commons/thumb/d/d1/Parmadan_Forest_03.jpg/960px-Parmadan_Forest_03.jpg?utm_source=en.wikipedia.org&utm_campaign=api&utm_content=thumbnail
11015,Tamluk Rajbari & Mayuradwaj Ancient Citadel Ruins,West Bengal,attraction,22.3,87.916667,budget,4.5,8701,"Situated in the historic heart of Tamluk (ancient Tamralipta) overlooking the Rupnarayan River, the historic royal seat of the ancient Mayuradwaj dynasty described in the Mahabharata and recorded by Roman geographer Ptolemy and Chinese pilgrim Faxian, featuring the imposing 18th-century brick palace gateway, royal courtyards, subterranean escape tunnels, ancient brick wells, and the adjacent Tamralipta Archaeological Museum displaying 2,500-year-old terracotta figurines.",Oct-Feb,https://thumb.wikimedia.org/wikipedia/commons/thumb/2/23/Sundarban_Tiger.jpg/960px-Sundarban_Tiger.jpg?utm_source=en.wikipedia.org&utm_campaign=api&utm_content=thumbnail
11016,Udaipur Beach (Bengal-Odisha Border),West Bengal,attraction,21.616667,87.483333,budget,4.9,16229,"Situated 3 km west of New Digha directly on the border between West Bengal and Odisha, an exceptionally peaceful and pristine coastal beach characterized by gentle surf, wide stretches of uncrowded sand sheltered by whispering casuarina groves, rustic thatch stalls serving fresh coconut water and fried fish, and wooden catamarans resting on the dunes.",Oct-Feb,https://thumb.wikimedia.org/wikipedia/commons/thumb/f/f5/Elephant_safari.jpg/960px-Elephant_safari.jpg?utm_source=en.wikipedia.org&utm_campaign=api&utm_content=thumbnail
11017,Ayodhya Hills (Ajodhya Pahar) Purulia,West Bengal,attraction,23.216667,86.133333,budget,4.9,18990,"An undulating range of rugged granite and gneiss hills rising to 2,350 feet on the eastern fringes of the Chota Nagpur Plateau, celebrated in folklore as the resting place of Lord Rama and Sita, famous for rock climbing, gushing cascades like Bamni and Turga falls, and the vast Upper and Lower Dam reservoirs.",Oct-Feb,https://thumb.wikimedia.org/wikipedia/commons/thumb/2/2a/Sajnekhali_wildlife_Sanctuary_in_Sundarban_02.jpg/960px-Sajnekhali_wildlife_Sanctuary_in_Sundarban_02.jpg?utm_source=en.wikipedia.org&utm_campaign=api&utm_content=thumbnail
11018,Bamni Falls & Turga Falls Ajodhya Hills,West Bengal,attraction,23.2,86.083333,budget,4.4,11277,"Situated in the dense Sal and Mahua forests of the Ajodhya Hills in Baghmundi block, a pair of celebrated perennial mountain waterfalls: Bamni Falls (tumbling gracefully down stepped granite boulder terraces with clear rocky plunge pools) and Turga Falls (situated on the Turga stream near the upper pumped storage dam), celebrated for picturesque canyon hiking trails and crystal-clear mountain streams.",Oct-Feb,https://thumb.wikimedia.org/wikipedia/commons/thumb/a/aa/Happy_Valley_Tea_Estate%2C_Darjeeling.jpg/960px-Happy_Valley_Tea_Estate%2C_Darjeeling.jpg?utm_source=en.wikipedia.org&utm_campaign=api&utm_content=thumbnail
11019,Banda Deul 11th-Century Stone Temple,West Bengal,attraction,23.616667,86.75,budget,4.4,2575,"Standing in solitary majesty amidst lush green agricultural fields near Chelyama in Raghunathpur subdivision of Purulia, an extraordinary 11th-century CE sandstone deul temple built in the classical Triratha rekha-deul style, rising 45 feet with a gently curving shikhara topped by an amalaka disc, featuring ornate stone lintels carved with floral scrollwork, miniature chaitya arches, and figures of sacred deities.",Oct-Mar,https://thumb.wikimedia.org/wikipedia/commons/thumb/1/12/National_Library%2C_Calcutta_2007.jpg/960px-National_Library%2C_Calcutta_2007.jpg?utm_source=en.wikipedia.org&utm_campaign=api&utm_content=thumbnail
11020,Baranti Lake (Muradi Dam) Purulia,West Bengal,attraction,23.583333,86.833333,budget,4.9,7560,"Situated in the northern corner of Purulia district between two scenic isolated hills (Muradi Hill and Baranti Hill), a serene water reservoir formed by an earthen irrigation dam on the Ramchandrapur water project, celebrated for its crystal-clear water reflecting rolling red hills, flaming red Palash blossoms that turn the landscape fiery crimson in spring, and breathtaking sunset panoramas.",Oct-Feb,https://thumb.wikimedia.org/wikipedia/commons/thumb/2/2a/Sajnekhali_wildlife_Sanctuary_in_Sundarban_02.jpg/960px-Sajnekhali_wildlife_Sanctuary_in_Sundarban_02.jpg?utm_source=en.wikipedia.org&utm_campaign=api&utm_content=thumbnail
11021,Charida Chhau Mask Village Purulia,West Bengal,attraction,23.183333,86.05,budget,4.7,11015,"Nestled in the Baghmundi block at the foot of the Ajodhya Hills in Purulia, celebrated internationally as the craft village of Chhau dance masks, where over 500 traditional artisan families (Sutradhar community) handcraft the elaborate, colorful paper-pulp and clay masks worn during UNESCO-recognized Purulia Chhau acrobatic dance dramas, depicting fierce mythological deities like Goddess Durga, Mahishasura, Rama, and Ravana.",Oct-Feb,https://thumb.wikimedia.org/wikipedia/commons/thumb/9/91/Elliot_Park_monument_sign._%28May_19%2C_2025%29.jpg/960px-Elliot_Park_monument_sign._%28May_19%2C_2025%29.jpg?utm_source=en.wikipedia.org&utm_campaign=api&utm_content=thumbnail
11022,Deulghata Terracotta Temple Complex Purulia,West Bengal,attraction,23.25,86.25,budget,4.6,2235,"Situated on the scenic banks of the Kansai (Kangsabati) River in Arsha block 30 km southwest of Purulia town, a monumental archaeological site housing the towering 60-foot ruins of two surviving 10th-11th century CE brick and laterite deul temples (out of an original cluster of fifteen shrines), celebrated for their curvilinear rekha-deul shikharas adorned with intricate stucco floral plasterwork, lotus carvings, and chaitya motifs.",Oct-Mar,https://thumb.wikimedia.org/wikipedia/commons/thumb/1/1a/Upper_Dam.jpg/960px-Upper_Dam.jpg?utm_source=en.wikipedia.org&utm_campaign=api&utm_content=thumbnail
11023,Duarsini,West Bengal,attraction,23.04974,86.56573,budget,4.3,1334,"Duarsini, located in the Birbhum district of West Bengal, is a haven for adventure seekers and nature enthusiasts. The region is characterized by its unique landscape of laterite rocks, rolling hills, and dense forests, which are home to a diverse range of flora and fauna. As a trekking destination, Duarsini offers a plethora of trails that cater to different skill levels, from easy to challenging, allowing visitors to immerse themselves in the serene surroundings and experience the thrill of exploration. With its rich cultural heritage and stunning natural beauty, Duarsini is an ideal getaway for those seeking a mix of adventure, relaxation, and cultural immersion.",Oct-Feb,https://thumb.wikimedia.org/wikipedia/commons/thumb/c/cb/Howrah_bridge_at_night.jpg/960px-Howrah_bridge_at_night.jpg?utm_source=en.wikipedia.org&utm_campaign=api&utm_content=thumbnail
11024,Duarsini Tribal Eco-Tourism Hamlet,West Bengal,attraction,22.783333,86.45,budget,4.6,6014,"Situated in Bandwan block at the southern tip of Purulia bordering Jharkhand, an idyllic forest village on the meandering rocky banks of the Satgurum River, surrounded by the rolling green Bhalo hills and dense sal, shimul, and palash forests, home to indigenous Santhal, Munda, and Kheria tribal communities, featuring rustic WBFDC tree cottages, nature trails, and vibrant tribal dance and music under starry skies.",Oct-Feb,https://upload.wikimedia.org/wikipedia/commons/c/c4/Rishop%2Cwest_bengal%2CIndia.jpg?utm_source=en.wikipedia.org&utm_campaign=api&utm_content=thumbnail_unscaled
11025,Gajaburu Hills & Rock Formations Purulia,West Bengal,attraction,23.183333,86.05,budget,4.3,939,"Rising to an altitude of 2,220 feet (677 meters) in the southern Ajodhya Hills plateau near Baghmundi, celebrated as the highest mountain summit in the Ajodhya hill range, famous for its bizarre weathered granite boulder formations, natural rock-climbing faces, panoramic views over the Purulia tribal plains, and dense woodlands harboring wild peacocks, barking deer, and leopards.",Oct-Feb,https://thumb.wikimedia.org/wikipedia/commons/thumb/8/81/Belur_Math%2C_Howrah.jpg/960px-Belur_Math%2C_Howrah.jpg?utm_source=en.wikipedia.org&utm_campaign=api&utm_content=thumbnail
11026,Garh Panchakot Ruins Purulia,West Bengal,attraction,23.633333,86.766667,budget,4.8,10828,"Sprawling across the densely forested eastern foothills of Panchet Hill in Neturia block 60 km from Purulia town, the monumental ruined archaeological capital and hill fortress of the Panchakot royal dynasty founded in 940 CE by Damodar Sekhar, featuring the stone and terracotta ruins of a 17th-century Pancharatna temple, fortified gates (Arko Dwar), moats, and a 500-foot stone fortress destroyed during the Maratha Bargi invasion of 1744.",Oct-Feb,https://thumb.wikimedia.org/wikipedia/commons/thumb/9/92/065.STARTED_FROM_HOTEL_MANISH_ON_14.08.2017_AT_02-30_P.M._FOR_HOWRAH_RAILWAY_STATION_BY_HIRED_TAXI.jpg/960px-065.STARTED_FROM_HOTEL_MANISH_ON_14.08.2017_AT_02-30_P.M._FOR_HOWRAH_RAILWAY_STATION_BY_HIRED_TAXI.jpg?utm_source=en.wikipedia.org&utm_campaign=api&utm_content=thumbnail
11027,Garhpanchkot,West Bengal,attraction,23.6196,86.7797,budget,3.9,317,"Garhpanchkot is a historical site situated at the foothills of Panchet Hill in the Purulia district of West Bengal. The ruins are remnants of a medieval fort and temple complex constructed by the Panchkot Raj dynasty. Characterized by beautiful terracotta architecture and structures like the Pancharatna temple, the site is surrounded by dense forests and is located close to the scenic Panchet Dam on the Damodar River.",Oct-Feb,https://thumb.wikimedia.org/wikipedia/commons/thumb/f/f5/Elephant_safari.jpg/960px-Elephant_safari.jpg?utm_source=en.wikipedia.org&utm_campaign=api&utm_content=thumbnail
11028,Joychandi Pahar Purulia,West Bengal,attraction,23.55,86.666667,budget,4.5,24492,"Rising 500 feet above the red-soil plains 5 km from Adra in Purulia district, an iconic monolithic granite boulder hill featuring a stone flight of 520 steps leading to the sacred Joychandi Mata temple at the breezy peak, globally immortalized by legendary director Satyajit Ray as the primary shooting location for his 1969 fantasy classic 'Goopy Gyne Bagha Byne', serving as eastern India's foremost basic rock-climbing training center.",Oct-Feb,https://thumb.wikimedia.org/wikipedia/commons/thumb/5/59/Gosaba_Police_Station.jpg/960px-Gosaba_Police_Station.jpg?utm_source=en.wikipedia.org&utm_campaign=api&utm_content=thumbnail
11029,Khairabera Dam & Eco-Adventure Hub,West Bengal,attraction,23.166667,86.15,budget,4.4,1795,"Situated in Baghmundi block 67 km from Purulia town, a picturesque irrigation dam on the Kangshabati river channel cradled amidst rolling forested hills, recognized as an award-winning eco-tourism and adventure hub, offering luxury tented accommodations, kayaking, paddle boating across placid waters, mountain cycling trails, and evening open-air tribal Chhau dance performances around campfires.",Oct-Feb,https://thumb.wikimedia.org/wikipedia/commons/thumb/7/7c/Digha_Tourist_Lodge_front_yard_1.jpg/960px-Digha_Tourist_Lodge_front_yard_1.jpg?utm_source=en.wikipedia.org&utm_campaign=api&utm_content=thumbnail
11030,Marble Lake (Blue Lake) Ajodhya Hills,West Bengal,attraction,23.216667,86.1,budget,4.9,13996,"Formed inside a decommissioned stone quarry during the construction of the Purulia Pumped Storage Project in the Ajodhya Hills, an extraordinary natural wonder popularly called 'Marble Lake' or 'Blue Lake', featuring deep turquoise-emerald water framed by towering 80-foot vertical white and grey metamorphic granite cliffs, creating an exotic canyon landscape reminiscent of European mountain quarries.",Oct-Feb,https://upload.wikimedia.org/wikipedia/commons/c/c4/Rishop%2Cwest_bengal%2CIndia.jpg?utm_source=en.wikipedia.org&utm_campaign=api&utm_content=thumbnail_unscaled
11031,Matha Forest & Sirrkabad Purulia,West Bengal,attraction,23.216667,86.133333,budget,4.9,24419,"Situated in the western fringes of the Ajodhya Hills 40 km from Purulia town near Sirrkabad, a spectacular wilderness forest range spanning hundreds of acres of dense Sal, Palash, and Mahua woodlands, famous for the rugged granite rocky monoliths of Matha Buru (Pakhi Pahar) where state rock-climbing and mountaineering training courses are conducted, colorful Santhal tribal murals, and quiet forest tent campsites.",Oct-Feb,https://thumb.wikimedia.org/wikipedia/commons/thumb/0/03/Birla_Industrial_%26_Technological_Museum%2C_Kolkata.jpg/960px-Birla_Industrial_%26_Technological_Museum%2C_Kolkata.jpg?utm_source=en.wikipedia.org&utm_campaign=api&utm_content=thumbnail
11032,Murguma Dam & Sahrajhore Lake Purulia,West Bengal,attraction,23.316667,86.05,budget,4.5,6325,"Constructed on the Sahrajhore River at the northern foothills of the Ajodhya Hills near Begunkodar, a serene earthen irrigation dam forming a vast sapphire water reservoir surrounded by the Kenkechewa and Girigiri tribal hills, dense sal and eucalyptus woodlands, and rustic tribal villages, celebrated as a peaceful camping and eco-tourism destination with reflection views of sunset over the water.",Oct-Feb,https://thumb.wikimedia.org/wikipedia/commons/thumb/4/4a/Jalpesh_Temple.jpg/960px-Jalpesh_Temple.jpg?utm_source=en.wikipedia.org&utm_campaign=api&utm_content=thumbnail
11033,Pakbirra Jain Temple Ruins Purulia,West Bengal,attraction,23.166667,86.666667,budget,4.6,9113,"Located in Puncha block 40 km from Purulia town, the most significant surviving medieval Jain archaeological site in West Bengal, featuring three intact 9th-10th century CE chlorite stone deul temples and ruins of numerous shrines built by early Jain settlers, housing a colossal 8.5-foot monolithic stone statue of the 10th Tirthankara Shitalanatha and seated idols of Rishabhanatha and Parsvanatha.",Oct-Mar,https://thumb.wikimedia.org/wikipedia/commons/thumb/1/12/National_Library%2C_Calcutta_2007.jpg/960px-National_Library%2C_Calcutta_2007.jpg?utm_source=en.wikipedia.org&utm_campaign=api&utm_content=thumbnail
11034,Panchet Dam & Hydroelectric Reservoir Purulia,West Bengal,attraction,23.683333,86.75,budget,4.4,28448,"Inaugurated in December 1959 by Prime Minister Jawaharlal Nehru on the Damodar River straddling the border between Purulia district of West Bengal and Dhanbad district of Jharkhand, celebrated as the largest and final multipurpose dam of the historic Damodar Valley Corporation (DVC), spanning 4 miles (6.7 kilometers) across the river, backed by a sprawling 15,000-acre reservoir framed dramatically by the forested granite backdrop of Panchet Hill.",Oct-Feb,https://thumb.wikimedia.org/wikipedia/commons/thumb/4/43/Tarapith_Temple_05.jpg/960px-Tarapith_Temple_05.jpg?utm_source=en.wikipedia.org&utm_campaign=api&utm_content=thumbnail
11035,Purulia Pumped Storage Project (Upper & Lower Dams),West Bengal,attraction,23.183333,86.116667,budget,4.4,29251,"Constructed across the rocky Ajodhya plateau in Baghmundi block 50 km from Purulia town, recognized as one of the largest pumped-storage hydroelectric engineering projects in Asia with a generating capacity of 900 megawatts, featuring two colossal artificial reservoirs: the high-altitude Upper Dam perched atop the Ajodhya ridge at 1,600 feet, and the serene Lower Dam nestled in the foothill valley, celebrated for their turquoise blue waters surrounded by white granite cliffs and rolling forests.",Oct-Feb,https://thumb.wikimedia.org/wikipedia/commons/thumb/1/1a/Upper_Dam.jpg/960px-Upper_Dam.jpg?utm_source=en.wikipedia.org&utm_campaign=api&utm_content=thumbnail
11036,Telkupi Submerged Temples Panchet Dam Purulia,West Bengal,attraction,23.65,86.6,budget,4.8,21956,"Situated on the southern bank of the Damodar River in Neturia block of Purulia district, historically the ancient capital of the Tailakampa kingdom described by medieval traveler Sandhyakar Nandi, home to over 20 monumental 11th-century stone rekha-deul temples that were tragically submerged when the Panchet Dam was constructed in 1959, whose weathered stone spires and amalaka finials emerge dramatically from the reservoir waters during the dry winter and summer months.",Oct-Mar,https://thumb.wikimedia.org/wikipedia/commons/thumb/f/f0/Jod_Bangla_Terracotta_Temple%2C_Bishnupur%2C_West_Bengal.jpg/960px-Jod_Bangla_Terracotta_Temple%2C_Bishnupur%2C_West_Bengal.jpg?utm_source=en.wikipedia.org&utm_campaign=api&utm_content=thumbnail
11037,Turga Dam & Lake Ajodhya Hills,West Bengal,attraction,23.2,86.083333,budget,4.8,5750,"Situated in the southern foothills of the Ajodhya Hills near Baghmundi, an idyllic sapphire-blue freshwater reservoir created across the mountain stream fed by the roaring Turga Falls, surrounded by pristine sal and eucalyptus woodlands, celebrated for its glassy clear waters, rolling green hills, wooden watchtowers, and rustic tribal pottery stalls.",Oct-Feb,https://thumb.wikimedia.org/wikipedia/commons/thumb/8/84/St._James_Church_9.jpg/960px-St._James_Church_9.jpg?utm_source=en.wikipedia.org&utm_campaign=api&utm_content=thumbnail
11038,Achipur Chinese Temple & Horseshoe Grave,West Bengal,attraction,22.466667,88.166667,budget,4.2,2876,"Situated on the banks of the Hooghly River 33 km south of Kolkata, celebrated as the historic birthplace of India's Chinese community, founded in 1778 by Chinese tea and sugar merchant Tong Achew who received 650 bighas of land from Governor-General Warren Hastings to set up India's first sugar mill, featuring the 240-year-old Chinese Temple dedicated to deities Tu Di Gong (Earth God) and his wife, and Tong Achew's sacred horseshoe-shaped red earthen grave overlooking the river.",Oct-Mar,https://thumb.wikimedia.org/wikipedia/commons/thumb/8/8c/Front_view_of_the_arcades_of_Somaj_Bari%2C_Nabadwip.jpg/960px-Front_view_of_the_arcades_of_Somaj_Bari%2C_Nabadwip.jpg?utm_source=en.wikipedia.org&utm_campaign=api&utm_content=thumbnail
11039,Bakkhali Beach & Fraserganj Windmills,West Bengal,attraction,21.566667,88.25,budget,4.9,26203,"Situated on one of the deltaic islands at the southern edge of the Sundarbans 130 km from Kolkata, featuring an 8-kilometer-long crescent-shaped beach of packed hard sand that extends to Fraserganj (named after British Lt. Governor Andrew Fraser), famous for its monumental coastal wind turbine farms generating clean energy, a crocodile and deer breeding park, and stunning views of sunrise and sunset over the Bay of Bengal.",Oct-Feb,https://thumb.wikimedia.org/wikipedia/commons/thumb/9/91/Elliot_Park_monument_sign._%28May_19%2C_2025%29.jpg/960px-Elliot_Park_monument_sign._%28May_19%2C_2025%29.jpg?utm_source=en.wikipedia.org&utm_campaign=api&utm_content=thumbnail
11040,Bawali Rajbari & Heritage Homestead,West Bengal,attraction,22.4,88.183333,budget,4.9,28565,"Constructed in 1710 CE by the Mondal zamindar family who were granted 300,000 bighas of land by the Raja of Burdwan, situated 35 km south of Kolkata, a monumental 300-year-old aristocratic palace featuring soaring Corinthian columns, grand Italianate staircases, brick courtyards with ancient banyan trees growing organically into brickwork, restored into an internationally acclaimed royal heritage retreat, alongside the 1794 Navaratna Gopinath Jiu terracotta temple.",Oct-Feb,https://thumb.wikimedia.org/wikipedia/commons/thumb/d/d1/Parmadan_Forest_03.jpg/960px-Parmadan_Forest_03.jpg?utm_source=en.wikipedia.org&utm_campaign=api&utm_content=thumbnail
11041,Bhagabatpur Crocodile Project Sundarbans,West Bengal,attraction,21.766667,88.35,budget,4.8,5932,"Situated on the banks of the Saptamukhi River estuary in Namkhana block of South 24 Parganas, established in 1976 by the West Bengal Forest Department in collaboration with the UNDP and FAO, celebrated as India's premier conservation center for the endangered Estuarine Saltwater Crocodile (Crocodylus porosus) and the critically endangered Batagur baska freshwater river terrapin.",Oct-Feb,https://thumb.wikimedia.org/wikipedia/commons/thumb/b/b2/Sun_set_in_neora_valley.jpg/960px-Sun_set_in_neora_valley.jpg?utm_source=en.wikipedia.org&utm_campaign=api&utm_content=thumbnail
11042,Burirdabri Watch Tower & Mudwalk Sundarbans,West Bengal,attraction,22.2,89.05,budget,4.4,29941,"Situated in the extreme eastern sector of the Sundarbans Tiger Reserve along the international border with Bangladesh on the Raimangal River, celebrated as one of the most adventurous watchtowers in the delta, featuring an innovative wooden cage trail walk constructed over tidal mudflats, allowing visitors to walk safely directly across the intertidal mud without sinking to observe fiddler crabs, mudskippers, and mangrove roots.",Oct-Feb,https://thumb.wikimedia.org/wikipedia/commons/thumb/e/e4/India_2008_905.JPG/960px-India_2008_905.JPG?utm_source=en.wikipedia.org&utm_campaign=api&utm_content=thumbnail
11043,Chintamoni Kar Bird Sanctuary (Narendrapur),West Bengal,attraction,22.433333,88.4,budget,4.9,18403,"Spanning 17 lush green acres in Narendrapur on the southern outskirts of Kolkata, originally an ancient private mango and jackfruit orchard known as 'Kayal-er Bagan', declared a wildlife sanctuary in 1982 and renamed in honor of celebrated sculptor Chintamoni Kar, recognized as an urban avian paradise harboring over 150 species of birds, rare butterflies, civet cats, and monitor lizards amidst towering century-old fruit trees and bamboo thickets.",Oct-Feb,https://thumb.wikimedia.org/wikipedia/commons/thumb/3/3f/Chintamani_Kar_Bird_Sanactuary%2C_Kolkata.JPG/960px-Chintamani_Kar_Bird_Sanactuary%2C_Kolkata.JPG?utm_source=en.wikipedia.org&utm_campaign=api&utm_content=thumbnail
11044,Diamond Harbour & Portuguese Fort Ruins,West Bengal,attraction,22.183333,88.183333,mid,4.9,26507,"Situated 50 km south of Kolkata where the Hooghly River turns dramatically toward the south before emptying into the Bay of Bengal, celebrated historically as a deep-water shipping harbor for East India Company vessels, famous for the crumbling brick ruins of the 16th-century Portuguese river fort (Chingrighata Fort) used to fend off river pirates, scenic riverfront promenade, and modern ferry cruises across to Kukrahati.",Oct-Feb,https://thumb.wikimedia.org/wikipedia/commons/thumb/4/43/Tarapith_Temple_05.jpg/960px-Tarapith_Temple_05.jpg?utm_source=en.wikipedia.org&utm_campaign=api&utm_content=thumbnail
11045,Dobanki Canopy Walk (Sundarbans),West Bengal,attraction,22.016667,88.75,budget,4.9,22665,"Located inside the Sundarbans Tiger Reserve, an extraordinary half-kilometer-long (496 m) elevated concrete canopy walkway suspended 20 feet above ground level, completely enclosed by heavy wire netting for safety, allowing visitors to walk directly through the upper canopy of the Sundari, Goran, and mangrove forests while observing wildlife roaming the forest floor below.",Oct-Feb,https://thumb.wikimedia.org/wikipedia/commons/thumb/d/da/Padmaja_Naidu_Himalayan_Zoological_Park_Entrance.JPG/960px-Padmaja_Naidu_Himalayan_Zoological_Park_Entrance.JPG?utm_source=en.wikipedia.org&utm_campaign=api&utm_content=thumbnail
11046,Falta Riverside & Historic British Refuge Hub,West Bengal,attraction,22.283333,88.116667,budget,4.9,18790,"Situated on the bend of the Hooghly River in Diamond Harbour subdivision 50 km south of Kolkata, celebrated as a historic river outpost where British Governor Roger Drake and East India Company officials fled and sought refuge aboard ships in June 1756 following the capture of Calcutta by Nawab Siraj-ud-Daulah until Robert Clive arrived, transformed today into a tranquil riverside getaway with waterfront resorts, boat jetties, and the Falta Special Economic Zone.",Oct-Feb,https://thumb.wikimedia.org/wikipedia/commons/thumb/0/00/Calcutta_High_Court.jpg/960px-Calcutta_High_Court.jpg?utm_source=en.wikipedia.org&utm_campaign=api&utm_content=thumbnail
11047,Gosaba (Sir Daniel Hamilton Estate & Beacon),West Bengal,attraction,22.166667,88.8,budget,4.8,17476,"Situated in the deltaic Sundarbans 100 km from Kolkata, celebrated as the historic island base where visionary Scottish philanthropist Sir Daniel Mackinnon Hamilton purchased 9,000 acres in 1903 to establish Asia's very first model rural cooperative credit society and self-sufficient agrarian commune, featuring his preserved wooden heritage bungalow (Bacon Bungalow), the historic Goshaba Bank, and the Hamilton Beacon.",Oct-Feb,https://thumb.wikimedia.org/wikipedia/commons/thumb/5/59/Gosaba_Police_Station.jpg/960px-Gosaba_Police_Station.jpg?utm_source=en.wikipedia.org&utm_campaign=api&utm_content=thumbnail
11048,Haliday Island Wildlife Sanctuary Sundarbans,West Bengal,attraction,21.716667,88.633333,budget,4.6,1511,"Covering 5.95 square kilometers across an isolated mangrove island in the Matla River estuary of the Sundarbans Biosphere Reserve, declared a wildlife sanctuary in 1976, celebrated as a crucial undisturbed breeding habitat for spotted deer (chital), rhesus macaques, wild boars, barking deer, estuarine saltwater crocodiles, and coastal mangrove flora.",Oct-Feb,https://thumb.wikimedia.org/wikipedia/commons/thumb/a/a6/Sunset_beauty_of_2nd_Hugly_Bridge.jpg/960px-Sunset_beauty_of_2nd_Hugly_Bridge.jpg?utm_source=en.wikipedia.org&utm_campaign=api&utm_content=thumbnail
11049,Henry's Island,West Bengal,attraction,21.57943,88.28868,budget,4.0,502,"Henry's Island, located in the Sundarbans, West Bengal, is a peaceful island retreat renowned for its picturesque beaches, mangrove forests, and diverse wildlife. The island offers a unique blend of relaxation and adventure, with its stunning sunrises, crystal-clear waters, and exciting boat rides. With its rich history and cultural heritage, Henry's Island is an ideal destination for those seeking a serene and offbeat experience. Visitors can explore the island's scenic surroundings, indulge in water activities, and experience the local way of life, making it an unforgettable getaway from the hustle and bustle of city life.",Oct-Feb,https://thumb.wikimedia.org/wikipedia/commons/thumb/d/da/Lush_green_grass_along_the_lake.jpg/960px-Lush_green_grass_along_the_lake.jpg?utm_source=en.wikipedia.org&utm_campaign=api&utm_content=thumbnail
11050,Jharkhali Eco-Tourism Hub & Tiger Centre,West Bengal,attraction,22.016667,88.7,budget,4.6,15387,"Situated in the Basanti block of South 24 Parganas at the confluence of the Herobhanga, Bidyadhari, and Matla rivers, developed by the West Bengal Tourism Development Corporation as a modern road-connected gateway to the Sundarbans, featuring a state-of-the-art Tiger Rescue and Rehabilitation Centre, a watchtower, children's park, butterfly garden, and direct motor launch ghats into the mangrove delta.",Oct-Feb,https://thumb.wikimedia.org/wikipedia/commons/thumb/1/12/National_Library%2C_Calcutta_2007.jpg/960px-National_Library%2C_Calcutta_2007.jpg?utm_source=en.wikipedia.org&utm_campaign=api&utm_content=thumbnail
11051,Lothian Island Wildlife Sanctuary Sundarbans,West Bengal,attraction,21.666667,88.333333,budget,3.9,1115,"Spanning 38 square kilometers on an island situated at the confluence of the Saptamukhi River and the Bay of Bengal near Namkhana, established as a wildlife sanctuary in 1976, celebrated for its dense mangrove vegetation (including Sundari, Goran, and Baen trees), large colonies of resident and migratory waterbirds, estuarine crocodiles, and sandy southern beaches where endangered Olive Ridley sea turtles come ashore to nest.",Oct-Feb,https://thumb.wikimedia.org/wikipedia/commons/thumb/e/e4/India_2008_905.JPG/960px-India_2008_905.JPG?utm_source=en.wikipedia.org&utm_campaign=api&utm_content=thumbnail
11052,Netidhopani Temple Ruins & Watchtower,West Bengal,attraction,21.95,88.85,budget,4.4,5787,"Situated deep in the core zone of the Sundarbans Tiger Reserve, an evocative archaeological site housing the crumbling terracotta ruins of a 400-year-old Shiva temple built by King Pratapaditya of Jessore, celebrated in medieval Bengali folklore as the ghat where Netidhopani (the mythical washerwoman of the gods) washed clothes and helped Behula resurrect her husband Lakhindar from snakebite.",Oct-Mar,https://thumb.wikimedia.org/wikipedia/commons/thumb/1/1a/Upper_Dam.jpg/960px-Upper_Dam.jpg?utm_source=en.wikipedia.org&utm_campaign=api&utm_content=thumbnail
11053,Pakhiralay Village & Sundarbans Launch Ghat,West Bengal,attraction,22.133333,88.816667,budget,4.9,16944,"Situated on the banks of the Gumdi River directly opposite Sajnekhali in Gosaba block, celebrated as the primary hospitality, hotel, and motor launch anchorage base for tourists exploring the Sundarbans Tiger Reserve, famous for its bustling riverside market, mangrove honey shops, local folk Baul singers, and sunset boat cruises along mangrove creeks.",Oct-Mar,https://thumb.wikimedia.org/wikipedia/commons/thumb/c/cb/Howrah_bridge_at_night.jpg/960px-Howrah_bridge_at_night.jpg?utm_source=en.wikipedia.org&utm_campaign=api&utm_content=thumbnail
11054,Patharpratima & Bhagabatpur Crocodile Sanctuary,West Bengal,attraction,21.8,88.35,budget,4.9,29865,"Situated in the remote tidal island of Bhagabatpur in Patharpratima block along the Gobadia river channel in the Sundarbans delta, recognized as the only and largest estuarine (saltwater) crocodile breeding and conservation center in West Bengal, established by the State Forest Department in 1976 across 25 acres of mangrove forest, housing hundreds of saltwater crocodiles (Crocodylus porosus) from hatchlings to 15-foot adults, alongside Batagur baska freshwater turtles and scenic mangrove boardwalks.",Oct-Feb,https://thumb.wikimedia.org/wikipedia/commons/thumb/e/ed/Common_Jezebel_at_Raiganj_Wildlife_Sanctuary.jpg/960px-Common_Jezebel_at_Raiganj_Wildlife_Sanctuary.jpg?utm_source=en.wikipedia.org&utm_campaign=api&utm_content=thumbnail
11055,Raichak on Ganges & Fort Radisson,West Bengal,attraction,22.216667,88.133333,mid,4.9,28883,"Situated on the bend of the Hooghly River in Diamond Harbour subdivision 50 km from Kolkata, celebrated as a premier luxury riverfront heritage getaway, centered around the restored 18th-century British-French river fortress (Chingrihkhal Fort) constructed to defend the river approaches against pirate armadas, featuring crenellated fortress battlements, riverside infinity pools, luxury spa retreats, and sunset boat cruises along the river.",Oct-Feb,https://thumb.wikimedia.org/wikipedia/commons/thumb/8/81/Belur_Math%2C_Howrah.jpg/960px-Belur_Math%2C_Howrah.jpg?utm_source=en.wikipedia.org&utm_campaign=api&utm_content=thumbnail
11056,Sagardwip (Kapil Muni Temple & Gangasagar),West Bengal,attraction,21.65,88.083333,budget,4.7,6339,"Situated at the southernmost tip of Sagar Island where the sacred Bhagirathi-Hooghly (Ganges) River merges into the Bay of Bengal, revered as one of Hinduism's most sacred pilgrimage destinations ('Sab Tirtha Baar Baar, Ganga Sagar Ek Baar'), enshrining the historic Kapil Muni Ashram, host to the colossal Gangasagar Mela every Makar Sankranti (mid-January) which draws over 5 million pilgrims from across the globe for a holy dip.",Oct-Mar,https://thumb.wikimedia.org/wikipedia/commons/thumb/9/92/065.STARTED_FROM_HOTEL_MANISH_ON_14.08.2017_AT_02-30_P.M._FOR_HOWRAH_RAILWAY_STATION_BY_HIRED_TAXI.jpg/960px-065.STARTED_FROM_HOTEL_MANISH_ON_14.08.2017_AT_02-30_P.M._FOR_HOWRAH_RAILWAY_STATION_BY_HIRED_TAXI.jpg?utm_source=en.wikipedia.org&utm_campaign=api&utm_content=thumbnail
11057,Sajnekhali Tiger Reserve,West Bengal,attraction,22.126281,88.803368,budget,4.2,2479,"Headquarters of the Sundarban Tiger Reserve located at the confluence of the Matla and Gumdi rivers, featuring a watchtower, crocodile breeding pond, turtle hatchery, and mangrove interpretation center.",Oct-Feb,https://thumb.wikimedia.org/wikipedia/commons/thumb/0/00/Calcutta_High_Court.jpg/960px-Calcutta_High_Court.jpg?utm_source=en.wikipedia.org&utm_campaign=api&utm_content=thumbnail
11058,Sudhanyakhali Watch Tower (Sundarbans),West Bengal,attraction,22.1,88.8,budget,4.7,9610,"Situated in the core mangrove delta of the Sundarbans Tiger Reserve 45 minutes by motorized launch from Sajnekhali, widely recognized by naturalists as the premier location in the Sundarbans for spotting the elusive Royal Bengal Tiger, featuring a multi-tiered steel watchtower with heavy wire netting overlooking a sweet-water drinking pond that attracts tigers, spotted deer, wild boars, and saltwater crocodiles.",Oct-Feb,https://thumb.wikimedia.org/wikipedia/commons/thumb/8/81/Belur_Math%2C_Howrah.jpg/960px-Belur_Math%2C_Howrah.jpg?utm_source=en.wikipedia.org&utm_campaign=api&utm_content=thumbnail
11059,Sunderban Tiger Reserve,West Bengal,attraction,21.927451,88.723765,budget,4.9,8489,"The world's largest contiguous halophytic mangrove forest and UNESCO World Heritage Site, famous for its population of swimming Royal Bengal Tigers and estuarine crocodiles.",Oct-Feb,https://thumb.wikimedia.org/wikipedia/commons/thumb/d/de/Calcutta_Jain_Temple-Sheetalnath_Mandir-P1080642.jpg/960px-Calcutta_Jain_Temple-Sheetalnath_Mandir-P1080642.jpg?utm_source=en.wikipedia.org&utm_campaign=api&utm_content=thumbnail
11060,Raiganj Wildlife Sanctuary (Kulik Bird Sanctuary),West Bengal,attraction,25.616667,88.133333,budget,4.6,15179,"Spanning 1.3 square kilometers along the meandering banks of the Kulik River 4 km from Raiganj town, celebrated as the second largest bird sanctuary in Asia in terms of nesting density, attracting over 80,000 to 100,000 migratory waterfowl annually between June and December, primarily Asian Openbill Storks, Night Herons, Egrets, and Little Cormorants.",Oct-Feb,https://thumb.wikimedia.org/wikipedia/commons/thumb/e/ed/Common_Jezebel_at_Raiganj_Wildlife_Sanctuary.jpg/960px-Common_Jezebel_at_Raiganj_Wildlife_Sanctuary.jpg?utm_source=en.wikipedia.org&utm_campaign=api&utm_content=thumbnail
11061,Sundarbans National Park,West Bengal,attraction,22.5402,88.2132,budget,4.9,22289,"Sundarbans National Park is a premier wildlife destination in South 24 Parganas, West Bengal. Renowned as a prominent landmark in regional tourism (UNESCO Wildlife), it welcomes visitors seeking authentic cultural immersion, picturesque vistas, and rich historic heritage.",Oct-Feb,https://thumb.wikimedia.org/wikipedia/commons/thumb/2/23/Sundarban_Tiger.jpg/960px-Sundarban_Tiger.jpg?utm_source=en.wikipedia.org&utm_campaign=api&utm_content=thumbnail
11062,Digha,West Bengal,attraction,21.5734,87.4353,budget,4.7,15946,"Digha is a premier beach destination in Purba Medinipur, West Bengal. Renowned as a prominent landmark in regional tourism (Beach), it welcomes visitors seeking authentic cultural immersion, picturesque vistas, and rich historic heritage.",Oct-Feb,https://thumb.wikimedia.org/wikipedia/commons/thumb/7/7c/Digha_Tourist_Lodge_front_yard_1.jpg/960px-Digha_Tourist_Lodge_front_yard_1.jpg?utm_source=en.wikipedia.org&utm_campaign=api&utm_content=thumbnail
11063,Terracotta Temples Bishnupur,West Bengal,attraction,23.5578,86.9322,budget,4.9,29753,"Terracotta Temples Bishnupur is a premier temple destination in Bankura, West Bengal. Renowned as a prominent landmark in regional tourism (Heritage), it welcomes visitors seeking authentic cultural immersion, picturesque vistas, and rich historic heritage.",Oct-Mar,https://thumb.wikimedia.org/wikipedia/commons/thumb/3/32/Dakhineshwar_Temple_beside_the_Hoogly%2C_West_Bengal.JPG/960px-Dakhineshwar_Temple_beside_the_Hoogly%2C_West_Bengal.JPG?utm_source=en.wikipedia.org&utm_campaign=api&utm_content=thumbnail
11064,Shantiniketan,West Bengal,attraction,23.695,87.6583,budget,4.9,27822,"Shantiniketan is a premier heritage destination in Birbhum, West Bengal. Renowned as a prominent landmark in regional tourism (UNESCO Heritage), it welcomes visitors seeking authentic cultural immersion, picturesque vistas, and rich historic heritage.",Oct-Feb,https://thumb.wikimedia.org/wikipedia/commons/thumb/e/ed/Shantiniketan_Bari_of_Rabindranath_Tagore.jpg/960px-Shantiniketan_Bari_of_Rabindranath_Tagore.jpg?utm_source=en.wikipedia.org&utm_campaign=api&utm_content=thumbnail
11065,Kalighat Temple,West Bengal,attraction,22.5785,88.4115,budget,4.6,25847,"Kalighat Temple is a premier temple destination in Kolkata, West Bengal. Renowned as a prominent landmark in regional tourism (Religious), it welcomes visitors seeking authentic cultural immersion, picturesque vistas, and rich historic heritage.",Oct-Mar,https://thumb.wikimedia.org/wikipedia/commons/thumb/9/97/Kalighat_Kali_Temple_after_renovation.jpg/960px-Kalighat_Kali_Temple_after_renovation.jpg?utm_source=en.wikipedia.org&utm_campaign=api&utm_content=thumbnail
11066,Mirik,West Bengal,attraction,27.067,88.3148,budget,4.9,20892,"Mirik is a premier hill station destination in Darjeeling, West Bengal. Renowned as a prominent landmark in regional tourism (Lake/Hill Station), it welcomes visitors seeking authentic cultural immersion, picturesque vistas, and rich historic heritage.",Oct-Feb,https://thumb.wikimedia.org/wikipedia/commons/thumb/8/8a/Mirik_Sumendu_Lake.jpg/960px-Mirik_Sumendu_Lake.jpg?utm_source=en.wikipedia.org&utm_campaign=api&utm_content=thumbnail
11067,Indian Botanical Garden,West Bengal,attraction,22.6012,88.3062,mid,4.9,25759,"Indian Botanical Garden is a premier park destination in Howrah, West Bengal. Renowned as a prominent landmark in regional tourism (Garden), it welcomes visitors seeking authentic cultural immersion, picturesque vistas, and rich historic heritage.",Oct-Feb,https://thumb.wikimedia.org/wikipedia/commons/thumb/8/8b/Kolkata_botanical_garden_pathway.jpg/960px-Kolkata_botanical_garden_pathway.jpg?utm_source=en.wikipedia.org&utm_campaign=api&utm_content=thumbnail
11068,Prinsep Ghat,West Bengal,attraction,22.5605,88.3696,budget,4.5,16133,"Prinsep Ghat is a premier riverfront destination in Kolkata, West Bengal. Renowned as a prominent landmark in regional tourism (Heritage), it welcomes visitors seeking authentic cultural immersion, picturesque vistas, and rich historic heritage.",Oct-Mar,https://thumb.wikimedia.org/wikipedia/commons/thumb/8/88/PrincepGhat.jpg/960px-PrincepGhat.jpg?utm_source=en.wikipedia.org&utm_campaign=api&utm_content=thumbnail
11069,Sajnekhali Wildlife Sanctuary,West Bengal,attraction,24.2191,88.1496,budget,4.4,9157,"Sajnekhali Wildlife Sanctuary is a premier wildlife destination in Sundarbans, West Bengal. Renowned as a prominent landmark in regional tourism (Wildlife), it welcomes visitors seeking authentic cultural immersion, picturesque vistas, and rich historic heritage.",Oct-Feb,https://thumb.wikimedia.org/wikipedia/commons/thumb/2/2a/Sajnekhali_wildlife_Sanctuary_in_Sundarban_02.jpg/960px-Sajnekhali_wildlife_Sanctuary_in_Sundarban_02.jpg?utm_source=en.wikipedia.org&utm_campaign=api&utm_content=thumbnail
11070,New Digha,West Bengal,attraction,21.6829,87.5658,budget,4.9,10554,"New Digha is a premier beach destination in Purba Medinipur, West Bengal. Renowned as a prominent landmark in regional tourism (Beach), it welcomes visitors seeking authentic cultural immersion, picturesque vistas, and rich historic heritage.",Oct-Feb,https://thumb.wikimedia.org/wikipedia/commons/thumb/7/7c/Digha_Tourist_Lodge_front_yard_1.jpg/960px-Digha_Tourist_Lodge_front_yard_1.jpg?utm_source=en.wikipedia.org&utm_campaign=api&utm_content=thumbnail
11071,ISKCON Mayapur,West Bengal,attraction,23.5507,88.4627,budget,4.9,5630,"ISKCON Mayapur is a premier heritage destination in Nadia, West Bengal. Renowned as a prominent landmark in regional tourism (Religious), it welcomes visitors seeking authentic cultural immersion, picturesque vistas, and rich historic heritage.",Oct-Feb,https://thumb.wikimedia.org/wikipedia/commons/thumb/e/ed/Shantiniketan_Bari_of_Rabindranath_Tagore.jpg/960px-Shantiniketan_Bari_of_Rabindranath_Tagore.jpg?utm_source=en.wikipedia.org&utm_campaign=api&utm_content=thumbnail
11072,Jalpesh Temple,West Bengal,attraction,26.8428,88.7638,budget,4.8,7717,"Jalpesh Temple is a premier temple destination in Jalpaiguri, West Bengal. Renowned as a prominent landmark in regional tourism (Religious), it welcomes visitors seeking authentic cultural immersion, picturesque vistas, and rich historic heritage.",Oct-Mar,https://thumb.wikimedia.org/wikipedia/commons/thumb/4/4a/Jalpesh_Temple.jpg/960px-Jalpesh_Temple.jpg?utm_source=en.wikipedia.org&utm_campaign=api&utm_content=thumbnail
11073,Ghoom Monastery (Samten Choeling),West Bengal,attraction,27.011662,88.250359,budget,4.7,3382,"Ghoom Monastery (Samten Choeling) is a renowned religious landmark situated in Darjeeling, Darjeeling district of West Bengal. The destination attracts visitors seeking authentic regional heritage, architectural grandeur, and picturesque surroundings. It plays an integral role in the cultural landscape and local tourism identity of the region.",Oct-Feb,https://thumb.wikimedia.org/wikipedia/commons/thumb/7/78/Yiga_Choeling_Monastery%2C_Ghum_02.jpg/960px-Yiga_Choeling_Monastery%2C_Ghum_02.jpg?utm_source=en.wikipedia.org&utm_campaign=api&utm_content=thumbnail
11074,"Indian Museum, Kolkata",West Bengal,attraction,22.557817,88.351074,mid,4.9,27534,"Founded in 1814 by the Asiatic Society of Bengal, the ninth oldest regular museum in the world and the largest in India, housing 35 galleries of rare antiques, Egyptian mummies, and fossils.",Oct-Mar,https://thumb.wikimedia.org/wikipedia/commons/thumb/3/3a/Nalban_Waterbody_-_16-bit_Two_Stop_Over_Exposure_-_Kolkata_2015-08-13_2188.TIF/lossy-page1-960px-Nalban_Waterbody_-_16-bit_Two_Stop_Over_Exposure_-_Kolkata_2015-08-13_2188.TIF.jpg?utm_source=en.wikipedia.org&utm_campaign=api&utm_content=thumbnail
11075,Jorasanko Thakurbari,West Bengal,attraction,22.55865,88.36625,budget,4.6,3085,"Jorasanko Thakurbari is a renowned heritage landmark situated in Kolkata, Kolkata district of West Bengal. The destination attracts visitors seeking authentic regional heritage, architectural grandeur, and picturesque surroundings. It plays an integral role in the cultural landscape and local tourism identity of the region.",Oct-Feb,https://thumb.wikimedia.org/wikipedia/commons/thumb/3/3a/Nalban_Waterbody_-_16-bit_Two_Stop_Over_Exposure_-_Kolkata_2015-08-13_2188.TIF/lossy-page1-960px-Nalban_Waterbody_-_16-bit_Two_Stop_Over_Exposure_-_Kolkata_2015-08-13_2188.TIF.jpg?utm_source=en.wikipedia.org&utm_campaign=api&utm_content=thumbnail
11076,Tiger Hill Sunrise Kanchenjunga,West Bengal,attraction,22.5729,78.9565,budget,4.0,916,"Tiger Hill Sunrise Kanchenjunga is an authentic attraction destination located in ,  district of West Bengal. Celebrated for its regional significance and unique ambiance, it offers travelers an immersive experience in the culture, scenic beauty, and heritage of West Bengal.",Oct-Feb,https://thumb.wikimedia.org/wikipedia/commons/thumb/a/a6/Sunset_beauty_of_2nd_Hugly_Bridge.jpg/960px-Sunset_beauty_of_2nd_Hugly_Bridge.jpg?utm_source=en.wikipedia.org&utm_campaign=api&utm_content=thumbnail
11077,Darjeeling Himalayan Railway Toy Train,West Bengal,attraction,22.5825,78.9877,budget,4.1,685,"Darjeeling Himalayan Railway Toy Train is an authentic attraction destination located in ,  district of West Bengal. Celebrated for its regional significance and unique ambiance, it offers travelers an immersive experience in the culture, scenic beauty, and heritage of West Bengal.",Oct-Feb,https://thumb.wikimedia.org/wikipedia/commons/thumb/1/1a/Upper_Dam.jpg/960px-Upper_Dam.jpg?utm_source=en.wikipedia.org&utm_campaign=api&utm_content=thumbnail
11078,Padmaja Naidu Himalayan Zoo (Red Panda),West Bengal,attraction,22.6041,78.9349,mid,4.2,525,"Padmaja Naidu Himalayan Zoo (Red Panda) is an authentic attraction destination located in ,  district of West Bengal. Celebrated for its regional significance and unique ambiance, it offers travelers an immersive experience in the culture, scenic beauty, and heritage of West Bengal.",Oct-Feb,https://thumb.wikimedia.org/wikipedia/commons/thumb/d/d1/Parmadan_Forest_03.jpg/960px-Parmadan_Forest_03.jpg?utm_source=en.wikipedia.org&utm_campaign=api&utm_content=thumbnail
11079,Himalayan Mountaineering Institute (HMI),West Bengal,attraction,22.6081,78.9413,budget,4.1,1069,"Himalayan Mountaineering Institute (HMI) is an authentic attraction destination located in ,  district of West Bengal. Celebrated for its regional significance and unique ambiance, it offers travelers an immersive experience in the culture, scenic beauty, and heritage of West Bengal.",Oct-Feb,https://thumb.wikimedia.org/wikipedia/commons/thumb/3/38/EVENT_HALL_HMI.jpg/960px-EVENT_HALL_HMI.jpg?utm_source=en.wikipedia.org&utm_campaign=imageinfo&utm_content=thumbnail
11080,Japanese Peace Pagoda Darjeeling,West Bengal,attraction,22.5801,78.9749,budget,4.3,2190,"Japanese Peace Pagoda Darjeeling is an authentic attraction destination located in ,  district of West Bengal. Celebrated for its regional significance and unique ambiance, it offers travelers an immersive experience in the culture, scenic beauty, and heritage of West Bengal.",Oct-Feb,https://thumb.wikimedia.org/wikipedia/commons/thumb/3/3f/Chintamani_Kar_Bird_Sanactuary%2C_Kolkata.JPG/960px-Chintamani_Kar_Bird_Sanactuary%2C_Kolkata.JPG?utm_source=en.wikipedia.org&utm_campaign=api&utm_content=thumbnail
11081,Sandakphu Peak (Highest in West Bengal),West Bengal,attraction,22.6137,78.9405,budget,4.1,1187,"Sandakphu Peak (Highest in West Bengal) is an authentic attraction destination located in ,  district of West Bengal. Celebrated for its regional significance and unique ambiance, it offers travelers an immersive experience in the culture, scenic beauty, and heritage of West Bengal.",Oct-Feb,https://thumb.wikimedia.org/wikipedia/commons/thumb/a/aa/Happy_Valley_Tea_Estate%2C_Darjeeling.jpg/960px-Happy_Valley_Tea_Estate%2C_Darjeeling.jpg?utm_source=en.wikipedia.org&utm_campaign=api&utm_content=thumbnail
11082,Deolo Hill Kalimpong Peak,West Bengal,attraction,22.6305,78.9917,budget,4.4,2509,"Deolo Hill Kalimpong Peak is an authentic attraction destination located in ,  district of West Bengal. Celebrated for its regional significance and unique ambiance, it offers travelers an immersive experience in the culture, scenic beauty, and heritage of West Bengal.",Oct-Feb,https://thumb.wikimedia.org/wikipedia/commons/thumb/0/00/Calcutta_High_Court.jpg/960px-Calcutta_High_Court.jpg?utm_source=en.wikipedia.org&utm_campaign=api&utm_content=thumbnail
11083,Morgan House Colonial Heritage,West Bengal,attraction,22.5721,78.9365,budget,4.1,1213,"Morgan House Colonial Heritage is an authentic attraction destination located in ,  district of West Bengal. Celebrated for its regional significance and unique ambiance, it offers travelers an immersive experience in the culture, scenic beauty, and heritage of West Bengal.",Oct-Feb,https://thumb.wikimedia.org/wikipedia/commons/thumb/a/a6/Sunset_beauty_of_2nd_Hugly_Bridge.jpg/960px-Sunset_beauty_of_2nd_Hugly_Bridge.jpg?utm_source=en.wikipedia.org&utm_campaign=api&utm_content=thumbnail
11084,Lava & Rishop Pine Villages,West Bengal,attraction,22.5673,78.9909,budget,4.7,3669,"Lava & Rishop Pine Villages is an authentic attraction destination located in ,  district of West Bengal. Celebrated for its regional significance and unique ambiance, it offers travelers an immersive experience in the culture, scenic beauty, and heritage of West Bengal.",Oct-Feb,https://thumb.wikimedia.org/wikipedia/commons/thumb/8/8c/Indian_Museum%2C_Courtyard%2C_Kolkata%2C_India.jpg/960px-Indian_Museum%2C_Courtyard%2C_Kolkata%2C_India.jpg?utm_source=en.wikipedia.org&utm_campaign=api&utm_content=thumbnail
11085,Neora Valley National Park Wilderness,West Bengal,attraction,22.5897,78.9293,budget,3.9,871,"Neora Valley National Park Wilderness is an authentic attraction destination located in ,  district of West Bengal. Celebrated for its regional significance and unique ambiance, it offers travelers an immersive experience in the culture, scenic beauty, and heritage of West Bengal.",Oct-Feb,https://thumb.wikimedia.org/wikipedia/commons/thumb/3/32/Dakhineshwar_Temple_beside_the_Hoogly%2C_West_Bengal.JPG/960px-Dakhineshwar_Temple_beside_the_Hoogly%2C_West_Bengal.JPG?utm_source=en.wikipedia.org&utm_campaign=api&utm_content=thumbnail
11086,Jaldapara National Park One-Horned Rhino,West Bengal,attraction,22.5553,78.9653,budget,4.1,1307,"Jaldapara National Park One-Horned Rhino is an authentic attraction destination located in ,  district of West Bengal. Celebrated for its regional significance and unique ambiance, it offers travelers an immersive experience in the culture, scenic beauty, and heritage of West Bengal.",Oct-Feb,https://thumb.wikimedia.org/wikipedia/commons/thumb/4/43/Tarapith_Temple_05.jpg/960px-Tarapith_Temple_05.jpg?utm_source=en.wikipedia.org&utm_campaign=api&utm_content=thumbnail
11087,Gorumara National Park Floodplain Safari,West Bengal,attraction,22.6169,78.9989,luxury,4.6,5910,"Gorumara National Park Floodplain Safari is an authentic attraction destination located in ,  district of West Bengal. Celebrated for its regional significance and unique ambiance, it offers travelers an immersive experience in the culture, scenic beauty, and heritage of West Bengal.",Oct-Feb,https://thumb.wikimedia.org/wikipedia/commons/thumb/1/12/National_Library%2C_Calcutta_2007.jpg/960px-National_Library%2C_Calcutta_2007.jpg?utm_source=en.wikipedia.org&utm_campaign=api&utm_content=thumbnail
11088,Buxa Tiger Reserve & Historic Fort,West Bengal,attraction,22.5913,78.9477,mid,4.5,1569,"Buxa Tiger Reserve & Historic Fort is an authentic attraction destination located in ,  district of West Bengal. Celebrated for its regional significance and unique ambiance, it offers travelers an immersive experience in the culture, scenic beauty, and heritage of West Bengal.",Oct-Feb,https://thumb.wikimedia.org/wikipedia/commons/thumb/9/92/065.STARTED_FROM_HOTEL_MANISH_ON_14.08.2017_AT_02-30_P.M._FOR_HOWRAH_RAILWAY_STATION_BY_HIRED_TAXI.jpg/960px-065.STARTED_FROM_HOTEL_MANISH_ON_14.08.2017_AT_02-30_P.M._FOR_HOWRAH_RAILWAY_STATION_BY_HIRED_TAXI.jpg?utm_source=en.wikipedia.org&utm_campaign=api&utm_content=thumbnail
11089,Cooch Behar Rajbari (Victor Jubilee Palace),West Bengal,attraction,22.5953,78.9869,mid,4.5,5802,"Cooch Behar Rajbari (Victor Jubilee Palace) is an authentic attraction destination located in ,  district of West Bengal. Celebrated for its regional significance and unique ambiance, it offers travelers an immersive experience in the culture, scenic beauty, and heritage of West Bengal.",Oct-Feb,https://thumb.wikimedia.org/wikipedia/commons/thumb/2/23/Sundarban_Tiger.jpg/960px-Sundarban_Tiger.jpg?utm_source=en.wikipedia.org&utm_campaign=api&utm_content=thumbnail
11090,Mirik Sumendu Lake & Cardamom Groves,West Bengal,attraction,22.6097,78.9725,budget,4.0,1001,"Mirik Sumendu Lake & Cardamom Groves is an authentic attraction destination located in ,  district of West Bengal. Celebrated for its regional significance and unique ambiance, it offers travelers an immersive experience in the culture, scenic beauty, and heritage of West Bengal.",Oct-Feb,https://thumb.wikimedia.org/wikipedia/commons/thumb/3/32/Dakhineshwar_Temple_beside_the_Hoogly%2C_West_Bengal.JPG/960px-Dakhineshwar_Temple_beside_the_Hoogly%2C_West_Bengal.JPG?utm_source=en.wikipedia.org&utm_campaign=api&utm_content=thumbnail
11091,Victoria Memorial Hall Kolkata,West Bengal,attraction,22.6137,78.9797,budget,4.1,67562,"Victoria Memorial Hall Kolkata is an authentic attraction destination located in ,  district of West Bengal. Celebrated for its regional significance and unique ambiance, it offers travelers an immersive experience in the culture, scenic beauty, and heritage of West Bengal.",Oct-Feb,https://thumb.wikimedia.org/wikipedia/commons/thumb/7/72/Victoria_Memorial_situated_in_Kolkata.jpg/960px-Victoria_Memorial_situated_in_Kolkata.jpg
11092,Howrah Bridge (Rabindra Setu),West Bengal,attraction,22.6273,78.9533,budget,4.4,1602,"Howrah Bridge (Rabindra Setu) is an authentic attraction destination located in ,  district of West Bengal. Celebrated for its regional significance and unique ambiance, it offers travelers an immersive experience in the culture, scenic beauty, and heritage of West Bengal.",Oct-Feb,https://thumb.wikimedia.org/wikipedia/commons/thumb/c/cb/Howrah_bridge_at_night.jpg/960px-Howrah_bridge_at_night.jpg
11093,Dakshineswar Kali Temple Ganges,West Bengal,attraction,22.6025,78.9677,budget,3.9,219,"Dakshineswar Kali Temple Ganges is an authentic attraction destination located in ,  district of West Bengal. Celebrated for its regional significance and unique ambiance, it offers travelers an immersive experience in the culture, scenic beauty, and heritage of West Bengal.",Oct-Mar,https://thumb.wikimedia.org/wikipedia/commons/thumb/e/e4/India_2008_905.JPG/960px-India_2008_905.JPG?utm_source=en.wikipedia.org&utm_campaign=api&utm_content=thumbnail
11094,Belur Math Ramakrishna Mission HQ,West Bengal,attraction,22.5793,78.9485,budget,4.4,1100,"Belur Math Ramakrishna Mission HQ is an authentic attraction destination located in ,  district of West Bengal. Celebrated for its regional significance and unique ambiance, it offers travelers an immersive experience in the culture, scenic beauty, and heritage of West Bengal.",Oct-Feb,https://thumb.wikimedia.org/wikipedia/commons/thumb/8/81/The_Cooch_Behar_Palace_or_the_Cooch_Behar_Rajbari%2C_Cooch_Behar_District%2C_West_Bengal%2C_India_01.jpg/960px-The_Cooch_Behar_Palace_or_the_Cooch_Behar_Rajbari%2C_Cooch_Behar_District%2C_West_Bengal%2C_India_01.jpg?utm_source=en.wikipedia.org&utm_campaign=api&utm_content=thumbnail
11095,Indian Museum Kolkata (Oldest in Asia),West Bengal,attraction,22.5705,78.9389,mid,4.4,1365,"Indian Museum Kolkata (Oldest in Asia) is an authentic attraction destination located in ,  district of West Bengal. Celebrated for its regional significance and unique ambiance, it offers travelers an immersive experience in the culture, scenic beauty, and heritage of West Bengal.",Oct-Mar,https://thumb.wikimedia.org/wikipedia/commons/thumb/4/4a/Jalpesh_Temple.jpg/960px-Jalpesh_Temple.jpg?utm_source=en.wikipedia.org&utm_campaign=api&utm_content=thumbnail
11096,Marble Palace Mansion & Art Gallery,West Bengal,attraction,22.5785,79.0005,mid,4.5,3888,"Marble Palace Mansion & Art Gallery is an authentic attraction destination located in ,  district of West Bengal. Celebrated for its regional significance and unique ambiance, it offers travelers an immersive experience in the culture, scenic beauty, and heritage of West Bengal.",Oct-Feb,https://thumb.wikimedia.org/wikipedia/commons/thumb/8/8c/Indian_Museum%2C_Courtyard%2C_Kolkata%2C_India.jpg/960px-Indian_Museum%2C_Courtyard%2C_Kolkata%2C_India.jpg?utm_source=en.wikipedia.org&utm_campaign=api&utm_content=thumbnail
11097,Princep Ghat James Princep Monument,West Bengal,attraction,22.5537,78.9461,mid,4.0,376,"Princep Ghat James Princep Monument is an authentic attraction destination located in ,  district of West Bengal. Celebrated for its regional significance and unique ambiance, it offers travelers an immersive experience in the culture, scenic beauty, and heritage of West Bengal.",Oct-Mar,https://thumb.wikimedia.org/wikipedia/commons/thumb/7/72/Victoria_Memorial_situated_in_Kolkata.jpg/960px-Victoria_Memorial_situated_in_Kolkata.jpg?utm_source=en.wikipedia.org&utm_campaign=api&utm_content=thumbnail
11098,Jorasanko Thakur Bari Tagore Ancestral,West Bengal,attraction,22.5545,78.9453,budget,4.3,3191,"Jorasanko Thakur Bari Tagore Ancestral is an authentic attraction destination located in ,  district of West Bengal. Celebrated for its regional significance and unique ambiance, it offers travelers an immersive experience in the culture, scenic beauty, and heritage of West Bengal.",Oct-Feb,https://thumb.wikimedia.org/wikipedia/commons/thumb/4/42/Kurseong_panorama_by_Mayukh_Ghose.jpg/960px-Kurseong_panorama_by_Mayukh_Ghose.jpg?utm_source=en.wikipedia.org&utm_campaign=api&utm_content=thumbnail
11099,Sundarbans National Park UNESCO Mangrove,West Bengal,attraction,22.5817,78.9973,budget,4.6,4915,"Sundarbans National Park UNESCO Mangrove is an authentic attraction destination located in ,  district of West Bengal. Celebrated for its regional significance and unique ambiance, it offers travelers an immersive experience in the culture, scenic beauty, and heritage of West Bengal.",Oct-Feb,https://thumb.wikimedia.org/wikipedia/commons/thumb/5/59/Gosaba_Police_Station.jpg/960px-Gosaba_Police_Station.jpg?utm_source=en.wikipedia.org&utm_campaign=api&utm_content=thumbnail
11100,Sajnekhali Watchtower Sundarbans,West Bengal,attraction,22.6025,78.9661,budget,4.4,830,"Sajnekhali Watchtower Sundarbans is an authentic attraction destination located in ,  district of West Bengal. Celebrated for its regional significance and unique ambiance, it offers travelers an immersive experience in the culture, scenic beauty, and heritage of West Bengal.",Oct-Feb,https://thumb.wikimedia.org/wikipedia/commons/thumb/9/97/Kalighat_Kali_Temple_after_renovation.jpg/960px-Kalighat_Kali_Temple_after_renovation.jpg?utm_source=en.wikipedia.org&utm_campaign=api&utm_content=thumbnail
11101,Shantiniketan Visva-Bharati UNESCO,West Bengal,attraction,22.6121,78.9501,budget,4.0,868,"Shantiniketan Visva-Bharati UNESCO is an authentic attraction destination located in ,  district of West Bengal. Celebrated for its regional significance and unique ambiance, it offers travelers an immersive experience in the culture, scenic beauty, and heritage of West Bengal.",Oct-Feb,https://thumb.wikimedia.org/wikipedia/commons/thumb/1/1a/Upper_Dam.jpg/960px-Upper_Dam.jpg?utm_source=en.wikipedia.org&utm_campaign=api&utm_content=thumbnail
11102,Tarapith Maa Tara Shaktipeeth,West Bengal,attraction,22.5793,78.9261,budget,4.7,7352,"Tarapith Maa Tara Shaktipeeth is an authentic attraction destination located in ,  district of West Bengal. Celebrated for its regional significance and unique ambiance, it offers travelers an immersive experience in the culture, scenic beauty, and heritage of West Bengal.",Oct-Feb,https://thumb.wikimedia.org/wikipedia/commons/thumb/2/2a/Sajnekhali_wildlife_Sanctuary_in_Sundarban_02.jpg/960px-Sajnekhali_wildlife_Sanctuary_in_Sundarban_02.jpg?utm_source=en.wikipedia.org&utm_campaign=api&utm_content=thumbnail
11103,Bakreshwar Thermal Hot Springs & Temples,West Bengal,attraction,22.5737,78.9533,budget,4.1,1306,"Bakreshwar Thermal Hot Springs & Temples is an authentic attraction destination located in ,  district of West Bengal. Celebrated for its regional significance and unique ambiance, it offers travelers an immersive experience in the culture, scenic beauty, and heritage of West Bengal.",Oct-Mar,https://thumb.wikimedia.org/wikipedia/commons/thumb/3/38/EVENT_HALL_HMI.jpg/960px-EVENT_HALL_HMI.jpg?utm_source=en.wikipedia.org&utm_campaign=imageinfo&utm_content=thumbnail
11104,Bishnupur Rasmancha Terracotta,West Bengal,attraction,22.5897,78.9333,budget,4.4,472,"Bishnupur Rasmancha Terracotta is an authentic attraction destination located in ,  district of West Bengal. Celebrated for its regional significance and unique ambiance, it offers travelers an immersive experience in the culture, scenic beauty, and heritage of West Bengal.",Oct-Feb,https://upload.wikimedia.org/wikipedia/commons/3/36/Tripolia_Gate_Ajmer.jpg?utm_source=en.wikipedia.org&utm_campaign=api&utm_content=thumbnail_unscaled
11105,Jor Bangla Terracotta Temple Bishnupur,West Bengal,attraction,22.5993,78.9421,budget,4.3,902,"Jor Bangla Terracotta Temple Bishnupur is an authentic attraction destination located in ,  district of West Bengal. Celebrated for its regional significance and unique ambiance, it offers travelers an immersive experience in the culture, scenic beauty, and heritage of West Bengal.",Oct-Mar,https://thumb.wikimedia.org/wikipedia/commons/thumb/3/3a/Nalban_Waterbody_-_16-bit_Two_Stop_Over_Exposure_-_Kolkata_2015-08-13_2188.TIF/lossy-page1-960px-Nalban_Waterbody_-_16-bit_Two_Stop_Over_Exposure_-_Kolkata_2015-08-13_2188.TIF.jpg?utm_source=en.wikipedia.org&utm_campaign=api&utm_content=thumbnail
11106,Mukutmanipur Dam & Kangsabati Confluence,West Bengal,attraction,22.5753,78.9917,budget,4.5,2496,"Mukutmanipur Dam & Kangsabati Confluence is an authentic attraction destination located in ,  district of West Bengal. Celebrated for its regional significance and unique ambiance, it offers travelers an immersive experience in the culture, scenic beauty, and heritage of West Bengal.",Oct-Feb,https://thumb.wikimedia.org/wikipedia/commons/thumb/8/8c/Front_view_of_the_arcades_of_Somaj_Bari%2C_Nabadwip.jpg/960px-Front_view_of_the_arcades_of_Somaj_Bari%2C_Nabadwip.jpg?utm_source=en.wikipedia.org&utm_campaign=api&utm_content=thumbnail
11107,Susunia Hill Rock Inscriptions,West Bengal,attraction,22.6217,78.9469,budget,4.5,2738,"Susunia Hill Rock Inscriptions is an authentic attraction destination located in ,  district of West Bengal. Celebrated for its regional significance and unique ambiance, it offers travelers an immersive experience in the culture, scenic beauty, and heritage of West Bengal.",Oct-Feb,https://thumb.wikimedia.org/wikipedia/commons/thumb/4/42/Kurseong_panorama_by_Mayukh_Ghose.jpg/960px-Kurseong_panorama_by_Mayukh_Ghose.jpg?utm_source=en.wikipedia.org&utm_campaign=api&utm_content=thumbnail
11108,Ayodhya Hills (Ajodhya Pahar),West Bengal,attraction,22.6105,78.9373,budget,4.6,8356,"Ayodhya Hills (Ajodhya Pahar) is an authentic attraction destination located in ,  district of West Bengal. Celebrated for its regional significance and unique ambiance, it offers travelers an immersive experience in the culture, scenic beauty, and heritage of West Bengal.",Oct-Feb,https://thumb.wikimedia.org/wikipedia/commons/thumb/d/da/Lush_green_grass_along_the_lake.jpg/960px-Lush_green_grass_along_the_lake.jpg?utm_source=en.wikipedia.org&utm_campaign=api&utm_content=thumbnail
11109,Bamni Waterfalls Ayodhya Hills,West Bengal,attraction,22.5889,78.9245,budget,4.0,1010,"Bamni Waterfalls Ayodhya Hills is an authentic attraction destination located in ,  district of West Bengal. Celebrated for its regional significance and unique ambiance, it offers travelers an immersive experience in the culture, scenic beauty, and heritage of West Bengal.",Jul-Oct,https://thumb.wikimedia.org/wikipedia/commons/thumb/2/23/Sundarban_Tiger.jpg/960px-Sundarban_Tiger.jpg?utm_source=en.wikipedia.org&utm_campaign=api&utm_content=thumbnail
11110,Hazarduari Palace 1000 Doors,West Bengal,attraction,22.6217,78.9437,mid,4.6,8684,"Hazarduari Palace 1000 Doors is an authentic attraction destination located in ,  district of West Bengal. Celebrated for its regional significance and unique ambiance, it offers travelers an immersive experience in the culture, scenic beauty, and heritage of West Bengal.",Oct-Feb,https://thumb.wikimedia.org/wikipedia/commons/thumb/f/f5/Elephant_safari.jpg/960px-Elephant_safari.jpg?utm_source=en.wikipedia.org&utm_campaign=api&utm_content=thumbnail
11111,Digha Sea Beach & Marine Aquarium,West Bengal,attraction,22.5969,78.9541,budget,4.0,1338,"Digha Sea Beach & Marine Aquarium is an authentic attraction destination located in ,  district of West Bengal. Celebrated for its regional significance and unique ambiance, it offers travelers an immersive experience in the culture, scenic beauty, and heritage of West Bengal.",Oct-Feb,https://thumb.wikimedia.org/wikipedia/commons/thumb/4/42/Kurseong_panorama_by_Mayukh_Ghose.jpg/960px-Kurseong_panorama_by_Mayukh_Ghose.jpg?utm_source=en.wikipedia.org&utm_campaign=api&utm_content=thumbnail
11112,Mandarmani Motorrable Sea Beach,West Bengal,attraction,22.6097,78.9453,budget,4.7,5053,"Mandarmani Motorrable Sea Beach is an authentic attraction destination located in ,  district of West Bengal. Celebrated for its regional significance and unique ambiance, it offers travelers an immersive experience in the culture, scenic beauty, and heritage of West Bengal.",Oct-Feb,https://thumb.wikimedia.org/wikipedia/commons/thumb/d/de/Fortwilliam1828.jpg/960px-Fortwilliam1828.jpg?utm_source=en.wikipedia.org&utm_campaign=api&utm_content=thumbnail
11113,Mayapur ISKCON World HQ & Temple,West Bengal,attraction,22.6049,78.9709,budget,4.4,2032,"Mayapur ISKCON World HQ & Temple is an authentic attraction destination located in ,  district of West Bengal. Celebrated for its regional significance and unique ambiance, it offers travelers an immersive experience in the culture, scenic beauty, and heritage of West Bengal.",Oct-Mar,https://thumb.wikimedia.org/wikipedia/commons/thumb/8/8c/Front_view_of_the_arcades_of_Somaj_Bari%2C_Nabadwip.jpg/960px-Front_view_of_the_arcades_of_Somaj_Bari%2C_Nabadwip.jpg?utm_source=en.wikipedia.org&utm_campaign=api&utm_content=thumbnail
11114,Victoria Memorial & White Marble Royal Galleries,West Bengal,attraction,22.5537,79.0013,budget,4.2,94627,"Victoria Memorial & White Marble Royal Galleries is an authentic attraction destination located in ,  district of West Bengal. Celebrated for its regional significance and unique ambiance, it offers travelers an immersive experience in the culture, scenic beauty, and heritage of West Bengal.",Oct-Feb,https://thumb.wikimedia.org/wikipedia/commons/thumb/7/72/Victoria_Memorial_situated_in_Kolkata.jpg/960px-Victoria_Memorial_situated_in_Kolkata.jpg
11115,Howrah Bridge (Iconic Cantilever Rabindra Setu),West Bengal,attraction,22.5777,78.9981,budget,4.3,714,"Howrah Bridge (Iconic Cantilever Rabindra Setu) is an authentic attraction destination located in ,  district of West Bengal. Celebrated for its regional significance and unique ambiance, it offers travelers an immersive experience in the culture, scenic beauty, and heritage of West Bengal.",Oct-Feb,https://thumb.wikimedia.org/wikipedia/commons/thumb/c/cb/Howrah_bridge_at_night.jpg/960px-Howrah_bridge_at_night.jpg
11116,Dakshineswar Kali Temple on Holy Hooghly River,West Bengal,attraction,22.5953,78.9877,budget,4.6,4386,"Dakshineswar Kali Temple on Holy Hooghly River is an authentic attraction destination located in ,  district of West Bengal. Celebrated for its regional significance and unique ambiance, it offers travelers an immersive experience in the culture, scenic beauty, and heritage of West Bengal.",Oct-Mar,https://thumb.wikimedia.org/wikipedia/commons/thumb/1/10/Railway_penetrating_the_Park.jpg/960px-Railway_penetrating_the_Park.jpg?utm_source=en.wikipedia.org&utm_campaign=api&utm_content=thumbnail
11117,Belur Math (Universal Temple & Ramakrishna Mission World HQ),West Bengal,attraction,22.6257,78.9781,budget,4.5,3006,"Belur Math (Universal Temple & Ramakrishna Mission World HQ) is an authentic attraction destination located in ,  district of West Bengal. Celebrated for its regional significance and unique ambiance, it offers travelers an immersive experience in the culture, scenic beauty, and heritage of West Bengal.",Oct-Mar,https://thumb.wikimedia.org/wikipedia/commons/thumb/8/81/Belur_Math%2C_Howrah.jpg/960px-Belur_Math%2C_Howrah.jpg?utm_source=en.wikipedia.org&utm_campaign=api&utm_content=thumbnail
11118,Indian Museum (Oldest and Largest Museum in India - 1814),West Bengal,attraction,22.6009,78.9557,mid,3.9,491,"Indian Museum (Oldest and Largest Museum in India - 1814) is an authentic attraction destination located in ,  district of West Bengal. Celebrated for its regional significance and unique ambiance, it offers travelers an immersive experience in the culture, scenic beauty, and heritage of West Bengal.",Oct-Mar,https://thumb.wikimedia.org/wikipedia/commons/thumb/8/8c/Indian_Museum%2C_Courtyard%2C_Kolkata%2C_India.jpg/960px-Indian_Museum%2C_Courtyard%2C_Kolkata%2C_India.jpg?utm_source=en.wikipedia.org&utm_campaign=api&utm_content=thumbnail
11119,Science City Kolkata (Space Odyssey & Dynamotion Hall),West Bengal,attraction,22.5937,78.9677,budget,4.1,221,"Science City Kolkata (Space Odyssey & Dynamotion Hall) is an authentic attraction destination located in ,  district of West Bengal. Celebrated for its regional significance and unique ambiance, it offers travelers an immersive experience in the culture, scenic beauty, and heritage of West Bengal.",Oct-Feb,https://thumb.wikimedia.org/wikipedia/commons/thumb/0/03/Science_City_Kolkata_4643.JPG/960px-Science_City_Kolkata_4643.JPG?utm_source=en.wikipedia.org&utm_campaign=api&utm_content=thumbnail
11120,Princep Ghat & Vidyasagar Setu Waterfront Promenade,West Bengal,attraction,22.5561,78.9629,budget,4.0,1056,"Princep Ghat & Vidyasagar Setu Waterfront Promenade is an authentic attraction destination located in ,  district of West Bengal. Celebrated for its regional significance and unique ambiance, it offers travelers an immersive experience in the culture, scenic beauty, and heritage of West Bengal.",Oct-Mar,https://thumb.wikimedia.org/wikipedia/commons/thumb/2/2a/Sajnekhali_wildlife_Sanctuary_in_Sundarban_02.jpg/960px-Sajnekhali_wildlife_Sanctuary_in_Sundarban_02.jpg?utm_source=en.wikipedia.org&utm_campaign=api&utm_content=thumbnail
11121,Tiger Hill (World-Famous Mount Kanchenjunga Sunrise View),West Bengal,attraction,22.5641,78.9949,budget,3.9,817,"Tiger Hill (World-Famous Mount Kanchenjunga Sunrise View) is an authentic attraction destination located in ,  district of West Bengal. Celebrated for its regional significance and unique ambiance, it offers travelers an immersive experience in the culture, scenic beauty, and heritage of West Bengal.",Oct-Feb,https://thumb.wikimedia.org/wikipedia/commons/thumb/f/f0/Jod_Bangla_Terracotta_Temple%2C_Bishnupur%2C_West_Bengal.jpg/960px-Jod_Bangla_Terracotta_Temple%2C_Bishnupur%2C_West_Bengal.jpg?utm_source=en.wikipedia.org&utm_campaign=api&utm_content=thumbnail
11122,Darjeeling Himalayan Railway Toy Train (UNESCO World Heritage),West Bengal,attraction,22.6241,78.9893,budget,4.2,2234,"Darjeeling Himalayan Railway Toy Train (UNESCO World Heritage) is an authentic attraction destination located in ,  district of West Bengal. Celebrated for its regional significance and unique ambiance, it offers travelers an immersive experience in the culture, scenic beauty, and heritage of West Bengal.",Oct-Feb,https://thumb.wikimedia.org/wikipedia/commons/thumb/8/84/St._James_Church_9.jpg/960px-St._James_Church_9.jpg?utm_source=en.wikipedia.org&utm_campaign=api&utm_content=thumbnail
11123,Batasia Loop & Gorkha War Memorial Garden,West Bengal,attraction,22.5985,78.9797,budget,4.2,3015,"Batasia Loop & Gorkha War Memorial Garden is an authentic attraction destination located in ,  district of West Bengal. Celebrated for its regional significance and unique ambiance, it offers travelers an immersive experience in the culture, scenic beauty, and heritage of West Bengal.",Oct-Feb,https://thumb.wikimedia.org/wikipedia/commons/thumb/3/3f/Chintamani_Kar_Bird_Sanactuary%2C_Kolkata.JPG/960px-Chintamani_Kar_Bird_Sanactuary%2C_Kolkata.JPG?utm_source=en.wikipedia.org&utm_campaign=api&utm_content=thumbnail
11124,Peace Pagoda & Japanese Buddhist Temple (Darjeeling),West Bengal,attraction,22.5825,79.0021,budget,4.3,1618,"Peace Pagoda & Japanese Buddhist Temple (Darjeeling) is an authentic attraction destination located in ,  district of West Bengal. Celebrated for its regional significance and unique ambiance, it offers travelers an immersive experience in the culture, scenic beauty, and heritage of West Bengal.",Oct-Mar,https://thumb.wikimedia.org/wikipedia/commons/thumb/d/de/Calcutta_Jain_Temple-Sheetalnath_Mandir-P1080642.jpg/960px-Calcutta_Jain_Temple-Sheetalnath_Mandir-P1080642.jpg?utm_source=en.wikipedia.org&utm_campaign=api&utm_content=thumbnail
11125,Padmaja Naidu Himalayan Zoo (Red Panda & Snow Leopard Center),West Bengal,attraction,22.5705,78.9901,mid,3.9,1011,"Padmaja Naidu Himalayan Zoo (Red Panda & Snow Leopard Center) is an authentic attraction destination located in ,  district of West Bengal. Celebrated for its regional significance and unique ambiance, it offers travelers an immersive experience in the culture, scenic beauty, and heritage of West Bengal.",Oct-Feb,https://thumb.wikimedia.org/wikipedia/commons/thumb/e/e4/India_2008_905.JPG/960px-India_2008_905.JPG?utm_source=en.wikipedia.org&utm_campaign=api&utm_content=thumbnail
11126,Happy Valley Tea Estate & Heritage Factory Walk,West Bengal,attraction,22.5625,78.9653,budget,4.4,1674,"Happy Valley Tea Estate & Heritage Factory Walk is an authentic attraction destination located in ,  district of West Bengal. Celebrated for its regional significance and unique ambiance, it offers travelers an immersive experience in the culture, scenic beauty, and heritage of West Bengal.",Oct-Feb,https://thumb.wikimedia.org/wikipedia/commons/thumb/8/8c/Indian_Museum%2C_Courtyard%2C_Kolkata%2C_India.jpg/960px-Indian_Museum%2C_Courtyard%2C_Kolkata%2C_India.jpg?utm_source=en.wikipedia.org&utm_campaign=api&utm_content=thumbnail
11127,Deolo Hill Panoramic Viewpoint & Paragliding Peak,West Bengal,attraction,22.6025,78.9541,mid,4.6,7696,"Deolo Hill Panoramic Viewpoint & Paragliding Peak is an authentic attraction destination located in ,  district of West Bengal. Celebrated for its regional significance and unique ambiance, it offers travelers an immersive experience in the culture, scenic beauty, and heritage of West Bengal.",Oct-Feb,https://thumb.wikimedia.org/wikipedia/commons/thumb/1/1a/Upper_Dam.jpg/960px-Upper_Dam.jpg?utm_source=en.wikipedia.org&utm_campaign=api&utm_content=thumbnail
11128,Morgan House (Colonial Tudor Heritage Mansion),West Bengal,attraction,22.6305,78.9677,budget,4.3,2039,"Morgan House (Colonial Tudor Heritage Mansion) is an authentic attraction destination located in ,  district of West Bengal. Celebrated for its regional significance and unique ambiance, it offers travelers an immersive experience in the culture, scenic beauty, and heritage of West Bengal.",Oct-Feb,https://thumb.wikimedia.org/wikipedia/commons/thumb/8/8b/Kolkata_botanical_garden_pathway.jpg/960px-Kolkata_botanical_garden_pathway.jpg?utm_source=en.wikipedia.org&utm_campaign=api&utm_content=thumbnail
11129,Durpin Monastery (Zang Dhok Palri Phodang Sacred Gompa),West Bengal,attraction,22.6321,79.0021,budget,4.3,857,"Durpin Monastery (Zang Dhok Palri Phodang Sacred Gompa) is an authentic attraction destination located in ,  district of West Bengal. Celebrated for its regional significance and unique ambiance, it offers travelers an immersive experience in the culture, scenic beauty, and heritage of West Bengal.",Oct-Feb,https://thumb.wikimedia.org/wikipedia/commons/thumb/1/10/Railway_penetrating_the_Park.jpg/960px-Railway_penetrating_the_Park.jpg?utm_source=en.wikipedia.org&utm_campaign=api&utm_content=thumbnail
11130,Jaldapara National Park (One-Horned Indian Rhino Safari),West Bengal,attraction,22.5561,78.9373,luxury,4.0,978,"Jaldapara National Park (One-Horned Indian Rhino Safari) is an authentic attraction destination located in ,  district of West Bengal. Celebrated for its regional significance and unique ambiance, it offers travelers an immersive experience in the culture, scenic beauty, and heritage of West Bengal.",Oct-Feb,https://thumb.wikimedia.org/wikipedia/commons/thumb/f/f5/Elephant_safari.jpg/960px-Elephant_safari.jpg?utm_source=en.wikipedia.org&utm_campaign=api&utm_content=thumbnail
11131,Buxa Tiger Reserve & Historical Buxa Hill Fort,West Bengal,attraction,22.5593,78.9949,mid,4.6,4130,"Buxa Tiger Reserve & Historical Buxa Hill Fort is an authentic attraction destination located in ,  district of West Bengal. Celebrated for its regional significance and unique ambiance, it offers travelers an immersive experience in the culture, scenic beauty, and heritage of West Bengal.",Oct-Feb,https://thumb.wikimedia.org/wikipedia/commons/thumb/3/32/Dakhineshwar_Temple_beside_the_Hoogly%2C_West_Bengal.JPG/960px-Dakhineshwar_Temple_beside_the_Hoogly%2C_West_Bengal.JPG?utm_source=en.wikipedia.org&utm_campaign=api&utm_content=thumbnail
11132,Gorumara National Park (Dooars Floodplain Grasslands),West Bengal,attraction,22.5737,78.9437,budget,4.0,911,"Gorumara National Park (Dooars Floodplain Grasslands) is an authentic attraction destination located in ,  district of West Bengal. Celebrated for its regional significance and unique ambiance, it offers travelers an immersive experience in the culture, scenic beauty, and heritage of West Bengal.",Oct-Feb,https://thumb.wikimedia.org/wikipedia/commons/thumb/1/1f/Gorumara_Gateway_Arnab_Dutta.JPG/960px-Gorumara_Gateway_Arnab_Dutta.JPG?utm_source=en.wikipedia.org&utm_campaign=api&utm_content=thumbnail
11133,Bishnupur Terracotta Temples (Rasmancha & Jor Bangla),West Bengal,attraction,22.5889,78.9597,budget,4.7,4811,"Bishnupur Terracotta Temples (Rasmancha & Jor Bangla) is an authentic attraction destination located in ,  district of West Bengal. Celebrated for its regional significance and unique ambiance, it offers travelers an immersive experience in the culture, scenic beauty, and heritage of West Bengal.",Oct-Mar,https://thumb.wikimedia.org/wikipedia/commons/thumb/f/f0/Jod_Bangla_Terracotta_Temple%2C_Bishnupur%2C_West_Bengal.jpg/960px-Jod_Bangla_Terracotta_Temple%2C_Bishnupur%2C_West_Bengal.jpg?utm_source=en.wikipedia.org&utm_campaign=api&utm_content=thumbnail
11134,Mukutmanipur Dam & Kangsabati-Kumari Confluence,West Bengal,attraction,22.6241,78.9957,budget,3.9,160,"Mukutmanipur Dam & Kangsabati-Kumari Confluence is an authentic attraction destination located in ,  district of West Bengal. Celebrated for its regional significance and unique ambiance, it offers travelers an immersive experience in the culture, scenic beauty, and heritage of West Bengal.",Oct-Feb,https://thumb.wikimedia.org/wikipedia/commons/thumb/0/03/Birla_Industrial_%26_Technological_Museum%2C_Kolkata.jpg/960px-Birla_Industrial_%26_Technological_Museum%2C_Kolkata.jpg?utm_source=en.wikipedia.org&utm_campaign=api&utm_content=thumbnail
11135,Susunia Hill (Ancient Rock Inscriptions & Spring),West Bengal,attraction,22.5809,78.9493,budget,4.6,4263,"Susunia Hill (Ancient Rock Inscriptions & Spring) is an authentic attraction destination located in ,  district of West Bengal. Celebrated for its regional significance and unique ambiance, it offers travelers an immersive experience in the culture, scenic beauty, and heritage of West Bengal.",Oct-Feb,https://thumb.wikimedia.org/wikipedia/commons/thumb/4/43/Tarapith_Temple_05.jpg/960px-Tarapith_Temple_05.jpg?utm_source=en.wikipedia.org&utm_campaign=api&utm_content=thumbnail
11136,Shantiniketan Visva-Bharati (Rabindranath Tagore UNESCO Site),West Bengal,attraction,22.5985,79.0021,budget,4.5,6763,"Shantiniketan Visva-Bharati (Rabindranath Tagore UNESCO Site) is an authentic attraction destination located in ,  district of West Bengal. Celebrated for its regional significance and unique ambiance, it offers travelers an immersive experience in the culture, scenic beauty, and heritage of West Bengal.",Oct-Feb,https://thumb.wikimedia.org/wikipedia/commons/thumb/f/f0/Jod_Bangla_Terracotta_Temple%2C_Bishnupur%2C_West_Bengal.jpg/960px-Jod_Bangla_Terracotta_Temple%2C_Bishnupur%2C_West_Bengal.jpg?utm_source=en.wikipedia.org&utm_campaign=api&utm_content=thumbnail
11137,Tarapith Temple (Famous Tantric Temple of Maa Tara),West Bengal,attraction,22.5857,78.9237,budget,4.1,925,"Tarapith Temple (Famous Tantric Temple of Maa Tara) is an authentic attraction destination located in ,  district of West Bengal. Celebrated for its regional significance and unique ambiance, it offers travelers an immersive experience in the culture, scenic beauty, and heritage of West Bengal.",Oct-Mar,https://thumb.wikimedia.org/wikipedia/commons/thumb/4/43/Tarapith_Temple_05.jpg/960px-Tarapith_Temple_05.jpg?utm_source=en.wikipedia.org&utm_campaign=api&utm_content=thumbnail
11138,Bakreshwar Natural Geothermal Springs & Shiva Temple,West Bengal,attraction,22.5617,78.9373,budget,4.0,1258,"Bakreshwar Natural Geothermal Springs & Shiva Temple is an authentic attraction destination located in ,  district of West Bengal. Celebrated for its regional significance and unique ambiance, it offers travelers an immersive experience in the culture, scenic beauty, and heritage of West Bengal.",Oct-Mar,https://thumb.wikimedia.org/wikipedia/commons/thumb/8/8b/Kolkata_botanical_garden_pathway.jpg/960px-Kolkata_botanical_garden_pathway.jpg?utm_source=en.wikipedia.org&utm_campaign=api&utm_content=thumbnail
11139,Sundarbans National Park (UNESCO Mangrove Tiger Reserve),West Bengal,attraction,22.5777,78.9493,budget,4.2,1162,"Sundarbans National Park (UNESCO Mangrove Tiger Reserve) is an authentic attraction destination located in ,  district of West Bengal. Celebrated for its regional significance and unique ambiance, it offers travelers an immersive experience in the culture, scenic beauty, and heritage of West Bengal.",Oct-Feb,https://thumb.wikimedia.org/wikipedia/commons/thumb/2/23/Sundarban_Tiger.jpg/960px-Sundarban_Tiger.jpg?utm_source=en.wikipedia.org&utm_campaign=api&utm_content=thumbnail
11140,Sajnekhali Watch Tower & Mangrove Interpretation Center,West Bengal,attraction,22.5889,78.9309,budget,4.3,1366,"Sajnekhali Watch Tower & Mangrove Interpretation Center is an authentic attraction destination located in ,  district of West Bengal. Celebrated for its regional significance and unique ambiance, it offers travelers an immersive experience in the culture, scenic beauty, and heritage of West Bengal.",Oct-Feb,https://thumb.wikimedia.org/wikipedia/commons/thumb/8/8a/Mirik_Sumendu_Lake.jpg/960px-Mirik_Sumendu_Lake.jpg?utm_source=en.wikipedia.org&utm_campaign=api&utm_content=thumbnail
11141,Gangasagar (Kapil Muni Temple & Sacred Makar Sankranti Sangam),West Bengal,attraction,22.5921,78.9629,budget,4.7,1405,"Gangasagar (Kapil Muni Temple & Sacred Makar Sankranti Sangam) is an authentic attraction destination located in ,  district of West Bengal. Celebrated for its regional significance and unique ambiance, it offers travelers an immersive experience in the culture, scenic beauty, and heritage of West Bengal.",Oct-Mar,https://thumb.wikimedia.org/wikipedia/commons/thumb/8/86/Kapil_Muni_Temple.jpg/960px-Kapil_Muni_Temple.jpg?utm_source=en.wikipedia.org&utm_campaign=api&utm_content=thumbnail
11142,Bakkhali Beach & Henry's Island Mangrove Trail,West Bengal,attraction,22.6225,78.9501,budget,4.5,4142,"Bakkhali Beach & Henry's Island Mangrove Trail is an authentic attraction destination located in ,  district of West Bengal. Celebrated for its regional significance and unique ambiance, it offers travelers an immersive experience in the culture, scenic beauty, and heritage of West Bengal.",Oct-Feb,https://thumb.wikimedia.org/wikipedia/commons/thumb/9/92/065.STARTED_FROM_HOTEL_MANISH_ON_14.08.2017_AT_02-30_P.M._FOR_HOWRAH_RAILWAY_STATION_BY_HIRED_TAXI.jpg/960px-065.STARTED_FROM_HOTEL_MANISH_ON_14.08.2017_AT_02-30_P.M._FOR_HOWRAH_RAILWAY_STATION_BY_HIRED_TAXI.jpg?utm_source=en.wikipedia.org&utm_campaign=api&utm_content=thumbnail
11143,Digha Sea Beach Promenade & Marine Aquarium,West Bengal,attraction,22.5689,78.9829,budget,4.4,1744,"Digha Sea Beach Promenade & Marine Aquarium is an authentic attraction destination located in ,  district of West Bengal. Celebrated for its regional significance and unique ambiance, it offers travelers an immersive experience in the culture, scenic beauty, and heritage of West Bengal.",Oct-Feb,https://upload.wikimedia.org/wikipedia/commons/3/36/Tripolia_Gate_Ajmer.jpg?utm_source=en.wikipedia.org&utm_campaign=api&utm_content=thumbnail_unscaled
11144,Mandarmani Beach (Scenic Red Crab Drive-in Shore),West Bengal,attraction,22.5561,78.9693,budget,4.3,626,"Mandarmani Beach (Scenic Red Crab Drive-in Shore) is an authentic attraction destination located in ,  district of West Bengal. Celebrated for its regional significance and unique ambiance, it offers travelers an immersive experience in the culture, scenic beauty, and heritage of West Bengal.",Oct-Feb,https://thumb.wikimedia.org/wikipedia/commons/thumb/0/03/Birla_Industrial_%26_Technological_Museum%2C_Kolkata.jpg/960px-Birla_Industrial_%26_Technological_Museum%2C_Kolkata.jpg?utm_source=en.wikipedia.org&utm_campaign=api&utm_content=thumbnail
11145,Hazarduari Palace Museum (Palace of 1000 Doors),West Bengal,attraction,22.5985,78.9261,mid,4.4,559,"Hazarduari Palace Museum (Palace of 1000 Doors) is an authentic attraction destination located in ,  district of West Bengal. Celebrated for its regional significance and unique ambiance, it offers travelers an immersive experience in the culture, scenic beauty, and heritage of West Bengal.",Oct-Mar,https://upload.wikimedia.org/wikipedia/commons/c/c4/Rishop%2Cwest_bengal%2CIndia.jpg?utm_source=en.wikipedia.org&utm_campaign=api&utm_content=thumbnail_unscaled
11146,Katra Mosque & Nawab Murshid Quli Khan Tomb,West Bengal,attraction,22.5745,78.9957,budget,4.5,6920,"Katra Mosque & Nawab Murshid Quli Khan Tomb is an authentic attraction destination located in ,  district of West Bengal. Celebrated for its regional significance and unique ambiance, it offers travelers an immersive experience in the culture, scenic beauty, and heritage of West Bengal.",Oct-Feb,https://thumb.wikimedia.org/wikipedia/commons/thumb/1/12/National_Library%2C_Calcutta_2007.jpg/960px-National_Library%2C_Calcutta_2007.jpg?utm_source=en.wikipedia.org&utm_campaign=api&utm_content=thumbnail
11147,Adina Mosque & Gour Sultanate Historical Ruins,West Bengal,attraction,22.6105,78.9501,budget,4.2,3430,"Adina Mosque & Gour Sultanate Historical Ruins is an authentic attraction destination located in ,  district of West Bengal. Celebrated for its regional significance and unique ambiance, it offers travelers an immersive experience in the culture, scenic beauty, and heritage of West Bengal.",Oct-Feb,https://thumb.wikimedia.org/wikipedia/commons/thumb/1/12/National_Library%2C_Calcutta_2007.jpg/960px-National_Library%2C_Calcutta_2007.jpg?utm_source=en.wikipedia.org&utm_campaign=api&utm_content=thumbnail
