id,name,state,category,latitude,longitude,price_range,rating,review_count,description,best_season,image_url
10177,Amar Singh Gate,Uttar Pradesh,attraction,27.1672,77.9916,budget,4.9,1600,"Amar Singh Gate is a renowned cultural landmark situated in Agra, Agra district of Uttar Pradesh. The destination attracts visitors seeking authentic regional heritage, architectural grandeur, and picturesque surroundings. It plays an integral role in the cultural landscape and local tourism identity of the region.",Oct-Feb,https://images.unsplash.com/photo-1590050752117-238cb0fb12b1?w=800&auto=format&fit=crop&q=80
10178,Diwan-I-Am,Uttar Pradesh,attraction,27.179012,78.022391,budget,4.3,1512,"Diwan-I-Am is a renowned cultural landmark situated in Agra, Agra district of Uttar Pradesh. The destination attracts visitors seeking authentic regional heritage, architectural grandeur, and picturesque surroundings. It plays an integral role in the cultural landscape and local tourism identity of the region.",Oct-Feb,https://images.unsplash.com/photo-1518709268805-4e9042af9f23?w=800&auto=format&fit=crop&q=80
10179,Gurudwara Guru Ka Taal,Uttar Pradesh,attraction,27.1673,77.9923,budget,4.1,1044,"Gurudwara Guru Ka Taal is a renowned religious landmark situated in Agra, Agra district of Uttar Pradesh. The destination attracts visitors seeking authentic regional heritage, architectural grandeur, and picturesque surroundings. It plays an integral role in the cultural landscape and local tourism identity of the region.",Oct-Feb,https://images.unsplash.com/photo-1621847468516-1ed5d0df56fe?w=800&auto=format&fit=crop&q=80
10180,Shah Jahani Mahal,Uttar Pradesh,attraction,27.178088,78.023422,budget,3.9,224,"Shah Jahani Mahal is a renowned cultural landmark situated in Agra, Agra district of Uttar Pradesh. The destination attracts visitors seeking authentic regional heritage, architectural grandeur, and picturesque surroundings. It plays an integral role in the cultural landscape and local tourism identity of the region.",Oct-Feb,https://images.unsplash.com/photo-1584551246679-0daf3d275d0f?w=800&auto=format&fit=crop&q=80
10181,Sikandra Fort,Uttar Pradesh,attraction,27.221013,77.950422,mid,4.8,7733,"Sikandra Fort is a renowned cultural landmark situated in Agra, Agra district of Uttar Pradesh. The destination attracts visitors seeking authentic regional heritage, architectural grandeur, and picturesque surroundings. It plays an integral role in the cultural landscape and local tourism identity of the region.",Oct-Feb,https://images.unsplash.com/photo-1590766940554-634a7ed41450?w=800&auto=format&fit=crop&q=80
10182,Taj Museum,Uttar Pradesh,attraction,27.18225,77.99695,mid,4.7,4695,"Taj Museum is a renowned cultural landmark situated in Agra, Agra district of Uttar Pradesh. The destination attracts visitors seeking authentic regional heritage, architectural grandeur, and picturesque surroundings. It plays an integral role in the cultural landscape and local tourism identity of the region.",Oct-Mar,https://images.unsplash.com/photo-1544531586-fde5298cdd40?w=800&auto=format&fit=crop&q=80
10183,Taj Nature Walk,Uttar Pradesh,attraction,27.16625,77.98495,budget,4.2,1658,"Taj Nature Walk is a renowned recreation landmark situated in Agra, Agra district of Uttar Pradesh. The destination attracts visitors seeking authentic regional heritage, architectural grandeur, and picturesque surroundings. It plays an integral role in the cultural landscape and local tourism identity of the region.",Oct-Feb,https://images.unsplash.com/photo-1567157577867-05ccb1388e66?w=800&auto=format&fit=crop&q=80
10184,The Red Taj,Uttar Pradesh,attraction,27.209162,78.005016,budget,4.5,4165,"The Red Taj is a renowned cultural landmark situated in Agra, Agra district of Uttar Pradesh. The destination attracts visitors seeking authentic regional heritage, architectural grandeur, and picturesque surroundings. It plays an integral role in the cultural landscape and local tourism identity of the region.",Oct-Feb,https://images.unsplash.com/photo-1621847468516-1ed5d0df56fe?w=800&auto=format&fit=crop&q=80
10185,Tomb of Akbar,Uttar Pradesh,attraction,27.1838,78.0078,budget,4.6,2966,"Tomb of Akbar is a renowned cultural landmark situated in Agra, Agra district of Uttar Pradesh. The destination attracts visitors seeking authentic regional heritage, architectural grandeur, and picturesque surroundings. It plays an integral role in the cultural landscape and local tourism identity of the region.",Oct-Feb,https://images.unsplash.com/photo-1518709268805-4e9042af9f23?w=800&auto=format&fit=crop&q=80
10186,Bada Imambara,Uttar Pradesh,attraction,26.866637,80.911922,budget,4.4,18711,"Bada Imambara is a renowned cultural landmark situated in Lucknow, Lucknow district of Uttar Pradesh. The destination attracts visitors seeking authentic regional heritage, architectural grandeur, and picturesque surroundings. It plays an integral role in the cultural landscape and local tourism identity of the region.",Oct-Feb,https://images.unsplash.com/photo-1621847468516-1ed5d0df56fe?w=800&auto=format&fit=crop&q=80
10187,Chhatar Manzil,Uttar Pradesh,attraction,26.85,80.9693,budget,4.5,9105,"Chhatar Manzil is a renowned heritage landmark situated in Lucknow, Lucknow district of Uttar Pradesh. The destination attracts visitors seeking authentic regional heritage, architectural grandeur, and picturesque surroundings. It plays an integral role in the cultural landscape and local tourism identity of the region.",Oct-Feb,https://images.unsplash.com/photo-1621847468516-1ed5d0df56fe?w=800&auto=format&fit=crop&q=80
10188,Chota Imambara,Uttar Pradesh,attraction,26.8561,80.962,budget,4.4,843,"Chota Imambara is a renowned heritage landmark situated in Lucknow, Lucknow district of Uttar Pradesh. The destination attracts visitors seeking authentic regional heritage, architectural grandeur, and picturesque surroundings. It plays an integral role in the cultural landscape and local tourism identity of the region.",Oct-Feb,https://images.unsplash.com/photo-1621847468516-1ed5d0df56fe?w=800&auto=format&fit=crop&q=80
10189,Gomti Riverfront Park,Uttar Pradesh,attraction,26.851862,80.971359,budget,4.9,19622,"Gomti Riverfront Park is a renowned recreation landmark situated in Lucknow, Lucknow district of Uttar Pradesh. The destination attracts visitors seeking authentic regional heritage, architectural grandeur, and picturesque surroundings. It plays an integral role in the cultural landscape and local tourism identity of the region.",Oct-Feb,https://images.unsplash.com/photo-1524492412937-b28074a5d7da?w=800&auto=format&fit=crop&q=80
10190,Rumi Darwaza,Uttar Pradesh,attraction,26.8682,80.9467,budget,4.6,10139,"Rumi Darwaza is a renowned cultural landmark situated in Lucknow, Lucknow district of Uttar Pradesh. The destination attracts visitors seeking authentic regional heritage, architectural grandeur, and picturesque surroundings. It plays an integral role in the cultural landscape and local tourism identity of the region.",Oct-Feb,https://images.unsplash.com/photo-1567157577867-05ccb1388e66?w=800&auto=format&fit=crop&q=80
10191,Satkhanda,Uttar Pradesh,attraction,26.874987,80.905984,budget,4.3,2709,"Satkhanda is a renowned cultural landmark situated in Lucknow, Lucknow district of Uttar Pradesh. The destination attracts visitors seeking authentic regional heritage, architectural grandeur, and picturesque surroundings. It plays an integral role in the cultural landscape and local tourism identity of the region.",Oct-Feb,https://images.unsplash.com/photo-1518709268805-4e9042af9f23?w=800&auto=format&fit=crop&q=80
10192,Shaheed Smarak,Uttar Pradesh,attraction,26.863312,80.928359,budget,4.4,1063,"Shaheed Smarak is a renowned heritage landmark situated in Lucknow, Lucknow district of Uttar Pradesh. The destination attracts visitors seeking authentic regional heritage, architectural grandeur, and picturesque surroundings. It plays an integral role in the cultural landscape and local tourism identity of the region.",Oct-Feb,https://images.unsplash.com/photo-1582510003544-4d00b7f74220?w=800&auto=format&fit=crop&q=80
10193,Sikandar Bagh,Uttar Pradesh,attraction,26.855612,80.952391,budget,4.1,529,"Sikandar Bagh is a renowned recreation landmark situated in Lucknow, Lucknow district of Uttar Pradesh. The destination attracts visitors seeking authentic regional heritage, architectural grandeur, and picturesque surroundings. It plays an integral role in the cultural landscape and local tourism identity of the region.",Oct-Feb,https://images.unsplash.com/photo-1544717305-2782549b5136?w=800&auto=format&fit=crop&q=80
10194,State Museum Lucknow,Uttar Pradesh,attraction,26.85545,80.95745,mid,4.6,5470,"State Museum Lucknow is a renowned cultural landmark situated in Lucknow, Lucknow district of Uttar Pradesh. The destination attracts visitors seeking authentic regional heritage, architectural grandeur, and picturesque surroundings. It plays an integral role in the cultural landscape and local tourism identity of the region.",Oct-Mar,https://images.unsplash.com/photo-1544531586-fde5298cdd40?w=800&auto=format&fit=crop&q=80
10195,Suraj Kund Park,Uttar Pradesh,attraction,26.865813,80.924172,budget,4.6,7185,"Suraj Kund Park is a renowned recreation landmark situated in Lucknow, Lucknow district of Uttar Pradesh. The destination attracts visitors seeking authentic regional heritage, architectural grandeur, and picturesque surroundings. It plays an integral role in the cultural landscape and local tourism identity of the region.",Oct-Feb,https://images.unsplash.com/photo-1518457607834-6e8d80c183c5?w=800&auto=format&fit=crop&q=80
10196,"The Residency, Lucknow",Uttar Pradesh,attraction,26.860637,80.926797,budget,4.3,2419,"The Residency, Lucknow is a renowned heritage landmark situated in Lucknow, Lucknow district of Uttar Pradesh. The destination attracts visitors seeking authentic regional heritage, architectural grandeur, and picturesque surroundings. It plays an integral role in the cultural landscape and local tourism identity of the region.",Oct-Feb,https://images.unsplash.com/photo-1567157577867-05ccb1388e66?w=800&auto=format&fit=crop&q=80
10197,Basantar Park,Uttar Pradesh,attraction,27.480263,77.699578,budget,4.4,485,"Basantar Park is a renowned recreation landmark situated in Mathura, Mathura district of Uttar Pradesh. The destination attracts visitors seeking authentic regional heritage, architectural grandeur, and picturesque surroundings. It plays an integral role in the cultural landscape and local tourism identity of the region.",Oct-Feb,https://images.unsplash.com/photo-1584467735815-f778f274e296?w=800&auto=format&fit=crop&q=80
10198,Birla Temple,Uttar Pradesh,attraction,27.57725,77.67715,budget,4.7,8782,"Birla Temple is a renowned religious landmark situated in Vrindavan, Mathura district of Uttar Pradesh. The destination attracts visitors seeking authentic regional heritage, architectural grandeur, and picturesque surroundings. It plays an integral role in the cultural landscape and local tourism identity of the region.",Oct-Mar,https://images.unsplash.com/photo-1544717305-2782549b5136?w=800&auto=format&fit=crop&q=80
10199,"Chinta Haran Mahadev, Mathura",Uttar Pradesh,attraction,27.4754,77.6547,budget,4.5,7398,"Chinta Haran Mahadev, Mathura is a renowned religious landmark situated in Mathura, Mathura district of Uttar Pradesh. The destination attracts visitors seeking authentic regional heritage, architectural grandeur, and picturesque surroundings. It plays an integral role in the cultural landscape and local tourism identity of the region.",Oct-Feb,https://images.unsplash.com/photo-1582510003544-4d00b7f74220?w=800&auto=format&fit=crop&q=80
10200,"Government Museum, Mathura",Uttar Pradesh,attraction,27.48615,77.67995,mid,4.9,5917,"Government Museum, Mathura is a renowned heritage landmark situated in Mathura, Mathura district of Uttar Pradesh. The destination attracts visitors seeking authentic regional heritage, architectural grandeur, and picturesque surroundings. It plays an integral role in the cultural landscape and local tourism identity of the region.",Oct-Mar,https://images.unsplash.com/photo-1544531586-fde5298cdd40?w=800&auto=format&fit=crop&q=80
10201,Holi Gate,Uttar Pradesh,attraction,27.48245,77.65405,budget,4.5,8572,"Holi Gate is a renowned cultural landmark situated in Mathura, Mathura district of Uttar Pradesh. The destination attracts visitors seeking authentic regional heritage, architectural grandeur, and picturesque surroundings. It plays an integral role in the cultural landscape and local tourism identity of the region.",Oct-Feb,https://images.unsplash.com/photo-1590050752117-238cb0fb12b1?w=800&auto=format&fit=crop&q=80
10202,"Keshi Ghat, Vrindavan",Uttar Pradesh,attraction,27.59385,77.69335,budget,4.5,3725,"Keshi Ghat, Vrindavan is a renowned religious landmark situated in Vrindavan, Mathura district of Uttar Pradesh. The destination attracts visitors seeking authentic regional heritage, architectural grandeur, and picturesque surroundings. It plays an integral role in the cultural landscape and local tourism identity of the region.",Oct-Mar,https://images.unsplash.com/photo-1561361513-2d000a50f0dc?w=800&auto=format&fit=crop&q=80
10203,prem mndir vaattikaa,Uttar Pradesh,attraction,27.571438,77.671813,budget,4.6,1218,"prem mndir vaattikaa is a renowned recreation landmark situated in Vrindavan, Mathura district of Uttar Pradesh. The destination attracts visitors seeking authentic regional heritage, architectural grandeur, and picturesque surroundings. It plays an integral role in the cultural landscape and local tourism identity of the region.",Oct-Feb,https://images.unsplash.com/photo-1582510003544-4d00b7f74220?w=800&auto=format&fit=crop&q=80
10204,"Seva Kunj, Vrindavan",Uttar Pradesh,attraction,27.587,77.6954,budget,4.1,492,"Seva Kunj, Vrindavan is a renowned religious landmark situated in Vrindavan, Mathura district of Uttar Pradesh. The destination attracts visitors seeking authentic regional heritage, architectural grandeur, and picturesque surroundings. It plays an integral role in the cultural landscape and local tourism identity of the region.",Oct-Feb,https://images.unsplash.com/photo-1584467735815-f778f274e296?w=800&auto=format&fit=crop&q=80
10205,"Shahji Temple, Vrindavan",Uttar Pradesh,attraction,27.58825,77.70415,budget,4.2,3128,"Shahji Temple, Vrindavan is a renowned religious landmark situated in Vrindavan, Mathura district of Uttar Pradesh. The destination attracts visitors seeking authentic regional heritage, architectural grandeur, and picturesque surroundings. It plays an integral role in the cultural landscape and local tourism identity of the region.",Oct-Mar,https://images.unsplash.com/photo-1518709268805-4e9042af9f23?w=800&auto=format&fit=crop&q=80
10206,"Shri Bhuteshwar Mahadev Temple, Mathura",Uttar Pradesh,attraction,27.499862,77.668453,budget,4.1,1125,"Shri Bhuteshwar Mahadev Temple, Mathura is a renowned religious landmark situated in Mathura, Mathura district of Uttar Pradesh. The destination attracts visitors seeking authentic regional heritage, architectural grandeur, and picturesque surroundings. It plays an integral role in the cultural landscape and local tourism identity of the region.",Oct-Mar,https://images.unsplash.com/photo-1590050752117-238cb0fb12b1?w=800&auto=format&fit=crop&q=80
10207,"Shri Garud Govind Temple, Vrindavan",Uttar Pradesh,attraction,27.566962,77.627984,budget,4.1,1067,"Shri Garud Govind Temple, Vrindavan is a renowned religious landmark situated in Vrindavan, Mathura district of Uttar Pradesh. The destination attracts visitors seeking authentic regional heritage, architectural grandeur, and picturesque surroundings. It plays an integral role in the cultural landscape and local tourism identity of the region.",Oct-Mar,https://images.unsplash.com/photo-1590050752117-238cb0fb12b1?w=800&auto=format&fit=crop&q=80
10208,"Shri Jugal Kishore Ji Temple, Vrindavan",Uttar Pradesh,attraction,27.586862,77.698828,budget,4.3,3249,"Shri Jugal Kishore Ji Temple, Vrindavan is a renowned religious landmark situated in Vrindavan, Mathura district of Uttar Pradesh. The destination attracts visitors seeking authentic regional heritage, architectural grandeur, and picturesque surroundings. It plays an integral role in the cultural landscape and local tourism identity of the region.",Oct-Mar,https://images.unsplash.com/photo-1582510003544-4d00b7f74220?w=800&auto=format&fit=crop&q=80
10209,"Shri Pagal Baba Temple, Vrindavan",Uttar Pradesh,attraction,27.60285,77.70635,budget,4.5,6075,"Shri Pagal Baba Temple, Vrindavan is a renowned religious landmark situated in Vrindavan, Mathura district of Uttar Pradesh. The destination attracts visitors seeking authentic regional heritage, architectural grandeur, and picturesque surroundings. It plays an integral role in the cultural landscape and local tourism identity of the region.",Oct-Mar,https://images.unsplash.com/photo-1621847468516-1ed5d0df56fe?w=800&auto=format&fit=crop&q=80
10210,"Shri Radha Damodar Dev Ji Temple, Vrindavan",Uttar Pradesh,attraction,27.583762,77.695672,budget,4.5,9016,"Shri Radha Damodar Dev Ji Temple, Vrindavan is a renowned religious landmark situated in Vrindavan, Mathura district of Uttar Pradesh. The destination attracts visitors seeking authentic regional heritage, architectural grandeur, and picturesque surroundings. It plays an integral role in the cultural landscape and local tourism identity of the region.",Oct-Mar,https://images.unsplash.com/photo-1506744038136-46273834b3fb?w=800&auto=format&fit=crop&q=80
10211,"Shri Radha Madan Mohan Ji Temple, Vrindavan",Uttar Pradesh,attraction,27.5751,77.7121,budget,4.1,684,"Shri Radha Madan Mohan Ji Temple, Vrindavan is a renowned religious landmark situated in Vrindavan, Mathura district of Uttar Pradesh. The destination attracts visitors seeking authentic regional heritage, architectural grandeur, and picturesque surroundings. It plays an integral role in the cultural landscape and local tourism identity of the region.",Oct-Mar,https://images.unsplash.com/photo-1590050752117-238cb0fb12b1?w=800&auto=format&fit=crop&q=80
10212,"Shri Radhavallabh Lal Ji Temple, Vrindavan",Uttar Pradesh,attraction,27.581012,77.692422,budget,4.3,3032,"Shri Radhavallabh Lal Ji Temple, Vrindavan is a renowned religious landmark situated in Vrindavan, Mathura district of Uttar Pradesh. The destination attracts visitors seeking authentic regional heritage, architectural grandeur, and picturesque surroundings. It plays an integral role in the cultural landscape and local tourism identity of the region.",Oct-Mar,https://images.unsplash.com/photo-1567157577867-05ccb1388e66?w=800&auto=format&fit=crop&q=80
10213,Sri Rangnath Ji Mandir,Uttar Pradesh,attraction,27.5792,77.6908,budget,4.1,724,"Sri Rangnath Ji Mandir is a renowned religious landmark situated in Vrindavan, Mathura district of Uttar Pradesh. The destination attracts visitors seeking authentic regional heritage, architectural grandeur, and picturesque surroundings. It plays an integral role in the cultural landscape and local tourism identity of the region.",Oct-Feb,https://images.unsplash.com/photo-1609766857041-ed402ea8069a?w=800&auto=format&fit=crop&q=80
10214,Sri Sri Krishna Balaram Mandir (ISKCON Vrindavan),Uttar Pradesh,attraction,27.599,77.6794,budget,4.4,22566,"Sri Sri Krishna Balaram Mandir (ISKCON Vrindavan) is a renowned religious landmark situated in Vrindavan, Mathura district of Uttar Pradesh. The destination attracts visitors seeking authentic regional heritage, architectural grandeur, and picturesque surroundings. It plays an integral role in the cultural landscape and local tourism identity of the region.",Oct-Feb,https://images.unsplash.com/photo-1567157577867-05ccb1388e66?w=800&auto=format&fit=crop&q=80
10215,Temple of Dauji,Uttar Pradesh,attraction,27.56995,77.67605,budget,4.1,975,"Temple of Dauji is a renowned religious landmark situated in Vrindavan, Mathura district of Uttar Pradesh. The destination attracts visitors seeking authentic regional heritage, architectural grandeur, and picturesque surroundings. It plays an integral role in the cultural landscape and local tourism identity of the region.",Oct-Mar,https://images.unsplash.com/photo-1609766857041-ed402ea8069a?w=800&auto=format&fit=crop&q=80
10216,Tulsi Van,Uttar Pradesh,attraction,27.4882,77.6943,budget,4.7,4952,"Tulsi Van is a renowned recreation landmark situated in Mathura, Mathura district of Uttar Pradesh. The destination attracts visitors seeking authentic regional heritage, architectural grandeur, and picturesque surroundings. It plays an integral role in the cultural landscape and local tourism identity of the region.",Oct-Feb,https://images.unsplash.com/photo-1584467735815-f778f274e296?w=800&auto=format&fit=crop&q=80
10217,Vrindavan Chandrodaya Mandir,Uttar Pradesh,attraction,27.57825,77.68415,budget,4.7,2098,"Vrindavan Chandrodaya Mandir is a renowned religious landmark situated in Vrindavan, Mathura district of Uttar Pradesh. The destination attracts visitors seeking authentic regional heritage, architectural grandeur, and picturesque surroundings. It plays an integral role in the cultural landscape and local tourism identity of the region.",Oct-Feb,https://images.unsplash.com/photo-1567157577867-05ccb1388e66?w=800&auto=format&fit=crop&q=80
10218,Ahilyabai Ghat,Uttar Pradesh,attraction,25.306038,83.010109,budget,4.0,402,"Ahilyabai Ghat is a renowned religious landmark situated in Varanasi, Varanasi district of Uttar Pradesh. The destination attracts visitors seeking authentic regional heritage, architectural grandeur, and picturesque surroundings. It plays an integral role in the cultural landscape and local tourism identity of the region.",Oct-Mar,https://images.unsplash.com/photo-1571536802807-30451e3955d8?w=800&auto=format&fit=crop&q=80
10219,Anand Park,Uttar Pradesh,attraction,25.30465,82.98325,budget,4.7,9041,"Anand Park is a renowned recreation landmark situated in Varanasi, Varanasi district of Uttar Pradesh. The destination attracts visitors seeking authentic regional heritage, architectural grandeur, and picturesque surroundings. It plays an integral role in the cultural landscape and local tourism identity of the region.",Oct-Feb,https://images.unsplash.com/photo-1585320806297-9794b3e4eeae?w=800&auto=format&fit=crop&q=80
10220,Archaeological Buddhist Remains of Sarnath,Uttar Pradesh,attraction,25.380312,83.022609,budget,4.9,29004,"Archaeological Buddhist Remains of Sarnath is a renowned religious landmark situated in Varanasi, Varanasi district of Uttar Pradesh. The destination attracts visitors seeking authentic regional heritage, architectural grandeur, and picturesque surroundings. It plays an integral role in the cultural landscape and local tourism identity of the region.",Oct-Feb,https://images.unsplash.com/photo-1544735716-392fe2489ffa?w=800&auto=format&fit=crop&q=80
10221,Ashoka Pillar,Uttar Pradesh,attraction,25.381487,83.022734,budget,4.6,6945,"Ashoka Pillar is a renowned cultural landmark situated in Varanasi, Varanasi district of Uttar Pradesh. The destination attracts visitors seeking authentic regional heritage, architectural grandeur, and picturesque surroundings. It plays an integral role in the cultural landscape and local tourism identity of the region.",Oct-Feb,https://images.unsplash.com/photo-1567157577867-05ccb1388e66?w=800&auto=format&fit=crop&q=80
10222,Babua Pandey Ghat,Uttar Pradesh,attraction,25.304212,83.008766,budget,4.3,1714,"Babua Pandey Ghat is a renowned religious landmark situated in Varanasi, Varanasi district of Uttar Pradesh. The destination attracts visitors seeking authentic regional heritage, architectural grandeur, and picturesque surroundings. It plays an integral role in the cultural landscape and local tourism identity of the region.",Oct-Mar,https://images.unsplash.com/photo-1571536802807-30451e3955d8?w=800&auto=format&fit=crop&q=80
10223,Bharat Kala Bhavan Museum,Uttar Pradesh,attraction,25.33265,82.97925,mid,4.8,1624,"Bharat Kala Bhavan Museum is a renowned cultural landmark situated in Varanasi, Varanasi district of Uttar Pradesh. The destination attracts visitors seeking authentic regional heritage, architectural grandeur, and picturesque surroundings. It plays an integral role in the cultural landscape and local tourism identity of the region.",Oct-Mar,https://images.unsplash.com/photo-1582555172866-f73bb12a2ab3?w=800&auto=format&fit=crop&q=80
10224,Bhonsale Ghat,Uttar Pradesh,attraction,25.312887,83.016109,budget,4.0,910,"Bhonsale Ghat is a renowned religious landmark situated in Varanasi, Varanasi district of Uttar Pradesh. The destination attracts visitors seeking authentic regional heritage, architectural grandeur, and picturesque surroundings. It plays an integral role in the cultural landscape and local tourism identity of the region.",Oct-Mar,https://images.unsplash.com/photo-1571536802807-30451e3955d8?w=800&auto=format&fit=crop&q=80
10225,Chaukhandi Stupa,Uttar Pradesh,attraction,25.374012,83.023578,budget,4.6,5627,"Chaukhandi Stupa is a renowned heritage landmark situated in Varanasi, Varanasi district of Uttar Pradesh. The destination attracts visitors seeking authentic regional heritage, architectural grandeur, and picturesque surroundings. It plays an integral role in the cultural landscape and local tourism identity of the region.",Oct-Feb,https://images.unsplash.com/photo-1544735716-392fe2489ffa?w=800&auto=format&fit=crop&q=80
10226,Chet Singh Ghat,Uttar Pradesh,attraction,25.294213,83.007078,budget,4.3,2164,"Chet Singh Ghat is a renowned religious landmark situated in Varanasi, Varanasi district of Uttar Pradesh. The destination attracts visitors seeking authentic regional heritage, architectural grandeur, and picturesque surroundings. It plays an integral role in the cultural landscape and local tourism identity of the region.",Oct-Mar,https://images.unsplash.com/photo-1524492412937-b28074a5d7da?w=800&auto=format&fit=crop&q=80
10227,Dandi Ghat,Uttar Pradesh,attraction,25.296937,83.007297,budget,4.6,8975,"Dandi Ghat is a renowned religious landmark situated in Varanasi, Varanasi district of Uttar Pradesh. The destination attracts visitors seeking authentic regional heritage, architectural grandeur, and picturesque surroundings. It plays an integral role in the cultural landscape and local tourism identity of the region.",Oct-Mar,https://images.unsplash.com/photo-1571536802807-30451e3955d8?w=800&auto=format&fit=crop&q=80
10228,Darbhanga Ghat,Uttar Pradesh,attraction,25.305238,83.009703,budget,3.9,1266,"Darbhanga Ghat is a renowned religious landmark situated in Varanasi, Varanasi district of Uttar Pradesh. The destination attracts visitors seeking authentic regional heritage, architectural grandeur, and picturesque surroundings. It plays an integral role in the cultural landscape and local tourism identity of the region.",Oct-Mar,https://images.unsplash.com/photo-1561361513-2d000a50f0dc?w=800&auto=format&fit=crop&q=80
10229,Dashashwamedh Ghat,Uttar Pradesh,attraction,25.30945,82.96685,budget,4.9,27505,"Dashashwamedh Ghat is a renowned religious landmark situated in Varanasi, Varanasi district of Uttar Pradesh. The destination attracts visitors seeking authentic regional heritage, architectural grandeur, and picturesque surroundings. It plays an integral role in the cultural landscape and local tourism identity of the region.",Oct-Mar,https://images.unsplash.com/photo-1561361513-2d000a50f0dc?w=800&auto=format&fit=crop&q=80
10230,"Dhamekh Stupa, Sarnath",Uttar Pradesh,attraction,25.304,82.9787,budget,4.2,981,"Dhamekh Stupa, Sarnath is a renowned religious landmark situated in Varanasi, Varanasi district of Uttar Pradesh. The destination attracts visitors seeking authentic regional heritage, architectural grandeur, and picturesque surroundings. It plays an integral role in the cultural landscape and local tourism identity of the region.",Oct-Feb,https://images.unsplash.com/photo-1609766857041-ed402ea8069a?w=800&auto=format&fit=crop&q=80
10231,Dr. Rajendra Prasad Ghat,Uttar Pradesh,attraction,25.307637,83.010141,budget,4.6,3420,"Dr. Rajendra Prasad Ghat is a renowned cultural landmark situated in Varanasi, Varanasi district of Uttar Pradesh. The destination attracts visitors seeking authentic regional heritage, architectural grandeur, and picturesque surroundings. It plays an integral role in the cultural landscape and local tourism identity of the region.",Oct-Mar,https://images.unsplash.com/photo-1524492412937-b28074a5d7da?w=800&auto=format&fit=crop&q=80
10232,Ganga Mahal Ghat (2),Uttar Pradesh,attraction,25.312738,83.016078,budget,4.4,2543,"Ganga Mahal Ghat (2) is a renowned religious landmark situated in Varanasi, Varanasi district of Uttar Pradesh. The destination attracts visitors seeking authentic regional heritage, architectural grandeur, and picturesque surroundings. It plays an integral role in the cultural landscape and local tourism identity of the region.",Oct-Mar,https://images.unsplash.com/photo-1524492412937-b28074a5d7da?w=800&auto=format&fit=crop&q=80
10233,Gola Ghat,Uttar Pradesh,attraction,25.319463,83.024328,budget,4.5,2507,"Gola Ghat is a renowned religious landmark situated in Varanasi, Varanasi district of Uttar Pradesh. The destination attracts visitors seeking authentic regional heritage, architectural grandeur, and picturesque surroundings. It plays an integral role in the cultural landscape and local tourism identity of the region.",Oct-Mar,https://images.unsplash.com/photo-1561361513-2d000a50f0dc?w=800&auto=format&fit=crop&q=80
10234,Golden Temple,Uttar Pradesh,attraction,25.384087,83.025766,budget,4.3,74538,"Golden Temple is a renowned religious landmark situated in Varanasi, Varanasi district of Uttar Pradesh. The destination attracts visitors seeking authentic regional heritage, architectural grandeur, and picturesque surroundings. It plays an integral role in the cultural landscape and local tourism identity of the region.",Oct-Mar,https://images.unsplash.com/photo-1595846519845-68e298c2edd8?w=800&auto=format&fit=crop&q=80
10235,Khidkiya Ghat,Uttar Pradesh,attraction,25.30445,82.98185,budget,4.7,7682,"Khidkiya Ghat is a renowned religious landmark situated in Varanasi, Varanasi district of Uttar Pradesh. The destination attracts visitors seeking authentic regional heritage, architectural grandeur, and picturesque surroundings. It plays an integral role in the cultural landscape and local tourism identity of the region.",Oct-Mar,https://images.unsplash.com/photo-1524492412937-b28074a5d7da?w=800&auto=format&fit=crop&q=80
10236,Man Singh Observatory,Uttar Pradesh,attraction,25.32095,82.99735,budget,4.5,8432,"Man Singh Observatory is a renowned nature landmark situated in Varanasi, Varanasi district of Uttar Pradesh. The destination attracts visitors seeking authentic regional heritage, architectural grandeur, and picturesque surroundings. It plays an integral role in the cultural landscape and local tourism identity of the region.",Oct-Feb,https://images.unsplash.com/photo-1544717305-2782549b5136?w=800&auto=format&fit=crop&q=80
10237,Manmandir Sri Someshwara Swamy Temple,Uttar Pradesh,attraction,25.307862,83.010391,budget,4.6,7689,"Manmandir Sri Someshwara Swamy Temple is a renowned religious landmark situated in Varanasi, Varanasi district of Uttar Pradesh. The destination attracts visitors seeking authentic regional heritage, architectural grandeur, and picturesque surroundings. It plays an integral role in the cultural landscape and local tourism identity of the region.",Oct-Mar,https://images.unsplash.com/photo-1567157577867-05ccb1388e66?w=800&auto=format&fit=crop&q=80
10238,Meer Ghat,Uttar Pradesh,attraction,25.2998,82.9493,budget,4.7,8622,"Meer Ghat is a renowned religious landmark situated in Varanasi, Varanasi district of Uttar Pradesh. The destination attracts visitors seeking authentic regional heritage, architectural grandeur, and picturesque surroundings. It plays an integral role in the cultural landscape and local tourism identity of the region.",Oct-Mar,https://images.unsplash.com/photo-1524492412937-b28074a5d7da?w=800&auto=format&fit=crop&q=80
10239,Mulagandha Kuti,Uttar Pradesh,attraction,25.381438,83.022984,budget,3.9,886,"Mulagandha Kuti is a renowned religious landmark situated in Varanasi, Varanasi district of Uttar Pradesh. The destination attracts visitors seeking authentic regional heritage, architectural grandeur, and picturesque surroundings. It plays an integral role in the cultural landscape and local tourism identity of the region.",Oct-Feb,https://images.unsplash.com/photo-1582510003544-4d00b7f74220?w=800&auto=format&fit=crop&q=80
10240,Nepali Temple,Uttar Pradesh,attraction,25.3391,82.9744,budget,4.3,2511,"Nepali Temple is a renowned religious landmark situated in Varanasi, Varanasi district of Uttar Pradesh. The destination attracts visitors seeking authentic regional heritage, architectural grandeur, and picturesque surroundings. It plays an integral role in the cultural landscape and local tourism identity of the region.",Oct-Mar,https://images.unsplash.com/photo-1590050752117-238cb0fb12b1?w=800&auto=format&fit=crop&q=80
10241,Panchganga Ghat,Uttar Pradesh,attraction,25.295,82.9657,budget,4.0,1322,"Panchganga Ghat is a renowned religious landmark situated in Varanasi, Varanasi district of Uttar Pradesh. The destination attracts visitors seeking authentic regional heritage, architectural grandeur, and picturesque surroundings. It plays an integral role in the cultural landscape and local tourism identity of the region.",Oct-Mar,https://images.unsplash.com/photo-1571536802807-30451e3955d8?w=800&auto=format&fit=crop&q=80
10242,Panchkot Ghat,Uttar Pradesh,attraction,25.293488,83.007047,budget,4.7,7596,"Panchkot Ghat is a renowned religious landmark situated in Varanasi, Varanasi district of Uttar Pradesh. The destination attracts visitors seeking authentic regional heritage, architectural grandeur, and picturesque surroundings. It plays an integral role in the cultural landscape and local tourism identity of the region.",Oct-Mar,https://images.unsplash.com/photo-1524492412937-b28074a5d7da?w=800&auto=format&fit=crop&q=80
10243,Ramnagar Fort,Uttar Pradesh,attraction,25.33515,82.99675,mid,4.9,25645,"Ramnagar Fort is a renowned heritage landmark situated in Varanasi, Varanasi district of Uttar Pradesh. The destination attracts visitors seeking authentic regional heritage, architectural grandeur, and picturesque surroundings. It plays an integral role in the cultural landscape and local tourism identity of the region.",Oct-Feb,https://images.unsplash.com/photo-1599661046289-e31897846e41?w=800&auto=format&fit=crop&q=80
10244,Sankatha Ghat,Uttar Pradesh,attraction,25.312387,83.015797,budget,4.4,2914,"Sankatha Ghat is a renowned religious landmark situated in Varanasi, Varanasi district of Uttar Pradesh. The destination attracts visitors seeking authentic regional heritage, architectural grandeur, and picturesque surroundings. It plays an integral role in the cultural landscape and local tourism identity of the region.",Oct-Mar,https://images.unsplash.com/photo-1524492412937-b28074a5d7da?w=800&auto=format&fit=crop&q=80
10245,Sant Shiromani Guru Ravidas Mandir,Uttar Pradesh,attraction,25.323912,83.030734,budget,4.0,1178,"Sant Shiromani Guru Ravidas Mandir is a renowned religious landmark situated in Varanasi, Varanasi district of Uttar Pradesh. The destination attracts visitors seeking authentic regional heritage, architectural grandeur, and picturesque surroundings. It plays an integral role in the cultural landscape and local tourism identity of the region.",Oct-Feb,https://images.unsplash.com/photo-1609766857041-ed402ea8069a?w=800&auto=format&fit=crop&q=80
10246,Scindia Ghat,Uttar Pradesh,attraction,25.30465,82.98325,budget,4.3,573,"Scindia Ghat is a renowned religious landmark situated in Varanasi, Varanasi district of Uttar Pradesh. The destination attracts visitors seeking authentic regional heritage, architectural grandeur, and picturesque surroundings. It plays an integral role in the cultural landscape and local tourism identity of the region.",Oct-Mar,https://images.unsplash.com/photo-1571536802807-30451e3955d8?w=800&auto=format&fit=crop&q=80
10247,Shaheed Udyan Nagar Nigam,Uttar Pradesh,attraction,25.312712,82.986891,budget,4.9,3001,"Shaheed Udyan Nagar Nigam is a renowned recreation landmark situated in Varanasi, Varanasi district of Uttar Pradesh. The destination attracts visitors seeking authentic regional heritage, architectural grandeur, and picturesque surroundings. It plays an integral role in the cultural landscape and local tourism identity of the region.",Oct-Feb,https://images.unsplash.com/photo-1567157577867-05ccb1388e66?w=800&auto=format&fit=crop&q=80
10248,Shivala Ghat,Uttar Pradesh,attraction,25.295887,83.007109,budget,4.5,4206,"Shivala Ghat is a renowned religious landmark situated in Varanasi, Varanasi district of Uttar Pradesh. The destination attracts visitors seeking authentic regional heritage, architectural grandeur, and picturesque surroundings. It plays an integral role in the cultural landscape and local tourism identity of the region.",Oct-Mar,https://images.unsplash.com/photo-1571536802807-30451e3955d8?w=800&auto=format&fit=crop&q=80
10249,Shree Annapurna Mandir,Uttar Pradesh,attraction,25.30325,82.97345,budget,3.9,554,"Shree Annapurna Mandir is a renowned religious landmark situated in Varanasi, Varanasi district of Uttar Pradesh. The destination attracts visitors seeking authentic regional heritage, architectural grandeur, and picturesque surroundings. It plays an integral role in the cultural landscape and local tourism identity of the region.",Oct-Feb,https://images.unsplash.com/photo-1518709268805-4e9042af9f23?w=800&auto=format&fit=crop&q=80
10250,Shri Kashi Vishwanath Temple,Uttar Pradesh,attraction,25.3198,82.9893,budget,4.9,23929,"Shri Kashi Vishwanath Temple is a renowned religious landmark situated in Varanasi, Varanasi district of Uttar Pradesh. The destination attracts visitors seeking authentic regional heritage, architectural grandeur, and picturesque surroundings. It plays an integral role in the cultural landscape and local tourism identity of the region.",Oct-Mar,https://images.unsplash.com/photo-1590050752117-238cb0fb12b1?w=800&auto=format&fit=crop&q=80
10251,Shri Satyanarayan Tulsi Manas Mandir,Uttar Pradesh,attraction,25.3088,82.9623,budget,4.5,2409,"Shri Satyanarayan Tulsi Manas Mandir is a renowned religious landmark situated in Varanasi, Varanasi district of Uttar Pradesh. The destination attracts visitors seeking authentic regional heritage, architectural grandeur, and picturesque surroundings. It plays an integral role in the cultural landscape and local tourism identity of the region.",Oct-Feb,https://images.unsplash.com/photo-1567157577867-05ccb1388e66?w=800&auto=format&fit=crop&q=80
10252,Subah-e-Banaras,Uttar Pradesh,attraction,25.32315,82.96275,budget,4.0,1338,"Subah-e-Banaras is a renowned religious landmark situated in Varanasi, Varanasi district of Uttar Pradesh. The destination attracts visitors seeking authentic regional heritage, architectural grandeur, and picturesque surroundings. It plays an integral role in the cultural landscape and local tourism identity of the region.",Oct-Feb,https://images.unsplash.com/photo-1609766857041-ed402ea8069a?w=800&auto=format&fit=crop&q=80
10253,The Giant Buddha,Uttar Pradesh,attraction,25.377713,83.021328,budget,3.9,1032,"The Giant Buddha is a renowned religious landmark situated in Varanasi, Varanasi district of Uttar Pradesh. The destination attracts visitors seeking authentic regional heritage, architectural grandeur, and picturesque surroundings. It plays an integral role in the cultural landscape and local tourism identity of the region.",Oct-Feb,https://images.unsplash.com/photo-1567157577867-05ccb1388e66?w=800&auto=format&fit=crop&q=80
10254,Tibetan Temple,Uttar Pradesh,attraction,25.377263,83.027047,budget,4.1,241,"Tibetan Temple is a renowned religious landmark situated in Varanasi, Varanasi district of Uttar Pradesh. The destination attracts visitors seeking authentic regional heritage, architectural grandeur, and picturesque surroundings. It plays an integral role in the cultural landscape and local tourism identity of the region.",Oct-Mar,https://images.unsplash.com/photo-1544717305-2782549b5136?w=800&auto=format&fit=crop&q=80
10255,Tulsi Ghat,Uttar Pradesh,attraction,25.3119,82.984,budget,4.7,2893,"Tulsi Ghat is a renowned religious landmark situated in Varanasi, Varanasi district of Uttar Pradesh. The destination attracts visitors seeking authentic regional heritage, architectural grandeur, and picturesque surroundings. It plays an integral role in the cultural landscape and local tourism identity of the region.",Oct-Mar,https://images.unsplash.com/photo-1561361513-2d000a50f0dc?w=800&auto=format&fit=crop&q=80
10256,Agra Fort,Uttar Pradesh,attraction,27.179444,78.021111,mid,4.4,25218,"Commissioned in 1565 by Emperor Akbar the Great, a massive 94-acre crescent-shaped red sandstone imperial fortress along the Yamuna River, containing Jahangiri Mahal, Khas Mahal, Diwan-i-Khas, and the octagonal Musamman Burj tower.",Oct-Feb,https://images.unsplash.com/photo-1599661046289-e31897846e41?w=800&auto=format&fit=crop&q=80
10257,Bateshwar,Uttar Pradesh,attraction,26.9372,78.5372,budget,4.5,2130,"Bateshwar is an ancient temple town located 70 km from Agra, famous for its grand complex of 101 Shiva temples aligned along a bend of the Yamuna River. Steeped in spirituality and folklore, it remains one of UP's best-kept historical secrets.",Oct-Feb,https://images.unsplash.com/photo-1590050752117-238cb0fb12b1?w=800&auto=format&fit=crop&q=80
10258,Buland Darwaza Fatehpur Sikri,Uttar Pradesh,attraction,27.094444,77.662222,budget,4.6,16123,"Constructed in 1575 by Emperor Akbar to commemorate his conquest of Gujarat, towering 54 meters (177 ft) from the pavement, recognized as the highest gateway in the world, leading into the grand Jama Masjid and white marble tomb of Sufi saint Salim Chishti.",Oct-Feb,https://images.unsplash.com/photo-1544717305-2782549b5136?w=800&auto=format&fit=crop&q=80
10259,Taj Mahal,Uttar Pradesh,attraction,27.175145,78.042142,budget,4.5,85866,"Commissioned in 1631 by Mughal Emperor Shah Jahan to house the tomb of his favorite wife Mumtaz Mahal, an ivory-white marble mausoleum universally admired as one of the New 7 Wonders of the World.",Oct-Feb,https://images.unsplash.com/photo-1548013146-72479768bada?w=800&auto=format&fit=crop&q=80
10260,Aligarh Fort (Qila-e-Aligarh),Uttar Pradesh,attraction,27.916667,78.066667,mid,4.5,3150,"Constructed in 1524 by Muhammad Umar Khan during Ibrahim Lodi's reign and later extensively rebuilt as an impregnable polygonal fortress by French engineers under General de Boigne for the Marathas, surrounded by deep moats and earthen bastions.",Oct-Feb,https://images.unsplash.com/photo-1599661046289-e31897846e41?w=800&auto=format&fit=crop&q=80
10261,Shri Ram Janmabhoomi Mandir Ayodhya,Uttar Pradesh,attraction,26.795833,82.194444,budget,4.7,22935,"Consecrated in January 2024 on the holy banks of the Sarayu River, a monumental three-storey traditional Nagara architectural temple constructed from 4.7 lakh cubic feet of pink Bansi Paharpur sandstone, enshrining the 51-inch black granite murti of Ram Lalla.",Oct-Feb,https://images.unsplash.com/photo-1567157577867-05ccb1388e66?w=800&auto=format&fit=crop&q=80
10262,Kampil,Uttar Pradesh,attraction,27.5928,79.2817,budget,3.9,742,"Kampil (ancient Kampilya) is a historic town in Farrukhabad district, renowned in Hindu scriptures as the capital of the Panchala kingdom ruled by King Drupada in the Mahabharata. Situated near the Ganges, it is a sacred pilgrimage for Jains as the birthplace of the 13th Tirthankara, and is rich in archaeological mounds and quiet temples.",Oct-Feb,https://images.unsplash.com/photo-1518709268805-4e9042af9f23?w=800&auto=format&fit=crop&q=80
10263,Jhansi Fort,Uttar Pradesh,attraction,25.457778,78.578056,mid,4.7,27785,"Constructed in 1613 by Raja Bir Singh Deo on Bangira hill, a formidable granite fortress with ten gates that served as the bastion of Rani Lakshmibai during the 1857 First War of Indian Independence, famous for the 'Kadak Bijli' cannon and jumping spot.",Oct-Feb,https://images.unsplash.com/photo-1599661046289-e31897846e41?w=800&auto=format&fit=crop&q=80
10264,Allen Forest Zoo (Kanpur Zoological Park),Uttar Pradesh,attraction,26.5,80.316667,mid,4.9,5535,"Opened in 1974 across 190 acres of a natural virgin forest developed around a rainfed lake, one of the few zoos in India built inside a natural forest, housing Asiatic lions, white tigers, rhinoceroses, and a large nocturnal house and toy train.",Oct-Feb,https://images.unsplash.com/photo-1551969014-7d2c4cddf0b6?w=800&auto=format&fit=crop&q=80
10265,Dudhwa National Park,Uttar Pradesh,attraction,28.4906,80.6603,budget,4.4,1491,"Dudhwa National Park is a pristine wildlife sanctuary located in the Terai belt of Uttar Pradesh, bordering Nepal. It boasts tall wet grasslands, dense Sal forests, and swampy marshes, offering a sanctuary for endangered swamp deer, tigers, one-horned rhinos, and wild elephants.",Oct-Feb,https://images.unsplash.com/photo-1534188753412-3e26d0d618d6?w=800&auto=format&fit=crop&q=80
10266,Deogarh,Uttar Pradesh,attraction,24.5222,78.2561,budget,4.6,1783,"Deogarh is a historic village in Lalitpur district, situated on the right bank of the Betwa River. Famous for the 6th-century Dashavatara Temple (one of the earliest Hindu stone temples) and a hill fort containing 31 spectacular Jain temples, it offers architectural wonders and stunning river cliffs.",Oct-Feb,https://images.unsplash.com/photo-1590050752117-238cb0fb12b1?w=800&auto=format&fit=crop&q=80
10267,Bara Imambara & Bhool Bhulaiya Lucknow,Uttar Pradesh,attraction,26.868889,80.912778,budget,4.9,20739,"Built in 1784 by Nawab Asaf-ud-Daula as a famine-relief project, an architectural wonder housing the world's largest unsupported vaulted hall (50 meters long without a single pillar) and the famous Bhool Bhulaiya (a labyrinth of 1,000 interconnected passageways).",Oct-Feb,https://images.unsplash.com/photo-1590050752117-238cb0fb12b1?w=800&auto=format&fit=crop&q=80
10268,Bankey Bihari Temple & Vrindavan Holy Heritage,Uttar Pradesh,attraction,27.581496,77.702203,budget,4.9,10664,"The holy pilgrimage town where Lord Krishna spent his childhood, featuring the world-famous Bankey Bihari Temple founded by Swami Haridas, Prem Mandir, ISKCON Krishna Balaram Mandir, and Nidhivan.",Oct-Mar,https://images.unsplash.com/photo-1544717305-2782549b5136?w=800&auto=format&fit=crop&q=80
10269,Govind Devji Temple Vrindavan,Uttar Pradesh,attraction,27.581424,77.699382,budget,4.7,27004,"Constructed in 1590 by Raja Man Singh of Amber under the guidance of Rupa Goswami, a monumental red sandstone temple combining Hindu, Jain, and medieval European vaulted architectural elements.",Oct-Mar,https://images.unsplash.com/photo-1567157577867-05ccb1388e66?w=800&auto=format&fit=crop&q=80
10270,Nandgaon & Barsana Radha Rani Mandir,Uttar Pradesh,attraction,27.65,77.383333,budget,4.7,6205,"Located in the Braj region across the twin holy hills of Nandiswar (Nandgaon, home of Krishna's foster parents) and Bhanugarh (Barsana, birthplace of Shri Radha Rani), famous for the hilltop Ladli Ji Temple, Prem Sarovar, and the exuberant cultural festival of Lathmar Holi.",Oct-Feb,https://images.unsplash.com/photo-1609766857041-ed402ea8069a?w=800&auto=format&fit=crop&q=80
10271,Prem Mandir Vrindavan,Uttar Pradesh,attraction,27.571944,77.671667,budget,4.4,21760,"Established by Jagadguru Kripalu Maharaj in 2012, a magnificent 125-foot high temple constructed entirely from pure Italian white Carrara marble, celebrating the divine love of Radha Krishna and Sita Ram, famous for its dazzling evening musical color fountain show.",Oct-Feb,https://images.unsplash.com/photo-1609766857041-ed402ea8069a?w=800&auto=format&fit=crop&q=80
10272,Shri Krishna Janmabhoomi Complex Mathura,Uttar Pradesh,attraction,27.483126,77.673493,budget,4.8,20914,"The sacred epicenter of Mathura venerated as the exact underground prison cell (Garbha Griha) where Lord Krishna was born to Devaki and Vasudeva over 5,000 years ago, alongside the Keshavdeva temple and Potra Kund.",Oct-Feb,https://images.unsplash.com/photo-1518709268805-4e9042af9f23?w=800&auto=format&fit=crop&q=80
10273,Augarnath Temple (Kalipaltan Mandir) Meerut,Uttar Pradesh,attraction,28.983333,77.7,budget,4.9,11248,"An ancient temple dedicated to Lord Shiva, historically renowned as the Kalipaltan Mandir where Indian sepoys of the British East India Company drank water from the temple well, planned the uprising against greased cartridges, and fired the first shots of the 1857 Revolt on May 10, 1857.",Oct-Mar,https://images.unsplash.com/photo-1621847468516-1ed5d0df56fe?w=800&auto=format&fit=crop&q=80
10274,Chunar,Uttar Pradesh,attraction,25.1278,82.8808,budget,4.2,886,"Chunar is a historic fortress town perched on a cliff beside the Ganges in Mirzapur district. Famous for the Chunar Fort, built with sturdy yellow sandstone and overlooking the river, it is also renowned for its unique hand-glazed clay pottery and nearby waterfall treks.",Oct-Feb,https://images.unsplash.com/photo-1518709268805-4e9042af9f23?w=800&auto=format&fit=crop&q=80
10275,Triveni Sangam Prayagraj,Uttar Pradesh,attraction,25.428056,81.883611,budget,4.7,11028,"The sacred confluence where the pale greenish waters of the Yamuna merge visibly with the muddy yellowish flow of the Ganga and the subterranean mystical Saraswati, recognized as the King of Pilgrimages (Tirtharaj) and host of the world's largest gathering, the Kumbh Mela.",Oct-Feb,https://images.unsplash.com/photo-1561361513-2d000a50f0dc?w=800&auto=format&fit=crop&q=80
10276,Dashashwamedh Ghat & Varanasi Ghats,Uttar Pradesh,attraction,25.305556,83.010556,budget,4.9,6707,"The spiritual heart of one of the world's oldest continuously inhabited cities, featuring 84 continuous stone ghat steps along the holy River Ganga, centered on Dashashwamedh Ghat where grand daily Ganga Aarti is performed.",Oct-Mar,https://images.unsplash.com/photo-1524492412937-b28074a5d7da?w=800&auto=format&fit=crop&q=80
10277,Dhamek Stupa & Sarnath Deer Park,Uttar Pradesh,attraction,25.380833,83.024722,budget,4.6,13799,"Constructed in 500 CE to replace an earlier Mauryan structure built by Emperor Ashoka, a massive 43.6-meter high cylindrical stone and brick stupa marking the holy Deer Park (Rishipattana) where Gautama Buddha preached his first sermon (Dhammacakkappavattana Sutta).",Oct-Feb,https://images.unsplash.com/photo-1549366021-9f761d450615?w=800&auto=format&fit=crop&q=80
10278,Kashi Vishwanath Temple Varanasi,Uttar Pradesh,attraction,25.310833,83.010833,budget,4.9,19782,"Standing on the western bank of the sacred Ganges, one of the 12 holiest Shiva Jyotirlingas, featuring spires plated with 800 kilograms of pure gold donated by Maharaja Ranjit Singh, connected to the river by the newly transformed 500,000 sq ft Kashi Vishwanath Corridor.",Oct-Mar,https://images.unsplash.com/photo-1544717305-2782549b5136?w=800&auto=format&fit=crop&q=80
10279,Agra,Uttar Pradesh,attraction,27.1042,77.9946,budget,4.8,29714,"Agra is a premier heritage destination in Agra, Uttar Pradesh. Renowned as a prominent landmark in regional tourism (City/Heritage), it welcomes visitors seeking authentic cultural immersion, picturesque vistas, and rich historic heritage.",Oct-Feb,https://images.unsplash.com/photo-1567157577867-05ccb1388e66?w=800&auto=format&fit=crop&q=80
10280,Mehtab Bagh,Uttar Pradesh,attraction,27.1297,78.0291,budget,4.9,15749,"Mehtab Bagh is a premier park destination in Agra, Uttar Pradesh. Renowned as a prominent landmark in regional tourism (Garden), it welcomes visitors seeking authentic cultural immersion, picturesque vistas, and rich historic heritage.",Oct-Feb,https://images.unsplash.com/photo-1621847468516-1ed5d0df56fe?w=800&auto=format&fit=crop&q=80
10281,Akbar's Tomb,Uttar Pradesh,attraction,26.4291,80.5408,budget,4.8,28802,"Akbar's Tomb is a premier heritage destination in Sikandra, Uttar Pradesh. Renowned as a prominent landmark in regional tourism (Heritage), it welcomes visitors seeking authentic cultural immersion, picturesque vistas, and rich historic heritage.",Oct-Feb,https://images.unsplash.com/photo-1590050752117-238cb0fb12b1?w=800&auto=format&fit=crop&q=80
10282,Assi Ghat,Uttar Pradesh,attraction,25.3195,82.9666,budget,4.9,23009,"Assi Ghat is a premier riverfront destination in Varanasi, Uttar Pradesh. Renowned as a prominent landmark in regional tourism (Ghat), it welcomes visitors seeking authentic cultural immersion, picturesque vistas, and rich historic heritage.",Oct-Mar,https://images.unsplash.com/photo-1571536802807-30451e3955d8?w=800&auto=format&fit=crop&q=80
10283,Hanuman Garhi,Uttar Pradesh,attraction,26.8348,82.1854,budget,4.8,20269,"Hanuman Garhi is a premier fort destination in Ayodhya, Uttar Pradesh. Renowned as a prominent landmark in regional tourism (Religious), it welcomes visitors seeking authentic cultural immersion, picturesque vistas, and rich historic heritage.",Oct-Feb,https://images.unsplash.com/photo-1590766940554-634a7ed41450?w=800&auto=format&fit=crop&q=80
10284,Banke Bihari Temple,Uttar Pradesh,attraction,26.5056,80.4943,budget,4.5,10842,"Banke Bihari Temple is a premier temple destination in Vrindavan, Uttar Pradesh. Renowned as a prominent landmark in regional tourism (Religious), it welcomes visitors seeking authentic cultural immersion, picturesque vistas, and rich historic heritage.",Oct-Mar,https://images.unsplash.com/photo-1567157577867-05ccb1388e66?w=800&auto=format&fit=crop&q=80
10285,ISKCON Temple Vrindavan,Uttar Pradesh,attraction,26.3811,80.5288,budget,4.6,8809,"ISKCON Temple Vrindavan is a premier temple destination in Vrindavan, Uttar Pradesh. Renowned as a prominent landmark in regional tourism (Religious), it welcomes visitors seeking authentic cultural immersion, picturesque vistas, and rich historic heritage.",Oct-Mar,https://images.unsplash.com/photo-1590050752117-238cb0fb12b1?w=800&auto=format&fit=crop&q=80
10286,Chitrakoot,Uttar Pradesh,attraction,26.4066,80.4133,budget,4.7,7773,"Chitrakoot is a premier heritage destination in Chitrakoot, Uttar Pradesh. Renowned as a prominent landmark in regional tourism (Religious/Nature), it welcomes visitors seeking authentic cultural immersion, picturesque vistas, and rich historic heritage.",Oct-Feb,https://images.unsplash.com/photo-1621847468516-1ed5d0df56fe?w=800&auto=format&fit=crop&q=80
10287,Vindhyachal,Uttar Pradesh,attraction,25.1188,82.8598,budget,4.9,25326,"Vindhyachal is a premier heritage destination in Mirzapur, Uttar Pradesh. Renowned as a prominent landmark in regional tourism (Religious), it welcomes visitors seeking authentic cultural immersion, picturesque vistas, and rich historic heritage.",Oct-Feb,https://images.unsplash.com/photo-1582510003544-4d00b7f74220?w=800&auto=format&fit=crop&q=80
10288,Jim Corbett,Uttar Pradesh,attraction,26.4576,80.4823,budget,4.7,21579,"Jim Corbett is a premier wildlife destination in Uttarakhand, Uttar Pradesh. Renowned as a prominent landmark in regional tourism (Wildlife), it welcomes visitors seeking authentic cultural immersion, picturesque vistas, and rich historic heritage.",Oct-Feb,https://images.unsplash.com/photo-1544717305-2782549b5136?w=800&auto=format&fit=crop&q=80
10289,Shravasti,Uttar Pradesh,attraction,26.4831,80.5168,budget,4.6,28125,"Shravasti is a premier buddhist heritage destination in Shrawasti, Uttar Pradesh. Renowned as a prominent landmark in regional tourism (Buddhist Heritage), it welcomes visitors seeking authentic cultural immersion, picturesque vistas, and rich historic heritage.",Oct-Feb,https://images.unsplash.com/photo-1567157577867-05ccb1388e66?w=800&auto=format&fit=crop&q=80
10290,Kushinagar,Uttar Pradesh,attraction,26.5086,80.4013,budget,4.6,6786,"Kushinagar is a premier buddhist heritage destination in Kushinagar, Uttar Pradesh. Renowned as a prominent landmark in regional tourism (Buddhist Heritage), it welcomes visitors seeking authentic cultural immersion, picturesque vistas, and rich historic heritage.",Oct-Feb,https://images.unsplash.com/photo-1582510003544-4d00b7f74220?w=800&auto=format&fit=crop&q=80
10291,Mahaparinirvana Temple,Uttar Pradesh,attraction,26.3841,80.4358,budget,4.8,17586,"Mahaparinirvana Temple is a premier temple destination in Kushinagar, Uttar Pradesh. Renowned as a prominent landmark in regional tourism (Religious), it welcomes visitors seeking authentic cultural immersion, picturesque vistas, and rich historic heritage.",Oct-Mar,https://images.unsplash.com/photo-1582510003544-4d00b7f74220?w=800&auto=format&fit=crop&q=80
10292,Kapilvastu,Uttar Pradesh,attraction,26.4096,80.4703,budget,4.7,24938,"Kapilvastu is a premier buddhist heritage destination in Siddharth Nagar, Uttar Pradesh. Renowned as a prominent landmark in regional tourism (Buddhist Heritage), it welcomes visitors seeking authentic cultural immersion, picturesque vistas, and rich historic heritage.",Oct-Feb,https://images.unsplash.com/photo-1567157577867-05ccb1388e66?w=800&auto=format&fit=crop&q=80
10293,Sikandra Agra,Uttar Pradesh,attraction,27.1252,77.9436,budget,4.9,18201,"Sikandra Agra is a premier heritage destination in Agra, Uttar Pradesh. Renowned as a prominent landmark in regional tourism (Heritage), it welcomes visitors seeking authentic cultural immersion, picturesque vistas, and rich historic heritage.",Oct-Feb,https://images.unsplash.com/photo-1582510003544-4d00b7f74220?w=800&auto=format&fit=crop&q=80
10294,Itmad-ud-Daulah's Tomb,Uttar Pradesh,attraction,27.1507,77.9781,budget,4.8,14517,"Itmad-ud-Daulah's Tomb is a premier heritage destination in Agra, Uttar Pradesh. Renowned as a prominent landmark in regional tourism (Heritage), it welcomes visitors seeking authentic cultural immersion, picturesque vistas, and rich historic heritage.",Oct-Feb,https://images.unsplash.com/photo-1590050752117-238cb0fb12b1?w=800&auto=format&fit=crop&q=80
10295,Manikarnika Ghat,Uttar Pradesh,attraction,25.378,83.0281,budget,4.9,14529,"Manikarnika Ghat is a premier riverfront destination in Varanasi, Uttar Pradesh. Renowned as a prominent landmark in regional tourism (Ghat), it welcomes visitors seeking authentic cultural immersion, picturesque vistas, and rich historic heritage.",Oct-Mar,https://images.unsplash.com/photo-1524492412937-b28074a5d7da?w=800&auto=format&fit=crop&q=80
10296,Kanak Bhawan,Uttar Pradesh,attraction,26.7433,82.2469,budget,4.7,6494,"Kanak Bhawan is a premier heritage destination in Ayodhya, Uttar Pradesh. Renowned as a prominent landmark in regional tourism (Religious), it welcomes visitors seeking authentic cultural immersion, picturesque vistas, and rich historic heritage.",Oct-Feb,https://images.unsplash.com/photo-1582510003544-4d00b7f74220?w=800&auto=format&fit=crop&q=80
10297,Saryu Riverfront,Uttar Pradesh,attraction,26.7688,82.1314,budget,4.5,16065,"Saryu Riverfront is a premier riverfront destination in Ayodhya, Uttar Pradesh. Renowned as a prominent landmark in regional tourism (Riverfront), it welcomes visitors seeking authentic cultural immersion, picturesque vistas, and rich historic heritage.",Oct-Feb,https://images.unsplash.com/photo-1571536802807-30451e3955d8?w=800&auto=format&fit=crop&q=80
10298,Radha Rani Temple,Uttar Pradesh,attraction,26.4396,80.4403,budget,4.6,18024,"Radha Rani Temple is a premier temple destination in Barsana, Uttar Pradesh. Renowned as a prominent landmark in regional tourism (Religious), it welcomes visitors seeking authentic cultural immersion, picturesque vistas, and rich historic heritage.",Oct-Mar,https://images.unsplash.com/photo-1582510003544-4d00b7f74220?w=800&auto=format&fit=crop&q=80
10299,Varshana,Uttar Pradesh,attraction,26.4651,80.4748,budget,4.6,15575,"Varshana is a premier heritage destination in Barsana, Uttar Pradesh. Renowned as a prominent landmark in regional tourism (Religious), it welcomes visitors seeking authentic cultural immersion, picturesque vistas, and rich historic heritage.",Oct-Feb,https://images.unsplash.com/photo-1621847468516-1ed5d0df56fe?w=800&auto=format&fit=crop&q=80
10300,Govardhan,Uttar Pradesh,attraction,27.5298,77.7401,budget,4.9,27823,"Govardhan is a premier heritage destination in Mathura, Uttar Pradesh. Renowned as a prominent landmark in regional tourism (Religious), it welcomes visitors seeking authentic cultural immersion, picturesque vistas, and rich historic heritage.",Oct-Feb,https://images.unsplash.com/photo-1518709268805-4e9042af9f23?w=800&auto=format&fit=crop&q=80
10301,Allahabad Fort,Uttar Pradesh,attraction,25.3531,81.8086,mid,4.9,12961,"Allahabad Fort is a premier fort destination in Prayagraj, Uttar Pradesh. Renowned as a prominent landmark in regional tourism (Fort), it welcomes visitors seeking authentic cultural immersion, picturesque vistas, and rich historic heritage.",Oct-Feb,https://images.unsplash.com/photo-1599661046289-e31897846e41?w=800&auto=format&fit=crop&q=80
10302,British Residency,Uttar Pradesh,attraction,26.8171,80.8714,budget,4.5,6565,"British Residency is a premier heritage destination in Lucknow, Uttar Pradesh. Renowned as a prominent landmark in regional tourism (Heritage), it welcomes visitors seeking authentic cultural immersion, picturesque vistas, and rich historic heritage.",Oct-Feb,https://images.unsplash.com/photo-1621847468516-1ed5d0df56fe?w=800&auto=format&fit=crop&q=80
10303,Vindhyavasini Temple,Uttar Pradesh,attraction,26.4171,80.4628,budget,4.9,15226,"Vindhyavasini Temple is a premier temple destination in Vindhyachal, Uttar Pradesh. Renowned as a prominent landmark in regional tourism (Religious), it welcomes visitors seeking authentic cultural immersion, picturesque vistas, and rich historic heritage.",Oct-Mar,https://images.unsplash.com/photo-1590050752117-238cb0fb12b1?w=800&auto=format&fit=crop&q=80
10304,Sankisa,Uttar Pradesh,attraction,27.5943,79.3102,budget,4.9,22062,"Sankisa is a premier buddhist heritage destination in Farrukhabad, Uttar Pradesh. Renowned as a prominent landmark in regional tourism (Buddhist Heritage), it welcomes visitors seeking authentic cultural immersion, picturesque vistas, and rich historic heritage.",Oct-Feb,https://images.unsplash.com/photo-1518709268805-4e9042af9f23?w=800&auto=format&fit=crop&q=80
10305,Salkhan Fossil Park,Uttar Pradesh,attraction,26.4681,80.5318,budget,4.9,20588,"Salkhan Fossil Park is a premier park destination in Sonbhadra, Uttar Pradesh. Renowned as a prominent landmark in regional tourism (Geological Heritage), it welcomes visitors seeking authentic cultural immersion, picturesque vistas, and rich historic heritage.",Oct-Feb,https://images.unsplash.com/photo-1584467735815-f778f274e296?w=800&auto=format&fit=crop&q=80
10306,Kashi Vishwanath Temple,Uttar Pradesh,attraction,26.8139,80.9246,budget,4.7,2195,"Kashi Vishwanath Temple is an authentic attraction destination located in ,  district of Uttar Pradesh. Celebrated for its regional significance and unique ambiance, it offers travelers an immersive experience in the culture, scenic beauty, and heritage of Uttar Pradesh.",Oct-Mar,https://images.unsplash.com/photo-1621847468516-1ed5d0df56fe?w=800&auto=format&fit=crop&q=80
10307,Dhamek Stupa Sarnath,Uttar Pradesh,attraction,26.8675,80.9262,budget,4.3,2945,"Dhamek Stupa Sarnath is an authentic attraction destination located in ,  district of Uttar Pradesh. Celebrated for its regional significance and unique ambiance, it offers travelers an immersive experience in the culture, scenic beauty, and heritage of Uttar Pradesh.",Oct-Feb,https://images.unsplash.com/photo-1609766857041-ed402ea8069a?w=800&auto=format&fit=crop&q=80
10308,Chaukhandi Stupa Sarnath,Uttar Pradesh,attraction,26.8179,80.9806,budget,4.5,8380,"Chaukhandi Stupa Sarnath is an authentic attraction destination located in ,  district of Uttar Pradesh. Celebrated for its regional significance and unique ambiance, it offers travelers an immersive experience in the culture, scenic beauty, and heritage of Uttar Pradesh.",Oct-Feb,https://images.unsplash.com/photo-1518495973542-4542c06a5843?w=800&auto=format&fit=crop&q=80
10309,Sarnath Archaeological Museum,Uttar Pradesh,attraction,26.8435,80.9766,mid,4.7,8666,"Sarnath Archaeological Museum is an authentic attraction destination located in ,  district of Uttar Pradesh. Celebrated for its regional significance and unique ambiance, it offers travelers an immersive experience in the culture, scenic beauty, and heritage of Uttar Pradesh.",Oct-Mar,https://images.unsplash.com/photo-1544531586-fde5298cdd40?w=800&auto=format&fit=crop&q=80
10310,Shri Ram Janmabhoomi Mandir,Uttar Pradesh,attraction,26.8115,80.9134,budget,4.1,258,"Shri Ram Janmabhoomi Mandir is an authentic attraction destination located in ,  district of Uttar Pradesh. Celebrated for its regional significance and unique ambiance, it offers travelers an immersive experience in the culture, scenic beauty, and heritage of Uttar Pradesh.",Oct-Feb,https://images.unsplash.com/photo-1590050752117-238cb0fb12b1?w=800&auto=format&fit=crop&q=80
10311,Hanuman Garhi Ayodhya,Uttar Pradesh,attraction,26.8683,80.9814,budget,4.2,2302,"Hanuman Garhi Ayodhya is an authentic attraction destination located in ,  district of Uttar Pradesh. Celebrated for its regional significance and unique ambiance, it offers travelers an immersive experience in the culture, scenic beauty, and heritage of Uttar Pradesh.",Oct-Feb,https://images.unsplash.com/photo-1599661046289-e31897846e41?w=800&auto=format&fit=crop&q=80
10312,Nageshwarnath Temple,Uttar Pradesh,attraction,26.8171,80.979,budget,4.7,8670,"Nageshwarnath Temple is an authentic attraction destination located in ,  district of Uttar Pradesh. Celebrated for its regional significance and unique ambiance, it offers travelers an immersive experience in the culture, scenic beauty, and heritage of Uttar Pradesh.",Oct-Mar,https://images.unsplash.com/photo-1609766857041-ed402ea8069a?w=800&auto=format&fit=crop&q=80
10313,Guptar Ghat,Uttar Pradesh,attraction,26.8483,80.9846,budget,4.4,1284,"Guptar Ghat is an authentic attraction destination located in ,  district of Uttar Pradesh. Celebrated for its regional significance and unique ambiance, it offers travelers an immersive experience in the culture, scenic beauty, and heritage of Uttar Pradesh.",Oct-Mar,https://images.unsplash.com/photo-1524492412937-b28074a5d7da?w=800&auto=format&fit=crop&q=80
10314,Surya Kund Ayodhya,Uttar Pradesh,attraction,26.8291,80.911,budget,4.0,1070,"Surya Kund Ayodhya is an authentic attraction destination located in ,  district of Uttar Pradesh. Celebrated for its regional significance and unique ambiance, it offers travelers an immersive experience in the culture, scenic beauty, and heritage of Uttar Pradesh.",Oct-Feb,https://images.unsplash.com/photo-1518457607834-6e8d80c183c5?w=800&auto=format&fit=crop&q=80
10315,ISKCON Vrindavan Krishna Balaram Temple,Uttar Pradesh,attraction,26.8307,80.9094,budget,4.6,2446,"ISKCON Vrindavan Krishna Balaram Temple is an authentic attraction destination located in ,  district of Uttar Pradesh. Celebrated for its regional significance and unique ambiance, it offers travelers an immersive experience in the culture, scenic beauty, and heritage of Uttar Pradesh.",Oct-Mar,https://images.unsplash.com/photo-1621847468516-1ed5d0df56fe?w=800&auto=format&fit=crop&q=80
10316,Shri Krishna Janmabhoomi Complex,Uttar Pradesh,attraction,26.8115,80.9694,budget,4.2,1838,"Shri Krishna Janmabhoomi Complex is an authentic attraction destination located in ,  district of Uttar Pradesh. Celebrated for its regional significance and unique ambiance, it offers travelers an immersive experience in the culture, scenic beauty, and heritage of Uttar Pradesh.",Oct-Feb,https://images.unsplash.com/photo-1621847468516-1ed5d0df56fe?w=800&auto=format&fit=crop&q=80
10317,Govardhan Hill Parikrama,Uttar Pradesh,attraction,26.8523,80.9414,budget,4.4,1541,"Govardhan Hill Parikrama is an authentic attraction destination located in ,  district of Uttar Pradesh. Celebrated for its regional significance and unique ambiance, it offers travelers an immersive experience in the culture, scenic beauty, and heritage of Uttar Pradesh.",Oct-Feb,https://images.unsplash.com/photo-1519681393784-d120267933ba?w=800&auto=format&fit=crop&q=80
10318,Radha Rani Temple Barsana,Uttar Pradesh,attraction,26.8371,80.963,budget,4.1,1279,"Radha Rani Temple Barsana is an authentic attraction destination located in ,  district of Uttar Pradesh. Celebrated for its regional significance and unique ambiance, it offers travelers an immersive experience in the culture, scenic beauty, and heritage of Uttar Pradesh.",Oct-Mar,https://images.unsplash.com/photo-1567157577867-05ccb1388e66?w=800&auto=format&fit=crop&q=80
10319,Kusum Sarovar,Uttar Pradesh,attraction,26.8171,80.9598,budget,4.1,900,"Kusum Sarovar is an authentic attraction destination located in ,  district of Uttar Pradesh. Celebrated for its regional significance and unique ambiance, it offers travelers an immersive experience in the culture, scenic beauty, and heritage of Uttar Pradesh.",Oct-Feb,https://images.unsplash.com/photo-1621847468516-1ed5d0df56fe?w=800&auto=format&fit=crop&q=80
10320,Gokul Heritage Village,Uttar Pradesh,attraction,26.8451,80.9422,budget,4.7,3464,"Gokul Heritage Village is an authentic attraction destination located in ,  district of Uttar Pradesh. Celebrated for its regional significance and unique ambiance, it offers travelers an immersive experience in the culture, scenic beauty, and heritage of Uttar Pradesh.",Oct-Feb,https://images.unsplash.com/photo-1590050752117-238cb0fb12b1?w=800&auto=format&fit=crop&q=80
10321,Fatehpur Sikri Buland Darwaza,Uttar Pradesh,attraction,26.8435,80.9694,budget,4.7,9105,"Fatehpur Sikri Buland Darwaza is an authentic attraction destination located in ,  district of Uttar Pradesh. Celebrated for its regional significance and unique ambiance, it offers travelers an immersive experience in the culture, scenic beauty, and heritage of Uttar Pradesh.",Oct-Feb,https://images.unsplash.com/photo-1582510003544-4d00b7f74220?w=800&auto=format&fit=crop&q=80
10322,Tomb of Akbar the Great Sikandra,Uttar Pradesh,attraction,26.8563,80.907,budget,4.5,4880,"Tomb of Akbar the Great Sikandra is an authentic attraction destination located in ,  district of Uttar Pradesh. Celebrated for its regional significance and unique ambiance, it offers travelers an immersive experience in the culture, scenic beauty, and heritage of Uttar Pradesh.",Oct-Feb,https://images.unsplash.com/photo-1590050752117-238cb0fb12b1?w=800&auto=format&fit=crop&q=80
10323,Tomb of I'timad-ud-Daulah,Uttar Pradesh,attraction,26.8827,80.9446,budget,4.0,752,"Tomb of I'timad-ud-Daulah is an authentic attraction destination located in ,  district of Uttar Pradesh. Celebrated for its regional significance and unique ambiance, it offers travelers an immersive experience in the culture, scenic beauty, and heritage of Uttar Pradesh.",Oct-Feb,https://images.unsplash.com/photo-1544717305-2782549b5136?w=800&auto=format&fit=crop&q=80
10324,Bateshwar Ancient Shiva Temples,Uttar Pradesh,attraction,26.8355,80.9438,budget,4.6,1255,"Bateshwar Ancient Shiva Temples is an authentic attraction destination located in ,  district of Uttar Pradesh. Celebrated for its regional significance and unique ambiance, it offers travelers an immersive experience in the culture, scenic beauty, and heritage of Uttar Pradesh.",Oct-Mar,https://images.unsplash.com/photo-1621847468516-1ed5d0df56fe?w=800&auto=format&fit=crop&q=80
10325,Anand Bhavan,Uttar Pradesh,attraction,26.8091,80.9486,budget,4.3,1169,"Anand Bhavan is an authentic attraction destination located in ,  district of Uttar Pradesh. Celebrated for its regional significance and unique ambiance, it offers travelers an immersive experience in the culture, scenic beauty, and heritage of Uttar Pradesh.",Oct-Feb,https://images.unsplash.com/photo-1519331379826-f10be5486c6f?w=800&auto=format&fit=crop&q=80
10326,Allahabad Fort & Ashoka Pillar,Uttar Pradesh,attraction,26.8539,80.9166,mid,4.7,5084,"Allahabad Fort & Ashoka Pillar is an authentic attraction destination located in ,  district of Uttar Pradesh. Celebrated for its regional significance and unique ambiance, it offers travelers an immersive experience in the culture, scenic beauty, and heritage of Uttar Pradesh.",Oct-Feb,https://images.unsplash.com/photo-1585123388867-3bfe6dd4bdbf?w=800&auto=format&fit=crop&q=80
10327,Khusro Bagh,Uttar Pradesh,attraction,26.8699,80.9734,budget,4.2,1804,"Khusro Bagh is an authentic attraction destination located in ,  district of Uttar Pradesh. Celebrated for its regional significance and unique ambiance, it offers travelers an immersive experience in the culture, scenic beauty, and heritage of Uttar Pradesh.",Oct-Feb,https://images.unsplash.com/photo-1590050752117-238cb0fb12b1?w=800&auto=format&fit=crop&q=80
10328,Bade Hanuman Mandir Sangam,Uttar Pradesh,attraction,26.8139,80.9542,budget,4.1,480,"Bade Hanuman Mandir Sangam is an authentic attraction destination located in ,  district of Uttar Pradesh. Celebrated for its regional significance and unique ambiance, it offers travelers an immersive experience in the culture, scenic beauty, and heritage of Uttar Pradesh.",Oct-Feb,https://images.unsplash.com/photo-1582510003544-4d00b7f74220?w=800&auto=format&fit=crop&q=80
10329,Bara Imambara & Bhool Bhulaiya,Uttar Pradesh,attraction,26.8827,80.9694,budget,4.2,1270,"Bara Imambara & Bhool Bhulaiya is an authentic attraction destination located in ,  district of Uttar Pradesh. Celebrated for its regional significance and unique ambiance, it offers travelers an immersive experience in the culture, scenic beauty, and heritage of Uttar Pradesh.",Oct-Feb,https://images.unsplash.com/photo-1609766857041-ed402ea8069a?w=800&auto=format&fit=crop&q=80
10330,Chhota Imambara,Uttar Pradesh,attraction,26.8115,80.9254,budget,4.6,5134,"Chhota Imambara is an authentic attraction destination located in ,  district of Uttar Pradesh. Celebrated for its regional significance and unique ambiance, it offers travelers an immersive experience in the culture, scenic beauty, and heritage of Uttar Pradesh.",Oct-Feb,https://images.unsplash.com/photo-1590050752117-238cb0fb12b1?w=800&auto=format&fit=crop&q=80
10331,The British Residency Lucknow,Uttar Pradesh,attraction,26.8355,80.927,budget,4.7,3417,"The British Residency Lucknow is an authentic attraction destination located in ,  district of Uttar Pradesh. Celebrated for its regional significance and unique ambiance, it offers travelers an immersive experience in the culture, scenic beauty, and heritage of Uttar Pradesh.",Oct-Feb,https://images.unsplash.com/photo-1590050752117-238cb0fb12b1?w=800&auto=format&fit=crop&q=80
10332,Ambedkar Memorial Park,Uttar Pradesh,attraction,26.8251,80.9454,budget,4.6,8563,"Ambedkar Memorial Park is an authentic attraction destination located in ,  district of Uttar Pradesh. Celebrated for its regional significance and unique ambiance, it offers travelers an immersive experience in the culture, scenic beauty, and heritage of Uttar Pradesh.",Oct-Feb,https://images.unsplash.com/photo-1519331379826-f10be5486c6f?w=800&auto=format&fit=crop&q=80
10333,Dilkusha Kothi,Uttar Pradesh,attraction,26.8635,80.979,budget,3.9,451,"Dilkusha Kothi is an authentic attraction destination located in ,  district of Uttar Pradesh. Celebrated for its regional significance and unique ambiance, it offers travelers an immersive experience in the culture, scenic beauty, and heritage of Uttar Pradesh.",Oct-Feb,https://images.unsplash.com/photo-1590050752117-238cb0fb12b1?w=800&auto=format&fit=crop&q=80
10334,Rani Mahal Jhansi,Uttar Pradesh,attraction,26.8387,80.9502,budget,4.7,7432,"Rani Mahal Jhansi is an authentic attraction destination located in ,  district of Uttar Pradesh. Celebrated for its regional significance and unique ambiance, it offers travelers an immersive experience in the culture, scenic beauty, and heritage of Uttar Pradesh.",Oct-Feb,https://images.unsplash.com/photo-1566073771259-6a8506099945?w=800&auto=format&fit=crop&q=80
10335,Barua Sagar Fort,Uttar Pradesh,attraction,26.8443,80.9334,mid,4.6,1459,"Barua Sagar Fort is an authentic attraction destination located in ,  district of Uttar Pradesh. Celebrated for its regional significance and unique ambiance, it offers travelers an immersive experience in the culture, scenic beauty, and heritage of Uttar Pradesh.",Oct-Feb,https://images.unsplash.com/photo-1590766940554-634a7ed41450?w=800&auto=format&fit=crop&q=80
10336,Deogarh Dashavatara Temple,Uttar Pradesh,attraction,26.8443,80.9462,budget,4.1,577,"Deogarh Dashavatara Temple is an authentic attraction destination located in ,  district of Uttar Pradesh. Celebrated for its regional significance and unique ambiance, it offers travelers an immersive experience in the culture, scenic beauty, and heritage of Uttar Pradesh.",Oct-Mar,https://images.unsplash.com/photo-1609766857041-ed402ea8069a?w=800&auto=format&fit=crop&q=80
10337,Kalinjar Fort,Uttar Pradesh,attraction,26.8403,80.9638,mid,4.4,1370,"Kalinjar Fort is an authentic attraction destination located in ,  district of Uttar Pradesh. Celebrated for its regional significance and unique ambiance, it offers travelers an immersive experience in the culture, scenic beauty, and heritage of Uttar Pradesh.",Oct-Feb,https://images.unsplash.com/photo-1585123388867-3bfe6dd4bdbf?w=800&auto=format&fit=crop&q=80
10338,Ramghat Mandakini Chitrakoot,Uttar Pradesh,attraction,26.8339,80.9302,budget,4.7,5325,"Ramghat Mandakini Chitrakoot is an authentic attraction destination located in ,  district of Uttar Pradesh. Celebrated for its regional significance and unique ambiance, it offers travelers an immersive experience in the culture, scenic beauty, and heritage of Uttar Pradesh.",Oct-Mar,https://images.unsplash.com/photo-1524492412937-b28074a5d7da?w=800&auto=format&fit=crop&q=80
10339,Kamadgiri Mountain Parikrama,Uttar Pradesh,attraction,26.8587,80.9694,budget,4.0,237,"Kamadgiri Mountain Parikrama is an authentic attraction destination located in ,  district of Uttar Pradesh. Celebrated for its regional significance and unique ambiance, it offers travelers an immersive experience in the culture, scenic beauty, and heritage of Uttar Pradesh.",Oct-Feb,https://images.unsplash.com/photo-1519681393784-d120267933ba?w=800&auto=format&fit=crop&q=80
10340,Gupt Godavari Caves,Uttar Pradesh,attraction,26.8555,80.979,budget,4.5,8855,"Gupt Godavari Caves is an authentic attraction destination located in ,  district of Uttar Pradesh. Celebrated for its regional significance and unique ambiance, it offers travelers an immersive experience in the culture, scenic beauty, and heritage of Uttar Pradesh.",Oct-Feb,https://images.unsplash.com/photo-1509316975850-ff9c5deb0cd9?w=800&auto=format&fit=crop&q=80
10341,Sati Anusuya Ashram,Uttar Pradesh,attraction,26.8075,80.9438,budget,4.1,367,"Sati Anusuya Ashram is an authentic attraction destination located in ,  district of Uttar Pradesh. Celebrated for its regional significance and unique ambiance, it offers travelers an immersive experience in the culture, scenic beauty, and heritage of Uttar Pradesh.",Oct-Feb,https://images.unsplash.com/photo-1567157577867-05ccb1388e66?w=800&auto=format&fit=crop&q=80
10342,Vindhyavasini Devi Temple,Uttar Pradesh,attraction,26.8851,80.9182,budget,4.7,1922,"Vindhyavasini Devi Temple is an authentic attraction destination located in ,  district of Uttar Pradesh. Celebrated for its regional significance and unique ambiance, it offers travelers an immersive experience in the culture, scenic beauty, and heritage of Uttar Pradesh.",Oct-Mar,https://images.unsplash.com/photo-1590050752117-238cb0fb12b1?w=800&auto=format&fit=crop&q=80
10343,Chunar Fort,Uttar Pradesh,attraction,26.8419,80.9838,mid,4.7,6289,"Chunar Fort is an authentic attraction destination located in ,  district of Uttar Pradesh. Celebrated for its regional significance and unique ambiance, it offers travelers an immersive experience in the culture, scenic beauty, and heritage of Uttar Pradesh.",Oct-Feb,https://images.unsplash.com/photo-1585123388867-3bfe6dd4bdbf?w=800&auto=format&fit=crop&q=80
10344,Lakhaniya Dari Waterfall,Uttar Pradesh,attraction,26.8747,80.911,budget,4.4,3327,"Lakhaniya Dari Waterfall is an authentic attraction destination located in ,  district of Uttar Pradesh. Celebrated for its regional significance and unique ambiance, it offers travelers an immersive experience in the culture, scenic beauty, and heritage of Uttar Pradesh.",Jul-Oct,https://images.unsplash.com/photo-1432405972618-c60b0225b8f9?w=800&auto=format&fit=crop&q=80
10345,Sirsi Waterfall,Uttar Pradesh,attraction,26.8307,80.911,budget,4.4,3014,"Sirsi Waterfall is an authentic attraction destination located in ,  district of Uttar Pradesh. Celebrated for its regional significance and unique ambiance, it offers travelers an immersive experience in the culture, scenic beauty, and heritage of Uttar Pradesh.",Jul-Oct,https://images.unsplash.com/photo-1432405972618-c60b0225b8f9?w=800&auto=format&fit=crop&q=80
10346,Mahaparinirvana Stupa & Temple,Uttar Pradesh,attraction,26.8675,80.9406,budget,4.3,2239,"Mahaparinirvana Stupa & Temple is an authentic attraction destination located in ,  district of Uttar Pradesh. Celebrated for its regional significance and unique ambiance, it offers travelers an immersive experience in the culture, scenic beauty, and heritage of Uttar Pradesh.",Oct-Mar,https://images.unsplash.com/photo-1621847468516-1ed5d0df56fe?w=800&auto=format&fit=crop&q=80
10347,Ramabhar Stupa,Uttar Pradesh,attraction,26.8395,80.9398,budget,4.0,833,"Ramabhar Stupa is an authentic attraction destination located in ,  district of Uttar Pradesh. Celebrated for its regional significance and unique ambiance, it offers travelers an immersive experience in the culture, scenic beauty, and heritage of Uttar Pradesh.",Oct-Feb,https://images.unsplash.com/photo-1518495973542-4542c06a5843?w=800&auto=format&fit=crop&q=80
10348,Gorakhnath Temple,Uttar Pradesh,attraction,21.4399,74.1983,budget,4.9,19144,"A prominent temple destination in Nandurbar district showcasing Maharashtra's rich historical, cultural, and ecological heritage.",Oct-Mar,https://images.unsplash.com/photo-1582510003544-4d00b7f74220?w=800&auto=format&fit=crop&q=80
10349,Katarniaghat Wildlife Sanctuary,Uttar Pradesh,attraction,26.8499,80.9798,budget,4.7,8254,"Katarniaghat Wildlife Sanctuary is an authentic attraction destination located in ,  district of Uttar Pradesh. Celebrated for its regional significance and unique ambiance, it offers travelers an immersive experience in the culture, scenic beauty, and heritage of Uttar Pradesh.",Oct-Mar,https://images.unsplash.com/photo-1534188753412-3e26d0d618d6?w=800&auto=format&fit=crop&q=80
10350,Pilibhit Tiger Reserve & Chuka Beach,Uttar Pradesh,attraction,26.8131,80.9846,budget,4.6,4200,"Pilibhit Tiger Reserve & Chuka Beach is an authentic attraction destination located in ,  district of Uttar Pradesh. Celebrated for its regional significance and unique ambiance, it offers travelers an immersive experience in the culture, scenic beauty, and heritage of Uttar Pradesh.",Oct-Feb,https://images.unsplash.com/photo-1507525428034-b723cf961d3e?w=800&auto=format&fit=crop&q=80
10351,Hastinapur Wildlife Sanctuary & Jain Temples,Uttar Pradesh,attraction,26.8523,80.9174,budget,4.2,3275,"Hastinapur Wildlife Sanctuary & Jain Temples is an authentic attraction destination located in ,  district of Uttar Pradesh. Celebrated for its regional significance and unique ambiance, it offers travelers an immersive experience in the culture, scenic beauty, and heritage of Uttar Pradesh.",Oct-Mar,https://images.unsplash.com/photo-1551969014-7d2c4cddf0b6?w=800&auto=format&fit=crop&q=80
10352,Bithoor Brahmavart Ghat,Uttar Pradesh,attraction,26.8539,80.979,budget,4.3,2268,"Bithoor Brahmavart Ghat is an authentic attraction destination located in ,  district of Uttar Pradesh. Celebrated for its regional significance and unique ambiance, it offers travelers an immersive experience in the culture, scenic beauty, and heritage of Uttar Pradesh.",Oct-Mar,https://images.unsplash.com/photo-1571536802807-30451e3955d8?w=800&auto=format&fit=crop&q=80
10353,Shravasti Jetavana Monastery Ruins,Uttar Pradesh,attraction,26.8843,80.9766,budget,4.4,3152,"Shravasti Jetavana Monastery Ruins is an authentic attraction destination located in ,  district of Uttar Pradesh. Celebrated for its regional significance and unique ambiance, it offers travelers an immersive experience in the culture, scenic beauty, and heritage of Uttar Pradesh.",Oct-Feb,https://images.unsplash.com/photo-1518495973542-4542c06a5843?w=800&auto=format&fit=crop&q=80
10354,Sankisa Buddhist Archaeological Site,Uttar Pradesh,attraction,26.8595,80.9734,budget,3.9,1183,"Sankisa Buddhist Archaeological Site is an authentic attraction destination located in ,  district of Uttar Pradesh. Celebrated for its regional significance and unique ambiance, it offers travelers an immersive experience in the culture, scenic beauty, and heritage of Uttar Pradesh.",Oct-Feb,https://images.unsplash.com/photo-1518495973542-4542c06a5843?w=800&auto=format&fit=crop&q=80
10355,Rihand Dam & Govind Ballabh Pant Sagar,Uttar Pradesh,attraction,26.8531,80.9462,budget,4.5,2357,"Rihand Dam & Govind Ballabh Pant Sagar is an authentic attraction destination located in ,  district of Uttar Pradesh. Celebrated for its regional significance and unique ambiance, it offers travelers an immersive experience in the culture, scenic beauty, and heritage of Uttar Pradesh.",Oct-Feb,https://images.unsplash.com/photo-1501785888041-af3ef285b470?w=800&auto=format&fit=crop&q=80
10356,Kashi Vishwanath Temple & Corridor,Uttar Pradesh,attraction,26.8555,80.9662,budget,4.1,162,"Kashi Vishwanath Temple & Corridor is an authentic attraction destination located in ,  district of Uttar Pradesh. Celebrated for its regional significance and unique ambiance, it offers travelers an immersive experience in the culture, scenic beauty, and heritage of Uttar Pradesh.",Oct-Mar,https://images.unsplash.com/photo-1582510003544-4d00b7f74220?w=800&auto=format&fit=crop&q=80
10357,Dashashwamedh Ghat (Ganga Maha Aarti),Uttar Pradesh,attraction,26.8179,80.9102,budget,4.4,460,"Dashashwamedh Ghat (Ganga Maha Aarti) is an authentic attraction destination located in ,  district of Uttar Pradesh. Celebrated for its regional significance and unique ambiance, it offers travelers an immersive experience in the culture, scenic beauty, and heritage of Uttar Pradesh.",Oct-Mar,https://images.unsplash.com/photo-1524492412937-b28074a5d7da?w=800&auto=format&fit=crop&q=80
10358,Assi Ghat & Morning Subah-e-Banaras,Uttar Pradesh,attraction,26.8523,80.9158,budget,4.2,2858,"Assi Ghat & Morning Subah-e-Banaras is an authentic attraction destination located in ,  district of Uttar Pradesh. Celebrated for its regional significance and unique ambiance, it offers travelers an immersive experience in the culture, scenic beauty, and heritage of Uttar Pradesh.",Oct-Mar,https://images.unsplash.com/photo-1561361513-2d000a50f0dc?w=800&auto=format&fit=crop&q=80
10359,Manikarnika Ghat (Sacred Mahashamshan on Ganga),Uttar Pradesh,attraction,26.8683,80.9854,budget,4.4,856,"Manikarnika Ghat (Sacred Mahashamshan on Ganga) is an authentic attraction destination located in ,  district of Uttar Pradesh. Celebrated for its regional significance and unique ambiance, it offers travelers an immersive experience in the culture, scenic beauty, and heritage of Uttar Pradesh.",Oct-Mar,https://images.unsplash.com/photo-1524492412937-b28074a5d7da?w=800&auto=format&fit=crop&q=80
10360,Sarnath Dhamek Stupa & Deer Park,Uttar Pradesh,attraction,26.8235,80.9678,budget,4.2,2459,"Sarnath Dhamek Stupa & Deer Park is an authentic attraction destination located in ,  district of Uttar Pradesh. Celebrated for its regional significance and unique ambiance, it offers travelers an immersive experience in the culture, scenic beauty, and heritage of Uttar Pradesh.",Oct-Feb,https://images.unsplash.com/photo-1534188753412-3e26d0d618d6?w=800&auto=format&fit=crop&q=80
10361,Sarnath Archaeological Museum (Ashokan Lion Capital of India),Uttar Pradesh,attraction,26.8707,80.9494,mid,4.6,2863,"Sarnath Archaeological Museum (Ashokan Lion Capital of India) is an authentic attraction destination located in ,  district of Uttar Pradesh. Celebrated for its regional significance and unique ambiance, it offers travelers an immersive experience in the culture, scenic beauty, and heritage of Uttar Pradesh.",Oct-Mar,https://images.unsplash.com/photo-1501785888041-af3ef285b470?w=800&auto=format&fit=crop&q=80
10362,Ramnagar Fort & Museum (Kashi Naresh Palace),Uttar Pradesh,attraction,26.8579,80.9598,mid,4.2,2776,"Ramnagar Fort & Museum (Kashi Naresh Palace) is an authentic attraction destination located in ,  district of Uttar Pradesh. Celebrated for its regional significance and unique ambiance, it offers travelers an immersive experience in the culture, scenic beauty, and heritage of Uttar Pradesh.",Oct-Mar,https://images.unsplash.com/photo-1599661046289-e31897846e41?w=800&auto=format&fit=crop&q=80
10363,Sankat Mochan Hanuman Temple,Uttar Pradesh,attraction,26.8267,80.947,budget,4.5,8652,"Sankat Mochan Hanuman Temple is an authentic attraction destination located in ,  district of Uttar Pradesh. Celebrated for its regional significance and unique ambiance, it offers travelers an immersive experience in the culture, scenic beauty, and heritage of Uttar Pradesh.",Oct-Mar,https://images.unsplash.com/photo-1590050752117-238cb0fb12b1?w=800&auto=format&fit=crop&q=80
10364,Shri Ram Janmabhoomi Mandir Complex,Uttar Pradesh,attraction,26.8075,80.9478,budget,4.5,7023,"Shri Ram Janmabhoomi Mandir Complex is an authentic attraction destination located in ,  district of Uttar Pradesh. Celebrated for its regional significance and unique ambiance, it offers travelers an immersive experience in the culture, scenic beauty, and heritage of Uttar Pradesh.",Oct-Feb,https://images.unsplash.com/photo-1621847468516-1ed5d0df56fe?w=800&auto=format&fit=crop&q=80
10365,Hanuman Garhi Temple (Bajrangbali Fortress Shrine),Uttar Pradesh,attraction,26.8283,80.935,mid,4.1,1057,"Hanuman Garhi Temple (Bajrangbali Fortress Shrine) is an authentic attraction destination located in ,  district of Uttar Pradesh. Celebrated for its regional significance and unique ambiance, it offers travelers an immersive experience in the culture, scenic beauty, and heritage of Uttar Pradesh.",Oct-Mar,https://images.unsplash.com/photo-1585123388867-3bfe6dd4bdbf?w=800&auto=format&fit=crop&q=80
10366,Kanak Bhavan (Golden Palace of Mata Sita),Uttar Pradesh,attraction,26.8851,80.9454,mid,4.1,1222,"Kanak Bhavan (Golden Palace of Mata Sita) is an authentic attraction destination located in ,  district of Uttar Pradesh. Celebrated for its regional significance and unique ambiance, it offers travelers an immersive experience in the culture, scenic beauty, and heritage of Uttar Pradesh.",Oct-Feb,https://images.unsplash.com/photo-1566073771259-6a8506099945?w=800&auto=format&fit=crop&q=80
10367,Ram ki Paidi & Saryu Riverfront Promenade,Uttar Pradesh,attraction,26.8651,80.9734,budget,3.9,806,"Ram ki Paidi & Saryu Riverfront Promenade is an authentic attraction destination located in ,  district of Uttar Pradesh. Celebrated for its regional significance and unique ambiance, it offers travelers an immersive experience in the culture, scenic beauty, and heritage of Uttar Pradesh.",Oct-Feb,https://images.unsplash.com/photo-1561361513-2d000a50f0dc?w=800&auto=format&fit=crop&q=80
10368,Nageshwarnath Temple (Founded by Kush),Uttar Pradesh,attraction,26.8179,80.971,budget,4.7,3760,"Nageshwarnath Temple (Founded by Kush) is an authentic attraction destination located in ,  district of Uttar Pradesh. Celebrated for its regional significance and unique ambiance, it offers travelers an immersive experience in the culture, scenic beauty, and heritage of Uttar Pradesh.",Oct-Mar,https://images.unsplash.com/photo-1590050752117-238cb0fb12b1?w=800&auto=format&fit=crop&q=80
10369,Guptar Ghat (Lord Rama Jal Samadhi Site on Saryu),Uttar Pradesh,attraction,26.8387,80.9486,budget,4.7,7172,"Guptar Ghat (Lord Rama Jal Samadhi Site on Saryu) is an authentic attraction destination located in ,  district of Uttar Pradesh. Celebrated for its regional significance and unique ambiance, it offers travelers an immersive experience in the culture, scenic beauty, and heritage of Uttar Pradesh.",Oct-Mar,https://images.unsplash.com/photo-1524492412937-b28074a5d7da?w=800&auto=format&fit=crop&q=80
10370,Gulab Bari (Mausoleum of Nawab Shuja-ud-Daula),Uttar Pradesh,attraction,26.8155,80.9654,budget,4.3,2373,"Gulab Bari (Mausoleum of Nawab Shuja-ud-Daula) is an authentic attraction destination located in ,  district of Uttar Pradesh. Celebrated for its regional significance and unique ambiance, it offers travelers an immersive experience in the culture, scenic beauty, and heritage of Uttar Pradesh.",Oct-Feb,https://images.unsplash.com/photo-1544717305-2782549b5136?w=800&auto=format&fit=crop&q=80
10371,Shri Krishna Janmabhoomi Complex (Keshavdev Temple),Uttar Pradesh,attraction,26.8579,80.9358,budget,4.7,3933,"Shri Krishna Janmabhoomi Complex (Keshavdev Temple) is an authentic attraction destination located in ,  district of Uttar Pradesh. Celebrated for its regional significance and unique ambiance, it offers travelers an immersive experience in the culture, scenic beauty, and heritage of Uttar Pradesh.",Oct-Mar,https://images.unsplash.com/photo-1609766857041-ed402ea8069a?w=800&auto=format&fit=crop&q=80
10372,Banke Bihari Temple (Vrindavan),Uttar Pradesh,attraction,26.8523,80.9182,budget,4.4,2104,"Banke Bihari Temple (Vrindavan) is an authentic attraction destination located in ,  district of Uttar Pradesh. Celebrated for its regional significance and unique ambiance, it offers travelers an immersive experience in the culture, scenic beauty, and heritage of Uttar Pradesh.",Oct-Mar,https://images.unsplash.com/photo-1567157577867-05ccb1388e66?w=800&auto=format&fit=crop&q=80
10373,Prem Mandir (Temple of Divine Love & Light Fountain),Uttar Pradesh,attraction,26.8755,80.9366,budget,4.1,722,"Prem Mandir (Temple of Divine Love & Light Fountain) is an authentic attraction destination located in ,  district of Uttar Pradesh. Celebrated for its regional significance and unique ambiance, it offers travelers an immersive experience in the culture, scenic beauty, and heritage of Uttar Pradesh.",Oct-Mar,https://images.unsplash.com/photo-1544717305-2782549b5136?w=800&auto=format&fit=crop&q=80
10374,Govardhan Hill & 21 km Sacred Parikrama,Uttar Pradesh,attraction,26.8219,80.9726,budget,4.6,7291,"Govardhan Hill & 21 km Sacred Parikrama is an authentic attraction destination located in ,  district of Uttar Pradesh. Celebrated for its regional significance and unique ambiance, it offers travelers an immersive experience in the culture, scenic beauty, and heritage of Uttar Pradesh.",Oct-Feb,https://images.unsplash.com/photo-1519681393784-d120267933ba?w=800&auto=format&fit=crop&q=80
10375,Kusum Sarovar & Chhatris,Uttar Pradesh,attraction,26.8707,80.9694,budget,4.3,2325,"Kusum Sarovar & Chhatris is an authentic attraction destination located in ,  district of Uttar Pradesh. Celebrated for its regional significance and unique ambiance, it offers travelers an immersive experience in the culture, scenic beauty, and heritage of Uttar Pradesh.",Oct-Feb,https://images.unsplash.com/photo-1544717305-2782549b5136?w=800&auto=format&fit=crop&q=80
10376,Radha Rani Temple (Barsana Shriji Mandir),Uttar Pradesh,attraction,26.8195,80.9742,budget,4.7,7325,"Radha Rani Temple (Barsana Shriji Mandir) is an authentic attraction destination located in ,  district of Uttar Pradesh. Celebrated for its regional significance and unique ambiance, it offers travelers an immersive experience in the culture, scenic beauty, and heritage of Uttar Pradesh.",Oct-Mar,https://images.unsplash.com/photo-1544717305-2782549b5136?w=800&auto=format&fit=crop&q=80
10377,"Triveni Sangam (Confluence of Ganga, Yamuna & Saraswati)",Uttar Pradesh,attraction,26.8427,80.9758,budget,4.1,374,"Triveni Sangam (Confluence of Ganga, Yamuna & Saraswati) is an authentic attraction destination located in ,  district of Uttar Pradesh. Celebrated for its regional significance and unique ambiance, it offers travelers an immersive experience in the culture, scenic beauty, and heritage of Uttar Pradesh.",Oct-Feb,https://images.unsplash.com/photo-1524492412937-b28074a5d7da?w=800&auto=format&fit=crop&q=80
10378,Allahabad Fort & Akshayavat Patalpuri Temple,Uttar Pradesh,attraction,26.8171,80.9654,mid,4.0,982,"Allahabad Fort & Akshayavat Patalpuri Temple is an authentic attraction destination located in ,  district of Uttar Pradesh. Celebrated for its regional significance and unique ambiance, it offers travelers an immersive experience in the culture, scenic beauty, and heritage of Uttar Pradesh.",Oct-Mar,https://images.unsplash.com/photo-1590766940554-634a7ed41450?w=800&auto=format&fit=crop&q=80
10379,Anand Bhavan & Swaraj Bhavan (Nehru Ancestral Home),Uttar Pradesh,attraction,26.8307,80.9814,budget,4.2,2473,"Anand Bhavan & Swaraj Bhavan (Nehru Ancestral Home) is an authentic attraction destination located in ,  district of Uttar Pradesh. Celebrated for its regional significance and unique ambiance, it offers travelers an immersive experience in the culture, scenic beauty, and heritage of Uttar Pradesh.",Oct-Feb,https://images.unsplash.com/photo-1585320806297-9794b3e4eeae?w=800&auto=format&fit=crop&q=80
10380,Khusro Bagh (Mughal Garden & Royal Tombs),Uttar Pradesh,attraction,26.8579,80.9358,budget,4.4,1153,"Khusro Bagh (Mughal Garden & Royal Tombs) is an authentic attraction destination located in ,  district of Uttar Pradesh. Celebrated for its regional significance and unique ambiance, it offers travelers an immersive experience in the culture, scenic beauty, and heritage of Uttar Pradesh.",Oct-Feb,https://images.unsplash.com/photo-1584467735815-f778f274e296?w=800&auto=format&fit=crop&q=80
10381,Bade Hanuman Ji Mandir (Reclining Hanuman Ji),Uttar Pradesh,attraction,26.8507,80.9486,budget,4.3,2624,"Bade Hanuman Ji Mandir (Reclining Hanuman Ji) is an authentic attraction destination located in ,  district of Uttar Pradesh. Celebrated for its regional significance and unique ambiance, it offers travelers an immersive experience in the culture, scenic beauty, and heritage of Uttar Pradesh.",Oct-Feb,https://images.unsplash.com/photo-1567157577867-05ccb1388e66?w=800&auto=format&fit=crop&q=80
10382,Taj Mahal (UNESCO World Heritage Site / Wonder of the World),Uttar Pradesh,attraction,26.8171,80.955,budget,4.3,96197,"Taj Mahal (UNESCO World Heritage Site / Wonder of the World) is an authentic attraction destination located in ,  district of Uttar Pradesh. Celebrated for its regional significance and unique ambiance, it offers travelers an immersive experience in the culture, scenic beauty, and heritage of Uttar Pradesh.",Oct-Feb,https://images.unsplash.com/photo-1548013146-72479768bada?w=800&auto=format&fit=crop&q=80
10383,Agra Fort (UNESCO World Heritage Site / Red Sandstone Citadel),Uttar Pradesh,attraction,26.8619,80.9206,mid,4.2,2465,"Agra Fort (UNESCO World Heritage Site / Red Sandstone Citadel) is an authentic attraction destination located in ,  district of Uttar Pradesh. Celebrated for its regional significance and unique ambiance, it offers travelers an immersive experience in the culture, scenic beauty, and heritage of Uttar Pradesh.",Oct-Feb,https://images.unsplash.com/photo-1599661046289-e31897846e41?w=800&auto=format&fit=crop&q=80
10384,Fatehpur Sikri (Buland Darwaza & Salim Chishti Dargah),Uttar Pradesh,attraction,26.8179,80.983,budget,3.9,454,"Fatehpur Sikri (Buland Darwaza & Salim Chishti Dargah) is an authentic attraction destination located in ,  district of Uttar Pradesh. Celebrated for its regional significance and unique ambiance, it offers travelers an immersive experience in the culture, scenic beauty, and heritage of Uttar Pradesh.",Oct-Feb,https://images.unsplash.com/photo-1590050752117-238cb0fb12b1?w=800&auto=format&fit=crop&q=80
10385,Mehtab Bagh (Moonlight Garden with Taj Mahal Reflection),Uttar Pradesh,attraction,26.8363,80.9758,budget,4.5,105336,"Mehtab Bagh (Moonlight Garden with Taj Mahal Reflection) is an authentic attraction destination located in ,  district of Uttar Pradesh. Celebrated for its regional significance and unique ambiance, it offers travelers an immersive experience in the culture, scenic beauty, and heritage of Uttar Pradesh.",Oct-Feb,https://images.unsplash.com/photo-1564507592333-c60657eea523?w=800&auto=format&fit=crop&q=80
10386,Itmad-ud-Daulah (Baby Taj Marble Mausoleum),Uttar Pradesh,attraction,26.8723,80.9534,budget,4.7,2233,"Itmad-ud-Daulah (Baby Taj Marble Mausoleum) is an authentic attraction destination located in ,  district of Uttar Pradesh. Celebrated for its regional significance and unique ambiance, it offers travelers an immersive experience in the culture, scenic beauty, and heritage of Uttar Pradesh.",Oct-Feb,https://images.unsplash.com/photo-1621847468516-1ed5d0df56fe?w=800&auto=format&fit=crop&q=80
10387,Sikandra (Akbar's Tomb & Deer Park),Uttar Pradesh,attraction,26.8731,80.971,budget,4.2,621,"Sikandra (Akbar's Tomb & Deer Park) is an authentic attraction destination located in ,  district of Uttar Pradesh. Celebrated for its regional significance and unique ambiance, it offers travelers an immersive experience in the culture, scenic beauty, and heritage of Uttar Pradesh.",Oct-Feb,https://images.unsplash.com/photo-1551969014-7d2c4cddf0b6?w=800&auto=format&fit=crop&q=80
10388,Bara Imambara & Asfi Mosque (Bhool Bhulaiya Maze),Uttar Pradesh,attraction,26.8131,80.9702,budget,4.1,811,"Bara Imambara & Asfi Mosque (Bhool Bhulaiya Maze) is an authentic attraction destination located in ,  district of Uttar Pradesh. Celebrated for its regional significance and unique ambiance, it offers travelers an immersive experience in the culture, scenic beauty, and heritage of Uttar Pradesh.",Oct-Feb,https://images.unsplash.com/photo-1544717305-2782549b5136?w=800&auto=format&fit=crop&q=80
10389,Chota Imambara (Husainabad Imambara & Crystal Chandeliers),Uttar Pradesh,attraction,26.8099,80.9782,budget,4.0,712,"Chota Imambara (Husainabad Imambara & Crystal Chandeliers) is an authentic attraction destination located in ,  district of Uttar Pradesh. Celebrated for its regional significance and unique ambiance, it offers travelers an immersive experience in the culture, scenic beauty, and heritage of Uttar Pradesh.",Oct-Feb,https://images.unsplash.com/photo-1439066615861-d1af74d74000?w=800&auto=format&fit=crop&q=80
10390,Rumi Darwaza (Turkish Gate of Lucknow),Uttar Pradesh,attraction,26.8755,80.9214,budget,4.3,2699,"Rumi Darwaza (Turkish Gate of Lucknow) is an authentic attraction destination located in ,  district of Uttar Pradesh. Celebrated for its regional significance and unique ambiance, it offers travelers an immersive experience in the culture, scenic beauty, and heritage of Uttar Pradesh.",Oct-Feb,https://images.unsplash.com/photo-1567157577867-05ccb1388e66?w=800&auto=format&fit=crop&q=80
10391,The British Residency (1857 Siege of Lucknow Heritage Ruins),Uttar Pradesh,attraction,26.8395,80.971,budget,4.4,1281,"The British Residency (1857 Siege of Lucknow Heritage Ruins) is an authentic attraction destination located in ,  district of Uttar Pradesh. Celebrated for its regional significance and unique ambiance, it offers travelers an immersive experience in the culture, scenic beauty, and heritage of Uttar Pradesh.",Oct-Feb,https://images.unsplash.com/photo-1621847468516-1ed5d0df56fe?w=800&auto=format&fit=crop&q=80
10392,Ambedkar Memorial Park (Grand Red Sandstone Stupa),Uttar Pradesh,attraction,26.8315,80.9182,budget,4.5,7161,"Ambedkar Memorial Park (Grand Red Sandstone Stupa) is an authentic attraction destination located in ,  district of Uttar Pradesh. Celebrated for its regional significance and unique ambiance, it offers travelers an immersive experience in the culture, scenic beauty, and heritage of Uttar Pradesh.",Oct-Feb,https://images.unsplash.com/photo-1544735716-392fe2489ffa?w=800&auto=format&fit=crop&q=80
10393,Hazratganj Heritage Market & Victorian Walkway,Uttar Pradesh,attraction,26.8723,80.9366,budget,4.0,1314,"Hazratganj Heritage Market & Victorian Walkway is an authentic attraction destination located in ,  district of Uttar Pradesh. Celebrated for its regional significance and unique ambiance, it offers travelers an immersive experience in the culture, scenic beauty, and heritage of Uttar Pradesh.",Oct-Feb,https://images.unsplash.com/photo-1609766857041-ed402ea8069a?w=800&auto=format&fit=crop&q=80
10394,Jhansi Fort (Rani Lakshmibai Heroic Citadel),Uttar Pradesh,attraction,26.8083,80.9566,mid,4.5,3096,"Jhansi Fort (Rani Lakshmibai Heroic Citadel) is an authentic attraction destination located in ,  district of Uttar Pradesh. Celebrated for its regional significance and unique ambiance, it offers travelers an immersive experience in the culture, scenic beauty, and heritage of Uttar Pradesh.",Oct-Feb,https://images.unsplash.com/photo-1599661046289-e31897846e41?w=800&auto=format&fit=crop&q=80
10395,Rani Mahal Museum (Palace of Rani of Jhansi),Uttar Pradesh,attraction,26.8651,80.9718,mid,4.0,1345,"Rani Mahal Museum (Palace of Rani of Jhansi) is an authentic attraction destination located in ,  district of Uttar Pradesh. Celebrated for its regional significance and unique ambiance, it offers travelers an immersive experience in the culture, scenic beauty, and heritage of Uttar Pradesh.",Oct-Mar,https://images.unsplash.com/photo-1608889825103-eb5ed706fc64?w=800&auto=format&fit=crop&q=80
10396,Barua Sagar Fort & Lake,Uttar Pradesh,attraction,26.8443,80.9182,mid,4.1,397,"Barua Sagar Fort & Lake is an authentic attraction destination located in ,  district of Uttar Pradesh. Celebrated for its regional significance and unique ambiance, it offers travelers an immersive experience in the culture, scenic beauty, and heritage of Uttar Pradesh.",Oct-Feb,https://images.unsplash.com/photo-1585123388867-3bfe6dd4bdbf?w=800&auto=format&fit=crop&q=80
10397,Vindhyavasini Devi Temple (Vindhyachal Shaktipeeth),Uttar Pradesh,attraction,26.8587,80.983,budget,4.1,548,"Vindhyavasini Devi Temple (Vindhyachal Shaktipeeth) is an authentic attraction destination located in ,  district of Uttar Pradesh. Celebrated for its regional significance and unique ambiance, it offers travelers an immersive experience in the culture, scenic beauty, and heritage of Uttar Pradesh.",Oct-Mar,https://images.unsplash.com/photo-1567157577867-05ccb1388e66?w=800&auto=format&fit=crop&q=80
10398,Ashtabhuja Temple & Kali Khoh Caves (Trikona Parikrama),Uttar Pradesh,attraction,26.8211,80.9118,budget,4.2,2304,"Ashtabhuja Temple & Kali Khoh Caves (Trikona Parikrama) is an authentic attraction destination located in ,  district of Uttar Pradesh. Celebrated for its regional significance and unique ambiance, it offers travelers an immersive experience in the culture, scenic beauty, and heritage of Uttar Pradesh.",Oct-Mar,https://images.unsplash.com/photo-1582510003544-4d00b7f74220?w=800&auto=format&fit=crop&q=80
10399,Chunar Fort (Ancient Rock Citadel on Ganga),Uttar Pradesh,attraction,26.8419,80.9678,mid,4.3,785,"Chunar Fort (Ancient Rock Citadel on Ganga) is an authentic attraction destination located in ,  district of Uttar Pradesh. Celebrated for its regional significance and unique ambiance, it offers travelers an immersive experience in the culture, scenic beauty, and heritage of Uttar Pradesh.",Oct-Feb,https://images.unsplash.com/photo-1590766940554-634a7ed41450?w=800&auto=format&fit=crop&q=80
10400,Wyndham Falls & Sirsi Dam Cascades,Uttar Pradesh,attraction,26.8291,80.9382,budget,4.7,4522,"Wyndham Falls & Sirsi Dam Cascades is an authentic attraction destination located in ,  district of Uttar Pradesh. Celebrated for its regional significance and unique ambiance, it offers travelers an immersive experience in the culture, scenic beauty, and heritage of Uttar Pradesh.",Oct-Feb,https://images.unsplash.com/photo-1432405972618-c60b0225b8f9?w=800&auto=format&fit=crop&q=80
10401,Ramghat on Mandakini River (Mandakini Maha Aarti),Uttar Pradesh,attraction,26.8571,80.9158,budget,3.9,419,"Ramghat on Mandakini River (Mandakini Maha Aarti) is an authentic attraction destination located in ,  district of Uttar Pradesh. Celebrated for its regional significance and unique ambiance, it offers travelers an immersive experience in the culture, scenic beauty, and heritage of Uttar Pradesh.",Oct-Mar,https://images.unsplash.com/photo-1561361513-2d000a50f0dc?w=800&auto=format&fit=crop&q=80
10402,Kamadgiri Hill & 5 km Sacred Parikrama,Uttar Pradesh,attraction,26.8571,80.9406,budget,4.0,1240,"Kamadgiri Hill & 5 km Sacred Parikrama is an authentic attraction destination located in ,  district of Uttar Pradesh. Celebrated for its regional significance and unique ambiance, it offers travelers an immersive experience in the culture, scenic beauty, and heritage of Uttar Pradesh.",Oct-Feb,https://images.unsplash.com/photo-1519681393784-d120267933ba?w=800&auto=format&fit=crop&q=80
10403,Gupt Godavari Caves & Stream,Uttar Pradesh,attraction,26.8587,80.919,budget,4.6,3056,"Gupt Godavari Caves & Stream is an authentic attraction destination located in ,  district of Uttar Pradesh. Celebrated for its regional significance and unique ambiance, it offers travelers an immersive experience in the culture, scenic beauty, and heritage of Uttar Pradesh.",Oct-Feb,https://images.unsplash.com/photo-1518709268805-4e9042af9f23?w=800&auto=format&fit=crop&q=80
10404,Hanuman Dhara (Natural Mountain Spring & Hanuman Shrine),Uttar Pradesh,attraction,26.8731,80.9534,budget,4.1,874,"Hanuman Dhara (Natural Mountain Spring & Hanuman Shrine) is an authentic attraction destination located in ,  district of Uttar Pradesh. Celebrated for its regional significance and unique ambiance, it offers travelers an immersive experience in the culture, scenic beauty, and heritage of Uttar Pradesh.",Oct-Feb,https://images.unsplash.com/photo-1486870591958-9b9d0d1dda99?w=800&auto=format&fit=crop&q=80
10405,Mahaparinirvana Temple & Reclining Buddha Statue (Kushinagar),Uttar Pradesh,attraction,26.8139,80.9398,budget,4.7,8145,"Mahaparinirvana Temple & Reclining Buddha Statue (Kushinagar) is an authentic attraction destination located in ,  district of Uttar Pradesh. Celebrated for its regional significance and unique ambiance, it offers travelers an immersive experience in the culture, scenic beauty, and heritage of Uttar Pradesh.",Oct-Mar,https://images.unsplash.com/photo-1567157577867-05ccb1388e66?w=800&auto=format&fit=crop&q=80
10406,Ramabhar Stupa (Cremation Stupa of Lord Buddha),Uttar Pradesh,attraction,26.8387,80.9262,budget,3.9,1312,"Ramabhar Stupa (Cremation Stupa of Lord Buddha) is an authentic attraction destination located in ,  district of Uttar Pradesh. Celebrated for its regional significance and unique ambiance, it offers travelers an immersive experience in the culture, scenic beauty, and heritage of Uttar Pradesh.",Oct-Feb,https://images.unsplash.com/photo-1544735716-392fe2489ffa?w=800&auto=format&fit=crop&q=80
10407,Gorakhnath Math & Temple Complex,Uttar Pradesh,attraction,26.8731,80.9774,budget,4.1,582,"Gorakhnath Math & Temple Complex is an authentic attraction destination located in ,  district of Uttar Pradesh. Celebrated for its regional significance and unique ambiance, it offers travelers an immersive experience in the culture, scenic beauty, and heritage of Uttar Pradesh.",Oct-Mar,https://images.unsplash.com/photo-1582510003544-4d00b7f74220?w=800&auto=format&fit=crop&q=80
10408,Ramgarh Taal Lake & Waterfront Marine Drive,Uttar Pradesh,attraction,26.8115,80.9846,budget,4.2,2974,"Ramgarh Taal Lake & Waterfront Marine Drive is an authentic attraction destination located in ,  district of Uttar Pradesh. Celebrated for its regional significance and unique ambiance, it offers travelers an immersive experience in the culture, scenic beauty, and heritage of Uttar Pradesh.",Oct-Feb,https://images.unsplash.com/photo-1506744038136-46273834b3fb?w=800&auto=format&fit=crop&q=80
10409,Gita Press Heritage Museum & Archives,Uttar Pradesh,attraction,26.8859,80.9446,mid,4.3,2535,"Gita Press Heritage Museum & Archives is an authentic attraction destination located in ,  district of Uttar Pradesh. Celebrated for its regional significance and unique ambiance, it offers travelers an immersive experience in the culture, scenic beauty, and heritage of Uttar Pradesh.",Oct-Mar,https://images.unsplash.com/photo-1582555172866-f73bb12a2ab3?w=800&auto=format&fit=crop&q=80
