id,name,state,category,latitude,longitude,price_range,rating,review_count,description,best_season,image_url
1,Archaeological Museum,Andhra Pradesh,attraction,13.582463,79.304766,mid,4.2,2254,"Archaeological Museum is a renowned cultural landmark situated in Tirupati, Tirupati district of Andhra Pradesh. The destination attracts visitors seeking authentic regional heritage, architectural grandeur, and picturesque surroundings. It plays an integral role in the cultural landscape and local tourism identity of the region.",Oct-Mar,https://thumb.wikimedia.org/wikipedia/commons/thumb/9/98/TU-142_Aircraft_Model.jpg/960px-TU-142_Aircraft_Model.jpg?utm_source=en.wikipedia.org&utm_campaign=api&utm_content=thumbnail
2,Chakra Teertham,Andhra Pradesh,attraction,13.6413,79.4067,budget,4.0,452,"Chakra Teertham is a renowned nature landmark situated in Tirupati, Tirupati district of Andhra Pradesh. The destination attracts visitors seeking authentic regional heritage, architectural grandeur, and picturesque surroundings. It plays an integral role in the cultural landscape and local tourism identity of the region.",Oct-Feb,https://thumb.wikimedia.org/wikipedia/commons/thumb/f/fb/Sunset_at_Godavri.JPG/960px-Sunset_at_Godavri.JPG?utm_source=en.wikipedia.org&utm_campaign=api&utm_content=thumbnail
3,Chandragiri Fort,Andhra Pradesh,attraction,13.6324,79.3944,mid,3.9,634,"Chandragiri Fort is a renowned cultural landmark situated in Tirupati, Tirupati district of Andhra Pradesh. The destination attracts visitors seeking authentic regional heritage, architectural grandeur, and picturesque surroundings. It plays an integral role in the cultural landscape and local tourism identity of the region.",Oct-Feb,https://thumb.wikimedia.org/wikipedia/commons/thumb/4/41/East_facade_Hawa_Mahal_Jaipur_from_ground_level_%28July_2022%29_-_img_01.jpg/960px-East_facade_Hawa_Mahal_Jaipur_from_ground_level_%28July_2022%29_-_img_01.jpg?utm_source=en.wikipedia.org&utm_campaign=api&utm_content=thumbnail
4,Divyaramam Park,Andhra Pradesh,attraction,13.651813,79.416266,budget,4.1,672,"Divyaramam Park is a renowned wildlife landmark situated in Tirupati, Tirupati district of Andhra Pradesh. The destination attracts visitors seeking authentic regional heritage, architectural grandeur, and picturesque surroundings. It plays an integral role in the cultural landscape and local tourism identity of the region.",Oct-Feb,https://thumb.wikimedia.org/wikipedia/commons/thumb/c/c2/Lumbini_Park%2C_Hyderabad.jpg/960px-Lumbini_Park%2C_Hyderabad.jpg?utm_source=en.wikipedia.org&utm_campaign=api&utm_content=thumbnail
5,Geetopadesam Park,Andhra Pradesh,attraction,13.673413,79.350641,budget,4.9,7057,"Geetopadesam Park is a renowned recreation landmark situated in Tirupati, Tirupati district of Andhra Pradesh. The destination attracts visitors seeking authentic regional heritage, architectural grandeur, and picturesque surroundings. It plays an integral role in the cultural landscape and local tourism identity of the region.",Oct-Feb,https://thumb.wikimedia.org/wikipedia/commons/thumb/c/c2/Lumbini_Park%2C_Hyderabad.jpg/960px-Lumbini_Park%2C_Hyderabad.jpg?utm_source=en.wikipedia.org&utm_campaign=api&utm_content=thumbnail
6,GMR Eco Park,Andhra Pradesh,attraction,13.61255,79.40545,budget,4.5,2227,"GMR Eco Park is a renowned recreation landmark situated in Tirupati, Tirupati district of Andhra Pradesh. The destination attracts visitors seeking authentic regional heritage, architectural grandeur, and picturesque surroundings. It plays an integral role in the cultural landscape and local tourism identity of the region.",Oct-Feb,https://thumb.wikimedia.org/wikipedia/commons/thumb/e/ea/Neophron_percnopterus_-Indira_Gandhi_Zoological_Park%2C_Visakhapatnam%2C_India-8.jpg/960px-Neophron_percnopterus_-Indira_Gandhi_Zoological_Park%2C_Visakhapatnam%2C_India-8.jpg?utm_source=en.wikipedia.org&utm_campaign=api&utm_content=thumbnail
7,Gogarbham Dam Park,Andhra Pradesh,attraction,13.689837,79.352797,budget,4.2,2490,"Gogarbham Dam Park is a renowned recreation landmark situated in Tirupati, Tirupati district of Andhra Pradesh. The destination attracts visitors seeking authentic regional heritage, architectural grandeur, and picturesque surroundings. It plays an integral role in the cultural landscape and local tourism identity of the region.",Oct-Feb,https://thumb.wikimedia.org/wikipedia/commons/thumb/2/20/A_bridge_over_Kolleru.jpg/960px-A_bridge_over_Kolleru.jpg?utm_source=en.wikipedia.org&utm_campaign=api&utm_content=thumbnail
8,Govindaraja Swamy Temple Museum,Andhra Pradesh,attraction,13.630287,79.417703,mid,4.3,2131,"Govindaraja Swamy Temple Museum is a renowned religious landmark situated in Tirupati, Tirupati district of Andhra Pradesh. The destination attracts visitors seeking authentic regional heritage, architectural grandeur, and picturesque surroundings. It plays an integral role in the cultural landscape and local tourism identity of the region.",Oct-Mar,https://thumb.wikimedia.org/wikipedia/commons/thumb/1/19/Sri_Kodanda_Rama_Swamy_Temple%2C_Vontimitta%2C_Kadapa.jpg/960px-Sri_Kodanda_Rama_Swamy_Temple%2C_Vontimitta%2C_Kadapa.jpg?utm_source=en.wikipedia.org&utm_campaign=api&utm_content=thumbnail
9,Hanuman Temple,Andhra Pradesh,attraction,13.678013,79.350578,budget,4.6,9028,"Hanuman Temple is a renowned religious landmark situated in Tirupati, Tirupati district of Andhra Pradesh. The destination attracts visitors seeking authentic regional heritage, architectural grandeur, and picturesque surroundings. It plays an integral role in the cultural landscape and local tourism identity of the region.",Oct-Mar,https://thumb.wikimedia.org/wikipedia/commons/thumb/8/8e/Kanipakam_Temple.jpg/960px-Kanipakam_Temple.jpg?utm_source=en.wikipedia.org&utm_campaign=api&utm_content=thumbnail
10,Japali Anjaneya Swami devalayam,Andhra Pradesh,attraction,13.64915,79.41165,budget,4.5,4619,"Japali Anjaneya Swami devalayam is a renowned religious landmark situated in Tirupati, Tirupati district of Andhra Pradesh. The destination attracts visitors seeking authentic regional heritage, architectural grandeur, and picturesque surroundings. It plays an integral role in the cultural landscape and local tourism identity of the region.",Oct-Feb,https://thumb.wikimedia.org/wikipedia/commons/thumb/9/90/Hill_on_Top_of_Nallamalla_Hills_which_is_visible_on_the_way_to_Kadalivanam_which_is_more_than_20_Kms_from_Sri_sailam_temple.jpg/960px-Hill_on_Top_of_Nallamalla_Hills_which_is_visible_on_the_way_to_Kadalivanam_which_is_more_than_20_Kms_from_Sri_sailam_temple.jpg?utm_source=en.wikipedia.org&utm_campaign=api&utm_content=thumbnail
11,Jungle Book & Park,Andhra Pradesh,attraction,13.6109,79.4439,budget,4.1,881,"Jungle Book & Park is a renowned recreation landmark situated in Tirupati, Tirupati district of Andhra Pradesh. The destination attracts visitors seeking authentic regional heritage, architectural grandeur, and picturesque surroundings. It plays an integral role in the cultural landscape and local tourism identity of the region.",Oct-Feb,https://thumb.wikimedia.org/wikipedia/commons/thumb/f/f5/Tenneti_park_as_seen_from_Kailasagiri_%28May_2019%29.jpg/960px-Tenneti_park_as_seen_from_Kailasagiri_%28May_2019%29.jpg?utm_source=en.wikipedia.org&utm_campaign=api&utm_content=thumbnail
12,Kumaradhara Theertham,Andhra Pradesh,attraction,13.728562,79.327734,budget,4.5,1893,"Kumaradhara Theertham is a renowned religious landmark situated in Tirupati, Tirupati district of Andhra Pradesh. The destination attracts visitors seeking authentic regional heritage, architectural grandeur, and picturesque surroundings. It plays an integral role in the cultural landscape and local tourism identity of the region.",Oct-Feb,https://thumb.wikimedia.org/wikipedia/commons/thumb/f/fb/Sunset_at_Godavri.JPG/960px-Sunset_at_Godavri.JPG?utm_source=en.wikipedia.org&utm_campaign=api&utm_content=thumbnail
13,Lepakshi Circle,Andhra Pradesh,attraction,13.63345,79.40175,budget,4.4,3173,"Lepakshi Circle is a renowned cultural landmark situated in Tirupati, Tirupati district of Andhra Pradesh. The destination attracts visitors seeking authentic regional heritage, architectural grandeur, and picturesque surroundings. It plays an integral role in the cultural landscape and local tourism identity of the region.",Oct-Feb,https://thumb.wikimedia.org/wikipedia/commons/thumb/a/a2/Lepakshi_Nandi_Bull.jpg/960px-Lepakshi_Nandi_Bull.jpg
14,Narayanagiri Gardens,Andhra Pradesh,attraction,13.681413,79.342953,budget,4.5,5505,"Narayanagiri Gardens is a renowned recreation landmark situated in Tirupati, Tirupati district of Andhra Pradesh. The destination attracts visitors seeking authentic regional heritage, architectural grandeur, and picturesque surroundings. It plays an integral role in the cultural landscape and local tourism identity of the region.",Oct-Feb,https://thumb.wikimedia.org/wikipedia/commons/thumb/b/bf/Totlakonda_entrance.jpg/960px-Totlakonda_entrance.jpg?utm_source=en.wikipedia.org&utm_campaign=api&utm_content=thumbnail
16,Papavinasam Theertham,Andhra Pradesh,attraction,13.719963,79.344578,budget,4.1,290,"Papavinasam Theertham is a renowned religious landmark situated in Tirupati, Tirupati district of Andhra Pradesh. The destination attracts visitors seeking authentic regional heritage, architectural grandeur, and picturesque surroundings. It plays an integral role in the cultural landscape and local tourism identity of the region.",Oct-Feb,https://thumb.wikimedia.org/wikipedia/commons/thumb/6/65/Thimmamma_Marrimanu_Anantapur_dt_Andhra_JEG9125_%28cropped%29.JPG/960px-Thimmamma_Marrimanu_Anantapur_dt_Andhra_JEG9125_%28cropped%29.JPG?utm_source=en.wikipedia.org&utm_campaign=api&utm_content=thumbnail
17,Prakasam Park,Andhra Pradesh,attraction,13.62745,79.40975,budget,3.9,244,"Prakasam Park is a renowned recreation landmark situated in Tirupati, Tirupati district of Andhra Pradesh. The destination attracts visitors seeking authentic regional heritage, architectural grandeur, and picturesque surroundings. It plays an integral role in the cultural landscape and local tourism identity of the region.",Oct-Feb,https://thumb.wikimedia.org/wikipedia/commons/thumb/1/10/Shivaji_Park_in_Visakhapatnam_city.JPG/960px-Shivaji_Park_in_Visakhapatnam_city.JPG?utm_source=en.wikipedia.org&utm_campaign=api&utm_content=thumbnail
18,Rock Garden.,Andhra Pradesh,attraction,13.685937,79.340859,budget,4.1,1109,"Rock Garden. is a renowned recreation landmark situated in Tirupati, Tirupati district of Andhra Pradesh. The destination attracts visitors seeking authentic regional heritage, architectural grandeur, and picturesque surroundings. It plays an integral role in the cultural landscape and local tourism identity of the region.",Oct-Feb,https://thumb.wikimedia.org/wikipedia/commons/thumb/e/ea/Neophron_percnopterus_-Indira_Gandhi_Zoological_Park%2C_Visakhapatnam%2C_India-8.jpg/960px-Neophron_percnopterus_-Indira_Gandhi_Zoological_Park%2C_Visakhapatnam%2C_India-8.jpg?utm_source=en.wikipedia.org&utm_campaign=api&utm_content=thumbnail
19,Seshachala Vanadarshini Forest Museum,Andhra Pradesh,attraction,13.659562,79.383891,mid,4.5,3069,"Seshachala Vanadarshini Forest Museum is a renowned cultural landmark situated in Tirupati, Tirupati district of Andhra Pradesh. The destination attracts visitors seeking authentic regional heritage, architectural grandeur, and picturesque surroundings. It plays an integral role in the cultural landscape and local tourism identity of the region.",Oct-Mar,https://thumb.wikimedia.org/wikipedia/commons/thumb/9/98/TU-142_Aircraft_Model.jpg/960px-TU-142_Aircraft_Model.jpg?utm_source=en.wikipedia.org&utm_campaign=api&utm_content=thumbnail
20,Silathoranam Garden,Andhra Pradesh,attraction,13.60985,79.43655,budget,4.3,1342,"Silathoranam Garden is a renowned recreation landmark situated in Tirupati, Tirupati district of Andhra Pradesh. The destination attracts visitors seeking authentic regional heritage, architectural grandeur, and picturesque surroundings. It plays an integral role in the cultural landscape and local tourism identity of the region.",Oct-Feb,https://thumb.wikimedia.org/wikipedia/commons/thumb/c/c2/Lumbini_Park%2C_Hyderabad.jpg/960px-Lumbini_Park%2C_Hyderabad.jpg?utm_source=en.wikipedia.org&utm_campaign=api&utm_content=thumbnail
21,"Sri Anjaneyaswami Mandir, Tirumala Tirupati",Andhra Pradesh,attraction,13.659913,79.384016,budget,4.4,1183,"Sri Anjaneyaswami Mandir, Tirumala Tirupati is a renowned religious landmark situated in Tirupati, Tirupati district of Andhra Pradesh. The destination attracts visitors seeking authentic regional heritage, architectural grandeur, and picturesque surroundings. It plays an integral role in the cultural landscape and local tourism identity of the region.",Oct-Feb,https://thumb.wikimedia.org/wikipedia/commons/thumb/4/4e/Tirumala_Venkateswara_Temple_Ananda_Nilayam.jpg/960px-Tirumala_Venkateswara_Temple_Ananda_Nilayam.jpg
22,Sri Babu Jagjivanram park,Andhra Pradesh,attraction,13.618437,79.425016,budget,4.1,633,"Sri Babu Jagjivanram park is a renowned recreation landmark situated in Tirupati, Tirupati district of Andhra Pradesh. The destination attracts visitors seeking authentic regional heritage, architectural grandeur, and picturesque surroundings. It plays an integral role in the cultural landscape and local tourism identity of the region.",Oct-Feb,https://thumb.wikimedia.org/wikipedia/commons/thumb/e/ea/Neophron_percnopterus_-Indira_Gandhi_Zoological_Park%2C_Visakhapatnam%2C_India-8.jpg/960px-Neophron_percnopterus_-Indira_Gandhi_Zoological_Park%2C_Visakhapatnam%2C_India-8.jpg?utm_source=en.wikipedia.org&utm_campaign=api&utm_content=thumbnail
23,Sri Bedi Anjaneya Swamy Temple,Andhra Pradesh,attraction,13.683463,79.349172,budget,4.2,2107,"Sri Bedi Anjaneya Swamy Temple is a renowned religious landmark situated in Tirupati, Tirupati district of Andhra Pradesh. The destination attracts visitors seeking authentic regional heritage, architectural grandeur, and picturesque surroundings. It plays an integral role in the cultural landscape and local tourism identity of the region.",Oct-Mar,https://thumb.wikimedia.org/wikipedia/commons/thumb/9/98/Sri_Kala_Hasti.jpg/960px-Sri_Kala_Hasti.jpg?utm_source=en.wikipedia.org&utm_campaign=api&utm_content=thumbnail
24,Sri Kapileswara Swamy Temple | Tirupati,Andhra Pradesh,attraction,13.656212,79.421234,budget,4.7,6111,"Sri Kapileswara Swamy Temple | Tirupati is a renowned religious landmark situated in Tirupati, Tirupati district of Andhra Pradesh. The destination attracts visitors seeking authentic regional heritage, architectural grandeur, and picturesque surroundings. It plays an integral role in the cultural landscape and local tourism identity of the region.",Oct-Mar,https://thumb.wikimedia.org/wikipedia/commons/thumb/4/4e/Tirumala_Venkateswara_Temple_Ananda_Nilayam.jpg/960px-Tirumala_Venkateswara_Temple_Ananda_Nilayam.jpg
25,Sri Padmavathi Park,Andhra Pradesh,attraction,13.618562,79.421766,budget,4.1,453,"Sri Padmavathi Park is a renowned recreation landmark situated in Tirupati, Tirupati district of Andhra Pradesh. The destination attracts visitors seeking authentic regional heritage, architectural grandeur, and picturesque surroundings. It plays an integral role in the cultural landscape and local tourism identity of the region.",Oct-Feb,https://thumb.wikimedia.org/wikipedia/commons/thumb/f/f5/Tenneti_park_as_seen_from_Kailasagiri_%28May_2019%29.jpg/960px-Tenneti_park_as_seen_from_Kailasagiri_%28May_2019%29.jpg?utm_source=en.wikipedia.org&utm_campaign=api&utm_content=thumbnail
26,"Sri Prasanna Venkateswara Swamy Temple, Appalayagunta",Andhra Pradesh,attraction,13.6322,79.443,budget,4.6,8066,"Sri Prasanna Venkateswara Swamy Temple, Appalayagunta is a renowned religious landmark situated in Tirupati, Tirupati district of Andhra Pradesh. The destination attracts visitors seeking authentic regional heritage, architectural grandeur, and picturesque surroundings. It plays an integral role in the cultural landscape and local tourism identity of the region.",Oct-Mar,https://thumb.wikimedia.org/wikipedia/commons/thumb/4/4e/Tirumala_Venkateswara_Temple_Ananda_Nilayam.jpg/960px-Tirumala_Venkateswara_Temple_Ananda_Nilayam.jpg
27,Sri Siva Nagendra Swami Temple,Andhra Pradesh,attraction,13.645737,79.418984,budget,4.2,3409,"Sri Siva Nagendra Swami Temple is a renowned religious landmark situated in Tirupati, Tirupati district of Andhra Pradesh. The destination attracts visitors seeking authentic regional heritage, architectural grandeur, and picturesque surroundings. It plays an integral role in the cultural landscape and local tourism identity of the region.",Oct-Mar,https://thumb.wikimedia.org/wikipedia/commons/thumb/0/0d/Arasavilli_Sri_Suryanarayanamurty_Temple_of_Srikakulam%2C_Andhra_Pradesh_%283%29.jpg/960px-Arasavilli_Sri_Suryanarayanamurty_Temple_of_Srikakulam%2C_Andhra_Pradesh_%283%29.jpg?utm_source=en.wikipedia.org&utm_campaign=api&utm_content=thumbnail
28,Sri Venkateshwara Temple,Andhra Pradesh,attraction,13.631213,79.422234,budget,4.2,862,"Sri Venkateshwara Temple is a renowned religious landmark situated in Tirupati, Tirupati district of Andhra Pradesh. The destination attracts visitors seeking authentic regional heritage, architectural grandeur, and picturesque surroundings. It plays an integral role in the cultural landscape and local tourism identity of the region.",Oct-Mar,https://thumb.wikimedia.org/wikipedia/commons/thumb/7/7a/Draksharama_temple%2C_Draksharamam.jpg/960px-Draksharama_temple%2C_Draksharamam.jpg?utm_source=en.wikipedia.org&utm_campaign=api&utm_content=thumbnail
29,Sri Venkateswara Dhyana Jnana Mandiram,Andhra Pradesh,attraction,13.680238,79.346984,budget,4.1,315,"Sri Venkateswara Dhyana Jnana Mandiram is a renowned cultural landmark situated in Tirupati, Tirupati district of Andhra Pradesh. The destination attracts visitors seeking authentic regional heritage, architectural grandeur, and picturesque surroundings. It plays an integral role in the cultural landscape and local tourism identity of the region.",Oct-Feb,https://thumb.wikimedia.org/wikipedia/commons/thumb/4/4e/Tirumala_Venkateswara_Temple_Ananda_Nilayam.jpg/960px-Tirumala_Venkateswara_Temple_Ananda_Nilayam.jpg
30,Sri Venkateswara Swamy Temple,Andhra Pradesh,attraction,13.63255,79.39545,budget,4.8,14975,"Sri Venkateswara Swamy Temple is a renowned religious landmark situated in Tirupati, Tirupati district of Andhra Pradesh. The destination attracts visitors seeking authentic regional heritage, architectural grandeur, and picturesque surroundings. It plays an integral role in the cultural landscape and local tourism identity of the region.",Oct-Mar,https://thumb.wikimedia.org/wikipedia/commons/thumb/4/4e/Tirumala_Venkateswara_Temple_Ananda_Nilayam.jpg/960px-Tirumala_Venkateswara_Temple_Ananda_Nilayam.jpg
31,Sri Venugopala Swamy Temple,Andhra Pradesh,attraction,13.703038,79.344859,budget,4.1,1101,"Sri Venugopala Swamy Temple is a renowned religious landmark situated in Tirupati, Tirupati district of Andhra Pradesh. The destination attracts visitors seeking authentic regional heritage, architectural grandeur, and picturesque surroundings. It plays an integral role in the cultural landscape and local tourism identity of the region.",Oct-Mar,https://upload.wikimedia.org/wikipedia/commons/b/b4/Tadpatri%2C_Andhra_Pradesh_ruins_of_Ramalingeshvara_Hindu_temple%2C_1868_photo.jpg?utm_source=en.wikipedia.org&utm_campaign=api&utm_content=thumbnail_unscaled
32,Srivari Paadaalu,Andhra Pradesh,attraction,13.679488,79.333078,budget,4.2,3297,"Srivari Paadaalu is a renowned religious landmark situated in Tirupati, Tirupati district of Andhra Pradesh. The destination attracts visitors seeking authentic regional heritage, architectural grandeur, and picturesque surroundings. It plays an integral role in the cultural landscape and local tourism identity of the region.",Oct-Feb,https://thumb.wikimedia.org/wikipedia/commons/thumb/f/fb/Sunset_at_Godavri.JPG/960px-Sunset_at_Godavri.JPG?utm_source=en.wikipedia.org&utm_campaign=api&utm_content=thumbnail
33,Swami Pushkarini,Andhra Pradesh,attraction,13.684387,79.347891,budget,4.7,5061,"Swami Pushkarini is a renowned religious landmark situated in Tirupati, Tirupati district of Andhra Pradesh. The destination attracts visitors seeking authentic regional heritage, architectural grandeur, and picturesque surroundings. It plays an integral role in the cultural landscape and local tourism identity of the region.",Oct-Feb,https://thumb.wikimedia.org/wikipedia/commons/thumb/1/1a/View_of_Swami_Pushkarni_of_Tirumala_at_Daytime.jpg/960px-View_of_Swami_Pushkarni_of_Tirumala_at_Daytime.jpg?utm_source=en.wikipedia.org&utm_campaign=api&utm_content=thumbnail
34,Tirumala Chakratheertham,Andhra Pradesh,attraction,13.688413,79.340172,budget,4.5,7843,"Tirumala Chakratheertham is a renowned religious landmark situated in Tirupati, Tirupati district of Andhra Pradesh. The destination attracts visitors seeking authentic regional heritage, architectural grandeur, and picturesque surroundings. It plays an integral role in the cultural landscape and local tourism identity of the region.",Oct-Feb,https://thumb.wikimedia.org/wikipedia/commons/thumb/4/4e/Tirumala_Venkateswara_Temple_Ananda_Nilayam.jpg/960px-Tirumala_Venkateswara_Temple_Ananda_Nilayam.jpg
35,Tirumala Deer Park Reserve,Andhra Pradesh,attraction,13.658713,79.389141,budget,4.8,28615,"Tirumala Deer Park Reserve is a renowned wildlife landmark situated in Tirupati, Tirupati district of Andhra Pradesh. The destination attracts visitors seeking authentic regional heritage, architectural grandeur, and picturesque surroundings. It plays an integral role in the cultural landscape and local tourism identity of the region.",Oct-Feb,https://thumb.wikimedia.org/wikipedia/commons/thumb/4/4e/Tirumala_Venkateswara_Temple_Ananda_Nilayam.jpg/960px-Tirumala_Venkateswara_Temple_Ananda_Nilayam.jpg
36,Tirumala View Point,Andhra Pradesh,attraction,13.639837,79.365641,budget,4.7,6306,"Tirumala View Point is a renowned nature landmark situated in Tirupati, Tirupati district of Andhra Pradesh. The destination attracts visitors seeking authentic regional heritage, architectural grandeur, and picturesque surroundings. It plays an integral role in the cultural landscape and local tourism identity of the region.",Oct-Feb,https://thumb.wikimedia.org/wikipedia/commons/thumb/4/4e/Tirumala_Venkateswara_Temple_Ananda_Nilayam.jpg/960px-Tirumala_Venkateswara_Temple_Ananda_Nilayam.jpg
37,View Point of Jungle Book,Andhra Pradesh,attraction,13.653388,79.418203,budget,4.4,710,"View Point of Jungle Book is a renowned nature landmark situated in Tirupati, Tirupati district of Andhra Pradesh. The destination attracts visitors seeking authentic regional heritage, architectural grandeur, and picturesque surroundings. It plays an integral role in the cultural landscape and local tourism identity of the region.",Oct-Feb,https://thumb.wikimedia.org/wikipedia/commons/thumb/e/e4/Horsley_Hills.jpg/960px-Horsley_Hills.jpg?utm_source=en.wikipedia.org&utm_campaign=imageinfo&utm_content=thumbnail
38,Appikonda Beach,Andhra Pradesh,attraction,17.585013,83.197172,budget,4.2,3304,"Appikonda Beach is a renowned nature landmark situated in Visakhapatnam, Visakhapatnam district of Andhra Pradesh. The destination attracts visitors seeking authentic regional heritage, architectural grandeur, and picturesque surroundings. It plays an integral role in the cultural landscape and local tourism identity of the region.",Oct-Feb,https://thumb.wikimedia.org/wikipedia/commons/thumb/4/42/Man_Made_Island_near_Bhavani_Island.jpg/960px-Man_Made_Island_near_Bhavani_Island.jpg?utm_source=en.wikipedia.org&utm_campaign=api&utm_content=thumbnail
39,Beach View Point,Andhra Pradesh,attraction,17.662888,83.283859,budget,4.5,5154,"Beach View Point is a renowned nature landmark situated in Visakhapatnam, Visakhapatnam district of Andhra Pradesh. The destination attracts visitors seeking authentic regional heritage, architectural grandeur, and picturesque surroundings. It plays an integral role in the cultural landscape and local tourism identity of the region.",Oct-Feb,https://thumb.wikimedia.org/wikipedia/commons/thumb/c/ce/Mypadu_Beach.jpg/960px-Mypadu_Beach.jpg?utm_source=en.wikipedia.org&utm_campaign=api&utm_content=thumbnail
40,Dr Y S Rajasekhar Reddy Central park,Andhra Pradesh,attraction,17.7071,83.2106,budget,4.5,22555,"Dr Y S Rajasekhar Reddy Central park is a renowned recreation landmark situated in Visakhapatnam, Visakhapatnam district of Andhra Pradesh. The destination attracts visitors seeking authentic regional heritage, architectural grandeur, and picturesque surroundings. It plays an integral role in the cultural landscape and local tourism identity of the region.",Oct-Feb,https://thumb.wikimedia.org/wikipedia/commons/thumb/e/ea/Neophron_percnopterus_-Indira_Gandhi_Zoological_Park%2C_Visakhapatnam%2C_India-8.jpg/960px-Neophron_percnopterus_-Indira_Gandhi_Zoological_Park%2C_Visakhapatnam%2C_India-8.jpg?utm_source=en.wikipedia.org&utm_campaign=api&utm_content=thumbnail
41,Gokul Park,Andhra Pradesh,attraction,17.68995,83.24055,budget,4.4,563,"Gokul Park is a renowned recreation landmark situated in Visakhapatnam, Visakhapatnam district of Andhra Pradesh. The destination attracts visitors seeking authentic regional heritage, architectural grandeur, and picturesque surroundings. It plays an integral role in the cultural landscape and local tourism identity of the region.",Oct-Feb,https://thumb.wikimedia.org/wikipedia/commons/thumb/c/c2/Lumbini_Park%2C_Hyderabad.jpg/960px-Lumbini_Park%2C_Hyderabad.jpg?utm_source=en.wikipedia.org&utm_campaign=api&utm_content=thumbnail
42,Hawa Mahal,Andhra Pradesh,attraction,17.707387,83.311828,budget,4.4,101293,"Hawa Mahal is a renowned cultural landmark situated in Visakhapatnam, Visakhapatnam district of Andhra Pradesh. The destination attracts visitors seeking authentic regional heritage, architectural grandeur, and picturesque surroundings. It plays an integral role in the cultural landscape and local tourism identity of the region.",Oct-Feb,https://thumb.wikimedia.org/wikipedia/commons/thumb/c/cf/Hawa_Mahal%2C_Visakhapatnam.jpg/960px-Hawa_Mahal%2C_Visakhapatnam.jpg
43,Kailasgiri Park,Andhra Pradesh,attraction,17.749887,83.340203,budget,4.5,2369,"Kailasgiri Park is a renowned recreation landmark situated in Visakhapatnam, Visakhapatnam district of Andhra Pradesh. The destination attracts visitors seeking authentic regional heritage, architectural grandeur, and picturesque surroundings. It plays an integral role in the cultural landscape and local tourism identity of the region.",Oct-Feb,https://thumb.wikimedia.org/wikipedia/commons/thumb/e/ea/Neophron_percnopterus_-Indira_Gandhi_Zoological_Park%2C_Visakhapatnam%2C_India-8.jpg/960px-Neophron_percnopterus_-Indira_Gandhi_Zoological_Park%2C_Visakhapatnam%2C_India-8.jpg?utm_source=en.wikipedia.org&utm_campaign=api&utm_content=thumbnail
44,Lawsons Bay Beach Park,Andhra Pradesh,attraction,17.6791,83.2146,budget,3.9,1327,"Lawsons Bay Beach Park is a renowned recreation landmark situated in Visakhapatnam, Visakhapatnam district of Andhra Pradesh. The destination attracts visitors seeking authentic regional heritage, architectural grandeur, and picturesque surroundings. It plays an integral role in the cultural landscape and local tourism identity of the region.",Oct-Feb,https://thumb.wikimedia.org/wikipedia/commons/thumb/a/a5/RK_Beach_Night.jpg/960px-RK_Beach_Night.jpg?utm_source=en.wikipedia.org&utm_campaign=api&utm_content=thumbnail
45,Lumbini Park,Andhra Pradesh,attraction,17.741263,83.344141,budget,4.8,2920,"Lumbini Park is a renowned recreation landmark situated in Visakhapatnam, Visakhapatnam district of Andhra Pradesh. The destination attracts visitors seeking authentic regional heritage, architectural grandeur, and picturesque surroundings. It plays an integral role in the cultural landscape and local tourism identity of the region.",Oct-Feb,https://thumb.wikimedia.org/wikipedia/commons/thumb/c/c2/Lumbini_Park%2C_Hyderabad.jpg/960px-Lumbini_Park%2C_Hyderabad.jpg?utm_source=en.wikipedia.org&utm_campaign=api&utm_content=thumbnail
46,Ross Hill Church,Andhra Pradesh,attraction,17.690438,83.287109,budget,4.0,540,"Ross Hill Church is a renowned religious landmark situated in Visakhapatnam, Visakhapatnam district of Andhra Pradesh. The destination attracts visitors seeking authentic regional heritage, architectural grandeur, and picturesque surroundings. It plays an integral role in the cultural landscape and local tourism identity of the region.",Oct-Feb,https://thumb.wikimedia.org/wikipedia/commons/thumb/f/ff/Basilica_of_Bom_Jesus%2C_Goa_2.jpg/960px-Basilica_of_Bom_Jesus%2C_Goa_2.jpg?utm_source=commons.wikimedia.org&utm_campaign=imageinfo&utm_content=thumbnail
47,Sivaji Park,Andhra Pradesh,attraction,17.6741,83.2296,budget,4.6,7572,"Sivaji Park is a renowned recreation landmark situated in Visakhapatnam, Visakhapatnam district of Andhra Pradesh. The destination attracts visitors seeking authentic regional heritage, architectural grandeur, and picturesque surroundings. It plays an integral role in the cultural landscape and local tourism identity of the region.",Oct-Feb,https://thumb.wikimedia.org/wikipedia/commons/thumb/1/10/Shivaji_Park_in_Visakhapatnam_city.JPG/960px-Shivaji_Park_in_Visakhapatnam_city.JPG?utm_source=en.wikipedia.org&utm_campaign=api&utm_content=thumbnail
48,Sri Varahalakshmi Narasimha Swamy Vari Devasthanam,Andhra Pradesh,attraction,17.766362,83.250547,budget,4.9,14749,"Sri Varahalakshmi Narasimha Swamy Vari Devasthanam is a renowned religious landmark situated in Visakhapatnam, Visakhapatnam district of Andhra Pradesh. The destination attracts visitors seeking authentic regional heritage, architectural grandeur, and picturesque surroundings. It plays an integral role in the cultural landscape and local tourism identity of the region.",Oct-Feb,https://thumb.wikimedia.org/wikipedia/commons/thumb/0/0d/Arasavilli_Sri_Suryanarayanamurty_Temple_of_Srikakulam%2C_Andhra_Pradesh_%283%29.jpg/960px-Arasavilli_Sri_Suryanarayanamurty_Temple_of_Srikakulam%2C_Andhra_Pradesh_%283%29.jpg?utm_source=en.wikipedia.org&utm_campaign=api&utm_content=thumbnail
49,Tenneti Park,Andhra Pradesh,attraction,17.748438,83.349547,budget,4.9,27111,"Tenneti Park is a renowned recreation landmark situated in Visakhapatnam, Visakhapatnam district of Andhra Pradesh. The destination attracts visitors seeking authentic regional heritage, architectural grandeur, and picturesque surroundings. It plays an integral role in the cultural landscape and local tourism identity of the region.",Oct-Feb,https://thumb.wikimedia.org/wikipedia/commons/thumb/f/f5/Tenneti_park_as_seen_from_Kailasagiri_%28May_2019%29.jpg/960px-Tenneti_park_as_seen_from_Kailasagiri_%28May_2019%29.jpg?utm_source=en.wikipedia.org&utm_campaign=api&utm_content=thumbnail
50,Tenneti Sea View Point,Andhra Pradesh,attraction,17.748513,83.349953,budget,4.1,1268,"Tenneti Sea View Point is a renowned nature landmark situated in Visakhapatnam, Visakhapatnam district of Andhra Pradesh. The destination attracts visitors seeking authentic regional heritage, architectural grandeur, and picturesque surroundings. It plays an integral role in the cultural landscape and local tourism identity of the region.",Oct-Feb,https://thumb.wikimedia.org/wikipedia/commons/thumb/a/a5/RK_Beach_Night.jpg/960px-RK_Beach_Night.jpg?utm_source=en.wikipedia.org&utm_campaign=api&utm_content=thumbnail
51,Thotlakonda,Andhra Pradesh,attraction,17.828512,83.409172,budget,4.0,668,"Thotlakonda is a renowned cultural landmark situated in Visakhapatnam, Visakhapatnam district of Andhra Pradesh. The destination attracts visitors seeking authentic regional heritage, architectural grandeur, and picturesque surroundings. It plays an integral role in the cultural landscape and local tourism identity of the region.",Oct-Feb,https://thumb.wikimedia.org/wikipedia/commons/thumb/b/bf/Totlakonda_entrance.jpg/960px-Totlakonda_entrance.jpg?utm_source=en.wikipedia.org&utm_campaign=api&utm_content=thumbnail
52,Visakha Museum,Andhra Pradesh,attraction,17.66595,83.22255,mid,4.4,2160,"Visakha Museum is a renowned cultural landmark situated in Visakhapatnam, Visakhapatnam district of Andhra Pradesh. The destination attracts visitors seeking authentic regional heritage, architectural grandeur, and picturesque surroundings. It plays an integral role in the cultural landscape and local tourism identity of the region.",Oct-Mar,https://thumb.wikimedia.org/wikipedia/commons/thumb/6/6e/Visakha_Museum.JPG/960px-Visakha_Museum.JPG?utm_source=en.wikipedia.org&utm_campaign=api&utm_content=thumbnail
53,VMRDA PARK,Andhra Pradesh,attraction,17.6958,83.2315,budget,4.9,25500,"VMRDA PARK is a renowned recreation landmark situated in Visakhapatnam, Visakhapatnam district of Andhra Pradesh. The destination attracts visitors seeking authentic regional heritage, architectural grandeur, and picturesque surroundings. It plays an integral role in the cultural landscape and local tourism identity of the region.",Oct-Feb,https://thumb.wikimedia.org/wikipedia/commons/thumb/e/ea/Neophron_percnopterus_-Indira_Gandhi_Zoological_Park%2C_Visakhapatnam%2C_India-8.jpg/960px-Neophron_percnopterus_-Indira_Gandhi_Zoological_Park%2C_Visakhapatnam%2C_India-8.jpg?utm_source=en.wikipedia.org&utm_campaign=api&utm_content=thumbnail
54,VMRDA-Kailasagiri,Andhra Pradesh,attraction,17.748938,83.342141,budget,4.5,11989,"VMRDA-Kailasagiri is a renowned religious landmark situated in Visakhapatnam, Visakhapatnam district of Andhra Pradesh. The destination attracts visitors seeking authentic regional heritage, architectural grandeur, and picturesque surroundings. It plays an integral role in the cultural landscape and local tourism identity of the region.",Oct-Feb,https://thumb.wikimedia.org/wikipedia/commons/thumb/4/4c/Upper_Ahobilam_temple_Gopuram_02.jpg/960px-Upper_Ahobilam_temple_Gopuram_02.jpg?utm_source=en.wikipedia.org&utm_campaign=api&utm_content=thumbnail
55,Borra Caves Araku Valley,Andhra Pradesh,attraction,18.280556,83.038889,budget,4.6,24609,"Discovered in 1807 by William King of the GSI, situated at 2,300 to 2,600 feet in the Ananthagiri hills of Araku Valley, one of India's largest and deepest limestone karst caves, descending 80 meters with million-year-old stalactites and stalagmites.",Oct-Feb,https://thumb.wikimedia.org/wikipedia/commons/thumb/d/d4/Borra_caves%2C_Viskhapatnam.jpg/960px-Borra_caves%2C_Viskhapatnam.jpg?utm_source=en.wikipedia.org&utm_campaign=api&utm_content=thumbnail
56,Lambasingi,Andhra Pradesh,attraction,17.81818,82.49272,budget,3.9,1275,"Lambasingi, nestled in the Western Ghats, is a quaint hill station in the Vizag district of Andhra Pradesh. Known as the 'Kashmir of Andhra Pradesh' due to its misty weather, Lambasingi offers a unique trekking experience amidst rolling hills, lush coffee plantations, and picturesque scenery. The destination is a must-visit for nature lovers, adventure seekers, and those looking to escape the chaos of city life.",Oct-Feb,https://thumb.wikimedia.org/wikipedia/commons/thumb/9/91/Valley_near_lambasinghi.jpg/960px-Valley_near_lambasinghi.jpg?utm_source=en.wikipedia.org&utm_campaign=api&utm_content=thumbnail
57,Maredumilli,Andhra Pradesh,attraction,17.5989,81.7121,budget,4.7,8140,"Tucked away in the Eastern Ghats, Maredumilli is a lesser-known gem in Andhra Pradesh that beckons adventure-seekers and nature lovers alike. This picturesque trekking destination is home to lush forests, rolling hills, and an array of wildlife. With its moderate climate and stunning scenery, Maredumilli offers a unique opportunity for trekking enthusiasts to explore the untamed beauty of the Indian wilderness.",Oct-Feb,https://thumb.wikimedia.org/wikipedia/commons/thumb/0/04/Maredumilli.jpg/960px-Maredumilli.jpg?utm_source=en.wikipedia.org&utm_campaign=api&utm_content=thumbnail
58,Papikondalu Hills & Godavari River Cruise,Andhra Pradesh,attraction,17.55,81.52,mid,4.7,11037,"A magnificent scenic gorge where the sacred Godavari River narrows to just a few hundred meters as it carves through towering green hills of the Eastern Ghats, famous for full-day passenger cruise boat journeys from Rajahmundry/Polavaram.",Oct-Feb,https://thumb.wikimedia.org/wikipedia/commons/thumb/d/d5/Dowleswaram_Barrage.jpg/960px-Dowleswaram_Barrage.jpg?utm_source=en.wikipedia.org&utm_campaign=api&utm_content=thumbnail
59,Horsley Hills,Andhra Pradesh,attraction,13.65087,78.39653,budget,4.3,2224,"Horsley Hills is a picturesque hill station nestled in the eastern part of Andhra Pradesh, approximately 260 kilometers from the state capital, Amaravati. This enchanting destination offers a unique blend of natural beauty, tranquility, and excitement, making it an ideal getaway for nature lovers and adventure seekers. With its lush green forests, rolling hills, and scenic valleys, Horsley Hills provides an idyllic setting for relaxation, exploration, and rejuvenation. The region's rich biodiversity is home to a variety of flora and fauna, including rare species of trees, birds, and animals. Visitors can indulge in a range of activities, such as nature walks, bird watching, and photography, making the most of their vacation in this breathtaking hill station.",Oct-Feb,https://thumb.wikimedia.org/wikipedia/commons/thumb/e/e4/Horsley_Hills.jpg/960px-Horsley_Hills.jpg?utm_source=en.wikipedia.org&utm_campaign=imageinfo&utm_content=thumbnail
60,Coringa Wildlife Sanctuary,Andhra Pradesh,attraction,16.83139,82.33667,budget,3.9,156,"Located on the scenic banks of the Godavari River, Coringa Wildlife Sanctuary in Andhra Pradesh is an idyllic retreat for nature enthusiasts. Spanning over 235 square kilometers, this majestic protected area is home to an incredible array of wildlife, including the majestic spotted deer, sleek black buck, and vibrant resident bird species. The sanctuary is also known for its diverse flora, with a mix of deciduous and evergreen forests, making it a haven for nature walks, bird watching, and scenic photography opportunities. Visitors can embark on guided nature walks, trekking expeditions, or opt for a relaxing stay amidst the lush green surroundings, immersing themselves in the tranquility of the wilderness.",Oct-Feb,https://thumb.wikimedia.org/wikipedia/commons/thumb/9/9e/Coringa_Wildlife_Sanctuary_1.jpg/960px-Coringa_Wildlife_Sanctuary_1.jpg?utm_source=en.wikipedia.org&utm_campaign=api&utm_content=thumbnail
61,Hope Island,Andhra Pradesh,attraction,16.92362,82.36267,budget,4.1,1135,"Hope Island, situated off the coast of Andhra Pradesh, is an idyllic beach destination known for its stunning coral reefs and mangrove forests. The island's picturesque landscape of palm-fringed shores and clear blue waters makes it a perfect getaway for beach lovers, offering opportunities for various activities such as swimming, sunbathing, and scenic boat rides. Home to the beautiful Hope Island Beach, this gem in the Bay of Bengal is a haven for tourists and nature enthusiasts alike.",Oct-Feb,https://thumb.wikimedia.org/wikipedia/commons/thumb/4/42/Man_Made_Island_near_Bhavani_Island.jpg/960px-Man_Made_Island_near_Bhavani_Island.jpg?utm_source=en.wikipedia.org&utm_campaign=api&utm_content=thumbnail
62,Orvakal Rock Garden,Andhra Pradesh,attraction,15.69184,78.15177,budget,4.6,5420,"Nestled amidst the majestic Kurnool limestone hills, the Orvakal Rock Garden offers an unparalleled trekking experience for nature enthusiasts and adventure seekers. The 3km stretch of rocky terrain features a variety of flora and fauna, providing an immersive experience in the heart of Andhra Pradesh's natural beauty. With its rich history, Orvakal Rock Garden stands as a testament to the region's pre-historic past, showcasing cave paintings and fossils of marine animals and reptiles that date back to the Jurassic period. Visitors can explore the scenic beauty, engage in bird watching, or try their hand at rock climbing and camping under the stars.",Oct-Feb,https://thumb.wikimedia.org/wikipedia/commons/thumb/e/ea/Neophron_percnopterus_-Indira_Gandhi_Zoological_Park%2C_Visakhapatnam%2C_India-8.jpg/960px-Neophron_percnopterus_-Indira_Gandhi_Zoological_Park%2C_Visakhapatnam%2C_India-8.jpg?utm_source=en.wikipedia.org&utm_campaign=api&utm_content=thumbnail
63,Belum Caves,Andhra Pradesh,attraction,15.102778,78.111667,budget,4.9,18377,"Formed over tens of thousands of years by the subterranean flow of the Chitravati River, the second largest and longest cave system in the Indian subcontinent, descending to depths of 150 feet (Pataalaganga) with caverns, stalactites, stalagmites, and Buddhist relics.",Oct-Feb,https://thumb.wikimedia.org/wikipedia/commons/thumb/6/6d/Belumcave1.jpg/960px-Belumcave1.jpg?utm_source=en.wikipedia.org&utm_campaign=api&utm_content=thumbnail
64,Mallikarjuna Swamy Temple Srisailam,Andhra Pradesh,attraction,16.074444,78.868333,budget,4.8,8239,"Perched on a flat top of the Nallamala hills on the south bank of the Krishna River, one of only three sacred shrines in India that is simultaneously a holy Shiva Jyotirlinga and an ancient Shakti Peetha (Bhramaramba Devi).",Oct-Mar,https://thumb.wikimedia.org/wikipedia/commons/thumb/e/e0/Srisailam_Temple_Gopuram.jpg/960px-Srisailam_Temple_Gopuram.jpg
65,Nallamala Forest (Nagarjunsagar-Srisailam Tiger Reserve),Andhra Pradesh,attraction,15.994738,78.515367,budget,4.9,21584,"Spanning over 3,500 square kilometers across the rugged Nallamala Hills of the Eastern Ghats, India's largest tiger reserve protecting dense dry deciduous forests, leopards, Bengal tigers, and Chenchu tribal hamlets.",Oct-Feb,https://thumb.wikimedia.org/wikipedia/commons/thumb/e/e0/Srisailam_Temple_Gopuram.jpg/960px-Srisailam_Temple_Gopuram.jpg
66,Srisailam Dam and Reservoir,Andhra Pradesh,attraction,16.087678,78.900071,budget,4.9,10802,"A massive 512-meter long and 145-meter high gravity dam constructed across the deep rocky gorge of the Krishna River, forming India's second largest capacity hydroelectric reservoir.",Oct-Feb,https://thumb.wikimedia.org/wikipedia/commons/thumb/e/e0/Srisailam_Temple_Gopuram.jpg/960px-Srisailam_Temple_Gopuram.jpg
67,Kondapalli Fort,Andhra Pradesh,attraction,16.62505,80.53052,mid,4.4,2077,"Located amidst lush green forests and verdant hills, Kondapalli Fort has stood the test of time since its construction in the 13th century. This ancient fort has witnessed numerous battles and has been ruled by various dynasties, making it a rich and intriguing piece of Indian history. With its stunning architecture and scenic surroundings, Kondapalli Fort is a haven for nature lovers and history buffs alike. As you walk through the intricately carved gates and explore the crumbling walls, you'll be transported to an era of opulence and grandeur. With its serene ambiance, Kondapalli Fort offers the perfect blend of culture, history, and adventure.",Oct-Feb,https://upload.wikimedia.org/wikipedia/commons/5/5a/Vijayawada-Kondapalli_Quilla.jpg?utm_source=en.wikipedia.org&utm_campaign=api&utm_content=thumbnail_unscaled
68,Kanaka Durga Temple Vijayawada,Andhra Pradesh,attraction,16.516667,80.616667,budget,4.9,11962,"Perched atop the Indrakeeladri hill overlooking the sacred Krishna River and Prakasham Barrage, an ancient self-manifested (Swayambhu) temple of Goddess Kanaka Durga in her eight-armed golden fierce form as Mahishasuramardini.",Oct-Mar,https://thumb.wikimedia.org/wikipedia/commons/thumb/9/98/Sri_Kala_Hasti.jpg/960px-Sri_Kala_Hasti.jpg?utm_source=en.wikipedia.org&utm_campaign=api&utm_content=thumbnail
69,Lepakshi Veerabhadra Temple & Hanging Pillar,Andhra Pradesh,attraction,13.804167,77.608056,budget,4.7,17092,"Constructed in 1530 CE by Virupanna Nayaka atop the Kurma Saila (tortoise-shaped hill), an architectural masterpiece renowned for its mysterious Hanging Pillar that does not touch the ground, Asia's largest single-stone monolithic Nandi bull, and ceiling frescoes.",Oct-Mar,https://thumb.wikimedia.org/wikipedia/commons/thumb/a/a2/Lepakshi_Nandi_Bull.jpg/960px-Lepakshi_Nandi_Bull.jpg
70,Talakona Waterfall,Andhra Pradesh,attraction,13.81166,79.21578,budget,4.2,2862,"Talakona Waterfall, located in the dense forests of the Eastern Ghats of Andhra Pradesh, is a breathtaking spectacle that never fails to mesmerize its visitors. The waterfall stands at an impressive height of 270 feet, plummeting into a serene pool below. As a haven for nature lovers and adventure seekers alike, Talakona Waterfall offers an unforgettable experience, surrounded by lush green forests, verdant meadows, and diverse wildlife.",Jul-Oct,https://thumb.wikimedia.org/wikipedia/commons/thumb/9/96/Katiki_Waterfalls.jpg/960px-Katiki_Waterfalls.jpg?utm_source=en.wikipedia.org&utm_campaign=api&utm_content=thumbnail
71,INS Kursura Submarine Museum Visakhapatnam,Andhra Pradesh,attraction,17.716667,83.333333,mid,4.9,20142,"A decommissioned Soviet-built Kalvari-class diesel-electric submarine that played a decisive role in the 1971 Indo-Pak war, preserved directly on the sands of RK Beach, recognized as South Asia's first submarine museum.",Oct-Mar,https://thumb.wikimedia.org/wikipedia/commons/thumb/9/98/TU-142_Aircraft_Model.jpg/960px-TU-142_Aircraft_Model.jpg?utm_source=en.wikipedia.org&utm_campaign=api&utm_content=thumbnail
72,Kailasagiri Hill Park Visakhapatnam,Andhra Pradesh,attraction,17.75,83.34,budget,4.7,6206,"Sprawling across 380 acres atop a 360-foot hill overlooking the Bay of Bengal, an iconic urban park featuring monumental 40-foot white statues of Lord Shiva and Goddess Parvati, a circular toy train, floral clock, and a passenger aerial ropeway ascending from the coast.",Oct-Feb,https://thumb.wikimedia.org/wikipedia/commons/thumb/c/c2/Lumbini_Park%2C_Hyderabad.jpg/960px-Lumbini_Park%2C_Hyderabad.jpg?utm_source=en.wikipedia.org&utm_campaign=api&utm_content=thumbnail
73,Rushikonda Beach Visakhapatnam,Andhra Pradesh,attraction,17.781667,83.385556,budget,4.5,25061,"Known as the 'Jewel of the East Coast', an internationally recognized Blue Flag certified beach nestled between green Eastern Ghats hills and the Bay of Bengal, famous for golden sands, swimming, windsurfing, and scuba diving.",Oct-Feb,https://thumb.wikimedia.org/wikipedia/commons/thumb/a/a5/RK_Beach_Night.jpg/960px-RK_Beach_Night.jpg?utm_source=en.wikipedia.org&utm_campaign=api&utm_content=thumbnail
74,Simhachalam Varaha Narasimha Temple,Andhra Pradesh,attraction,17.766667,83.25,budget,4.9,14334,"Perched atop the Simhachalam hill range 800 feet above sea level, an ancient temple combining Orissan Kalinga and Chola architectural styles, enshrining Lord Narasimha in his combined boar and lion avatar, perpetually covered in a thick layer of sandalwood paste (Chandan).",Oct-Mar,https://thumb.wikimedia.org/wikipedia/commons/thumb/8/84/Uma-Maheswaraswami_Temple.jpg/960px-Uma-Maheswaraswami_Temple.jpg?utm_source=en.wikipedia.org&utm_campaign=api&utm_content=thumbnail
75,Gandikota Fort (Grand Canyon of India),Andhra Pradesh,attraction,14.814444,78.286667,mid,4.8,13052,"Celebrated worldwide as the 'Grand Canyon of India', a breathtaking 300-foot deep canyon carved through Erramala hills by the Pennar River, crowned by the formidable 13th-century sandstone Gandikota Fort, Raghunatha Temple, and Jama Masjid.",Oct-Feb,https://thumb.wikimedia.org/wikipedia/commons/thumb/b/b9/Gooty_Fort.JPG/960px-Gooty_Fort.JPG?utm_source=en.wikipedia.org&utm_campaign=api&utm_content=thumbnail
76,Tirumala Tirupati Temple,Andhra Pradesh,attraction,13.533,79.2643,budget,4.9,20027,"Tirumala Tirupati Temple is a premier temple destination in Tirupati, Andhra Pradesh. Renowned as a prominent landmark in regional tourism (Religious), it welcomes visitors seeking authentic cultural immersion, picturesque vistas, and rich historic heritage.",Oct-Mar,https://thumb.wikimedia.org/wikipedia/commons/thumb/4/4e/Tirumala_Venkateswara_Temple_Ananda_Nilayam.jpg/960px-Tirumala_Venkateswara_Temple_Ananda_Nilayam.jpg
77,Srisailam Mallikarjuna Temple,Andhra Pradesh,attraction,15.3163,80.62,budget,4.9,5410,"Srisailam Mallikarjuna Temple is a premier temple destination in Srisailam, Andhra Pradesh. Renowned as a prominent landmark in regional tourism (Religious), it welcomes visitors seeking authentic cultural immersion, picturesque vistas, and rich historic heritage.",Oct-Mar,https://thumb.wikimedia.org/wikipedia/commons/thumb/e/e0/Srisailam_Temple_Gopuram.jpg/960px-Srisailam_Temple_Gopuram.jpg
78,RK Beach,Andhra Pradesh,attraction,17.5865,83.2257,budget,4.9,24538,"RK Beach is a premier beach destination in Visakhapatnam, Andhra Pradesh. Renowned as a prominent landmark in regional tourism (Beach), it welcomes visitors seeking authentic cultural immersion, picturesque vistas, and rich historic heritage.",Oct-Feb,https://thumb.wikimedia.org/wikipedia/commons/thumb/a/a5/RK_Beach_Night.jpg/960px-RK_Beach_Night.jpg?utm_source=en.wikipedia.org&utm_campaign=api&utm_content=thumbnail
79,Amaravati,Andhra Pradesh,attraction,15.3673,80.689,budget,4.7,7583,"Amaravati is a premier heritage destination in Guntur, Andhra Pradesh. Renowned as a prominent landmark in regional tourism (Heritage/Religious), it welcomes visitors seeking authentic cultural immersion, picturesque vistas, and rich historic heritage.",Oct-Feb,https://thumb.wikimedia.org/wikipedia/commons/thumb/1/1a/View_of_Swami_Pushkarni_of_Tirumala_at_Daytime.jpg/960px-View_of_Swami_Pushkarni_of_Tirumala_at_Daytime.jpg?utm_source=en.wikipedia.org&utm_campaign=api&utm_content=thumbnail
80,Gandikota Canyon,Andhra Pradesh,attraction,15.3928,80.5735,budget,4.7,1294,"Gandikota Canyon is a premier heritage destination in Kadapa, Andhra Pradesh. Renowned as a prominent landmark in regional tourism (Nature), it welcomes visitors seeking authentic cultural immersion, picturesque vistas, and rich historic heritage.",Oct-Feb,https://thumb.wikimedia.org/wikipedia/commons/thumb/d/d5/Dowleswaram_Barrage.jpg/960px-Dowleswaram_Barrage.jpg?utm_source=en.wikipedia.org&utm_campaign=api&utm_content=thumbnail
81,Undavalli Caves,Andhra Pradesh,attraction,15.2683,80.608,budget,4.3,806,"Undavalli Caves is a premier cave destination in Guntur, Andhra Pradesh. Renowned as a prominent landmark in regional tourism (Heritage/Caves), it welcomes visitors seeking authentic cultural immersion, picturesque vistas, and rich historic heritage.",Oct-Feb,https://thumb.wikimedia.org/wikipedia/commons/thumb/4/47/Undavalli_Caves%2C_Vijayawada%2C_Guntur%2C_Andhra_Pradesh%2C_India_%282018%29_1.jpg/960px-Undavalli_Caves%2C_Vijayawada%2C_Guntur%2C_Andhra_Pradesh%2C_India_%282018%29_1.jpg?utm_source=en.wikipedia.org&utm_campaign=api&utm_content=thumbnail
82,Nagarjunakonda,Andhra Pradesh,attraction,15.2938,80.6425,budget,4.7,9276,"Nagarjunakonda is a premier heritage destination in Palnadu, Andhra Pradesh. Renowned as a prominent landmark in regional tourism (Heritage), it welcomes visitors seeking authentic cultural immersion, picturesque vistas, and rich historic heritage.",Oct-Feb,https://thumb.wikimedia.org/wikipedia/commons/thumb/e/e8/Buddhist_site_3rd_century_AD.jpg/960px-Buddhist_site_3rd_century_AD.jpg?utm_source=en.wikipedia.org&utm_campaign=api&utm_content=thumbnail
83,Ahobilam,Andhra Pradesh,attraction,15.0818,78.1627,budget,4.9,8822,"Ahobilam is a premier heritage destination in Nandyal, Andhra Pradesh. Renowned as a prominent landmark in regional tourism (Religious), it welcomes visitors seeking authentic cultural immersion, picturesque vistas, and rich historic heritage.",Oct-Feb,https://thumb.wikimedia.org/wikipedia/commons/thumb/4/4c/Upper_Ahobilam_temple_Gopuram_02.jpg/960px-Upper_Ahobilam_temple_Gopuram_02.jpg?utm_source=en.wikipedia.org&utm_campaign=api&utm_content=thumbnail
84,Simhachalam Temple,Andhra Pradesh,attraction,17.5895,83.1327,budget,4.9,10098,"Simhachalam Temple is a premier temple destination in Visakhapatnam, Andhra Pradesh. Renowned as a prominent landmark in regional tourism (Religious), it welcomes visitors seeking authentic cultural immersion, picturesque vistas, and rich historic heritage.",Oct-Mar,https://thumb.wikimedia.org/wikipedia/commons/thumb/1/18/Simhachalam_temple_from_a_hilltop.jpg/960px-Simhachalam_temple_from_a_hilltop.jpg?utm_source=en.wikipedia.org&utm_campaign=api&utm_content=thumbnail
85,Konaseema,Andhra Pradesh,attraction,15.3703,80.596,budget,4.1,1302,"Konaseema is a premier heritage destination in Konaseema, Andhra Pradesh. Renowned as a prominent landmark in regional tourism (Nature), it welcomes visitors seeking authentic cultural immersion, picturesque vistas, and rich historic heritage.",Oct-Feb,https://thumb.wikimedia.org/wikipedia/commons/thumb/b/bf/%E0%B0%95%E0%B1%8B%E0%B0%A8%E0%B0%B8%E0%B1%80%E0%B0%AE_%E0%B0%AE%E0%B1%81%E0%B0%96%E0%B0%A6%E0%B1%8D%E0%B0%B5%E0%B0%BE%E0%B0%B0%E0%B0%82_IMG_20190408_174931.jpg/960px-%E0%B0%95%E0%B1%8B%E0%B0%A8%E0%B0%B8%E0%B1%80%E0%B0%AE_%E0%B0%AE%E0%B1%81%E0%B0%96%E0%B0%A6%E0%B1%8D%E0%B0%B5%E0%B0%BE%E0%B0%B0%E0%B0%82_IMG_20190408_174931.jpg?utm_source=en.wikipedia.org&utm_campaign=api&utm_content=thumbnail
86,Sri Venkateswara National Park,Andhra Pradesh,attraction,13.59,79.2973,budget,4.4,26199,"Sri Venkateswara National Park is a premier wildlife destination in Tirupati, Andhra Pradesh. Renowned as a prominent landmark in regional tourism (Wildlife), it welcomes visitors seeking authentic cultural immersion, picturesque vistas, and rich historic heritage.",Oct-Feb,https://thumb.wikimedia.org/wikipedia/commons/thumb/4/4e/Tirumala_Venkateswara_Temple_Ananda_Nilayam.jpg/960px-Tirumala_Venkateswara_Temple_Ananda_Nilayam.jpg
87,Kapila Theertham,Andhra Pradesh,attraction,13.6155,79.3318,budget,4.9,21297,"Kapila Theertham is a premier waterfall destination in Tirupati, Andhra Pradesh. Renowned as a prominent landmark in regional tourism (Religious/Waterfall), it welcomes visitors seeking authentic cultural immersion, picturesque vistas, and rich historic heritage.",Oct-Feb,https://upload.wikimedia.org/wikipedia/commons/9/9f/Tada_Falls.jpg?utm_source=en.wikipedia.org&utm_campaign=api&utm_content=thumbnail_unscaled
88,Akasa Ganga,Andhra Pradesh,attraction,13.641,79.3663,budget,4.5,20125,"Akasa Ganga is a premier waterfall destination in Tirupati, Andhra Pradesh. Renowned as a prominent landmark in regional tourism (Waterfall/Religious), it welcomes visitors seeking authentic cultural immersion, picturesque vistas, and rich historic heritage.",Oct-Feb,https://thumb.wikimedia.org/wikipedia/commons/thumb/9/96/Katiki_Waterfalls.jpg/960px-Katiki_Waterfalls.jpg?utm_source=en.wikipedia.org&utm_campaign=api&utm_content=thumbnail
89,Sri Kalahasti Temple,Andhra Pradesh,attraction,13.5165,79.2508,budget,4.8,6574,"Sri Kalahasti Temple is a premier temple destination in Tirupati, Andhra Pradesh. Renowned as a prominent landmark in regional tourism (Religious), it welcomes visitors seeking authentic cultural immersion, picturesque vistas, and rich historic heritage.",Oct-Mar,https://thumb.wikimedia.org/wikipedia/commons/thumb/0/0d/Arasavilli_Sri_Suryanarayanamurty_Temple_of_Srikakulam%2C_Andhra_Pradesh_%283%29.jpg/960px-Arasavilli_Sri_Suryanarayanamurty_Temple_of_Srikakulam%2C_Andhra_Pradesh_%283%29.jpg?utm_source=en.wikipedia.org&utm_campaign=api&utm_content=thumbnail
90,Kanipakam Vinayaka Temple,Andhra Pradesh,attraction,15.2998,80.6065,budget,4.6,29440,"Kanipakam Vinayaka Temple is a premier temple destination in Chittoor, Andhra Pradesh. Renowned as a prominent landmark in regional tourism (Religious), it welcomes visitors seeking authentic cultural immersion, picturesque vistas, and rich historic heritage.",Oct-Mar,https://thumb.wikimedia.org/wikipedia/commons/thumb/8/8e/Kanipakam_Temple.jpg/960px-Kanipakam_Temple.jpg?utm_source=en.wikipedia.org&utm_campaign=api&utm_content=thumbnail
91,Arasavalli Sun Temple,Andhra Pradesh,attraction,15.3253,80.641,budget,4.9,22502,"Arasavalli Sun Temple is a premier temple destination in Srikakulam, Andhra Pradesh. Renowned as a prominent landmark in regional tourism (Religious), it welcomes visitors seeking authentic cultural immersion, picturesque vistas, and rich historic heritage.",Oct-Mar,https://thumb.wikimedia.org/wikipedia/commons/thumb/0/0d/Arasavilli_Sri_Suryanarayanamurty_Temple_of_Srikakulam%2C_Andhra_Pradesh_%283%29.jpg/960px-Arasavilli_Sri_Suryanarayanamurty_Temple_of_Srikakulam%2C_Andhra_Pradesh_%283%29.jpg?utm_source=en.wikipedia.org&utm_campaign=api&utm_content=thumbnail
92,Mangalagiri Panakala Narasimha Temple,Andhra Pradesh,attraction,15.3508,80.6755,budget,4.4,19155,"Mangalagiri Panakala Narasimha Temple is a premier temple destination in Guntur, Andhra Pradesh. Renowned as a prominent landmark in regional tourism (Religious), it welcomes visitors seeking authentic cultural immersion, picturesque vistas, and rich historic heritage.",Oct-Mar,https://thumb.wikimedia.org/wikipedia/commons/thumb/0/0d/Arasavilli_Sri_Suryanarayanamurty_Temple_of_Srikakulam%2C_Andhra_Pradesh_%283%29.jpg/960px-Arasavilli_Sri_Suryanarayanamurty_Temple_of_Srikakulam%2C_Andhra_Pradesh_%283%29.jpg?utm_source=en.wikipedia.org&utm_campaign=api&utm_content=thumbnail
93,Draksharamam Temple,Andhra Pradesh,attraction,15.3763,80.56,budget,4.9,14462,"Draksharamam Temple is a premier temple destination in Dr. B. R. Ambedkar Konaseema, Andhra Pradesh. Renowned as a prominent landmark in regional tourism (Religious), it welcomes visitors seeking authentic cultural immersion, picturesque vistas, and rich historic heritage.",Oct-Mar,https://thumb.wikimedia.org/wikipedia/commons/thumb/7/7a/Draksharama_temple%2C_Draksharamam.jpg/960px-Draksharama_temple%2C_Draksharamam.jpg?utm_source=en.wikipedia.org&utm_campaign=api&utm_content=thumbnail
94,Antarvedi Temple,Andhra Pradesh,attraction,15.4018,80.5945,budget,4.8,6521,"Antarvedi Temple is a premier temple destination in Dr. B. R. Ambedkar Konaseema, Andhra Pradesh. Renowned as a prominent landmark in regional tourism (Religious), it welcomes visitors seeking authentic cultural immersion, picturesque vistas, and rich historic heritage.",Oct-Mar,https://thumb.wikimedia.org/wikipedia/commons/thumb/1/18/Simhachalam_temple_from_a_hilltop.jpg/960px-Simhachalam_temple_from_a_hilltop.jpg?utm_source=en.wikipedia.org&utm_campaign=api&utm_content=thumbnail
95,Kakinada Beach,Andhra Pradesh,attraction,16.7684,82.3397,budget,4.9,7746,"Kakinada Beach is a premier beach destination in Kakinada, Andhra Pradesh. Renowned as a prominent landmark in regional tourism (Beach), it welcomes visitors seeking authentic cultural immersion, picturesque vistas, and rich historic heritage.",Oct-Feb,https://thumb.wikimedia.org/wikipedia/commons/thumb/c/ce/Mypadu_Beach.jpg/960px-Mypadu_Beach.jpg?utm_source=en.wikipedia.org&utm_campaign=api&utm_content=thumbnail
96,Rajahmundry,Andhra Pradesh,attraction,15.3028,80.6635,budget,4.4,2670,"Rajahmundry is a premier heritage destination in Rajamahendravaram, Andhra Pradesh. Renowned as a prominent landmark in regional tourism (City/Nature), it welcomes visitors seeking authentic cultural immersion, picturesque vistas, and rich historic heritage.",Oct-Feb,https://thumb.wikimedia.org/wikipedia/commons/thumb/f/fb/Sunset_at_Godavri.JPG/960px-Sunset_at_Godavri.JPG?utm_source=en.wikipedia.org&utm_campaign=api&utm_content=thumbnail
97,Dowleswaram Barrage,Andhra Pradesh,attraction,15.3283,80.698,budget,4.9,17711,"Dowleswaram Barrage is a premier heritage destination in Rajamahendravaram, Andhra Pradesh. Renowned as a prominent landmark in regional tourism (Landmark), it welcomes visitors seeking authentic cultural immersion, picturesque vistas, and rich historic heritage.",Oct-Feb,https://thumb.wikimedia.org/wikipedia/commons/thumb/d/d5/Dowleswaram_Barrage.jpg/960px-Dowleswaram_Barrage.jpg?utm_source=en.wikipedia.org&utm_campaign=api&utm_content=thumbnail
98,Yaganti Temple,Andhra Pradesh,attraction,15.1163,78.0682,budget,4.9,6858,"Yaganti Temple is a premier temple destination in Nandyal, Andhra Pradesh. Renowned as a prominent landmark in regional tourism (Religious), it welcomes visitors seeking authentic cultural immersion, picturesque vistas, and rich historic heritage.",Oct-Mar,https://thumb.wikimedia.org/wikipedia/commons/thumb/8/84/Uma-Maheswaraswami_Temple.jpg/960px-Uma-Maheswaraswami_Temple.jpg?utm_source=en.wikipedia.org&utm_campaign=api&utm_content=thumbnail
99,Mahanandi Temple,Andhra Pradesh,attraction,15.1418,78.1027,budget,4.9,23689,"Mahanandi Temple is a premier temple destination in Nandyal, Andhra Pradesh. Renowned as a prominent landmark in regional tourism (Religious), it welcomes visitors seeking authentic cultural immersion, picturesque vistas, and rich historic heritage.",Oct-Mar,https://thumb.wikimedia.org/wikipedia/commons/thumb/4/4e/Tirumala_090615.jpg/960px-Tirumala_090615.jpg?utm_source=en.wikipedia.org&utm_campaign=api&utm_content=thumbnail
100,Rollapadu Wildlife Sanctuary,Andhra Pradesh,attraction,15.7563,78.1773,budget,4.6,11165,"Rollapadu Wildlife Sanctuary is a premier wildlife destination in Kurnool, Andhra Pradesh. Renowned as a prominent landmark in regional tourism (Wildlife), it welcomes visitors seeking authentic cultural immersion, picturesque vistas, and rich historic heritage.",Oct-Feb,https://thumb.wikimedia.org/wikipedia/commons/thumb/b/b3/Blackbucks_Sparring.jpg/960px-Blackbucks_Sparring.jpg?utm_source=en.wikipedia.org&utm_campaign=api&utm_content=thumbnail
101,Katiki Waterfalls,Andhra Pradesh,attraction,18.2686,83.1109,budget,4.9,15030,"Katiki Waterfalls is a premier waterfall destination in Alluri Sitharama Raju, Andhra Pradesh. Renowned as a prominent landmark in regional tourism (Waterfall), it welcomes visitors seeking authentic cultural immersion, picturesque vistas, and rich historic heritage.",Jul-Oct,https://thumb.wikimedia.org/wikipedia/commons/thumb/9/96/Katiki_Waterfalls.jpg/960px-Katiki_Waterfalls.jpg?utm_source=en.wikipedia.org&utm_campaign=api&utm_content=thumbnail
102,Tribal Museum Araku,Andhra Pradesh,attraction,18.2941,82.9954,mid,4.8,25709,"Tribal Museum Araku is a premier museum destination in Alluri Sitharama Raju, Andhra Pradesh. Renowned as a prominent landmark in regional tourism (Museum), it welcomes visitors seeking authentic cultural immersion, picturesque vistas, and rich historic heritage.",Oct-Mar,https://thumb.wikimedia.org/wikipedia/commons/thumb/4/44/Bapu_museum_18.jpg/960px-Bapu_museum_18.jpg?utm_source=en.wikipedia.org&utm_campaign=api&utm_content=thumbnail
103,Padmapuram Gardens,Andhra Pradesh,attraction,15.3793,80.617,budget,4.8,8224,"Padmapuram Gardens is a premier park destination in Araku, Andhra Pradesh. Renowned as a prominent landmark in regional tourism (Nature), it welcomes visitors seeking authentic cultural immersion, picturesque vistas, and rich historic heritage.",Oct-Feb,https://upload.wikimedia.org/wikipedia/commons/c/cf/Eco_Park_Patna.jpg
104,Ramakrishna Beach,Andhra Pradesh,attraction,17.6495,83.2227,budget,4.6,13446,"Ramakrishna Beach is a premier beach destination in Visakhapatnam, Andhra Pradesh. Renowned as a prominent landmark in regional tourism (Beach), it welcomes visitors seeking authentic cultural immersion, picturesque vistas, and rich historic heritage.",Oct-Feb,https://thumb.wikimedia.org/wikipedia/commons/thumb/a/a5/RK_Beach_Night.jpg/960px-RK_Beach_Night.jpg?utm_source=en.wikipedia.org&utm_campaign=api&utm_content=thumbnail
105,Bavikonda Buddhist Complex,Andhra Pradesh,attraction,17.525,83.2572,budget,4.4,16583,"Bavikonda Buddhist Complex is a premier buddhist heritage destination in Visakhapatnam, Andhra Pradesh. Renowned as a prominent landmark in regional tourism (Heritage), it welcomes visitors seeking authentic cultural immersion, picturesque vistas, and rich historic heritage.",Oct-Feb,https://thumb.wikimedia.org/wikipedia/commons/thumb/1/1f/Dhamek_Stupa_Sarnath.jpg/960px-Dhamek_Stupa_Sarnath.jpg
106,Kondaveedu Fort,Andhra Pradesh,attraction,15.3058,80.5705,mid,4.9,23939,"Kondaveedu Fort is a premier fort destination in Guntur, Andhra Pradesh. Renowned as a prominent landmark in regional tourism (Fort), it welcomes visitors seeking authentic cultural immersion, picturesque vistas, and rich historic heritage.",Oct-Feb,https://upload.wikimedia.org/wikipedia/commons/5/5a/Vijayawada-Kondapalli_Quilla.jpg?utm_source=en.wikipedia.org&utm_campaign=api&utm_content=thumbnail_unscaled
107,Prakasam Barrage,Andhra Pradesh,attraction,15.3313,80.605,budget,4.4,20404,"Prakasam Barrage is a premier heritage destination in Vijayawada, Andhra Pradesh. Renowned as a prominent landmark in regional tourism (Landmark), it welcomes visitors seeking authentic cultural immersion, picturesque vistas, and rich historic heritage.",Oct-Feb,https://thumb.wikimedia.org/wikipedia/commons/thumb/1/10/Prakasam_Barrage_from_Vijayawada_to_Guntur_2_%28November_2018%29.jpg/960px-Prakasam_Barrage_from_Vijayawada_to_Guntur_2_%28November_2018%29.jpg?utm_source=en.wikipedia.org&utm_campaign=api&utm_content=thumbnail
108,Bhavani Island,Andhra Pradesh,attraction,15.3568,80.6395,budget,4.9,26878,"Bhavani Island is a premier island destination in Vijayawada, Andhra Pradesh. Renowned as a prominent landmark in regional tourism (Island), it welcomes visitors seeking authentic cultural immersion, picturesque vistas, and rich historic heritage.",Oct-Feb,https://thumb.wikimedia.org/wikipedia/commons/thumb/4/42/Man_Made_Island_near_Bhavani_Island.jpg/960px-Man_Made_Island_near_Bhavani_Island.jpg?utm_source=en.wikipedia.org&utm_campaign=api&utm_content=thumbnail
109,Victoria Jubilee Museum,Andhra Pradesh,attraction,15.3823,80.674,mid,4.9,10841,"Victoria Jubilee Museum is a premier museum destination in Vijayawada, Andhra Pradesh. Renowned as a prominent landmark in regional tourism (Museum), it welcomes visitors seeking authentic cultural immersion, picturesque vistas, and rich historic heritage.",Oct-Mar,https://thumb.wikimedia.org/wikipedia/commons/thumb/4/44/Bapu_museum_18.jpg/960px-Bapu_museum_18.jpg?utm_source=en.wikipedia.org&utm_campaign=api&utm_content=thumbnail
110,Tirumala Tirupati Devasthanams,Andhra Pradesh,attraction,13.5435,79.3138,budget,4.6,7427,"Tirumala Tirupati Devasthanams is a premier heritage destination in Tirupati, Andhra Pradesh. Renowned as a prominent landmark in regional tourism (Religious), it welcomes visitors seeking authentic cultural immersion, picturesque vistas, and rich historic heritage.",Oct-Feb,https://thumb.wikimedia.org/wikipedia/commons/thumb/4/4e/Tirumala_Venkateswara_Temple_Ananda_Nilayam.jpg/960px-Tirumala_Venkateswara_Temple_Ananda_Nilayam.jpg
111,Sri Venkateswara Temple,Andhra Pradesh,attraction,13.569,79.3483,budget,4.7,17993,"Sri Venkateswara Temple is a premier temple destination in Tirupati, Andhra Pradesh. Renowned as a prominent landmark in regional tourism (Religious), it welcomes visitors seeking authentic cultural immersion, picturesque vistas, and rich historic heritage.",Oct-Mar,https://thumb.wikimedia.org/wikipedia/commons/thumb/4/4e/Tirumala_Venkateswara_Temple_Ananda_Nilayam.jpg/960px-Tirumala_Venkateswara_Temple_Ananda_Nilayam.jpg
112,Tiruchanur Padmavathi Temple,Andhra Pradesh,attraction,13.5945,79.2328,budget,4.9,6558,"Tiruchanur Padmavathi Temple is a premier temple destination in Tirupati, Andhra Pradesh. Renowned as a prominent landmark in regional tourism (Religious), it welcomes visitors seeking authentic cultural immersion, picturesque vistas, and rich historic heritage.",Oct-Mar,https://thumb.wikimedia.org/wikipedia/commons/thumb/8/84/Uma-Maheswaraswami_Temple.jpg/960px-Uma-Maheswaraswami_Temple.jpg?utm_source=en.wikipedia.org&utm_campaign=api&utm_content=thumbnail
113,Veerabhadra Temple Lepakshi,Andhra Pradesh,attraction,15.3778,80.5885,budget,4.9,18542,"Veerabhadra Temple Lepakshi is a premier temple destination in Anantapur, Andhra Pradesh. Renowned as a prominent landmark in regional tourism (Heritage), it welcomes visitors seeking authentic cultural immersion, picturesque vistas, and rich historic heritage.",Oct-Mar,https://thumb.wikimedia.org/wikipedia/commons/thumb/a/a2/Lepakshi_Nandi_Bull.jpg/960px-Lepakshi_Nandi_Bull.jpg
114,Belium Caves,Andhra Pradesh,attraction,15.7548,78.1488,budget,4.2,1607,"Belium Caves is a premier cave destination in Kurnool, Andhra Pradesh. Renowned as a prominent landmark in regional tourism (Caves), it welcomes visitors seeking authentic cultural immersion, picturesque vistas, and rich historic heritage.",Oct-Feb,https://thumb.wikimedia.org/wikipedia/commons/thumb/6/6d/Belumcave1.jpg/960px-Belumcave1.jpg?utm_source=en.wikipedia.org&utm_campaign=api&utm_content=thumbnail
115,Nallamala Hills,Andhra Pradesh,attraction,15.2788,80.6575,budget,4.5,27410,"Nallamala Hills is a premier heritage destination in Andhra Pradesh, Andhra Pradesh. Renowned as a prominent landmark in regional tourism (Hills), it welcomes visitors seeking authentic cultural immersion, picturesque vistas, and rich historic heritage.",Oct-Feb,https://thumb.wikimedia.org/wikipedia/commons/thumb/9/90/Hill_on_Top_of_Nallamalla_Hills_which_is_visible_on_the_way_to_Kadalivanam_which_is_more_than_20_Kms_from_Sri_sailam_temple.jpg/960px-Hill_on_Top_of_Nallamalla_Hills_which_is_visible_on_the_way_to_Kadalivanam_which_is_more_than_20_Kms_from_Sri_sailam_temple.jpg?utm_source=en.wikipedia.org&utm_campaign=api&utm_content=thumbnail
116,Mypadu Beach,Andhra Pradesh,attraction,15.3043,80.692,budget,4.9,26308,"Mypadu Beach is a premier beach destination in Nellore, Andhra Pradesh. Renowned as a prominent landmark in regional tourism (Beach), it welcomes visitors seeking authentic cultural immersion, picturesque vistas, and rich historic heritage.",Oct-Feb,https://thumb.wikimedia.org/wikipedia/commons/thumb/c/ce/Mypadu_Beach.jpg/960px-Mypadu_Beach.jpg?utm_source=en.wikipedia.org&utm_campaign=api&utm_content=thumbnail
117,Pulicat Lake,Andhra Pradesh,attraction,15.3298,80.5765,budget,4.9,23607,"Pulicat Lake is a premier wildlife destination in Nellore, Andhra Pradesh. Renowned as a prominent landmark in regional tourism (Wildlife), it welcomes visitors seeking authentic cultural immersion, picturesque vistas, and rich historic heritage.",Oct-Feb,https://thumb.wikimedia.org/wikipedia/commons/thumb/c/cc/India_-_Pulicat_Lake_-_023_-_lake_landscape.jpg/960px-India_-_Pulicat_Lake_-_023_-_lake_landscape.jpg?utm_source=en.wikipedia.org&utm_campaign=api&utm_content=thumbnail
118,Uppada Beach,Andhra Pradesh,attraction,16.8464,82.3217,budget,4.8,29472,"Uppada Beach is a premier beach destination in Kakinada, Andhra Pradesh. Renowned as a prominent landmark in regional tourism (Beach), it welcomes visitors seeking authentic cultural immersion, picturesque vistas, and rich historic heritage.",Oct-Feb,https://thumb.wikimedia.org/wikipedia/commons/thumb/a/a5/RK_Beach_Night.jpg/960px-RK_Beach_Night.jpg?utm_source=en.wikipedia.org&utm_campaign=api&utm_content=thumbnail
119,Annavaram,Andhra Pradesh,attraction,16.8719,82.3562,budget,4.7,9206,"Annavaram is a premier heritage destination in Kakinada, Andhra Pradesh. Renowned as a prominent landmark in regional tourism (Religious), it welcomes visitors seeking authentic cultural immersion, picturesque vistas, and rich historic heritage.",Oct-Feb,https://upload.wikimedia.org/wikipedia/commons/a/ac/A_Hindu_temple_at_Annavaram_Andhra_Pradesh.jpg?utm_source=en.wikipedia.org&utm_campaign=imageinfo&utm_content=thumbnail_unscaled
120,Sri Satyanarayana Swamy Temple,Andhra Pradesh,attraction,15.4063,80.68,budget,4.9,27747,"Sri Satyanarayana Swamy Temple is a premier temple destination in Annavaram, Andhra Pradesh. Renowned as a prominent landmark in regional tourism (Religious), it welcomes visitors seeking authentic cultural immersion, picturesque vistas, and rich historic heritage.",Oct-Mar,https://thumb.wikimedia.org/wikipedia/commons/thumb/8/84/Uma-Maheswaraswami_Temple.jpg/960px-Uma-Maheswaraswami_Temple.jpg?utm_source=en.wikipedia.org&utm_campaign=api&utm_content=thumbnail
121,Kondapalli Toys Village,Andhra Pradesh,attraction,15.2818,80.5645,budget,4.6,22632,"Kondapalli Toys Village is a premier heritage destination in NTR District, Andhra Pradesh. Renowned as a prominent landmark in regional tourism (Culture), it welcomes visitors seeking authentic cultural immersion, picturesque vistas, and rich historic heritage.",Oct-Feb,https://thumb.wikimedia.org/wikipedia/commons/thumb/4/4c/Upper_Ahobilam_temple_Gopuram_02.jpg/960px-Upper_Ahobilam_temple_Gopuram_02.jpg?utm_source=en.wikipedia.org&utm_campaign=api&utm_content=thumbnail
122,Kolleru Lake,Andhra Pradesh,attraction,15.3073,80.599,budget,4.4,11406,"Kolleru Lake is a premier lake destination in Eluru, Andhra Pradesh. Renowned as a prominent landmark in regional tourism (Wetland), it welcomes visitors seeking authentic cultural immersion, picturesque vistas, and rich historic heritage.",Oct-Feb,https://thumb.wikimedia.org/wikipedia/commons/thumb/2/20/A_bridge_over_Kolleru.jpg/960px-A_bridge_over_Kolleru.jpg?utm_source=en.wikipedia.org&utm_campaign=api&utm_content=thumbnail
123,Uppalapadu Bird Sanctuary,Andhra Pradesh,attraction,15.3328,80.6335,budget,4.4,11896,"Uppalapadu Bird Sanctuary is a premier wildlife destination in Guntur, Andhra Pradesh. Renowned as a prominent landmark in regional tourism (Bird Sanctuary), it welcomes visitors seeking authentic cultural immersion, picturesque vistas, and rich historic heritage.",Oct-Feb,https://thumb.wikimedia.org/wikipedia/commons/thumb/4/46/Uppalapadu_Bird_Sanctuary_Entrance.jpg/960px-Uppalapadu_Bird_Sanctuary_Entrance.jpg?utm_source=en.wikipedia.org&utm_campaign=api&utm_content=thumbnail
124,Kondakarla Ava,Andhra Pradesh,attraction,17.603,83.2392,budget,4.9,16485,"Kondakarla Ava is a premier wildlife destination in Visakhapatnam, Andhra Pradesh. Renowned as a prominent landmark in regional tourism (Bird Sanctuary), it welcomes visitors seeking authentic cultural immersion, picturesque vistas, and rich historic heritage.",Oct-Feb,https://thumb.wikimedia.org/wikipedia/commons/thumb/0/05/Boats_in_Kondakarla_ava_2.jpg/960px-Boats_in_Kondakarla_ava_2.jpg?utm_source=en.wikipedia.org&utm_campaign=api&utm_content=thumbnail
125,Srikurmam Temple,Andhra Pradesh,attraction,15.3838,80.5525,budget,4.9,28648,"Srikurmam Temple is a premier temple destination in Srikakulam, Andhra Pradesh. Renowned as a prominent landmark in regional tourism (Religious), it welcomes visitors seeking authentic cultural immersion, picturesque vistas, and rich historic heritage.",Oct-Mar,https://upload.wikimedia.org/wikipedia/commons/b/b4/Tadpatri%2C_Andhra_Pradesh_ruins_of_Ramalingeshvara_Hindu_temple%2C_1868_photo.jpg?utm_source=en.wikipedia.org&utm_campaign=api&utm_content=thumbnail_unscaled
126,Salihundam,Andhra Pradesh,attraction,15.4093,80.587,budget,4.5,22300,"Salihundam is a premier lake destination in Srikakulam, Andhra Pradesh. Renowned as a prominent landmark in regional tourism (Heritage), it welcomes visitors seeking authentic cultural immersion, picturesque vistas, and rich historic heritage.",Oct-Feb,https://thumb.wikimedia.org/wikipedia/commons/thumb/5/55/Salihundam_Historic_Buddhist_Remains_3_by_GPuvvada_2010.jpg/960px-Salihundam_Historic_Buddhist_Remains_3_by_GPuvvada_2010.jpg?utm_source=en.wikipedia.org&utm_campaign=api&utm_content=thumbnail
127,Rishikonda Beach,Andhra Pradesh,attraction,17.7812,83.3854,budget,4.6,5859,"Rishikonda Beach is an internationally certified Blue Flag beach framed by verdant Eastern Ghats hillocks, famous for golden sands, swimming, and windsurfing.",Oct-Feb,https://thumb.wikimedia.org/wikipedia/commons/thumb/c/ce/Mypadu_Beach.jpg/960px-Mypadu_Beach.jpg?utm_source=en.wikipedia.org&utm_campaign=api&utm_content=thumbnail
128,Amareswara Temple Amaravathi,Andhra Pradesh,attraction,16.5786,80.3589,budget,4.9,8861,"Amareswara Temple in Amaravathi is one of the revered Pancharama Kshetras of Lord Shiva, located on the sacred Krishna River, renowned for its 15-foot marble lingam.",Oct-Mar,https://thumb.wikimedia.org/wikipedia/commons/thumb/1/18/Simhachalam_temple_from_a_hilltop.jpg/960px-Simhachalam_temple_from_a_hilltop.jpg?utm_source=en.wikipedia.org&utm_campaign=api&utm_content=thumbnail
129,Prasanthi Nilayam (Puttaparthi),Andhra Pradesh,attraction,14.1689,77.8125,budget,4.4,28343,"Prasanthi Nilayam (Abode of Highest Peace) is the sacred ashram of Bhagawan Sri Sathya Sai Baba, welcoming millions of international pilgrims for universal prayer and meditation.",Oct-Feb,https://thumb.wikimedia.org/wikipedia/commons/thumb/d/da/Sri_Sathya_Sai_Baba_Mahasamadhi_at_Sai_Kulwant_Hall.jpg/960px-Sri_Sathya_Sai_Baba_Mahasamadhi_at_Sai_Kulwant_Hall.jpg?utm_source=en.wikipedia.org&utm_campaign=api&utm_content=thumbnail
130,Indira Gandhi Zoological Park,Andhra Pradesh,attraction,17.7686,83.3486,mid,4.9,12656,"Indira Gandhi Zoological Park is one of the largest zoological parks in India (625 acres), housing over 80 species of wildlife amidst natural Eastern Ghats forest canopies.",Oct-Feb,https://thumb.wikimedia.org/wikipedia/commons/thumb/e/ea/Neophron_percnopterus_-Indira_Gandhi_Zoological_Park%2C_Visakhapatnam%2C_India-8.jpg/960px-Neophron_percnopterus_-Indira_Gandhi_Zoological_Park%2C_Visakhapatnam%2C_India-8.jpg?utm_source=en.wikipedia.org&utm_campaign=api&utm_content=thumbnail
131,Tirumala Venkateswara Temple,Andhra Pradesh,attraction,13.67088,79.34028,budget,4.7,1916,"Tirumala Venkateswara Temple is an authentic attraction destination located in ,  district of Andhra Pradesh. Celebrated for its regional significance and unique ambiance, it offers travelers an immersive experience in the culture, scenic beauty, and heritage of Andhra Pradesh.",Oct-Mar,https://thumb.wikimedia.org/wikipedia/commons/thumb/4/4e/Tirumala_Venkateswara_Temple_Ananda_Nilayam.jpg/960px-Tirumala_Venkateswara_Temple_Ananda_Nilayam.jpg
132,Sri Padmavathi Ammavari Temple,Andhra Pradesh,attraction,16.4929,80.64681,budget,4.7,4709,"Sri Padmavathi Ammavari Temple is an authentic attraction destination located in ,  district of Andhra Pradesh. Celebrated for its regional significance and unique ambiance, it offers travelers an immersive experience in the culture, scenic beauty, and heritage of Andhra Pradesh.",Oct-Mar,https://thumb.wikimedia.org/wikipedia/commons/thumb/1/18/Simhachalam_temple_from_a_hilltop.jpg/960px-Simhachalam_temple_from_a_hilltop.jpg?utm_source=en.wikipedia.org&utm_campaign=api&utm_content=thumbnail
133,Kapila Theertham Waterfalls & Temple,Andhra Pradesh,attraction,13.83203,79.18765,budget,4.6,6853,"Kapila Theertham Waterfalls & Temple is an authentic attraction destination located in ,  district of Andhra Pradesh. Celebrated for its regional significance and unique ambiance, it offers travelers an immersive experience in the culture, scenic beauty, and heritage of Andhra Pradesh.",Jul-Oct,https://upload.wikimedia.org/wikipedia/commons/9/9f/Tada_Falls.jpg?utm_source=en.wikipedia.org&utm_campaign=api&utm_content=thumbnail_unscaled
134,Silathoranam Natural Rock Arch,Andhra Pradesh,attraction,17.80074,82.49352,budget,4.5,3809,"Silathoranam Natural Rock Arch is an authentic attraction destination located in ,  district of Andhra Pradesh. Celebrated for its regional significance and unique ambiance, it offers travelers an immersive experience in the culture, scenic beauty, and heritage of Andhra Pradesh.",Oct-Feb,https://thumb.wikimedia.org/wikipedia/commons/thumb/1/1a/View_of_Swami_Pushkarni_of_Tirumala_at_Daytime.jpg/960px-View_of_Swami_Pushkarni_of_Tirumala_at_Daytime.jpg?utm_source=en.wikipedia.org&utm_campaign=api&utm_content=thumbnail
135,Chandragiri Fort & Raja Mahal Palace,Andhra Pradesh,attraction,13.5767,79.30635,mid,4.2,1544,"Chandragiri Fort & Raja Mahal Palace is an authentic attraction destination located in ,  district of Andhra Pradesh. Celebrated for its regional significance and unique ambiance, it offers travelers an immersive experience in the culture, scenic beauty, and heritage of Andhra Pradesh.",Oct-Feb,https://upload.wikimedia.org/wikipedia/commons/5/5a/Vijayawada-Kondapalli_Quilla.jpg?utm_source=en.wikipedia.org&utm_campaign=api&utm_content=thumbnail_unscaled
136,Talakona Waterfalls (Highest in AP),Andhra Pradesh,attraction,13.81169,79.223,budget,4.6,2416,"Talakona Waterfalls (Highest in AP) is an authentic attraction destination located in ,  district of Andhra Pradesh. Celebrated for its regional significance and unique ambiance, it offers travelers an immersive experience in the culture, scenic beauty, and heritage of Andhra Pradesh.",Jul-Oct,https://thumb.wikimedia.org/wikipedia/commons/thumb/9/96/Katiki_Waterfalls.jpg/960px-Katiki_Waterfalls.jpg?utm_source=en.wikipedia.org&utm_campaign=api&utm_content=thumbnail
137,Srikalahasteeswara Temple (Rahu-Ketu Kshetra),Andhra Pradesh,attraction,18.26089,83.06772,budget,4.4,943,"Srikalahasteeswara Temple (Rahu-Ketu Kshetra) is an authentic attraction destination located in ,  district of Andhra Pradesh. Celebrated for its regional significance and unique ambiance, it offers travelers an immersive experience in the culture, scenic beauty, and heritage of Andhra Pradesh.",Oct-Mar,https://thumb.wikimedia.org/wikipedia/commons/thumb/9/98/Sri_Kala_Hasti.jpg/960px-Sri_Kala_Hasti.jpg?utm_source=en.wikipedia.org&utm_campaign=api&utm_content=thumbnail
138,Borra Caves 150 Million Year Limestone,Andhra Pradesh,attraction,18.28192,83.03658,budget,4.7,5728,"Borra Caves 150 Million Year Limestone is an authentic attraction destination located in ,  district of Andhra Pradesh. Celebrated for its regional significance and unique ambiance, it offers travelers an immersive experience in the culture, scenic beauty, and heritage of Andhra Pradesh.",Oct-Feb,https://thumb.wikimedia.org/wikipedia/commons/thumb/d/d4/Borra_caves%2C_Viskhapatnam.jpg/960px-Borra_caves%2C_Viskhapatnam.jpg?utm_source=en.wikipedia.org&utm_campaign=api&utm_content=thumbnail
139,Araku Valley Coffee Plantations,Andhra Pradesh,restaurant,18.34635,82.87946,mid,4.5,6819,"Araku Valley Coffee Plantations is an authentic restaurant destination located in ,  district of Andhra Pradesh. Celebrated for its regional significance and unique ambiance, it offers travelers an immersive experience in the culture, scenic beauty, and heritage of Andhra Pradesh.",Oct-Feb,https://images.unsplash.com/photo-1555396273-367ea4eb4db5?auto=format&fit=crop&w=1200&q=80
140,Katiki Waterfalls Ghosti River,Andhra Pradesh,attraction,16.98419,81.77131,budget,4.6,6179,"Katiki Waterfalls Ghosti River is an authentic attraction destination located in ,  district of Andhra Pradesh. Celebrated for its regional significance and unique ambiance, it offers travelers an immersive experience in the culture, scenic beauty, and heritage of Andhra Pradesh.",Jul-Oct,https://upload.wikimedia.org/wikipedia/commons/9/9f/Tada_Falls.jpg?utm_source=en.wikipedia.org&utm_campaign=api&utm_content=thumbnail_unscaled
141,Chaparai Water Cascade (Dumbriguda),Andhra Pradesh,attraction,13.70241,79.38185,budget,4.6,6672,"Chaparai Water Cascade (Dumbriguda) is an authentic attraction destination located in ,  district of Andhra Pradesh. Celebrated for its regional significance and unique ambiance, it offers travelers an immersive experience in the culture, scenic beauty, and heritage of Andhra Pradesh.",Oct-Feb,https://thumb.wikimedia.org/wikipedia/commons/thumb/9/96/Katiki_Waterfalls.jpg/960px-Katiki_Waterfalls.jpg?utm_source=en.wikipedia.org&utm_campaign=api&utm_content=thumbnail
142,Lambasingi (Kashmir of Andhra Pradesh),Andhra Pradesh,attraction,17.80215,82.48804,budget,4.2,1889,"Lambasingi (Kashmir of Andhra Pradesh) is an authentic attraction destination located in ,  district of Andhra Pradesh. Celebrated for its regional significance and unique ambiance, it offers travelers an immersive experience in the culture, scenic beauty, and heritage of Andhra Pradesh.",Oct-Feb,https://thumb.wikimedia.org/wikipedia/commons/thumb/9/91/Valley_near_lambasinghi.jpg/960px-Valley_near_lambasinghi.jpg?utm_source=en.wikipedia.org&utm_campaign=api&utm_content=thumbnail
143,Maredumilli Eco-Tourism & Valmiki Valley,Andhra Pradesh,attraction,17.58749,81.71043,budget,4.2,1496,"Maredumilli Eco-Tourism & Valmiki Valley is an authentic attraction destination located in ,  district of Andhra Pradesh. Celebrated for its regional significance and unique ambiance, it offers travelers an immersive experience in the culture, scenic beauty, and heritage of Andhra Pradesh.",Oct-Feb,https://thumb.wikimedia.org/wikipedia/commons/thumb/9/91/Valley_near_lambasinghi.jpg/960px-Valley_near_lambasinghi.jpg?utm_source=en.wikipedia.org&utm_campaign=api&utm_content=thumbnail
144,INS Kursura Submarine Museum,Andhra Pradesh,attraction,16.52392,80.50467,mid,4.6,4909,"INS Kursura Submarine Museum is an authentic attraction destination located in ,  district of Andhra Pradesh. Celebrated for its regional significance and unique ambiance, it offers travelers an immersive experience in the culture, scenic beauty, and heritage of Andhra Pradesh.",Oct-Mar,https://thumb.wikimedia.org/wikipedia/commons/thumb/6/6e/Visakha_Museum.JPG/960px-Visakha_Museum.JPG?utm_source=en.wikipedia.org&utm_campaign=api&utm_content=thumbnail
145,TU-142 Aircraft Museum,Andhra Pradesh,attraction,16.97489,82.27186,mid,4.3,3125,"TU-142 Aircraft Museum is an authentic attraction destination located in ,  district of Andhra Pradesh. Celebrated for its regional significance and unique ambiance, it offers travelers an immersive experience in the culture, scenic beauty, and heritage of Andhra Pradesh.",Oct-Mar,https://thumb.wikimedia.org/wikipedia/commons/thumb/6/6e/Visakha_Museum.JPG/960px-Visakha_Museum.JPG?utm_source=en.wikipedia.org&utm_campaign=api&utm_content=thumbnail
146,Kailasagiri Hilltop Park & Sea Views,Andhra Pradesh,attraction,17.70514,83.2262,budget,4.0,940,"Kailasagiri Hilltop Park & Sea Views is an authentic attraction destination located in ,  district of Andhra Pradesh. Celebrated for its regional significance and unique ambiance, it offers travelers an immersive experience in the culture, scenic beauty, and heritage of Andhra Pradesh.",Oct-Feb,https://thumb.wikimedia.org/wikipedia/commons/thumb/c/ce/Mypadu_Beach.jpg/960px-Mypadu_Beach.jpg?utm_source=en.wikipedia.org&utm_campaign=api&utm_content=thumbnail
147,Rushikonda Beach Blue Flag,Andhra Pradesh,attraction,14.65579,77.62986,budget,4.4,1679,"Rushikonda Beach Blue Flag is an authentic attraction destination located in ,  district of Andhra Pradesh. Celebrated for its regional significance and unique ambiance, it offers travelers an immersive experience in the culture, scenic beauty, and heritage of Andhra Pradesh.",Oct-Feb,https://thumb.wikimedia.org/wikipedia/commons/thumb/c/ce/Mypadu_Beach.jpg/960px-Mypadu_Beach.jpg?utm_source=en.wikipedia.org&utm_campaign=api&utm_content=thumbnail
148,Thotlakonda Buddhist Complex,Andhra Pradesh,attraction,13.66072,79.38609,budget,4.4,2612,"Thotlakonda Buddhist Complex is an authentic attraction destination located in ,  district of Andhra Pradesh. Celebrated for its regional significance and unique ambiance, it offers travelers an immersive experience in the culture, scenic beauty, and heritage of Andhra Pradesh.",Oct-Feb,https://thumb.wikimedia.org/wikipedia/commons/thumb/4/4e/Mahabodhitemple.jpg/960px-Mahabodhitemple.jpg?utm_source=en.wikipedia.org&utm_campaign=api&utm_content=thumbnail
149,Bavikonda Buddhist Heritage Complex,Andhra Pradesh,attraction,13.79734,77.61857,budget,4.0,1044,"Bavikonda Buddhist Heritage Complex is an authentic attraction destination located in ,  district of Andhra Pradesh. Celebrated for its regional significance and unique ambiance, it offers travelers an immersive experience in the culture, scenic beauty, and heritage of Andhra Pradesh.",Oct-Feb,https://thumb.wikimedia.org/wikipedia/commons/thumb/4/4e/Mahabodhitemple.jpg/960px-Mahabodhitemple.jpg?utm_source=en.wikipedia.org&utm_campaign=api&utm_content=thumbnail
150,Gandikota Grand Canyon of India,Andhra Pradesh,attraction,14.80753,78.28964,budget,4.2,2884,"Gandikota Grand Canyon of India is an authentic attraction destination located in ,  district of Andhra Pradesh. Celebrated for its regional significance and unique ambiance, it offers travelers an immersive experience in the culture, scenic beauty, and heritage of Andhra Pradesh.",Oct-Feb,https://thumb.wikimedia.org/wikipedia/commons/thumb/e/e8/Buddhist_site_3rd_century_AD.jpg/960px-Buddhist_site_3rd_century_AD.jpg?utm_source=en.wikipedia.org&utm_campaign=api&utm_content=thumbnail
151,Gandikota Fort & Madhavaraya Temple,Andhra Pradesh,attraction,14.80171,78.27329,mid,4.0,228,"Gandikota Fort & Madhavaraya Temple is an authentic attraction destination located in ,  district of Andhra Pradesh. Celebrated for its regional significance and unique ambiance, it offers travelers an immersive experience in the culture, scenic beauty, and heritage of Andhra Pradesh.",Oct-Mar,https://thumb.wikimedia.org/wikipedia/commons/thumb/1/19/Sri_Kodanda_Rama_Swamy_Temple%2C_Vontimitta%2C_Kadapa.jpg/960px-Sri_Kodanda_Rama_Swamy_Temple%2C_Vontimitta%2C_Kadapa.jpg?utm_source=en.wikipedia.org&utm_campaign=api&utm_content=thumbnail
152,Belum Caves (Longest Cave in Plains),Andhra Pradesh,attraction,15.09677,78.11959,budget,4.0,759,"Belum Caves (Longest Cave in Plains) is an authentic attraction destination located in ,  district of Andhra Pradesh. Celebrated for its regional significance and unique ambiance, it offers travelers an immersive experience in the culture, scenic beauty, and heritage of Andhra Pradesh.",Oct-Feb,https://thumb.wikimedia.org/wikipedia/commons/thumb/6/6d/Belumcave1.jpg/960px-Belumcave1.jpg?utm_source=en.wikipedia.org&utm_campaign=api&utm_content=thumbnail
153,Yaganti Uma Maheshwara Temple (Growing Nandi),Andhra Pradesh,attraction,16.83446,82.27536,budget,4.4,2045,"Yaganti Uma Maheshwara Temple (Growing Nandi) is an authentic attraction destination located in ,  district of Andhra Pradesh. Celebrated for its regional significance and unique ambiance, it offers travelers an immersive experience in the culture, scenic beauty, and heritage of Andhra Pradesh.",Oct-Mar,https://thumb.wikimedia.org/wikipedia/commons/thumb/1/18/Simhachalam_temple_from_a_hilltop.jpg/960px-Simhachalam_temple_from_a_hilltop.jpg?utm_source=en.wikipedia.org&utm_campaign=api&utm_content=thumbnail
154,Ahobilam 9 Nava Narasimha Temples,Andhra Pradesh,attraction,17.71816,83.20289,budget,4.6,4058,"Ahobilam 9 Nava Narasimha Temples is an authentic attraction destination located in ,  district of Andhra Pradesh. Celebrated for its regional significance and unique ambiance, it offers travelers an immersive experience in the culture, scenic beauty, and heritage of Andhra Pradesh.",Oct-Mar,https://thumb.wikimedia.org/wikipedia/commons/thumb/1/1a/View_of_Swami_Pushkarni_of_Tirumala_at_Daytime.jpg/960px-View_of_Swami_Pushkarni_of_Tirumala_at_Daytime.jpg?utm_source=en.wikipedia.org&utm_campaign=api&utm_content=thumbnail
155,Konda Reddy Buruju Fort,Andhra Pradesh,attraction,14.8135,78.27795,mid,4.1,1017,"Konda Reddy Buruju Fort is an authentic attraction destination located in ,  district of Andhra Pradesh. Celebrated for its regional significance and unique ambiance, it offers travelers an immersive experience in the culture, scenic beauty, and heritage of Andhra Pradesh.",Oct-Feb,https://thumb.wikimedia.org/wikipedia/commons/thumb/b/b9/Gooty_Fort.JPG/960px-Gooty_Fort.JPG?utm_source=en.wikipedia.org&utm_campaign=api&utm_content=thumbnail
156,Oravakallu Rock Garden Quartz Formations,Andhra Pradesh,attraction,13.57112,79.30403,budget,4.7,5125,"Oravakallu Rock Garden Quartz Formations is an authentic attraction destination located in ,  district of Andhra Pradesh. Celebrated for its regional significance and unique ambiance, it offers travelers an immersive experience in the culture, scenic beauty, and heritage of Andhra Pradesh.",Oct-Feb,https://thumb.wikimedia.org/wikipedia/commons/thumb/c/c2/Lumbini_Park%2C_Hyderabad.jpg/960px-Lumbini_Park%2C_Hyderabad.jpg?utm_source=en.wikipedia.org&utm_campaign=api&utm_content=thumbnail
157,Mantralayam Sri Raghavendra Swamy Matha,Andhra Pradesh,attraction,17.03165,81.78874,budget,4.1,1226,"Mantralayam Sri Raghavendra Swamy Matha is an authentic attraction destination located in ,  district of Andhra Pradesh. Celebrated for its regional significance and unique ambiance, it offers travelers an immersive experience in the culture, scenic beauty, and heritage of Andhra Pradesh.",Oct-Feb,https://thumb.wikimedia.org/wikipedia/commons/thumb/4/4e/Tirumala_090615.jpg/960px-Tirumala_090615.jpg?utm_source=en.wikipedia.org&utm_campaign=api&utm_content=thumbnail
158,Lepakshi Monolithic Nandi,Andhra Pradesh,attraction,16.88059,82.27795,budget,4.1,728,"Lepakshi Monolithic Nandi is an authentic attraction destination located in ,  district of Andhra Pradesh. Celebrated for its regional significance and unique ambiance, it offers travelers an immersive experience in the culture, scenic beauty, and heritage of Andhra Pradesh.",Oct-Feb,https://thumb.wikimedia.org/wikipedia/commons/thumb/a/a2/Lepakshi_Nandi_Bull.jpg/960px-Lepakshi_Nandi_Bull.jpg
159,Mallikarjuna Swamy Jyotirlinga Srisailam,Andhra Pradesh,attraction,16.06171,78.86509,budget,4.7,6998,"Mallikarjuna Swamy Jyotirlinga Srisailam is an authentic attraction destination located in ,  district of Andhra Pradesh. Celebrated for its regional significance and unique ambiance, it offers travelers an immersive experience in the culture, scenic beauty, and heritage of Andhra Pradesh.",Oct-Feb,https://thumb.wikimedia.org/wikipedia/commons/thumb/e/e0/Srisailam_Temple_Gopuram.jpg/960px-Srisailam_Temple_Gopuram.jpg
160,Srisailam Dam on Krishna River,Andhra Pradesh,attraction,16.07116,78.87937,budget,4.3,3031,"Srisailam Dam on Krishna River is an authentic attraction destination located in ,  district of Andhra Pradesh. Celebrated for its regional significance and unique ambiance, it offers travelers an immersive experience in the culture, scenic beauty, and heritage of Andhra Pradesh.",Oct-Feb,https://thumb.wikimedia.org/wikipedia/commons/thumb/e/e0/Srisailam_Temple_Gopuram.jpg/960px-Srisailam_Temple_Gopuram.jpg
161,Akka Mahadevi Caves Srisailam,Andhra Pradesh,attraction,16.08679,78.87901,budget,4.3,2195,"Akka Mahadevi Caves Srisailam is an authentic attraction destination located in ,  district of Andhra Pradesh. Celebrated for its regional significance and unique ambiance, it offers travelers an immersive experience in the culture, scenic beauty, and heritage of Andhra Pradesh.",Oct-Feb,https://thumb.wikimedia.org/wikipedia/commons/thumb/e/e0/Srisailam_Temple_Gopuram.jpg/960px-Srisailam_Temple_Gopuram.jpg
162,Kanaka Durga Temple Indrakeeladri,Andhra Pradesh,attraction,13.79976,79.19157,budget,4.1,519,"Kanaka Durga Temple Indrakeeladri is an authentic attraction destination located in ,  district of Andhra Pradesh. Celebrated for its regional significance and unique ambiance, it offers travelers an immersive experience in the culture, scenic beauty, and heritage of Andhra Pradesh.",Oct-Mar,https://thumb.wikimedia.org/wikipedia/commons/thumb/1/19/Sri_Kodanda_Rama_Swamy_Temple%2C_Vontimitta%2C_Kadapa.jpg/960px-Sri_Kodanda_Rama_Swamy_Temple%2C_Vontimitta%2C_Kadapa.jpg?utm_source=en.wikipedia.org&utm_campaign=api&utm_content=thumbnail
163,Undavalli 4-Tier Rock Cut Caves,Andhra Pradesh,attraction,13.75777,79.7273,budget,4.6,8574,"Undavalli 4-Tier Rock Cut Caves is an authentic attraction destination located in ,  district of Andhra Pradesh. Celebrated for its regional significance and unique ambiance, it offers travelers an immersive experience in the culture, scenic beauty, and heritage of Andhra Pradesh.",Oct-Feb,https://thumb.wikimedia.org/wikipedia/commons/thumb/c/c1/Borra_caves%2C_Viskhapatnam.jpg/960px-Borra_caves%2C_Viskhapatnam.jpg?utm_source=en.wikipedia.org&utm_campaign=api&utm_content=thumbnail
164,Bhavani Island Krishna River Resort,Andhra Pradesh,hotel,15.08299,78.12181,mid,4.2,2763,"Bhavani Island Krishna River Resort is an authentic hotel destination located in ,  district of Andhra Pradesh. Celebrated for its regional significance and unique ambiance, it offers travelers an immersive experience in the culture, scenic beauty, and heritage of Andhra Pradesh.",Oct-Feb,https://thumb.wikimedia.org/wikipedia/commons/thumb/f/f1/East_Gopuram_of_Dwaraka_Tirumala_Temple.jpg/960px-East_Gopuram_of_Dwaraka_Tirumala_Temple.jpg?utm_source=en.wikipedia.org&utm_campaign=api&utm_content=thumbnail
165,Prakasam Barrage & Krishna Promenade,Andhra Pradesh,attraction,13.82685,79.21348,budget,4.5,8408,"Prakasam Barrage & Krishna Promenade is an authentic attraction destination located in ,  district of Andhra Pradesh. Celebrated for its regional significance and unique ambiance, it offers travelers an immersive experience in the culture, scenic beauty, and heritage of Andhra Pradesh.",Oct-Feb,https://thumb.wikimedia.org/wikipedia/commons/thumb/d/d5/Dowleswaram_Barrage.jpg/960px-Dowleswaram_Barrage.jpg?utm_source=en.wikipedia.org&utm_campaign=api&utm_content=thumbnail
166,Amaravati Great Mahachaitya Stupa,Andhra Pradesh,attraction,16.53663,80.50314,budget,4.0,947,"Amaravati Great Mahachaitya Stupa is an authentic attraction destination located in ,  district of Andhra Pradesh. Celebrated for its regional significance and unique ambiance, it offers travelers an immersive experience in the culture, scenic beauty, and heritage of Andhra Pradesh.",Oct-Feb,https://thumb.wikimedia.org/wikipedia/commons/thumb/4/4e/Mahabodhitemple.jpg/960px-Mahabodhitemple.jpg?utm_source=en.wikipedia.org&utm_campaign=api&utm_content=thumbnail
167,Dhyana Buddha Statue Amaravati,Andhra Pradesh,attraction,16.54482,80.5266,budget,4.6,5244,"Dhyana Buddha Statue Amaravati is an authentic attraction destination located in ,  district of Andhra Pradesh. Celebrated for its regional significance and unique ambiance, it offers travelers an immersive experience in the culture, scenic beauty, and heritage of Andhra Pradesh.",Oct-Feb,https://thumb.wikimedia.org/wikipedia/commons/thumb/d/d5/Dowleswaram_Barrage.jpg/960px-Dowleswaram_Barrage.jpg?utm_source=en.wikipedia.org&utm_campaign=api&utm_content=thumbnail
168,Mangalagiri Panakala Lakshmi Narasimha Swamy,Andhra Pradesh,attraction,17.60532,81.74694,budget,4.4,2148,"Mangalagiri Panakala Lakshmi Narasimha Swamy is an authentic attraction destination located in ,  district of Andhra Pradesh. Celebrated for its regional significance and unique ambiance, it offers travelers an immersive experience in the culture, scenic beauty, and heritage of Andhra Pradesh.",Oct-Feb,https://thumb.wikimedia.org/wikipedia/commons/thumb/d/d5/Dowleswaram_Barrage.jpg/960px-Dowleswaram_Barrage.jpg?utm_source=en.wikipedia.org&utm_campaign=api&utm_content=thumbnail
169,Kondapalli Fort & Toy Artisan Village,Andhra Pradesh,attraction,16.04754,78.89537,mid,4.5,2950,"Kondapalli Fort & Toy Artisan Village is an authentic attraction destination located in ,  district of Andhra Pradesh. Celebrated for its regional significance and unique ambiance, it offers travelers an immersive experience in the culture, scenic beauty, and heritage of Andhra Pradesh.",Oct-Feb,https://upload.wikimedia.org/wikipedia/commons/5/5a/Vijayawada-Kondapalli_Quilla.jpg?utm_source=en.wikipedia.org&utm_campaign=api&utm_content=thumbnail_unscaled
170,Papikondalu Hills Godavari Boat Cruise,Andhra Pradesh,attraction,15.13066,78.09213,mid,3.9,1183,"Papikondalu Hills Godavari Boat Cruise is an authentic attraction destination located in ,  district of Andhra Pradesh. Celebrated for its regional significance and unique ambiance, it offers travelers an immersive experience in the culture, scenic beauty, and heritage of Andhra Pradesh.",Oct-Feb,https://thumb.wikimedia.org/wikipedia/commons/thumb/d/d5/Dowleswaram_Barrage.jpg/960px-Dowleswaram_Barrage.jpg?utm_source=en.wikipedia.org&utm_campaign=api&utm_content=thumbnail
171,Dowleswaram Barrage Sir Arthur Cotton Museum,Andhra Pradesh,attraction,17.01023,81.83102,mid,3.9,359,"Dowleswaram Barrage Sir Arthur Cotton Museum is an authentic attraction destination located in ,  district of Andhra Pradesh. Celebrated for its regional significance and unique ambiance, it offers travelers an immersive experience in the culture, scenic beauty, and heritage of Andhra Pradesh.",Oct-Mar,https://thumb.wikimedia.org/wikipedia/commons/thumb/4/44/Bapu_museum_18.jpg/960px-Bapu_museum_18.jpg?utm_source=en.wikipedia.org&utm_campaign=api&utm_content=thumbnail
172,Dindi Backwaters & Coconut Country,Andhra Pradesh,attraction,16.06315,78.88942,budget,4.6,1694,"Dindi Backwaters & Coconut Country is an authentic attraction destination located in ,  district of Andhra Pradesh. Celebrated for its regional significance and unique ambiance, it offers travelers an immersive experience in the culture, scenic beauty, and heritage of Andhra Pradesh.",Oct-Feb,https://thumb.wikimedia.org/wikipedia/commons/thumb/e/e4/Horsley_Hills.jpg/960px-Horsley_Hills.jpg?utm_source=en.wikipedia.org&utm_campaign=imageinfo&utm_content=thumbnail
173,Antarvedi Sri Lakshmi Narasimha Swamy Temple,Andhra Pradesh,attraction,15.1014,78.1132,budget,4.2,3397,"Antarvedi Sri Lakshmi Narasimha Swamy Temple is an authentic attraction destination located in ,  district of Andhra Pradesh. Celebrated for its regional significance and unique ambiance, it offers travelers an immersive experience in the culture, scenic beauty, and heritage of Andhra Pradesh.",Oct-Mar,https://thumb.wikimedia.org/wikipedia/commons/thumb/8/84/Uma-Maheswaraswami_Temple.jpg/960px-Uma-Maheswaraswami_Temple.jpg?utm_source=en.wikipedia.org&utm_campaign=api&utm_content=thumbnail
174,Draksharamam Bhimeswara Temple (Pancharama),Andhra Pradesh,attraction,17.67931,83.21115,budget,4.4,955,"Draksharamam Bhimeswara Temple (Pancharama) is an authentic attraction destination located in ,  district of Andhra Pradesh. Celebrated for its regional significance and unique ambiance, it offers travelers an immersive experience in the culture, scenic beauty, and heritage of Andhra Pradesh.",Oct-Mar,https://thumb.wikimedia.org/wikipedia/commons/thumb/d/dd/Brihadisvara_Temple_during_Maha_Shivaratri-WUS03611_%28edit%29.jpg/960px-Brihadisvara_Temple_during_Maha_Shivaratri-WUS03611_%28edit%29.jpg?utm_source=commons.wikimedia.org&utm_campaign=imageinfo&utm_content=thumbnail
175,Annavaram Sri Veera Venkata Satyanarayana Swamy,Andhra Pradesh,attraction,16.97881,82.21565,budget,3.9,852,"Annavaram Sri Veera Venkata Satyanarayana Swamy is an authentic attraction destination located in ,  district of Andhra Pradesh. Celebrated for its regional significance and unique ambiance, it offers travelers an immersive experience in the culture, scenic beauty, and heritage of Andhra Pradesh.",Oct-Feb,https://thumb.wikimedia.org/wikipedia/commons/thumb/e/e8/Buddhist_site_3rd_century_AD.jpg/960px-Buddhist_site_3rd_century_AD.jpg?utm_source=en.wikipedia.org&utm_campaign=api&utm_content=thumbnail
176,Horsley Hills Hill Resort,Andhra Pradesh,hotel,13.64796,78.40027,mid,4.4,1095,"Horsley Hills Hill Resort is an authentic hotel destination located in ,  district of Andhra Pradesh. Celebrated for its regional significance and unique ambiance, it offers travelers an immersive experience in the culture, scenic beauty, and heritage of Andhra Pradesh.",Oct-Feb,https://thumb.wikimedia.org/wikipedia/commons/thumb/f/f1/East_Gopuram_of_Dwaraka_Tirumala_Temple.jpg/960px-East_Gopuram_of_Dwaraka_Tirumala_Temple.jpg?utm_source=en.wikipedia.org&utm_campaign=api&utm_content=thumbnail
177,Pulicat Lake & Flamingos Sanctuary,Andhra Pradesh,attraction,16.52224,80.48108,budget,4.4,708,"Pulicat Lake & Flamingos Sanctuary is an authentic attraction destination located in ,  district of Andhra Pradesh. Celebrated for its regional significance and unique ambiance, it offers travelers an immersive experience in the culture, scenic beauty, and heritage of Andhra Pradesh.",Oct-Feb,https://thumb.wikimedia.org/wikipedia/commons/thumb/c/cc/India_-_Pulicat_Lake_-_023_-_lake_landscape.jpg/960px-India_-_Pulicat_Lake_-_023_-_lake_landscape.jpg?utm_source=en.wikipedia.org&utm_campaign=api&utm_content=thumbnail
178,Nelapattu Bird Sanctuary Pelicans,Andhra Pradesh,attraction,16.50859,80.52658,budget,3.9,783,"Nelapattu Bird Sanctuary Pelicans is an authentic attraction destination located in ,  district of Andhra Pradesh. Celebrated for its regional significance and unique ambiance, it offers travelers an immersive experience in the culture, scenic beauty, and heritage of Andhra Pradesh.",Oct-Feb,https://thumb.wikimedia.org/wikipedia/commons/thumb/3/31/Nallamala_View.JPG/960px-Nallamala_View.JPG?utm_source=en.wikipedia.org&utm_campaign=api&utm_content=thumbnail
179,Kanipakam Varasiddhi Vinayaka Temple,Andhra Pradesh,attraction,13.62411,79.40254,budget,4.5,3739,"Kanipakam Varasiddhi Vinayaka Temple is an authentic attraction destination located in ,  district of Andhra Pradesh. Celebrated for its regional significance and unique ambiance, it offers travelers an immersive experience in the culture, scenic beauty, and heritage of Andhra Pradesh.",Oct-Mar,https://upload.wikimedia.org/wikipedia/commons/b/b4/Tadpatri%2C_Andhra_Pradesh_ruins_of_Ramalingeshvara_Hindu_temple%2C_1868_photo.jpg?utm_source=en.wikipedia.org&utm_campaign=api&utm_content=thumbnail_unscaled
180,Thimmamma Marrimanu (World's Largest Banyan Canopy),Andhra Pradesh,attraction,17.59846,81.74211,budget,4.0,469,"Thimmamma Marrimanu (World's Largest Banyan Canopy) is an authentic attraction destination located in ,  district of Andhra Pradesh. Celebrated for its regional significance and unique ambiance, it offers travelers an immersive experience in the culture, scenic beauty, and heritage of Andhra Pradesh.",Oct-Feb,https://thumb.wikimedia.org/wikipedia/commons/thumb/6/65/Thimmamma_Marrimanu_Anantapur_dt_Andhra_JEG9125_%28cropped%29.JPG/960px-Thimmamma_Marrimanu_Anantapur_dt_Andhra_JEG9125_%28cropped%29.JPG?utm_source=en.wikipedia.org&utm_campaign=api&utm_content=thumbnail
181,Gooty Fort (Historic Rammurthy Hill Fortress),Andhra Pradesh,attraction,14.67917,77.63266,mid,4.6,5967,"Gooty Fort (Historic Rammurthy Hill Fortress) is an authentic attraction destination located in ,  district of Andhra Pradesh. Celebrated for its regional significance and unique ambiance, it offers travelers an immersive experience in the culture, scenic beauty, and heritage of Andhra Pradesh.",Oct-Feb,https://thumb.wikimedia.org/wikipedia/commons/thumb/b/b9/Gooty_Fort.JPG/960px-Gooty_Fort.JPG?utm_source=en.wikipedia.org&utm_campaign=api&utm_content=thumbnail
182,Penukonda Fort & Gagan Mahal Palace,Andhra Pradesh,attraction,13.7612,79.69608,mid,4.2,506,"Penukonda Fort & Gagan Mahal Palace is an authentic attraction destination located in ,  district of Andhra Pradesh. Celebrated for its regional significance and unique ambiance, it offers travelers an immersive experience in the culture, scenic beauty, and heritage of Andhra Pradesh.",Oct-Feb,https://thumb.wikimedia.org/wikipedia/commons/thumb/b/b9/Gooty_Fort.JPG/960px-Gooty_Fort.JPG?utm_source=en.wikipedia.org&utm_campaign=api&utm_content=thumbnail
183,Tadipatri Chintala Venkataramana Temple (Vijayanagara Stone Art),Andhra Pradesh,attraction,17.65831,83.20149,budget,4.2,3210,"Tadipatri Chintala Venkataramana Temple (Vijayanagara Stone Art) is an authentic attraction destination located in ,  district of Andhra Pradesh. Celebrated for its regional significance and unique ambiance, it offers travelers an immersive experience in the culture, scenic beauty, and heritage of Andhra Pradesh.",Oct-Mar,https://thumb.wikimedia.org/wikipedia/commons/thumb/8/8e/Kanipakam_Temple.jpg/960px-Kanipakam_Temple.jpg?utm_source=en.wikipedia.org&utm_campaign=api&utm_content=thumbnail
184,Bugga Ramalingeswara Temple (Perennial Underground Spring),Andhra Pradesh,attraction,13.77578,77.58924,budget,4.4,965,"Bugga Ramalingeswara Temple (Perennial Underground Spring) is an authentic attraction destination located in ,  district of Andhra Pradesh. Celebrated for its regional significance and unique ambiance, it offers travelers an immersive experience in the culture, scenic beauty, and heritage of Andhra Pradesh.",Oct-Mar,https://upload.wikimedia.org/wikipedia/commons/b/b4/Tadpatri%2C_Andhra_Pradesh_ruins_of_Ramalingeshvara_Hindu_temple%2C_1868_photo.jpg?utm_source=en.wikipedia.org&utm_campaign=api&utm_content=thumbnail_unscaled
185,Prashanthi Nilayam (Sathya Sai Ashram),Andhra Pradesh,attraction,17.80697,82.46342,budget,4.2,638,"Prashanthi Nilayam (Sathya Sai Ashram) is an authentic attraction destination located in ,  district of Andhra Pradesh. Celebrated for its regional significance and unique ambiance, it offers travelers an immersive experience in the culture, scenic beauty, and heritage of Andhra Pradesh.",Oct-Feb,https://thumb.wikimedia.org/wikipedia/commons/thumb/d/da/Sri_Sathya_Sai_Baba_Mahasamadhi_at_Sai_Kulwant_Hall.jpg/960px-Sri_Sathya_Sai_Baba_Mahasamadhi_at_Sai_Kulwant_Hall.jpg?utm_source=en.wikipedia.org&utm_campaign=api&utm_content=thumbnail
186,Kadiri Lakshmi Narasimha Swamy Temple,Andhra Pradesh,attraction,13.78226,79.2503,budget,4.3,1656,"Kadiri Lakshmi Narasimha Swamy Temple is an authentic attraction destination located in ,  district of Andhra Pradesh. Celebrated for its regional significance and unique ambiance, it offers travelers an immersive experience in the culture, scenic beauty, and heritage of Andhra Pradesh.",Oct-Mar,https://thumb.wikimedia.org/wikipedia/commons/thumb/1/18/Simhachalam_temple_from_a_hilltop.jpg/960px-Simhachalam_temple_from_a_hilltop.jpg?utm_source=en.wikipedia.org&utm_campaign=api&utm_content=thumbnail
187,Horsley Hills (Ooty of Andhra Pradesh),Andhra Pradesh,attraction,13.64568,78.39451,budget,4.6,1272,"Horsley Hills (Ooty of Andhra Pradesh) is an authentic attraction destination located in ,  district of Andhra Pradesh. Celebrated for its regional significance and unique ambiance, it offers travelers an immersive experience in the culture, scenic beauty, and heritage of Andhra Pradesh.",Oct-Feb,https://thumb.wikimedia.org/wikipedia/commons/thumb/e/e4/Horsley_Hills.jpg/960px-Horsley_Hills.jpg?utm_source=en.wikipedia.org&utm_campaign=imageinfo&utm_content=thumbnail
188,Gurramkonda Fort & Rangin Mahal,Andhra Pradesh,attraction,17.82062,82.4658,mid,4.6,8710,"Gurramkonda Fort & Rangin Mahal is an authentic attraction destination located in ,  district of Andhra Pradesh. Celebrated for its regional significance and unique ambiance, it offers travelers an immersive experience in the culture, scenic beauty, and heritage of Andhra Pradesh.",Oct-Feb,https://thumb.wikimedia.org/wikipedia/commons/thumb/b/b9/Gooty_Fort.JPG/960px-Gooty_Fort.JPG?utm_source=en.wikipedia.org&utm_campaign=api&utm_content=thumbnail
189,Nagalapuram Waterfalls & Trek,Andhra Pradesh,attraction,17.69758,83.19694,budget,4.4,2522,"Nagalapuram Waterfalls & Trek is an authentic attraction destination located in ,  district of Andhra Pradesh. Celebrated for its regional significance and unique ambiance, it offers travelers an immersive experience in the culture, scenic beauty, and heritage of Andhra Pradesh.",Jul-Oct,https://thumb.wikimedia.org/wikipedia/commons/thumb/9/96/Katiki_Waterfalls.jpg/960px-Katiki_Waterfalls.jpg?utm_source=en.wikipedia.org&utm_campaign=api&utm_content=thumbnail
190,Tada Falls (Ubbalamadugu Waterfalls),Andhra Pradesh,attraction,13.64168,79.39624,budget,4.1,1001,"Tada Falls (Ubbalamadugu Waterfalls) is an authentic attraction destination located in ,  district of Andhra Pradesh. Celebrated for its regional significance and unique ambiance, it offers travelers an immersive experience in the culture, scenic beauty, and heritage of Andhra Pradesh.",Jul-Oct,https://upload.wikimedia.org/wikipedia/commons/9/9f/Tada_Falls.jpg?utm_source=en.wikipedia.org&utm_campaign=api&utm_content=thumbnail_unscaled
191,Kailasakona Waterfalls & Perennial Spring,Andhra Pradesh,attraction,15.79443,78.0149,budget,4.4,2606,"Kailasakona Waterfalls & Perennial Spring is an authentic attraction destination located in ,  district of Andhra Pradesh. Celebrated for its regional significance and unique ambiance, it offers travelers an immersive experience in the culture, scenic beauty, and heritage of Andhra Pradesh.",Jul-Oct,https://thumb.wikimedia.org/wikipedia/commons/thumb/8/81/The_View_of_the_Athirapally_Falls_during_the_onset_of_Monsoon.jpg/960px-The_View_of_the_Athirapally_Falls_during_the_onset_of_Monsoon.jpg?utm_source=en.wikipedia.org&utm_campaign=api&utm_content=thumbnail
192,Gandikota Fort & Grand Canyon of India (Pennar Gorge),Andhra Pradesh,attraction,14.8138,78.29237,mid,4.4,1177,"Gandikota Fort & Grand Canyon of India (Pennar Gorge) is an authentic attraction destination located in ,  district of Andhra Pradesh. Celebrated for its regional significance and unique ambiance, it offers travelers an immersive experience in the culture, scenic beauty, and heritage of Andhra Pradesh.",Oct-Feb,https://thumb.wikimedia.org/wikipedia/commons/thumb/4/41/East_facade_Hawa_Mahal_Jaipur_from_ground_level_%28July_2022%29_-_img_01.jpg/960px-East_facade_Hawa_Mahal_Jaipur_from_ground_level_%28July_2022%29_-_img_01.jpg?utm_source=en.wikipedia.org&utm_campaign=api&utm_content=thumbnail
193,Vontimitta Kodandarama Swamy Temple (Ekasila Nagaram),Andhra Pradesh,attraction,16.99183,82.23616,budget,4.6,9001,"Vontimitta Kodandarama Swamy Temple (Ekasila Nagaram) is an authentic attraction destination located in ,  district of Andhra Pradesh. Celebrated for its regional significance and unique ambiance, it offers travelers an immersive experience in the culture, scenic beauty, and heritage of Andhra Pradesh.",Oct-Mar,https://thumb.wikimedia.org/wikipedia/commons/thumb/1/19/Sri_Kodanda_Rama_Swamy_Temple%2C_Vontimitta%2C_Kadapa.jpg/960px-Sri_Kodanda_Rama_Swamy_Temple%2C_Vontimitta%2C_Kadapa.jpg?utm_source=en.wikipedia.org&utm_campaign=api&utm_content=thumbnail
194,Ameen Peer Dargah (Asthana-e-Maghoot / Pedda Dargah),Andhra Pradesh,attraction,16.82179,82.30875,budget,4.0,724,"Ameen Peer Dargah (Asthana-e-Maghoot / Pedda Dargah) is an authentic attraction destination located in ,  district of Andhra Pradesh. Celebrated for its regional significance and unique ambiance, it offers travelers an immersive experience in the culture, scenic beauty, and heritage of Andhra Pradesh.",Oct-Feb,https://thumb.wikimedia.org/wikipedia/commons/thumb/4/4e/Buland_Darwaza_Fatehpur_Sikri.jpg/960px-Buland_Darwaza_Fatehpur_Sikri.jpg
195,Pushpagiri Temple Complex & Hill (Second Kashi of South),Andhra Pradesh,attraction,18.32168,82.91746,budget,4.7,9016,"Pushpagiri Temple Complex & Hill (Second Kashi of South) is an authentic attraction destination located in ,  district of Andhra Pradesh. Celebrated for its regional significance and unique ambiance, it offers travelers an immersive experience in the culture, scenic beauty, and heritage of Andhra Pradesh.",Oct-Mar,https://thumb.wikimedia.org/wikipedia/commons/thumb/4/4e/Tirumala_090615.jpg/960px-Tirumala_090615.jpg?utm_source=en.wikipedia.org&utm_campaign=api&utm_content=thumbnail
196,Siddhavatam Fort on Pennar River,Andhra Pradesh,attraction,14.68946,77.57169,mid,4.3,2401,"Siddhavatam Fort on Pennar River is an authentic attraction destination located in ,  district of Andhra Pradesh. Celebrated for its regional significance and unique ambiance, it offers travelers an immersive experience in the culture, scenic beauty, and heritage of Andhra Pradesh.",Oct-Feb,https://thumb.wikimedia.org/wikipedia/commons/thumb/b/b9/Gooty_Fort.JPG/960px-Gooty_Fort.JPG?utm_source=en.wikipedia.org&utm_campaign=api&utm_content=thumbnail
197,Yaganti Uma Maheshwara Temple (Growing Nandi Idol),Andhra Pradesh,attraction,13.80487,79.21215,budget,4.7,5142,"Yaganti Uma Maheshwara Temple (Growing Nandi Idol) is an authentic attraction destination located in ,  district of Andhra Pradesh. Celebrated for its regional significance and unique ambiance, it offers travelers an immersive experience in the culture, scenic beauty, and heritage of Andhra Pradesh.",Oct-Mar,https://thumb.wikimedia.org/wikipedia/commons/thumb/1/18/Simhachalam_temple_from_a_hilltop.jpg/960px-Simhachalam_temple_from_a_hilltop.jpg?utm_source=en.wikipedia.org&utm_campaign=api&utm_content=thumbnail
198,Belum Caves (Longest Subterranean Cave System in Indian Plains),Andhra Pradesh,attraction,15.10457,78.11209,budget,4.7,3940,"Belum Caves (Longest Subterranean Cave System in Indian Plains) is an authentic attraction destination located in ,  district of Andhra Pradesh. Celebrated for its regional significance and unique ambiance, it offers travelers an immersive experience in the culture, scenic beauty, and heritage of Andhra Pradesh.",Oct-Feb,https://thumb.wikimedia.org/wikipedia/commons/thumb/6/6d/Belumcave1.jpg/960px-Belumcave1.jpg?utm_source=en.wikipedia.org&utm_campaign=api&utm_content=thumbnail
199,Ahobilam (Nava Narasimha Sacred Hills & Forest Shrines),Andhra Pradesh,attraction,13.72984,79.68663,budget,4.1,1062,"Ahobilam (Nava Narasimha Sacred Hills & Forest Shrines) is an authentic attraction destination located in ,  district of Andhra Pradesh. Celebrated for its regional significance and unique ambiance, it offers travelers an immersive experience in the culture, scenic beauty, and heritage of Andhra Pradesh.",Oct-Feb,https://thumb.wikimedia.org/wikipedia/commons/thumb/4/4c/Upper_Ahobilam_temple_Gopuram_02.jpg/960px-Upper_Ahobilam_temple_Gopuram_02.jpg?utm_source=en.wikipedia.org&utm_campaign=api&utm_content=thumbnail
200,Konda Reddy Buruju (Historic Kurnool Fortress Bastion),Andhra Pradesh,attraction,15.81505,78.04207,mid,4.5,5400,"Konda Reddy Buruju (Historic Kurnool Fortress Bastion) is an authentic attraction destination located in ,  district of Andhra Pradesh. Celebrated for its regional significance and unique ambiance, it offers travelers an immersive experience in the culture, scenic beauty, and heritage of Andhra Pradesh.",Oct-Feb,https://upload.wikimedia.org/wikipedia/commons/a/ac/A_Hindu_temple_at_Annavaram_Andhra_Pradesh.jpg?utm_source=en.wikipedia.org&utm_campaign=imageinfo&utm_content=thumbnail_unscaled
201,Rollapadu Wildlife Sanctuary (Great Indian Bustard Habitat),Andhra Pradesh,attraction,18.26159,83.00577,budget,4.3,2131,"Rollapadu Wildlife Sanctuary (Great Indian Bustard Habitat) is an authentic attraction destination located in ,  district of Andhra Pradesh. Celebrated for its regional significance and unique ambiance, it offers travelers an immersive experience in the culture, scenic beauty, and heritage of Andhra Pradesh.",Oct-Feb,https://thumb.wikimedia.org/wikipedia/commons/thumb/b/b3/Blackbucks_Sparring.jpg/960px-Blackbucks_Sparring.jpg?utm_source=en.wikipedia.org&utm_campaign=api&utm_content=thumbnail
202,Mahanandi Temple & Sacred Crystal Springs,Andhra Pradesh,attraction,15.09804,78.10844,budget,4.5,2574,"Mahanandi Temple & Sacred Crystal Springs is an authentic attraction destination located in ,  district of Andhra Pradesh. Celebrated for its regional significance and unique ambiance, it offers travelers an immersive experience in the culture, scenic beauty, and heritage of Andhra Pradesh.",Oct-Mar,https://thumb.wikimedia.org/wikipedia/commons/thumb/8/84/Uma-Maheswaraswami_Temple.jpg/960px-Uma-Maheswaraswami_Temple.jpg?utm_source=en.wikipedia.org&utm_campaign=api&utm_content=thumbnail
203,Arasavalli Sun Temple (Ancient Surya Shrine of Kalinga),Andhra Pradesh,attraction,13.58484,79.30683,budget,4.0,430,"Arasavalli Sun Temple (Ancient Surya Shrine of Kalinga) is an authentic attraction destination located in ,  district of Andhra Pradesh. Celebrated for its regional significance and unique ambiance, it offers travelers an immersive experience in the culture, scenic beauty, and heritage of Andhra Pradesh.",Oct-Mar,https://thumb.wikimedia.org/wikipedia/commons/thumb/0/0d/Arasavilli_Sri_Suryanarayanamurty_Temple_of_Srikakulam%2C_Andhra_Pradesh_%283%29.jpg/960px-Arasavilli_Sri_Suryanarayanamurty_Temple_of_Srikakulam%2C_Andhra_Pradesh_%283%29.jpg?utm_source=en.wikipedia.org&utm_campaign=api&utm_content=thumbnail
204,Srimukhalingam Temple (7th-century Kalinga Stone Architecture),Andhra Pradesh,attraction,16.14598,81.11523,budget,4.0,636,"Srimukhalingam Temple (7th-century Kalinga Stone Architecture) is an authentic attraction destination located in ,  district of Andhra Pradesh. Celebrated for its regional significance and unique ambiance, it offers travelers an immersive experience in the culture, scenic beauty, and heritage of Andhra Pradesh.",Oct-Mar,https://thumb.wikimedia.org/wikipedia/commons/thumb/8/84/Uma-Maheswaraswami_Temple.jpg/960px-Uma-Maheswaraswami_Temple.jpg?utm_source=en.wikipedia.org&utm_campaign=api&utm_content=thumbnail
205,Kalingapatnam Beach & Colonial Lighthouse,Andhra Pradesh,attraction,18.31419,82.86426,budget,4.2,3024,"Kalingapatnam Beach & Colonial Lighthouse is an authentic attraction destination located in ,  district of Andhra Pradesh. Celebrated for its regional significance and unique ambiance, it offers travelers an immersive experience in the culture, scenic beauty, and heritage of Andhra Pradesh.",Oct-Feb,https://thumb.wikimedia.org/wikipedia/commons/thumb/a/a5/RK_Beach_Night.jpg/960px-RK_Beach_Night.jpg?utm_source=en.wikipedia.org&utm_campaign=api&utm_content=thumbnail
206,Salihundam Buddhist Stupa & Relic Mound on Vamsadhara,Andhra Pradesh,attraction,14.81917,78.31939,budget,4.3,2983,"Salihundam Buddhist Stupa & Relic Mound on Vamsadhara is an authentic attraction destination located in ,  district of Andhra Pradesh. Celebrated for its regional significance and unique ambiance, it offers travelers an immersive experience in the culture, scenic beauty, and heritage of Andhra Pradesh.",Oct-Feb,https://thumb.wikimedia.org/wikipedia/commons/thumb/7/7f/Shanti_Stupa_at_Rajgir_%28cropped%29.jpg/960px-Shanti_Stupa_at_Rajgir_%28cropped%29.jpg
207,Draksharamam Bhimeswara Swamy Temple (Pancharama Kshetra),Andhra Pradesh,attraction,14.83709,78.26598,budget,4.6,4316,"Draksharamam Bhimeswara Swamy Temple (Pancharama Kshetra) is an authentic attraction destination located in ,  district of Andhra Pradesh. Celebrated for its regional significance and unique ambiance, it offers travelers an immersive experience in the culture, scenic beauty, and heritage of Andhra Pradesh.",Oct-Mar,https://thumb.wikimedia.org/wikipedia/commons/thumb/1/18/Simhachalam_temple_from_a_hilltop.jpg/960px-Simhachalam_temple_from_a_hilltop.jpg?utm_source=en.wikipedia.org&utm_campaign=api&utm_content=thumbnail
208,Antarvedi Lakshmi Narasimha Swamy Temple & Sagara Sangam,Andhra Pradesh,attraction,13.75357,79.70378,budget,4.7,5177,"Antarvedi Lakshmi Narasimha Swamy Temple & Sagara Sangam is an authentic attraction destination located in ,  district of Andhra Pradesh. Celebrated for its regional significance and unique ambiance, it offers travelers an immersive experience in the culture, scenic beauty, and heritage of Andhra Pradesh.",Oct-Mar,https://thumb.wikimedia.org/wikipedia/commons/thumb/9/98/Sri_Kala_Hasti.jpg/960px-Sri_Kala_Hasti.jpg?utm_source=en.wikipedia.org&utm_campaign=api&utm_content=thumbnail
209,Annavaram Veera Venkata Satyanarayana Swamy Temple,Andhra Pradesh,attraction,17.84393,82.49548,budget,4.0,917,"Annavaram Veera Venkata Satyanarayana Swamy Temple is an authentic attraction destination located in ,  district of Andhra Pradesh. Celebrated for its regional significance and unique ambiance, it offers travelers an immersive experience in the culture, scenic beauty, and heritage of Andhra Pradesh.",Oct-Mar,https://thumb.wikimedia.org/wikipedia/commons/thumb/9/98/Sri_Kala_Hasti.jpg/960px-Sri_Kala_Hasti.jpg?utm_source=en.wikipedia.org&utm_campaign=api&utm_content=thumbnail
210,Coringa Wildlife Sanctuary & Mangrove Boardwalk,Andhra Pradesh,attraction,16.83539,82.31182,budget,4.7,4872,"Coringa Wildlife Sanctuary & Mangrove Boardwalk is an authentic attraction destination located in ,  district of Andhra Pradesh. Celebrated for its regional significance and unique ambiance, it offers travelers an immersive experience in the culture, scenic beauty, and heritage of Andhra Pradesh.",Oct-Feb,https://thumb.wikimedia.org/wikipedia/commons/thumb/3/31/Nallamala_View.JPG/960px-Nallamala_View.JPG?utm_source=en.wikipedia.org&utm_campaign=api&utm_content=thumbnail
211,Hope Island & Kakinada Bay Eco-Beach,Andhra Pradesh,attraction,16.99696,82.24111,budget,4.4,1108,"Hope Island & Kakinada Bay Eco-Beach is an authentic attraction destination located in ,  district of Andhra Pradesh. Celebrated for its regional significance and unique ambiance, it offers travelers an immersive experience in the culture, scenic beauty, and heritage of Andhra Pradesh.",Oct-Feb,https://thumb.wikimedia.org/wikipedia/commons/thumb/4/42/Man_Made_Island_near_Bhavani_Island.jpg/960px-Man_Made_Island_near_Bhavani_Island.jpg?utm_source=en.wikipedia.org&utm_campaign=api&utm_content=thumbnail
212,Dwaraka Tirumala (Chinna Tirupati Temple),Andhra Pradesh,hotel,13.63924,79.42007,budget,4.3,1393,"Dwaraka Tirumala (Chinna Tirupati Temple) is an authentic hotel destination located in ,  district of Andhra Pradesh. Celebrated for its regional significance and unique ambiance, it offers travelers an immersive experience in the culture, scenic beauty, and heritage of Andhra Pradesh.",Oct-Mar,https://thumb.wikimedia.org/wikipedia/commons/thumb/4/4e/Tirumala_Venkateswara_Temple_Ananda_Nilayam.jpg/960px-Tirumala_Venkateswara_Temple_Ananda_Nilayam.jpg
213,Kolleru Lake & Atapaka Bird Sanctuary (Pelican Paradise),Andhra Pradesh,attraction,16.50907,80.61965,budget,4.5,5673,"Kolleru Lake & Atapaka Bird Sanctuary (Pelican Paradise) is an authentic attraction destination located in ,  district of Andhra Pradesh. Celebrated for its regional significance and unique ambiance, it offers travelers an immersive experience in the culture, scenic beauty, and heritage of Andhra Pradesh.",Oct-Feb,https://thumb.wikimedia.org/wikipedia/commons/thumb/2/20/A_bridge_over_Kolleru.jpg/960px-A_bridge_over_Kolleru.jpg?utm_source=en.wikipedia.org&utm_campaign=api&utm_content=thumbnail
214,Guntupalli Buddhist Rock-Cut Caves & Monolithic Stupas,Andhra Pradesh,attraction,17.80256,82.46566,budget,4.5,8956,"Guntupalli Buddhist Rock-Cut Caves & Monolithic Stupas is an authentic attraction destination located in ,  district of Andhra Pradesh. Celebrated for its regional significance and unique ambiance, it offers travelers an immersive experience in the culture, scenic beauty, and heritage of Andhra Pradesh.",Oct-Feb,https://thumb.wikimedia.org/wikipedia/commons/thumb/1/1a/Buddha_Smriti_Park.jpg/960px-Buddha_Smriti_Park.jpg
215,Mypadu Beach & Coastal Promenade,Andhra Pradesh,attraction,18.34611,82.85551,budget,4.7,8716,"Mypadu Beach & Coastal Promenade is an authentic attraction destination located in ,  district of Andhra Pradesh. Celebrated for its regional significance and unique ambiance, it offers travelers an immersive experience in the culture, scenic beauty, and heritage of Andhra Pradesh.",Oct-Feb,https://thumb.wikimedia.org/wikipedia/commons/thumb/c/ce/Mypadu_Beach.jpg/960px-Mypadu_Beach.jpg?utm_source=en.wikipedia.org&utm_campaign=api&utm_content=thumbnail
216,Udayagiri Fort & Sanjeevani Hill,Andhra Pradesh,attraction,13.7769,77.62592,mid,4.7,6317,"Udayagiri Fort & Sanjeevani Hill is an authentic attraction destination located in ,  district of Andhra Pradesh. Celebrated for its regional significance and unique ambiance, it offers travelers an immersive experience in the culture, scenic beauty, and heritage of Andhra Pradesh.",Oct-Feb,https://upload.wikimedia.org/wikipedia/commons/5/5a/Vijayawada-Kondapalli_Quilla.jpg?utm_source=en.wikipedia.org&utm_campaign=api&utm_content=thumbnail_unscaled
217,Pulicat Lake Bird Sanctuary & Flamingo Lagoon,Andhra Pradesh,attraction,17.66839,83.23838,budget,4.6,3448,"Pulicat Lake Bird Sanctuary & Flamingo Lagoon is an authentic attraction destination located in ,  district of Andhra Pradesh. Celebrated for its regional significance and unique ambiance, it offers travelers an immersive experience in the culture, scenic beauty, and heritage of Andhra Pradesh.",Oct-Feb,https://thumb.wikimedia.org/wikipedia/commons/thumb/5/55/Salihundam_Historic_Buddhist_Remains_3_by_GPuvvada_2010.jpg/960px-Salihundam_Historic_Buddhist_Remains_3_by_GPuvvada_2010.jpg?utm_source=en.wikipedia.org&utm_campaign=api&utm_content=thumbnail
218,Nelapattu Bird Sanctuary (Grey Pelican Breeding Ground),Andhra Pradesh,attraction,14.6525,77.63245,budget,4.1,612,"Nelapattu Bird Sanctuary (Grey Pelican Breeding Ground) is an authentic attraction destination located in ,  district of Andhra Pradesh. Celebrated for its regional significance and unique ambiance, it offers travelers an immersive experience in the culture, scenic beauty, and heritage of Andhra Pradesh.",Oct-Feb,https://upload.wikimedia.org/wikipedia/commons/5/57/SpotBilledPelican-Nelapattu.jpg?utm_source=en.wikipedia.org&utm_campaign=api&utm_content=thumbnail_unscaled
219,Borra Caves (Million-Year-Old Stalactite Formations in Ananthagiri),Andhra Pradesh,attraction,18.27151,83.02725,budget,4.5,4360,"Borra Caves (Million-Year-Old Stalactite Formations in Ananthagiri) is an authentic attraction destination located in ,  district of Andhra Pradesh. Celebrated for its regional significance and unique ambiance, it offers travelers an immersive experience in the culture, scenic beauty, and heritage of Andhra Pradesh.",Oct-Feb,https://thumb.wikimedia.org/wikipedia/commons/thumb/d/d4/Borra_caves%2C_Viskhapatnam.jpg/960px-Borra_caves%2C_Viskhapatnam.jpg?utm_source=en.wikipedia.org&utm_campaign=api&utm_content=thumbnail
220,Araku Valley Coffee Plantations & Tribal Museum,Andhra Pradesh,restaurant,18.34269,82.88243,mid,4.5,8735,"Araku Valley Coffee Plantations & Tribal Museum is an authentic restaurant destination located in ,  district of Andhra Pradesh. Celebrated for its regional significance and unique ambiance, it offers travelers an immersive experience in the culture, scenic beauty, and heritage of Andhra Pradesh.",Oct-Mar,https://images.unsplash.com/photo-1552566626-52f8b828add9?auto=format&fit=crop&w=1200&q=80
221,Katiki Waterfalls & Gosthani River Treks,Andhra Pradesh,attraction,18.24948,83.01543,budget,4.4,3434,"Katiki Waterfalls & Gosthani River Treks is an authentic attraction destination located in ,  district of Andhra Pradesh. Celebrated for its regional significance and unique ambiance, it offers travelers an immersive experience in the culture, scenic beauty, and heritage of Andhra Pradesh.",Jul-Oct,https://thumb.wikimedia.org/wikipedia/commons/thumb/9/96/Katiki_Waterfalls.jpg/960px-Katiki_Waterfalls.jpg?utm_source=en.wikipedia.org&utm_campaign=api&utm_content=thumbnail
222,INS Kursura Submarine Museum (RK Beach),Andhra Pradesh,attraction,17.67532,83.25014,mid,4.5,8262,"INS Kursura Submarine Museum (RK Beach) is an authentic attraction destination located in ,  district of Andhra Pradesh. Celebrated for its regional significance and unique ambiance, it offers travelers an immersive experience in the culture, scenic beauty, and heritage of Andhra Pradesh.",Oct-Mar,https://thumb.wikimedia.org/wikipedia/commons/thumb/a/a5/RK_Beach_Night.jpg/960px-RK_Beach_Night.jpg?utm_source=en.wikipedia.org&utm_campaign=api&utm_content=thumbnail
223,TU 142 Aircraft Museum,Andhra Pradesh,attraction,13.65777,78.4343,mid,4.1,754,"TU 142 Aircraft Museum is an authentic attraction destination located in ,  district of Andhra Pradesh. Celebrated for its regional significance and unique ambiance, it offers travelers an immersive experience in the culture, scenic beauty, and heritage of Andhra Pradesh.",Oct-Mar,https://thumb.wikimedia.org/wikipedia/commons/thumb/9/98/TU-142_Aircraft_Model.jpg/960px-TU-142_Aircraft_Model.jpg?utm_source=en.wikipedia.org&utm_campaign=api&utm_content=thumbnail
224,Kailasagiri Hilltop Park & Sea-Facing Ropeway,Andhra Pradesh,attraction,17.66958,83.23166,budget,4.7,4543,"Kailasagiri Hilltop Park & Sea-Facing Ropeway is an authentic attraction destination located in ,  district of Andhra Pradesh. Celebrated for its regional significance and unique ambiance, it offers travelers an immersive experience in the culture, scenic beauty, and heritage of Andhra Pradesh.",Oct-Feb,https://thumb.wikimedia.org/wikipedia/commons/thumb/a/a5/RK_Beach_Night.jpg/960px-RK_Beach_Night.jpg?utm_source=en.wikipedia.org&utm_campaign=api&utm_content=thumbnail
225,Rishikonda Beach (Blue Flag Certified Beach),Andhra Pradesh,attraction,13.75112,79.68208,budget,3.9,1193,"Rishikonda Beach (Blue Flag Certified Beach) is an authentic attraction destination located in ,  district of Andhra Pradesh. Celebrated for its regional significance and unique ambiance, it offers travelers an immersive experience in the culture, scenic beauty, and heritage of Andhra Pradesh.",Oct-Feb,https://thumb.wikimedia.org/wikipedia/commons/thumb/a/a5/RK_Beach_Night.jpg/960px-RK_Beach_Night.jpg?utm_source=en.wikipedia.org&utm_campaign=api&utm_content=thumbnail
226,Yarada Beach & Dolphin's Nose Lighthouse,Andhra Pradesh,attraction,17.7183,83.24307,budget,4.7,1515,"Yarada Beach & Dolphin's Nose Lighthouse is an authentic attraction destination located in ,  district of Andhra Pradesh. Celebrated for its regional significance and unique ambiance, it offers travelers an immersive experience in the culture, scenic beauty, and heritage of Andhra Pradesh.",Oct-Feb,https://thumb.wikimedia.org/wikipedia/commons/thumb/a/a5/RK_Beach_Night.jpg/960px-RK_Beach_Night.jpg?utm_source=en.wikipedia.org&utm_campaign=api&utm_content=thumbnail
227,Simhachalam Varaha Lakshmi Narasimha Swamy Temple,Andhra Pradesh,attraction,16.52853,80.68174,budget,4.2,2969,"Simhachalam Varaha Lakshmi Narasimha Swamy Temple is an authentic attraction destination located in ,  district of Andhra Pradesh. Celebrated for its regional significance and unique ambiance, it offers travelers an immersive experience in the culture, scenic beauty, and heritage of Andhra Pradesh.",Oct-Mar,https://thumb.wikimedia.org/wikipedia/commons/thumb/0/0d/Arasavilli_Sri_Suryanarayanamurty_Temple_of_Srikakulam%2C_Andhra_Pradesh_%283%29.jpg/960px-Arasavilli_Sri_Suryanarayanamurty_Temple_of_Srikakulam%2C_Andhra_Pradesh_%283%29.jpg?utm_source=en.wikipedia.org&utm_campaign=api&utm_content=thumbnail
228,Thotlakonda Buddhist Monastic Complex,Andhra Pradesh,attraction,13.62172,78.38929,budget,4.5,5302,"Thotlakonda Buddhist Monastic Complex is an authentic attraction destination located in ,  district of Andhra Pradesh. Celebrated for its regional significance and unique ambiance, it offers travelers an immersive experience in the culture, scenic beauty, and heritage of Andhra Pradesh.",Oct-Feb,https://thumb.wikimedia.org/wikipedia/commons/thumb/7/7f/Shanti_Stupa_at_Rajgir_%28cropped%29.jpg/960px-Shanti_Stupa_at_Rajgir_%28cropped%29.jpg
229,Bavikonda Buddhist Heritage Site,Andhra Pradesh,attraction,16.54716,80.54912,budget,4.2,1041,"Bavikonda Buddhist Heritage Site is an authentic attraction destination located in ,  district of Andhra Pradesh. Celebrated for its regional significance and unique ambiance, it offers travelers an immersive experience in the culture, scenic beauty, and heritage of Andhra Pradesh.",Oct-Feb,https://thumb.wikimedia.org/wikipedia/commons/thumb/1/1a/Buddha_Smriti_Park.jpg/960px-Buddha_Smriti_Park.jpg
