id,name,state,category,latitude,longitude,price_range,rating,review_count,description,best_season,image_url
5511,Bishnupur 15th-Century Terracotta Vishnu Temple,Manipur,attraction,24.633333,93.766667,budget,4.6,16202,"Situated in the historic town of Bishnupur (ancient Lumlangdong) 27 km south of Imphal, protected by the Archaeological Survey of India (ASI) as a monument of national importance, constructed in 1467 CE during the reign of King Kyamba of Manipur following his joint conquest of Kyang with the King of Pong (Shan kingdom of upper Burma), recognized as the oldest surviving brick and terracotta temple in Manipur, famous for its unique single-celled sanctum topped by a corbelled curvilinear tower displaying strong Chinese and Shan pagoda architectural influences.",Oct-Mar,https://images.unsplash.com/photo-1609766857041-ed402ea8069a?w=800&auto=format&fit=crop&q=80
5512,Champu Khangpok Floating Village (Loktak Phumdi Settlement),Manipur,attraction,24.516667,93.805556,budget,4.6,9759,"Floating in the middle of Loktak Lake between Thanga and Karang islands, Champu Khangpok is an extraordinary, off-grid indigenous fishing settlement comprising around 200 households constructed entirely atop natural floating mats of decomposed vegetation, soil, and roots known as 'phumdis', recognized as a distinct revenue village with its own unique solar-powered floating primary school, traditional bamboo thatched huts ('phumsangs'), communal floating jetties, and an ancient sustainable way of life governed entirely by the rhythms of the lake.",Oct-Feb,https://images.unsplash.com/photo-1590050752117-238cb0fb12b1?w=800&auto=format&fit=crop&q=80
5513,Ebudhou Khoriphaba Hill & Sacred Grove (Nambol),Manipur,attraction,24.708333,93.833333,budget,4.4,3231,"Perched on a conical green hillock in Nambol town along the boundary between Bishnupur and Imphal West districts, Ebudhou Khoriphaba Hill is an ancient Umang Lai (sacred forest deity) shrine dedicated to Khoriphaba (son of Sky God Soraren and Goddess Konthoujam Tampha), featuring a peaceful hilltop temple surrounded by preserved sacred tree groves, stone monoliths, and an annual traditional Lai Haraoba festival celebrated with vibrant ancient Meitei ritual dances and polo competitions.",Oct-Feb,https://images.unsplash.com/photo-1464822759023-fed622ff2c3b?w=800&auto=format&fit=crop&q=80
5514,Gopinath Temple Ningthoukhong,Manipur,attraction,24.580556,93.755556,budget,4.9,14227,"Situated in the historic town of Ningthoukhong 6 km south of Bishnupur along the Tiddim Road, the Shri Shri Gopinath Temple is one of Manipur's most sacred and historic Vaishnavite shrines, established in the late 18th century by the saint-king Maharaja Bhagyachandra (who composed the classical Manipuri Maha Raas Leela), featuring traditional Meitei-Hindu temple architecture, an open-air prayer mandapa with carved wooden pillars, an ancient holy pond, and hosting deeply devotional Raas Leela dances and Janmashtami celebrations.",Oct-Mar,https://images.unsplash.com/photo-1609766857041-ed402ea8069a?w=800&auto=format&fit=crop&q=80
5515,INA War Memorial & Museum Moirang,Manipur,attraction,24.5,93.766667,mid,4.9,9860,"Situated in the historic town of Moirang 45 km south of Imphal, revered across India as a sanctum of the Indian Independence Movement, where Colonel Shaukat Ali Malik of the Indian National Army (Azad Hind Fauj) hoisted the first Indian Tricolour flag on liberated Indian soil on 14 April 1944 with the support of the Japanese army, featuring an exact replica of the original 1945 Singapore INA Memorial, a life-sized bronze statue of Netaji Subhas Chandra Bose, and an invaluable museum housing authentic wartime weapons, currency, uniforms, and photographic archives.",Oct-Mar,https://images.unsplash.com/photo-1565034946487-077786996e27?w=800&auto=format&fit=crop&q=80
5516,Ithing Island & Floating Phumsang Trail,Manipur,attraction,24.516667,93.791667,budget,4.3,1760,"Situated between Sendra Island and Thanga Island linked by a scenic elevated causeway and bridge across the open waters of Loktak Lake, Ithing is a charming, narrow hill island inhabited by traditional fishing families, celebrated for its bustling morning fish market where freshly caught Loktak fish are auctioned, traditional floating fishermen huts (phumsangs) anchored along its shores, and picturesque elevated walking paths with 360-degree views of the phumdi-carpeted lake.",Oct-Feb,https://images.unsplash.com/photo-1590050752117-238cb0fb12b1?w=800&auto=format&fit=crop&q=80
5517,Karang Island (India's First Cashless Island),Manipur,attraction,24.533333,93.816667,budget,4.9,15911,"Floating like an emerald turtle in the middle of Loktak Lake accessible only by motorized country boat from Thanga jetty, Karang is a picturesque Meitei fishermen's island village that gained international fame in January 2017 when the Government of India declared it as India's first 100% cashless island, renowned for its tranquil village lanes, solar-powered homes, panoramic lake vistas, and centuries-old traditional fishing lifestyle using reed traps.",Oct-Feb,https://images.unsplash.com/photo-1582510003544-4d00b7f74220?w=800&auto=format&fit=crop&q=80
5518,Keibul Lamjao National Park,Manipur,attraction,24.48516,93.83854,budget,4.2,1567,"Located in the Bishnupur district of Manipur, Keibul Lamjao National Park is the world's only floating national park, situated on the Loktak Lake. This park is renowned for its unique ecosystem, which supports a wide variety of flora and fauna, including the endangered Sangai deer, also known as the brow-antlered deer or dancing deer. The park's floating wetlands, known as 'phumdis,' provide a natural habitat for various species of birds, making it a paradise for birdwatchers and nature lovers. With its breathtaking scenery and diverse wildlife, Keibul Lamjao National Park offers an unforgettable experience for visitors, allowing them to connect with nature and unwind in the midst of Manipur's serene mountains. The park's cultural significance is also evident in its connection to the local communities, who have traditionally relied on the park's resources for their livelihood.",Oct-Feb,https://images.unsplash.com/photo-1551969014-7d2c4cddf0b6?w=800&auto=format&fit=crop&q=80
5519,Khoirok Thong & Thongjaorok Historic Stone Bridges,Manipur,attraction,24.627778,93.744444,budget,3.9,838,"Spanning the turbulent mountain stream of Thongjaorok in the foothills near Bishnupur and Khoirok, these ancient stone bridges (including Khoirok Thong and Thongjaorok Bridge) are remarkable engineering relics from the Ningthouja royal dynasty, constructed out of massive hand-chiseled quartzite boulders and dressed stone slabs using ancient dry-stone corbelling techniques without mortar, engineered to withstand violent monsoon flash floods roaring down from the western hills.",Oct-Feb,https://images.unsplash.com/photo-1513694203232-719a280e022f?w=800&auto=format&fit=crop&q=80
5520,Kumbi Keibul River Confluence & Ancient Shrines,Manipur,attraction,24.45,93.75,budget,4.5,7447,"Situated at the southern boundary of Bishnupur district bordering Churachandpur along the Khuga River just 10 km south of Moirang, Kumbi is an ancient Meitei settlement nestled beside Keibul Lamjao National Park, celebrated for its historic sacred shrines dedicated to Ibudhou Sanakhwa Kumbi and Iputhou Pakhangba, scenic riverside promenades, and traditional handloom and pottery craft.",Oct-Feb,https://images.unsplash.com/photo-1544717305-2782549b5136?w=800&auto=format&fit=crop&q=80
5521,Laimaton Parallel Point & Laimaton Ridge,Manipur,attraction,24.6,93.683333,budget,4.6,3741,"Perched at an elevation of over 1,800 meters along the crest of the rugged Laimaton mountain range on the western frontier of Bishnupur district, Laimaton Parallel Point is an extraordinary scenic high-altitude ridge overlook, celebrated among adventure trekkers and landscape photographers for offering peerless 360-degree panoramic vistas encompassing the entire emerald expanse of Loktak Lake, the meandering rivers of the Imphal valley, and the misty blue folds of the Leimatak gorge.",Oct-Feb,https://images.unsplash.com/photo-1621847468516-1ed5d0df56fe?w=800&auto=format&fit=crop&q=80
5522,Loktak Canal & Hiyang Tanaba Traditional Boat Race Arena,Manipur,attraction,24.575,93.766667,budget,4.0,919,"Stretching as an engineered hydraulic waterway linking Loktak Lake with the royal settlement of Ningthoukhong, the Loktak Canal is celebrated in Manipuri sporting history as the official venue for 'Hiyang Tannaba' (the ancient Meitei traditional boat race), where long, slender dugout racing canoes ('Hiyang') bearing elaborately carved wooden dragon and horned creature prows compete fiercely in royal regattas under traditional rules dating back centuries.",Oct-Feb,https://images.unsplash.com/photo-1544717305-2782549b5136?w=800&auto=format&fit=crop&q=80
5523,Loktak Folklore Museum (Thanga Tongbram),Manipur,attraction,24.527778,93.794444,mid,4.6,9051,"Perched on a scenic hillock in Thanga Tongbram on Thanga Island within Loktak Lake, founded in 2016 through the visionary personal initiative of local folklorist Tongbram Sahadeve, the Loktak Folklore Museum is an extraordinary grassroots community museum dedicated to preserving the unique oral folklore, traditional fishing implements, ancestral terracotta pottery, indigenous weaving looms, and vintage aquatic artifacts of the Loktak fishing community.",Oct-Mar,https://images.unsplash.com/photo-1582555172866-f73bb12a2ab3?w=800&auto=format&fit=crop&q=80
5524,Loktak Lake,Manipur,attraction,24.55843,93.81324,budget,4.5,8305,Loktak Lake is famous for its floating islands called phumdis and is one of the most unique landscapes in India. It is also home to the endangered Sangai deer.,Oct-Feb,https://images.unsplash.com/photo-1544644181-1484b3fdfc62?w=800&auto=format&fit=crop&q=80
5525,Lord Thangjing Temple Moirang,Manipur,attraction,24.5,93.766667,budget,4.8,9831,"Situated in the ancient cultural town of Moirang, Lord Thangjing Temple is one of the most sacred primordial religious shrines in Manipur, dedicated to Ibudhou Thangjing (the supreme presiding deity of the ancient kingdom of Moirang), celebrated in folklore as the mythical setting of the epic romance of Khamba and Thoibi (the Meitei Romeo and Juliet), and recognized as the original ancestral cradle where the sacred Meitei ritual dance festival of Moirang Lai Haraoba is celebrated with centuries-old dances every May.",Oct-Mar,https://images.unsplash.com/photo-1518709268805-4e9042af9f23?w=800&auto=format&fit=crop&q=80
5526,Loukoi Pat Eco-Park & Ecological Lake Bishnupur,Manipur,attraction,24.633333,93.75,budget,4.9,10307,"Situated just 800 meters from the historic Vishnu Temple in Bishnupur town 27 km south of Imphal, Loukoi Pat is an enchanting ecological lake cradled in a natural basin surrounded by verdant hillocks, developed into an eco-tourism park featuring lotus-filled waters, pedal and row boating, winding hill trails, scenic resting gazebos, and an elevated viewpoint offering sweeping vistas over the Bishnupur plains.",Oct-Feb,https://images.unsplash.com/photo-1544644181-1484b3fdfc62?w=800&auto=format&fit=crop&q=80
5527,Moirang Kangla & Khamba-Thoibi Cultural Heritage Site,Manipur,attraction,24.502778,93.772222,budget,4.8,29521,"Situated in the heart of Moirang near the INA Memorial, Moirang Kangla is the ancient consecrated citadel and royal coronation seat of the historic Moirang principality (one of the seven ancestral Meitei salais/clans), celebrated in Manipuri literature as the epic stage of the legendary romantic saga of 'Khamba and Thoibi' (the Romeo and Juliet of Manipur), preserving ancient stone coronation plinths, sacred ritual grounds, and the vibrant open-air festival arena for the world-famous Moirang Lai Haraoba.",Oct-Feb,https://images.unsplash.com/photo-1567157577867-05ccb1388e66?w=800&auto=format&fit=crop&q=80
5528,Nachou Lakeside Waterfront & Sunset Pier,Manipur,attraction,24.616667,93.783333,budget,4.2,457,"Located along the tranquil western shoreline of Loktak Lake at Nachou village, just 3 km east of Bishnupur town, Nachou Waterfront is an open, undeveloped lakeshore embankment where the waters of Loktak meet expansive grazing meadows, celebrated by local photographers for offering some of the most spectacular, unobstructed sunset vistas in the valley as the evening sun sinks behind the dark silhouette of the western hill ranges, silhouetting solitary fishermen in their canoes.",Oct-Feb,https://images.unsplash.com/photo-1439066615861-d1af74d74000?w=800&auto=format&fit=crop&q=80
5529,Ningthoukhong Historic Royal Residence & Water Channels,Manipur,attraction,24.583333,93.766667,budget,4.3,2488,"Situated on the western shores of Loktak Lake 32 km south of Imphal in Bishnupur district, Ningthoukhong is an ancient historic settlement that served as a royal secondary residence and defense outpost of the Ningthouja kings, famous for its ancient canal water system ('Khong'), historic shrines of the local presiding deity Ibudhou Oknarel, and housing the primary powerhouse and switchyard of the NHPC Loktak Hydroelectric Project.",Oct-Feb,https://images.unsplash.com/photo-1544717305-2782549b5136?w=800&auto=format&fit=crop&q=80
5530,Oinam Heritage Settlement & Handloom Weaving,Manipur,attraction,24.666667,93.816667,budget,4.7,6167,"Situated along the Tiddim Road (NH-2) in Bishnupur district 20 km south of Imphal, Oinam is an ancient Meitei settlement renowned across Manipur as a primary center of indigenous handloom textile craftsmanship, where skilled women weavers use traditional wooden fly-shuttle and backstrap loin-looms to weave exquisite cotton and silk Phaneks, Inaphis, and ceremonial shawls, home to ancient sacred ponds and ancestral shrines.",Oct-Feb,https://images.unsplash.com/photo-1582510003544-4d00b7f74220?w=800&auto=format&fit=crop&q=80
5531,Oinam Mandha Hillock & Rural Wetland Viewpoint,Manipur,attraction,24.666667,93.766667,budget,4.6,7349,"Rising dramatically from the flat agricultural plains of Oinam along National Highway 2 (Tiddim Road) in northern Bishnupur district, Oinam Mandha is an isolated quartzite hillock that acts as a natural observation tower over the surrounding countryside, offering panoramic views of geometric green paddy mosaics, meandering branches of the Nambol river, and the distant silvery shimmer of Loktak Lake against the blue western hills.",Oct-Feb,https://images.unsplash.com/photo-1464822759023-fed622ff2c3b?w=800&auto=format&fit=crop&q=80
5532,P.P. Park & Eco-Recreation Grounds Bishnupur,Manipur,attraction,24.622222,93.761111,budget,4.1,351,"Situated in the southern outskirts of Bishnupur town near the foothills, P.P. Park is a popular local ecological recreation garden and family park, featuring landscaped green terraces, vibrant seasonal flowerbeds of marigolds and dahlias, children's joy rides, shaded bamboo gazebos, walking pathways, and tranquil views of the forested western hills.",Oct-Feb,https://images.unsplash.com/photo-1584467735815-f778f274e296?w=800&auto=format&fit=crop&q=80
5533,Phubala & Komlakhong Water Sports Waterfront,Manipur,attraction,24.566667,93.766667,mid,4.5,2395,"Situated along the western shoreline of Loktak Lake between Nambol and Moirang 40 km from Imphal, Phubala and Komlakhong form a tranquil lakefront corridor highlighted in the Manipur Tourism Policy for water sports and ecotourism, featuring low-lying grassy shores extending into the lake, birdwatching shelters overlooking flocks of migratory pintails and coots, pedal boating, and tranquil picnic groves.",Oct-Feb,https://images.unsplash.com/photo-1621847468516-1ed5d0df56fe?w=800&auto=format&fit=crop&q=80
5534,Red Hill (Maibam Lokpa Ching) & Imphal Peace Museum,Manipur,attraction,24.683333,93.85,mid,4.8,7389,"Situated on a prominent red-soiled hillock at Maibam Lokpa Ching in Nambol along the Tiddim Road (NH-2) 16 km south of Imphal, celebrated in military history as the site of the ferocious Battle of Red Hill between 21 and 29 May 1944 where British Fourteenth Army and Gurkha forces halted the Japanese 33rd Division in intense hand-to-hand combat, featuring the serene India Peace Memorial erected by the Government of Japan in 1994, and the world-class Imphal Peace Museum inaugurated in June 2019 on the 75th anniversary of the battle.",Oct-Mar,https://images.unsplash.com/photo-1519681393784-d120267933ba?w=800&auto=format&fit=crop&q=80
5535,Sangai Ethnic Park Moirangkhunou,Manipur,attraction,24.483333,93.783333,budget,4.4,10580,"Inaugurated in November 2022 near Keibul Lamjao National Park at Moirangkhunou, developed as the grand permanent main venue for the annual Manipur Sangai Festival, sprawling across picturesque lakefront grounds featuring authentic life-sized replica huts and architectural dwellings representing all 34 recognized Meitei and tribal communities of Manipur, traditional morungs, an open-air amphitheatre, and handloom craft exhibition pavilions.",Oct-Feb,https://images.unsplash.com/photo-1585320806297-9794b3e4eeae?w=800&auto=format&fit=crop&q=80
5536,Sendra Island & Tourist Resort,Manipur,hotel,24.516667,93.783333,mid,4.7,23399,"Perched on an elevated, conical volcanic hillock rising from the shimmering sapphire waters of Loktak Lake 48 km south of Imphal, connected to the mainland by a scenic causeway road, celebrated as the premier panoramic vantage point for viewing the vast circular floating biomass islands ('Phumdis'), featuring the Sendra Tourist Home operated by Manipur Tourism with observation towers, fine ethnic dining, and direct boat jetty departures.",Oct-Feb,https://images.unsplash.com/photo-1571896349842-33c89424de2d?w=800&auto=format&fit=crop&q=80
5537,Siddheswar Temple Bishnupur,Manipur,attraction,24.633333,93.755556,budget,4.1,758,"Perched on a scenic, pine-clad hillock overlooking Bishnupur town just west of the historic terracotta Vishnu Temple, Shri Siddheswar Temple is an ancient and revered shrine dedicated to Lord Shiva, featuring a natural stone Shiva Lingam nestled in a tranquil forest clearing, surrounded by blooming wild orchids, ancient stone steps, and commanding sweeping panoramic vistas across the lush paddy plains of Bishnupur toward the shimmering blue waters of Loktak Lake.",Oct-Mar,https://images.unsplash.com/photo-1582510003544-4d00b7f74220?w=800&auto=format&fit=crop&q=80
5538,T. Mongbung Dam & Waroiching Stream,Manipur,attraction,24.716667,93.733333,budget,4.6,6147,"Tucked into the emerald forested foothills near Waroiching and Leimaram in northern Bishnupur district, T. Mongbung Dam is a quiet freshwater irrigation reservoir fed by the pristine mountain runoff of the Waroiching stream, surrounded by dense bamboo groves, sloping forested hillocks, and quiet pebble-strewn riverbanks that provide an idyllic natural picnic haven for local families and birdwatchers.",Oct-Feb,https://images.unsplash.com/photo-1501785888041-af3ef285b470?w=800&auto=format&fit=crop&q=80
5539,Takmu Water Sports Complex & Rowing Channel,Manipur,attraction,24.516667,93.766667,mid,4.6,29602,"Situated on the calm, protected waters of Takmu Lake (an inlet of the larger Loktak Lake system) adjacent to Sendra Island in Moirang, developed as a premier national-level water sports facility by the Department of Youth Affairs and Sports, equipped with international-standard rowing, canoeing, and kayaking channels, motorboats, speedboats, and spectator pavilions, host to multiple National Games water sports events.",Oct-Feb,https://images.unsplash.com/photo-1609766857041-ed402ea8069a?w=800&auto=format&fit=crop&q=80
5540,Thanga Island & Omba Ching Ridge,Manipur,attraction,24.533333,93.8,budget,4.9,24013,"Extending as a picturesque cluster of rolling volcanic hillocks directly into the heart of Loktak Lake 50 km south of Imphal, Thanga is a vibrant Meitei fishermen's island peninsula (comprising Thanga Chingkha, Thanga Chinglak, and Omba Ching), celebrated for its traditional lakeside homestays, winding ridge roads with endless water views, dramatic morning sunrises illuminating floating phumdis, and ancient shrines dedicated to the lake deities.",Oct-Feb,https://images.unsplash.com/photo-1590050752117-238cb0fb12b1?w=800&auto=format&fit=crop&q=80
5541,Thangjing Hill Trail & Forest Shrine,Manipur,attraction,24.483333,93.716667,budget,4.9,26155,"Soaring to an elevation of approximately 2,100 meters (6,890 feet) in the Thangjing range directly west of Moirang, Thangjing Hill (Thangjing Ching) is the deeply sacred celestial abode of Ebudhou Thangjing, the supreme guardian deity of the ancient kingdom of Moirang, featuring an ancient mountain-crest stone altar where traditional Meitei pilgrims undertake an arduous ritual trek through dense oak and rhododendron forests during the annual Thangjing Ching Kaba pilgrimage to offer prayers for universal prosperity.",Oct-Feb,https://images.unsplash.com/photo-1519681393784-d120267933ba?w=800&auto=format&fit=crop&q=80
5542,Upper Sadu Chiru Natural Pools & Forest Cascades,Manipur,attraction,24.719444,93.738889,budget,4.5,8969,"Located in the rugged, densely forested mountain gorge above the main tourist falls of Sadu Chiru (Leimaram Falls) in the western foothills near Leimaram, the Upper Sadu Chiru cascades consist of a sequence of pristine natural rock pools, narrow moss-draped gorges, and hidden multi-tier waterfalls that remain wild and untouched beyond the reach of concrete tourist staircases, fed by perennial sub-Himalayan mountain springs flowing through lush ferns and wild ginger groves.",Oct-Feb,https://images.unsplash.com/photo-1546548970-71785318a17b?w=800&auto=format&fit=crop&q=80
5543,Chakpi River Gorges & Rocky Rapids (Chakpikarong),Manipur,attraction,24.233333,93.866667,budget,4.6,4574,"Flowing southwards through the heart of southern Chandel before cutting across the hills toward Myanmar, the Chakpi River around Chakpikarong has sculpted dramatic gorges, crystalline cascades, white pebble beaches, and sculpted bedrock pools, surrounded by dense semi-evergreen forest canopies where the clear mountain river provides popular seasonal picnic beaches, river angling spots, and tranquil forest walking trails.",Oct-Feb,https://images.unsplash.com/photo-1470071459604-3b5ec3a7fe05?w=800&auto=format&fit=crop&q=80
5544,Chakpikarong Scenic River Bend Chandel,Manipur,attraction,24.233333,93.966667,budget,4.6,1616,"Situated in a scenic river valley in southern Chandel district 15 km south of Chandel town and 80 km from Imphal, Chakpikarong is a charming hill town built around a wide, graceful bend of the crystal-clear Chakpi River, celebrated for its historic wire-rope suspension footbridges spanning the river, excellent sport angling for indigenous freshwater mahseer, pebble beaches, and surrounding teak-covered hills.",Oct-Feb,https://images.unsplash.com/photo-1544717305-2782549b5136?w=800&auto=format&fit=crop&q=80
5545,Chandel Town Hilltop & St. Peter's Cathedral,Manipur,attraction,24.333333,93.983333,budget,4.5,29638,"Perched on a scenic, undulating mountain ridge 64 km southeast of Imphal, Chandel town (formerly Chamdil) is the charming administrative headquarters of Chandel district, renowned for its cool mountain climate, vibrant tribal morning markets selling wild mushrooms, fermented bamboo shoots, and hill honey, and the soaring white facade of St. Peter's Cathedral crowning the hill, commanding sweeping views over the surrounding forested valleys.",Oct-Feb,https://images.unsplash.com/photo-1506197603052-3cc9c3a201bd?w=800&auto=format&fit=crop&q=80
5546,Doyang Caves & Yangdung Karst Formations,Manipur,attraction,24.1,93.983333,budget,4.7,3754,"Hidden deep in the forested limestone hills of the Khenjoi-Yangdung sector near Khongtan in southern Chandel district, the Doyang Caves are an untouched, subterranean karst cave system featuring towering calcite stalactites, multi-chambered flowstone formations, narrow crawlways, and colony roosts of rare roundleaf bats, preserved in near-total wilderness and regarded by regional speleologists as one of the most promising unexplored cave systems in the Indo-Burma biodiversity hotspot.",Oct-Feb,https://images.unsplash.com/photo-1509316975850-ff9c5deb0cd9?w=800&auto=format&fit=crop&q=80
5547,Gamvet Muol (Lilybung Hilltop Ridge),Manipur,attraction,24.216667,93.883333,budget,4.7,2533,"Rising prominently over the Chakpikarong basin in southern Chandel, Gamvet Muol (popularly known as Lilybung) is a picturesque, wind-swept mountain ridge characterized by rolling grassy hillocks, seasonal blooms of rare wild mountain lilies, rocky crags, and panoramic vistas commanding the Chakpi river valley and the undulating blue contours of the Indo-Myanmar frontier hills, serving as a cherished destination for local hikers and 4WD off-road enthusiasts.",Oct-Feb,https://images.unsplash.com/photo-1464822759023-fed622ff2c3b?w=800&auto=format&fit=crop&q=80
5548,Joupi Hills & Forest Wilderness,Manipur,attraction,24.066667,93.933333,budget,3.9,821,"Perched atop scenic, breeze-kissed mountain ridges in southern Chandel along the highway to the border, Joupi is an atmospheric hill settlement enveloped by dense native teak, bamboo, and oak forests, offering breathtaking panoramic vistas of the rolling blue hills of the Indo-Myanmar frontier, crisp clean mountain air, and serving as a crucial ecological stepping stone for migrating avian species and wildlife.",Oct-Feb,https://images.unsplash.com/photo-1519681393784-d120267933ba?w=800&auto=format&fit=crop&q=80
5549,Kana River Confluence & Sandbars (Moltuh Valley),Manipur,attraction,24.116667,93.916667,budget,4.7,5907,"Situated near Moltuh village in the southern reaches of Chandel district where the Kana Lok river converges with mountain streams flowing from the Khenjoi hills, this scenic river confluence is renowned for its wide white sandbars, tranquil turquoise pools, and gentle pebble shallows framed by dramatic sub-tropical jungle bluffs, serving as an idyllic natural retreat for wilderness camping, angling, and river bathing.",Oct-Feb,https://images.unsplash.com/photo-1470071459604-3b5ec3a7fe05?w=800&auto=format&fit=crop&q=80
5550,Kanat River Valley & Subterranean Caverns,Manipur,attraction,24.15,93.933333,budget,4.6,7475,"Flowing through deep limestone canyons in the remote southern folds of Chandel district, the Kanat River has carved an enchanting aquatic wilderness featuring hidden karst caverns, natural limestone grottoes accessible only by wading through crystal-clear mountain waters, dramatic overhanging cliff walls, and deep natural rock pools teeming with indigenous hill-stream fishes.",Oct-Feb,https://images.unsplash.com/photo-1441974231531-c6227db76b6e?w=800&auto=format&fit=crop&q=80
5551,Kathong Chingjao Hill Range & Haubiching Peak,Manipur,attraction,24.333333,93.95,budget,4.0,664,"Dominating the central skyline of Chandel district, Kathong Chingjao is a monumental, densely forested mountain range culminating in the sacred rocky crags of Haubiching peak, renowned in regional history as a natural fortress during historical inter-tribal conflicts and royal Burmese border campaigns, preserving virgin oak and rhododendron canopies, hidden cave systems, and commanding sweeping vistas across southern Manipur.",Oct-Feb,https://images.unsplash.com/photo-1506197603052-3cc9c3a201bd?w=800&auto=format&fit=crop&q=80
5552,Khenjoi Hills & Wildlife Reserve Frontier,Manipur,attraction,24.033333,93.966667,budget,3.9,905,"Sprawling across a vast, rugged sub-division along the southern international border with Myanmar, the Khenjoi Hills comprise one of the largest contiguous blocks of untouched rainforest and subtropical broadleaf forest in Manipur, officially highlighted by the district administration for its immense ecotourism potential, harboring healthy wild populations of clouded leopards, Malayan sun bears, Great Indian Hornbills, and rare orchids.",Oct-Feb,https://images.unsplash.com/photo-1534188753412-3e26d0d618d6?w=800&auto=format&fit=crop&q=80
5553,Liwa Changning & Monsang Pantha Heritage Villages,Manipur,attraction,24.316667,93.983333,budget,4.0,1258,"Located just 2 km outside Chandel town along the banks of the scenic river, Liwa Changning and Monsang Pantha are ancient cultural villages of the Monsang and Anal Naga communities, celebrated for their traditional bamboo and timber stilt architecture, terraced paddy fields, sacred community groves, master cane and bamboo artisans weaving intricate headgear and fishing baskets, and vibrant performances of the traditional Monsang folk dances.",Oct-Feb,https://images.unsplash.com/photo-1544717305-2782549b5136?w=800&auto=format&fit=crop&q=80
5554,Machi Historical Maring Naga Village Chandel,Manipur,attraction,24.533333,94.116667,budget,4.2,3092,"Perched on a scenic, pine-fringed mountain ridge in northern Chandel district 25 km east of Kakching, Machi is celebrated as the ancient ancestral mother village of the Maring Naga tribe (the 'Black Hair-Bun Tribe'), famous for retaining centuries-old customs where male elders traditionally wear high woven braided topknots ('Khongchet'), handloom black-and-red geometric shawls, ancient megalithic stone circles, and traditional bamboo and woodcrafts.",Oct-Feb,https://images.unsplash.com/photo-1582510003544-4d00b7f74220?w=800&auto=format&fit=crop&q=80
5555,Molcham Indo-Myanmar Gateway & Border Frontier,Manipur,attraction,23.95,93.9,budget,4.4,23935,"Situated in the extreme southern tip of Chandel district right on the international border with Myanmar (Sagaing Region), Molcham is an internationally significant frontier settlement affectionately known as the 'Gateway to India', marking the historic southern land trade route connecting Manipur with Burma, featuring the official Gateway to India memorial arch, international border boundary pillars, border security checkpoints, and sweeping views of the Chin Hills across the frontier.",Oct-Feb,https://images.unsplash.com/photo-1621847468516-1ed5d0df56fe?w=800&auto=format&fit=crop&q=80
5556,Peace Island Chandel & River Picnic Grounds,Manipur,attraction,24.316667,93.966667,budget,4.5,3570,"Nestled along the riverbed just south of Chandel town, Peace Island is a picturesque, naturally formed river island created by the bifurcating waters of the clear mountain stream, densely shaded by weeping willows, bamboo clumps, and wild fig trees, equipped with stone seating, stepping-stone footbridges, and shallow gravel banks that make it the most popular weekend picnic and angling haven for residents of the district.",Oct-Feb,https://images.unsplash.com/photo-1518709268805-4e9042af9f23?w=800&auto=format&fit=crop&q=80
5557,Phuikon Haosabee Caves (I & II) & Prehistoric Rock Shelters,Manipur,attraction,24.3,93.95,budget,4.6,7734,"Discovered in the dense limestone karst ridges of Kathong Chingjao near Phuikon village, Phuikon Haosabee Caves (designated Cave-I and Cave-II) are significant prehistoric archaeological sites documented by the Manipur State Archaeology Department, featuring vaulted limestone chambers with natural stone pillars, calcified flowstones, and evidence of ancient human occupation, animal bone remains, and stone-age rock shelters utilized by prehistoric inhabitants of the valley.",Oct-Feb,https://images.unsplash.com/photo-1509316975850-ff9c5deb0cd9?w=800&auto=format&fit=crop&q=80
5558,Phuikon Ningthou Cave & Khommunnom Rock Shelter,Manipur,attraction,24.283333,93.966667,budget,4.2,2930,"Situated in the rugged hills of the Kathong Chingjao formation near Khommunnom, Phuikon Ningthou Cave ('King's Cave') is an imposing natural limestone cavern revered in local Anal and Maring tribal folklore as the ancient hiding sanctuary and council chamber of tribal chieftains, while the adjacent Khommunnom Rock Shelter preserves dry overhangs, natural stone seats, and ancient petroglyph carvings dating back centuries.",Oct-Feb,https://images.unsplash.com/photo-1518709268805-4e9042af9f23?w=800&auto=format&fit=crop&q=80
5559,Sajik Tampak Valley & Limestone Caves,Manipur,attraction,24.166667,93.916667,budget,3.9,151,"Situated in a broad, scenic mountain valley 35 km south of Chakpikarong along the sparkling Kana Lok river, Sajik Tampak is an idyllic highland basin surrounded by towering limestone cliffs, lush paddy fields, and dense sub-tropical pine forests, celebrated by adventurous travelers for its network of undiscovered natural limestone caves, dramatic hanging cliff rock formations, crystal-clear river gravel bars, and peaceful Kuki and Zou tribal hamlets.",Oct-Feb,https://images.unsplash.com/photo-1470071459604-3b5ec3a7fe05?w=800&auto=format&fit=crop&q=80
5560,Sarangba Natural Salt Springs,Manipur,attraction,24.366667,93.983333,budget,4.5,2649,"Tucked away in a scenic ravine in the Chandel hill tract near Sarangba, these ancient natural saline brine springs are of profound historical and cultural importance to Manipur, having served for centuries as one of the royal salt extraction sites where local tribal villagers boiled brine in earthen pots to produce circular crystalline salt cakes ('Meitei Thum') used as sacred currency and royal tribute for the kings of Manipur.",Oct-Feb,https://images.unsplash.com/photo-1609766857041-ed402ea8069a?w=800&auto=format&fit=crop&q=80
5561,Behiang Border Trading Point & Zokhawthar Gateway,Manipur,attraction,23.983333,93.566667,budget,4.5,4613,"Situated in the southernmost tip of Churachandpur district 62 km south of Lamka, Behiang is a historic frontier village located directly on the international border with Myanmar (Chin State) at the southern terminus of National Highway 102B (Tedim Road), recognized as a designated Border Haat trading center, featuring international boundary pillars, vibrant border trade exchanges, and sweeping views across the Tuivai river gorge into the forested Chin Hills.",Oct-Feb,https://images.unsplash.com/photo-1518709268805-4e9042af9f23?w=800&auto=format&fit=crop&q=80
5562,Churachandpur Town (Lamka) & Tribal Craft Markets,Manipur,attraction,24.333333,93.683333,budget,4.8,12183,"Situated 60 km southwest of Imphal along the Tiddim Road (NH-2), Churachandpur (locally known as Lamka) is the second-largest urban center and principal commercial metropolis of southern Manipur, celebrated as the vibrant cultural, intellectual, and musical capital of the Kuki, Zomi, Hmar, Paite, and Chin communities, famous for bustling tribal handloom markets selling exquisite multi-colored Paite Puandum and Thangsuang shawls, woodcrafts, and vibrant celebrations of the post-harvest Kut Festival on 1 November.",Oct-Feb,https://images.unsplash.com/photo-1621847468516-1ed5d0df56fe?w=800&auto=format&fit=crop&q=80
5563,Gothol Waterfall & Natural Forest Basin,Manipur,attraction,24.283333,93.65,budget,4.3,694,"Tucked into the rugged, pine-and-oak forested hills of Gothol village about 14 km southwest of Churachandpur town, Gothol Waterfall is an enchanting natural cascade pouring over a sheer rocky ledge into a deep, serene natural swimming amphitheatre, surrounded by lush riverine ferns, blooming wild ginger, and cool mountain breezes that make it a favorite offbeat haven for local nature lovers.",Jul-Oct,https://images.unsplash.com/photo-1518457607834-6e8d80c183c5?w=800&auto=format&fit=crop&q=80
5564,Henglep Remote Highland Town & Bamboo Forests,Manipur,attraction,24.416667,93.5,budget,4.1,1073,"Perched on a high, remote mountain ridge in northwestern Churachandpur district 55 km from Churachandpur town, Henglep is an atmospheric sub-divisional hill town of the Kuki tribe, renowned for its vast wild Muli bamboo forests, deep river gorges carved by mountain streams flowing toward the Barak, panoramic vistas of the Thangjing hill range, and traditional cane and bamboo craftsmanship.",Oct-Feb,https://images.unsplash.com/photo-1609766857041-ed402ea8069a?w=800&auto=format&fit=crop&q=80
5565,Kaihlam Caves & Wildlife Forest Ridge,Manipur,attraction,24.166667,93.583333,budget,3.9,808,"Perched on a high, densely forested mountain ridge in Singhat sub-division of southern Churachandpur district 45 km from Churachandpur town, Kaihlam is celebrated as a significant geological and wildlife sanctuary, featuring an extensive natural limestone cave network with calcified stalactites, enveloped in virgin oak and bamboo cloud forests that shelter Blyth's Tragopans, Leopard Cats, and rare mountain orchids.",Oct-Feb,https://images.unsplash.com/photo-1551969014-7d2c4cddf0b6?w=800&auto=format&fit=crop&q=80
5566,Khousabung Village (Pineapple Festival & Queen Orchards),Manipur,attraction,24.5,93.7,budget,4.9,18963,"Situated in the gentle fertile foothills of northern Churachandpur district 12 km west of Moirang, Khousabung is celebrated across Northeast India as the ancestral 'Pineapple Cradle of Manipur', where commercial cultivation of the prized organic Queen variety of pineapple was first introduced in 1947, featuring vast rolling hill slopes blanketed in emerald pineapple bushes, host of the famous annual State Level Manipur Pineapple Festival every August-September.",Oct-Feb,https://images.unsplash.com/photo-1621847468516-1ed5d0df56fe?w=800&auto=format&fit=crop&q=80
5567,Khuga Dam & Multipurpose Reservoir at Mata,Manipur,attraction,24.283333,93.666667,budget,4.6,8521,"Constructed across the Khuga River at Mata village 8 km south of Churachandpur town, Khuga Dam is an imposing composite earth-fill and concrete multipurpose dam commissioned in November 2010, creating an immense, breathtaking sapphire-blue water reservoir that snakes through green mountain folds, featured in the state tourism policy for water sports, speed boating, recreational angling for local carp, and sunset lakeside promenades.",Oct-Feb,https://images.unsplash.com/photo-1439066615861-d1af74d74000?w=800&auto=format&fit=crop&q=80
5568,Khuga Reservoir Backwater Bends & Eco-Camping Fingers,Manipur,homestay,24.266667,93.683333,budget,4.6,5923,"Stretching for kilometers into the secluded mountain ravines south of the main Khuga Dam barrage, the upstream backwater fingers of the Khuga Reservoir form an enchanting, fjord-like aquatic landscape where calm, deep blue lake waters wind between steep forested hillsides, offering completely tranquil, non-commercialized inlets prized by wilderness campers, kayak enthusiasts, and freshwater anglers seeking Mahseer and hill trout.",Oct-Feb,https://images.unsplash.com/photo-1602216056096-3b40cc0c9944?w=800&auto=format&fit=crop&q=80
5569,Mata Dam & Riverbed (Khuga Downstream Gravel Banks),Manipur,attraction,24.291667,93.683333,budget,4.6,4840,"Located directly downstream of the monumental Khuga Dam barrage at Mata village 8 km south of Churachandpur town, Mata Dam and its surrounding riverbed offer a tranquil, unhurried alternative to the main reservoir, featuring wide pebble and gravel banks along the gentle Khuga River, calm crystal-clear shallows, rolling grassy hill slopes, and panoramic viewpoints overlooking the southern hill ranges.",Oct-Feb,https://images.unsplash.com/photo-1501785888041-af3ef285b470?w=800&auto=format&fit=crop&q=80
5570,Mualnuam Highland Town & Mountain Forest Ridge,Manipur,attraction,24.15,93.483333,budget,3.9,206,"Perched at an elevation of over 1,300 meters on the western mountain backbone of Churachandpur along the road connecting Singngat to Thanlon, Mualnuam is an enchanting highland sub-divisional settlement surrounded by pristine temperate broadleaf forests, terraced hillside farming hamlets, crystal mountain streams, and rolling mist-shrouded peaks that offer cool mountain relief and sweeping vistas of the remote southern ranges.",Oct-Feb,https://images.unsplash.com/photo-1486870591958-9b9d0d1dda99?w=800&auto=format&fit=crop&q=80
5571,Ngaloi Waterfall & Forest Stream,Manipur,attraction,24.366667,93.65,budget,4.9,16531,"Nestled in a serene forested valley near Ngaloi village just 9 km from Churachandpur town center, Ngaloi Waterfall is celebrated as one of southern Manipur's most popular natural getaways, where a crystal mountain stream tumbles over several rocky ledges into a wide, clear natural plunge pool shaded by towering forest canopies, equipped with timber footbridges, scenic viewpoints, and riverside picnic pavilions.",Jul-Oct,https://images.unsplash.com/photo-1432405972618-c60b0225b8f9?w=800&auto=format&fit=crop&q=80
5572,Rengkai Historic Hmar Cultural Settlement,Manipur,attraction,24.316667,93.683333,budget,4.9,20139,"Forming an integral southern suburb of Churachandpur town, Rengkai is celebrated as the cultural and literary heartland of the Hmar people in Manipur, established in the mid-20th century and renowned for its grand stone churches with soaring spires, vibrant cultural societies, handloom clusters producing world-renowned Hmar puan shawls, and active celebrations of Sikpui Ruoi (the winter post-harvest festival).",Oct-Feb,https://images.unsplash.com/photo-1518709268805-4e9042af9f23?w=800&auto=format&fit=crop&q=80
5573,Sangaikot Foothill Valley & Orange Groves,Manipur,attraction,24.283333,93.75,budget,4.7,7599,"Situated in a scenic, fertile foothill basin 18 km south of Churachandpur town along the road to Sugnu, Sangaikot is an agricultural sub-division celebrated for its extensive organic Mandarin orange orchards, sweet sugarcane fields, rolling green pastures, traditional Kuki and Zou tribal villages, and peaceful riverfront picnic spots along the Khuga river plain.",Oct-Feb,https://images.unsplash.com/photo-1464822759023-fed622ff2c3b?w=800&auto=format&fit=crop&q=80
5574,Sielmat Hilltop Viewpoints & Historic Mission Heritage,Manipur,attraction,24.35,93.683333,budget,4.1,225,"Occupying a scenic elevated hill spur on the northern fringes of Lamka, Sielmat is of profound cultural and educational significance to the Hmar community, established as a pioneering Christian mission center in 1910 by missionary Watkin Roberts and local converts, featuring historic mission stone churches, peaceful academic compounds, traditional handloom weaving households, and hilltop viewing pathways offering panoramic views of the entire Lamka valley.",Oct-Feb,https://images.unsplash.com/photo-1506197603052-3cc9c3a201bd?w=800&auto=format&fit=crop&q=80
5575,Singhat Frontier Town & Southern Kuki Hills,Manipur,attraction,24.133333,93.6,budget,4.2,2482,"Perched amidst rolling pine and oak hills in southern Churachandpur district 32 km south of Churachandpur town along the strategic Guite Road (NH-102B) toward the Myanmar border, Singhat is a picturesque sub-divisional hill town of the Zou, Simte, and Paite tribes, celebrated for its cool mountain climate, traditional Christian churches, hillside ginger and turmeric terraces, and scenic mountain pass vistas.",Oct-Mar,https://images.unsplash.com/photo-1506197603052-3cc9c3a201bd?w=800&auto=format&fit=crop&q=80
5576,Singngat Foothill Trails & Tedim Road Pine Forests,Manipur,attraction,24.166667,93.6,budget,4.3,1787,"Nestled along the historic Tedim Road (NH-102B) in southwestern Churachandpur 30 km from Lamka, Singngat is a peaceful sub-divisional hill town situated in a scenic mountain basin surrounded by dense stands of native pine trees, cool perennial hill streams, rolling green hills, and traditional Paite and Zou tribal villages, offering picturesque off-the-beaten-track foothill walking tracks and riverbank picnic sites.",Oct-Feb,https://images.unsplash.com/photo-1486870591958-9b9d0d1dda99?w=800&auto=format&fit=crop&q=80
5577,Suangdoh Ridge & Highlands (Tipaimukh Highway Overlook),Manipur,attraction,24.183333,93.55,budget,3.9,1123,"Perched at an elevation of over 1,400 meters along the historic Guite Road (NH-102B) heading toward Thanlon and Tipaimukh, Suangdoh is an atmospheric highland tribal settlement famous for its sweeping mountain ridgeline vistas, dramatic early-morning sea-of-clouds inversions filling the deep river valleys below, stepped mountain agriculture, and cool year-round climate.",Oct-Feb,https://images.unsplash.com/photo-1582510003544-4d00b7f74220?w=800&auto=format&fit=crop&q=80
5578,Tonglon Cave & Archaeological Rock Shelters,Manipur,attraction,24.25,93.583333,budget,4.0,221,"Situated in the rugged limestone hills of southern Churachandpur district near Tonglon village 30 km from Churachandpur town, Tonglon Cave is celebrated in the state's official tourism inventory as an ancient subterranean karst cavern network, featuring multiple interconnected stone galleries adorned with calcified stalactites, stalagmites, natural stone pillars, and historical rock shelters used by ancient tribal clans.",Oct-Feb,https://images.unsplash.com/photo-1518709268805-4e9042af9f23?w=800&auto=format&fit=crop&q=80
5579,Tonglon Hidden Waterfall & Jungle Stream,Manipur,attraction,24.25,93.616667,budget,4.5,3836,"Hidden deep within dense sub-tropical foliage in the hills of Tonglon village in Singngat sub-division, downstream from the famed Tonglon limestone caves, this multi-tiered forest waterfall tumbles over moss-covered limestone ledges into a series of crystal-clear jade-green rock basins, shaded by towering wild banana and teak trees and reached via an unpaved hiking trail through rural tribal hamlets.",Jul-Oct,https://images.unsplash.com/photo-1546548970-71785318a17b?w=800&auto=format&fit=crop&q=80
5580,Tuila Stream & Riverbed Picnic Spots,Manipur,attraction,24.2,93.633333,budget,4.2,1242,"Flowing through pristine oak and bamboo forested ravines along the mountain slopes crossing the Tedim Road in southern Churachandpur, the Tuila stream is a scenic perennial mountain tributary characterized by giant water-sculpted granite boulders, crystal-clear wading shallows, small sparkling waterfalls, and shaded sandy nooks that provide one of the most refreshing natural swimming and picnic spots in the district.",Oct-Feb,https://images.unsplash.com/photo-1518709268805-4e9042af9f23?w=800&auto=format&fit=crop&q=80
5581,Tuivai River Gorge & Rocky Rapids (Southern Frontier),Manipur,attraction,24.016667,93.45,budget,4.0,1212,"Carving a colossal natural canyon along the southwestern border separating Manipur from Mizoram and Myanmar, the Tuivai River is one of the most magnificent wild mountain rivers of the Northeast, featuring roaring turquoise rapids, deep limestone gorges, towering rock cliffs draped in subtropical rainforest, and secluded pebble beaches that provide world-class opportunities for wilderness river trekking, white-water kayaking, and angling.",Oct-Feb,https://images.unsplash.com/photo-1441974231531-c6227db76b6e?w=800&auto=format&fit=crop&q=80
5582,Zenhang Lamka & Traditional Cane-Bamboo Craft Clusters,Manipur,attraction,24.333333,93.683333,budget,4.7,6128,"Situated in the central core of Churachandpur town, Zenhang Lamka is a bustling commercial and artisan neighborhood celebrated as the primary center for indigenous cane and bamboo handicrafts, where generations of skilled artisans handcraft durable bamboo lounge chairs, cane baskets, fish traps, and home decor, while the evening street market comes alive with stalls offering local smoked pork delicacies, steamed tapioca, and tribal herbal snacks.",Oct-Feb,https://images.unsplash.com/photo-1609766857041-ed402ea8069a?w=800&auto=format&fit=crop&q=80
5583,Zogam Tribal Museum & Cultural Heritage Centre (Tuibong),Manipur,attraction,24.35,93.7,mid,4.7,6906,"Situated in the administrative quarter of Tuibong in Churachandpur, the Zogam Tribal Museum is the premier cultural repository dedicated to preserving the diverse material heritage of the indigenous Kuki-Zomi-Hmar-Mizo communities of southern Manipur, exhibiting rare antique brass gongs (Daha), traditional muzzle-loading flintlock guns, tiger bone ornaments, hornbill feather headdresses, ancient bamboo craft implements, and authentic hand-woven tribal shawls representing all local clans.",Oct-Mar,https://images.unsplash.com/photo-1565034946487-077786996e27?w=800&auto=format&fit=crop&q=80
5584,Andro Heritage Village,Manipur,attraction,24.7337,94.0414,budget,4.1,617,"Andro is an ancient heritage village located at the foothills of the Nongmaiching range in Imphal East district, Manipur. It is globally famous for its unique style of pottery called 'Charai Taba', made exclusively by married women using a special wooden bat instead of a wheel. The village features the Mutua Museum, a cultural hub displaying traditional doll houses, tribal clothing, and historic artifacts from Manipur's tribes.",Oct-Feb,https://images.unsplash.com/photo-1609766857041-ed402ea8069a?w=800&auto=format&fit=crop&q=80
5585,Andro Sacred Fire Sanctuary (Mei Mutaba) & Ancient Inscription Site,Manipur,attraction,24.766667,94.05,budget,4.7,29036,"Located within the sacred precinct of the Panam Ningthou temple in Andro village, the Sacred Fire Place (Mei Mutaba) is one of the most remarkable living cultural phenomena in India—an eternal sacred fire that has been meticulously kept burning day and night without interruption by designated village households taking turns for centuries, accompanied by ancient stone pillar inscriptions dating to the reign of King Poireiton and sacred copper ritual hearths.",Oct-Feb,https://images.unsplash.com/photo-1551969014-7d2c4cddf0b6?w=800&auto=format&fit=crop&q=80
5586,Baruni Ching (Nongmaiching Hill Peak & Sacred Pilgrimage Trail),Manipur,attraction,24.833333,94.033333,budget,4.0,1058,"Dominating the eastern horizon of the Imphal valley with an elevation of nearly 1,500 meters, Baruni Ching (the summit ridge of Nongmaiching Hill) is one of Manipur's most sacred geographic landmarks, venerated since pre-Hindu antiquity as the sacred residence of Nongpok Ningthou (the Lord of the East) and Panthoibi, and later Lord Shiva, drawing tens of thousands of pilgrims during the annual Baruni Ching-Kaba night pilgrimage to climb its forested slopes and watch dawn break over a sea of clouds.",Oct-Feb,https://images.unsplash.com/photo-1519681393784-d120267933ba?w=800&auto=format&fit=crop&q=80
5587,Bijali Leikol & Kombirei Wetland Gardens,Manipur,attraction,24.816667,93.966667,budget,4.6,5565,"Situated in the serene wetland canal fringes of eastern Imphal near Yaralpat, Bijali Leikol is a specialized ecological floral sanctuary and wetland garden dedicated to preserving Kombirei (Iris bakeri / Iris laevigata)—the sacred indigenous purple iris deeply woven into Meitei folklore and indispensable to the traditional Cheiraoba (Manipuri New Year) celebrations, blooming in breathtaking purple carpets across tranquil marshy beds in early spring.",Oct-Feb,https://images.unsplash.com/photo-1519331379826-f10be5486c6f?w=800&auto=format&fit=crop&q=80
5588,City Convention Centre (Palace Compound),Manipur,attraction,24.801667,93.955,mid,4.9,18120,"Situated prominently in the historic Palace Compound in Imphal East, the City Convention Centre is Manipur's flagship modern institutional landmark for cultural diplomacy, international film festivals, classical Manipuri dance congresses, and performing arts summits, featuring a monumental glass-and-steel facade integrated with Meitei stylistic elements, an acoustically engineered 1,200-seat auditorium, art galleries, and manicured civic plazas.",Oct-Feb,https://images.unsplash.com/photo-1566073771259-6a8506099945?w=800&auto=format&fit=crop&q=80
5589,Dolaithabi Dam & Barrage Imphal East,Manipur,attraction,24.966667,94.0,budget,4.0,1257,"Situated across the sparkling Iril River at Dolaithabi in northern Imphal East district 24 km from central Imphal, commissioned in 2019, Dolaithabi Barrage is a major water-resource engineering project designed to irrigate over 7,500 hectares of valley farmland, featuring an imposing multi-bay concrete spillway barrage flanked by verdant pine-forested foothills, popular for scenic waterside strolling, river recreation, and countryside photography.",Oct-Feb,https://images.unsplash.com/photo-1506744038136-46273834b3fb?w=800&auto=format&fit=crop&q=80
5590,Hatta Golapati War Cemetery,Manipur,attraction,24.811111,93.955556,budget,4.0,601,"Situated at Hatta Golapati in Imphal East along the road to Porompat 2 km from Kangla Fort, maintained by the Commonwealth War Graves Commission (CWGC), commemorating 868 brave Muslim soldiers of the British Indian Army and Royal Indian Army Service Corps who made the supreme sacrifice defending Imphal against the Japanese forces during the 1944 Battle of Imphal, featuring pristine lawn terraces, headstones oriented toward Mecca, and a commemorative pavilion.",Oct-Feb,https://images.unsplash.com/photo-1590050752117-238cb0fb12b1?w=800&auto=format&fit=crop&q=80
5591,Heingang Ching Foothills & Manipuri Pony Grazing Grounds,Manipur,attraction,24.85,93.95,budget,4.5,3852,"Spreading across the gentle slopes and green commons beneath the sacred Marjing Polo shrine in Heingang 7 km north of Imphal, these historic grazing grounds have for centuries nurtured the legendary Manipuri Pony—the purebred athletic steed on which modern polo (Sagol Kangjei) was born, featuring undulating hillock trails, quiet pony pastures, traditional Meitei sacred groves (Umang Lai), and panoramic views overlooking the Lamphel and northern valley wetlands.",Oct-Feb,https://images.unsplash.com/photo-1519681393784-d120267933ba?w=800&auto=format&fit=crop&q=80
5592,Ibudhou Marjing Polo Hill & Colossal Polo Statue,Manipur,attraction,24.866667,93.966667,budget,4.4,27677,"Perched on the sacred summit of Heingang Hill 8 km northeast of central Imphal, revered in Meitei mythology as the celestial abode of Lord Ibudhou Marjing (the primordial deity who invented polo / Sagol Kangjei), crowned in January 2023 by the colossal 122-foot-tall bronze statue of a traditional Meitei polo player mounted on a galloping Manipuri pony, celebrated as the world's tallest statue of a polo player, offering breathtaking panoramic vistas of the Imphal valley.",Oct-Feb,https://images.unsplash.com/photo-1506197603052-3cc9c3a201bd?w=800&auto=format&fit=crop&q=80
5593,Ima Panam Ningthou Temple Andro,Manipur,attraction,24.766667,94.05,budget,4.5,8890,"Situated in the ancient ancestral village of Andro at the foot of the Nongmaiching hill range 25 km east of Imphal, this sacred primordial Meitei shrine is dedicated to Lord Panam Ningthou, revered across Manipur for housing the eternal sacred hearth fire ('Mei') that according to ancient royal chronicles has been kept burning continuously by rotating village families day and night since the reign of King Nongda Lairen Pakhangba in 33 CE without ever being extinguished.",Oct-Mar,https://images.unsplash.com/photo-1544717305-2782549b5136?w=800&auto=format&fit=crop&q=80
5594,Imphal War Cemetery (CWGC 1944 Battle of Imphal),Manipur,attraction,24.819444,93.947222,budget,4.6,23750,"Situated at Dewlahland along the Imphal-Dimapur Road in Imphal East, meticulously maintained by the Commonwealth War Graves Commission (CWGC), commemorating 1,600 British, Indian, African, Canadian, and Australian soldiers who fell during the ferocious Battle of Imphal between March and July 1944 when the British Fourteenth Army under General Slim halted the Japanese U-Go invasion, featuring manicured emerald lawns, formal flowerbeds, and bronze-inscribed stone markers.",Oct-Feb,https://images.unsplash.com/photo-1582510003544-4d00b7f74220?w=800&auto=format&fit=crop&q=80
5595,Iril River Pebble Banks & Shikhong Fringe,Manipur,attraction,24.866667,94.0,budget,4.5,4930,"Meandering through the verdant agricultural valleys of Imphal East between Dolaithabi and Sawombung, the Iril River features sweeping gravel beaches, rounded river pebbles, crystal-clear cold mountain water flowing down from the Senapati highlands, and bamboo-shaded riverbanks, offering an idyllic, tranquil country escape for seasonal swimming, stone-skipping, birdwatching, and traditional community riverside barbecues.",Oct-Feb,https://images.unsplash.com/photo-1590050752117-238cb0fb12b1?w=800&auto=format&fit=crop&q=80
5596,Khuman Lampak Main Stadium & Sports Complex,Manipur,attraction,24.819444,93.947222,budget,4.9,27995,"Sprawling across prime sports grounds in central Imphal East, the Khuman Lampak Sports Complex is the crown jewel of Manipur's legendary sports culture (celebrated across the nation as the 'Powerhouse of Sports in India'), featuring the 30,000-capacity Khuman Lampak Main Stadium, world-class indoor stadiums, boxing rings, archery ranges, swimming pools, and velodromes that have nurtured Olympic champions, world boxing champions, and football legends like Mary Kom and Mirabai Chanu.",Oct-Feb,https://images.unsplash.com/photo-1582510003544-4d00b7f74220?w=800&auto=format&fit=crop&q=80
5597,Lairemba Waterfall & Foothill Stream (Wakha),Manipur,attraction,24.816667,93.983333,budget,4.2,1112,"Hidden deep within the shaded oak and bamboo ravines of Wakha village at the western base of the Nongmaiching mountain range 9 km east of Imphal, Lairemba Waterfall is a refreshing seasonal and perennial forest cascade that plunges over mossy stone tiers into a calm, shallow natural rock basin, surrounded by wild flowering shrubs, songbirds, and quiet hiking paths frequented by local trail walkers.",Jul-Oct,https://images.unsplash.com/photo-1546548970-71785318a17b?w=800&auto=format&fit=crop&q=80
5598,MAASI Complex (Manipur Adventure and Allied Sports Institute),Manipur,attraction,24.75,93.983333,budget,4.4,1205,"Spread across 120 undulating acres at the picturesque foot of Awaching hill in Keirao about 10 km southeast of Imphal, MAASI is the Northeast's premier adventure sports institute, featuring certified natural rock-climbing cliffs, artificial bouldering walls, high-rope obstacle courses, a natural obstacle swimming pond, jungle trekking circuits, and scenic camping grounds overlooking lush valley paddies.",Oct-Feb,https://images.unsplash.com/photo-1518709268805-4e9042af9f23?w=800&auto=format&fit=crop&q=80
5599,Mahabali Temple & Sacred Monkey Forest (Mahabali Umang),Manipur,attraction,24.8,93.95,budget,4.7,11833,"Situated on the picturesque eastern bank of the Imphal River in Wangkhei, Mahabali Temple is an ancient brick shrine built in 1725 CE during the reign of Maharaja Garib Niwas (Pamheiba), featuring unique Bengal-style terracotta hut architecture housing a venerated stone idol of Lord Hanuman, surrounded by the Mahabali Umang—a dense, centuries-old sacred grove populated by a protected troop of revered rhesus macaque monkeys.",Oct-Mar,https://images.unsplash.com/photo-1582510003544-4d00b7f74220?w=800&auto=format&fit=crop&q=80
5600,Mutua Museum & Cultural Complex Andro,Manipur,attraction,24.766667,94.05,mid,4.6,14097,"Established in 1993 by dedicated cultural historian Mutua Bahadur in the historic village of Andro 25 km east of Imphal, Mutua Museum is an internationally celebrated living ethnographic cultural repository, featuring full-scale authentic thatch-and-timber model houses representing all 29 major ethnic tribal and Meitei communities of Manipur, traditional woodcarvings, bell-metal casting workshops, archaic coin collections, and traditional hand-coiled unglazed pottery.",Oct-Mar,https://images.unsplash.com/photo-1544531586-fde5298cdd40?w=800&auto=format&fit=crop&q=80
5601,Poiroupat Heritage Wetland & Birding Lake (Andro/Yairipok Foothills),Manipur,attraction,24.733333,94.033333,budget,4.6,8936,"Cradled in the southern foothills of the Nongmaiching range near the Andro-Yairipok border 18 km southeast of Imphal, Poiroupat is a serene, historic natural freshwater lake and wetland covered in seasonal lotus blooms, wild water-lilies, and floating phumdi mats, steeped in ancient Meitei folkloric ballads and serving as a tranquil winter feeding habitat for migratory teals, whistling ducks, and purple moorhens.",Oct-Feb,https://images.unsplash.com/photo-1439066615861-d1af74d74000?w=800&auto=format&fit=crop&q=80
5602,Sanamahi Kiyong Temple (Nongmaiching Hill / Baruni Ching),Manipur,attraction,24.816667,94.016667,budget,4.8,17824,"Crowning the sacred crest of Nongmaiching Hill (Baruni Ching) at an elevation of over 1,000 meters in Imphal East, Sanamahi Kiyong is a majestic, recently constructed temple complex dedicated to Lainingthou Sanamahi, the supreme ancestral creator deity of the Meitei religion (Sanamahism), designed with traditional octagonal cosmological architecture, intricately carved teak woodwork, sweeping courtyards, and awe-inspiring 360-degree views over the entire Imphal valley.",Oct-Mar,https://images.unsplash.com/photo-1519681393784-d120267933ba?w=800&auto=format&fit=crop&q=80
5603,Sanamahi Temple Haying Khongbal (Ancient Meitei Deity),Manipur,attraction,24.811111,93.947222,budget,4.5,22797,"Situated at Haying Khongbal in the 1st Manipur Rifles compound in Imphal East, consecrated in 1891 during the reign of Maharaja Kulachandra, this historic red-brick temple is dedicated to Lainingthou Sanamahi (the supreme creator and household guardian deity of the Sanamahi indigenous Meitei faith), renowned for its distinctive octagonal brick sanctum, tiered conical roof, and as the spiritual epicenter of the grand annual Mera Houchongba festival celebrating hill-valley solidarity.",Oct-Mar,https://images.unsplash.com/photo-1518709268805-4e9042af9f23?w=800&auto=format&fit=crop&q=80
5604,Santhei Natural Park Andro,Manipur,attraction,24.766667,94.05,budget,4.9,22239,"Nestled in the lush green foothills of the Nongmaiching hill range in Andro village 25 km east of Imphal, Santhei Natural Park is an award-winning community-managed eco-tourism park developed around a natural mountain stream reservoir, featuring manicured floral lawns, pine and eucalyptus groves, footbridges, bamboo gazebos, and picnic spaces overlooking crystal mountain water.",Oct-Feb,https://images.unsplash.com/photo-1584467735815-f778f274e296?w=800&auto=format&fit=crop&q=80
5605,Sekta Archaeological Living Museum (Sekta Kei Excavation Mound),Manipur,attraction,24.883333,94.016667,mid,4.5,8626,"Located along the scenic eastern bank of the Iril River approximately 16 km northeast of Imphal, Sekta Kei is a nationally renowned archaeological protected site that preserves a multi-layered prehistoric and proto-historic burial complex excavated by the Archaeological Survey of India and State Archaeology, showcasing in-situ secondary funerary urns, rare burial urn pottery, copper bangles, silver jewelry, and human remains dating from the early centuries of the Common Era.",Oct-Mar,https://images.unsplash.com/photo-1565034946487-077786996e27?w=800&auto=format&fit=crop&q=80
5606,Shree Krishna Temple (Brahmapur Guru Aribam Leikai),Manipur,attraction,24.793333,93.948333,budget,4.0,1037,"Located in the historic Brahmin quarter of Brahmapur Guru Aribam Leikai along the eastern bank of the Imphal River, Shree Krishna Temple is one of the earliest standing brick monuments in Manipur, constructed in 1725 CE under the patronage of Maharaja Garib Niwas, featuring an exquisite double-roofed hut structure (Do-chala influenced) adorned with terracotta mouldings, housing ancient brass murtis of Radha and Krishna.",Oct-Mar,https://images.unsplash.com/photo-1621847468516-1ed5d0df56fe?w=800&auto=format&fit=crop&q=80
5607,Shree Shree Govindajee Temple Imphal,Manipur,attraction,24.805556,93.955556,budget,4.8,7831,"Situated adjacent to the historic Palace Compound in Imphal East, consecrated in 1846 during the reign of Maharaja Nara Singh and rebuilt in 1891, celebrated as the highest institutional temple and spiritual nucleus of Gaudiya Vaishnavism in Manipur, renowned for its classical Hindu-Meitei temple architecture featuring twin soaring gold-plated domes, a vast paved sanctum courtyard, and magnificent carved marble and wood deities of Radha-Govinda flanked by Balarama, Krishna, Jagannatha, Subhadra, and Gaura-Nitai.",Oct-Mar,https://images.unsplash.com/photo-1544717305-2782549b5136?w=800&auto=format&fit=crop&q=80
5608,Silheipung Ecological Garden Lamlai,Manipur,attraction,24.816667,94.033333,budget,4.8,11155,"Situated in Lamlai 15 km east of Imphal along the highway to Ukhrul, Silheipung is a celebrated community-based eco-tourism craft park established to preserve and celebrate indigenous Manipuri craftsmanship and rural agrarian heritage, featuring landscaped botanical lawns, traditional thatched artisan workshops, water bodies, indigenous bamboo swings, an open-air amphitheatre, and live demonstrations of cane and pottery craft.",Oct-Feb,https://images.unsplash.com/photo-1519331379826-f10be5486c6f?w=800&auto=format&fit=crop&q=80
5609,St. Joseph's Cathedral Imphal (Mantripukhri Cathedral),Manipur,attraction,24.85,93.95,budget,4.4,22007,"Perched on a scenic, elevated hillock at Mantripukhri along National Highway 2 approximately 5 km north of central Imphal, consecrated in 1999 as the cathedral seat of the Roman Catholic Archdiocese of Imphal, celebrated for its monumental architecture featuring soaring curvilinear rooflines inspired by traditional tribal morung timber roofs, a magnificent high altar, stained glass windows depicting biblical scenes, and peaceful pine-shaded grounds.",Oct-Feb,https://images.unsplash.com/photo-1518709268805-4e9042af9f23?w=800&auto=format&fit=crop&q=80
5610,"Temple of Madan Mohanji (Palace Compound, Imphal East)",Manipur,attraction,24.8,93.956667,mid,4.1,424,"Erected within the historic Royal Palace Compound in Imphal East during the reign of Maharaja Chandrakirti Singh in the mid-19th century, the Temple of Madan Mohanji is a serene Vaishnavite brick shrine dedicated to Lord Krishna (Madan Mohan), noted for its distinctive rectangular sanctum, classical corbelled dome roof, ornamental stucco floral friezes, and enduring role in the grand annual Radhashtami and Raas Leela festivals of the royal court.",Oct-Mar,https://images.unsplash.com/photo-1566073771259-6a8506099945?w=800&auto=format&fit=crop&q=80
5611,Temple of Thangal General (Wangkhei / Palace Compound),Manipur,attraction,24.803333,93.953333,mid,4.2,3128,"Constructed in 1879 CE by General Thangal—one of the supreme military commanders and national heroes of Manipur who was executed by the British after the Anglo-Manipuri War of 1891—this historic temple at Wangkhei is an ASI and State Protected Monument, distinguished by its unique architectural fusion of indigenous Meitei conical forms and classical brick corbelled arches, housing revered Vaishnavite deities and historic dedication inscriptions.",Oct-Mar,https://images.unsplash.com/photo-1584551246679-0daf3d275d0f?w=800&auto=format&fit=crop&q=80
5612,Three Mothers Art Gallery (Thangapat Mapal),Manipur,attraction,24.795,93.955,budget,3.9,1189,"Founded in 1986 by visionary master sculptor Gurumayum Shyamsunder Sharma at Thangapat Mapal in Palace Compound, Three Mothers Art Gallery is a world-unique wood sculpture museum named after the mother who gave birth, the motherland, and the mother tongue, housing dozens of astonishingly intricate, monumental monolithic sculptures meticulously carved from single discarded dead tree trunks and roots without any joints.",Oct-Feb,https://images.unsplash.com/photo-1565034946487-077786996e27?w=800&auto=format&fit=crop&q=80
5613,Bir Tikendrajit Memorial Complex & Historic Senapati Residence Grounds,Manipur,attraction,24.803333,93.938333,budget,4.9,16808,"Situated in the historic civil precinct of Imphal West adjoining Bir Tikendrajit Park and the high court area, this memorial complex marks the ancestral residence and martyrdom grounds of Jubraj Bir Tikendrajit (the Crown Prince and Senapati of Manipur) who led the gallant Manipuri resistance during the 1891 Anglo-Manipuri War, featuring a life-sized bronze equestrian monument, memorial cenotaphs, historical photo galleries, and manicured floral gardens.",Oct-Feb,https://images.unsplash.com/photo-1621847468516-1ed5d0df56fe?w=800&auto=format&fit=crop&q=80
5614,Chorus Repertory Campus & Theatre Sanctuary (Shamushang),Manipur,homestay,24.816667,93.916667,budget,3.9,696,"Established in 1976 by Sangeet Natak Akademi laureate and global theatre visionary Ratan Thiyam at Shamushang Uripok in Imphal West, the Chorus Repertory Campus is a world-acclaimed theatrical sanctuary spanning two lush acres, harmoniously designed with traditional Manipuri mud-and-bamboo thatch architecture, open-air Greek-Meitei fusion amphitheatres, natural lotus ponds, and bamboo groves where indigenous theatrical masterpieces are conceived and staged.",Oct-Feb,https://images.unsplash.com/photo-1499793983690-e29da59ef1c2?w=800&auto=format&fit=crop&q=80
5615,Ima Keithel (Khwairamband Bazar) - Mothers' Market,Manipur,attraction,24.808333,93.936111,budget,4.5,8288,"Situated in the bustling heart of Imphal across three colossal multistoried colonial-style brick buildings (Purana Bazar, Laxmi Bazar, and New Market), established in the 16th century, celebrated globally as the largest exclusively all-women-run market in Asia and the world, where over 5,000 licensed married Meitei women traders ('Imas' or Mothers) wearing traditional Phanek and Inaphi attire independently operate stalls selling organic mountain produce, indigenous herbs, hand-woven textiles, brass utensils, and ceremonial items.",Oct-Feb,https://images.unsplash.com/photo-1544717305-2782549b5136?w=800&auto=format&fit=crop&q=80
5616,Imphal West Botanical Garden & Ecological Park (Langol Reserve Fringe),Manipur,attraction,24.825,93.908333,mid,4.0,688,"Spread across the gentle foothill fringes of the Langol Forest Reserve near Lamphelpat, this government-maintained botanical and ecological garden is a peaceful conservation repository showcasing native flowering plants of the sub-Himalayan eastern valley, rare bamboo varieties, ornamental seasonal floral beds, paved walking circuits, and shaded benches popular with families, birdwatchers, and morning fitness enthusiasts.",Oct-Feb,https://images.unsplash.com/photo-1519331379826-f10be5486c6f?w=800&auto=format&fit=crop&q=80
5617,Iroisemba Pine Hillock Trails & Nature Reserve,Manipur,attraction,24.816667,93.9,budget,4.7,2317,"Rising directly behind the Manipur Zoological Garden on the western periphery of Imphal, the Iroisemba Pine Hillocks are an expansive network of tranquil, elevated pine ridges laced with winding dirt walking trails, fragrant conifer needles, natural bird habitats, and scenic hill vantage spots looking out over the rolling agricultural fields of the western valley toward Kangchup.",Oct-Feb,https://images.unsplash.com/photo-1486870591958-9b9d0d1dda99?w=800&auto=format&fit=crop&q=80
5618,ISKCON Temple Imphal (Mani Mandir),Manipur,attraction,24.783333,93.916667,budget,4.6,5537,"Situated at Airport Road in Sangaiprou approximately 4 km from central Imphal, consecrated in 1987 by ISKCON under the inspiration of Bhaktisvarupa Damodara Swami (Dr. T.D. Singh), celebrated as one of Northeast India's most architecturally unique Hindu temples, famous for its French-château-inspired white tower spires, soaring stained glass windows depicting Lord Krishna's pastimes, luminous ceiling frescoes illustrating the classical Manipuri Raas Leela, and carved marble deities of Sri Sri Radha Krishnachandra.",Oct-Mar,https://images.unsplash.com/photo-1567157577867-05ccb1388e66?w=800&auto=format&fit=crop&q=80
5619,Kaboleikai War Cemetery Imphal West,Manipur,attraction,24.808333,93.933333,budget,3.9,560,"Situated at Kaboleikai in Imphal West, this commemorative World War II memorial cemetery is maintained to honor the brave indigenous civilian porters, auxiliary scouts, guides, and medical support personnel from Manipur and the surrounding hills who rendered invaluable service to the Allied Fourteenth Army during the siege of Imphal in 1944, featuring stone memorial tablets, neat hedgerows, and tranquil lawns.",Oct-Feb,https://images.unsplash.com/photo-1621847468516-1ed5d0df56fe?w=800&auto=format&fit=crop&q=80
5620,Kangchup Dam & Upper Canals (Scenic Foothill Vantage & Reservoir),Manipur,attraction,24.866667,93.816667,budget,4.6,4561,"Located on the northwestern rim of Imphal West 16 km from the capital, Kangchup is a picturesque foothill vantage point and historic upland water supply reservoir established in the British era, featuring crystal-clear mountain canal feeders, stone masonry sluice gates, terraced hill gardens, pine copses, and panoramic vantage points looking down across the sprawling Imphal valley floor.",Oct-Feb,https://images.unsplash.com/photo-1506744038136-46273834b3fb?w=800&auto=format&fit=crop&q=80
5621,Kangla Fort & Royal Citadel,Manipur,attraction,24.811111,93.943056,mid,4.8,8888,"Situated on the banks of the Imphal River in central Imphal across 237.6 acres, Kangla ('dry land' in ancient Meitei) was the ancient fortified capital and spiritual power seat of the Kingdom of Manipur from the reign of King Nongda Lairen Pakhangba in 33 CE until its capture by British forces in 1891, handed back to the people of Manipur by Prime Minister Manmohan Singh in November 2004, protected as a state archaeological site featuring the monumental brick Western Gate, the twin colossal dragon-lion statues of Kangla Sha, the sacred coronation hall of Kangla Uttra, the revered Nungjeng Pukhri sacred pond, the restored Govindajee temple sanctum, and centuries-old moats.",Oct-Feb,https://images.unsplash.com/photo-1590766940554-634a7ed41450?w=800&auto=format&fit=crop&q=80
5622,Kangla Moats (Inner & Outer Royal Watercourses & Heritage Promenade),Manipur,hotel,24.808333,93.938333,luxury,4.6,5413,"Encircling the historic Kangla Fort in two concentric rings connected to the Nambul and Imphal rivers, the ancient Kangla Moats (Thangapat) were engineered centuries ago as formidable military defensive water barriers and royal dragon-boat racing channels (Hiyang Tannaba), today transformed into tranquil water courses dotted with floating white water lilies, graceful pedestrian bridges, lighted walking promenades, and traditional rowing boats.",Oct-Feb,https://images.unsplash.com/photo-1542314831-068cd1dbfeeb?w=800&auto=format&fit=crop&q=80
5623,Kangla Museum & Royal Artifacts Gallery (Kangla Fort Complex),Manipur,attraction,24.806667,93.94,mid,4.6,19833,"Housed within restored historic heritage barracks inside the sacred Kangla Fort complex in Imphal West, the Kangla Museum is an exceptional archaeological and royal repository that documents over two millennia of Manipur's royal dynastic history, displaying ancient Meitei Puyas (bark manuscripts), prehistoric polished stone celts, royal ceremonial palanquins, British-era artillery, traditional royal ceremonial weaponry, and rare archival maps of the ancient citadel.",Oct-Mar,https://images.unsplash.com/photo-1585123388867-3bfe6dd4bdbf?w=800&auto=format&fit=crop&q=80
5624,Kangla Uttra & Kangla Sha Ancestral Citadel Shrines,Manipur,attraction,24.805,93.941667,budget,4.4,14672,"Situated at the sacred geographical apex of the inner citadel of Kangla Fort, Kangla Uttra was the ceremonial royal coronation sanctum and hall of state where the Ningthous (kings) of Manipur were consecrated, flanked by the colossal reconstructed statues of the Kangla Sha—the mythical winged dragon-lion state emblem of Manipur blown up by the British in 1891 and reconstructed in 2007—and the sacred coronation stone seat.",Oct-Feb,https://images.unsplash.com/photo-1599661046289-e31897846e41?w=800&auto=format&fit=crop&q=80
5625,Khonghampat Orchidarium,Manipur,attraction,24.883333,93.916667,budget,4.7,18018,"Sprawling across 200 acres along National Highway 2 approximately 10 km north of central Imphal, maintained by the Forest Department of Manipur, celebrated as one of Northeast India's premier orchid conservation repositories, harboring over 110 rare, endemic, and endangered orchid species including the Blue Vanda (Vanda coerulea), Dendrobium, Cymbidium, and Paphiopedilum in natural forest groves, open-air nurseries, and poly-houses.",Oct-Feb,https://images.unsplash.com/photo-1590050752117-238cb0fb12b1?w=800&auto=format&fit=crop&q=80
5626,Koirengei Old Airfield & Battle of Imphal Airbase,Manipur,attraction,24.866667,93.933333,budget,4.5,2778,"Situated at Koirengei 10 km north of central Imphal along National Highway 2, Koirengei Old Airfield was a critical forward operational airbase of the Royal Air Force (RAF) and Indian Air Force (IAF) during World War II, from which Spitfire and Hurricane fighter squadrons launched sorties against the advancing Japanese 15th Army during the 1944 Battle of Imphal, preserving sections of the historic wartime bitumen runway, aircraft dispersal revetments, and commemorative plaques.",Oct-Feb,https://images.unsplash.com/photo-1567157577867-05ccb1388e66?w=800&auto=format&fit=crop&q=80
5627,Langthabal Royal Palace Ruins & Historic Monuments (Canchipur),Manipur,attraction,24.75,93.933333,mid,4.5,9178,"Crowning a picturesque, pine-crested hillock at Canchipur 6 km south of Imphal adjacent to the Manipur University campus, Langthabal is a monumental 19th-century royal palace complex founded by Maharaja Gambhir Singh in the 1820s following the Seven Years Devastation (Chahi Taret Khuntakpa), featuring atmospheric red-brick palace pavilions, ancestral royal burial chhattris (samadhis), ancient Radha-Govinda temples, aged jackfruit orchards, and panoramic outlooks across the southern valley.",Oct-Mar,https://images.unsplash.com/photo-1584551246679-0daf3d275d0f?w=800&auto=format&fit=crop&q=80
5628,Manipur State Museum & Art Gallery,Manipur,attraction,24.805556,93.941667,mid,4.6,18184,"Inaugurated in 1969 by Prime Minister Indira Gandhi near the historic Polo Ground in central Imphal, celebrated as the premier repository of Manipur's historical and anthropological heritage, housing comprehensive galleries covering ethnology, archaeology, natural history, textiles, and numismatics, renowned for its open-air gallery displaying the monumental 78-foot-long wooden royal dragon-headed boat 'Hiyang Hiren' (carved from a single giant tree trunk), royal portraits, medieval gold armaments, and traditional costumes of the hill tribes.",Oct-Mar,https://images.unsplash.com/photo-1544531586-fde5298cdd40?w=800&auto=format&fit=crop&q=80
5629,Manipur Zoological Garden Iroisemba,Manipur,attraction,24.816667,93.883333,mid,4.8,19975,"Situated at the foot of pine-covered hillocks at Iroisemba 6 km west of Imphal, established in 1976 across 8 hectares of natural moist deciduous forest, affectionately hailed as the 'Jewel Box' of Manipur, celebrated as a vital ex-situ breeding sanctuary for the state's state animal - the critically endangered Sangai brow-antlered deer (Rucervus eldii eldii), as well as the rare Serow (Nongin), Hoolock Gibbon, Slow Loris, Clouded Leopard, and Himalayan Black Bear.",Oct-Feb,https://images.unsplash.com/photo-1575550959106-5a7defe28b56?w=800&auto=format&fit=crop&q=80
5630,Mapal Kangjeibung - World's Oldest Living Polo Ground,Manipur,attraction,24.805556,93.938889,budget,4.9,19447,"Situated in the very center of Imphal adjacent to Kangla Fort, recognized globally by sports historians and Guinness World Records as the oldest operational polo ground in the world, where the ancient indigenous sport of 'Sagol Kangjei' (traditional Meitei polo played with seven riders aside on indigenous Manipuri ponies using bamboo-root balls and cane mallets) has been played continuously since King Kangba introduced it during ancient times and formalized in 33 CE by King Nongda Lairen Pakhangba, host to the annual Manipur Polo International tournament.",Oct-Feb,https://images.unsplash.com/photo-1518709268805-4e9042af9f23?w=800&auto=format&fit=crop&q=80
5631,Nambul Riverfront Promenade & Heritage Bridges (Downtown Imphal),Manipur,attraction,24.801667,93.935,budget,3.9,772,"Flowing north-to-south through the center of Imphal West between the bustling commercial sectors of Thangal Bazaar and Paona Bazaar, the Nambul River is the historic water artery that sustained traditional canoe commerce and vegetable barter in royal times, now featuring newly developed riverside promenades, landscaped green river embankments, historic iron footbridges, and evening pedestrian plazas.",Oct-Feb,https://images.unsplash.com/photo-1561361513-2d000a50f0dc?w=800&auto=format&fit=crop&q=80
5632,Nityapat Chuthek & Sacred Krishna Radha Shrines (Uripok),Manipur,attraction,24.808333,93.925,budget,3.9,463,"Nestled in the traditional neighbourhood of Uripok along the western approaches to Kangla, Nityapat Chuthek is a historic cultural and sacred street renowned as the living cradle of classical Manipuri Vaishnavite culture, home to ancestral Krishna shrines established during the reign of Maharaja Chandrakirti Singh in the mid-19th century, hereditary Sankirtana guilds, classical Ras Leela costume ateliers, and traditional courtyard devotional performances.",Oct-Feb,https://images.unsplash.com/photo-1621847468516-1ed5d0df56fe?w=800&auto=format&fit=crop&q=80
5633,Nungjeng Pukhri Sacred Royal Pond Kangla,Manipur,attraction,24.811111,93.943056,budget,4.8,10173,"Situated within the sacred inner sanctum of Kangla Fort in central Imphal, Nungjeng Pukhri is an ancient, rectangular sacred royal pond revered in Meitei spiritual cosmology as the primeval underwater dwelling place of Lord Pakhangba (the supreme ancestral serpent deity of Manipur), surrounded by ancient sacred trees and stone steps, historically used for royal coronation purification ceremonies and water rituals since the reign of King Nongda Lairen Pakhangba in 33 CE.",Oct-Feb,https://images.unsplash.com/photo-1582510003544-4d00b7f74220?w=800&auto=format&fit=crop&q=80
5634,Nupi Lal Memorial Complex,Manipur,attraction,24.805556,93.938889,budget,4.8,29448,"Situated near the historic Polo Ground along Bir Tikendrajit Road in central Imphal, this commemorative memorial complex honors the historic Nupi Lal ('Women's War' in Meitei) movements of 1904 (against forced labor under colonial rule) and 12 December 1939 (against British rice-export policies causing local famine), featuring a magnificent larger-than-life bronze sculptural tableau depicting brave Manipuri women armed with clubs and bare hands confronting British officers and bayonets.",Oct-Feb,https://images.unsplash.com/photo-1621847468516-1ed5d0df56fe?w=800&auto=format&fit=crop&q=80
5635,Pakhang Laiseng Sacred Shrines Kangla,Manipur,attraction,24.811111,93.943056,budget,4.4,24034,"Situated across the sacred archaeological precinct inside Kangla Fort, the Pakhang Laiseng shrines represent the most revered primeval sanctums of the Ningthouja dynasty, including the sacred Kangla Uttra (where royal oaths and coronation decrees were proclaimed), the sacred coronation stone seat 'Phambal', the Pakhangba Temple, and sacred stone altars where offerings have been made to the royal divine ancestor Lord Pakhangba for two millennia.",Oct-Feb,https://images.unsplash.com/photo-1609766857041-ed402ea8069a?w=800&auto=format&fit=crop&q=80
5636,Paona Bazaar & Thangal Bazaar Heritage Commercial Corridors,Manipur,attraction,24.8,93.933333,budget,4.4,5106,"Forming the beating commercial heart of downtown Imphal West flanking Bir Tikendrajit Road, Paona Bazaar and Thangal Bazaar are historic trade corridors established in the late 19th century, renowned across the region for authentic Manipuri Muga and Mulberry silk handlooms (Inaphi and Phanek), delicate gold-plated jewellery workshops, bronze bell-metal handicrafts, tribal cane goods, and buzzing street eateries serving authentic Singju and Bora snacks.",Oct-Feb,https://images.unsplash.com/photo-1567157577867-05ccb1388e66?w=800&auto=format&fit=crop&q=80
5637,Punshilok (Langol Hills Re-Wilding Sanctuary & Spring Trails),Manipur,attraction,24.833333,93.9,budget,4.7,5622,"Perched along the upper slopes of the Langol hill range in Imphal West, Punshilok (meaning 'Spring of Life') is an internationally lauded 300-acre indigenous forest re-wilding sanctuary painstakingly restored from barren scrubland by local environmental crusader Moirangthem Loiya and his volunteers since 2002, featuring over 250 native tree species, perennial natural water springs, medicinal bamboo groves, birdwatching footpaths, and rustic eco-camping shelters offering sweeping valley vistas.",Oct-Feb,https://images.unsplash.com/photo-1575550959106-5a7defe28b56?w=800&auto=format&fit=crop&q=80
5638,Sekmai Riverbed Picnic Shallows & Koubru Foothill Fringe (Awang Sekmai),Manipur,attraction,24.966667,93.883333,budget,4.2,1443,"Situated in the northern reaches of Imphal West 18 km from Imphal along National Highway 2, Awang Sekmai is renowned for the crystalline mountain waters of the Sekmai River flowing over wide, clean pebble beaches and shallow gravel flats against the magnificent backdrop of the Koubru hill range, celebrated across Manipur as a premier seasonal picnic retreat, wild freshwater wading haven, and home to indigenous culinary traditions.",Oct-Feb,https://images.unsplash.com/photo-1519681393784-d120267933ba?w=800&auto=format&fit=crop&q=80
5639,Shaheed Minar & Bir Tikendrajit Park,Manipur,attraction,24.808333,93.94,budget,4.8,17082,"Standing majestically within the beautifully landscaped Bir Tikendrajit Park in the center of Imphal, Shaheed Minar is an imposing three-columned concrete obelisk rising against the sky, topped by the mythological three-feathered Meitei royal crest, commemorating the supreme sacrifice of Crown Prince Bir Tikendrajit, General Thangal, and countless Meitei and tribal patriots who were publicly executed on this exact spot on 13 August 1891 following the Anglo-Manipur War.",Oct-Feb,https://images.unsplash.com/photo-1519331379826-f10be5486c6f?w=800&auto=format&fit=crop&q=80
5640,Shri Bijoy Govindajee Temple Sagolband,Manipur,attraction,24.808333,93.925,budget,4.9,21206,"Situated at Sagolband on the western bank of the Nambul River in central Imphal, established in the late 18th century during the reign of King Bhagyachandra (who created the classical Manipuri Raas Leela), this revered temple enshrines the sacred idol of Bijoy Govindajee, world-famous as the historic ceremonial starting point and presiding shrine of the ancient religious royal boat race 'Heikru Hidongba' held annually on the 11th day of Langban (September) on the temple's sacred moat.",Oct-Mar,https://images.unsplash.com/photo-1582510003544-4d00b7f74220?w=800&auto=format&fit=crop&q=80
5641,Yaral Pat & Lamphel Pat Wetlands Imphal,Manipur,attraction,24.816667,93.916667,budget,4.3,2538,"Situated on the fringes of Imphal city (Lamphel Pat to the west and Yaral Pat to the east), these historic wetland lakes are vital ecological and flood-moderating water bodies of the Imphal valley, celebrated for their blooming lotus flowers, aquatic food plants ('Thangjing' and 'Izing'), and serving as crucial urban wintering habitats for migratory birds including whistling teal and jacanas.",Oct-Feb,https://images.unsplash.com/photo-1582510003544-4d00b7f74220?w=800&auto=format&fit=crop&q=80
5642,Ancestral Heroes Memorial Complex & Freedom Fighter Statues (Jiribam),Manipur,attraction,24.795,93.125,budget,4.7,10983,"Prominently located within the municipal grounds of Jiribam, the Ancestral Heroes Memorial Complex is the foremost patriotic landmark of the western border district, featuring magnificent bronze statues and memorial pedestals dedicated to the supreme national heroes of Manipur—Bir Tikendrajit, General Thangal, Paona Brajabashi, and communist revolutionary pioneer Jana Neta Hijam Irabot—surrounded by landscaped flowerbeds and ceremonial flags.",Oct-Feb,https://images.unsplash.com/photo-1582510003544-4d00b7f74220?w=800&auto=format&fit=crop&q=80
5643,Babupara & Jiri Riverfront Promenade (Jiribam Town Heart),Manipur,attraction,24.796667,93.121667,budget,4.9,28294,"Anchoring the civic and commercial center of Jiribam town along the eastern bank of the Jiri River, Babupara is a bustling, multicultural neighborhood featuring riverside promenades, bustling morning fish markets laden with fresh catch from the Barak and Jiri rivers, traditional bamboo and cane handicraft cooperatives, and lively local eateries serving authentic spicy fish curry and steamed rice cakes.",Oct-Feb,https://images.unsplash.com/photo-1571536802807-30451e3955d8?w=800&auto=format&fit=crop&q=80
5644,Barak River Islands & Wetland Sandbars (Western Riverine Wilderness),Manipur,attraction,24.716667,93.1,budget,4.2,2738,"Stretching along the broad, meandering course of the Barak River as it navigates the western lowlands of Jiribam, these expansive seasonal sand islands (chars), braided river channels, and marshy riverine wetlands form a pristine winter ecosystem that attracts thousands of migratory wild ducks, purple moorhens, kingfishers, and river terns, creating a peaceful wilderness haven for avid birdwatchers and landscape photographers.",Oct-Feb,https://images.unsplash.com/photo-1567157577867-05ccb1388e66?w=800&auto=format&fit=crop&q=80
5645,Jiri River Pebble Beds & Heritage Suspension Crossings,Manipur,attraction,24.8,93.116667,budget,3.9,622,"Flowing gently along the historic boundary dividing Manipur from Assam's Cachar district, the Jiri River features scenic bends with wide, smooth river pebble beds, calm emerald-green waters shaded by towering bamboo and teak trees, and historic pedestrian suspension footbridges swaying gently above the water, providing picturesque border vistas and peaceful waterside recreation.",Oct-Feb,https://images.unsplash.com/photo-1582510003544-4d00b7f74220?w=800&auto=format&fit=crop&q=80
5646,Jiri-Makru Wildlife Sanctuary & Rainforest Corridor Jiribam,Manipur,attraction,24.883333,93.216667,budget,4.3,1589,"Sprawling across 198 square kilometers in the western hill ranges of Jiribam and Tamenglong districts along the Jiri and Makru river basins, Jiri-Makru Wildlife Sanctuary is celebrated as one of Manipur's richest primary tropical rainforest reserves, characterized by dense semi-evergreen and bamboo jungles, clear river channels, and serving as a vital sanctuary for Hoolock Gibbons, Spotted Linshangs, Clouded Leopards, Hornbills, and wild elephants.",Oct-Feb,https://images.unsplash.com/photo-1575550959106-5a7defe28b56?w=800&auto=format&fit=crop&q=80
5647,Jiribam Railway Station & Western Gateway Railhead Heritage,Manipur,attraction,24.805,93.118333,budget,4.6,23506,"Inaugurated in 1990 as the historic first railway terminus in the state of Manipur, Jiribam Railway Station marks the state's western gateway to the Indian Railways network, set amidst scenic rolling green hills and tea gardens, featuring broad-gauge platforms, charming British-influenced railway architecture, local tea stalls serving spiced chai, and a historic diesel locomotive siding.",Oct-Feb,https://images.unsplash.com/photo-1544717305-2782549b5136?w=800&auto=format&fit=crop&q=80
5648,Jiri–Barak River Confluence (Jirimukh Scenic Estuary),Manipur,attraction,24.683333,93.1,budget,4.2,2836,"Situated at the southern tip of the district where the fast-flowing Jiri River empties into the colossal Barak River, Jirimukh is a magnificent natural water junction characterized by sweeping gravel bars, expansive white sand spits, deep swirling river pools inhabited by golden Mahseer and river catfishes, and panoramic views of the forested hills of southern Assam and western Manipur.",Oct-Feb,https://images.unsplash.com/photo-1544717305-2782549b5136?w=800&auto=format&fit=crop&q=80
5649,Leishabithol Waterfalls & Natural Forest Cascades (Sonapur),Manipur,attraction,24.75,93.15,budget,4.1,704,"Hidden deep within the lush sub-tropical evergreen foothills of Sonapur village 8 km southeast of Jiribam town, Leishabithol Waterfall is a secluded natural cascade that tumbles down multiple tiered sedimentary sandstone shelves into cool, crystal-clear rock basins, enclosed by thick stands of wild banana, bamboo, and blooming jungle orchids that create a peaceful haven for local nature trekkers.",Jul-Oct,https://images.unsplash.com/photo-1432405972618-c60b0225b8f9?w=800&auto=format&fit=crop&q=80
5650,Ningshing Khun Biodiversity Park & Memorial Complex Jiribam,Manipur,attraction,24.8,93.133333,budget,4.4,1671,"Situated at Ningshing Khun in the western plains of Jiribam district bordering southern Assam, explicitly featured in the official Tourism Department portal as a designated tourist destination, comprising an extensive ecological biodiversity park preserving indigenous flora, botanical nurseries, landscaped walking promenades, and an imposing memorial complex honoring historical regional pioneers and martyrs who developed the western river frontier.",Oct-Feb,https://images.unsplash.com/photo-1584467735815-f778f274e296?w=800&auto=format&fit=crop&q=80
5651,Old Cachar-Manipur Royal Highway Trails (Historic Cachar Road),Manipur,attraction,24.783333,93.166667,budget,4.4,965,"Winding through the dense sub-tropical bamboo and oak forests of the western hills of Jiribam, the Old Cachar Road (historically known in part as Tongjei Maril) is an ancient royal bridle path that for centuries served as the lifeline corridor connecting the Meitei royal kingdom in Imphal with the Cachar plains and British Bengal, featuring mossy stone trail cuts, historic rest-house clearings, and colonial telegraph line remnants.",Oct-Feb,https://images.unsplash.com/photo-1621847468516-1ed5d0df56fe?w=800&auto=format&fit=crop&q=80
5652,Ramgaizang Village & Western Manipur Foothill Trails,Manipur,attraction,24.816667,93.166667,budget,4.7,3049,"Nestled against the emerald eastern slopes of the Western Manipur hill range 6 km east of Jiribam town, Ramgaizang is a tranquil indigenous Rongmei Naga village celebrated for its sprawling hillside orchards of organic pineapples, cashews, and oranges, traditional timber-and-thatch houses, crystal clear mountain streams, and elevated hiking trails offering breathtaking panoramas across the Barak-Jiri plains.",Oct-Feb,https://images.unsplash.com/photo-1506197603052-3cc9c3a201bd?w=800&auto=format&fit=crop&q=80
5653,Angaan Ching Eco Park & Sunrise Hill (Kakching),Manipur,attraction,24.483333,93.983333,budget,4.5,4945,"Crowning a prominent hill ridge on the eastern outskirts of Kakching town, Angaan Ching Eco Park is an inspirational community-led ecological sanctuary and reforested green hill, developed through mass volunteer tree planting to restore indigenous flora, featuring paved walking trails, medicinal plant gardens, an ancient hillside Shiv Mandir (Mahadev Temple), a children's park, and sweeping 360-degree panoramic viewpoints overlooking the southern Manipur valley.",Oct-Feb,https://images.unsplash.com/photo-1519681393784-d120267933ba?w=800&auto=format&fit=crop&q=80
5654,Kakching Garden,Manipur,attraction,24.48,93.98,budget,4.4,2123,"Nestled amidst the rolling hills and dense forests of Manipur, the Kakching Garden is a serene trekking paradise. Located within a 30-acre forest area, this picturesque haven beckons nature enthusiasts, adventure-seekers, and birdwatchers alike to explore its unspoiled beauty. The garden boasts an impressive collection of indigenous trees, plants, and wildflowers, making it a haven for botanists, bird enthusiasts, and wildlife photographers.",Oct-Feb,https://images.unsplash.com/photo-1584467735815-f778f274e296?w=800&auto=format&fit=crop&q=80
5655,Kakching Khunou & Hilltop Viewpoint,Manipur,attraction,24.45,93.883333,budget,4.7,2687,"Perched on a scenic, elevated undulating landscape in southern Kakching district 55 km from Imphal, Kakching Khunou is a historic agrarian settlement celebrated for its tranquil rural lifestyle, terraced paddy fields, ancient sacred groves dedicated to Umang Lai deities, and the elevated Kakching Khunou Ching hilltop viewpoint that commands magnificent panoramic vistas of Pumlen Lake and the surrounding hills.",Oct-Feb,https://images.unsplash.com/photo-1506197603052-3cc9c3a201bd?w=800&auto=format&fit=crop&q=80
5656,Kakching WWII Aerodrome Remains (Allied Airfield Plains),Manipur,attraction,24.466667,93.966667,budget,4.1,254,"Spreading across wide, flat open grasslands on the southern edge of Kakching town, the Kakching Aerodrome is an important historic Allied airfield constructed during World War II in 1943-1944 to support Royal Air Force and US Army Air Forces fighter squadrons defending Imphal and launching sorties into Japanese-occupied Burma, today preserving grassy runway foundations, aircraft dispersals, and open horizons popular for evening walks and kite-flying.",Oct-Feb,https://images.unsplash.com/photo-1582510003544-4d00b7f74220?w=800&auto=format&fit=crop&q=80
5657,Kharung Pat & Northern Kakching Wetland Basin,Manipur,attraction,24.516667,93.933333,budget,4.7,2438,"Situated in the northern floodplains of Kakching district near Wabagai and Keirak, Kharung Pat is an expansive natural freshwater lake basin fed by the Sekmai and Thoubal river channels, featuring extensive shallow water zones, submerged aquatic flora, floating vegetation mats, and quiet reed beds that provide vital nesting grounds for local water hens, teals, and kingfishers.",Oct-Feb,https://images.unsplash.com/photo-1590050752117-238cb0fb12b1?w=800&auto=format&fit=crop&q=80
5658,Lamjao Pat & Wetland Marshlands (Khoidum-Mayeng Lamjao),Manipur,attraction,24.45,93.916667,budget,3.9,820,"Tucked between the southern rim of Pumlen Lake and the agricultural hamlets of Mayeng Lamjao and Khoidum Lamjao, Lamjao Pat is a serene, pristine freshwater wetland marsh characterized by lush floating biomass islands (phumdis), blooming white water-lilies, tall reed beds, and winding canoe channels where local fishermen navigate traditional wooden dugouts to harvest native fish and lotus stems.",Oct-Feb,https://images.unsplash.com/photo-1544717305-2782549b5136?w=800&auto=format&fit=crop&q=80
5659,Lousi Pat & Ngangou Pat Freshwater Wetlands,Manipur,attraction,24.416667,93.883333,budget,4.5,7974,"Lying in the fertile lowland basin southwest of Kakching Khunou, Lousi Pat and Ngangou Pat are historic freshwater lakes and wetland depressions celebrated in regional lore for ancient indigenous irrigation engineering and drainage canals dug in royal times, today supporting rich aquatic biodiversity, sprawling wild water-lily blossoms, traditional cast-net fishing, and abundant waterbirds.",Oct-Feb,https://images.unsplash.com/photo-1582510003544-4d00b7f74220?w=800&auto=format&fit=crop&q=80
5660,Pallel Border Trade Foothill Town,Manipur,attraction,24.533333,94.033333,budget,4.9,15943,"Situated at the picturesque base of the eastern hills 45 km southeast of Imphal along National Highway 102, Pallel is a vibrant commercial transit junction marking the physical boundary where the flat Imphal valley ends and the steep mountain ascent to Tengnoupal and Moreh begins, celebrated for its bustling multi-ethnic bazaar selling organic mountain pineapples, king chillies, fresh mountain ginger, and traditional bamboo baskets.",Oct-Feb,https://images.unsplash.com/photo-1506197603052-3cc9c3a201bd?w=800&auto=format&fit=crop&q=80
5661,Pallel Foothill Riverbeds & Maring-Chothe Border Market,Manipur,attraction,24.5,94.016667,budget,4.7,24922,"Situated at the strategic gateway where the flat Kakching valley ascends dramatically into the forested Chandel hill ranges, Pallel is a vibrant border market town and geographic crossroads along the Indo-Myanmar highway, featuring rocky riverbed strolls along the Palel stream, vibrant morning markets where Maring, Chothe, and Meitei communities exchange hill produce, wild honey, and seasonal fruits, and panoramic views of the ascending mountain ridges.",Oct-Feb,https://images.unsplash.com/photo-1506197603052-3cc9c3a201bd?w=800&auto=format&fit=crop&q=80
5662,Pumlen Pat Lake & Floating Island Wetland,Manipur,attraction,24.483333,93.883333,budget,4.7,4873,"Situated in southern Kakching district adjacent to Kakching Khunou 50 km south of Imphal, Pumlen Pat is the second-largest natural freshwater lake in the state of Manipur after Loktak Lake, spanning over 22 square kilometers of open water, interconnected floating biomass phumdis, and rich aquatic flora, celebrated by conservationists as a potential secondary translocation habitat for the endangered Sangai brow-antlered deer and a vital winter sanctuary for thousands of migratory waterfowl.",Oct-Feb,https://images.unsplash.com/photo-1439066615861-d1af74d74000?w=800&auto=format&fit=crop&q=80
5663,Sekmai River Promenade & Riverbank Picnic Shallows (Kakching),Manipur,attraction,24.483333,93.975,budget,4.3,3174,"Flowing past the eastern outskirts of Kakching town below the slopes of Uyok Ching, the Sekmai River creates picturesque sweeping bends characterized by clean rounded river pebbles, crystal-clear wading shallows, and lush shaded bamboo groves that provide the premier natural riverside recreation and family picnic grounds for the town's residents during the dry winter season.",Oct-Feb,https://images.unsplash.com/photo-1590050752117-238cb0fb12b1?w=800&auto=format&fit=crop&q=80
5664,Serou Historic Mahaprabhu Temple & Riverfront,Manipur,attraction,22.6185,78.9453,budget,4.1,601,"Serou Historic Mahaprabhu Temple & Riverfront is an authentic attraction destination located in ,  district of Manipur. Celebrated for its regional significance and unique ambiance, it offers travelers an immersive experience in the culture, scenic beauty, and heritage of Manipur.",Oct-Mar,https://images.unsplash.com/photo-1590050752117-238cb0fb12b1?w=800&auto=format&fit=crop&q=80
5665,Sugnu Frontier Town & Manipur River Gorge,Manipur,attraction,24.366667,93.866667,budget,4.7,4261,"Situated at the southern tip of the Imphal valley 65 km south of Imphal along the confluence of Kakching, Chandel, and Churachandpur districts, Sugnu is an ancient historic trading town celebrated for its dramatic geographical location where the wide meandering Manipur River dramatically narrows and carves a roaring gorge through the southern hills, featuring scenic riverside walking promenades, traditional Meitei fishing communities, and sweeping views of the southern mountain ranges.",Oct-Feb,https://images.unsplash.com/photo-1470071459604-3b5ec3a7fe05?w=800&auto=format&fit=crop&q=80
5666,Thongjao & Chairel Traditional Red-Clay Pottery Hamlets,Manipur,attraction,24.45,93.933333,budget,4.7,5760,"Situated along the rich alluvial riverbanks of the Sekmai and Arong rivers, Thongjao and Chairel are historic craft villages renowned across Manipur for their centuries-old red-clay pottery tradition, where skilled women artisans craft cooking pots, storage jars, ritual vessels, and flower pots entirely by hand without a potter's wheel, utilizing indigenous wooden paddles, anvils, and open-air straw firings.",Oct-Feb,https://images.unsplash.com/photo-1518709268805-4e9042af9f23?w=800&auto=format&fit=crop&q=80
5667,Tummu Ching Heritage Tourism Centre Hiyanglam,Manipur,attraction,24.516667,93.933333,budget,4.1,807,"Perched atop a sacred green hillock at Hiyanglam in Kakching district 45 km south of Imphal, Tummu Ching is a designated heritage tourism destination developed by the Tourism Department, Government of Manipur, celebrated in local Meitei folklore as the sacred seat of ancient clan deities, featuring a newly constructed heritage pavilion, panoramic observation decks overlooking the sprawling paddy fields of Kakching and the Thoubal River, and extensive native tree afforestation.",Oct-Feb,https://images.unsplash.com/photo-1609766857041-ed402ea8069a?w=800&auto=format&fit=crop&q=80
5668,Uyok Ching Forest Trail & Statue of Hao Sampubi,Manipur,attraction,24.488889,93.988889,budget,4.7,8054,"Stretching along the elevated forested ridge directly behind the manicured lawns of Kakching Garden, Uyok Ching is a sacred forest hill steeped in deep Meitei folklore, home to the revered open-air shrine and tragic memorial statue of Hao Sampubi (a celebrated heroine of folklore), ancient Pakhangba ritual spots, natural oak and teak groves, and shaded dirt trails looking out over the winding Sekmai River.",Oct-Feb,https://images.unsplash.com/photo-1518709268805-4e9042af9f23?w=800&auto=format&fit=crop&q=80
5669,Waikhong Valley & Organic Pineapple Orchards,Manipur,attraction,24.433333,93.95,budget,4.6,4822,"Nestled in the gentle foothill amphitheatre of southern Kakching 10 km south of the district headquarters, Waikhong is a picturesque agrarian settlement famed across Manipur for producing some of the sweetest organic Queen and Kew pineapples, sprawling across undulating red-soil hill slopes alongside smallholder tea gardens, traditional handloom weaving households, and clear stream-side walking tracks.",Oct-Feb,https://images.unsplash.com/photo-1470071459604-3b5ec3a7fe05?w=800&auto=format&fit=crop&q=80
5670,Wangoo Lampak & Ancient Meitei Sacred Sites,Manipur,attraction,24.416667,93.85,budget,4.5,3927,"Situated along the scenic banks of the Manipur River in southern Kakching district 60 km from Imphal, Wangoo (comprising Wangoo Lampak and Wangoo Terakhong) is an ancient Meitei settlement renowned for its deep historical antiquity, celebrated in state archaeology for ancient stone inscriptions, traditional potters who create unglazed earthen water pots, and as the host venue of traditional Meitei boat races and the annual sacred river rituals of Wangoo Ahallup.",Oct-Feb,https://images.unsplash.com/photo-1590050752117-238cb0fb12b1?w=800&auto=format&fit=crop&q=80
5671,Ango Ching Virgin Rainforest Wilderness Kamjong,Manipur,attraction,24.866667,94.633333,budget,4.0,766,"Sprawling across approximately 150 square kilometers of rugged, virtually inaccessible mountain ridges in Kamjong district along the international boundary with Myanmar, Ango Ching is celebrated as one of Manipur's last remaining primary virgin rainforest wildernesses, characterized by dense multi-tiered subtropical semi-evergreen canopies, crystal mountain torrents, and serving as a crucial trans-boundary wildlife corridor harboring wild Asian Elephants, Tigers, Clouded Leopards, Hoolock Gibbons, Gaur, and Great Hornbills.",Oct-Feb,https://images.unsplash.com/photo-1518709268805-4e9042af9f23?w=800&auto=format&fit=crop&q=80
5672,Chammu Historic Frontier Sub-Base & WWII Defence Ridge,Manipur,attraction,25.0,94.5,budget,4.0,282,"Perched on a strategic mountain ridge just 5 km from the international border with Myanmar, Chammu is a historic frontier village steeped in ancient Tangkhul spirit lore as the gateway to the sacred Kazeiram realm, preserving overgrown World War II British 14th Army defensive bunkers, weapons pits, and patrol pathways from 1944 when Allied forces guarded the high mountain passes against Japanese incursions.",Oct-Feb,https://images.unsplash.com/photo-1518709268805-4e9042af9f23?w=800&auto=format&fit=crop&q=80
5673,Chatric Khullen Heritage Village & Indo-Myanmar Border Ridge,Manipur,attraction,24.8,94.466667,budget,4.0,311,"Perched on a scenic, fog-wrapped mountain ridge in southeastern Kamjong directly overlooking the Myanmar border, Chatric Khullen is an ancient Tangkhul heritage settlement that preserves traditional timber-and-slate village architecture adorned with wood-carved hornbill and buffalo head motifs, extensive hillside terraces producing world-renowned organic Chatric ginger, and ancient community gathering megaliths.",Oct-Feb,https://images.unsplash.com/photo-1609766857041-ed402ea8069a?w=800&auto=format&fit=crop&q=80
5674,Kamjong Town Hilltop & Luira-Mangkhap Cultural Grounds,Manipur,attraction,24.866667,94.4,budget,4.9,23409,"Perched gracefully along an elevated mountain saddle over 1,500 meters high, Kamjong town serves as the administrative capital of the district, featuring traditional Tangkhul wooden homesteads with carved gables, panoramic viewing platforms overlooking deep forested valleys, and the central community festival grounds where the ancient agricultural festivals of Luira Phanit (seed-sowing) and Mangkhap Phanit (post-transplantation thanksgiving) are celebrated with traditional folk dancing, wrestling, and feasts.",Oct-Feb,https://images.unsplash.com/photo-1486870591958-9b9d0d1dda99?w=800&auto=format&fit=crop&q=80
5675,Kasom Khullen & Phungyar Tangkhul Highlands,Manipur,attraction,24.816667,94.383333,budget,4.4,483,"Perched on undulating forested mountain ridges in southern Kamjong district 50 km from Ukhrul, Kasom Khullen and Phungyar form the cultural heartland of the southern Tangkhul Nagas, celebrated for their rich traditions of polyphonic choral folk singing, ancient stone feast-of-merit monoliths, sweeping vistas of the Mapithel mountain range, and traditional terraced ginger and passion-fruit cultivation.",Oct-Feb,https://images.unsplash.com/photo-1544717305-2782549b5136?w=800&auto=format&fit=crop&q=80
5676,Kazei Kharalung & Mythological Stone Sharpening Relics (Kazei Hills),Manipur,attraction,24.933333,94.483333,budget,4.2,2389,"Perched among the mist-shrouded oak forests of the Kazei hills in eastern Kamjong, Kazei Kharalung is an ancient natural and legendary megalithic geological site officially celebrated by the district administration, revered in Tangkhul Naga mythology as the sacred sharpening stone where ancestral warriors and wandering spirits of the afterlife hone their spectral dao swords and spears before entering the netherworld.",Oct-Feb,https://images.unsplash.com/photo-1519681393784-d120267933ba?w=800&auto=format&fit=crop&q=80
5677,Kazeiram Spirit Sanctuary & Kazei Keirak (Ancestral Stone Ladder),Manipur,attraction,24.95,94.516667,budget,4.6,2486,"Situated in the secluded mountain wilderness of eastern Kamjong, Kazeiram (meaning 'Land of the Dead' in Tangkhul) is the most sacred cosmological landscape of the Tangkhul Nagas, believed to be the spirit realm where souls depart after mortal life, accessed via Kazei Keirak—an extraordinary natural staircase of non-man-made tiered stone steps carved into the mountain ridge, venerated as the mystical ladder between the mortal earth and the spirit universe.",Oct-Feb,https://images.unsplash.com/photo-1534188753412-3e26d0d618d6?w=800&auto=format&fit=crop&q=80
5678,Khayang Waterfalls (Khayang Falls),Manipur,attraction,24.966667,94.616667,budget,4.2,2103,"Hidden deep in the pristine forested valleys of the Indo-Myanmar frontier near Khayang village in Kamjong district 65 km from Ukhrul town, Khayang Waterfalls is celebrated as one of the highest and most majestic plunge waterfalls in Manipur, where a roaring mountain torrent drops over 100 meters (330 feet) in an unbroken white ribbon down dark granite cliffs into a deep, crystal-clear sapphire basin surrounded by virgin bamboo and fern rainforests.",Jul-Oct,https://images.unsplash.com/photo-1546548970-71785318a17b?w=800&auto=format&fit=crop&q=80
5679,Kongou Waterfall & Primary Rainforest Canyon,Manipur,attraction,24.916667,94.383333,budget,4.0,579,"Carving a dramatic limestone defile in the Sahamphung forest tract of central Kamjong, Kongou Waterfall is a towering, isolated mountain fall cascading over dark, mossy rock steps into a deep, misty canyon, shrouded in ancient primary sub-tropical evergreen rainforest where rare hornbills, barking deer, and wild orchids flourish in an undisturbed wilderness.",Jul-Oct,https://images.unsplash.com/photo-1518457607834-6e8d80c183c5?w=800&auto=format&fit=crop&q=80
5680,Liabi Waterfall & Chatric-Siyang Forest Gorge,Manipur,attraction,24.816667,94.45,budget,4.0,169,"Hidden deep within the pristine sub-tropical mountain forests between Chatric and Siyang villages in southeastern Kamjong near the Myanmar frontier, Liabi Waterfall is an officially recognized natural spectacle where a ferocious mountain torrent drops over a sheer vertical precipice into a secluded, emerald-green plunge basin, surrounded by giant jungle ferns, wild orchids, and towering hardwood trees untouched by modern logging.",Jul-Oct,https://images.unsplash.com/photo-1518457607834-6e8d80c183c5?w=800&auto=format&fit=crop&q=80
5681,Mapithel Dam (Thoubal Multipurpose Reservoir Chadong),Manipur,attraction,24.85,94.133333,budget,4.9,12703,"Constructed across the Yangwui Kong (Thoubal River) at Phayang and Chadong in Kamjong district 35 km east of Imphal, Mapithel Dam (Thoubal Multipurpose Project) features an imposing 66-meter-high earthen dam that has created an immense, breathtaking sapphire-blue water reservoir nestled between the green forested spurs of the Mapithel mountain range, becoming one of Manipur's premier scenic lake destinations for recreational motorboating, speedboating, and waterside camping.",Oct-Feb,https://images.unsplash.com/photo-1439066615861-d1af74d74000?w=800&auto=format&fit=crop&q=80
5682,Ningthi Village & Chamu River Angling Shallows,Manipur,attraction,24.983333,94.416667,budget,4.2,1425,"Situated in a verdant mountain valley along the pristine banks of the Chamu (Sanalok) River in eastern Kamjong, Ningthi is an idyllic Tangkhul tribal village renowned for its crystal-clear river shallows flowing over polished white gravel bars, traditional cane-and-wire hanging suspension bridges swaying above the water, organic orange groves, and peaceful riverbed camping sites famous for indigenous angling.",Oct-Feb,https://images.unsplash.com/photo-1590050752117-238cb0fb12b1?w=800&auto=format&fit=crop&q=80
5683,Nungourok Cliff Viewpoint & Cloud Inversion Promontory,Manipur,attraction,24.883333,94.466667,budget,4.2,508,"Jutting out dramatically over deep forested river gorges in eastern Kamjong at an elevation exceeding 1,600 meters, Nungourok Cliff is an exhilarating mountain promontory renowned among local trekkers for its jaw-dropping sunrise views, where a vast sea of white billowy clouds completely submerges the valleys below, creating the sensation of standing above an endless white ocean extending toward the hills of Myanmar.",Oct-Feb,https://images.unsplash.com/photo-1567157577867-05ccb1388e66?w=800&auto=format&fit=crop&q=80
5684,Phikoh & Grehang Easternmost Border Outposts,Manipur,attraction,24.85,94.55,budget,4.5,3071,"Situated at the absolute eastern geographic limits of Manipur where motorable roads terminate against the international frontier with Myanmar, Phikoh and Grehang are remote frontier outposts featuring historic international boundary pillars, mountain ridge trails traversed by traditional trans-border trade, and breathtaking views of the vast Yu and Chindwin river basins rolling across the Burmese borderlands.",Oct-Feb,https://images.unsplash.com/photo-1609766857041-ed402ea8069a?w=800&auto=format&fit=crop&q=80
5685,Ramrei Eco Park & Chadong Reservoir Backwater Gazebos,Manipur,attraction,24.833333,94.133333,budget,4.9,29838,"Nestled along the eastern shores of the Mapithel Dam reservoir at Ramrei village in western Kamjong about 30 km east of Imphal, Ramrei Eco Park is a breathtaking lakeside recreation haven featuring emerald-green backwaters winding like Scandinavian fjords between rolling mountain spurs, traditional bamboo picnic gazebos built over water, country boat landings, local food huts serving fried lake fish, and camping grounds.",Oct-Feb,https://images.unsplash.com/photo-1593693397690-362cb9666fc2?w=800&auto=format&fit=crop&q=80
5686,Kalapahar Grasslands & Rolling Meadows (NH-2 Ridge),Manipur,attraction,25.216667,93.983333,budget,4.0,1165,"Stretching along the elevated mountain ridges overlooking National Highway 2 between Kangpokpi and Senapati, Kalapahar is a picturesque high-altitude countryside haven celebrated for its undulating, emerald-green rolling meadows, grazing cattle herds, traditional Gorkha dairy settlements, fresh dairy tea kiosks, and breezy vantage points looking down across the misty Sadar Hills valley.",Oct-Feb,https://images.unsplash.com/photo-1590050752117-238cb0fb12b1?w=800&auto=format&fit=crop&q=80
5687,Kangpokpi Town & Saddle Mountain Range,Manipur,attraction,25.15,93.966667,budget,4.5,28311,"Situated along National Highway 2 (Imphal-Dimapur Highway) 45 km north of Imphal, Kangpokpi (Kpi) is the scenic administrative headquarters of Kangpokpi district, situated in a picturesque river basin surrounded by the soaring peaks of the Koubru and Sadar Hills ranges, renowned for its cool mountain climate, historic Christian mission institutions founded in 1919, expansive organic vegetable markets, and sweeping vistas of the surrounding mountain spine.",Oct-Feb,https://images.unsplash.com/photo-1506197603052-3cc9c3a201bd?w=800&auto=format&fit=crop&q=80
5688,Keithelmanbi Riverbanks & Pebble Shallows,Manipur,attraction,25.066667,93.95,budget,4.5,7807,"Meandering past the historic settlement of Keithelmanbi along the valley floor between the Koubru and Sadar Hills ranges, this scenic mountain river stretch features wide, clean river pebble beds, calm crystal-clear pools, and bamboo-shaded riverbanks that provide a peaceful riverside escape for weekend family outings, shallow-water wading, and stone-skipping.",Oct-Feb,https://images.unsplash.com/photo-1518709268805-4e9042af9f23?w=800&auto=format&fit=crop&q=80
5689,Leikop & Daili Hill Ridges (Cloud-Inversion Highway),Manipur,attraction,25.166667,93.95,budget,4.0,691,"Perched along the high mountain spine connecting Kangpokpi to the northern frontier ranges, Leikop and Daili are picturesque hill-crest hamlets renowned among highway travelers for their dramatic vantage points, where early-morning winter temperatures produce vast sea-of-clouds inversions filling the deep river valleys below, with only mountain summits protruding like green islands above the mist.",Oct-Feb,https://images.unsplash.com/photo-1464822759023-fed622ff2c3b?w=800&auto=format&fit=crop&q=80
5690,Mount Koubru (Sacred Koubru Peak) & Range,Manipur,attraction,25.066667,93.866667,budget,4.9,14230,"Rising majestically to an altitude of 2,562 meters (8,405 feet) north of the Imphal valley in Kangpokpi district, Mount Koubru is celebrated in Meitei mythology as the sacred primeval mountain where human civilization first originated ('Awang Koubru Asuppa'), revered as the dwelling place of Lord Koubru (one of the nine primordial gods of the Meitei pantheon), featuring an ancient rock cave shrine on the wind-swept summit plateau, wild bamboo meadows, and panoramic views spanning the entire Imphal valley.",Oct-Feb,https://images.unsplash.com/photo-1486870591958-9b9d0d1dda99?w=800&auto=format&fit=crop&q=80
5691,Sadu Chiru Waterfall (Leimaram Falls),Manipur,attraction,24.716667,93.766667,budget,4.8,5954,"Nestled in the lush, densely forested foothills of the Koubru mountain range near Sadu Chiru and Leimaram villages 29 km southwest of Imphal, celebrated as one of Manipur's most iconic and visited natural waterfalls, where a roaring mountain stream plunges over three cascading rock shelves into a deep natural stone plunge pool below, surrounded by wild banana groves, fern-covered cliffs, and timber resting gazebos.",Jul-Oct,https://images.unsplash.com/photo-1518457607834-6e8d80c183c5?w=800&auto=format&fit=crop&q=80
5692,Sahmuleno Waterfall & Forest Plunge Pool,Manipur,attraction,25.133333,93.883333,budget,4.0,764,"Nestled in a secluded jungle ravine in the western hills of Kangpokpi, Sahmuleno Waterfall is an enchanting natural forest cascade that pours over mossy sandstone ledges into a deep, crystal-clear wading pool, surrounded by thick stands of wild ginger, elephant ferns, and shaded by sub-tropical canopy that creates a refreshing, peaceful sanctuary for village trail trekkers.",Jul-Oct,https://images.unsplash.com/photo-1518457607834-6e8d80c183c5?w=800&auto=format&fit=crop&q=80
5693,Saikul Valley & Iril River Headwaters,Manipur,attraction,25.066667,94.083333,budget,4.7,1421,"Nestled in an expansive, picturesque mountain basin in eastern Kangpokpi 28 km from Kangpokpi town, Saikul Valley is a tranquil agrarian haven where the nascent headwaters of the Iril River flow between rolling green hills, fertile terraced rice paddies, traditional timber-and-bamboo Kuki homesteads, and charming suspension hanging footbridges spanning the gentle river currents.",Oct-Feb,https://images.unsplash.com/photo-1470071459604-3b5ec3a7fe05?w=800&auto=format&fit=crop&q=80
5694,Singda Dam & Forest Reservoir,Manipur,attraction,24.883333,93.816667,budget,4.9,17728,"Situated in the pine-covered foothills of the Koubru range 16 km northwest of Imphal at an altitude of 920 meters, Singda Dam is recognized as the highest mud (earthen-core rockfill) dam in the world, built across the Singda River, creating an expansive, tranquil emerald-blue mountain lake surrounded by dense evergreen deciduous hills, featuring an elevated observation tower, landscaped picnic lawns, and cool mountain breezes.",Oct-Feb,https://images.unsplash.com/photo-1501785888041-af3ef285b470?w=800&auto=format&fit=crop&q=80
5695,Taphou Waterfalls & Forest Cascades (Taphou Kuki),Manipur,attraction,25.116667,93.966667,budget,4.9,21955,"Hidden deep within the lush sub-tropical oak and pine forests of Taphou Kuki village about 6 km south of Kangpokpi town, Taphou Waterfalls is an officially celebrated natural attraction comprising a magnificent sequence of three distinct cascading waterfalls that plunge over moss-carpeted granite shelves into deep, crystal-clear rock basins, enclosed by towering tree ferns, wild orchids, and tranquil village walking tracks.",Jul-Oct,https://images.unsplash.com/photo-1546548970-71785318a17b?w=800&auto=format&fit=crop&q=80
5696,Thangal Surung Eco-Park & General Thangal Birthplace,Manipur,attraction,25.183333,94.033333,budget,4.7,6849,"Located at Thangal Surung in the scenic Sadar Hills about 15 km from Kangpokpi town, this eco-park and heritage site preserves the ancestral birthplace of General Thangal—the revered national hero and supreme military commander of Manipur executed by the British after the 1891 Anglo-Manipuri War—featuring a natural limestone cavern (Surung), a memorial cenotaph, traditional Thangal Naga cultural artifacts, and landscaped hillside viewpoints.",Oct-Feb,https://images.unsplash.com/photo-1584467735815-f778f274e296?w=800&auto=format&fit=crop&q=80
5697,Thangthupimol View Point & Sadar Hills Promontory (Kontam),Manipur,attraction,25.083333,94.0,budget,4.6,6893,"Rising high above the valley near Kontam village in southern Kangpokpi, Thangthupimol View Point is an elevated mountain promontory offering jaw-dropping 360-degree panoramic vistas across the entire Sadar Hills basin, where rolling mountain ranges, terraced hill villages, and the meandering river valley unfold beneath sweeping skies.",Oct-Feb,https://images.unsplash.com/photo-1464822759023-fed622ff2c3b?w=800&auto=format&fit=crop&q=80
5698,Twilhakol (Twilshakol) Waterfall (IT Road / Chalwa),Manipur,attraction,25.2,93.783333,budget,4.5,8576,"Plummeting over 500 feet in an awe-inspiring, roaring white sheet from towering vertical cliffs near Chalwa village along the interior IT Road (Imphal-Tamenglong Road) in western Kangpokpi, Twilhakol (Twilshakol) Waterfall is one of the highest and most spectacular hidden cascades in Manipur, crashing into a colossal spray-shrouded limestone gorge surrounded by virgin bamboo and sub-tropical broadleaf jungle.",Jul-Oct,https://images.unsplash.com/photo-1546548970-71785318a17b?w=800&auto=format&fit=crop&q=80
5699,Zaimeng Lake & High-Altitude Wetland (Thonglang Ridge),Manipur,attraction,25.283333,93.916667,budget,4.3,1703,"Perched at an altitude of over 2,100 meters atop the Thonglang mountain ridge in northern Kangpokpi, Zaimeng Lake (meaning 'Lake of No Return' or 'Mystery Lake' in Liangmai Naga) is a mystical high-altitude natural freshwater body and bog surrounded by dense dwarf bamboo brakes, wild rhododendrons, rare mountain herbs, and perpetual swirling mist, revered in local tribal legends as a sacred enchanted sanctuary.",Oct-Feb,https://images.unsplash.com/photo-1501785888041-af3ef285b470?w=800&auto=format&fit=crop&q=80
5700,Haochong Valley & Organic Mandarin Orange Orchards,Manipur,attraction,24.916667,93.616667,budget,4.4,2830,"Tucked into a sun-drenched, tranquil mountain basin in northern Noney 25 km from the district headquarters, Haochong is an idyllic Rongmei Naga sub-divisional hill valley celebrated across the state for its sprawling hillside orchards of sweet, organic Khasi mandarin oranges, traditional stilt timber homes, clear mountain streams with natural wading pools, and festive orange harvest celebrations.",Oct-Feb,https://images.unsplash.com/photo-1470071459604-3b5ec3a7fe05?w=800&auto=format&fit=crop&q=80
5701,Irang River Shallows & Suspension Footbridges (Nungba),Manipur,attraction,24.75,93.483333,budget,4.0,584,"Winding through a colossal forested canyon in the Nungba sub-division of central Noney along NH-37, the Irang River is one of the principal natural waterways of western Manipur, characterized by broad white sandbars, turquoise mountain shallows flowing over smooth boulders, deep natural fishing holes, and classic swaying cable suspension footbridges connecting remote Rongmei cliff hamlets to the main highway.",Oct-Feb,https://images.unsplash.com/photo-1545569341-9eb8b30979d9?w=800&auto=format&fit=crop&q=80
5702,Khoupum Valley & Khoupum Dam Lake,Manipur,attraction,24.633333,93.566667,budget,4.9,26817,"Nestled in a lush, emerald intermontane valley basin enclosed by forested mountain walls in Noney district 80 km west of Imphal, Khoupum is an idyllic cultural valley of the Rongmei Naga tribe, renowned for its thousands of acres of lush green paddy fields, traditional stilt bamboo houses, vibrant Ga-Ngai post-harvest festival celebrations, and the massive Khoupum Dam built across the Machangduan River creating an expansive sapphire lake ideal for boating and angling.",Oct-Feb,https://images.unsplash.com/photo-1544644181-1484b3fdfc62?w=800&auto=format&fit=crop&q=80
5703,Khoupum Waterfall (Pristine Forest Cascade),Manipur,attraction,24.65,93.583333,budget,4.1,537,"Hidden deep in the dense semi-evergreen forests near Khoupum village in Noney district, celebrated in the 2014 and 2022 Manipur Tourism Policies as a designated adventure tourism asset, where a rushing mountain stream plunges over steep volcanic rock formations into a deep, crystal-clear natural plunge pool surrounded by dense wild bamboo groves and lush ferns.",Jul-Oct,https://images.unsplash.com/photo-1432405972618-c60b0225b8f9?w=800&auto=format&fit=crop&q=80
5704,Khukdai Cave & Geological Rock Shelters (Khoupum),Manipur,attraction,24.633333,93.566667,budget,4.0,887,"Concealed beneath towering limestone crags and dense evergreen canopy in the forested hills flanking the Khoupum valley, Khukdai Cave is an ancient natural limestone cavern and rock shelter steeped in centuries of Rongmei Naga folklore, featuring narrow stalactite chambers, subterranean dripping freshwater springs, and historic rock alcoves historically used by ancestral tribal warriors and village elders for ritual offerings and strategic refuge.",Oct-Feb,https://images.unsplash.com/photo-1509316975850-ff9c5deb0cd9?w=800&auto=format&fit=crop&q=80
5705,Leimatak River Gorge & Western Mountain Vista,Manipur,attraction,24.6,93.683333,budget,4.3,2735,"Carving a colossal, near-vertical chasm between the southern mountain ridges of Noney and Churachandpur, the Leimatak River gorge is one of the most rugged and visually striking river corridors in Manipur, featuring roaring turquoise rapids, sheer granite cliffs draped in climbing lianas and moss, and elevated mountain lookout points offering breathtaking views into the deep abyss below.",Oct-Feb,https://images.unsplash.com/photo-1486870591958-9b9d0d1dda99?w=800&auto=format&fit=crop&q=80
5706,Makru River Canyon & Virgin Rainforest Valley (Western Noney),Manipur,attraction,24.783333,93.366667,budget,4.2,1119,"Flowing through an untamed, deep mountain defile along the western border of Noney district, the Makru River is celebrated as one of the cleanest and wildest mountain rivers in Manipur, carving dramatic vertical cliff gorges draped in virgin bamboo and hardwood forests, featuring turquoise deep-water pools teeming with native golden Mahseer fish, white pebble beaches, and historic highway bridge crossings.",Oct-Feb,https://images.unsplash.com/photo-1470071459604-3b5ec3a7fe05?w=800&auto=format&fit=crop&q=80
5707,Noney (Longmai) Bridge Canyon & Ijai Riverbed Rapids,Manipur,attraction,24.816667,93.6,budget,4.2,2036,"Carved deep into the mountain bedrock at Longmai (Noney town), this dramatic natural canyon where the Ijai (Eji) River rushes over giant water-worn granite boulders forms the dramatic natural foundation above which the world-record 141-meter-tall Noney Railway Bridge soars, featuring riverside hiking trails along rocky rapids, natural swimming pools, and awe-inspiring upward angles gazing at the colossal concrete piers rising into the sky.",Oct-Feb,https://images.unsplash.com/photo-1470071459604-3b5ec3a7fe05?w=800&auto=format&fit=crop&q=80
5708,Noney Railway Pier Bridge Viewpoint,Manipur,attraction,24.816667,93.6,budget,4.7,25350,"Situated across the deep, misty Ijai (Eji) River gorge in Noney district 63 km west of Imphal, constructed by Northeast Frontier Railway as the flagship engineering marvel of the Jiribam-Imphal railway line, world-famous for Bridge No. 164 which features a monumental pier rising to a staggering height of 141 meters (462 feet), officially recognized as the tallest railway pier bridge in the world (surpassing Europe's 139-meter Mala Rijeka Viaduct in Montenegro).",Oct-Feb,https://images.unsplash.com/photo-1545569341-9eb8b30979d9?w=800&auto=format&fit=crop&q=80
5709,Old Cachar Bridle Trails & Heritage Trade Route (Noney Sector),Manipur,attraction,24.716667,93.516667,budget,4.6,4014,"Traversing the rugged mountain ridges of Noney district along the historic Tongjei Maril corridor, the Old Cachar Road bridle trail is an ancient trade and communication artery cut through dense sub-tropical rainforests, historically utilized by royal Meitei expeditions, British colonial armies, and pack-mule caravans, featuring surviving dry-stone embankment walls, hand-cut stone steps, and iron colonial mile markers.",Oct-Feb,https://images.unsplash.com/photo-1544717305-2782549b5136?w=800&auto=format&fit=crop&q=80
5710,Taodaijang & Satudai Traditional Rongmei Weaving Hamlets,Manipur,attraction,24.616667,93.55,budget,3.9,669,"Nestled in the quiet foothills near Khoupum in Noney district, Taodaijang and Satudai are historic Rongmei Naga villages celebrated as the heartland of traditional backstrap loin-loom weaving, where generations of skilled craftswomen hand-weave iconic ethnic textiles including the Pheisuai (traditional wrap skirt with striking red, black, and white bands) and Mareipan (warrior shawl) using organic hand-spun cotton and natural plant dyes.",Oct-Feb,https://images.unsplash.com/photo-1582510003544-4d00b7f74220?w=800&auto=format&fit=crop&q=80
5711,Thangagong Peak & Khoupum Valley Panorama,Manipur,attraction,24.65,93.6,budget,4.1,373,"Rising steeply above the eastern rim of the emerald Khoupum valley basin to an elevation exceeding 1,800 meters, Thangagong Peak is the premier high-altitude trekking summit in southern Noney, requiring an invigorating ridge climb through pine copses and rhododendron groves that rewards adventurers with a jaw-dropping bird's-eye view across the entire 15-km flat expanse of Khoupum valley, its sparkling dam, and the distant Barak river gorges.",Oct-Feb,https://images.unsplash.com/photo-1486870591958-9b9d0d1dda99?w=800&auto=format&fit=crop&q=80
5712,Tupul Integrated Tourist Destination & Eco-Tourism Complex,Manipur,attraction,24.816667,93.65,budget,4.9,14528,"Perched on a scenic, breeze-swept mountain plateau at Tupul along National Highway 37 in eastern Noney about 50 km west of Imphal, Tupul Integrated Tourist Destination is a designated state eco-tourism hub developed by Manipur Tourism, featuring landscaped terraced gardens, traditional wooden cottages, scenic viewing pavilions looking onto the monumental railway viaducts of the Jiribam-Imphal project, and nature trails through sub-tropical pine and oak woodlands.",Oct-Feb,https://images.unsplash.com/photo-1545569341-9eb8b30979d9?w=800&auto=format&fit=crop&q=80
5713,Bungkhawpui Bat Caves & Barak River Bluffs,Manipur,attraction,24.283333,93.15,budget,4.6,2950,"Carved into the colossal limestone cliffs flanking the eastern banks of the mighty Barak River near Bungkhawpui village, these natural subterranean caverns and rocky bluffs form a dramatic geological landscape home to thousands of native insectivorous bats, featuring natural stalactite fissures, hidden river lookout alcoves, and wild hiking trails overlooking the turquoise river gorge.",Oct-Feb,https://images.unsplash.com/photo-1509316975850-ff9c5deb0cd9?w=800&auto=format&fit=crop&q=80
5714,Hringtuinek (Sartuinek) Stream & Wilderness Ravines,Manipur,attraction,24.083333,93.116667,budget,4.2,3059,"Deep in the remote southern wilderness of Pherzawl near the border with Mizoram, the Hringtuinek (Sartuinek) stream is an untouched mountain tributary that cuts a dramatic course through sheer rocky ravines and virgin sub-tropical rainforest, featuring crystal-clear cold rapids rushing over granite shelves, natural rock wading basins, and shaded sandbars that provide pure wilderness solitude.",Oct-Feb,https://images.unsplash.com/photo-1518709268805-4e9042af9f23?w=800&auto=format&fit=crop&q=80
5715,Luipi Waterfall & Natural Plunge Pool (Pherzawl Corridor),Manipur,attraction,24.233333,93.2,budget,4.8,9872,"Located along the scenic highway corridor approximately 28 km outside Pherzawl town in southern Manipur, Luipi Waterfall is an officially recognized natural attraction where a torrential mountain brook plunges over sheer, mossy rock shelves into a deep, crystal-clear jade-green plunge pool, surrounded by dense sub-tropical evergreen rainforest, towering wild bamboo, and giant ferns.",Jul-Oct,https://images.unsplash.com/photo-1518457607834-6e8d80c183c5?w=800&auto=format&fit=crop&q=80
5716,Parbung Highland Town & Mountain Viewpoints,Manipur,attraction,24.15,93.1,budget,4.5,9101,"Perched at an altitude of over 1,200 meters on a prominent mountain crest in the Tipaimukh sub-division of southern Pherzawl, Parbung is a scenic highland hill town that commands breathtaking 360-degree vistas of the southern mountain chains, featuring pine-fringed walking tracks, traditional Hmar wooden cottages with flower-filled verandas, and lively hill markets offering organic mountain honey, dried fish, and indigenous handlooms.",Oct-Feb,https://images.unsplash.com/photo-1486870591958-9b9d0d1dda99?w=800&auto=format&fit=crop&q=80
5717,Pherzawl Old Village Site & Chief Bulhmang Heritage Memorial,Manipur,attraction,24.25,93.216667,budget,3.9,1219,"Situated in the historic settlement core of Pherzawl town at Muolveng, this heritage site preserves the ancestral village foundations of the Hmar chieftaincy, featuring the revered stone tomb of Chief Pu Bulhmang (the celebrated founding chief of Pherzawl), ancient clan memorial megaliths, traditional timber-and-slate village architecture, and the historic grounds of Pherzawl High School established in 1951 as one of the earliest high schools in the southern hills.",Oct-Feb,https://images.unsplash.com/photo-1609766857041-ed402ea8069a?w=800&auto=format&fit=crop&q=80
5718,Saidan & Muolveng Traditional Hmar Cultural Hamlets,Manipur,attraction,24.266667,93.233333,budget,4.3,775,"Nestled in the rolling forested hills adjoining Pherzawl town, Saidan and Muolveng are historic Hmar tribal hamlets celebrated for preserving indigenous cultural heritage, including intricate backstrap loin-loom weaving of traditional Hmar puan shawls (such as the Hmaram, Ngotekherh, and Thangsuo Puan), traditional timber-and-bamboo house architecture, ancestral stone memorials, and vibrant folk music traditions.",Oct-Feb,https://images.unsplash.com/photo-1590050752117-238cb0fb12b1?w=800&auto=format&fit=crop&q=80
5719,Senvawn Tlang & Historic 1910 Christian Heritage Ridge,Manipur,attraction,24.166667,93.166667,budget,4.1,1140,"Perched on a scenic, wind-swept mountain ridge in southern Pherzawl overlooking the international borderlands and the deep river valleys into Mizoram, Senvawn is revered as the spiritual and educational cradle of Christianity in southern Manipur, established when local Hmar chiefs welcomed Welsh pioneer missionary Watkin Roberts in 1910, featuring historic stone mission churches, memorial centenary monuments, and breathtaking cloud-inversion panoramas.",Oct-Feb,https://images.unsplash.com/photo-1544717305-2782549b5136?w=800&auto=format&fit=crop&q=80
5720,Thanlon Highland Town & Vangai Mountain Ridge Pherzawl,Manipur,attraction,24.366667,93.266667,budget,4.4,1414,"Perched atop an elevated, wind-swept mountain ridge in northern Pherzawl district 95 km from Churachandpur at an altitude of 1,400 meters, Thanlon is an atmospheric sub-divisional hill station of the Paite and Hmar tribes, renowned for its cool alpine climate, sweeping vistas of the mist-draped Vangai mountain range, ancient tribal memorial stones, traditional wood-and-tin hillside dwellings, and organic ginger farming.",Oct-Feb,https://images.unsplash.com/photo-1486870591958-9b9d0d1dda99?w=800&auto=format&fit=crop&q=80
5721,Tipaimukh Confluence of Tuivai and Barak Rivers Pherzawl,Manipur,attraction,24.233333,93.033333,budget,4.1,766,"Situated at the tri-junction of Manipur, Mizoram, and Assam in Pherzawl district 180 km from Imphal, Tipaimukh ('Mouth of the Tuivai River') is celebrated as one of the most spectacular natural river confluences in Northeast India, where the rushing, turquoise-blue Tuivai River from Mizoram merges with the mighty Barak River flowing from Manipur, carving a colossal, dramatic canyon between towering rainforest-covered mountain walls.",Oct-Feb,https://images.unsplash.com/photo-1544717305-2782549b5136?w=800&auto=format&fit=crop&q=80
5722,Tuipi River Rapids & Forest Gorge,Manipur,attraction,24.2,93.15,budget,4.4,732,"Rushing through an inaccessible mountain defile in central Pherzawl, the Tuipi River is a scenic mountain river tributary of the Barak characterized by roaring white-water rapids, small sparkling cascades, dramatic limestone rock shelves, and dense riverine bamboo forests that create an unspoiled natural sanctuary for adventurous river trekkers and nature explorers.",Oct-Feb,https://images.unsplash.com/photo-1470071459604-3b5ec3a7fe05?w=800&auto=format&fit=crop&q=80
5723,Tuivai Riverbed Shallows & Border Angling Rapids,Manipur,attraction,24.116667,93.066667,budget,3.9,705,"Flowing along the deep southern boundary separating Pherzawl district from northeastern Mizoram, the Tuivai River is celebrated for its pristine, unpolluted waters characterized by turquoise pools, bubbling rocky rapids, and wide white pebble beaches, enclosed by towering jungle-draped cliffs that offer world-class catch-and-release angling for golden Mahseer and idyllic wild riverside camping.",Oct-Feb,https://images.unsplash.com/photo-1590050752117-238cb0fb12b1?w=800&auto=format&fit=crop&q=80
5724,Vangai Mountain Range & Rainforest Cloud Trails,Manipur,attraction,24.35,93.183333,budget,3.9,1049,"Spanning the western spine of Pherzawl district overlooking the Barak River basin, the Vangai Range is an untamed, heavily forested mountain wilderness characterized by razor-sharp ridgelines, dense sub-tropical bamboo and teak forests, dramatic cloud-inversion mountain passes, and remote agricultural hamlets famous across the state for producing organic King Chilli, sweet oranges, and aromatic ginger.",Oct-Feb,https://images.unsplash.com/photo-1519681393784-d120267933ba?w=800&auto=format&fit=crop&q=80
5725,Barak Festival Grounds Senapati,Manipur,attraction,25.266667,94.016667,budget,4.5,24140,"Situated along the scenic riverbanks of the upper Senapati and Barak river confluence near Senapati town, this dedicated festival complex is the official permanent venue for the grand state-level Barak River Festival (Barak Youth and Cultural Festival), celebrated annually every December to promote environmental conservation of the river basin, featuring inter-tribal cultural dances, traditional wrestling competitions, indigenous archery, rock concerts, and ethnic food stalls.",Oct-Feb,https://images.unsplash.com/photo-1518709268805-4e9042af9f23?w=800&auto=format&fit=crop&q=80
5726,Chorei Waterfall & Forest Stream Ravine,Manipur,attraction,25.452222,94.153333,budget,4.6,5183,"Tucked away in the rugged mountain forests connecting the northern border subdivisions of Senapati, Chorei Waterfall is a secluded natural cascade where unpolluted hill streams tumble down multiple granite tiers into a shaded emerald basin. Framed by wild banana groves, towering bamboo clusters, and mossy canyon rocks, the spot provides an untouched wilderness retreat along the less-trodden forest footpaths of the northern border hills.",Jul-Oct,https://images.unsplash.com/photo-1518457607834-6e8d80c183c5?w=800&auto=format&fit=crop&q=80
5727,Douze Eco-Tourism Park & Ngaipai Ngaipao Waterfall (Phuba Khuman),Manipur,attraction,25.401111,94.204444,budget,4.6,3954,"Perched on an elevated mountain ridge above Phuba Khuman village in eastern Senapati, Douze Eco-Tourism Park is a community-developed scenic plateau renowned for sweeping 360-degree panoramas of morning cloud inversions rolling over the Poumai Naga highlands. Adjacent to the park through dense subtropical pine and oak groves lies the breathtaking Ngaipai Ngaipao Waterfall (Ngaipai-Ngaipou-Siibu), where a torrential mountain brook cascades through sheer moss-draped granite rock defiles into deep, crystalline plunge pools.",Jul-Oct,https://images.unsplash.com/photo-1518457607834-6e8d80c183c5?w=800&auto=format&fit=crop&q=80
5728,Dzuko Valley (Manipur Sector) & Mount Iso (Tenipu),Manipur,attraction,25.55,94.083333,budget,4.7,22311,"Situated in northern Senapati district along the interstate border with Nagaland, Mount Iso (locally known as Tenipu) rises majestically to an altitude of 2,994 meters (9,823 feet), celebrated as the highest mountain summit in Manipur, presiding over the southern expanse of the legendary Dzuko Valley, renowned for its rolling emerald cushions of dwarf bamboo, meandering crystal mountain streams, deep gorges, and the rare endemic pink Dzuko Lily (Lilium chitrangadae) that blooms in June-July.",Oct-Feb,https://images.unsplash.com/photo-1470071459604-3b5ec3a7fe05?w=800&auto=format&fit=crop&q=80
5729,Haolaipai Supao Keikulu Cave Senapati,Manipur,attraction,25.266667,94.033333,budget,4.7,6335,"Situated in the rugged limestone hills of Senapati district near Supao and Haolaipai villages, celebrated by speleologists and adventure enthusiasts as one of northern Manipur's most intriguing subterranean karst cave systems, featuring deep natural limestone galleries adorned with glistening calcified stalactites and stalagmites, subterranean streams, and historical associations with tribal shelter during ancient warfare.",Oct-Feb,https://images.unsplash.com/photo-1518709268805-4e9042af9f23?w=800&auto=format&fit=crop&q=80
5730,Koide Ancient Heritage Village & Poumai Cultural Monoliths,Manipur,attraction,25.352222,94.153333,budget,4.2,3394,"Koide is an ancient Poumai Naga ancestral hill settlement perched on a prominent spur in eastern Senapati, renowned as one of the pivotal historical villages in northern Manipur. The village preserves centuries-old stone megalithic monuments, ancestral village gateways, traditional wood-shingle huts decorated with hornbill motifs, and customary Morung dormitories where oral histories, traditional crafts, and indigenous clan councils have been maintained for generations.",Oct-Feb,https://images.unsplash.com/photo-1590050752117-238cb0fb12b1?w=800&auto=format&fit=crop&q=80
5731,Koubru Laikha Sacred Shiva Temple & Foothill Pilgrimage Precinct,Manipur,attraction,25.034444,93.882222,budget,4.9,15562,"Situated beside the picturesque, gushing waters of the Imphal River along the NH-2 highway corridor at Koubru Laikha, this ancient and highly revered Hindu temple complex is dedicated to Lord Shiva. Set at the scenic base of the sacred Koubru mountain range, the temple serves as a peaceful spiritual shrine for travelers on the national highway and transforms into a massive pilgrimage destination during the annual Maha Shivratri festival when thousands of devotees gather for sacred rituals and river baths.",Oct-Mar,https://images.unsplash.com/photo-1506197603052-3cc9c3a201bd?w=800&auto=format&fit=crop&q=80
5732,Liyai Ancient Stone Pools & Sacred Banyan Grove,Manipur,attraction,25.421111,94.283333,budget,4.7,6615,"Located within the ancient mountain settlement of Liyai Khullen, this sacred cultural precinct contains the historic Male and Female stone-lined water pools carved over five centuries ago by village founders. Shaded by colossal centuries-old sacred banyan trees and traditional Morung dormitories, the crystal-clear natural spring pools are steeped in Poumai lore as the ceremonial bathing and purification grounds of ancient village warriors, located close to the legendary source springs of the Barak River.",Oct-Feb,https://images.unsplash.com/photo-1621847468516-1ed5d0df56fe?w=800&auto=format&fit=crop&q=80
5733,Liyai Khullen & Source of the Barak River,Manipur,attraction,25.45,94.25,budget,4.1,1269,"Perched at a lofty altitude of 1,800 meters in northern Senapati district near the border with Nagaland 45 km from Senapati town, Liyai Khullen is an ancient Poumai Naga settlement revered as a mother village, internationally significant as the geographical source where the mighty Barak River (the second largest river system in Northeast India after the Brahmaputra) originates from a natural mountain spring trickling beneath sacred moss-covered rocks before gathering strength across valleys.",Oct-Feb,https://images.unsplash.com/photo-1567157577867-05ccb1388e66?w=800&auto=format&fit=crop&q=80
5734,Makhel Farewell Monolith & Tri-Monolith Heritage Grounds,Manipur,attraction,25.481111,94.133333,budget,4.8,19051,"Located in the sacred historical village of Makhel near the NH-2 highway corridor, this revered heritage precinct encompasses the legendary stone monuments of Naga mythological migration, including the historic Farewell Monolith, the celebrated Tri-Monolith (symbolizing the ancient parting of three brothers: the Meiteis, Nagas, and Kuki-Chins), the Hailstorm Stone, and the Lucky Stone. According to ancient folklore, Makhel served as the central dispersal ground from where ancestral groups branched across Northeast India.",Oct-Feb,https://images.unsplash.com/photo-1590050752117-238cb0fb12b1?w=800&auto=format&fit=crop&q=80
5735,Makhel Sacred Dispersion Tree (Chutebu),Manipur,attraction,25.483333,94.116667,budget,4.9,13871,"Situated on a scenic mountain saddle 10 km south of Mao along National Highway 2 in Senapati district, Makhel is celebrated in pan-Naga oral history as the sacred mythological point of dispersion from which major Naga tribes (Mao, Maram, Poumai, Angami, Chakhesang, Rengma, Lotha) migrated into their respective hill lands, home to the sacred banyan tree 'Chutebu' (believed to have sprouted from the walking stick of the common Naga ancestor), the sacred stone megalith 'Dispersal Stone', and the ancient parting stone.",Oct-Feb,https://images.unsplash.com/photo-1567157577867-05ccb1388e66?w=800&auto=format&fit=crop&q=80
5736,Mao Border Hill Station & Cherry Blossoms,Manipur,attraction,25.516667,94.133333,budget,4.9,7759,"Perched on a windy mountain ridge at an elevation of 1,788 meters (5,866 feet) along National Highway 2 on the interstate border with Nagaland 45 km north of Senapati, Mao (Mao Gate) is celebrated as the scenic northern gateway to Manipur, famous for its cold bracing climate, vibrant organic vegetable markets, and the spectacular annual Cherry Blossom Festival in November when thousands of wild Himalayan cherry blossom trees (Prunus cerasoides) burst into pink bloom across the hill slopes.",Oct-Feb,https://images.unsplash.com/photo-1506197603052-3cc9c3a201bd?w=800&auto=format&fit=crop&q=80
5737,Maram Khullen Megalithic Feast Courtyard & Customary Assembly Grounds,Manipur,attraction,25.383333,94.052222,budget,4.0,535,"Perched on a strategic mountain saddle in the historic ancestral village of Maram Khullen, this ceremonial megalithic courtyard is the traditional assembly ground of the hereditary Maram royal king (Sagong). It features upright menhirs and dolmens erected during ancient Feast of Merit ceremonies, stone-lined seating circles for clan elders, and centuries-old wooden royal residences adorned with hornbill carvings, representing one of the finest living examples of traditional customary Naga governance.",Oct-Feb,https://images.unsplash.com/photo-1518709268805-4e9042af9f23?w=800&auto=format&fit=crop&q=80
5738,Maram Khullen Traditional Royal Village,Manipur,attraction,25.4,94.033333,budget,4.6,8542,"Perched on a high rocky mountain ridge 25 km north of Senapati along the road to Willong, Maram Khullen is celebrated as the ancient ancestral mother village and royal capital of the Maram Naga tribe, famous for retaining its traditional hereditary royal institution (the Sagong / King and Queen of Maram), ancient wood-carved royal dormitories decorated with mithun horns and human heads, sacred stone monoliths, and the traditional post-harvest Kanghi festival.",Oct-Feb,https://images.unsplash.com/photo-1544717305-2782549b5136?w=800&auto=format&fit=crop&q=80
5739,Moulkholum Hilltop Viewpoint (S. Mongbung Viewpoint),Manipur,attraction,25.281111,94.024444,budget,3.9,646,"Rising prominently on the hillcrest above S. Mongbung village overlooking the Senapati district headquarters and the meandering valley of the upper Senapati river, Moulkholum is an emerging natural viewpoint celebrated for panoramic vistas. Visitors can gaze across layered mountain ridges stretching toward the Nagaland border, watch spectacular morning mist rolling through deep gorges, and enjoy refreshing sub-Himalayan breezes.",Oct-Feb,https://images.unsplash.com/photo-1486870591958-9b9d0d1dda99?w=800&auto=format&fit=crop&q=80
5740,Oinam Hill Traditional Pottery & Terraced Village,Manipur,attraction,25.381111,94.254444,budget,3.9,1322,"Perched dramatically on the steep, misty mountain spurs of the Poumai highlands, Oinam Hill village is famed across the region for its rare, indigenous coiled earthenware pottery tradition crafted exclusively by village women without a potter's wheel. Using locally sourced black clay mixed with serpentinite stone powder, artisans hand-shape durable black cooking pots and ritual urns that are prized throughout Manipur and Nagaland, set against a stunning backdrop of terraced potato, cabbage, and paddy fields.",Oct-Feb,https://images.unsplash.com/photo-1506197603052-3cc9c3a201bd?w=800&auto=format&fit=crop&q=80
5741,Paomata Cultural Heartland & Terraced Hills Senapati,Manipur,attraction,25.4,94.2,budget,4.0,188,"Perched across rolling high-altitude mountain ridges in eastern Senapati district 35 km from Senapati town, Paomata (comprising Tungjoy, Liyai, and Phaibung) is the ancestral cultural heartland of the Poumai Naga community, celebrated for its monumental stone megalithic platforms, centuries-old bachelor morungs decorated with carved wooden human and hornbill motifs, dramatic amphitheatres of stepped irrigated rice terraces, and handloom shawls.",Oct-Feb,https://images.unsplash.com/photo-1506197603052-3cc9c3a201bd?w=800&auto=format&fit=crop&q=80
5742,Phuba Thapham Stone Monoliths & Terraces,Manipur,attraction,25.366667,94.216667,budget,4.2,1852,"Perched on a high windy mountain promontory in the Poumai tribal heartland of eastern Senapati district 35 km from Senapati town, Phuba (comprising Phuba Thapham and Phuba Khuman) is an ancient settlement celebrated for its monumental stone megaliths and stone-paved community platforms, traditional wooden morungs with horned gables, cascading irrigated terrace rice fields that wrap around mountain shoulders, and ancient village war drums.",Oct-Feb,https://images.unsplash.com/photo-1518709268805-4e9042af9f23?w=800&auto=format&fit=crop&q=80
5743,Purul Heritage Village & Paoki Wrestling Grounds,Manipur,attraction,25.3,94.166667,budget,4.9,8562,"Situated in a scenic mountain basin in eastern Senapati district 20 km from Senapati town, Purul (comprising Purul Akutpa and Purul Atongba) is a historic Poumai Naga village celebrated for its ancient martial heritage, famous for the traditional Paoki (Poumai wrestling) and Toutii festivals celebrated annually where village champions engage in intense traditional belt wrestling on grassy arenas, stone clan monuments, and intricate handloom weaving.",Oct-Feb,https://images.unsplash.com/photo-1567157577867-05ccb1388e66?w=800&auto=format&fit=crop&q=80
5744,Senapati,Manipur,attraction,25.39337,94.15018,budget,4.2,1191,"The Senapati district in Manipur is a hidden gem for adventure seekers and nature enthusiasts. The area boasts pristine and scenic hills, crystal-clear lakes, and dense forests that are home to a diverse range of flora and fauna. Visitors can engage in a variety of outdoor activities, including trekking, camping, rock climbing, and bird watching, amidst breathtaking scenery. With its rich cultural heritage and pristine natural environment, Senapati presents an unparalleled opportunity to connect with Mother Nature and experience the beauty of eastern Manipur. The district is dotted with several villages, each with its unique cultural identity, offering a glimpse into the traditional lifestyle of the locals. Visitors can experience the warm hospitality of the local people, taste their unique cuisine, and participate in local festivals and events, making Senapati an unforgettable destination for those seeking an authentic travel experience in the heart of Manipur.",Oct-Feb,https://images.unsplash.com/photo-1609766857041-ed402ea8069a?w=800&auto=format&fit=crop&q=80
5745,Tadubi Highland Town & Maram Hills Senapati,Manipur,attraction,25.433333,94.133333,budget,4.5,1984,"Perched on a windy mountain saddle at an altitude of 1,600 meters along National Highway 2 in northern Senapati district 30 km north of Senapati town, Tadubi is an atmospheric hill station surrounded by pine-covered peaks, serving as the strategic gateway junction for traveling into the ancient megalithic sites of Willong Khullen and the source of the Barak River at Liyai Khullen, famous for fresh organic mountain apples, pears, and traditional Mao and Maram handicrafts.",Oct-Feb,https://images.unsplash.com/photo-1486870591958-9b9d0d1dda99?w=800&auto=format&fit=crop&q=80
5746,Tunggam Heritage Village & Ancestral Poumai Monoliths,Manipur,attraction,25.321111,94.201111,budget,3.9,246,"Settled on high mountain saddles in the Paomata subdivision of Senapati, Tunggam is an ancestral Poumai Naga village characterized by dramatic stone megaliths, sacred clan meeting courtyards, and well-preserved timber homes with pitched thatch roofs. The village maintains deep-rooted traditional customs, age-old stone fencing, and historical oral tales associated with the legendary early dispersion of the Naga communities from Makhel.",Oct-Feb,https://images.unsplash.com/photo-1590050752117-238cb0fb12b1?w=800&auto=format&fit=crop&q=80
5747,Willong Khullen Megalithic Monolith Avenue,Manipur,attraction,25.433333,93.916667,budget,4.7,21181,"Situated on a windswept mountain knoll in Willong Khullen village 37 km from Maram along the Maram-Peren road, celebrated by archaeologists and historians as the 'Stonehenge of Manipur', featuring an extraordinary avenue of approximately 135 to 150 colossal standing stone monoliths (menhirs) erected in two parallel rows stretching across the grassy ridge, with several stones towering up to 7 meters (23 feet) in height, erected in prehistoric times by Maram Naga warriors to commemorate great military feats and feasts of merit.",Oct-Feb,https://images.unsplash.com/photo-1590050752117-238cb0fb12b1?w=800&auto=format&fit=crop&q=80
5748,Yangkhullen Ancient Stone Village,Manipur,attraction,25.35,93.683333,budget,4.9,15462,"Perched precariously on the sheer, near-vertical rocky cliff face of a towering mountain spur 85 km from Senapati town, Yangkhullen is an extraordinary ancient tribal settlement of the Zeme Naga tribe, affectionately hailed as the 'Hanging Village of Manipur', where centuries-old stone-and-timber houses are tiered dramatically one above another on stone platforms chiseled into the rock, preserving ancient bachelor morungs, sacred stone monoliths, and untouched customary laws.",Oct-Feb,https://images.unsplash.com/photo-1567157577867-05ccb1388e66?w=800&auto=format&fit=crop&q=80
5749,Akhui Range & Virgin Biodiversity Forest,Manipur,attraction,25.001111,93.432222,budget,4.6,8856,"Spanning the central mountain spine of Tamenglong west of the town, the Akhui Range is a majestic, heavily forested mountain wilderness characterized by razorback ridgelines, dense sub-tropical cloud forests, hanging epiphytic orchids, and rare endemic wildlife including the clouded leopard and serow. The range offers pristine high-elevation trekking corridors with sweeping views across both the Barak and Makru river valleys.",Oct-Feb,https://images.unsplash.com/photo-1582510003544-4d00b7f74220?w=800&auto=format&fit=crop&q=80
5750,Alangtakhou Waterfall & Subterranean River Cave,Manipur,attraction,25.121111,93.483333,budget,4.3,1303,"Situated in the rugged hills of the Tamei subdivision of northeastern Tamenglong, Alangtakhou Waterfall is a geological marvel where a roaring mountain river plunges over a sheer rock cliff and rushes directly into subterranean limestone fissures and cavernous chambers before re-emerging downstream. The surrounding forest is rich in wild ginger, giant ferns, and colorful butterflies, creating an enchanting environment for adventure seekers.",Jul-Oct,https://images.unsplash.com/photo-1518457607834-6e8d80c183c5?w=800&auto=format&fit=crop&q=80
5751,Barak Waterfalls (Seven Cascades of the Barak River),Manipur,attraction,24.983333,93.45,budget,4.4,6480,"Situated in the rugged jungle canyons where the Barak River carves through steep limestone mountains in Tamenglong district, celebrated as one of Northeast India's most extraordinary fluvial spectacles, featuring a continuous series of seven magnificent roaring waterfalls cascading one after another over gigantic basalt boulders into deep natural plunge pools, highlighted in the state tourism policy as a premier destination for river rafting, kayaking, and wild river trekking.",Jul-Oct,https://images.unsplash.com/photo-1546548970-71785318a17b?w=800&auto=format&fit=crop&q=80
5752,Buning Meadow (Piulong) & Alpine Orchid Slopes,Manipur,attraction,25.183333,93.6,budget,4.8,7686,"Perched on high mountain ridges in Tamei sub-division of Tamenglong district 45 km from Tamenglong town, Buning (locally known as Piulong) is an extraordinary rolling alpine grassland plateau, celebrated for its unique undulating topography composed of hundreds of gentle, rounded natural earth mounds carpeted in lush green grass, blooming wild orchids, lily species, and clear babbling brooks.",Oct-Feb,https://images.unsplash.com/photo-1609766857041-ed402ea8069a?w=800&auto=format&fit=crop&q=80
5753,Chiuluan & Inriangluang Reangaans (Ancient Stone Forts & Skywalk),Manipur,attraction,24.953333,93.481111,mid,4.3,1160,"Perched strategically on steep village boundaries in Chiuluan and Inriangluang overlooking the roaring Barak River gorge, the Reangaans are ancient megalithic stone fortifications and defensive sentry platforms built centuries ago by Rongmei warriors to safeguard ancestral village domains. Recently enhanced with community skywalk viewpoints, the site combines remarkable tribal military heritage with dizzying vertical vistas plunging into the Barak canyon.",Oct-Feb,https://images.unsplash.com/photo-1590766940554-634a7ed41450?w=800&auto=format&fit=crop&q=80
5754,Dailong Sacred Grove & Biodiversity Heritage Site,Manipur,attraction,25.016667,93.5,budget,4.9,18595,"Situated 8 km north of Tamenglong town, Dailong is an ancient Rongmei Naga village celebrated globally for its community-conserved sacred forest grove ('Raengaan'), officially declared in May 2017 as Manipur's first Biodiversity Heritage Site under the Biological Diversity Act 2002, where the village council has protected centuries-old virgin forests, colossal ancient mahogany and fig trees, rare orchids, medicinal herbs, and sacred spirit stones without cutting a single leaf for generations.",Oct-Feb,https://images.unsplash.com/photo-1609766857041-ed402ea8069a?w=800&auto=format&fit=crop&q=80
5755,Gadai Hills & Prayer Mountain Summit,Manipur,attraction,24.972222,93.521111,budget,4.5,3016,"Perched prominently on the eastern heights overlooking Tamenglong town, Gadai Hills—widely known locally as Prayer Mountain—is an elevated sacred summit blanketed in wild alpine grasses, subtropical orchids, and pine copses. The viewpoint is renowned for delivering sweeping 360-degree panoramas of the morning sea of clouds filling the deep Barak river basin and the endless undulating ridges of the western Manipur highlands.",Oct-Feb,https://images.unsplash.com/photo-1506197603052-3cc9c3a201bd?w=800&auto=format&fit=crop&q=80
5756,Haipou Jadonang Memorial Park & Freedom Fighter Heritage,Manipur,attraction,24.983333,93.496667,budget,4.8,15466,"Situated in the town center of Tamenglong, Haipou Jadonang Memorial Park is the premier civic and historical landmark of the district, dedicated to Haipou Jadonang, the revered spiritual leader and freedom fighter who founded the Heraka movement and led an armed socio-religious uprising against British colonial rule before his martyrdom in 1931. The park features a towering bronze statue of Jadonang, landscaped flower gardens, and stone commemorative inscriptions.",Oct-Feb,https://images.unsplash.com/photo-1519331379826-f10be5486c6f?w=800&auto=format&fit=crop&q=80
5757,Khoupanglang Rock Shelters & Waterfall Cave,Manipur,attraction,25.021111,93.423333,budget,4.1,578,"Hidden within the dense subtropical jungle along the Farmlane stream corridor near Tamenglong, Khoupanglang Caves is an extraordinary multi-room natural limestone rock shelter where a perennial mountain cascade plunges directly over the cavern roof into a natural rocky pool. Visitors can stand dry inside the cavern chambers while looking out through a veil of falling water into the lush green rainforest canopy beyond.",Jul-Oct,https://images.unsplash.com/photo-1432405972618-c60b0225b8f9?w=800&auto=format&fit=crop&q=80
5758,Kisha Khou (Mount Kisha & Gaidinliu Cave Cliffs),Manipur,attraction,25.083333,93.45,budget,4.2,2119,"Rising majestically with near-vertical granite cliffs in northern Tamenglong, Mount Kisha Khou is an officially recognized tourist site revered both for dramatic geological grandeur and monumental anti-colonial history. The rugged mountain crags and concealed cliff caves served as the legendary guerrilla hideout and spiritual sanctuary for Rani Gaidinliu and her Zeliangrong freedom fighters during their armed resistance against British colonial rule in the 1930s.",Oct-Feb,https://images.unsplash.com/photo-1509316975850-ff9c5deb0cd9?w=800&auto=format&fit=crop&q=80
5759,Magulong Ancient Rongmei Heritage Village & Caves,Manipur,attraction,25.216667,93.55,budget,4.6,7676,"Situated in the remote, densely forested mountain ridges of northern Tamenglong district near Tamei, Magulong is an ancient Rongmei Naga settlement affectionately known among speleologists as the 'Village of Caves', renowned for having over 20 natural subterranean limestone caves and rock shelters scattered across its surrounding karst hills, alongside ancient megaliths, traditional log drums, and untouched tribal customary life.",Oct-Feb,https://images.unsplash.com/photo-1518709268805-4e9042af9f23?w=800&auto=format&fit=crop&q=80
5760,Nroutamphang Waterfall & Dailong Forest Gorge,Manipur,attraction,25.041111,93.523333,budget,4.7,2746,"Tucked away in the sacred virgin forest canopy of Dailong—declared Manipur's first Biodiversity Heritage Site—Nroutamphang Waterfall is an unpolluted multi-tier natural cascade tumbling down sheer moss-covered rock steps into deep jade-green swimming basins. Enclosed by towering ancient trees, wild ginger blooms, and rare epiphytic orchids, the waterfall exemplifies the pristine natural ecology preserved by community conservation rules.",Jul-Oct,https://images.unsplash.com/photo-1432405972618-c60b0225b8f9?w=800&auto=format&fit=crop&q=80
5761,Tamenglong,Manipur,attraction,24.98586,93.504,budget,4.5,5936,"Tamenglong, situated in the westernmost part of Manipur, is a region of breathtaking beauty with its lush forests, rolling hills, and sparkling waterfalls. The district is home to the Barak River and its tributaries, which have carved out valleys and gorges, providing ample opportunities for trekking, rock climbing, and camping. The rich cultural heritage of the district is evident in its traditional villages, where the Zeliangrong and Kabui tribes reside, preserving their unique customs and traditions. As a trekking destination, Tamenglong offers a diverse range of experiences, from easy day hikes to challenging multi-day expeditions, catering to adventure seekers of all levels.",Oct-Feb,https://images.unsplash.com/photo-1544717305-2782549b5136?w=800&auto=format&fit=crop&q=80
5762,Tharon Cave (Ancient 655-Meter Limestone Cave),Manipur,attraction,25.05,93.533333,budget,4.7,7259,"Situated 27 km north of Tamenglong town near Tharon village, celebrated in Indian speleology and prehistory as Manipur's most extensive natural limestone cave system, measuring approximately 655.6 meters in total explored length with 34 interconnecting chambers, natural stone arches, five distinct surface exits, and engraved stone carvings that archaeologists link to the prehistoric Hoabinhian culture of Southeast Asia.",Oct-Feb,https://images.unsplash.com/photo-1509316975850-ff9c5deb0cd9?w=800&auto=format&fit=crop&q=80
5763,Tousem & Haochong Remote Rainforest Ridges,Manipur,attraction,25.133333,93.383333,budget,4.2,515,"Perched on rugged mountain ridges in far western Tamenglong district bordering Assam along the Makru and Barak river basins, Tousem and Haochong represent one of Manipur's wildest and most remote sub-divisions, celebrated as the premier producer of the prized sweet Tamenglong Mandarin Orange (which holds the GI tag), celebrated host of the annual State Level Orange Festival in December, surrounded by roaring river rapids, suspension bridges, and virgin rainforests.",Oct-Feb,https://images.unsplash.com/photo-1590050752117-238cb0fb12b1?w=800&auto=format&fit=crop&q=80
5764,Tuilut Waterfall & Wilderness Rapids,Manipur,attraction,24.921111,93.402222,budget,3.9,915,"Flowing through an inaccessible mountain valley in southern Tamenglong, Tuilut Waterfall is a spectacular perennial cascade where torrential hill waters crash over broad granite steps into foaming rapids and broad pebbled sandbars. Enclosed by dense bamboo brakes, wild fig trees, and towering cane thickets, the site offers an idyllic setting for intrepid wilderness hikers seeking untouched river defiles.",Jul-Oct,https://images.unsplash.com/photo-1546548970-71785318a17b?w=800&auto=format&fit=crop&q=80
5765,Zeilad Lake & Zeilad Wildlife Sanctuary,Manipur,attraction,24.966667,93.383333,budget,4.9,22677,"Nestled on a high forested plateau near the Barak River in western Tamenglong district, Zeilad is the largest of a cluster of seven sacred natural mountain lakes (including Guiphop Zei and Napshei Zei) surrounded by 85.4 square kilometers of pristine subtropical rainforest gazetted as the Zeilad Wildlife Sanctuary, revered in Rongmei Naga mythology as a sacred spirit realm, celebrated as an internationally important wintering sanctuary for migratory waterfowl, tortoises, pythons, and Great Hornbills.",Oct-Feb,https://images.unsplash.com/photo-1544644181-1484b3fdfc62?w=800&auto=format&fit=crop&q=80
5766,Zeiladzang Village & Primary Hornbill Rainforest,Manipur,attraction,25.05,93.316667,budget,4.1,785,"Settled on pristine riverbanks in the rugged Tousem subdivision of western Tamenglong, Zeiladzang is an officially recognized tourist site surrounded by virgin primary rainforest. Accessible via adventurous jungle footpaths, the village offers a glimpse into completely off-grid tribal life, home to dense nesting populations of Great Indian Hornbills, wild orchids, and traditional timber stilt houses framed by crystalline mountain streams.",Oct-Feb,https://images.unsplash.com/photo-1609766857041-ed402ea8069a?w=800&auto=format&fit=crop&q=80
5767,Bro Waterfall & Forest Stream Tengnoupal,Manipur,attraction,24.316667,94.216667,budget,3.9,222,"Situated in the dense teak and wild bamboo forests of Tengnoupal district along the road connecting Tengnoupal to Moreh, Bro Waterfall is celebrated in the official tourism inventory as an enchanting natural water body, where a perennial hill stream cascades over stepped granite boulders into a cool natural rock pool surrounded by lush tropical flora, popular as a refreshing highway transit stop for travelers.",Jul-Oct,https://images.unsplash.com/photo-1546548970-71785318a17b?w=800&auto=format&fit=crop&q=80
5768,Chahmol & Sita Village Highland Foot-Trails,Manipur,attraction,24.451111,94.152222,budget,4.0,1284,"Perched along an elevated mountain spine in eastern Tengnoupal, Chahmol and Sita are remote hillside settlements encircled by native pine groves, wild mountain orchids, and scenic winding foot trails. The ridge crest commands magnificent sunrise views over early morning fog inversions that blanket the border river valleys rolling towards Myanmar.",Oct-Feb,https://images.unsplash.com/photo-1609766857041-ed402ea8069a?w=800&auto=format&fit=crop&q=80
5769,Indo-Myanmar Friendship Gate & Border Crossing (Moreh),Manipur,attraction,24.25,94.301111,budget,4.6,24501,"Situated at the terminus of Asian Highway 1 in Moreh, the Indo-Myanmar Friendship Gate and Friendship Bridge mark the sovereign international land border connecting India with Tamu in the Sagaing Region of Myanmar. Flanked by border security outposts, international milestone markers, and the Namphalong market precinct across the bridge, this landmark crossing serves as the cultural and commercial gateway linking South Asia to Southeast Asia.",Oct-Feb,https://images.unsplash.com/photo-1582510003544-4d00b7f74220?w=800&auto=format&fit=crop&q=80
5770,Khudei Khunou & Khunbi Ridge Viewpoints,Manipur,attraction,24.362222,94.081111,budget,4.5,8491,"Located along high-altitude mountain saddles in southern Tengnoupal, Khudei Khunou and Khunbi are picturesque traditional agrarian settlements inhabited by the Maring and Kuki communities. The villages are distinguished by traditional elevated timber granaries, hand-hewn wooden cottages with flowering gardens, terraced hillside maize and ginger farms, and panoramic ridge lookouts over mist-shrouded border valleys.",Oct-Feb,https://images.unsplash.com/photo-1590050752117-238cb0fb12b1?w=800&auto=format&fit=crop&q=80
5771,Khudengthabi Border Ridge Viewpoint & Kabaw Valley Lookout,Manipur,attraction,24.292222,94.251111,budget,4.0,1011,"Perched on a prominent mountain saddle along the NH-102 descent toward Moreh, Khudengthabi is a renowned high-altitude viewpoint that marks one of the most dramatic geological transitions in Manipur. Looking eastward from the ridge, visitors are rewarded with breathtaking vistas of endless subtropical rainforests stretching out into Myanmar's vast, sunlit Kabaw Valley and the distant mountain ranges of Sagaing.",Oct-Feb,https://images.unsplash.com/photo-1470071459604-3b5ec3a7fe05?w=800&auto=format&fit=crop&q=80
5772,Kwarok Tampak Stream Trails & Sandstone Pools,Manipur,attraction,24.481111,94.062222,budget,4.6,1619,"Winding through a secluded foothill valley below the Tengnoupal ridges, Kwarok Tampak is an unpolluted wilderness corridor characterized by gentle stream fords, natural sculpted sandstone pools, and towering sub-tropical evergreen tree canopies. The trail is famed locally for its soothing natural ambience, chirping cicadas, colorful forest butterflies, and seasonal wading pools.",Oct-Feb,https://images.unsplash.com/photo-1590050752117-238cb0fb12b1?w=800&auto=format&fit=crop&q=80
5773,Kwatha Village (Indo-Myanmar Organic Bamboo Shoot Settlement),Manipur,attraction,24.316667,94.283333,budget,4.9,19199,"Nestled in an isolated, lush jungle valley 16 km north of Moreh near the international border, Kwatha is a unique cultural marvel: it is the only Meitei-inhabited village situated entirely in the southern hill tracts of Manipur, preserving centuries-old traditional mud-and-thatch architecture, ancient ancestral customs, and globally famed as the culinary epicenter of authentic organic fermented bamboo shoots ('Kwatha Soibum'), produced using traditional underground anaerobic fermentation pits fed by mountain spring water.",Oct-Feb,https://images.unsplash.com/photo-1544717305-2782549b5136?w=800&auto=format&fit=crop&q=80
5774,Langol Peak Garden (Tlanglhungbung Leikol) & WWII Camp,Manipur,homestay,24.516667,94.066667,budget,4.9,18529,"Perched at an elevation of over 1,500 meters along a soaring mountain ridge in the Machi hill tract, Langol Peak Garden (locally known as Tlanglhungbung Leikol) is the premier ecotourism destination of the region, featuring landscaped hillside floral gardens, wooden viewing pavilions, sweeping 360-degree vistas across the Indo-Myanmar border hills and the Kakching plains, ancient folklore connections to the epic Khamba-Thoibi legends, and historic trench remnants from World War II Allied operational encampments during the Battle of Imphal.",Oct-Feb,https://images.unsplash.com/photo-1499793983690-e29da59ef1c2?w=800&auto=format&fit=crop&q=80
5775,Lokchao River Gorges & Crystal Shallows,Manipur,attraction,24.321111,94.223333,budget,4.7,6431,"Cutting through the dense teak, bamboo, and dipterocarp rainforests within the buffer zones of the Yangoupokpi-Lokchao sanctuary, the Lokchao River is celebrated for its crystal-clear emerald waters rushing over smooth white boulders and pebbled sandbars. Shaded by towering tropical canopies that host diverse hornbills, flying squirrels, and wild orchids, the riverbed provides idyllic natural swimming pools and secluded forest riverside trails.",Oct-Feb,https://images.unsplash.com/photo-1501785888041-af3ef285b470?w=800&auto=format&fit=crop&q=80
5776,Lokchao Wildlife Sanctuary Moreh,Manipur,attraction,24.283333,94.266667,budget,4.4,22313,"Sprawling across 184.8 square kilometers of rugged hills and dense semi-evergreen and moist deciduous forests along the international boundary with Myanmar near Moreh, established in 1989, Yangoupokpi Lokchao Wildlife Sanctuary is celebrated as a critical component of the Indo-Burma Global Biodiversity Hotspot, harboring rare trans-boundary wildlife including the Malayan Sun Bear, Slow Loris, Serow, Sambar, Clouded Leopard, Pangolin, and over 150 species of tropical forest birds.",Oct-Feb,https://images.unsplash.com/photo-1575550959106-5a7defe28b56?w=800&auto=format&fit=crop&q=80
5777,Machi Sacred Groves & Northern Ridge Sanctuaries,Manipur,attraction,24.521111,94.053333,budget,4.2,2849,"Perched on the northern mountain ridges of Tengnoupal, the sacred forest groves of Machi have been protected for centuries under strict customary Maring tribal taboos. Towering ancient trees, wild ficus, and sacred standing stones within these groves are revered as ancestral spiritual abodes, preserving unique pockets of virgin biodiversity, native medicinal plants, and traditional tribal animist lore.",Oct-Feb,https://images.unsplash.com/photo-1544717305-2782549b5136?w=800&auto=format&fit=crop&q=80
5778,Moreh Border Bazaar & International Trade Precinct,Manipur,attraction,24.248889,94.298889,budget,4.9,24776,"Located in the bustling commercial heart of Moreh border town, this vibrant international border bazaar is celebrated across Northeast India as an exotic shopping haven. The bazaar overflows with authentic Myanmar goods, including traditional Thanaka cosmetic paste, jade and ruby jewelry, Burmese teak carvings, woven lungis, Chinese electronics, exotic dry fruits, and multicultural borderland street food blending Meitei, Kuki, Tamil, and Burmese culinary influences.",Oct-Feb,https://images.unsplash.com/photo-1609766857041-ed402ea8069a?w=800&auto=format&fit=crop&q=80
5779,Moreh Border Town,Manipur,attraction,24.2477,94.3031,budget,4.4,2987,"Moreh Border Town, situated in the Chandel district of Manipur, is a thriving village that has been a significant trade hub between India and Myanmar. With its unique blend of Indian and Southeast Asian cultures, Moreh offers an enchanting experience for visitors. The town's proximity to the international border has created a fascinating melting pot of traditions, languages, and cuisines. The stunning natural surroundings, including rolling hills, lush forests, and sparkling waterfalls, provide a perfect backdrop for trekking, bird watching, and nature walks. As the sun sets, the town comes alive with the sounds of local markets and the aroma of exotic delicacies, making Moreh Border Town an unforgettable destination for travelers. The town's strategic location also offers opportunities for cross-border interactions and a glimpse into the rich history of the region, with the nearby town of Tamu in Myanmar being an important cultural and trade center.",Oct-Feb,https://images.unsplash.com/photo-1567157577867-05ccb1388e66?w=800&auto=format&fit=crop&q=80
5780,Shenam Pass (Scraggy Peak & WWII Battle Saddle),Manipur,attraction,24.401111,94.032222,budget,3.9,639,"Perched dramatically along the winding heights of NH-102 across the Tengnoupal hills, Shenam Pass (often celebrated historically as the Scraggy Peak saddle) is a formidable mountain gorge famous for sheer rock cliffs, whistling wind corridors, and sea-of-clouds panoramas. In 1944, this strategic pass was the epicenter of relentless combat between British-Indian forces and the Imperial Japanese Army during the Battle of Imphal, where allied soldiers defended the razorback ridges guarding the gateway into the Imphal valley.",Oct-Feb,https://images.unsplash.com/photo-1519681393784-d120267933ba?w=800&auto=format&fit=crop&q=80
5781,Suvaikenu Lim & Tuilong Vadung Cascades,Manipur,attraction,24.421111,94.123333,budget,3.9,249,"Tucked away in the rugged mountain ravines of interior Tengnoupal along ancient foot trails, Suvaikenu Lim and Tuilong Vadung form a pristine sequence of natural forest waterfalls and crystal-clear plunge pools. Rushing through dense wild banana thickets, bamboo groves, and ancient mossy sandstone boulders, the cascades offer an unspoiled nature retreat where local tribal villagers have waded and fished for generations.",Oct-Feb,https://images.unsplash.com/photo-1546548970-71785318a17b?w=800&auto=format&fit=crop&q=80
5782,Tengnoupal Mountain Peak & Strategic Ridge,Manipur,attraction,24.366667,94.15,budget,4.4,19159,"Perched on a windy mountain ridge 70 km from Imphal along National Highway 102, Tengnoupal is celebrated as the highest point on the entire Indo-Myanmar Road at an elevation of 1,450 meters (4,757 feet), offering dramatic panoramic vistas over the vast Kabaw Valley of Myanmar to the east and the Manipur valley to the west, celebrated in World War II history as the fiercely contested mountain pass where Allied forces held off the Japanese 33rd Division in 1944.",Oct-Feb,https://images.unsplash.com/photo-1506197603052-3cc9c3a201bd?w=800&auto=format&fit=crop&q=80
5783,Athokpam Anglo-Manipur War Site & Historical Landmark,Manipur,attraction,24.640278,94.008333,budget,4.2,2794,"Located at Athokpam Awang in the northern suburbs of Thoubal town along the historic military road, this commemorated heritage site marks a pivotal defensive battleground where Manipuri soldiers valiantly engaged advancing British forces during the decisive Anglo-Manipur War of April 1891. The site preserves a stone memorial obelisk, commemorative historical plaques, and shaded memorial grounds honoring the regional patriots who sacrificed their lives.",Oct-Feb,https://images.unsplash.com/photo-1621847468516-1ed5d0df56fe?w=800&auto=format&fit=crop&q=80
5784,Charangpat Fishermen Canals & Freshwater Locks,Manipur,attraction,24.636111,94.041111,budget,4.4,1609,"Charangpat is an interconnected wetland landscape featuring traditional wooden canal locks, stone weirs, and freshwater waterways that link the seasonal lake basins of Ikop and Kharung. Lined by swaying bamboo clusters, rustic bamboo footbridges, and floating phumdi vegetation, the canals offer a vivid window into the age-old indigenous fishing techniques and waterway transportation of the Meitei lake dwellers.",Oct-Feb,https://images.unsplash.com/photo-1590050752117-238cb0fb12b1?w=800&auto=format&fit=crop&q=80
5785,Ikop Pat & Kharungpat Freshwater Lakes,Manipur,attraction,24.6,93.983333,budget,4.4,1331,"Situated in the central eastern alluvial plains of Thoubal district 30 km south of Imphal, Ikop Pat and adjacent Kharungpat form one of Manipur's most significant natural wetland lake complexes, spanning over 13 square kilometers of open water, floating reed beds, and marshlands, celebrated as a crucial wintering refuge for thousands of migratory waterfowl from northern Asia including Lesser Whistling Ducks, Ferruginous Pochards, and Bar-headed Geese.",Oct-Feb,https://images.unsplash.com/photo-1439066615861-d1af74d74000?w=800&auto=format&fit=crop&q=80
5786,Kaina Hill & Sacred Govindajee Jackfruit Tree Sanctuary,Manipur,attraction,24.716667,94.066667,budget,4.5,19775,"Rising to an altitude of 921 meters amidst lush green teak and pine groves at Yairipok 29 km southeast of Imphal, Kaina is celebrated in Manipuri Gaudiya Vaishnavism as a sacred holy hillock, where in the 18th century Maharaja Bhagyachandra had a divine vision of Lord Govindajee directing him to carve the sacred deities of Shree Govindajee from a colossal jackfruit tree growing on this exact hill, featuring a historic hilltop temple, sacred tree shrines, and tranquil forested walking paths.",Oct-Feb,https://images.unsplash.com/photo-1575550959106-5a7defe28b56?w=800&auto=format&fit=crop&q=80
5787,Khangabok Traditional Pottery & Sericulture Village,Manipur,attraction,24.608333,94.018333,budget,4.4,2865,"Khangabok is an expansive traditional rural settlement celebrated across the state as a thriving hub of indigenous craftsmanship. Village lanes are alive with master potters hand-shaping utilitarian clay pots, decorative urns, and cooking vessels on traditional wheels, alongside sericulture cottages where silkworm rearing, silk reeling, and handloom weaving of fine Manipuri silk shawls have been practiced for generations.",Oct-Feb,https://images.unsplash.com/photo-1518709268805-4e9042af9f23?w=800&auto=format&fit=crop&q=80
5788,Khongjom War Memorial & Kheba Hill,Manipur,attraction,24.583333,94.016667,budget,4.5,18144,"Situated on the historic slopes of Kheba Hill along National Highway 102 (Indo-Myanmar Road) 36 km south of Imphal, Khongjom is revered across India as the sacred battleground of the last battle of the Anglo-Manipur War fought on 23-25 April 1891, where Major Paona Brajabasi and his brave Meitei warriors fought to the death against overwhelming British forces rather than surrender, featuring an imposing 30-foot white marble sword monument, a grand memorial gate, a war museum, and an artificial musical lake.",Oct-Feb,https://images.unsplash.com/photo-1464822759023-fed622ff2c3b?w=800&auto=format&fit=crop&q=80
5789,MMRC & Unity Park (Khangabok),Manipur,attraction,24.606111,94.014167,budget,4.9,12229,"Located along NH-102 at Khangabok in Thoubal district, the Manipur Mountaineering and Trekking Association (MMTA)-associated MMRC & Unity Park is a sprawling recreational and educational cultural park dedicated to national integration and Meitei heritage. The park features life-sized traditional Meitei thatched houses (Yumjao), an artificial lake with recreational paddle boating, ethnic handicraft exhibition pavilions, children's adventure rides, and lush botanical gardens displaying regional medicinal flora.",Oct-Feb,https://images.unsplash.com/photo-1519331379826-f10be5486c6f?w=800&auto=format&fit=crop&q=80
5790,People's Museum (Thoubal Town),Manipur,attraction,24.635556,94.018889,mid,3.9,481,"Located in Thoubal town, the People's Museum is an understated yet invaluable community-curated cultural institution preserving thousands of rare anthropological artifacts from Manipur's varied ethnic communities. The collections include ancient copper-plate inscriptions, traditional palm-leaf manuscripts (Puya), antique musical instruments, royal loin-loom textiles, indigenous agricultural tools, and martial weapons dating back centuries.",Oct-Mar,https://images.unsplash.com/photo-1565034946487-077786996e27?w=800&auto=format&fit=crop&q=80
5791,Phouoibi Park & Harvest Goddess Memorial (Charangpat),Manipur,attraction,24.633333,94.037222,budget,4.7,6415,"Situated at Charangpat Maning in central Thoubal, Phouoibi Park is a serene community eco-park dedicated to Lady Phouoibi, the revered Meitei deity of paddy, agricultural prosperity, and fertility. The landscaped park features green lawns, decorative water fountains, commemorative statues depicting ancient agricultural folklore, paved walking tracks, and flowering groves overlooking the surrounding agricultural plains of Thoubal.",Oct-Feb,https://images.unsplash.com/photo-1584467735815-f778f274e296?w=800&auto=format&fit=crop&q=80
5792,Salungpham Green Hills & Citrus Orchards,Manipur,attraction,24.62,94.085,budget,4.0,987,"Nestled at the base of the eastern hill range along the outer perimeter of the Thoubal valley, Salungpham is a picturesque rural hamlet surrounded by rolling green hillocks, betel nut groves, and terraced citrus orchards. The village serves as a tranquil rural eco-tourism destination with shaded walking trails leading up to scenic ridge viewpoints overlooking the entire central Manipur valley basin.",Oct-Feb,https://images.unsplash.com/photo-1486870591958-9b9d0d1dda99?w=800&auto=format&fit=crop&q=80
5793,Shri Bungshibudon Temple & Sacred Meitei Heritage Precinct,Manipur,attraction,24.638889,94.012222,budget,3.9,1052,"Officially recognized by Manipur Tourism, Shri Bungshibudon Temple is a historic religious and cultural shrine dedicated to the ancestral guardian deity Bungshibudon. Surrounded by an ancient sacred grove of banyan and peepal trees in Thoubal, the temple complex serves as the traditional venue for vibrant annual Lai Haraoba ceremonies featuring ritual dances, oral chanting, and customary Meitei animist offerings.",Oct-Mar,https://images.unsplash.com/photo-1609766857041-ed402ea8069a?w=800&auto=format&fit=crop&q=80
5794,Tentha Pink Lotus Wetlands & Waterway Canals,Manipur,homestay,24.565278,94.025,budget,3.9,402,"Stretching across the low-lying agricultural plains of southern Thoubal, the Tentha wetlands form a tranquil network of freshwater canals, marsh channels, and natural ponds. During late summer and autumn, vast stretches of these waterways are blanketed in dazzling displays of pink and white Nelumbo lotus blooms, attracting birdwatchers, native wetland fishers in wooden dugout canoes, and landscape photographers.",Oct-Feb,https://images.unsplash.com/photo-1499793983690-e29da59ef1c2?w=800&auto=format&fit=crop&q=80
5795,Thamlai Waterfall & Hill Forest Stream,Manipur,attraction,24.580556,94.12,budget,4.4,1902,"Hidden within the picturesque eastern foothill forests of Thoubal near Thamlai village, Thamlai Waterfall is a pristine natural cascade where clear mountain waters plunge over stepped rock shelves into a refreshing jade-green rock basin. Shaded by dense subtropical bamboo groves, wild fig trees, and flowering shrubs, the waterfall provides an idyllic offbeat nature sanctuary for adventurous hikers seeking solitude.",Jul-Oct,https://images.unsplash.com/photo-1432405972618-c60b0225b8f9?w=800&auto=format&fit=crop&q=80
5796,Thoubal River Promenade & Town Waterfront,Manipur,attraction,24.633333,93.983333,budget,4.4,12153,"Originating in the forested hills of Ukhrul district and flowing through the heart of Thoubal town before joining the Imphal River at Irong, the Thoubal River is celebrated as the primary geographical and economic lifeline of eastern Manipur valley, featuring newly developed riverside promenades with paved pedestrian walkways, ornamental streetlights, landscaped tree plantings, and scenic footbridges in central Thoubal town.",Oct-Feb,https://images.unsplash.com/photo-1518709268805-4e9042af9f23?w=800&auto=format&fit=crop&q=80
5797,Waithou Lake & Waithoupat Wetland,Manipur,attraction,24.683333,93.966667,budget,4.5,19976,"Nestled against rolling green hillocks along National Highway 102 just 16 km south of Imphal, Waithou Lake (Waithoupat) is a picturesque freshwater lake and wetland ecosystem, celebrated for its expansive beds of blooming pink lotuses, water lilies, migratory waterfowl, and the historic roadside village of Waithou world-famous across Manipur for its mouthwatering traditional smoked freshwater fish ('Nga Atoiba' and 'Ngamu') prepared over smoldering paddy husks.",Oct-Feb,https://images.unsplash.com/photo-1506744038136-46273834b3fb?w=800&auto=format&fit=crop&q=80
5798,Duncan Ecological Park (Ukhrul Town),Manipur,attraction,25.121111,94.372222,budget,4.3,509,"Nestled on a scenic forested spur on the outskirts of Ukhrul town, Duncan Ecological Park is an officially documented public eco-park and botanical recreational sanctuary. Enclosed by fragrant native Khasi pine groves, the park features landscaped floral terraces, shaded wooden gazebos, stone pathways, and open green lawns that serve as a favorite weekend picnic destination for families and travelers.",Oct-Feb,https://images.unsplash.com/photo-1519331379826-f10be5486c6f?w=800&auto=format&fit=crop&q=80
5799,El Shadai Eco-Park & Pine Grove Picnic Sanctuary,Manipur,attraction,25.101111,94.351111,budget,4.0,1135,"Perched on a serene hillock overlooking the surrounding pine valleys on the periphery of Ukhrul town, El Shadai Eco-Park is an officially recognized community recreation park. Shaded by dense stands of tall evergreen pine trees, the park features rustic wooden seating pavilions, floral garden plots, family picnic spaces, and scenic viewpoints offering panoramic vistas of morning valley mists.",Oct-Feb,https://images.unsplash.com/photo-1534188753412-3e26d0d618d6?w=800&auto=format&fit=crop&q=80
5800,Hundung Mova Cave & Lungshang River Gorge (Hungpung),Manipur,attraction,25.061111,94.332222,budget,4.9,11733,"Featured officially on the Ukhrul District Administration's dedicated tourist places portal, Hundung Mova Cave (also known as Mova Limestone Cave) is an ancient geological cavern formation located near Hungpung / Hundung. The cavern opens into a colossal natural limestone hall capable of sheltering over a hundred people simultaneously, featuring ancient calcified rock draperies, natural skylight fissures, and an adjoining gorge where the crystal-clear Lungshang River rushes over smooth limestone boulders.",Oct-Feb,https://images.unsplash.com/photo-1441974231531-c6227db76b6e?w=800&auto=format&fit=crop&q=80
5801,Jessami Frontier Village & WWII Battle Ridge,Manipur,attraction,25.633333,94.55,budget,4.6,3583,"Perched on a strategic mountain promontory overlooking the confluence of the Lanye and Thetsu rivers in far northern Ukhrul district along the border with Nagaland 115 km from Ukhrul town, Jessami is celebrated in World War II military history as the site of the legendary Battle of Jessami fought on 28 March - 1 April 1944 where the 1st Battalion of the newly raised Assam Regiment made their heroic first stand against the Japanese 31st Division, featuring a commemorative war memorial, ancient stone monoliths, and sweeping river gorge vistas.",Oct-Feb,https://images.unsplash.com/photo-1567157577867-05ccb1388e66?w=800&auto=format&fit=crop&q=80
5802,Kachai Village (Kachai Lemon GI Valley),Manipur,attraction,25.133333,94.316667,budget,4.9,16173,"Nestled in a picturesque mountain valley in western Ukhrul district 47 km from Ukhrul town, Kachai is celebrated globally as the birthplace of the world-famous 'Kachai Lemon' (Citrus jambhiri), which holds the prestigious Geographical Indication (GI) tag for its extraordinarily high ascorbic acid (Vitamin C) content of over 51% (more than double ordinary lemons), host of the grand annual Kachai Lemon Festival every January featuring lemon exhibitions, cultural dances, and orchard tours.",Oct-Feb,https://images.unsplash.com/photo-1441974231531-c6227db76b6e?w=800&auto=format&fit=crop&q=80
5803,Kachouphung Lake & Azoa Jenephiu Magi Lake,Manipur,attraction,25.133333,94.533333,budget,4.7,7380,"Situated in the remote eastern highlands of Ukhrul district approximately 7 km from Achangba along the border with Myanmar, Kachouphung Lake is a mystical high-altitude natural freshwater body covering about 9 acres, celebrated for its astonishing natural shoreline that strikingly resembles the geographical map of India, surrounded by dense pine and alder forests, aquatic lotus plants, and adjacent to the sacred Azoa Jenephiu Magi Lake renowned for breeding indigenous freshwater fish.",Oct-Feb,https://images.unsplash.com/photo-1501785888041-af3ef285b470?w=800&auto=format&fit=crop&q=80
5804,Kangkhui Lime Caves (Khangkhui Mangsor),Manipur,attraction,25.083333,94.466667,budget,4.9,5454,"Situated in the rocky limestone hills of Kangkhui Khullen village 16 km southeast of Ukhrul town, celebrated in Indian archaeology as an invaluable Paleolithic heritage site, excavated by archaeologist O. Kumar Singh in 1969 where ancient stone tools and animal bones dating back to the Upper Paleolithic era were discovered, featuring dark, winding subterranean karst chambers, colossal calcified stalactites, stalagmites, natural limestone domes, and chambers associated with Tangkhul King Mangsor.",Oct-Feb,https://images.unsplash.com/photo-1509316975850-ff9c5deb0cd9?w=800&auto=format&fit=crop&q=80
5805,Khamasom Ancient Tangkhul Village & Orchid Slopes,Manipur,attraction,25.216667,94.483333,budget,4.2,533,"Situated in the rugged northeastern mountain ranges of Ukhrul district near the international border with Myanmar 35 km from Ukhrul town, Khamasom is an ancient Tangkhul Naga settlement celebrated for its pristine natural mountain environment, scenic rock formations, roaring waterfall streams, blooming wild orchids, and close proximity to the high mountain ridges where wild lilies grow in untouched alpine habitats.",Oct-Feb,https://images.unsplash.com/photo-1609766857041-ed402ea8069a?w=800&auto=format&fit=crop&q=80
5806,Khorung Mount (Mount Sachiri) & High Ridge Lookout,Manipur,attraction,25.321111,94.482222,budget,4.1,178,"Soaring above the northern Chingai subdivision of Ukhrul, Khorung Mount (locally known as Mount Sachiri) is a prominent high-altitude peak that commands breathtaking 360-degree vistas stretching from the Somra tract in Myanmar to the distant Saramati range in Nagaland. The mountain is blanketed in dwarf bamboo, wild sub-alpine berries, and pine groves, providing adventurous hikers with untamed ridgeline trails.",Oct-Feb,https://images.unsplash.com/photo-1567157577867-05ccb1388e66?w=800&auto=format&fit=crop&q=80
5807,Longpi Black Stone Pottery Village (Nungbi Khullen),Manipur,attraction,25.266667,94.416667,budget,4.9,26646,"Situated 37 km north of Ukhrul town along the highway, Longpi (comprising Longpi Khullen and Longpi Kajui) is internationally celebrated by designers and anthropologists for its ancient heritage of 'Longpi Ham' (Longpi Black Stone Pottery), an extraordinary craft where master Tangkhul artisans blend pulverized black serpentine rock and weathered clay by hand into cooking pots, kettles, and teacups without using a potter's wheel, shaping them entirely with hands, moulds, and stones before open-pit bonfire firing.",Oct-Feb,https://images.unsplash.com/photo-1582510003544-4d00b7f74220?w=800&auto=format&fit=crop&q=80
5808,Marangphung Saline Springs & Traditional Tangkhul Salt Well,Manipur,attraction,25.251111,94.402222,budget,4.1,950,"Hidden in the wooded hills of northern Ukhrul, Marangphung preserves ancient natural saline water springs (Machi) that have been a cornerstone of traditional Tangkhul trade and subsistence for centuries. Indigenous villagers draw high-saline mineral brine from historic stone-lined wells and evaporate it over wood-fired hearths in earthenware vessels to produce circular salt cakes used for traditional cooking and customary gift exchanges.",Oct-Feb,https://images.unsplash.com/photo-1609766857041-ed402ea8069a?w=800&auto=format&fit=crop&q=80
5809,Nillai Organic Green Tea Estate Phangrei,Manipur,attraction,25.166667,94.416667,budget,4.1,1059,"Perched on rolling mountain slopes near Phangrei 20 km north of Ukhrul town at an elevation of 1,800 meters, Nillai is a celebrated commercial agro-tourism tea estate famous for producing premium organic wild green tea and black orthodox tea, cultivated in pesticide-free mountain soil kissed by morning mist, featuring scenic hillside tea walks, artisanal tea rolling sheds, and tea-tasting sessions overlooking the Ukhrul valleys.",Oct-Feb,https://images.unsplash.com/photo-1609766857041-ed402ea8069a?w=800&auto=format&fit=crop&q=80
5810,Phangrei Hill Meadows & Cold Water Fishery,Manipur,attraction,25.183333,94.433333,budget,4.9,25518,"Situated 22 km north of Ukhrul town along the road to Lunghar, Phangrei is an expansive, rolling emerald grassy plateau perched high in the clouds, celebrated in Tangkhul folklore as the romantic hill where legendary lovers Shimreishang and Maitonphi spent their youth, featuring scenic cold-water fishery ponds breeding Himalayan trout and carp, designated camping sites, and panoramic viewpoints overlooking deep pine-clad valleys.",Oct-Feb,https://images.unsplash.com/photo-1486870591958-9b9d0d1dda99?w=800&auto=format&fit=crop&q=80
5811,Shangshak War Memorial & WWII Battlefield Ridge,Manipur,attraction,25.023333,94.312222,budget,4.5,14946,"Perched on a strategic mountain plateau in southern Ukhrul, the Shangshak War Memorial marks the hallowed ground of the fierce Battle of Shangshak (March 19-26, 1944). Here, the Indian 50th Parachute Brigade fought a heroic, desperate delaying action against the advancing Imperial Japanese 31st Division, critically buying time for the defense of Kohima and Imphal. The memorial features a commemorative stone obelisk, regiment rolls, and tranquil landscaped mountain views.",Oct-Feb,https://images.unsplash.com/photo-1518709268805-4e9042af9f23?w=800&auto=format&fit=crop&q=80
5812,Shingcha Kachui (Shingcha Hill & Rhododendron Ridge),Manipur,attraction,25.051111,94.422222,budget,4.7,2848,"Rising gracefully in southeastern Ukhrul, Shingcha Kachui is an elevated mountain ridge renowned among local trekkers for its spectacular seasonal bursts of wild crimson and pink Rhododendron arboreum blossoms during early spring. The summit offers breathtaking 360-degree panoramas of the rolling Tangkhul highlands, early morning cloud inversions, and mist-veiled mountain valleys stretching toward the international frontier.",Oct-Feb,https://images.unsplash.com/photo-1464822759023-fed622ff2c3b?w=800&auto=format&fit=crop&q=80
5813,Shirui Hills & Shirui Peak (Kashong Peak),Manipur,attraction,25.116667,94.433333,budget,4.7,20936,"Rising to a majestic altitude of 2,835 meters (9,301 feet) above Shirui village 18 km east of Ukhrul town, celebrated globally as the solitary natural habitat on Earth of the rare, endangered Shirui Lily (Lilium mackliniae - the state flower of Manipur), discovered by British botanist Frank Kingdon-Ward in 1946, featuring a thrilling mountain ridge trek through cloud forests culminating in high-altitude grassy meadows that burst into pale pink, bell-shaped blooms in May-June, celebrated during the annual Shirui Lily Festival.",Oct-Feb,https://images.unsplash.com/photo-1506197603052-3cc9c3a201bd?w=800&auto=format&fit=crop&q=80
5814,Shirui Kashong Rear Ridges & Northern Orchid Trails,Manipur,attraction,25.141111,94.442222,budget,4.5,3461,"Extending northward beyond the primary tourist trail of Shirui Kashung peak, the rear ridges of the mountain range encompass a rugged, undisturbed sub-alpine wilderness. Here, sub-tropical dwarf rhododendrons, rare endemic herbs, and wild epiphytic orchids thrive along misty granite escarpments and cloud-inversion mountain passes far removed from festival crowds.",Oct-Feb,https://images.unsplash.com/photo-1609766857041-ed402ea8069a?w=800&auto=format&fit=crop&q=80
5815,Sihai Phangrei & Valley Terraces Trail,Manipur,attraction,25.183333,94.461111,budget,4.4,2259,"Extending beyond the popular Phangrei picnic plateau toward the rural villages of Sihai Khullen and Sihai Khunou, Sihai Phangrei is an enchanting mountain valley framed by rolling pine-crested ridges and cascading rice terraces. The valley is crisscrossed by unpaved walking tracks leading past crystalline mountain brooks, seasonal wildflowers, and traditional timber farm shelters offering genuine pastoral peace.",Oct-Feb,https://images.unsplash.com/photo-1470071459604-3b5ec3a7fe05?w=800&auto=format&fit=crop&q=80
5816,Sirarakhong Chilli Village (Hathei Chilli Valley),Manipur,attraction,25.1,94.283333,budget,4.9,5199,"Situated on scenic mountain ridges in southwestern Ukhrul district 66 km from Imphal and 30 km from Ukhrul, Sirarakhong is an enchanting Tangkhul tribal village celebrated across India for its extraordinary organic red chilli - the 'Hathei Chilli' (Sirarakhong Chilli), which received the prestigious Geographical Indication (GI) tag for its vibrant crimson color, unique aromatic pungency, and medicinal qualities that grow nowhere else with the same potency, host of the famous annual Sirarakhong Hathei Chilli Festival in August-September.",Oct-Feb,https://images.unsplash.com/photo-1486870591958-9b9d0d1dda99?w=800&auto=format&fit=crop&q=80
5817,Talui (Tolloi) Village & Heritage Terraced Hillside,Manipur,attraction,25.161111,94.223333,budget,4.1,1342,"Sprawling across a lush mountain amphitheater in western Ukhrul, Talui (Tolloi) is one of the premier cultural and agrarian settlements of the Tangkhul community. The village is renowned for its cascading stepped rice terraces carved into green hillsides, historic Christian mission churches, cottage sericulture silk units, and progressive customary community governance.",Oct-Feb,https://images.unsplash.com/photo-1506744038136-46273834b3fb?w=800&auto=format&fit=crop&q=80
5818,Ukhrul,Manipur,attraction,25.09786,94.36107,budget,3.9,265,"Ukhrul, the district headquarters of Ukhrul district in Manipur, is a treasure trove of natural beauty and rich cultural heritage. The village is nestled in the picturesque valley surrounded by the majestic mountains of the Indo-Burma biodiversity hotspot. With its unique blend of Tangkhul Naga traditions and breathtaking landscapes, Ukhrul offers an unforgettable experience for travelers. The town is steeped in history and culture, with many ancient monuments, festivals, and customs that showcase the resilience and hospitality of the Tangkhul people. Visitors can immerse themselves in the local way of life, explore the surrounding countryside, and take in the stunning vistas that make Ukhrul a nature lover's paradise.",Oct-Feb,https://images.unsplash.com/photo-1582510003544-4d00b7f74220?w=800&auto=format&fit=crop&q=80
5819,Zingsui Terraced Village & Waterfalls Ukhrul,Manipur,attraction,25.15,94.483333,budget,4.5,4098,"Perched on a scenic, sun-drenched mountain spur in eastern Ukhrul district 28 km from Ukhrul town, Zingsui is an idyllic Tangkhul agrarian village celebrated for its magnificent tiered mountain waterfalls tumbling through pine-forested gorges, sweeping amphitheatres of irrigated stepped terrace rice fields, and traditional wooden morungs adorned with ancestral carvings.",Jul-Oct,https://images.unsplash.com/photo-1546548970-71785318a17b?w=800&auto=format&fit=crop&q=80
5820,Sendra Hill,Manipur,attraction,24.6588,93.8012,budget,4.4,9291,"Sendra Hill is a premier heritage destination in Bishnupur, Manipur. Renowned as a prominent landmark in regional tourism (Viewpoint), it welcomes visitors seeking authentic cultural immersion, picturesque vistas, and rich historic heritage.",Oct-Feb,https://images.unsplash.com/photo-1464822759023-fed622ff2c3b?w=800&auto=format&fit=crop&q=80
5821,INA Memorial,Manipur,attraction,24.7823,93.9534,budget,4.9,12782,"INA Memorial is a premier museum destination in Moirang, Manipur. Renowned as a prominent landmark in regional tourism (Heritage), it welcomes visitors seeking authentic cultural immersion, picturesque vistas, and rich historic heritage.",Oct-Feb,https://images.unsplash.com/photo-1518709268805-4e9042af9f23?w=800&auto=format&fit=crop&q=80
5822,Andro,Manipur,attraction,24.6602,93.9949,budget,4.8,11153,"Andro is a premier heritage destination in Imphal East, Manipur. Renowned as a prominent landmark in regional tourism (Culture), it welcomes visitors seeking authentic cultural immersion, picturesque vistas, and rich historic heritage.",Oct-Feb,https://images.unsplash.com/photo-1518709268805-4e9042af9f23?w=800&auto=format&fit=crop&q=80
5823,Shirui Lily Sanctuary,Manipur,attraction,25.0731,94.3602,budget,4.1,308,"Shirui Lily Sanctuary is a premier wildlife destination in Ukhrul, Manipur. Renowned as a prominent landmark in regional tourism (Nature), it welcomes visitors seeking authentic cultural immersion, picturesque vistas, and rich historic heritage.",Oct-Feb,https://images.unsplash.com/photo-1534188753412-3e26d0d618d6?w=800&auto=format&fit=crop&q=80
5824,Sendra Tourist Hub,Manipur,attraction,24.6423,93.7877,budget,4.7,23347,"Sendra Tourist Hub is a premier heritage destination in Bishnupur, Manipur. Renowned as a prominent landmark in regional tourism (Viewpoint), it welcomes visitors seeking authentic cultural immersion, picturesque vistas, and rich historic heritage.",Oct-Feb,https://images.unsplash.com/photo-1609766857041-ed402ea8069a?w=800&auto=format&fit=crop&q=80
5825,Andro Village,Manipur,attraction,24.7682,94.0969,budget,4.8,27119,"Andro Village is a premier heritage destination in Imphal East, Manipur. Renowned as a prominent landmark in regional tourism (Culture), it welcomes visitors seeking authentic cultural immersion, picturesque vistas, and rich historic heritage.",Oct-Feb,https://images.unsplash.com/photo-1567157577867-05ccb1388e66?w=800&auto=format&fit=crop&q=80
5826,Sendra Tourist Centre,Manipur,attraction,24.6423,93.7877,budget,4.4,25950,"Sendra Tourist Centre is a premier heritage destination in Bishnupur, Manipur. Renowned as a prominent landmark in regional tourism (Viewpoint), it welcomes visitors seeking authentic cultural immersion, picturesque vistas, and rich historic heritage.",Oct-Feb,https://images.unsplash.com/photo-1544717305-2782549b5136?w=800&auto=format&fit=crop&q=80
5827,Jiri-Barak River Confluence & Forest Reserve,Manipur,attraction,22.5825,78.9965,budget,3.9,308,"Jiri-Barak River Confluence & Forest Reserve is an authentic attraction destination located in ,  district of Manipur. Celebrated for its regional significance and unique ambiance, it offers travelers an immersive experience in the culture, scenic beauty, and heritage of Manipur.",Oct-Feb,https://images.unsplash.com/photo-1621847468516-1ed5d0df56fe?w=800&auto=format&fit=crop&q=80
5828,Loktak Lake & Phumdis (Floating Islands),Manipur,attraction,22.5929,78.9365,budget,4.5,4645,"Loktak Lake & Phumdis (Floating Islands) is an authentic attraction destination located in ,  district of Manipur. Celebrated for its regional significance and unique ambiance, it offers travelers an immersive experience in the culture, scenic beauty, and heritage of Manipur.",Oct-Feb,https://images.unsplash.com/photo-1544644181-1484b3fdfc62?w=800&auto=format&fit=crop&q=80
5829,Keibul Lamjao National Park (Sangai Deer),Manipur,attraction,22.5809,78.9549,budget,3.9,928,"Keibul Lamjao National Park (Sangai Deer) is an authentic attraction destination located in ,  district of Manipur. Celebrated for its regional significance and unique ambiance, it offers travelers an immersive experience in the culture, scenic beauty, and heritage of Manipur.",Oct-Feb,https://images.unsplash.com/photo-1575550959106-5a7defe28b56?w=800&auto=format&fit=crop&q=80
5830,Sendra Island Tourist Resort Loktak,Manipur,hotel,22.5937,78.9821,mid,4.2,2974,"Sendra Island Tourist Resort Loktak is an authentic hotel destination located in ,  district of Manipur. Celebrated for its regional significance and unique ambiance, it offers travelers an immersive experience in the culture, scenic beauty, and heritage of Manipur.",Oct-Feb,https://images.unsplash.com/photo-1571896349842-33c89424de2d?w=800&auto=format&fit=crop&q=80
5831,INA Memorial & Museum Moirang,Manipur,attraction,22.5969,78.9557,mid,4.3,2555,"INA Memorial & Museum Moirang is an authentic attraction destination located in ,  district of Manipur. Celebrated for its regional significance and unique ambiance, it offers travelers an immersive experience in the culture, scenic beauty, and heritage of Manipur.",Oct-Mar,https://images.unsplash.com/photo-1582555172866-f73bb12a2ab3?w=800&auto=format&fit=crop&q=80
5832,Kangla Fort Ancient Royal Seat Imphal,Manipur,attraction,22.6209,79.0013,mid,4.6,1611,"Kangla Fort Ancient Royal Seat Imphal is an authentic attraction destination located in ,  district of Manipur. Celebrated for its regional significance and unique ambiance, it offers travelers an immersive experience in the culture, scenic beauty, and heritage of Manipur.",Oct-Feb,https://images.unsplash.com/photo-1590766940554-634a7ed41450?w=800&auto=format&fit=crop&q=80
5833,Ima Keithel (Mother's Market - Women Run),Manipur,attraction,22.5553,78.9989,budget,4.4,1592,"Ima Keithel (Mother's Market - Women Run) is an authentic attraction destination located in ,  district of Manipur. Celebrated for its regional significance and unique ambiance, it offers travelers an immersive experience in the culture, scenic beauty, and heritage of Manipur.",Oct-Feb,https://images.unsplash.com/photo-1582510003544-4d00b7f74220?w=800&auto=format&fit=crop&q=80
5834,Shri Govindaji Temple Royal Palace,Manipur,attraction,22.5697,78.9781,mid,4.6,7029,"Shri Govindaji Temple Royal Palace is an authentic attraction destination located in ,  district of Manipur. Celebrated for its regional significance and unique ambiance, it offers travelers an immersive experience in the culture, scenic beauty, and heritage of Manipur.",Oct-Mar,https://images.unsplash.com/photo-1608889825103-eb5ed706fc64?w=800&auto=format&fit=crop&q=80
5835,Manipur State Museum Imphal,Manipur,attraction,22.5577,78.9981,mid,4.0,460,"Manipur State Museum Imphal is an authentic attraction destination located in ,  district of Manipur. Celebrated for its regional significance and unique ambiance, it offers travelers an immersive experience in the culture, scenic beauty, and heritage of Manipur.",Oct-Mar,https://images.unsplash.com/photo-1582555172866-f73bb12a2ab3?w=800&auto=format&fit=crop&q=80
5836,Dzukou Valley Manipur Route Senapati,Manipur,attraction,22.6217,78.9245,budget,3.9,1181,"Dzukou Valley Manipur Route Senapati is an authentic attraction destination located in ,  district of Manipur. Celebrated for its regional significance and unique ambiance, it offers travelers an immersive experience in the culture, scenic beauty, and heritage of Manipur.",Oct-Feb,https://images.unsplash.com/photo-1441974231531-c6227db76b6e?w=800&auto=format&fit=crop&q=80
5837,Shirui Kashong Peak (Shirui Lily Bloom),Manipur,attraction,22.6241,78.9709,budget,4.5,2393,"Shirui Kashong Peak (Shirui Lily Bloom) is an authentic attraction destination located in ,  district of Manipur. Celebrated for its regional significance and unique ambiance, it offers travelers an immersive experience in the culture, scenic beauty, and heritage of Manipur.",Oct-Feb,https://images.unsplash.com/photo-1519681393784-d120267933ba?w=800&auto=format&fit=crop&q=80
5838,Khayang Waterfall Ukhrul,Manipur,attraction,22.5681,78.9293,budget,4.3,3429,"Khayang Waterfall Ukhrul is an authentic attraction destination located in ,  district of Manipur. Celebrated for its regional significance and unique ambiance, it offers travelers an immersive experience in the culture, scenic beauty, and heritage of Manipur.",Jul-Oct,https://images.unsplash.com/photo-1518457607834-6e8d80c183c5?w=800&auto=format&fit=crop&q=80
5839,Khangkhui Mangsor Limestone Cave,Manipur,attraction,22.5593,78.9621,budget,4.3,1335,"Khangkhui Mangsor Limestone Cave is an authentic attraction destination located in ,  district of Manipur. Celebrated for its regional significance and unique ambiance, it offers travelers an immersive experience in the culture, scenic beauty, and heritage of Manipur.",Oct-Feb,https://images.unsplash.com/photo-1509316975850-ff9c5deb0cd9?w=800&auto=format&fit=crop&q=80
5840,Andro Ancient Pottery Heritage Village,Manipur,attraction,22.5681,78.9973,budget,4.2,2010,"Andro Ancient Pottery Heritage Village is an authentic attraction destination located in ,  district of Manipur. Celebrated for its regional significance and unique ambiance, it offers travelers an immersive experience in the culture, scenic beauty, and heritage of Manipur.",Oct-Feb,https://images.unsplash.com/photo-1621847468516-1ed5d0df56fe?w=800&auto=format&fit=crop&q=80
5841,Moreh Border Trade Town & Friendship Gate,Manipur,attraction,22.6097,78.9549,budget,4.5,2047,"Moreh Border Trade Town & Friendship Gate is an authentic attraction destination located in ,  district of Manipur. Celebrated for its regional significance and unique ambiance, it offers travelers an immersive experience in the culture, scenic beauty, and heritage of Manipur.",Oct-Feb,https://images.unsplash.com/photo-1590050752117-238cb0fb12b1?w=800&auto=format&fit=crop&q=80
5842,Barak Waterfalls Tamenglong,Manipur,attraction,22.6225,78.9469,budget,4.0,652,"Barak Waterfalls Tamenglong is an authentic attraction destination located in ,  district of Manipur. Celebrated for its regional significance and unique ambiance, it offers travelers an immersive experience in the culture, scenic beauty, and heritage of Manipur.",Jul-Oct,https://images.unsplash.com/photo-1518457607834-6e8d80c183c5?w=800&auto=format&fit=crop&q=80
