id,name,state,category,latitude,longitude,price_range,rating,review_count,description,best_season,image_url
11483,Bharat Darshan Park,Delhi,attraction,28.6232,77.2241,budget,3.9,1036,"Bharat Darshan Park is a renowned recreation landmark situated in New Delhi, New Delhi district of Delhi. The destination attracts visitors seeking authentic regional heritage, architectural grandeur, and picturesque surroundings. It plays an integral role in the cultural landscape and local tourism identity of the region.",Oct-Feb,https://thumb.wikimedia.org/wikipedia/commons/thumb/5/5c/Ruins_of_Sir_Thomas_Metcalfe%27s_Dilkusha_with_Qutub_Minar_in_the_background_02.jpg/960px-Ruins_of_Sir_Thomas_Metcalfe%27s_Dilkusha_with_Qutub_Minar_in_the_background_02.jpg?utm_source=en.wikipedia.org&utm_campaign=api&utm_content=thumbnail
11484,Charkha Museum,Delhi,attraction,28.62395,77.22935,mid,4.5,9194,"Charkha Museum is a renowned cultural landmark situated in New Delhi, New Delhi district of Delhi. The destination attracts visitors seeking authentic regional heritage, architectural grandeur, and picturesque surroundings. It plays an integral role in the cultural landscape and local tourism identity of the region.",Oct-Mar,https://thumb.wikimedia.org/wikipedia/commons/thumb/6/6e/Polska_Krak%C3%B3w_ul._Twardowskiego_16_Narodowe_Centrum_Nauki_%281%29.jpg/960px-Polska_Krak%C3%B3w_ul._Twardowskiego_16_Narodowe_Centrum_Nauki_%281%29.jpg?utm_source=en.wikipedia.org&utm_campaign=api&utm_content=thumbnail
11485,Dargah Nizamuddin Aulia,Delhi,attraction,28.6159,77.223,budget,4.1,370,"Dargah Nizamuddin Aulia is a renowned religious landmark situated in New Delhi, New Delhi district of Delhi. The destination attracts visitors seeking authentic regional heritage, architectural grandeur, and picturesque surroundings. It plays an integral role in the cultural landscape and local tourism identity of the region.",Oct-Feb,https://thumb.wikimedia.org/wikipedia/commons/thumb/4/48/Fatehpuri_Masjid_in_Delhi_19.jpg/960px-Fatehpuri_Masjid_in_Delhi_19.jpg?utm_source=en.wikipedia.org&utm_campaign=api&utm_content=thumbnail
11486,Darya Khan's Tomb,Delhi,attraction,28.6243,77.2318,budget,4.5,7264,"Darya Khan's Tomb is a renowned cultural landmark situated in New Delhi, New Delhi district of Delhi. The destination attracts visitors seeking authentic regional heritage, architectural grandeur, and picturesque surroundings. It plays an integral role in the cultural landscape and local tourism identity of the region.",Oct-Feb,https://thumb.wikimedia.org/wikipedia/commons/thumb/d/d6/Isha_Khan_Niyazi%27s_tomb_-_Delhi_297_HT.jpg/960px-Isha_Khan_Niyazi%27s_tomb_-_Delhi_297_HT.jpg?utm_source=en.wikipedia.org&utm_campaign=api&utm_content=thumbnail
11487,Deer Park,Delhi,attraction,28.60465,77.19425,budget,4.0,511,"Deer Park is a renowned recreation landmark situated in New Delhi, New Delhi district of Delhi. The destination attracts visitors seeking authentic regional heritage, architectural grandeur, and picturesque surroundings. It plays an integral role in the cultural landscape and local tourism identity of the region.",Oct-Feb,https://thumb.wikimedia.org/wikipedia/commons/thumb/3/32/Mughal_Garden%2C_Rashtrapathi_Bhawan_-_panoramio.jpg/960px-Mughal_Garden%2C_Rashtrapathi_Bhawan_-_panoramio.jpg?utm_source=en.wikipedia.org&utm_campaign=api&utm_content=thumbnail
11488,Gurudwara Sis Ganj Sahib,Delhi,attraction,28.655988,77.232547,budget,4.9,24222,"Gurudwara Sis Ganj Sahib is a renowned religious landmark situated in New Delhi, New Delhi district of Delhi. The destination attracts visitors seeking authentic regional heritage, architectural grandeur, and picturesque surroundings. It plays an integral role in the cultural landscape and local tourism identity of the region.",Oct-Feb,https://thumb.wikimedia.org/wikipedia/commons/thumb/6/6a/Sisganj_GUrudwara_in_Old_Delhi.jpg4.jpg/960px-Sisganj_GUrudwara_in_Old_Delhi.jpg4.jpg?utm_source=en.wikipedia.org&utm_campaign=api&utm_content=thumbnail
11489,Hauz Khas Fort,Delhi,attraction,28.553162,77.193516,mid,4.7,4060,"Hauz Khas Fort is a renowned heritage landmark situated in New Delhi, New Delhi district of Delhi. The destination attracts visitors seeking authentic regional heritage, architectural grandeur, and picturesque surroundings. It plays an integral role in the cultural landscape and local tourism identity of the region.",Oct-Feb,https://thumb.wikimedia.org/wikipedia/commons/thumb/4/4f/Feroze_Shah%27s_Tomb.JPG/960px-Feroze_Shah%27s_Tomb.JPG?utm_source=en.wikipedia.org&utm_campaign=api&utm_content=thumbnail
11490,Humayun's Tomb,Delhi,attraction,28.6322,77.1871,budget,4.9,27589,"Humayun's Tomb is a renowned cultural landmark situated in New Delhi, New Delhi district of Delhi. The destination attracts visitors seeking authentic regional heritage, architectural grandeur, and picturesque surroundings. It plays an integral role in the cultural landscape and local tourism identity of the region.",Oct-Feb,https://thumb.wikimedia.org/wikipedia/commons/thumb/9/9f/Humayun%27s_Tomb_Delhi.jpg/960px-Humayun%27s_Tomb_Delhi.jpg
11491,India Africa Friendship Rose Garden,Delhi,attraction,28.59545,77.22985,budget,4.8,2403,"India Africa Friendship Rose Garden is a renowned recreation landmark situated in New Delhi, New Delhi district of Delhi. The destination attracts visitors seeking authentic regional heritage, architectural grandeur, and picturesque surroundings. It plays an integral role in the cultural landscape and local tourism identity of the region.",Oct-Feb,https://thumb.wikimedia.org/wikipedia/commons/thumb/3/32/Mughal_Garden%2C_Rashtrapathi_Bhawan_-_panoramio.jpg/960px-Mughal_Garden%2C_Rashtrapathi_Bhawan_-_panoramio.jpg?utm_source=en.wikipedia.org&utm_campaign=api&utm_content=thumbnail
11492,India Gate,Delhi,attraction,28.63175,77.23395,budget,4.9,118179,"India Gate is a renowned heritage landmark situated in New Delhi, New Delhi district of Delhi. The destination attracts visitors seeking authentic regional heritage, architectural grandeur, and picturesque surroundings. It plays an integral role in the cultural landscape and local tourism identity of the region.",Oct-Feb,https://thumb.wikimedia.org/wikipedia/commons/thumb/5/5b/India_Gate_in_the_Evening.jpg/960px-India_Gate_in_the_Evening.jpg?utm_source=en.wikipedia.org&utm_campaign=api&utm_content=thumbnail
11493,Indian War Memorial Museum,Delhi,attraction,28.655863,77.240984,mid,4.0,737,"Indian War Memorial Museum is a renowned cultural landmark situated in New Delhi, New Delhi district of Delhi. The destination attracts visitors seeking authentic regional heritage, architectural grandeur, and picturesque surroundings. It plays an integral role in the cultural landscape and local tourism identity of the region.",Oct-Mar,https://thumb.wikimedia.org/wikipedia/commons/thumb/1/14/%27Naubat_Khana%27_at_RED_FORT%2C_Delhi%2C_India.JPG/960px-%27Naubat_Khana%27_at_RED_FORT%2C_Delhi%2C_India.JPG?utm_source=en.wikipedia.org&utm_campaign=api&utm_content=thumbnail
11494,"Indira Gandhi Memorial Museum, Delhi",Delhi,attraction,28.6132,77.2041,mid,4.6,6930,"Indira Gandhi Memorial Museum, Delhi is a renowned cultural landmark situated in New Delhi, New Delhi district of Delhi. The destination attracts visitors seeking authentic regional heritage, architectural grandeur, and picturesque surroundings. It plays an integral role in the cultural landscape and local tourism identity of the region.",Oct-Mar,https://upload.wikimedia.org/wikipedia/commons/3/31/Entrance_of_National_Gandhi_Museum%2C_Raj_Ghat%2C_New_Delhi.jpg?utm_source=en.wikipedia.org&utm_campaign=api&utm_content=thumbnail_unscaled
11495,Indraprastha Park,Delhi,attraction,28.6259,77.193,budget,4.4,2503,"Indraprastha Park is a renowned recreation landmark situated in New Delhi, New Delhi district of Delhi. The destination attracts visitors seeking authentic regional heritage, architectural grandeur, and picturesque surroundings. It plays an integral role in the cultural landscape and local tourism identity of the region.",Oct-Feb,https://thumb.wikimedia.org/wikipedia/commons/thumb/1/13/IndraprasthaPark-Stupa-1.jpg/960px-IndraprasthaPark-Stupa-1.jpg?utm_source=en.wikipedia.org&utm_campaign=api&utm_content=thumbnail
11496,"Iron Pillar, Delhi",Delhi,attraction,28.524738,77.184953,budget,4.9,7021,"Iron Pillar, Delhi is a renowned heritage landmark situated in New Delhi, New Delhi district of Delhi. The destination attracts visitors seeking authentic regional heritage, architectural grandeur, and picturesque surroundings. It plays an integral role in the cultural landscape and local tourism identity of the region.",Oct-Feb,https://thumb.wikimedia.org/wikipedia/commons/thumb/4/4c/Mutiny_Ajitgarh.jpg/960px-Mutiny_Ajitgarh.jpg?utm_source=en.wikipedia.org&utm_campaign=api&utm_content=thumbnail
11497,"Isa Khan's Tomb, Delhi",Delhi,attraction,28.592288,77.246203,budget,4.8,7575,"Isa Khan's Tomb, Delhi is a renowned cultural landmark situated in New Delhi, New Delhi district of Delhi. The destination attracts visitors seeking authentic regional heritage, architectural grandeur, and picturesque surroundings. It plays an integral role in the cultural landscape and local tourism identity of the region.",Oct-Feb,https://thumb.wikimedia.org/wikipedia/commons/thumb/3/31/AdamKhanTomb.jpg/960px-AdamKhanTomb.jpg?utm_source=en.wikipedia.org&utm_campaign=api&utm_content=thumbnail
11498,Jantar Mantar,Delhi,attraction,28.627063,77.216641,budget,4.6,20087,"Jantar Mantar is a renowned nature landmark situated in New Delhi, New Delhi district of Delhi. The destination attracts visitors seeking authentic regional heritage, architectural grandeur, and picturesque surroundings. It plays an integral role in the cultural landscape and local tourism identity of the region.",Oct-Feb,https://thumb.wikimedia.org/wikipedia/commons/thumb/3/3f/Jantar_Mantar_at_Jaipur.jpg/960px-Jantar_Mantar_at_Jaipur.jpg?utm_source=en.wikipedia.org&utm_campaign=api&utm_content=thumbnail
11499,Millennium Park,Delhi,attraction,28.596512,77.254766,budget,4.7,5666,"Millennium Park is a renowned recreation landmark situated in New Delhi, New Delhi district of Delhi. The destination attracts visitors seeking authentic regional heritage, architectural grandeur, and picturesque surroundings. It plays an integral role in the cultural landscape and local tourism identity of the region.",Oct-Feb,https://thumb.wikimedia.org/wikipedia/commons/thumb/3/32/Mughal_Garden%2C_Rashtrapathi_Bhawan_-_panoramio.jpg/960px-Mughal_Garden%2C_Rashtrapathi_Bhawan_-_panoramio.jpg?utm_source=en.wikipedia.org&utm_campaign=api&utm_content=thumbnail
11500,Mumtaz Mahal,Delhi,attraction,28.654512,77.243422,budget,4.0,887,"Mumtaz Mahal is a renowned cultural landmark situated in New Delhi, New Delhi district of Delhi. The destination attracts visitors seeking authentic regional heritage, architectural grandeur, and picturesque surroundings. It plays an integral role in the cultural landscape and local tourism identity of the region.",Oct-Feb,https://thumb.wikimedia.org/wikipedia/commons/thumb/c/c2/Portrait_of_Mumtaz_Mahal_on_Ivory_%28cropped%29.jpg/960px-Portrait_of_Mumtaz_Mahal_on_Ivory_%28cropped%29.jpg?utm_source=en.wikipedia.org&utm_campaign=api&utm_content=thumbnail
11501,Nehru Park,Delhi,attraction,28.597,77.1907,budget,4.6,12194,"Nehru Park is a renowned recreation landmark situated in New Delhi, New Delhi district of Delhi. The destination attracts visitors seeking authentic regional heritage, architectural grandeur, and picturesque surroundings. It plays an integral role in the cultural landscape and local tourism identity of the region.",Oct-Feb,https://thumb.wikimedia.org/wikipedia/commons/thumb/d/d0/Sun_clock_inside_the_Garden_of_Five_Senses.jpg/960px-Sun_clock_inside_the_Garden_of_Five_Senses.jpg?utm_source=en.wikipedia.org&utm_campaign=api&utm_content=thumbnail
11502,Purana Quila,Delhi,attraction,28.609562,77.243734,budget,4.8,27156,"Purana Quila is a renowned heritage landmark situated in New Delhi, New Delhi district of Delhi. The destination attracts visitors seeking authentic regional heritage, architectural grandeur, and picturesque surroundings. It plays an integral role in the cultural landscape and local tourism identity of the region.",Oct-Feb,https://thumb.wikimedia.org/wikipedia/commons/thumb/9/98/Purana_Qila_01.jpg/960px-Purana_Qila_01.jpg?utm_source=en.wikipedia.org&utm_campaign=api&utm_content=thumbnail
11503,Qudsia Bagh,Delhi,attraction,28.670987,77.228297,budget,4.1,556,"Qudsia Bagh is a renowned recreation landmark situated in New Delhi, New Delhi district of Delhi. The destination attracts visitors seeking authentic regional heritage, architectural grandeur, and picturesque surroundings. It plays an integral role in the cultural landscape and local tourism identity of the region.",Oct-Feb,https://thumb.wikimedia.org/wikipedia/commons/thumb/3/3f/Jantar_Mantar_at_Jaipur.jpg/960px-Jantar_Mantar_at_Jaipur.jpg?utm_source=en.wikipedia.org&utm_campaign=api&utm_content=thumbnail
11504,Rajon Ki Baoli,Delhi,attraction,28.520263,77.183422,budget,4.3,1404,"Rajon Ki Baoli is a renowned heritage landmark situated in New Delhi, New Delhi district of Delhi. The destination attracts visitors seeking authentic regional heritage, architectural grandeur, and picturesque surroundings. It plays an integral role in the cultural landscape and local tourism identity of the region.",Oct-Feb,https://thumb.wikimedia.org/wikipedia/commons/thumb/d/d7/Rajon_Ki_Baoli_-_Delhi_-_01.jpg/960px-Rajon_Ki_Baoli_-_Delhi_-_01.jpg?utm_source=en.wikipedia.org&utm_campaign=api&utm_content=thumbnail
11505,Ram Yantra,Delhi,attraction,28.626562,77.216516,budget,4.3,3287,"Ram Yantra is a renowned heritage landmark situated in New Delhi, New Delhi district of Delhi. The destination attracts visitors seeking authentic regional heritage, architectural grandeur, and picturesque surroundings. It plays an integral role in the cultural landscape and local tourism identity of the region.",Oct-Feb,https://thumb.wikimedia.org/wikipedia/commons/thumb/b/b8/New_Delhi_government_block_03-2016_img3.jpg/960px-New_Delhi_government_block_03-2016_img3.jpg?utm_source=en.wikipedia.org&utm_campaign=api&utm_content=thumbnail
11506,Red Fort,Delhi,attraction,28.58985,77.19065,mid,4.4,54819,"Red Fort is a renowned heritage landmark situated in New Delhi, New Delhi district of Delhi. The destination attracts visitors seeking authentic regional heritage, architectural grandeur, and picturesque surroundings. It plays an integral role in the cultural landscape and local tourism identity of the region.",Oct-Feb,https://thumb.wikimedia.org/wikipedia/commons/thumb/2/2a/Delhi_fort.jpg/960px-Delhi_fort.jpg?utm_source=en.wikipedia.org&utm_campaign=api&utm_content=thumbnail
11507,"Safdarjung Tomb, Delhi",Delhi,attraction,28.59535,77.22915,budget,4.6,2761,"Safdarjung Tomb, Delhi is a renowned heritage landmark situated in New Delhi, New Delhi district of Delhi. The destination attracts visitors seeking authentic regional heritage, architectural grandeur, and picturesque surroundings. It plays an integral role in the cultural landscape and local tourism identity of the region.",Oct-Feb,https://thumb.wikimedia.org/wikipedia/commons/thumb/3/31/AdamKhanTomb.jpg/960px-AdamKhanTomb.jpg?utm_source=en.wikipedia.org&utm_campaign=api&utm_content=thumbnail
11508,"Satpula, Delhi",Delhi,attraction,28.531713,77.223578,budget,4.3,2986,"Satpula, Delhi is a renowned cultural landmark situated in New Delhi, New Delhi district of Delhi. The destination attracts visitors seeking authentic regional heritage, architectural grandeur, and picturesque surroundings. It plays an integral role in the cultural landscape and local tourism identity of the region.",Oct-Feb,https://thumb.wikimedia.org/wikipedia/commons/thumb/2/29/Delhi_Rides_Main_Gate_1.jpg/960px-Delhi_Rides_Main_Gate_1.jpg?utm_source=en.wikipedia.org&utm_campaign=api&utm_content=thumbnail
11509,Shankar's International Dolls Museum,Delhi,attraction,28.62635,77.19615,mid,4.0,341,"Shankar's International Dolls Museum is a renowned cultural landmark situated in New Delhi, New Delhi district of Delhi. The destination attracts visitors seeking authentic regional heritage, architectural grandeur, and picturesque surroundings. It plays an integral role in the cultural landscape and local tourism identity of the region.",Oct-Mar,https://thumb.wikimedia.org/wikipedia/commons/thumb/a/a8/ShankarsInternationalDollsMuseum.jpg/960px-ShankarsInternationalDollsMuseum.jpg?utm_source=en.wikipedia.org&utm_campaign=api&utm_content=thumbnail
11510,Shanti Stupa New Delhi,Delhi,attraction,28.6077,77.2156,budget,4.9,3059,"Shanti Stupa New Delhi is a renowned religious landmark situated in New Delhi, New Delhi district of Delhi. The destination attracts visitors seeking authentic regional heritage, architectural grandeur, and picturesque surroundings. It plays an integral role in the cultural landscape and local tourism identity of the region.",Oct-Feb,https://thumb.wikimedia.org/wikipedia/commons/thumb/7/7f/Shanti_Stupa_at_Rajgir_%28cropped%29.jpg/960px-Shanti_Stupa_at_Rajgir_%28cropped%29.jpg
11511,Shri Kalka Ji Temple,Delhi,attraction,28.62085,77.20765,budget,4.8,6041,"Shri Kalka Ji Temple is a renowned religious landmark situated in New Delhi, New Delhi district of Delhi. The destination attracts visitors seeking authentic regional heritage, architectural grandeur, and picturesque surroundings. It plays an integral role in the cultural landscape and local tourism identity of the region.",Oct-Mar,https://thumb.wikimedia.org/wikipedia/commons/thumb/d/d2/Iskcon_Delhi_Temple.jpg/960px-Iskcon_Delhi_Temple.jpg?utm_source=en.wikipedia.org&utm_campaign=api&utm_content=thumbnail
11512,Shri Laxmi Narayan Temple (Birla Mandir),Delhi,attraction,28.6131,77.2034,budget,4.2,1503,"Shri Laxmi Narayan Temple (Birla Mandir) is a renowned religious landmark situated in New Delhi, New Delhi district of Delhi. The destination attracts visitors seeking authentic regional heritage, architectural grandeur, and picturesque surroundings. It plays an integral role in the cultural landscape and local tourism identity of the region.",Oct-Mar,https://thumb.wikimedia.org/wikipedia/commons/thumb/3/37/Laxminarayan_Temple_in_New_Delhi_03-2016.jpg/960px-Laxminarayan_Temple_in_New_Delhi_03-2016.jpg?utm_source=en.wikipedia.org&utm_campaign=api&utm_content=thumbnail
11513,Sulabh International Museum Of Toilets,Delhi,attraction,28.5958,77.2323,mid,4.6,9144,"Sulabh International Museum Of Toilets is a renowned cultural landmark situated in New Delhi, New Delhi district of Delhi. The destination attracts visitors seeking authentic regional heritage, architectural grandeur, and picturesque surroundings. It plays an integral role in the cultural landscape and local tourism identity of the region.",Oct-Mar,https://thumb.wikimedia.org/wikipedia/commons/thumb/e/ea/National_Museum_of_Natural_History_-_2026_%2855255088887%29.jpg/960px-National_Museum_of_Natural_History_-_2026_%2855255088887%29.jpg?utm_source=en.wikipedia.org&utm_campaign=api&utm_content=thumbnail
11514,The Garden of Five Senses,Delhi,attraction,28.6149,77.216,budget,4.9,7756,"The Garden of Five Senses is a renowned recreation landmark situated in New Delhi, New Delhi district of Delhi. The destination attracts visitors seeking authentic regional heritage, architectural grandeur, and picturesque surroundings. It plays an integral role in the cultural landscape and local tourism identity of the region.",Oct-Feb,https://thumb.wikimedia.org/wikipedia/commons/thumb/d/d0/Sun_clock_inside_the_Garden_of_Five_Senses.jpg/960px-Sun_clock_inside_the_Garden_of_Five_Senses.jpg?utm_source=en.wikipedia.org&utm_campaign=api&utm_content=thumbnail
11515,Tomb of Iltutmish,Delhi,attraction,28.525213,77.184547,budget,4.4,1650,"Tomb of Iltutmish is a renowned cultural landmark situated in New Delhi, New Delhi district of Delhi. The destination attracts visitors seeking authentic regional heritage, architectural grandeur, and picturesque surroundings. It plays an integral role in the cultural landscape and local tourism identity of the region.",Oct-Feb,https://thumb.wikimedia.org/wikipedia/commons/thumb/d/d2/Tomb_of_Humayun%2C_Delhi.jpg/960px-Tomb_of_Humayun%2C_Delhi.jpg?utm_source=en.wikipedia.org&utm_campaign=api&utm_content=thumbnail
11516,Tughlakabad Fort Delhi,Delhi,attraction,28.514288,77.260109,mid,4.2,2476,"Tughlakabad Fort Delhi is a renowned heritage landmark situated in New Delhi, New Delhi district of Delhi. The destination attracts visitors seeking authentic regional heritage, architectural grandeur, and picturesque surroundings. It plays an integral role in the cultural landscape and local tourism identity of the region.",Oct-Feb,https://thumb.wikimedia.org/wikipedia/commons/thumb/1/16/Delhi_-_Alai_Darwaza_at_Qutb_complex.jpg/960px-Delhi_-_Alai_Darwaza_at_Qutb_complex.jpg?utm_source=en.wikipedia.org&utm_campaign=api&utm_content=thumbnail
11517,"Zafar Mahal, Delhi",Delhi,attraction,28.657737,77.242609,budget,4.4,1273,"Zafar Mahal, Delhi is a renowned cultural landmark situated in New Delhi, New Delhi district of Delhi. The destination attracts visitors seeking authentic regional heritage, architectural grandeur, and picturesque surroundings. It plays an integral role in the cultural landscape and local tourism identity of the region.",Oct-Feb,https://thumb.wikimedia.org/wikipedia/commons/thumb/a/ac/Entry_to_salimgarh_Fort.JPG/960px-Entry_to_salimgarh_Fort.JPG?utm_source=en.wikipedia.org&utm_campaign=api&utm_content=thumbnail
11518,Ballimaran & Gali Qasim Jan (Mirza Ghalib Haveli),Delhi,attraction,28.653611,77.2275,budget,4.9,18511,"Winding deep into the historic quarter of Ballimaran in Old Delhi, Gali Qasim Jan is celebrated in world literature as the neighborhood where India's greatest Urdu and Persian poet, Mirza Asadullah Baig Khan (Mirza Ghalib, 1797-1869), lived his final, most creatively fruitful years; housing Ghalib Ki Haveli, a conserved 19th-century brick-and-mortar residence converted by the Delhi Government into a literary museum displaying Ghalib's handwritten couplets, vintage hookahs, life-size bust, and personal letters.",Oct-Feb,https://thumb.wikimedia.org/wikipedia/commons/thumb/c/c2/Portrait_of_Mumtaz_Mahal_on_Ivory_%28cropped%29.jpg/960px-Portrait_of_Mumtaz_Mahal_on_Ivory_%28cropped%29.jpg?utm_source=en.wikipedia.org&utm_campaign=api&utm_content=thumbnail
11519,Bhuli Bhatiyari Ka Mahal Central Ridge,Delhi,attraction,28.644167,77.195833,budget,4.3,2868,"Hidden deep inside the dense, rocky forest of the Central Delhi Ridge near Jhandewalan and Southern Ridge Reserve Forest, constructed in the 14th century by Sultan Firoz Shah Tughlaq, Bhuli Bhatiyari Ka Mahal was originally a fortified royal hunting lodge ('shikargah') and retreat, featuring an imposing double-entry stone gateway, thick rubble stone battlements, an inner courtyard, and a water reservoir bund, surrounded by centuries of local ghost legends and folklore.",Oct-Feb,https://thumb.wikimedia.org/wikipedia/commons/thumb/b/ba/Jahaz_Mahal_on_the_bank_of_Hauz-i-Shamsi.jpg/960px-Jahaz_Mahal_on_the_bank_of_Hauz-i-Shamsi.jpg?utm_source=en.wikipedia.org&utm_campaign=api&utm_content=thumbnail
11520,Central Baptist Church Chandni Chowk (1814),Delhi,attraction,28.656111,77.233056,budget,4.3,2733,"Standing on Chandni Chowk just opposite Gurudwara Sis Ganj Sahib, established in 1814 by the Baptist Missionary Society of London, Central Baptist Church is celebrated as the oldest surviving Christian church in northern India, built in an elegant European neoclassical style featuring a grand portico supported by eight heavy circular columns, deep verandas, a pitched roof, and memorial stone plaques documenting 19th-century missionary and Indian Christian history through the 1857 uprising.",Oct-Feb,https://upload.wikimedia.org/wikipedia/commons/3/37/Cathedral_Church_of_the_Redemption_-_New_Delhi.jpg?utm_source=en.wikipedia.org&utm_campaign=api&utm_content=thumbnail_unscaled
11521,Chandni Chowk,Delhi,attraction,28.656,77.231,budget,4.8,8416,"Designed in 1650 by Princess Jahanara Begum, one of India's oldest and busiest bazaars stretching from the Red Fort to Fatehpuri Mosque, newly revitalized with red sandstone pedestrian plazas.",Oct-Feb,https://thumb.wikimedia.org/wikipedia/commons/thumb/4/48/Fatehpuri_Masjid_in_Delhi_19.jpg/960px-Fatehpuri_Masjid_in_Delhi_19.jpg?utm_source=en.wikipedia.org&utm_campaign=api&utm_content=thumbnail
11522,"Dariba Kalan, Kinari Bazaar & Paranthe Wali Gali",Delhi,attraction,28.655833,77.231944,budget,4.9,26715,"Branching southward from the central artery of Chandni Chowk, this interconnected network of historic 17th-century pedestrian alleys forms the cultural soul of Shahjahanabad: Dariba Kalan ('Street of Incomparable Pearl') has traded in pure silver jewelry, antique coins, and traditional attar perfumes since 1650; Kinari Bazaar is India's premier wedding embellishment alley overflowing with zari borders, gold lace, and turbans; and Gali Paranthe Wali is the world-famous culinary lane celebrated since the 1870s for deep-fried stuffed flatbreads.",Oct-Feb,https://thumb.wikimedia.org/wikipedia/commons/thumb/b/bb/Tower_at_the_location_of_prophet%27s_horse%27s_hoop.jpg/960px-Tower_at_the_location_of_prophet%27s_horse%27s_hoop.jpg?utm_source=en.wikipedia.org&utm_campaign=api&utm_content=thumbnail
11523,Diwan-i-Am (Hall of Public Audience) Red Fort,Delhi,attraction,28.655833,77.241111,mid,4.7,114710,"Situated within the central inner courtyard of the UNESCO World Heritage Red Fort, constructed in 1648 by Mughal Emperor Shah Jahan, Diwan-i-Am is an imposing red sandstone hall fronted by 27 open multi-cusped arched bays supported by triple columns, featuring the Emperor's elevated white marble throne canopy ('Jharokha-i-Khas') backed by exquisite Florentine pietra dura marble relief panels depicting birds, flowers, and Orpheus playing the lute.",Oct-Feb,https://thumb.wikimedia.org/wikipedia/commons/thumb/2/2a/Delhi_fort.jpg/960px-Delhi_fort.jpg?utm_source=en.wikipedia.org&utm_campaign=api&utm_content=thumbnail
11524,Diwan-i-Khas (Hall of Private Audience) Red Fort,Delhi,attraction,28.656667,77.242222,mid,4.9,58077,"Situated on the eastern riverfront terrace of the Red Fort, constructed in 1648 from pure Makrana white marble, Diwan-i-Khas was the inner sanctum of Mughal state diplomacy, adorned with gold-leaf ceiling carvings, semi-precious stone floral inlays, and the immortal Persian couplet by Amir Khusrau inscribed in gold: 'Gar firdaus bar roo-e zameen ast, hameen ast-o hameen ast-o hameen ast' (If there is a paradise on earth, it is this, it is this, it is this), where the gem-studded Peacock Throne once stood before being plundered by Nadir Shah in 1739.",Oct-Feb,https://thumb.wikimedia.org/wikipedia/commons/thumb/2/2a/Delhi_fort.jpg/960px-Delhi_fort.jpg?utm_source=en.wikipedia.org&utm_campaign=api&utm_content=thumbnail
11525,Fatehpuri Masjid & Historic Spice Courtyard,Delhi,attraction,28.6575,77.223889,budget,4.9,12303,"Marking the western visual terminus of Chandni Chowk directly opposite the Red Fort across a 1.5-km axis, constructed in 1650 CE by Fatehpuri Begum (one of Emperor Shah Jahan's royal wives), Fatehpuri Masjid is an imposing red sandstone congregational mosque built on an elevated plinth, featuring a single fluted central dome, soaring minarets, seven arched prayer bays, and an expansive courtyard with a central ablution pool where spice traders and pilgrims find quiet respite from the bustling markets of Khari Baoli.",Oct-Feb,https://thumb.wikimedia.org/wikipedia/commons/thumb/3/31/AdamKhanTomb.jpg/960px-AdamKhanTomb.jpg?utm_source=en.wikipedia.org&utm_campaign=api&utm_content=thumbnail
11526,Firoz Shah Kotla Citadel & Ashokan Pillar of Topra,Delhi,attraction,28.635,77.2425,budget,4.9,18268,"Occupying a dramatic historical site along Bahadur Shah Zafar Marg near ITO, constructed in 1354 CE by Sultan Firoz Shah Tughlaq as the fortified citadel of Firozabad (the fifth historic city of Delhi), this sprawling stone fortress features the world-renowned 3rd-century BCE polished sandstone Ashokan Pillar of Topra (transported 180 km from Haryana in 1356 aboard a 42-wheel cart pulled by 8,400 men and re-erected atop a three-tiered stepped pyramid), subterranean chambers, and lush green lawns.",Oct-Feb,https://thumb.wikimedia.org/wikipedia/commons/thumb/f/fa/Climbing_Wall%2C_Indian_Mountaineering_Federation_center%2C_New_Delhi.jpg/960px-Climbing_Wall%2C_Indian_Mountaineering_Federation_center%2C_New_Delhi.jpg?utm_source=en.wikipedia.org&utm_campaign=imageinfo&utm_content=thumbnail
11527,Gauri Shankar Mandir Chandni Chowk,Delhi,attraction,28.655278,77.236111,budget,4.5,9333,"Situated near the Red Fort intersection along the main thoroughfare of Chandni Chowk, Gauri Shankar Mandir is an 800-year-old historic Hindu temple dedicated to Lord Shiva and Goddess Parvati, founded according to temple tradition by a wounded Maratha soldier named Appa Gangadhar who vowed to build a temple if he survived battle, featuring a revered 800-year-old natural brown lingam encased in silver phallus sheets, an ornate silver canopy, and golden temple spires.",Oct-Feb,https://thumb.wikimedia.org/wikipedia/commons/thumb/3/37/Laxminarayan_Temple_in_New_Delhi_03-2016.jpg/960px-Laxminarayan_Temple_in_New_Delhi_03-2016.jpg?utm_source=en.wikipedia.org&utm_campaign=api&utm_content=thumbnail
11528,Gurudwara Sis Ganj Sahib Chandni Chowk,Delhi,attraction,28.656389,77.2325,budget,4.8,8907,"Standing majestically in central Chandni Chowk, constructed in 1783 by Sardar Baghel Singh to commemorate the supreme martyrdom of the ninth Sikh Guru, Guru Tegh Bahadur (who was beheaded here on 11 November 1675 by order of Mughal Emperor Aurangzeb for defending the religious freedom of Kashmiri Pandits), Gurudwara Sis Ganj Sahib is one of the holiest Sikh gurdwaras in India, featuring a gleaming golden dome, an ornate white marble sanctum, the preserved trunk of the banyan tree beneath which the Guru was martyred, and a 24-hour community kitchen (Guru ka Langar).",Oct-Feb,https://thumb.wikimedia.org/wikipedia/commons/thumb/4/49/Front_view_of_Gurudwara_Bangla_Sahib%2C_Delhi.jpg/960px-Front_view_of_Gurudwara_Bangla_Sahib%2C_Delhi.jpg?utm_source=en.wikipedia.org&utm_campaign=api&utm_content=thumbnail
11529,Hayat Bakhsh Bagh & Sawan-Bhadon Pavilions Red Fort,Delhi,attraction,28.658333,77.242222,mid,4.1,114025,"Occupying the northeastern quarter of the Red Fort, Hayat Bakhsh Bagh ('Life-Bestowing Garden') is a formal Mughal Charbagh laid out by Shah Jahan in 1648, centered around a large water reservoir featuring the red sandstone Zafar Mahal (built in 1842 by the last Mughal Emperor Bahadur Shah Zafar II), flanked at either end by the elegant white marble pavilions of Sawan and Bhadon, named after the monsoon months and designed with niches for flickering candles behind cascading water sheets.",Oct-Feb,https://thumb.wikimedia.org/wikipedia/commons/thumb/2/2a/Delhi_fort.jpg/960px-Delhi_fort.jpg?utm_source=en.wikipedia.org&utm_campaign=api&utm_content=thumbnail
11530,"Historic Gates of Shahjahanabad (Kashmere, Ajmeri, Delhi & Turkman)",Delhi,attraction,28.667222,77.228889,budget,4.8,29318,"Dating from 1638-1648 CE when Mughal Emperor Shah Jahan built the monumental 6-kilometer stone wall enclosing his capital Shahjahanabad, these surviving historic stone city gates include Kashmere Gate (with dual arched portals famously blown open by British sappers on 14 September 1857), Ajmeri Gate (oriented southwest toward Ajmer with heavy wooden leaves), Delhi Gate (flanked by stone elephants and heavy bastions), and Turkman Gate (named after the 13th-century Sufi saint Hazrat Shah Turkman Bayabani).",Oct-Feb,https://thumb.wikimedia.org/wikipedia/commons/thumb/d/d7/Rajon_Ki_Baoli_-_Delhi_-_01.jpg/960px-Rajon_Ki_Baoli_-_Delhi_-_01.jpg?utm_source=en.wikipedia.org&utm_campaign=api&utm_content=thumbnail
11531,Jama Masjid Delhi,Delhi,attraction,28.650839,77.233464,budget,4.9,15241,"Commissioned by Mughal Emperor Shah Jahan in 1656, an immense red sandstone and white marble mosque with a vast courtyard accommodating 25,000 worshippers, flanked by two 40-meter minarets.",Oct-Feb,https://thumb.wikimedia.org/wikipedia/commons/thumb/a/a4/Jama_Masjid_-_In_the_Noon.jpg/960px-Jama_Masjid_-_In_the_Noon.jpg?utm_source=en.wikipedia.org&utm_campaign=api&utm_content=thumbnail
11532,Jami Masjid of Firozabad & Circular Baoli,Delhi,attraction,28.635833,77.243333,budget,4.2,3267,"Situated within the northern sector of Firoz Shah Kotla, the monumental Jami Masjid was commenced in 1354 CE on a high vaulted plinth overlooking the Yamuna, so magnificent that the Turco-Mongol conqueror Timur prayed here in 1398 and was inspired to take Delhi stone-masons back to Samarkand to build the Bibi-Khanym Mosque; directly adjacent lies Delhi's only surviving circular stepwell (Circular Baoli), an engineering marvel featuring subterranean chambers and concentric stepped terraces surrounding a central deep well shaft.",Oct-Feb,https://thumb.wikimedia.org/wikipedia/commons/thumb/4/48/Fatehpuri_Masjid_in_Delhi_19.jpg/960px-Fatehpuri_Masjid_in_Delhi_19.jpg?utm_source=en.wikipedia.org&utm_campaign=api&utm_content=thumbnail
11533,Jhandewalan Mandir (Maa Aadi Shakti Shrine),Delhi,attraction,28.644722,77.199444,budget,4.9,28580,"Situated on Desh Bandhu Gupta Road near Karol Bagh in central Delhi, Jhandewalan Mandir is one of Delhi's most celebrated historic temples dedicated to Maa Aadi Shakti, named after the ceremonial prayer flags ('jhandas') hoisted here in the 18th century by the devout merchant Badri Bhagat after he excavated the ancient subterranean idol of the Goddess from a secluded cave on the ridge, featuring multi-tiered marble prayer halls, an underground sanctum cave ('Gufa'), and radiant golden deity embellishments.",Oct-Feb,https://thumb.wikimedia.org/wikipedia/commons/thumb/d/d2/Iskcon_Delhi_Temple.jpg/960px-Iskcon_Delhi_Temple.jpg?utm_source=en.wikipedia.org&utm_campaign=api&utm_content=thumbnail
11534,Khari Baoli (Asia's Largest Wholesale Spice Market),Delhi,attraction,28.658333,77.221944,budget,4.9,16603,"Sprawling adjacent to Fatehpuri Masjid along Khari Baoli road in Old Delhi, operating continuously since the 17th century when it was established during Shah Jahan's reign, Khari Baoli is universally celebrated as Asia's largest wholesale spice market, an overwhelming sensory wonderland packed with hundreds of historic trading shops and multi-storey haveli warehouses ('Gadodia Market') stacked to the ceilings with towering burlap sacks of pungent dried red chilies, turmeric, saffron, cardamom, cloves, and exotic herbs.",Oct-Feb,https://thumb.wikimedia.org/wikipedia/commons/thumb/d/d2/Tomb_of_Humayun%2C_Delhi.jpg/960px-Tomb_of_Humayun%2C_Delhi.jpg?utm_source=en.wikipedia.org&utm_campaign=api&utm_content=thumbnail
11535,Moti Masjid (Pearl Mosque) Red Fort,Delhi,attraction,28.657222,77.242222,mid,3.9,81891,"Tucked discreetly inside the Red Fort royal enclosure adjacent to the Hammam, constructed between 1659 and 1660 by Emperor Aurangzeb as his private place of personal prayer, Moti Masjid ('Pearl Mosque') is a jewel of late Mughal architecture, enclosed within high red sandstone walls and crafted entirely of polished white and grey-veined Makrana marble, featuring three bulbous onion domes, miniature chattris, curved Bengali-style eaves, and an elevated marble courtyard.",Oct-Feb,https://thumb.wikimedia.org/wikipedia/commons/thumb/2/2a/Delhi_fort.jpg/960px-Delhi_fort.jpg?utm_source=en.wikipedia.org&utm_campaign=api&utm_content=thumbnail
11536,National Children's Museum & National Bal Bhavan,Delhi,attraction,28.631944,77.238889,mid,4.9,20258,"Sprawling across 12 lush acres on Kotla Road near ITO, founded in 1956 at the personal initiative of Prime Minister Jawaharlal Nehru, the National Bal Bhavan and National Children's Museum is India's premier creative institution for children, featuring a working mini diesel toy train circling the campus, an interactive science park, a traffic training park, an aviary, and museum galleries displaying international children's art, traditional Indian toys, musical instruments, and cultural puppets.",Oct-Mar,https://thumb.wikimedia.org/wikipedia/commons/thumb/a/aa/%E0%A4%B6%E0%A4%BF%E0%A4%B2%E0%A5%8D%E0%A4%AA_%E0%A4%B8%E0%A4%82%E0%A4%97%E0%A5%8D%E0%A4%B0%E0%A4%B9%E0%A4%BE%E0%A4%B2%E0%A4%AF_%E0%A4%95%E0%A4%BE_%E0%A4%AA%E0%A5%8D%E0%A4%B0%E0%A4%B5%E0%A5%85%E0%A4%B6_%E0%A4%A6%E0%A5%8D%E0%A4%B5%E0%A4%BE%E0%A4%B0.jpg/960px-%E0%A4%B6%E0%A4%BF%E0%A4%B2%E0%A5%8D%E0%A4%AA_%E0%A4%B8%E0%A4%82%E0%A4%97%E0%A5%8D%E0%A4%B0%E0%A4%B9%E0%A4%BE%E0%A4%B2%E0%A4%AF_%E0%A4%95%E0%A4%BE_%E0%A4%AA%E0%A5%8D%E0%A4%B0%E0%A4%B5%E0%A5%85%E0%A4%B6_%E0%A4%A6%E0%A5%8D%E0%A4%B5%E0%A4%BE%E0%A4%B0.jpg?utm_source=en.wikipedia.org&utm_campaign=api&utm_content=thumbnail
11537,National Gandhi Museum & Library Raj Ghat,Delhi,attraction,28.641667,77.246944,mid,4.4,24510,"Situated directly opposite the Raj Ghat memorial park along Jawaharlal Nehru Marg, established in 1961, the National Gandhi Museum is India's principal memorial institution dedicated to the life, thought, and martyrdom of Mahatma Gandhi, preserving an incomparable collection of over 75,000 books, original handwritten letters, spinning wheels (charkhas), his pocket watch, walking stick, spectacles, and the blood-stained dhoti and shawl he wore on the day of his assassination on 30 January 1948, alongside rare audio recordings of his speeches.",Oct-Mar,https://thumb.wikimedia.org/wikipedia/commons/thumb/f/f3/Gandhi_Memorial.jpg/960px-Gandhi_Memorial.jpg?utm_source=en.wikipedia.org&utm_campaign=api&utm_content=thumbnail
11538,National Science Centre Delhi,Delhi,attraction,28.614444,77.245833,budget,4.9,7492,"Inaugurated in 1992 near Gate No. 1 of Pragati Maidan, one of the largest interactive science museums in Asia, featuring eight floors of hands-on interactive galleries, a 3D theater, dinosaur gallery, and the iconic rolling Energy Ball demonstration.",Oct-Feb,https://thumb.wikimedia.org/wikipedia/commons/thumb/4/4f/Pamulaparti_Venkata_Narasimha_Rao_Unveiling_Inaugural_Plaque_-_National_Science_Centre_-_New_Delhi_1992-01-09_262.tif/lossy-page1-960px-Pamulaparti_Venkata_Narasimha_Rao_Unveiling_Inaugural_Plaque_-_National_Science_Centre_-_New_Delhi_1992-01-09_262.tif.jpg?utm_source=en.wikipedia.org&utm_campaign=api&utm_content=thumbnail
11539,National Zoological Park Delhi,Delhi,attraction,28.606857,77.24539,mid,4.5,19152,"Established in 1959 beside Purana Qila, housing over 1,300 animals across 127 species in natural moated island enclosures, renowned for successful royal Bengal white tiger and Sangai deer breeding programs.",Oct-Feb,https://thumb.wikimedia.org/wikipedia/commons/thumb/a/a9/NZP_Delhi.jpg/960px-NZP_Delhi.jpg?utm_source=en.wikipedia.org&utm_campaign=api&utm_content=thumbnail
11540,Naubat Khana & Chatta Chowk Covered Bazaar Red Fort,Delhi,attraction,28.656111,77.239722,mid,4.9,117740,"Entered immediately past the monumental Lahori Gate of the Red Fort, Chatta Chowk (or Meena Bazaar) is a 17th-century two-storey covered arcaded brick bazaar inspired by the silk markets of Isfahan where imperial merchants once sold brocades, silks, and jewels to court ladies, leading directly to the Naubat Khana ('Drum House' or Hathiapol), an ornate red sandstone gatehouse where royal musicians played kettle drums five times daily and nobles dismounted from their elephants before entering the emperor's presence.",Oct-Feb,https://thumb.wikimedia.org/wikipedia/commons/thumb/2/2a/Delhi_fort.jpg/960px-Delhi_fort.jpg?utm_source=en.wikipedia.org&utm_campaign=api&utm_content=thumbnail
11541,Purana Qila (Old Fort),Delhi,attraction,28.609753,77.243694,mid,4.8,9521,"Built on the ancient mound of Mahabharata's Indraprastha, reconstructed by Sher Shah Suri and Humayun in the 16th century, featuring massive stone ramparts, Qila-i-Kuhna Mosque, and Sher Mandal observatory.",Oct-Feb,https://thumb.wikimedia.org/wikipedia/commons/thumb/9/98/Purana_Qila_01.jpg/960px-Purana_Qila_01.jpg?utm_source=en.wikipedia.org&utm_campaign=api&utm_content=thumbnail
11542,Raj Ghat (Mahatma Gandhi Memorial),Delhi,attraction,28.64055,77.249433,budget,4.5,11615,"A black marble platform surrounded by landscaped lawns and an eternal flame on the banks of the Yamuna River, marking the sacred spot where Mahatma Gandhi was cremated on January 31, 1948.",Oct-Mar,https://thumb.wikimedia.org/wikipedia/commons/thumb/f/f3/Gandhi_Memorial.jpg/960px-Gandhi_Memorial.jpg?utm_source=en.wikipedia.org&utm_campaign=api&utm_content=thumbnail
11543,Rang Mahal & Mumtaz Mahal Red Fort,Delhi,attraction,28.655278,77.2425,mid,4.9,94702,"Occupying the riverfront residential axis of the Red Fort, Rang Mahal ('Palace of Colors') was the royal imperial seraglio for the emperor's consorts, renowned for its gilded ceiling, mirrored glass walls, and a central white marble fountain basin carved in the form of an open lotus fed by the cooling waters of the Nahr-i-Bihisht (Stream of Paradise), while the adjacent Mumtaz Mahal today houses the Red Fort Archaeological Museum showcasing Mughal-era arms, textiles, and celadon pottery.",Oct-Feb,https://thumb.wikimedia.org/wikipedia/commons/thumb/2/2a/Delhi_fort.jpg/960px-Delhi_fort.jpg?utm_source=en.wikipedia.org&utm_campaign=api&utm_content=thumbnail
11544,Red Fort (Lal Qila),Delhi,attraction,28.656688,77.243914,mid,4.5,88286,"Built in 1648 by Shah Jahan as the palace fort of Shahjahanabad, an UNESCO World Heritage citadel of red sandstone with monumental ramparts, Diwan-i-Aam, Diwan-i-Khas, and the Lahore Gate where the Prime Minister addresses the nation on Independence Day.",Oct-Feb,https://thumb.wikimedia.org/wikipedia/commons/thumb/2/2a/Delhi_fort.jpg/960px-Delhi_fort.jpg?utm_source=en.wikipedia.org&utm_campaign=api&utm_content=thumbnail
11545,Salimgarh Fort,Delhi,attraction,28.661,77.24,mid,4.0,535,"Built in 1546 by Salim Shah Suri on an island in the Yamuna River, later linked to the Red Fort by a bridge, used as a prison where Aurangzeb imprisoned his sister Roshanara and the British held Indian National Army (INA) officers.",Oct-Feb,https://thumb.wikimedia.org/wikipedia/commons/thumb/a/ac/Entry_to_salimgarh_Fort.JPG/960px-Entry_to_salimgarh_Fort.JPG?utm_source=en.wikipedia.org&utm_campaign=api&utm_content=thumbnail
11546,Shankar's International Dolls Museum ITO,Delhi,attraction,28.631944,77.241667,mid,4.9,23529,"Situated in the Children's Book Trust building on Bahadur Shah Zafar Marg near ITO, established in 1965 by the pioneering political cartoonist K. Shankar Pillai, Shankar's International Dolls Museum is one of the world's most comprehensive collections of international costume dolls, displaying over 7,000 authentic handcrafted dolls from more than 85 nations across Europe, Asia, Africa, and the Americas, alongside regional Indian traditional bridal, classical dance, and tribal costume dolls.",Oct-Mar,https://upload.wikimedia.org/wikipedia/commons/e/e5/National_Museum_New_Delhi_01.jpg
11547,Shri Digambar Jain Lal Mandir & Birds Charitable Hospital,Delhi,attraction,28.654722,77.237222,budget,4.9,12021,"Standing directly opposite the Red Fort at the eastern terminus of Chandni Chowk, founded in 1656 during the reign of Mughal Emperor Shah Jahan by an imperial army officer, Shri Digambar Jain Lal Mandir is the oldest and best-known Jain temple in Delhi, constructed of luminous red sandstone, dedicated to the 23rd Tirthankara Lord Parshvanatha, celebrated across the world for housing the unique Birds Charitable Hospital in its rear courtyard, which treats and rehabilitates over 15,000 injured wild and domestic birds annually completely free of cost.",Oct-Feb,https://thumb.wikimedia.org/wikipedia/commons/thumb/6/6c/Cave_of_sone_bhander.JPG/960px-Cave_of_sone_bhander.JPG
11548,Town Hall of Old Delhi & Victoria Square,Delhi,attraction,28.657778,77.228889,budget,4.4,2372,"Occupying a prominent garden square along the northern side of Chandni Chowk, completed in 1866 as the Lawrence Institute and subsequently serving as the municipal headquarters of the Municipal Corporation of Delhi (MCD) for over a century, Town Hall is an imposing Victorian yellow-brick and sandstone landmark featuring arched colonnades, Corinthian pediments, and a central square where a colossal bronze statue of Queen Victoria once stood (later replaced by the statue of Arya Samaj leader Swami Shraddhanand).",Oct-Feb,https://thumb.wikimedia.org/wikipedia/commons/thumb/f/fd/Jahanpanah_City_Forest_jogging_track.jpg/960px-Jahanpanah_City_Forest_jogging_track.jpg?utm_source=en.wikipedia.org&utm_campaign=api&utm_content=thumbnail
11549,EOD Adventure Park Sanjay Lake (Zip-Line & Boating),Delhi,attraction,28.619444,77.303889,budget,4.7,12847,"Situated along the scenic waterfront of Sanjay Lake in Mayur Vihar Phase II in East Delhi, operated in partnership with the DDA, EOD ('Every Other Day') Adventure Park is Delhi's premier multi-activity outdoor adventure destination, featuring Delhi's longest over-water zip-line, tree-top obstacle rope courses, professional archery ranges, bowling alleys, paintball arenas, body zorb balls, pedal boating on the lake, and dedicated kids' adventure zones.",Oct-Feb,https://thumb.wikimedia.org/wikipedia/commons/thumb/b/b8/Sanjay_Lake.jpg/960px-Sanjay_Lake.jpg?utm_source=en.wikipedia.org&utm_campaign=api&utm_content=thumbnail
11550,Sanjay Lake & Boating Park Mayur Vihar,Delhi,attraction,28.618056,77.301944,budget,4.9,19881,"Stretching across 17 hectares (42 acres) within a 69-hectare landscaped park in Mayur Vihar Phase II in East Delhi, developed in the 1970s by the DDA, Sanjay Lake is a vast artificial freshwater lake fed by rainwater runoff, featuring pedal and row boating facilities, shaded walking and fitness promenades, a dedicated children's play area, and serving as a seasonal resting haven for indigenous waterbirds such as cormorants, common teals, and spot-billed ducks.",Oct-Feb,https://thumb.wikimedia.org/wikipedia/commons/thumb/b/b8/Sanjay_Lake.jpg/960px-Sanjay_Lake.jpg?utm_source=en.wikipedia.org&utm_campaign=api&utm_content=thumbnail
11551,Swaminarayan Akshardham Temple Delhi,Delhi,attraction,28.6125,77.27722,budget,4.6,16976,"Inaugurated in 2005, a colossal 100-acre temple complex built from carved pink Rajasthani sandstone and Italian Carrara marble without using steel, featuring 234 carved pillars, 9 domes, and 20,000 carved sculptures.",Oct-Mar,https://thumb.wikimedia.org/wikipedia/commons/thumb/d/d2/Iskcon_Delhi_Temple.jpg/960px-Iskcon_Delhi_Temple.jpg?utm_source=en.wikipedia.org&utm_campaign=api&utm_content=thumbnail
11552,Agrasen ki Baoli,Delhi,attraction,28.626213,77.225048,budget,4.5,24974,"A 60-meter long and 15-meter wide ancient stepwell on Hailey Road believed to be originally built by legendary King Agrasen and rebuilt in the 14th century, featuring 108 stone steps descending through arched niches.",Oct-Feb,https://thumb.wikimedia.org/wikipedia/commons/thumb/2/28/Agrasen_ki_Baoli%2C_New_Delhi.jpg/960px-Agrasen_ki_Baoli%2C_New_Delhi.jpg?utm_source=en.wikipedia.org&utm_campaign=api&utm_content=thumbnail
11553,Amrit Udyan (Mughal Gardens Pavilion),Delhi,attraction,28.597524,77.247681,budget,4.4,5074,"Designed by Sir Edwin Lutyens combining Mughal charbagh canal architecture with English country cottage flowerbeds, featuring 159 varieties of roses, circular butterfly gardens, and cascading fountains inside Rashtrapati Bhavan.",Oct-Feb,https://thumb.wikimedia.org/wikipedia/commons/thumb/3/32/Mughal_Garden%2C_Rashtrapathi_Bhawan_-_panoramio.jpg/960px-Mughal_Garden%2C_Rashtrapathi_Bhawan_-_panoramio.jpg?utm_source=en.wikipedia.org&utm_campaign=api&utm_content=thumbnail
11554,Bara Gumbad & Mohammad Shah Tomb,Delhi,attraction,28.590991,77.218067,budget,4.6,24890,The monumental 1444 tomb of Sayyid ruler Muhammad Shah and the colossal Bara Gumbad (Big Dome) gateway constructed in 1494 with an attached three-domed mosque adorned with exquisite Arabic stucco calligraphy.,Oct-Feb,https://upload.wikimedia.org/wikipedia/commons/e/e6/Tomb_of_Bahlol_Lodi.JPG?utm_source=en.wikipedia.org&utm_campaign=api&utm_content=thumbnail_unscaled
11555,Birla Mandir (Laxminarayan Temple Mandir Marg),Delhi,attraction,28.623611,77.198889,budget,4.7,26270,"Situated on Mandir Marg west of Connaught Place, constructed between 1933 and 1939 by industrialist Baldeo Das Birla and his sons, Laxminarayan Temple (popularly known as Birla Mandir) was the first large-scale Hindu temple erected in modern Delhi, inaugurated in 1939 by Mahatma Gandhi on the strict condition that it must remain open to people of all castes, creeds, and faiths without discrimination, featuring red sandstone and marble Nagara shikhara spires soaring 49 meters, exquisite frescoes, and landscaped gardens with waterfalls.",Oct-Mar,https://thumb.wikimedia.org/wikipedia/commons/thumb/3/37/Laxminarayan_Temple_in_New_Delhi_03-2016.jpg/960px-Laxminarayan_Temple_in_New_Delhi_03-2016.jpg?utm_source=en.wikipedia.org&utm_campaign=api&utm_content=thumbnail
11556,Buddha Jayanti Park Southern Ridge,Delhi,attraction,28.608333,77.175,budget,4.9,7129,"Sprawling across 81 rolling acres of the forested Southern Ridge on Vandemataram Marg, laid out in 1956 to celebrate the 2,500th anniversary of Gautama Buddha's Mahaparinirvana, this beautifully landscaped park features rolling grassy hillocks, babbling artificial streams, rocky outcrops, an island pavilion dedicated by the 14th Dalai Lama in 1993 enshrining a gilded Buddha statue, and a sacred Bodhi tree sapling planted by Prime Minister Lal Bahadur Shastri in 1964, brought as a cutting from Sri Lanka's historic Jaya Sri Maha Bodhi.",Oct-Feb,https://thumb.wikimedia.org/wikipedia/commons/thumb/5/5c/Ruins_of_Sir_Thomas_Metcalfe%27s_Dilkusha_with_Qutub_Minar_in_the_background_02.jpg/960px-Ruins_of_Sir_Thomas_Metcalfe%27s_Dilkusha_with_Qutub_Minar_in_the_background_02.jpg?utm_source=en.wikipedia.org&utm_campaign=api&utm_content=thumbnail
11557,Cathedral Church of the Redemption,Delhi,attraction,28.618038,77.201978,budget,4.7,6130,"Designed by Henry Medd and opened in 1931 near Rashtrapati Bhavan, an elegant colonial church featuring massive red sandstone arches, high domes, and historic pipe organs.",Oct-Feb,https://upload.wikimedia.org/wikipedia/commons/3/37/Cathedral_Church_of_the_Redemption_-_New_Delhi.jpg?utm_source=en.wikipedia.org&utm_campaign=api&utm_content=thumbnail_unscaled
11558,Connaught Place (Rajiv Chowk),Delhi,attraction,28.63278,77.21972,budget,4.9,5088,"Constructed between 1929 and 1933, a grand Georgian-style circular market with three rings (Inner, Middle, Outer) lined with monumental white colonnades, flagship global brands, underground Palika Bazaar, and historic cafes.",Oct-Feb,https://upload.wikimedia.org/wikipedia/commons/b/bd/Tower_of_Thieves.JPG?utm_source=en.wikipedia.org&utm_campaign=api&utm_content=thumbnail_unscaled
11559,Delhi Golf Club (Historic 18-Hole Course with Lodi Tombs),Delhi,attraction,28.598611,77.238889,budget,4.7,6574,"Sprawling across 220 historic acres on Dr. Zakir Hussain Marg near Delhi Zoo and Lodhi Gardens, established in the 1930s and designed as an international 18-hole championship course, the Delhi Golf Club is globally unique: its rolling green fairways are studded with over 30 ancient, protected 15th-century Lodi and Mughal tombs, arched gateways, and pavilions (including the Tomb of Sayed Abid and Lal Bangla), while the surrounding mature forest shelters over 300 species of resident and migratory birds.",Oct-Feb,https://thumb.wikimedia.org/wikipedia/commons/thumb/f/f4/Begampur_Masjid.jpg/960px-Begampur_Masjid.jpg?utm_source=en.wikipedia.org&utm_campaign=api&utm_content=thumbnail
11560,Delhi Metro Museum Patel Chowk,Delhi,attraction,28.623333,77.213333,mid,4.7,8744,"Located inside the concourse of Patel Chowk Metro Station on the Yellow Line, inaugurated in December 2008 by the Delhi Metro Rail Corporation (DMRC), this is South Asia's first transit museum housed inside a working underground metro station, showcasing the engineering triumphs, tunnel-boring technology, soil management feats, historical development, and operational milestones of the world's most advanced urban mass transit system.",Oct-Mar,https://thumb.wikimedia.org/wikipedia/commons/thumb/6/6a/National-Rail-Museum-Entr%C3%A9e.JPG/960px-National-Rail-Museum-Entr%C3%A9e.JPG?utm_source=en.wikipedia.org&utm_campaign=api&utm_content=thumbnail
11561,Gandhi Smriti Museum (Birla House),Delhi,attraction,28.602724,77.214187,mid,4.5,14285,"The historic mansion where Mahatma Gandhi spent the final 144 days of his life and where he was assassinated on January 30, 1948, now housing the Eternal Gandhi multimedia exhibition and preserved bedroom.",Oct-Mar,https://thumb.wikimedia.org/wikipedia/commons/thumb/6/6a/National-Rail-Museum-Entr%C3%A9e.JPG/960px-National-Rail-Museum-Entr%C3%A9e.JPG?utm_source=en.wikipedia.org&utm_campaign=api&utm_content=thumbnail
11562,Gurudwara Rakab Ganj Sahib (Guru Tegh Bahadur Cremation Site),Delhi,attraction,28.618611,77.206944,budget,4.9,8116,"Standing on Pandit Pant Marg directly opposite the Parliament House complex, constructed in 1783 by Sikh military leader Sardar Baghel Singh, Gurudwara Rakab Ganj Sahib marks the deeply sacred historical site where the headless mortal remains of the ninth Sikh Guru, Guru Tegh Bahadur, were cremated under cover of darkness on 11 November 1675 by his devout disciple Lakhi Shah Vanjara, who burned down his own house to cremate the Guru's body without arousing the suspicion of Mughal guards, featuring an exquisite white Makrana marble palace surrounded by formal lawns.",Oct-Feb,https://thumb.wikimedia.org/wikipedia/commons/thumb/4/49/Front_view_of_Gurudwara_Bangla_Sahib%2C_Delhi.jpg/960px-Front_view_of_Gurudwara_Bangla_Sahib%2C_Delhi.jpg?utm_source=en.wikipedia.org&utm_campaign=api&utm_content=thumbnail
11563,Gurudwara Sri Bangla Sahib,Delhi,attraction,28.626546,77.209135,budget,4.9,8877,"Associated with the eighth Sikh Guru, Guru Har Krishan Ji, who stayed here in 1664 healing cholera victims, featuring a gleaming golden dome, a sacred curative water pool (sarovar), and a mega-langar kitchen.",Oct-Feb,https://thumb.wikimedia.org/wikipedia/commons/thumb/4/49/Front_view_of_Gurudwara_Bangla_Sahib%2C_Delhi.jpg/960px-Front_view_of_Gurudwara_Bangla_Sahib%2C_Delhi.jpg?utm_source=en.wikipedia.org&utm_campaign=api&utm_content=thumbnail
11564,India Gate & National War Memorial,Delhi,attraction,28.613765,77.229557,budget,4.8,76167,"Designed by Sir Edwin Lutyens in 1931, an iconic 42-meter triumphal arch commemorating 84,000 soldiers of the British Indian Army, adjacent to the concentric underground circles of the National War Memorial.",Oct-Feb,https://thumb.wikimedia.org/wikipedia/commons/thumb/5/5b/India_Gate_in_the_Evening.jpg/960px-India_Gate_in_the_Evening.jpg?utm_source=en.wikipedia.org&utm_campaign=api&utm_content=thumbnail
11565,Indira Gandhi Memorial Museum,Delhi,attraction,28.599949,77.206082,mid,4.8,14671,"The former official bungalow residence of Prime Minister Indira Gandhi, preserved as a public memorial museum showcasing her living rooms, study, personal library, and the glass pathway marking her final walk in 1984.",Oct-Mar,https://thumb.wikimedia.org/wikipedia/commons/thumb/f/fa/Climbing_Wall%2C_Indian_Mountaineering_Federation_center%2C_New_Delhi.jpg/960px-Climbing_Wall%2C_Indian_Mountaineering_Federation_center%2C_New_Delhi.jpg?utm_source=en.wikipedia.org&utm_campaign=imageinfo&utm_content=thumbnail
11566,Jantar Mantar Delhi,Delhi,attraction,28.627121,77.216616,budget,4.9,27139,"Constructed in 1724 by Maharaja Jai Singh II of Jaipur, an open-air astronomical observatory consisting of 13 colossal architectural astronomy instruments designed to compile astronomical tables and predict eclipses.",Oct-Feb,https://thumb.wikimedia.org/wikipedia/commons/thumb/9/98/Purana_Qila_01.jpg/960px-Purana_Qila_01.jpg?utm_source=en.wikipedia.org&utm_campaign=api&utm_content=thumbnail
11567,Lodhi Garden,Delhi,attraction,28.593026,77.219472,budget,4.8,15120,"A historic 90-acre park protecting grand 15th-century stone monuments of the Sayyid and Lodi dynasties (Bara Gumbad, Shisha Gumbad, Sikandar Lodi Tomb) set amidst manicured lawns, botanical trees, and rose gardens.",Oct-Feb,https://thumb.wikimedia.org/wikipedia/commons/thumb/1/13/IndraprasthaPark-Stupa-1.jpg/960px-IndraprasthaPark-Stupa-1.jpg?utm_source=en.wikipedia.org&utm_campaign=api&utm_content=thumbnail
11568,Mahipalpur Hunting Lodge of Firoz Shah Tughlaq,Delhi,hotel,28.543056,77.126389,budget,4.3,2614,"Standing on a high natural rocky ridge in Mahipalpur village near Delhi International Airport, constructed around 1370 CE by Sultan Firoz Shah Tughlaq, this imposing rubble stone hunting palace (Mahal) features an arched three-bay hall, vaulted corner pavilions, stone bastions, and a massive earthen-and-stone bund (embankment dam) that historically trapped rain runoff from the Aravalli hills to form a seasonal lake attracting waterfowl and wild game for royal hunting expeditions.",Oct-Feb,https://thumb.wikimedia.org/wikipedia/commons/thumb/1/16/Malcha_Mahal.jpg/960px-Malcha_Mahal.jpg?utm_source=en.wikipedia.org&utm_campaign=api&utm_content=thumbnail
11569,Malcha Mahal (Sultanate Hunting Lodge) Central Ridge,Delhi,hotel,28.598611,77.170278,budget,4.7,8287,"Concealed deep in the wilderness of the Southern Ridge near the Earth Station on Malcha Marg, constructed around 1325 CE by Sultan Muhammad bin Tughlaq, Malcha Mahal (historically known as Wilayat Mahal) is a secluded rubble stone hunting palace built atop a rocky volcanic outcrop, featuring three arched bays, a massive stone terrace, and vaulted halls, famously shrouded in modern tragedy as the reclusive sanctuary where the eccentric self-proclaimed royal family of Oudh (Begum Wilayat Mahal and Prince Ali Raza) lived in total isolation for decades.",Oct-Feb,https://thumb.wikimedia.org/wikipedia/commons/thumb/8/84/St._James_Church_9.jpg/960px-St._James_Church_9.jpg?utm_source=en.wikipedia.org&utm_campaign=api&utm_content=thumbnail
11570,National Crafts Museum & Hastkala Academy Pragati Maidan,Delhi,attraction,28.613333,77.243056,mid,4.6,16046,"Situated near Purana Qila on Bhairon Marg, established in 1956 and designed by legendary architect Charles Correa, the National Crafts Museum & Hastkala Academy is one of India's largest and most vibrant ethnographic cultural centers, housing over 35,000 rare traditional tribal and folk artifacts, textiles, terracotta sculptures, wooden temple chariots, and brass metalwork, featuring a charming Village Complex with authentic mud-and-thatch rural dwellings from different Indian states where master craftspeople demonstrate traditional weaving, pottery, and metal casting live.",Oct-Mar,https://thumb.wikimedia.org/wikipedia/commons/thumb/6/6e/Polska_Krak%C3%B3w_ul._Twardowskiego_16_Narodowe_Centrum_Nauki_%281%29.jpg/960px-Polska_Krak%C3%B3w_ul._Twardowskiego_16_Narodowe_Centrum_Nauki_%281%29.jpg?utm_source=en.wikipedia.org&utm_campaign=api&utm_content=thumbnail
11571,National Gallery of Modern Art (NGMA Jaipur House),Delhi,attraction,28.610556,77.234167,budget,4.9,11547,"Situated at the India Gate hexagon, housed in the opulent 1936 butterfly-shaped neoclassical palace of the Maharaja of Jaipur ('Jaipur House'), the National Gallery of Modern Art (NGMA) is India's premier institution for modern and contemporary visual art, preserving an extraordinary collection of over 17,000 artworks spanning from the mid-19th century to the present, including iconic masterpieces by Raja Ravi Varma, Amrita Sher-Gil, Rabindranath Tagore, Nandalal Bose, Jamini Roy, and M.F. Husain.",Oct-Feb,https://thumb.wikimedia.org/wikipedia/commons/thumb/a/aa/%E0%A4%B6%E0%A4%BF%E0%A4%B2%E0%A5%8D%E0%A4%AA_%E0%A4%B8%E0%A4%82%E0%A4%97%E0%A5%8D%E0%A4%B0%E0%A4%B9%E0%A4%BE%E0%A4%B2%E0%A4%AF_%E0%A4%95%E0%A4%BE_%E0%A4%AA%E0%A5%8D%E0%A4%B0%E0%A4%B5%E0%A5%85%E0%A4%B6_%E0%A4%A6%E0%A5%8D%E0%A4%B5%E0%A4%BE%E0%A4%B0.jpg/960px-%E0%A4%B6%E0%A4%BF%E0%A4%B2%E0%A5%8D%E0%A4%AA_%E0%A4%B8%E0%A4%82%E0%A4%97%E0%A5%8D%E0%A4%B0%E0%A4%B9%E0%A4%BE%E0%A4%B2%E0%A4%AF_%E0%A4%95%E0%A4%BE_%E0%A4%AA%E0%A5%8D%E0%A4%B0%E0%A4%B5%E0%A5%85%E0%A4%B6_%E0%A4%A6%E0%A5%8D%E0%A4%B5%E0%A4%BE%E0%A4%B0.jpg?utm_source=en.wikipedia.org&utm_campaign=api&utm_content=thumbnail
11572,National Museum New Delhi,Delhi,attraction,28.611811,77.219262,mid,4.9,25607,"Established in 1949, India's premier museum holding over 200,000 works of art spanning five millennia, including the famous Harappan Dancing Girl, Buddhist sacred relics, miniature paintings, and Tanjore art.",Oct-Mar,https://thumb.wikimedia.org/wikipedia/commons/thumb/1/1e/Antriksha_Master.jpg/960px-Antriksha_Master.jpg?utm_source=en.wikipedia.org&utm_campaign=imageinfo&utm_content=thumbnail
11573,National Museum of Natural History (FICCI / MoEFCC),Delhi,attraction,28.628889,77.233056,mid,4.6,4998,"Operating under the Ministry of Environment, Forest and Climate Change (MoEFCC), this premier educational institution is devoted to environmental education and biodiversity awareness, presenting temporary and traveling exhibitions, hands-on discovery rooms, interactive wildlife dioramas, botanical fossil casts, and ecological models highlighting the fragile marine and terrestrial ecosystems of the Indian subcontinent.",Oct-Mar,https://thumb.wikimedia.org/wikipedia/commons/thumb/e/ea/National_Museum_of_Natural_History_-_2026_%2855255088887%29.jpg/960px-National_Museum_of_Natural_History_-_2026_%2855255088887%29.jpg?utm_source=en.wikipedia.org&utm_campaign=api&utm_content=thumbnail
11574,National Philatelic Museum Dak Bhawan,Delhi,attraction,28.621944,77.211944,mid,4.0,657,"Situated on the ground floor of Dak Bhawan on Sansad Marg (Parliament Street) near Patel Chowk, operated by the Department of Posts, the National Philatelic Museum is India's flagship postal museum, housing an extraordinary chronological collection of thousands of rare postage stamps, including the historic Scinde Dawk (Asia's first adhesive stamp issued in 1852), the 1854 Four Annas two-colored lithograph, pre-independence Princely State postal issues, Mahatma Gandhi 1948 memorial stamps, and vintage post-boxes.",Oct-Mar,https://thumb.wikimedia.org/wikipedia/commons/thumb/e/ea/National_Museum_of_Natural_History_-_2026_%2855255088887%29.jpg/960px-National_Museum_of_Natural_History_-_2026_%2855255088887%29.jpg?utm_source=en.wikipedia.org&utm_campaign=api&utm_content=thumbnail
11575,National Rail Museum New Delhi,Delhi,attraction,28.58472,77.18139,mid,4.9,21322,"Spread over 11 acres in Chanakyapuri, India's premier rail museum showcasing the 1855 Fairy Queen (world's oldest working steam locomotive), royal salon cars of the Maharajas, and an operating outdoor 1:8 scale heritage joy train.",Oct-Mar,https://thumb.wikimedia.org/wikipedia/commons/thumb/6/6a/National-Rail-Museum-Entr%C3%A9e.JPG/960px-National-Rail-Museum-Entr%C3%A9e.JPG?utm_source=en.wikipedia.org&utm_campaign=api&utm_content=thumbnail
11576,Nehru Park Chanakyapuri,Delhi,attraction,28.59078,77.192837,budget,4.6,23298,"An 80-acre undulating landscaped park in the diplomatic heart of Chanakyapuri, featuring sprawling lawns, blooming seasonal flowers, and a natural amphitheater hosting prestigious morning classical music concerts.",Oct-Feb,https://thumb.wikimedia.org/wikipedia/commons/thumb/d/d0/Sun_clock_inside_the_Garden_of_Five_Senses.jpg/960px-Sun_clock_inside_the_Garden_of_Five_Senses.jpg?utm_source=en.wikipedia.org&utm_campaign=api&utm_content=thumbnail
11577,Pracheen Hanuman Mandir Connaught Place (Pandava Era),Delhi,attraction,28.628056,77.213333,budget,4.9,12955,"Situated on Baba Kharak Singh Marg near Connaught Place, Pracheen Hanuman Mandir is revered as one of the five original temples of Delhi founded by the Pandavas after the Kurukshetra war in the Mahabharata, extensively renovated in 1724 by Maharaja Jai Singh II of Jaipur, famous for its south-facing idol of Lord Hanuman, its silver-embossed ceilings, its Guinness World Record 24-hour continuous chanting of the 'Sri Ram Jai Ram Jai Jai Ram' mantra unbroken since 1 August 1964, and the vibrant henna (mehndi) artists lining its outer veranda.",Oct-Feb,https://thumb.wikimedia.org/wikipedia/commons/thumb/d/d2/Iskcon_Delhi_Temple.jpg/960px-Iskcon_Delhi_Temple.jpg?utm_source=en.wikipedia.org&utm_campaign=api&utm_content=thumbnail
11578,Pradhanmantri Sangrahalaya & Nehru Planetarium (Teen Murti),Delhi,attraction,28.602778,77.198889,budget,4.7,7677,"Sprawling across the historic 25-acre Teen Murti Estate (the former residence of Commander-in-Chief of the British Indian Army and later of Prime Minister Jawaharlal Nehru), inaugurated in April 2022, Pradhanmantri Sangrahalaya is a cutting-edge technological and biographical museum honoring the contributions of every Prime Minister of India since 1947, featuring interactive holographic displays, virtual reality time-travel rides, kinetic art installations, and the historic Nehru Memorial Museum, alongside the Nehru Planetarium presenting sky theatre astronomical shows.",Oct-Feb,https://upload.wikimedia.org/wikipedia/commons/e/e5/National_Museum_New_Delhi_01.jpg
11579,Qila-i-Kuhna Mosque Purana Qila,Delhi,attraction,28.608889,77.243611,budget,4.8,28755,"Standing majestically within the inner lawns of Purana Qila, constructed in 1541 CE by Afghan Emperor Sher Shah Suri, Qila-i-Kuhna ('Mosque of the Old Fort') is universally recognized by architectural historians as the glorious pinnacle of the pre-Mughal Sultanate style, featuring a five-bay facade adorned with sharply delineated horseshoe arches, multi-colored marble and red sandstone inlays, calligraphic bands, jharokha balconies, and an interior central dome of breathtaking proportions.",Oct-Feb,https://thumb.wikimedia.org/wikipedia/commons/thumb/d/d2/Tomb_of_Humayun%2C_Delhi.jpg/960px-Tomb_of_Humayun%2C_Delhi.jpg?utm_source=en.wikipedia.org&utm_campaign=api&utm_content=thumbnail
11580,Rashtrapati Bhavan,Delhi,attraction,28.614536,77.199527,budget,4.9,17338,"Completed in 1929, the monumental 340-room neoclassical mansion designed by Sir Edwin Lutyens on Raisina Hill, one of the largest presidential residences in the world, featuring the copper-domed Durbar Hall.",Oct-Feb,https://thumb.wikimedia.org/wikipedia/commons/thumb/f/fd/Rashrapati_Bhavan_in_September_2024.jpg/960px-Rashrapati_Bhavan_in_September_2024.jpg?utm_source=en.wikipedia.org&utm_campaign=api&utm_content=thumbnail
11581,Safdarjung Tomb,Delhi,attraction,28.58964,77.210536,budget,4.5,29531,"Built in 1754 for Nawab Safdarjung, Prime Minister of the Mughal Empire, the last monumental charbagh garden tomb of the Mughal style, featuring red and brownish-yellow sandstone and nine-fold floor plans.",Oct-Feb,https://thumb.wikimedia.org/wikipedia/commons/thumb/4/48/Fatehpuri_Masjid_in_Delhi_19.jpg/960px-Fatehpuri_Masjid_in_Delhi_19.jpg?utm_source=en.wikipedia.org&utm_campaign=api&utm_content=thumbnail
11582,Samvidhan Sadan (Old Parliament House),Delhi,attraction,28.617189,77.208084,budget,4.5,17460,"Designed by Sir Edwin Lutyens and Sir Herbert Baker and opened in 1927, the iconic circular colonnaded building with 144 granite pillars where the Constitution of India was drafted and adopted.",Oct-Feb,https://thumb.wikimedia.org/wikipedia/commons/thumb/b/b8/New_Delhi_government_block_03-2016_img3.jpg/960px-New_Delhi_government_block_03-2016_img3.jpg?utm_source=en.wikipedia.org&utm_campaign=api&utm_content=thumbnail
11583,Sher Mandal (Humayun's Astronomical Library Observatory),Delhi,attraction,28.608056,77.243889,budget,4.9,16690,"Standing on the highest elevation within Purana Qila, originally commenced by Sher Shah Suri and completed around 1555 by Mughal Emperor Humayun as his personal astronomical observatory and royal library, Sher Mandal is an elegant two-storey octagonal red sandstone and white marble tower crowned by a domed chhatri, renowned in Indian history as the fateful site where on 24 January 1556 Humayun, rushing down the steep stone stairs upon hearing the evening call to prayer (Azan), slipped on his robe and died from his injuries.",Oct-Feb,https://thumb.wikimedia.org/wikipedia/commons/thumb/8/8e/Sher_Mandal_-_Old_Fort_-_New_Delhi_2014-05-13_2911.JPG/960px-Sher_Mandal_-_Old_Fort_-_New_Delhi_2014-05-13_2911.JPG?utm_source=en.wikipedia.org&utm_campaign=api&utm_content=thumbnail
11584,Sher Shah Suri Gate (Lal Darwaza) & Khair-ul-Manazil,Delhi,attraction,28.609722,77.240556,budget,4.6,9099,"Standing on Mathura Road directly opposite the entrance to Purana Qila, Lal Darwaza (Sher Shah Suri Gate) is a monumental red sandstone and local quartzite gateway built around 1540 as the northern ceremonial portal to Sher Shah's fortified city of Shergarh; directly adjacent stands Khair-ul-Manazil ('Auspicious of Houses'), a magnificent two-storey madrasa and mosque complex built in 1561 by Maham Anga (Akbar's influential wet-nurse and foster mother), famous historically as the site where an assassin shot an arrow at Emperor Akbar in 1564.",Oct-Feb,https://thumb.wikimedia.org/wikipedia/commons/thumb/2/2a/Delhi_fort.jpg/960px-Delhi_fort.jpg?utm_source=en.wikipedia.org&utm_campaign=api&utm_content=thumbnail
11585,Sikandar Lodi Tomb,Delhi,attraction,28.596125,77.221532,budget,4.6,8996,"Built in 1517 by his son Ibrahim Lodi, the fortified tomb of Sultan Sikandar Lodi, notable in Indian architectural history as the earliest surviving monument featuring a double dome within an enclosed garden.",Oct-Feb,https://thumb.wikimedia.org/wikipedia/commons/thumb/3/3e/The_North_side_view_of_the_Moth_Ki_Masjid.JPG/960px-The_North_side_view_of_the_Moth_Ki_Masjid.JPG?utm_source=en.wikipedia.org&utm_campaign=api&utm_content=thumbnail
11586,Supreme Court Museum of India,Delhi,attraction,28.623611,77.238889,mid,3.9,1137,"Situated within the majestic Supreme Court complex on Tilak Marg, inaugurated in 2004, the Supreme Court Museum of India documents the profound evolutionary history of the Indian justice system from ancient Ashokan and Dharmashastra jurisprudence to Mughal royal decrees (firmans), British colonial High Courts, and the modern constitutional court, displaying rare original legal manuscripts, authentic seals of Mughal qazis, courtroom wigs, and original copies of landmark historic verdicts.",Oct-Mar,https://thumb.wikimedia.org/wikipedia/commons/thumb/a/aa/%E0%A4%B6%E0%A4%BF%E0%A4%B2%E0%A5%8D%E0%A4%AA_%E0%A4%B8%E0%A4%82%E0%A4%97%E0%A5%8D%E0%A4%B0%E0%A4%B9%E0%A4%BE%E0%A4%B2%E0%A4%AF_%E0%A4%95%E0%A4%BE_%E0%A4%AA%E0%A5%8D%E0%A4%B0%E0%A4%B5%E0%A5%85%E0%A4%B6_%E0%A4%A6%E0%A5%8D%E0%A4%B5%E0%A4%BE%E0%A4%B0.jpg/960px-%E0%A4%B6%E0%A4%BF%E0%A4%B2%E0%A5%8D%E0%A4%AA_%E0%A4%B8%E0%A4%82%E0%A4%97%E0%A5%8D%E0%A4%B0%E0%A4%B9%E0%A4%BE%E0%A4%B2%E0%A4%AF_%E0%A4%95%E0%A4%BE_%E0%A4%AA%E0%A5%8D%E0%A4%B0%E0%A4%B5%E0%A5%85%E0%A4%B6_%E0%A4%A6%E0%A5%8D%E0%A4%B5%E0%A4%BE%E0%A4%B0.jpg?utm_source=en.wikipedia.org&utm_campaign=api&utm_content=thumbnail
11587,Coronation Memorial Delhi,Delhi,attraction,28.723013,77.19676,budget,4.7,4735,"The historic ceremonial amphitheater where King George V and Queen Mary were proclaimed Emperor and Empress of India in the 1911 Delhi Durbar, and where the shift of India's capital from Calcutta to Delhi was announced.",Oct-Feb,https://thumb.wikimedia.org/wikipedia/commons/thumb/3/3f/Jantar_Mantar_at_Jaipur.jpg/960px-Jantar_Mantar_at_Jaipur.jpg?utm_source=en.wikipedia.org&utm_campaign=api&utm_content=thumbnail
11588,Dara Shikoh Library Building Kashmere Gate,Delhi,attraction,28.665833,77.234444,budget,4.3,3029,"Situated within the Kashmere Gate campus of Dr. B.R. Ambedkar University, originally built in 1637 CE as the private riverside palace library of Prince Dara Shikoh (the erudite eldest son of Shah Jahan who translated the Upanishads into Persian as 'Sirr-i-Akbar'), this layered historic monument was later transformed in 1803 into the British Residency of Sir David Ochterlony with classical Corinthian colonnades, subsequently housing Delhi College, and today meticulously conserved by the Delhi Archaeology Department as the Museum of Delhi's City History.",Oct-Feb,https://thumb.wikimedia.org/wikipedia/commons/thumb/c/ca/Octagonal_pavilion_and_hypostyle_hall.jpg/960px-Octagonal_pavilion_and_hypostyle_hall.jpg?utm_source=en.wikipedia.org&utm_campaign=api&utm_content=thumbnail
11589,Dr. B.R. Ambedkar National Memorial 26 Alipur Road,Delhi,attraction,28.675,77.221667,budget,4.9,27229,"Standing on 26 Alipur Road in Civil Lines, constructed on the sacred site where the Chief Architect of the Indian Constitution, Bharat Ratna Dr. Bhimrao Ramji Ambedkar, lived his final years and attained Mahaparinirvana on 6 December 1956, dedicated to the nation in April 2018, this monumental memorial is engineered in the symbolic architectural form of an open book representing the Constitution of India, featuring interactive digital galleries, life-size animatronics, personal belongings, and a tranquil meditation hall.",Oct-Feb,https://thumb.wikimedia.org/wikipedia/commons/thumb/f/fd/Jahanpanah_City_Forest_jogging_track.jpg/960px-Jahanpanah_City_Forest_jogging_track.jpg?utm_source=en.wikipedia.org&utm_campaign=api&utm_content=thumbnail
11590,Flagstaff Tower Northern Ridge,Delhi,attraction,28.683611,77.213333,budget,4.5,6200,"Standing on the highest natural elevation of the Northern Ridge within the Kamla Nehru Ridge Forest, built around 1828 by the British Indian military as a signal tower and cantonment lookout, Flagstaff Tower is a circular, castellated one-storey brick and plaster bastion that played a dramatic role on 11 May 1857, when surviving British officers, women, and children fled here under siege from the mutinous Sepoy troops in Old Delhi, holding out desperately until dusk before fleeing on horse-carts toward Karnal and Ambala.",Oct-Feb,https://thumb.wikimedia.org/wikipedia/commons/thumb/4/4c/Mutiny_Ajitgarh.jpg/960px-Mutiny_Ajitgarh.jpg?utm_source=en.wikipedia.org&utm_campaign=api&utm_content=thumbnail
11591,Gurudwara Majnu Ka Tilla (Yamuna Riverbank Shrine),Delhi,attraction,28.701944,77.228889,budget,4.9,6019,"Perched on an elevated natural mound overlooking the Yamuna River along the Ring Road in North Delhi, founded in the late 15th century during the reign of Sultan Sikandar Lodi, Gurudwara Majnu Ka Tilla commemorates the sacred site where the first Sikh Guru, Guru Nanak Dev Ji, met and spiritually enlightened the Iranian Muslim hermit Abdullah (nicknamed 'Majnu' for his ecstatic devotion), and where the sixth Sikh Guru, Guru Hargobind Ji, camped during his stay in Delhi in the 17th century at the invitation of Emperor Jahangir.",Oct-Feb,https://thumb.wikimedia.org/wikipedia/commons/thumb/6/6a/Sisganj_GUrudwara_in_Old_Delhi.jpg4.jpg/960px-Sisganj_GUrudwara_in_Old_Delhi.jpg4.jpg?utm_source=en.wikipedia.org&utm_campaign=api&utm_content=thumbnail
11592,Kamla Nehru Ridge Forest & Biodiversity Trails,Delhi,attraction,28.679167,77.213889,budget,4.9,18799,"Encompassing 87 hectares of historic protected forest on the Northern Ridge bordering Delhi University North Campus, Kamla Nehru Ridge is an oasis of dense urban woodland preserving centuries-old dhau, neem, and keekar canopies, interconnected walking and jogging trails, vibrant bird populations (including flycatchers, parakeets, and owls), and historic colonial landmarks including Khooni Khan Lake, the British Flagstaff Tower, and Chauburji Mosque.",Oct-Feb,https://thumb.wikimedia.org/wikipedia/commons/thumb/f/fd/Rashrapati_Bhavan_in_September_2024.jpg/960px-Rashrapati_Bhavan_in_September_2024.jpg?utm_source=en.wikipedia.org&utm_campaign=api&utm_content=thumbnail
11593,Mutiny Memorial (Ajitgarh) Northern Ridge,Delhi,attraction,28.670278,77.208611,budget,4.1,655,"Rising 33 meters (108 feet) above the forested crest of the Northern Ridge on Rani Jhansi Road near Hindu Rao Hospital, erected in 1863 by the British Public Works Department in the Victorian Gothic style, this octagonal red sandstone spire resembles a medieval cathedral bell-tower, adorned with marble inscription plaques recording the military casualties of the 1857 Siege of Delhi, rededicated in 1972 on the 25th anniversary of Indian Independence as 'Ajitgarh' with an inscription honoring Indian freedom fighters who fell resisting colonial rule.",Oct-Feb,https://thumb.wikimedia.org/wikipedia/commons/thumb/f/fd/Rashrapati_Bhavan_in_September_2024.jpg/960px-Rashrapati_Bhavan_in_September_2024.jpg?utm_source=en.wikipedia.org&utm_campaign=api&utm_content=thumbnail
11594,Qudsia Bagh & 18th-Century Baradari,Delhi,attraction,28.669444,77.228889,budget,4.7,2270,"Situated on Shamnath Marg near Kashmere Gate, laid out in 1748 CE by Qudsia Begum (the consort of Mughal Emperor Muhammad Shah 'Rangeela' and mother of Emperor Ahmad Shah Bahadur), Qudsia Bagh was a lavish 50-acre Persian-style riverfront pleasure garden, preserving its monumental double-storey red sandstone entrance gateway, an intact 18th-century stone baradari (pleasure pavilion with 12 arched openings), an ornate three-domed royal mosque, and expansive green lawns that played a pivotal strategic role as a British artillery battery position during the 1857 Siege of Delhi.",Oct-Feb,https://thumb.wikimedia.org/wikipedia/commons/thumb/f/f4/Begampur_Masjid.jpg/960px-Begampur_Masjid.jpg?utm_source=en.wikipedia.org&utm_campaign=api&utm_content=thumbnail
11595,Roshanara Garden & Tomb of Roshanara Begum,Delhi,attraction,28.675,77.2,budget,4.4,18269,"Sprawling across a vast leafy expanse in north Delhi near Subzi Mandi, laid out in 1650 CE by Princess Roshanara Begum (the brilliant, politically influential second daughter of Emperor Shah Jahan and fierce supporter of Aurangzeb during the Mughal war of succession), this historic Mughal charbagh garden surrounds her open-air white marble tomb pavilion, featuring an ornate central baradari with fluted arches, carved stone jali screens, tranquil water channels, ancient trees, and the historic Roshanara Cricket Club (where the BCCI was founded in 1928).",Oct-Feb,https://upload.wikimedia.org/wikipedia/commons/e/e6/Tomb_of_Bahlol_Lodi.JPG?utm_source=en.wikipedia.org&utm_campaign=api&utm_content=thumbnail_unscaled
11596,St. James' Church (Skinner's Church),Delhi,hotel,28.665637,77.230784,budget,4.7,6582,"Consecrated in 1836 by Colonel James Skinner in gratitude for surviving the battle of Uniara, an elegant neoclassical cruciform church with an octagonal dome, copper cross, and historic European graves.",Oct-Feb,https://thumb.wikimedia.org/wikipedia/commons/thumb/8/84/St._James_Church_9.jpg/960px-St._James_Church_9.jpg?utm_source=en.wikipedia.org&utm_campaign=api&utm_content=thumbnail
11597,"Wazirabad Mosque, Tomb & Firoz Shah's Bridge",Delhi,attraction,28.711944,77.228889,budget,4.4,529,"Situated on the banks of the Yamuna River in North Delhi near the Wazirabad Barrage, this remarkable medieval complex was founded in the late 14th century by Sultan Firoz Shah Tughlaq, comprising a multi-arched stone bridge-cum-weir spanning a former Yamuna tributary, an ornate three-domed mosque with projecting jharokha balconies, and the serene open-air white-domed tomb of the revered 14th-century Sufi saint Shah Alam (known affectionately as 'Chhote Shah Alam').",Oct-Feb,https://thumb.wikimedia.org/wikipedia/commons/thumb/f/f4/Begampur_Masjid.jpg/960px-Begampur_Masjid.jpg?utm_source=en.wikipedia.org&utm_campaign=api&utm_content=thumbnail
11598,Yamuna Biodiversity Park Wazirabad,Delhi,attraction,28.747222,77.221667,budget,4.9,23452,"Situated on the active floodplain of the Yamuna River near Wazirabad in North Delhi, spanning 457 acres of restored wetlands, grasslands, and riverine riparian forests, Yamuna Biodiversity Park is an internationally acclaimed ecological conservation triumph developed by DDA and Delhi University scientists, featuring two large engineered shallow wetlands that host up to 5,000 migratory waterfowl annually (including northern pintails, ferruginous poachers, and bar-headed geese), a herbal garden, and a fruit conservatory.",Oct-Feb,https://thumb.wikimedia.org/wikipedia/commons/thumb/3/32/Mughal_Garden%2C_Rashtrapathi_Bhawan_-_panoramio.jpg/960px-Mughal_Garden%2C_Rashtrapathi_Bhawan_-_panoramio.jpg?utm_source=en.wikipedia.org&utm_campaign=api&utm_content=thumbnail
11599,Adventure Island & Metro Walk Rohini,Delhi,attraction,28.718889,77.108333,budget,4.6,5498,"Sprawling across 62 acres adjacent to Rithala Metro Station in Rohini Sector 10, Adventure Island is a premier world-class amusement theme park and open-air retail promenade ('Metro Walk'), featuring 25 thrilling international-standard rides (including the Z-Force drop tower, Twister roller coaster, Lightning Bug, and Sky Riders), a large man-made water lagoon, splash pools, water coasters, and an entertainment boardwalk lined with waterfront restaurants.",Oct-Feb,https://thumb.wikimedia.org/wikipedia/commons/thumb/f/f3/Gandhi_Memorial.jpg/960px-Gandhi_Memorial.jpg?utm_source=en.wikipedia.org&utm_campaign=api&utm_content=thumbnail
11600,Bawana Zail Historic Fortress Delhi,Delhi,attraction,28.797222,77.038889,mid,4.7,8960,"Standing prominently in the historic village center of Bawana in northwest Delhi, constructed around the 1860s during the British colonial era by the local revenue heads ('Zaildars'), Bawana Zail (or Bawana Jail) is a unique fortified brick compound featuring towering corner bastions, rifle loopholes, heavy iron-plated wooden gates, and arched prison lock-ups, which later served as a secret base for Indian freedom fighters during the 1942 Quit India Movement.",Oct-Feb,https://thumb.wikimedia.org/wikipedia/commons/thumb/f/f1/Alai_Darwaza.JPG/960px-Alai_Darwaza.JPG?utm_source=en.wikipedia.org&utm_campaign=api&utm_content=thumbnail
11601,Dilli Haat Pitampura & Janakpuri Cultural Bazaars,Delhi,attraction,28.697222,77.143056,budget,4.9,14520,"Comprising Delhi Tourism's two sister cultural haat complexes in North and West Delhi—Dilli Haat Pitampura (adjoining TV Tower on 7.2 acres with an amphitheatre, spice court, and art gallery) and Dilli Haat Janakpuri (spanning 8 acres designed with modern bamboo pavilions, a 800-seat outdoor amphitheatre, and 100 craft stalls)—these expansive centers provide vibrant regional venues for live folk music festivals, handicraft exhibitions, and pan-Indian culinary events.",Oct-Feb,https://thumb.wikimedia.org/wikipedia/commons/thumb/e/ea/National_Museum_of_Natural_History_-_2026_%2855255088887%29.jpg/960px-National_Museum_of_Natural_History_-_2026_%2855255088887%29.jpg?utm_source=en.wikipedia.org&utm_campaign=api&utm_content=thumbnail
11602,Guru Tegh Bahadur Memorial Singhu Border GT Karnal Road,Delhi,attraction,28.847222,77.126389,budget,4.4,1463,"Occupying an expansive 20-acre landscaped complex along National Highway 44 (GT Karnal Road) near the Singhu border in North West Delhi, constructed in 2011 by the Delhi Tourism and Transportation Development Corporation (DTTDC), this monumental national memorial honors Guru Tegh Bahadur, featuring a central red sandstone pylon soaring 24 meters into the sky representing the Guru, surrounded by ten radiating petal-shaped brick and stone monoliths symbolizing the ten Sikh Gurus and their eternal teachings.",Oct-Feb,https://thumb.wikimedia.org/wikipedia/commons/thumb/0/0d/Sunder_Nursery_Sep-2019.jpg/960px-Sunder_Nursery_Sep-2019.jpg?utm_source=en.wikipedia.org&utm_campaign=api&utm_content=thumbnail
11603,Shalimar Garden & Sheesh Mahal (Aurangzeb's Coronation Site),Delhi,attraction,28.713889,77.161111,budget,4.2,2688,"Situated in Shalimar Bagh in northwest Delhi, laid out in 1653 CE by Mughal Emperor Shah Jahan for his wife Izz-un-Nisa Begum (Akbarabadi Mahal) as an imperial staging camp on the Grand Trunk Road to Lahore and Kashmir, this lavish Mughal garden is renowned in world history as the exact site where Emperor Aurangzeb had his royal coronation ceremony on 31 July 1658 following the defeat of his brother Dara Shikoh, preserving the elegant Sheesh Mahal pavilion adorned with painted floral ceilings, arched verandas, and cascading water terraces.",Oct-Feb,https://thumb.wikimedia.org/wikipedia/commons/thumb/9/98/Purana_Qila_01.jpg/960px-Purana_Qila_01.jpg?utm_source=en.wikipedia.org&utm_campaign=api&utm_content=thumbnail
11604,Adham Khan's Tomb (Bhool Bhulaiya Mehrauli),Delhi,attraction,28.524444,77.182222,budget,4.7,5151,"Perched on the ancient ramparts of Lal Kot just north of Mehrauli bus terminal, commissioned in 1562 CE by Mughal Emperor Akbar for his foster-brother and general Adham Khan (whom Akbar had thrown twice from the Agra Fort terrace for assassinating Prime Minister Atgah Khan), this imposing gray stone and red sandstone octagonal tomb is built in the Sur/Lodi style rather than contemporary Mughal style (a deliberate architectural slight by Akbar), locally called 'Bhool Bhulaiya' ('The Labyrinth') due to a maze of narrow vaulted passageways concealed within the thickness of its upper dome walls.",Oct-Feb,https://thumb.wikimedia.org/wikipedia/commons/thumb/3/31/AdamKhanTomb.jpg/960px-AdamKhanTomb.jpg?utm_source=en.wikipedia.org&utm_campaign=api&utm_content=thumbnail
11605,Alai Darwaza & Alai Minar Qutub Complex,Delhi,attraction,28.523889,77.185556,budget,4.4,29556,"Situated within the southern and northern sectors of the Qutub Complex, built in 1311 CE by Sultan Alauddin Khalji, Alai Darwaza is the celebrated southern ceremonial gateway to the Quwwat-ul-Islam Mosque, hailed by art historians as the first monument in India built with true arches, true domes, and Islamic horseshoe arched screens carved in red sandstone and white marble; while to the north stands the massive rubble core of the Alai Minar, conceived by Khalji to stand twice as tall as the Qutub Minar (at 145 meters) before his death in 1316 halted construction at 24.5 meters.",Oct-Feb,https://thumb.wikimedia.org/wikipedia/commons/thumb/a/a2/Jamali_Kamali_mosque1.jpg/960px-Jamali_Kamali_mosque1.jpg?utm_source=en.wikipedia.org&utm_campaign=api&utm_content=thumbnail
11606,Anangtal Baoli & Ancient Tomar Reservoir,Delhi,attraction,28.525833,77.181389,budget,4.3,3001,"Tucked in the dense forest grove behind the Qutub Complex within Mehrauli Archaeological Park, Anangtal is an ancient 11th-century stone step-reservoir engineered by the Rajput King Anangpal II Tomar around 1060 CE (the monarch who founded Lal Kot, Delhi's first historic fortified city), featuring ancient dressed quartzite block masonry, terraced steps descending to a natural catchment basin, and recently declared a Monument of National Importance by the Government of India in 2022.",Oct-Feb,https://thumb.wikimedia.org/wikipedia/commons/thumb/b/b8/Sanjay_Lake.jpg/960px-Sanjay_Lake.jpg?utm_source=en.wikipedia.org&utm_campaign=api&utm_content=thumbnail
11607,Asola Bhatti Wildlife Sanctuary & Surajkund Slopes,Delhi,attraction,28.472222,77.252778,budget,4.4,28284,"Sprawling across 6,874 acres (27.8 sq km) of the rugged southern Aravalli ridge on the Delhi-Haryana border near Tughlaqabad, the Asola Bhatti Wildlife Sanctuary is Delhi's largest and wildest protected wilderness, supporting dry deciduous scrub forests, deep quartzite ravines, and spectacular sapphire-blue flooded quarry lakes (including Neelkanth Lake and Bhardwaj Lake), serving as a thriving habitat for confirmed breeding populations of wild leopards, striped hyenas, golden jackals, blackbucks, and the Conservation Education Centre (CEC).",Oct-Feb,https://thumb.wikimedia.org/wikipedia/commons/thumb/f/f3/The_bank_protruding_into_the_Death_Valley_lake_%2819705915599%29.jpg/960px-The_bank_protruding_into_the_Death_Valley_lake_%2819705915599%29.jpg?utm_source=en.wikipedia.org&utm_campaign=api&utm_content=thumbnail
11608,Bade Khan & Chhote Khan Tombs Kotla Mubarakpur,Delhi,attraction,28.572778,77.221667,budget,4.1,830,"Rising majestically from a manicured garden park in South Extension adjacent to Kotla Mubarakpur, constructed during the Lodi period in the late 15th century, Bade Khan and Chhote Khan ('Big Lord and Small Lord') are twin monumental stone mausoleums celebrated by architectural historians for their sophisticated transitional design between Lodi and Mughal styles, featuring soaring central domes, decorative three-tiered facade arches giving the illusion of multi-storeys, and ornate octagonal corner turrets.",Oct-Feb,https://thumb.wikimedia.org/wikipedia/commons/thumb/4/48/Fatehpuri_Masjid_in_Delhi_19.jpg/960px-Fatehpuri_Masjid_in_Delhi_19.jpg?utm_source=en.wikipedia.org&utm_campaign=api&utm_content=thumbnail
11609,Balban's Tomb & Dar-ul-Aman Ruins Mehrauli,Delhi,attraction,28.522222,77.186389,budget,4.6,8277,"Standing amid ancient keekar trees in Mehrauli Archaeological Park, constructed in 1287 CE, this ruined rubble masonry tomb of Sultan Ghiyas-ud-din Balban (the fierce Mamluk ruler who consolidated the Delhi Sultanate) marks a monumental milestone in the history of Indian architecture: its four entranceways contain the earliest extant 'true arches' (arches with radiating voussoirs and keystones) ever constructed in the Indian subcontinent, set within the ruins of the medieval sanctuary known as 'Dar-ul-Aman' (Haven of Safety).",Oct-Feb,https://thumb.wikimedia.org/wikipedia/commons/thumb/4/48/Fatehpuri_Masjid_in_Delhi_19.jpg/960px-Fatehpuri_Masjid_in_Delhi_19.jpg?utm_source=en.wikipedia.org&utm_campaign=api&utm_content=thumbnail
11610,Begumpur Mosque,Delhi,attraction,28.539241,77.206358,budget,4.6,5419,"Built around 1351 by Khan-i-Jahan Junan Shah, prime minister of Firoz Shah Tughlaq, a colossal stone mosque in the medieval city of Jahanpanah featuring 64 domed bays and a monumental pishtaq arch.",Oct-Feb,https://thumb.wikimedia.org/wikipedia/commons/thumb/f/f4/Begampur_Masjid.jpg/960px-Begampur_Masjid.jpg?utm_source=en.wikipedia.org&utm_campaign=api&utm_content=thumbnail
11611,Bijay Mandal Palace Ruins & Hazar Sutan Citadel,Delhi,attraction,28.539444,77.206389,mid,3.9,1035,"Towering over the urban village of Begumpur in the heart of Jahanpanah (the fourth historic city of Delhi), Bijay Mandal ('Victory Pavilion') is an enigmatic 14th-century multi-tiered palace complex constructed by Sultan Muhammad bin Tughlaq around 1325 CE, featuring an elevated stone observation tower commanding 360-degree vistas across southern Delhi, underground treasure vaults with stone trap-doors, and the archaeological foundations of the famed 'Hazar Sutan' (Palace of a Thousand Pillars) visited and documented by Moroccan explorer Ibn Battuta.",Oct-Feb,https://thumb.wikimedia.org/wikipedia/commons/thumb/8/8e/Sher_Mandal_-_Old_Fort_-_New_Delhi_2014-05-13_2911.JPG/960px-Sher_Mandal_-_Old_Fort_-_New_Delhi_2014-05-13_2911.JPG?utm_source=en.wikipedia.org&utm_campaign=api&utm_content=thumbnail
11612,Chor Minar (Tower of Severed Heads),Delhi,attraction,28.547778,77.203889,budget,4.3,1207,"Standing majestically within a landscaped traffic island park in Hauz Khas Enclave, constructed around 1300 CE under the reign of Sultan Alauddin Khalji of the Delhi Sultanate, Chor Minar ('Tower of Thieves') is a circular rubble stone tower set upon a square masonry platform, studded with precisely 225 circular recesses or arrow-slits through which wooden spikes were thrust to display the severed heads of executed thieves, bandits, and rebel Mongol generals as a terrifying deterrent against crime and treason.",Oct-Feb,https://upload.wikimedia.org/wikipedia/commons/b/bd/Tower_of_Thieves.JPG?utm_source=en.wikipedia.org&utm_campaign=api&utm_content=thumbnail_unscaled
11613,Dargah Hazrat Qutbuddin Bakhtiyar Kaki Mehrauli,Delhi,attraction,28.520833,77.181667,budget,4.8,16886,"Situated deep inside the historic labyrinthine lanes of Mehrauli village near Gandhak Ki Baoli, this revered 13th-century Sufi sanctuary is the oldest dargah in Delhi, enshrining Hazrat Khwaja Qutbuddin Bakhtiyar Kaki (1173-1235 CE), the primary disciple and spiritual successor of Khwaja Moinuddin Chishti of Ajmer, so venerated that Sultan Iltutmish named the Qutub Minar in his honor and successive Mughal emperors sought burial within its sacred precincts, serving as the spiritual culmination of the annual secular festival 'Phool Walon Ki Sair'.",Oct-Feb,https://thumb.wikimedia.org/wikipedia/commons/thumb/f/f4/Begampur_Masjid.jpg/960px-Begampur_Masjid.jpg?utm_source=en.wikipedia.org&utm_campaign=api&utm_content=thumbnail
11614,Dilli Haat INA (Crafts & Pan-India Food Bazaar),Delhi,restaurant,28.572778,77.208611,mid,4.5,21038,"Situated on Sri Aurobindo Marg opposite INA Market, established in 1994 by Delhi Tourism and the Ministry of Textiles, Dilli Haat INA is India's most beloved open-air crafts bazaar and gastronomic cultural village, designed with traditional thatched-roof brick stalls that rotate every 15 days to allow master rural artisans, national award winners, and weavers from every corner of India to sell authentic handloom shawls, Madhubani paintings, brassware, and woodwork directly to buyers, alongside 25 authentic state-run food stalls serving delicacies from Kashmir to Kerala.",Oct-Feb,https://images.unsplash.com/photo-1555396273-367ea4eb4db5?auto=format&fit=crop&w=1200&q=80
11615,Dr. B.R. Ambedkar Central Park,Delhi,attraction,28.561396,77.195514,budget,4.0,912,"A public community recreation and green park honoring Dr. B.R. Ambedkar, equipped with jogging trails, open gym facilities, and lush lawns for community fitness and leisure.",Oct-Feb,https://thumb.wikimedia.org/wikipedia/commons/thumb/8/83/Peacock_in_its_habitat.jpg/960px-Peacock_in_its_habitat.jpg?utm_source=en.wikipedia.org&utm_campaign=api&utm_content=thumbnail
11616,Firoz Shah Tughlaq Madrasa & Assembly Hall,Delhi,attraction,28.553333,77.194722,budget,4.8,25280,"Stretching in an expansive L-shaped configuration along the eastern and southern edges of the Hauz Khas reservoir, established in 1352 CE by Sultan Firoz Shah Tughlaq, this was the most prestigious center of higher learning in the medieval Islamic world, comprising two-storey colonnaded dalans (classrooms and student hostels), tiered arcades, assembly halls, jharokha balconies projecting toward the water, and small domed chhatris where students studied theology, astronomy, and mathematics.",Oct-Feb,https://thumb.wikimedia.org/wikipedia/commons/thumb/b/b8/Sanjay_Lake.jpg/960px-Sanjay_Lake.jpg?utm_source=en.wikipedia.org&utm_campaign=api&utm_content=thumbnail
11617,Gandhak Ki Baoli (Sultanate Sulphur Stepwell Mehrauli),Delhi,attraction,28.519444,77.180833,budget,4.7,3991,"Situated near the southern edge of Mehrauli village adjacent to Dargah Qutbuddin Bakhtiyar Kaki, built between 1210 and 1236 CE by Sultan Shams-ud-din Iltutmish, Gandhak Ki Baoli is celebrated as the oldest surviving stepwell in Delhi, named after the distinctive sulfurous scent ('gandhak') of its therapeutic subterranean waters, featuring five descending tiers of sandstone pillars, broad stepped terraces, and natural spring water historically credited with healing dermatological ailments.",Oct-Feb,https://upload.wikimedia.org/wikipedia/commons/e/e6/Tomb_of_Bahlol_Lodi.JPG?utm_source=en.wikipedia.org&utm_campaign=api&utm_content=thumbnail_unscaled
11618,Garden of Five Senses,Delhi,attraction,28.514292,77.19751,budget,4.9,7914,"A public sensory theme park spread over 20 acres developed by Delhi Tourism, designed to stimulate all five senses with aroma gardens, bamboo groves, gushing water streams, solar parks, and rock sculptures.",Oct-Feb,https://thumb.wikimedia.org/wikipedia/commons/thumb/d/d0/Sun_clock_inside_the_Garden_of_Five_Senses.jpg/960px-Sun_clock_inside_the_Garden_of_Five_Senses.jpg?utm_source=en.wikipedia.org&utm_campaign=api&utm_content=thumbnail
11619,Green Park & Deer Park,Delhi,attraction,28.556675,77.204359,budget,4.5,28045,"A sprawling nature sanctuary also known as A.N. Jha Deer Park, home to spotted deer enclosures, hundreds of free-roaming peacocks, a duck pond, and scattered Lodi-era stone monuments (Bagh-i-Alam Gumbad).",Oct-Feb,https://thumb.wikimedia.org/wikipedia/commons/thumb/1/13/IndraprasthaPark-Stupa-1.jpg/960px-IndraprasthaPark-Stupa-1.jpg?utm_source=en.wikipedia.org&utm_campaign=api&utm_content=thumbnail
11620,Hauz Khas Fort and Lake,Delhi,attraction,28.553467,77.193471,mid,4.4,27017,"Originally excavated by Alauddin Khalji in 1296 as Hauz-i-Alai to supply water to Siri Fort, expanded by Firoz Shah Tughlaq who built a world-renowned madrasa, assembly halls, and his own lakeside stone tomb.",Oct-Feb,https://thumb.wikimedia.org/wikipedia/commons/thumb/b/b8/Sanjay_Lake.jpg/960px-Sanjay_Lake.jpg?utm_source=en.wikipedia.org&utm_campaign=api&utm_content=thumbnail
11621,Jahanpanah City Forest Chirag Delhi,Delhi,attraction,28.533333,77.238889,budget,4.7,22427,"Spanning 435 acres in South Delhi bordered by Greater Kailash II, Chirag Delhi, and Tughlaqabad, Jahanpanah City Forest is one of Delhi's most cherished urban natural reserves, densely forested with mature neem, jamun, and amaltas trees, featuring a winding 7-kilometer asphalt and earthen fitness track, open-air calisthenics gyms, and serving as a peaceful sanctuary for hundreds of peacocks, parakeets, and nilgai antelopes.",Oct-Feb,https://thumb.wikimedia.org/wikipedia/commons/thumb/f/f3/The_bank_protruding_into_the_Death_Valley_lake_%2819705915599%29.jpg/960px-The_bank_protruding_into_the_Death_Valley_lake_%2819705915599%29.jpg?utm_source=en.wikipedia.org&utm_campaign=api&utm_content=thumbnail
11622,Jahaz Mahal & Hauz-i-Shamsi Mehrauli,Delhi,attraction,28.514722,77.178611,budget,4.7,1311,"Perched on the northeastern embankment of the sacred 1229 CE Hauz-i-Shamsi reservoir in Mehrauli, constructed during the Lodi period (c. 1452-1526 CE), Jahaz Mahal ('Ship Palace') owes its romantic name to its visual reflection in the lake water that gave it the appearance of an anchored ship, featuring intricate red sandstone chhatri domes, blue glazed ceramic tile inlays, arched courtyards, and serving as the historic focal point for Delhi's beloved annual flower festival 'Phool Walon Ki Sair'.",Oct-Feb,https://thumb.wikimedia.org/wikipedia/commons/thumb/1/16/Malcha_Mahal.jpg/960px-Malcha_Mahal.jpg?utm_source=en.wikipedia.org&utm_campaign=api&utm_content=thumbnail
11623,Jamali Kamali Mosque & Tomb Mehrauli,Delhi,attraction,28.520833,77.186667,budget,4.6,2070,"Situated within the tranquil 200-acre Mehrauli Archaeological Park, built between 1528 and 1535 CE during the transition from the Lodi dynasty to Mughal rule, this celebrated architectural complex comprises a grand red sandstone mosque with five multi-cusped arched bays that served as the stylistic prototype for the famous Qila-i-Kuhna Mosque, and an adjacent flat-roofed tomb chamber whose interior is breathtakingly ornamented with cobalt-blue and yellow glazed tiles, painted ceilings, and Persian verses composed by the Sufi poet Shaikh Jamali.",Oct-Feb,https://thumb.wikimedia.org/wikipedia/commons/thumb/4/48/Fatehpuri_Masjid_in_Delhi_19.jpg/960px-Fatehpuri_Masjid_in_Delhi_19.jpg?utm_source=en.wikipedia.org&utm_campaign=api&utm_content=thumbnail
11624,Khirki Mosque (Four-Quadrant Latticed Mosque),Delhi,attraction,28.531389,77.218889,budget,4.8,7047,"Situated in Khirki Village opposite Select Citywalk in Saket, constructed around 1375 CE by Khan-i-Jahan Junan Shah (the famous Prime Minister of Sultan Firoz Shah Tughlaq), Khirki Mosque ('Mosque of Windows') is one of the most unusual mosques in Islamic architectural history: unlike conventional open-courtyard mosques, it is entirely roofed over except for four symmetric open courtyards, crowned by 85 stone domes and enclosed by heavy fortress-like rubble walls pierced by exquisite perforated stone lattice windows ('khirkis').",Oct-Feb,https://upload.wikimedia.org/wikipedia/commons/e/e6/Tomb_of_Bahlol_Lodi.JPG?utm_source=en.wikipedia.org&utm_campaign=api&utm_content=thumbnail_unscaled
11625,Mehrauli Archaeological Park,Delhi,attraction,28.520403,77.187593,budget,4.7,3853,"Spread over 200 contiguous acres adjoining Qutub Minar, an extraordinary open-air archaeological park preserving over 1,000 years of continuous occupation, containing over 100 historic monuments including Jamali Kamali Mosque and Rajon ki Baoli.",Oct-Feb,https://thumb.wikimedia.org/wikipedia/commons/thumb/5/5c/Ruins_of_Sir_Thomas_Metcalfe%27s_Dilkusha_with_Qutub_Minar_in_the_background_02.jpg/960px-Ruins_of_Sir_Thomas_Metcalfe%27s_Dilkusha_with_Qutub_Minar_in_the_background_02.jpg?utm_source=en.wikipedia.org&utm_campaign=api&utm_content=thumbnail
11626,Moth Ki Masjid (Mosque from a Single Grain of Moth Seed),Delhi,attraction,28.561111,77.220556,budget,3.9,795,"Situated in Uday Park near South Extension, built in 1505 CE by Miyan Bhiya (Prime Minister of Sultan Sikandar Lodi), Moth Ki Masjid ('Mosque of the Moth Lentil') is renowned in Delhi folklore: according to legend, Sikandar Lodi playfully gave a single moth lentil seed to his minister, who planted it, harvested its multiplied yield across successive seasons, and used the enormous accumulated agricultural profits to fund this architectural masterpiece, featuring a five-bay arched facade, octagonal two-storey corner chhatris, red sandstone and white marble inlays, and plaster ceiling rosettes.",Oct-Feb,https://thumb.wikimedia.org/wikipedia/commons/thumb/3/3e/The_North_side_view_of_the_Moth_Ki_Masjid.JPG/960px-The_North_side_view_of_the_Moth_Ki_Masjid.JPG?utm_source=en.wikipedia.org&utm_campaign=api&utm_content=thumbnail
11627,Mughal Jharna & Water Cascade Mehrauli,Delhi,attraction,28.513889,77.177222,budget,3.9,925,"Located in a lush garden depression south of Hauz-i-Shamsi in Mehrauli, Jharna ('Waterfall') is a historic Mughal pleasure garden constructed around 1700 CE and expanded by Emperor Akbar Shah II in the early 19th century, designed with stone channels, stepped cascades, aqueducts, and baradari pavilions where cooling overflow waters from Hauz-i-Shamsi cascaded over sculpted stone chutes into lower pleasure pools where royal courtiers gathered during the monsoon festival of Sair-e-Gulfaroshan.",Oct-Feb,https://upload.wikimedia.org/wikipedia/commons/c/ca/Waterfall_Kakolat.jpg
11628,Munda Gumbad & Nili Mosque Hauz Khas,Delhi,attraction,28.555,77.192778,budget,4.2,1266,"Standing on a raised island mound in the northwestern waters of Hauz Khas lake, Munda Gumbad is a massive, dome-less rubble stone pavilion built by Alauddin Khalji in the early 14th century as a water-palace pavilion to enjoy cooling breezes; while nearby in the village stands Nili Mosque (Neeli Masjid), built in 1505 CE during the reign of Sikandar Lodi by Kasumbhil, celebrated for its surviving frieze of radiant cobalt-blue glazed tiles decorating its entrance archway.",Oct-Feb,https://thumb.wikimedia.org/wikipedia/commons/thumb/4/48/Fatehpuri_Masjid_in_Delhi_19.jpg/960px-Fatehpuri_Masjid_in_Delhi_19.jpg?utm_source=en.wikipedia.org&utm_campaign=api&utm_content=thumbnail
11629,Qila Rai Pithora Fort Ramparts & Statues,Delhi,attraction,28.530556,77.195556,mid,4.4,16526,"Encompassing the conserved archaeological park and massive surviving ramparts along Press Enclave Road in Malviya Nagar, Qila Rai Pithora is celebrated as the first of the seven historic cities of Delhi, built in the late 12th century by the legendary Chahamana (Chauhan) Rajput ruler Prithviraj Chauhan by expanding the older 11th-century Lal Kot citadel, featuring massive rubble bastions, thick stone ramparts, a museum gallery, and a heroic colossal bronze equestrian statue of Prithviraj Chauhan.",Oct-Feb,https://thumb.wikimedia.org/wikipedia/commons/thumb/1/16/Delhi_-_Alai_Darwaza_at_Qutb_complex.jpg/960px-Delhi_-_Alai_Darwaza_at_Qutb_complex.jpg?utm_source=en.wikipedia.org&utm_campaign=api&utm_content=thumbnail
11630,Qutub Minar,Delhi,attraction,28.524627,77.185401,budget,4.9,61488,"Commenced in 1199 by Qutb-ud-din Aibak and completed by Iltutmish, a soaring 72.5-meter red sandstone victory minaret covered in intricate Quranic inscriptions and fluted stone balconies.",Oct-Feb,https://thumb.wikimedia.org/wikipedia/commons/thumb/3/3c/Qutb_Minar_2022.jpg/960px-Qutb_Minar_2022.jpg?utm_source=en.wikipedia.org&utm_campaign=api&utm_content=thumbnail
11631,Quwwat-ul-Islam Mosque & Iron Pillar of Delhi,Delhi,attraction,28.524722,77.185278,budget,4.7,19498,"Forming the archaeological nucleus of the UNESCO World Heritage Qutub Complex in Mehrauli, Quwwat-ul-Islam ('Might of Islam') Mosque was commenced in 1193 CE by Qutb-ud-din Aibak, constructed with carved stone colonnades and capitals salvaged from 27 ancient Hindu and Jain temples, centered around the world-famous 7.2-meter-tall Iron Pillar of Delhi, forged during the Gupta Empire in the 4th century CE under King Chandragupta II Vikramaditya, celebrated globally for its metallurgical mystery of remaining completely rust-free despite 1,600 years of exposure to tropical monsoons.",Oct-Feb,https://thumb.wikimedia.org/wikipedia/commons/thumb/4/48/Fatehpuri_Masjid_in_Delhi_19.jpg/960px-Fatehpuri_Masjid_in_Delhi_19.jpg?utm_source=en.wikipedia.org&utm_campaign=api&utm_content=thumbnail
11632,Rajon Ki Baoli (Mughal-Era Stepwell Mehrauli),Delhi,attraction,28.518611,77.184444,budget,4.2,2609,"Hidden within the dense neem and keekar forest of Mehrauli Archaeological Park, built in 1506 CE by Daulat Khan during the reign of Sultan Sikandar Lodi for masons ('rajon'), this extraordinary four-tiered subterranean stepwell descends deep into the earth via broad stone steps, flanked on each level by multi-tiered recessed arcaded galleries, a decorated 12-pillared chhatri pavilion, and an adjacent Lodi-era stone mosque with blue tile inlays, praised as Delhi's most picturesque and architecturally complete historic stepwell.",Oct-Feb,https://thumb.wikimedia.org/wikipedia/commons/thumb/d/d2/Tomb_of_Humayun%2C_Delhi.jpg/960px-Tomb_of_Humayun%2C_Delhi.jpg?utm_source=en.wikipedia.org&utm_campaign=api&utm_content=thumbnail
11633,Satpula Dam-Weir (Seven Bridges Sluice),Delhi,attraction,28.528611,77.218611,budget,4.6,4327,"Straddling the former stream of the southern city wall of Jahanpanah near Khirki Village, constructed in 1343 CE by Sultan Muhammad bin Tughlaq, Satpula ('Seven Bridges') is an extraordinary medieval hydraulic engineering marvel: a dual-level stone weir and fortified bridge featuring seven principal arched sluice openings fitted with grooved vertical slots for wooden sluice gates to regulate agricultural irrigation and defensive moat water levels, flanked at either end by octagonal fortified defense towers equipped with schools and guard barracks.",Oct-Feb,https://thumb.wikimedia.org/wikipedia/commons/thumb/b/b8/Sanjay_Lake.jpg/960px-Sanjay_Lake.jpg?utm_source=en.wikipedia.org&utm_campaign=api&utm_content=thumbnail
11634,Shahpur Jat Historic Urban Village & Boutiques,Delhi,attraction,28.548889,77.215278,budget,4.9,25545,"Enclosed directly within the surviving perimeter walls of the 14th-century Siri Fort, Shahpur Jat is one of Delhi's most vibrant and eclectic urban villages, where ancient Sultanate stone arches, medieval granaries, and village chaupals blend seamlessly with chic indie designer fashion studios, bespoke bridal boutiques, artisanal coffee roasteries, hand-crafted leather workshops, and vibrant street art murals.",Oct-Feb,https://thumb.wikimedia.org/wikipedia/commons/thumb/5/5b/India_Gate_in_the_Evening.jpg/960px-India_Gate_in_the_Evening.jpg?utm_source=en.wikipedia.org&utm_campaign=api&utm_content=thumbnail
11635,Shri Adya Katyayani Shaktipeeth Mandir (Chhatarpur Mandir),Delhi,attraction,28.650178,77.310968,budget,4.9,21318,"Spanning 70 acres in South Delhi, a magnificent marble temple complex dedicated to Goddess Katyayani, constructed in 1974 by Baba Sant Nagpal featuring South and North Indian temple architecture.",Oct-Feb,https://thumb.wikimedia.org/wikipedia/commons/thumb/f/fc/LotusDelhi.jpg/960px-LotusDelhi.jpg?utm_source=en.wikipedia.org&utm_campaign=api&utm_content=thumbnail
11636,Shrine of Hazrat Nasiruddin Mahmud Chirag-i-Dilli,Delhi,attraction,28.536944,77.228889,budget,4.7,6921,"Enclosed within the walled historical urban settlement of Chirag Delhi, this revered Sufi shrine complex is dedicated to Hazrat Nasiruddin Mahmud (1274-1356 CE), affectionately titled 'Chirag-i-Dilli' ('Lamp of Delhi') by his spiritual master Hazrat Nizamuddin Auliya whom he succeeded as the fifth spiritual head of the Chishti Sufi order, featuring an open white marble courtyard, an ornate dome, peaceful prayer chambers, and surrounded by centuries-old gateway arches.",Oct-Feb,https://thumb.wikimedia.org/wikipedia/commons/thumb/3/37/Laxminarayan_Temple_in_New_Delhi_03-2016.jpg/960px-Laxminarayan_Temple_in_New_Delhi_03-2016.jpg?utm_source=en.wikipedia.org&utm_campaign=api&utm_content=thumbnail
11637,Siri Fort Citadel Walls & Archaeological Bastions,Delhi,attraction,28.551389,77.218611,mid,4.5,5399,"Constructed around 1303 CE by Sultan Alauddin Khalji, Siri was the second of the seven historical cities of Delhi, built as a massive military fortress city to protect the sultanate capital against catastrophic Mongol invasions, featuring colossal rubble masonry ramparts reinforced by circular bastions with flame-shaped battlements and arrow slits, where according to legend the severed heads ('sir') of 8,000 slain Mongol warriors were embedded directly into the foundation masonry, giving Siri its name.",Oct-Feb,https://thumb.wikimedia.org/wikipedia/commons/thumb/b/ba/Jahaz_Mahal_on_the_bank_of_Hauz-i-Shamsi.jpg/960px-Jahaz_Mahal_on_the_bank_of_Hauz-i-Shamsi.jpg?utm_source=en.wikipedia.org&utm_campaign=api&utm_content=thumbnail
11638,Tibet House Museum Lodhi Road,Delhi,attraction,28.587222,77.228889,mid,4.5,1489,"Situated on Institutional Area along Lodhi Road, established in 1965 by His Holiness the 14th Dalai Lama as the cultural embassy of Tibet in India, Tibet House Museum preserves and showcases the endangered cultural, religious, and artistic heritage of Tibet, housing an exquisite museum gallery displaying sacred 15th-to-19th-century silk thangka paintings, gilded bronze statues of Buddhist deities, ritual prayer instruments, ancient Tibetan xylograph manuscripts, and a specialized library on Buddhist philosophy.",Oct-Mar,https://thumb.wikimedia.org/wikipedia/commons/thumb/4/4f/Pamulaparti_Venkata_Narasimha_Rao_Unveiling_Inaugural_Plaque_-_National_Science_Centre_-_New_Delhi_1992-01-09_262.tif/lossy-page1-960px-Pamulaparti_Venkata_Narasimha_Rao_Unveiling_Inaugural_Plaque_-_National_Science_Centre_-_New_Delhi_1992-01-09_262.tif.jpg?utm_source=en.wikipedia.org&utm_campaign=api&utm_content=thumbnail
11639,Tilpath Valley Biodiversity Park Sainik Farm,Delhi,attraction,28.497222,77.215278,budget,4.2,1918,"Situated in the southern Aravalli ridge foothills near Sainik Farm, spanning 172 acres of rugged undulating terrain, Tilpath Valley Biodiversity Park is one of Delhi's newest and most scenic nature reserves, featuring restored native savannas, thorn scrub forests, stone check-dams recharging groundwater, and hiking trails winding through quiet quartzite valleys that shelter Indian rock pythons, porcupines, monitor lizards, and over 100 bird species.",Oct-Feb,https://thumb.wikimedia.org/wikipedia/commons/thumb/5/5c/Ruins_of_Sir_Thomas_Metcalfe%27s_Dilkusha_with_Qutub_Minar_in_the_background_02.jpg/960px-Ruins_of_Sir_Thomas_Metcalfe%27s_Dilkusha_with_Qutub_Minar_in_the_background_02.jpg?utm_source=en.wikipedia.org&utm_campaign=api&utm_content=thumbnail
11640,Tomb of Bahlol Lodi & Lal Gumbad Chirag Delhi,Delhi,attraction,28.538333,77.226667,budget,3.9,1065,"Situated near the western entrance of Chirag Delhi, constructed in 1489 CE by his son Sikandar Lodi, this unique 12-pillared stone tomb enshrines Sultan Bahlol Lodi, founder of the Afghan Lodi dynasty that ruled North India from 1451 to 1526, featuring five low fluted domes and arched openings; while nearby stands Lal Gumbad ('Red Dome' or Rakabwala Gumbad), built in 1397 CE for Saint Kabiruddin Auliya, celebrated for its sloping red sandstone walls and white marble band inlays.",Oct-Feb,https://thumb.wikimedia.org/wikipedia/commons/thumb/4/48/Fatehpuri_Masjid_in_Delhi_19.jpg/960px-Fatehpuri_Masjid_in_Delhi_19.jpg?utm_source=en.wikipedia.org&utm_campaign=api&utm_content=thumbnail
11641,Tomb of Firoz Shah Tughlaq Hauz Khas,Delhi,attraction,28.552778,77.194444,budget,4.9,6150,"Standing at the prominent southern intersection where the two multi-tiered college wings of the Hauz Khas madrasa meet, constructed in 1388 CE, this square rubble masonry mausoleum of Sultan Firoz Shah Tughlaq is an architectural masterpiece of Tughlaq design, featuring battering stone walls, red sandstone and marble doorway bands, an exquisite plaster ceiling incised with colorful medallion carvings and Quranic calligraphy, and four stone cenotaphs overlooking the lake.",Oct-Feb,https://thumb.wikimedia.org/wikipedia/commons/thumb/d/d6/Isha_Khan_Niyazi%27s_tomb_-_Delhi_297_HT.jpg/960px-Isha_Khan_Niyazi%27s_tomb_-_Delhi_297_HT.jpg?utm_source=en.wikipedia.org&utm_campaign=api&utm_content=thumbnail
11642,Tomb of Iltutmish & Alauddin Khalji's Madrasa,Delhi,attraction,28.525278,77.184444,budget,4.9,7889,"Situated in the northwest corner of the Qutub Complex, built in 1235 CE by Sultan Shams-ud-din Iltutmish for himself, this remarkable square sandstone tomb is celebrated for its open-to-the-sky cenotaph chamber whose interior walls are completely encrusted with lace-like Quranic calligraphy in Kufic and Naskh scripts and geometrical rosettes, featuring the earliest squinch arches built in India; while adjacent to the southwest lies Alauddin Khalji's L-shaped college (Madrasa) and his tomb, the first combined college-mausoleum in India.",Oct-Feb,https://thumb.wikimedia.org/wikipedia/commons/thumb/3/3e/The_North_side_view_of_the_Moth_Ki_Masjid.JPG/960px-The_North_side_view_of_the_Moth_Ki_Masjid.JPG?utm_source=en.wikipedia.org&utm_campaign=api&utm_content=thumbnail
11643,Tomb of Muhammad Quli Khan & Metcalfe's Dilkusha,Delhi,attraction,28.522778,77.186944,budget,3.9,1323,"Perched on a high hillock overlooking the Qutub Minar within Mehrauli Archaeological Park, this unique architectural hybrid was originally built in the early 17th century as the octagonal tomb of Muhammad Quli Khan (brother of Adham Khan and foster brother of Emperor Akbar), until 1844 when Sir Thomas Metcalfe (the British Resident at the Mughal court) converted the tomb into his personal summer retreat named 'Dilkusha' ('Heart's Delight'), surrounding it with landscaped European terrace gardens, mock castellated guard houses, and picturesque ornamental follies.",Oct-Feb,https://thumb.wikimedia.org/wikipedia/commons/thumb/a/a4/Jama_Masjid_-_In_the_Noon.jpg/960px-Jama_Masjid_-_In_the_Noon.jpg?utm_source=en.wikipedia.org&utm_campaign=api&utm_content=thumbnail
11644,Tughlaqabad Fort,Delhi,attraction,28.51194,77.26083,mid,4.9,19676,"Built in 1321 by Ghiyas-ud-din Tughlaq, a titanic medieval stone fortress stretching over 6 kilometers with massive sloping stone ramparts up to 30 meters high, secret escape tunnels, and the fortified white-domed mausoleum.",Oct-Feb,https://thumb.wikimedia.org/wikipedia/commons/thumb/c/ca/Octagonal_pavilion_and_hypostyle_hall.jpg/960px-Octagonal_pavilion_and_hypostyle_hall.jpg?utm_source=en.wikipedia.org&utm_campaign=api&utm_content=thumbnail
11645,Zafar Mahal & Moti Masjid Mehrauli,Delhi,attraction,28.518889,77.181944,budget,4.3,2066,"Nestled inside the crowded bazaar of Mehrauli near the Dargah of Bakhtiyar Kaki, Zafar Mahal represents the poignant final monument erected by the Mughal dynasty before its collapse: originally built by Emperor Akbar Shah II in the 1820s and extensively reconstructed in 1847 by Bahadur Shah Zafar II with the monumental three-storey red sandstone 'Hathi Gate' (Elephant Gate designed to allow royal elephants through), housing an open-air royal burial enclosure containing the empty grave plot ('Sardgah') prepared for Bahadur Shah Zafar, who tragically died and was buried in exile in Yangon, Myanmar.",Oct-Feb,https://thumb.wikimedia.org/wikipedia/commons/thumb/3/3e/The_North_side_view_of_the_Moth_Ki_Masjid.JPG/960px-The_North_side_view_of_the_Moth_Ki_Masjid.JPG?utm_source=en.wikipedia.org&utm_campaign=api&utm_content=thumbnail
11646,Adilabad Fort & Citadel of Muhammad bin Tughlaq,Delhi,attraction,28.508333,77.266667,mid,4.4,2010,"Standing on a rocky quartzite ridge directly south of Tughlaqabad Fort across a former historic lake bed, constructed around 1327 CE by Sultan Muhammad bin Tughlaq, Adilabad Fort (locally called Muhammadabad) is a formidable medieval fortress designed with sloping cyclopean stone walls, semi-circular bastions, fortified bailey gates, and high battlements conceived to augment the defensive perimeter of Tughlaqabad against invading Mongol forces.",Oct-Feb,https://thumb.wikimedia.org/wikipedia/commons/thumb/b/ba/Jahaz_Mahal_on_the_bank_of_Hauz-i-Shamsi.jpg/960px-Jahaz_Mahal_on_the_bank_of_Hauz-i-Shamsi.jpg?utm_source=en.wikipedia.org&utm_campaign=api&utm_content=thumbnail
11647,Arab Ki Sarai & Grand Gateway Nizamuddin,Delhi,attraction,28.591667,77.247222,budget,4.1,1227,"Flanking the southwestern approach to Humayun's Tomb, built in the early 1560s by Queen Hamida Banu Begum (mother of Emperor Akbar), Arab Ki Sarai was a large walled residential caravanserai constructed to house the 300 Persian and Arab architects, stone carvers, and calligraphers brought from Iran to design and build Humayun's Tomb, entered through a colossal 14-meter-high arched gateway decorated with red sandstone, marble inlays, and blue-tiled panels, leading to an expansive marketplace and stone baoli.",Oct-Feb,https://thumb.wikimedia.org/wikipedia/commons/thumb/7/7c/India_Habitat_centre_-_panoramio.jpg/960px-India_Habitat_centre_-_panoramio.jpg?utm_source=en.wikipedia.org&utm_campaign=api&utm_content=thumbnail
11648,Ashokan Rock Edict at Bahapur (East of Kailash),Delhi,attraction,28.558333,77.255556,budget,4.9,18824,"Carved into a natural quartzite rock outcrop on a gentle hillock in a neighborhood park at Bahapur in East of Kailash, discovered in March 1966, this extraordinary epigraph is a Minor Rock Edict of Mauryan Emperor Ashoka the Great dating from approximately 250 BCE, containing ten lines of ancient Prakrit text inscribed in the Brahmi script exhorting citizens to practice Dharma, moral rectitude, and compassion toward all living beings, marking Delhi's oldest in-situ written historical artifact.",Oct-Feb,https://thumb.wikimedia.org/wikipedia/commons/thumb/4/4c/Mutiny_Ajitgarh.jpg/960px-Mutiny_Ajitgarh.jpg?utm_source=en.wikipedia.org&utm_campaign=api&utm_content=thumbnail
11649,Badarpur Sarai Historic Three Gateways,Delhi,attraction,28.497222,77.305556,budget,4.1,609,"Straddling the historic alignment of the Grand Trunk Road (Mathura Road) in Badarpur, constructed during the 17th century by Emperor Jahangir's court, Badarpur Sarai was a colossal fortified roadside caravanserai marking the historic southern customs entrance to Delhi, preserving its three monumental gateways (the Northern, Central, and Southern Gateways) crafted of red sandstone and quartzite with multi-cusped arches, upper guard chambers, battlements, and surviving enclosure walls.",Oct-Feb,https://thumb.wikimedia.org/wikipedia/commons/thumb/1/16/Bara_Gumbad_2015.JPG/960px-Bara_Gumbad_2015.JPG?utm_source=en.wikipedia.org&utm_campaign=api&utm_content=thumbnail
11650,Chausath Khamba (64-Pillared White Marble Pavilion),Delhi,attraction,28.589722,77.243611,budget,4.6,7939,"Tucked deep inside the medieval lanes of Nizamuddin Basti near the Ghalib Academy, built in 1623-1624 CE by Mirza Aziz Koka (foster-brother of Emperor Akbar and governor of Gujarat) as a family mausoleum, Chausath Khamba ('Sixty-Four Pillars') is an architectural wonder crafted entirely from pure white Makrana marble, comprising a grand square pavilion whose roof is supported by precisely 64 monolithic carved marble pillars arranged in groups of four to create 25 internal bays, each crowned by a shallow hidden dome enclosed within exquisite pierced marble lattice jali screens.",Oct-Feb,https://thumb.wikimedia.org/wikipedia/commons/thumb/2/2d/Chaunsath_Khamba_06.jpg/960px-Chaunsath_Khamba_06.jpg?utm_source=en.wikipedia.org&utm_campaign=api&utm_content=thumbnail
11651,Hazrat Nizamuddin Auliya Dargah,Delhi,attraction,28.591306,77.241806,budget,4.9,22416,"The mausoleum of revered 14th-century Sufi saint Hazrat Nizamuddin Auliya and poet Amir Khusrau, world-renowned for Thursday evening mystical Sufi Qawwali sessions that transport listeners into ecstasy.",Oct-Feb,https://thumb.wikimedia.org/wikipedia/commons/thumb/d/d6/Isha_Khan_Niyazi%27s_tomb_-_Delhi_297_HT.jpg/960px-Isha_Khan_Niyazi%27s_tomb_-_Delhi_297_HT.jpg?utm_source=en.wikipedia.org&utm_campaign=api&utm_content=thumbnail
11652,Humayun's Tomb Delhi,Delhi,attraction,28.593454,77.250771,budget,4.7,16300,"Commissioned in 1558 by Empress Bega Begum and designed by Persian architect Mirak Mirza Ghiyas, the first grand dynastic garden tomb of the Mughal Empire, acclaimed as the architectural prototype of the Taj Mahal.",Oct-Feb,https://thumb.wikimedia.org/wikipedia/commons/thumb/9/9f/Humayun%27s_Tomb_Delhi.jpg/960px-Humayun%27s_Tomb_Delhi.jpg
11653,Isa Khan Niyazi's Octagonal Tomb & Mosque Complex,Delhi,attraction,28.593056,77.248333,budget,4.8,5605,"Situated within the entrance forecourt of the UNESCO World Heritage Humayun's Tomb complex, constructed in 1547-1548 CE for the Afghan noble Isa Khan Niyazi (who served Sher Shah Suri), this breathtaking octagonal garden tomb predates Humayun's tomb by two decades, set within an exquisite sunken sunken octagonal garden enclosure, featuring triple-arched facades crowned by domed chhatris adorned with vibrant turquoise, yellow, and green glazed ceramic tiles, flanked by an ornate three-domed red sandstone mosque.",Oct-Feb,https://thumb.wikimedia.org/wikipedia/commons/thumb/3/3e/The_North_side_view_of_the_Moth_Ki_Masjid.JPG/960px-The_North_side_view_of_the_Moth_Ki_Masjid.JPG?utm_source=en.wikipedia.org&utm_campaign=api&utm_content=thumbnail
11654,ISKCON Temple New Delhi (Glory of India Vedic Centre),Delhi,attraction,28.556273,77.253785,budget,4.5,13771,"Inaugurated in 1998 by Prime Minister Atal Bihari Vajpayee on Hare Krishna Hill, featuring 90-foot temple spires, an automated animatronics museum, and the Astha Kunj landscaped public park.",Oct-Mar,https://thumb.wikimedia.org/wikipedia/commons/thumb/f/fc/LotusDelhi.jpg/960px-LotusDelhi.jpg?utm_source=en.wikipedia.org&utm_campaign=api&utm_content=thumbnail
11655,Kalindi Kunj & Yamuna Riverfront Park,Delhi,attraction,28.544444,77.311111,budget,4.5,8489,"Situated on the banks of the Yamuna River near the Okhla Barrage on the Delhi-Noida border, Kalindi Kunj is a popular public park and riverfront promenade celebrated for its terraced green lawns, illuminated musical water fountains, amusement joyrides, and sunset viewpoints overlooking the Yamuna River and the Okhla Bird Sanctuary marshlands.",Oct-Feb,https://thumb.wikimedia.org/wikipedia/commons/thumb/f/f3/Gandhi_Memorial.jpg/960px-Gandhi_Memorial.jpg?utm_source=en.wikipedia.org&utm_campaign=api&utm_content=thumbnail
11656,Kalkaji District Park & Lotus Pond,Delhi,attraction,28.552778,77.258333,budget,4.8,14447,"Occupying a scenic hillside directly adjacent to the Bahá'í Lotus Temple in South Delhi, Kalkaji District Park is a beautifully terraced municipal park featuring winding pathways, landscaped rock gardens, cascading streams, musical fountains, a lotus pond, and lush green knolls that offer stunning elevated viewpoint angles of the petals of the Lotus Temple rising against the sky.",Oct-Feb,https://thumb.wikimedia.org/wikipedia/commons/thumb/3/32/Mughal_Garden%2C_Rashtrapathi_Bhawan_-_panoramio.jpg/960px-Mughal_Garden%2C_Rashtrapathi_Bhawan_-_panoramio.jpg?utm_source=en.wikipedia.org&utm_campaign=api&utm_content=thumbnail
11657,Lotus Temple (Bahá'í House of Worship),Delhi,attraction,28.55359,77.259218,budget,4.7,12299,"Dedicated in 1986, an architectural wonder shaped like a blossoming white lotus with 27 free-standing marble petals arranged in clusters of three, welcoming people of all religions to meditate in silence.",Oct-Mar,https://thumb.wikimedia.org/wikipedia/commons/thumb/e/ee/Lotus_Temple_in_New_Delhi_03-2016.jpg/960px-Lotus_Temple_in_New_Delhi_03-2016.jpg
11658,Mausoleum of Ghiyasuddin Tughlaq & Causeway,Delhi,attraction,28.513889,77.261667,budget,4.9,24106,"Connected to the southern fortress walls of Tughlaqabad Fort by an ancient 228-meter arched stone causeway (which originally bridged a massive artificial reservoir), this striking 1325 CE pentagonal fortified mausoleum built by Sultan Ghiyas-ud-din Tughlaq for himself is hailed as an architectural masterpiece, featuring dramatically sloping red sandstone walls symbolizing martial strength, crowned by a pure white marble dome (one of the earliest marble domes in Delhi), battlements, and housing the tombs of Ghiyasuddin, his wife, and his son Muhammad bin Tughlaq.",Oct-Feb,https://thumb.wikimedia.org/wikipedia/commons/thumb/b/b8/Sanjay_Lake.jpg/960px-Sanjay_Lake.jpg?utm_source=en.wikipedia.org&utm_campaign=api&utm_content=thumbnail
11659,Millennium Park (Indraprastha Park) Ring Road,Delhi,attraction,28.597222,77.258333,budget,4.8,27395,"Sprawling across 85 landscaped acres along Ring Road beside the Yamuna River near Sarai Kale Khan, opened in 2004 by the Delhi Development Authority (DDA), Indraprastha Park (Millennium Park) is one of Delhi's largest riverside recreational spaces, renowned for the colossal, gleaming white World Peace Pagoda (Vishwa Shanti Stupa) inaugurated in 2007 by the Dalai Lama and President A.P.J. Abdul Kalam, surrounded by formal rose gardens, water cascades, an amphitheatre, and rolling green knolls.",Oct-Feb,https://thumb.wikimedia.org/wikipedia/commons/thumb/1/13/IndraprasthaPark-Stupa-1.jpg/960px-IndraprasthaPark-Stupa-1.jpg?utm_source=en.wikipedia.org&utm_campaign=api&utm_content=thumbnail
11660,Nehru Place IT Market,Delhi,attraction,28.550061,77.25136,budget,4.5,9355,"Asia's biggest and most bustling commercial electronics and computer hardware hub, housing thousands of tech shops, component distributors, mobile service centers, and printeries.",Oct-Feb,https://thumb.wikimedia.org/wikipedia/commons/thumb/4/46/Ferozabad_Panorama.jpg/960px-Ferozabad_Panorama.jpg?utm_source=en.wikipedia.org&utm_campaign=api&utm_content=thumbnail
11661,Okhla Bird Sanctuary,Delhi,attraction,28.574319,77.302543,budget,4.6,23477,"A 4-square-kilometer wetland sanctuary on the Yamuna River where it enters Uttar Pradesh, home to over 300 bird species including thousands of migratory waterfowl traveling via the Central Asian Flyway.",Oct-Feb,https://thumb.wikimedia.org/wikipedia/commons/thumb/0/0b/Okhla_bird_sanctuary_Entrance.jpeg/960px-Okhla_bird_sanctuary_Entrance.jpeg?utm_source=en.wikipedia.org&utm_campaign=api&utm_content=thumbnail
11662,Shri Kalkaji Mandir (Ancient Kali Temple of Delhi),Delhi,attraction,28.549722,77.256944,budget,4.8,14919,"Perched on a rocky hillock on the Delhi Ridge near Nehru Place in South Delhi, Shri Kalkaji Mandir (Manokamna Siddha Peetha) is revered as one of the oldest surviving holy shrines in North India, dating according to Hindu tradition back 3,000 years to the Mahabharata period when Lord Krishna and the Pandavas worshipped Goddess Kali here before the Kurukshetra war, featuring an octagonal 18th-century marble-clad sanctum, brass bells, and intense devotional energy during Navratri.",Oct-Mar,https://thumb.wikimedia.org/wikipedia/commons/thumb/d/d2/Iskcon_Delhi_Temple.jpg/960px-Iskcon_Delhi_Temple.jpg?utm_source=en.wikipedia.org&utm_campaign=api&utm_content=thumbnail
11663,Sunder Nursery Heritage Park,Delhi,attraction,28.593333,77.246111,budget,4.7,27087,"A 90-acre heritage city park created in the 16th century, meticulously restored by the Aga Khan Trust for Culture, housing six UNESCO World Heritage monuments, 300 tree species, formal Persian gardens, and lotus ponds.",Oct-Feb,https://thumb.wikimedia.org/wikipedia/commons/thumb/1/13/IndraprasthaPark-Stupa-1.jpg/960px-IndraprasthaPark-Stupa-1.jpg?utm_source=en.wikipedia.org&utm_campaign=api&utm_content=thumbnail
11664,"Surviving Kos Minars of Delhi (Badarpur, Mathura Road & Kureni)",Delhi,attraction,28.51,77.295,budget,4.3,606,"Dating from the 16th and 17th centuries when Sher Shah Suri and Mughal Emperors Akbar and Jahangir built the Grand Trunk Road network, Kos Minars ('Milestone Towers') were solid cylindrical and conical masonry towers erected at intervals of one 'kos' (approximately 3.6 km / 2.2 miles) with fresh horses, post riders, and caravan security; surviving examples across Delhi include the Badarpur Border Kos Minar, the Apollo Hospital Mathura Road Kos Minar, the Mahigirm Kos Minar, and the Kureni Village Kos Minar in Narela.",Oct-Feb,https://thumb.wikimedia.org/wikipedia/commons/thumb/3/3c/Qutb_Minar_2022.jpg/960px-Qutb_Minar_2022.jpg?utm_source=en.wikipedia.org&utm_campaign=api&utm_content=thumbnail
11665,Tomb of Abdur Rahim Khan-i-Khana Nizamuddin,Delhi,attraction,28.586667,77.246389,budget,4.9,24559,"Standing in a verdant garden along Mathura Road in Nizamuddin, built in 1598 CE by the celebrated poet-general and Navratna of Emperor Akbar's court, Abdur Rahim Khan-i-Khana (famous for his immortal Hindi dohas / couplets of 'Rahim') for his wife Mah Banu and where he was later buried in 1627, this monumental square mausoleum was the direct stylistic prototype for the Taj Mahal, featuring imposing red sandstone facades once covered in marble that was famously stripped in 1753 to build Safdarjung's Tomb, recently restored to magnificent glory by the Aga Khan Trust for Culture.",Oct-Feb,https://upload.wikimedia.org/wikipedia/commons/e/e6/Tomb_of_Bahlol_Lodi.JPG?utm_source=en.wikipedia.org&utm_campaign=api&utm_content=thumbnail_unscaled
11666,Waste to Wonder Theme Park,Delhi,attraction,28.591944,77.258056,mid,4.8,22076,"Inaugurated in 2019 near Sarai Kale Khan, an innovative 7-acre green theme park featuring monumental scaled replicas of the Seven Wonders of the World, constructed entirely using 150 tons of industrial and automobile scrap metal.",Oct-Feb,https://thumb.wikimedia.org/wikipedia/commons/thumb/3/32/Mughal_Garden%2C_Rashtrapathi_Bhawan_-_panoramio.jpg/960px-Mughal_Garden%2C_Rashtrapathi_Bhawan_-_panoramio.jpg?utm_source=en.wikipedia.org&utm_campaign=api&utm_content=thumbnail
11667,Air Force Museum Palam (Vintage Aircraft & War Memorial),Delhi,attraction,28.583333,77.116667,mid,4.7,10581,"Located at the Indian Air Force Station Palam near Delhi Airport, the Air Force Museum is India's premier military aviation institution, preserving the heroic operational history of the Indian Air Force from its founding in 1932, featuring an indoor hangar display of historic aircraft (including the Supermarine Spitfire, Hawker Tempest, de Havilland Vampire, and Folland Gnat 'Sabre Slayer'), an outdoor apron showcasing colossal transport aircraft, radar units, surface-to-air missiles, and captured Pakistani military war trophies from the 1965 and 1971 wars.",Oct-Mar,https://thumb.wikimedia.org/wikipedia/commons/thumb/1/14/%27Naubat_Khana%27_at_RED_FORT%2C_Delhi%2C_India.JPG/960px-%27Naubat_Khana%27_at_RED_FORT%2C_Delhi%2C_India.JPG?utm_source=en.wikipedia.org&utm_campaign=api&utm_content=thumbnail
11668,Aravalli Biodiversity Park Vasant Kunj,Delhi,attraction,28.541667,77.147222,budget,4.9,8275,"Sprawling across 692 acres of restored scrubland and rocky quartzite terrain in Vasant Kunj, transformed from abandoned mining pits into a thriving ecological sanctuary by Delhi University ecologists and the DDA, the Aravalli Biodiversity Park recreates the primeval dry deciduous forests and native shrub communities of the ancient Aravalli range, supporting over 1,000 indigenous plant species, a specialized butterfly conservatory, 200 species of birds, and healthy populations of nilgai, golden jackals, porcupines, and civets.",Oct-Feb,https://thumb.wikimedia.org/wikipedia/commons/thumb/a/a9/NZP_Delhi.jpg/960px-NZP_Delhi.jpg?utm_source=en.wikipedia.org&utm_campaign=api&utm_content=thumbnail
11669,Indian Mountaineering Foundation (IMF Climbing Wall Moti Bagh),Delhi,attraction,28.583333,77.161111,budget,4.2,1569,"Situated on Benito Juarez Marg near South Campus in Moti Bagh, established in 1957, the Indian Mountaineering Foundation (IMF) is the national apex body for mountaineering, trekking, and sport climbing in India, celebrated for housing an international-competition-standard 50-foot artificial sport climbing wall offering top-rope, lead, and speed climbing routes under certified instructors, alongside the Himalayan Museum documenting iconic Indian Everest expeditions and rare alpine literature.",Oct-Feb,https://thumb.wikimedia.org/wikipedia/commons/thumb/f/fa/Climbing_Wall%2C_Indian_Mountaineering_Federation_center%2C_New_Delhi.jpg/960px-Climbing_Wall%2C_Indian_Mountaineering_Federation_center%2C_New_Delhi.jpg?utm_source=en.wikipedia.org&utm_campaign=imageinfo&utm_content=thumbnail
11670,Mehram Nagar Katra & Walled Caravanserai,Delhi,attraction,28.571944,77.121944,budget,4.3,2129,"Situated adjacent to Terminal 1 of Delhi Airport in Delhi Cantonment, established around 1639 CE by Mehram Khan (a trusted eunuch noble of Emperor Jahangir and supervisor of the royal harem under Shah Jahan), Mehram Nagar is an intact 17th-century walled village settlement entered via an imposing red sandstone arched gateway, featuring an ornate mosque, vaulted merchant shops, residential cells, and an enclosed pleasure garden.",Oct-Feb,https://thumb.wikimedia.org/wikipedia/commons/thumb/3/3e/The_North_side_view_of_the_Moth_Ki_Masjid.JPG/960px-The_North_side_view_of_the_Moth_Ki_Masjid.JPG?utm_source=en.wikipedia.org&utm_campaign=api&utm_content=thumbnail
11671,Neela Hauz Biodiversity Park & Constructed Wetland,Delhi,attraction,28.530556,77.163889,budget,4.5,4556,"Nestled near the Aruna Asaf Ali Marg flyover adjacent to Sanjay Van in South Delhi, Neela Hauz ('Blue Lake') was an ancient natural freshwater lake that had degenerated into a severely polluted sewage pit until 2016, when DDA ecologists implemented an innovative, chemical-free constructed wetland biofilter system using specialized aquatic plants (typha, phragmites) and gravel beds to naturally purify millions of liters of raw sewage daily, reviving the lake into an idyllic sanctuary with crystal-clear water, blooming white lotus, and resident spot-billed ducks.",Oct-Feb,https://thumb.wikimedia.org/wikipedia/commons/thumb/a/a9/NZP_Delhi.jpg/960px-NZP_Delhi.jpg?utm_source=en.wikipedia.org&utm_campaign=api&utm_content=thumbnail
11672,Sanjay Van South Delhi Forest Trails,Delhi,attraction,28.536111,77.175,budget,4.4,12744,"Covering 783 acres of contiguous woodland on the Southern Ridge between Mehrauli and JNU, Sanjay Van is one of Delhi's most popular green lungs, densely blanketed in indigenous babool, dhau, and neem trees, crisscrossed by miles of stone-paved walking and cycling tracks, featuring 12th-century stone ramparts of Qila Rai Pithora, several ancient Sufi shrines (including Dargah of Hazrat Ashiq Allah), and serving as a haven for over 150 species of birds, nilgai antelopes, and golden jackals.",Oct-Feb,https://thumb.wikimedia.org/wikipedia/commons/thumb/3/32/Mughal_Garden%2C_Rashtrapathi_Bhawan_-_panoramio.jpg/960px-Mughal_Garden%2C_Rashtrapathi_Bhawan_-_panoramio.jpg?utm_source=en.wikipedia.org&utm_campaign=api&utm_content=thumbnail
11673,Sulabh International Museum of Toilets Mahavir Enclave,Delhi,attraction,28.597222,77.086111,mid,4.6,6516,"Situated at the Sulabh International complex on Palam-Dabri Road in Mahavir Enclave near Dwarka, established in 1992 by the renowned social reformer and sanitation pioneer Dr. Bindeshwar Pathak, this unique and witty museum is ranked by Time magazine among the world's top 10 weirdest and most fascinating museums, tracing the 4,500-year evolution of sanitation technology from the brick-lined sewers of Mohenjo-daro to medieval European chamber pots, Victorian floral porcelain commodes, and space-age zero-gravity astronaut toilets.",Oct-Mar,https://thumb.wikimedia.org/wikipedia/commons/thumb/4/4f/Pamulaparti_Venkata_Narasimha_Rao_Unveiling_Inaugural_Plaque_-_National_Science_Centre_-_New_Delhi_1992-01-09_262.tif/lossy-page1-960px-Pamulaparti_Venkata_Narasimha_Rao_Unveiling_Inaugural_Plaque_-_National_Science_Centre_-_New_Delhi_1992-01-09_262.tif.jpg?utm_source=en.wikipedia.org&utm_campaign=api&utm_content=thumbnail
11674,Vasant Vihar Park,Delhi,attraction,28.558358,77.163706,budget,4.1,489,"A tranquil, leafy green park nestled within the diplomatic and residential precinct of Vasant Vihar, featuring manicured flowerbeds, mature neem and amaltas canopies, and quiet jogging pathways.",Oct-Feb,https://thumb.wikimedia.org/wikipedia/commons/thumb/d/d0/Sun_clock_inside_the_Garden_of_Five_Senses.jpg/960px-Sun_clock_inside_the_Garden_of_Five_Senses.jpg?utm_source=en.wikipedia.org&utm_campaign=api&utm_content=thumbnail
11675,Bharat Darshan Park Punjabi Bagh,Delhi,attraction,28.665278,77.136111,budget,4.9,25967,"Sprawling across 8.5 acres along Ring Road in Punjabi Bagh, opened in December 2021 by the Municipal Corporation of Delhi (MCD), Bharat Darshan Park is an innovative eco-friendly theme park showcasing detailed miniature replicas of 21 famous Indian historical monuments—including the Taj Mahal, Qutub Minar, Konark Sun Temple, Hampi chariot, Victoria Memorial, and Meenakshi Temple—constructed entirely out of 350 metric tons of discarded scrap metal, junk automobile parts, and old iron rods, illuminated beautifully by energy-efficient solar lights.",Oct-Feb,https://thumb.wikimedia.org/wikipedia/commons/thumb/8/83/Peacock_in_its_habitat.jpg/960px-Peacock_in_its_habitat.jpg?utm_source=en.wikipedia.org&utm_campaign=api&utm_content=thumbnail
11676,Hashtsal Minar (Shah Jahan's Hunting Minaret 1634),Delhi,attraction,28.625833,77.051944,budget,4.5,5530,"Standing amid the narrow village lanes of Hashtsal Village near Uttam Nagar in West Delhi, constructed in 1634 CE by Mughal Emperor Shah Jahan, Hashtsal Minar ('Tower of Eight Jackals' or 'Elephant Palace Tower') is a 17-meter (55-foot) tall red sandstone and brick minaret resembling a miniature Qutub Minar, featuring three tapering storeys with circular and angular flutings, an internal spiral staircase, and an octagonal plinth, built as an elevated shooting tower for Shah Jahan during royal elephant and nilgai hunting expeditions.",Oct-Feb,https://thumb.wikimedia.org/wikipedia/commons/thumb/9/98/Purana_Qila_01.jpg/960px-Purana_Qila_01.jpg?utm_source=en.wikipedia.org&utm_campaign=api&utm_content=thumbnail
11677,Rajouri Garden Delhi,Delhi,attraction,28.649863,77.122738,budget,4.6,29355,"One of West Delhi's most popular commercial districts, celebrated for upscale wedding apparel boutiques, multi-storey shopping complexes, and mouthwatering street food (chole bhature, chaat, kulfi).",Oct-Feb,https://thumb.wikimedia.org/wikipedia/commons/thumb/3/32/Mughal_Garden%2C_Rashtrapathi_Bhawan_-_panoramio.jpg/960px-Mughal_Garden%2C_Rashtrapathi_Bhawan_-_panoramio.jpg?utm_source=en.wikipedia.org&utm_campaign=api&utm_content=thumbnail
11678,Tagore Garden Delhi,Delhi,attraction,28.647034,77.110948,budget,3.9,795,"A well-planned western Delhi residential locality featuring manicured neighborhood parks, community walking tracks, and proximity to the vibrant Pacific Mall entertainment complex.",Oct-Feb,https://thumb.wikimedia.org/wikipedia/commons/thumb/8/83/Peacock_in_its_habitat.jpg/960px-Peacock_in_its_habitat.jpg?utm_source=en.wikipedia.org&utm_campaign=api&utm_content=thumbnail
11679,India Habitat Centre,Delhi,attraction,28.6629,77.1836,budget,4.9,26870,"India Habitat Centre is a premier heritage destination in Delhi, Delhi. Renowned as a prominent landmark in regional tourism (Culture), it welcomes visitors seeking authentic cultural immersion, picturesque vistas, and rich historic heritage.",Oct-Feb,https://thumb.wikimedia.org/wikipedia/commons/thumb/7/7c/India_Habitat_centre_-_panoramio.jpg/960px-India_Habitat_centre_-_panoramio.jpg?utm_source=en.wikipedia.org&utm_campaign=api&utm_content=thumbnail
11680,Akshardham Metro Tourist Area,Delhi,attraction,28.5384,77.2181,budget,4.7,22735,"Akshardham Metro Tourist Area is a premier temple destination in Delhi, Delhi. Renowned as a prominent landmark in regional tourism (Religious), it welcomes visitors seeking authentic cultural immersion, picturesque vistas, and rich historic heritage.",Oct-Feb,https://thumb.wikimedia.org/wikipedia/commons/thumb/3/37/Laxminarayan_Temple_in_New_Delhi_03-2016.jpg/960px-Laxminarayan_Temple_in_New_Delhi_03-2016.jpg?utm_source=en.wikipedia.org&utm_campaign=api&utm_content=thumbnail
11681,Bahai Lotus Temple,Delhi,attraction,28.5369,77.1896,budget,4.5,15884,"Bahai Lotus Temple is a premier temple destination in Delhi, Delhi. Renowned as a prominent landmark in regional tourism (Religious), it welcomes visitors seeking authentic cultural immersion, picturesque vistas, and rich historic heritage.",Oct-Mar,https://thumb.wikimedia.org/wikipedia/commons/thumb/e/ee/Lotus_Temple_in_New_Delhi_03-2016.jpg/960px-Lotus_Temple_in_New_Delhi_03-2016.jpg
11682,Waste to Wonder Park,Delhi,attraction,28.5886,77.2536,budget,4.9,21356,Waste to Wonder Park features magnificent replicas of the Seven Wonders of the World crafted entirely from industrial waste and scrap metal.,Oct-Feb,https://thumb.wikimedia.org/wikipedia/commons/thumb/5/55/Waste_to_Wonder_Park_06.jpg/960px-Waste_to_Wonder_Park_06.jpg?utm_source=en.wikipedia.org&utm_campaign=api&utm_content=thumbnail
11683,Gurudwara Bangla Sahib,Delhi,attraction,28.6263,77.209,budget,4.5,19679,"Gurudwara Bangla Sahib is one of the most prominent Sikh gurdwaras in Delhi, known for its golden dome, sacred pool (Sarovar), and massive community kitchen (langar).",Oct-Feb,https://thumb.wikimedia.org/wikipedia/commons/thumb/4/49/Front_view_of_Gurudwara_Bangla_Sahib%2C_Delhi.jpg/960px-Front_view_of_Gurudwara_Bangla_Sahib%2C_Delhi.jpg?utm_source=en.wikipedia.org&utm_campaign=api&utm_content=thumbnail
11684,National War Memorial,Delhi,attraction,28.6937,77.0849,budget,4.4,1786,"National War Memorial is an authentic attraction destination located in ,  district of Delhi. Celebrated for its regional significance and unique ambiance, it offers travelers an immersive experience in the culture, scenic beauty, and heritage of Delhi.",Oct-Feb,https://thumb.wikimedia.org/wikipedia/commons/thumb/5/5b/India_Gate_in_the_Evening.jpg/960px-India_Gate_in_the_Evening.jpg?utm_source=en.wikipedia.org&utm_campaign=api&utm_content=thumbnail
11685,Khari Baoli,Delhi,attraction,28.7009,77.1321,budget,4.0,1204,"Khari Baoli is an authentic attraction destination located in ,  district of Delhi. Celebrated for its regional significance and unique ambiance, it offers travelers an immersive experience in the culture, scenic beauty, and heritage of Delhi.",Oct-Feb,https://thumb.wikimedia.org/wikipedia/commons/thumb/4/4b/A_shop_selling_Dates_in_Khari_Baoli_market.jpg/960px-A_shop_selling_Dates_in_Khari_Baoli_market.jpg?utm_source=en.wikipedia.org&utm_campaign=api&utm_content=thumbnail
11686,Dariba Kalan,Delhi,attraction,28.7249,77.1185,budget,4.3,3137,"Dariba Kalan is an authentic attraction destination located in ,  district of Delhi. Celebrated for its regional significance and unique ambiance, it offers travelers an immersive experience in the culture, scenic beauty, and heritage of Delhi.",Oct-Feb,https://thumb.wikimedia.org/wikipedia/commons/thumb/b/b8/New_Delhi_government_block_03-2016_img3.jpg/960px-New_Delhi_government_block_03-2016_img3.jpg?utm_source=en.wikipedia.org&utm_campaign=api&utm_content=thumbnail
11687,Gali Qasim Jan and Mirza Ghalib Haveli,Delhi,attraction,28.6913,77.0657,budget,4.0,625,"Gali Qasim Jan and Mirza Ghalib Haveli is an authentic attraction destination located in ,  district of Delhi. Celebrated for its regional significance and unique ambiance, it offers travelers an immersive experience in the culture, scenic beauty, and heritage of Delhi.",Oct-Feb,https://thumb.wikimedia.org/wikipedia/commons/thumb/5/5b/India_Gate_in_the_Evening.jpg/960px-India_Gate_in_the_Evening.jpg?utm_source=en.wikipedia.org&utm_campaign=api&utm_content=thumbnail
11688,Fatehpuri Masjid,Delhi,attraction,28.7105,77.1409,budget,4.1,500,"Fatehpuri Masjid is an authentic attraction destination located in ,  district of Delhi. Celebrated for its regional significance and unique ambiance, it offers travelers an immersive experience in the culture, scenic beauty, and heritage of Delhi.",Oct-Feb,https://thumb.wikimedia.org/wikipedia/commons/thumb/4/48/Fatehpuri_Masjid_in_Delhi_19.jpg/960px-Fatehpuri_Masjid_in_Delhi_19.jpg?utm_source=en.wikipedia.org&utm_campaign=api&utm_content=thumbnail
11689,Gauri Shankar Mandir,Delhi,attraction,28.6857,77.1321,budget,4.4,1366,"Gauri Shankar Mandir is an authentic attraction destination located in ,  district of Delhi. Celebrated for its regional significance and unique ambiance, it offers travelers an immersive experience in the culture, scenic beauty, and heritage of Delhi.",Oct-Feb,https://thumb.wikimedia.org/wikipedia/commons/thumb/3/37/Laxminarayan_Temple_in_New_Delhi_03-2016.jpg/960px-Laxminarayan_Temple_in_New_Delhi_03-2016.jpg?utm_source=en.wikipedia.org&utm_campaign=api&utm_content=thumbnail
11690,Central Baptist Church,Delhi,attraction,28.6801,77.1161,budget,4.2,2560,"Central Baptist Church is an authentic attraction destination located in ,  district of Delhi. Celebrated for its regional significance and unique ambiance, it offers travelers an immersive experience in the culture, scenic beauty, and heritage of Delhi.",Oct-Feb,https://upload.wikimedia.org/wikipedia/commons/3/37/Cathedral_Church_of_the_Redemption_-_New_Delhi.jpg?utm_source=en.wikipedia.org&utm_campaign=api&utm_content=thumbnail_unscaled
11691,Shri Digambar Jain Lal Mandir,Delhi,attraction,28.7377,77.1273,budget,4.6,7670,"Shri Digambar Jain Lal Mandir is an authentic attraction destination located in ,  district of Delhi. Celebrated for its regional significance and unique ambiance, it offers travelers an immersive experience in the culture, scenic beauty, and heritage of Delhi.",Oct-Feb,https://thumb.wikimedia.org/wikipedia/commons/thumb/7/79/Temples_kundalpur.JPG/960px-Temples_kundalpur.JPG
11692,Diwan-i-Am Red Fort,Delhi,attraction,28.6665,77.1345,mid,4.5,92264,"Diwan-i-Am Red Fort is an authentic attraction destination located in ,  district of Delhi. Celebrated for its regional significance and unique ambiance, it offers travelers an immersive experience in the culture, scenic beauty, and heritage of Delhi.",Oct-Feb,https://thumb.wikimedia.org/wikipedia/commons/thumb/2/2a/Delhi_fort.jpg/960px-Delhi_fort.jpg?utm_source=en.wikipedia.org&utm_campaign=api&utm_content=thumbnail
11693,Diwan-i-Khas Red Fort,Delhi,attraction,28.6793,77.1409,mid,4.2,117361,"Diwan-i-Khas Red Fort is an authentic attraction destination located in ,  district of Delhi. Celebrated for its regional significance and unique ambiance, it offers travelers an immersive experience in the culture, scenic beauty, and heritage of Delhi.",Oct-Feb,https://thumb.wikimedia.org/wikipedia/commons/thumb/2/2a/Delhi_fort.jpg/960px-Delhi_fort.jpg?utm_source=en.wikipedia.org&utm_campaign=api&utm_content=thumbnail
11694,Moti Masjid Red Fort,Delhi,attraction,28.6705,77.0881,mid,4.2,67812,"Moti Masjid Red Fort is an authentic attraction destination located in ,  district of Delhi. Celebrated for its regional significance and unique ambiance, it offers travelers an immersive experience in the culture, scenic beauty, and heritage of Delhi.",Oct-Feb,https://thumb.wikimedia.org/wikipedia/commons/thumb/2/2a/Delhi_fort.jpg/960px-Delhi_fort.jpg?utm_source=en.wikipedia.org&utm_campaign=api&utm_content=thumbnail
11695,Naubat Khana Red Fort,Delhi,attraction,28.6785,77.0649,mid,4.2,75185,"Naubat Khana Red Fort is an authentic attraction destination located in ,  district of Delhi. Celebrated for its regional significance and unique ambiance, it offers travelers an immersive experience in the culture, scenic beauty, and heritage of Delhi.",Oct-Feb,https://thumb.wikimedia.org/wikipedia/commons/thumb/2/2a/Delhi_fort.jpg/960px-Delhi_fort.jpg?utm_source=en.wikipedia.org&utm_campaign=api&utm_content=thumbnail
11696,Hayat Bakhsh Bagh Red Fort,Delhi,attraction,28.6969,77.1345,mid,4.6,112605,"Hayat Bakhsh Bagh Red Fort is an authentic attraction destination located in ,  district of Delhi. Celebrated for its regional significance and unique ambiance, it offers travelers an immersive experience in the culture, scenic beauty, and heritage of Delhi.",Oct-Feb,https://thumb.wikimedia.org/wikipedia/commons/thumb/2/2a/Delhi_fort.jpg/960px-Delhi_fort.jpg?utm_source=en.wikipedia.org&utm_campaign=api&utm_content=thumbnail
11697,Rang Mahal Red Fort,Delhi,attraction,28.7153,77.1329,mid,4.0,66781,"Rang Mahal Red Fort is an authentic attraction destination located in ,  district of Delhi. Celebrated for its regional significance and unique ambiance, it offers travelers an immersive experience in the culture, scenic beauty, and heritage of Delhi.",Oct-Feb,https://thumb.wikimedia.org/wikipedia/commons/thumb/2/2a/Delhi_fort.jpg/960px-Delhi_fort.jpg?utm_source=en.wikipedia.org&utm_campaign=api&utm_content=thumbnail
11698,Firoz Shah Kotla,Delhi,attraction,28.6753,77.0817,budget,4.5,7612,"Firoz Shah Kotla is an authentic attraction destination located in ,  district of Delhi. Celebrated for its regional significance and unique ambiance, it offers travelers an immersive experience in the culture, scenic beauty, and heritage of Delhi.",Oct-Feb,https://thumb.wikimedia.org/wikipedia/commons/thumb/4/46/Ferozabad_Panorama.jpg/960px-Ferozabad_Panorama.jpg?utm_source=en.wikipedia.org&utm_campaign=api&utm_content=thumbnail
11699,Ashokan Pillar Firoz Shah Kotla,Delhi,attraction,28.7225,77.1249,budget,4.2,3337,"Ashokan Pillar Firoz Shah Kotla is an authentic attraction destination located in ,  district of Delhi. Celebrated for its regional significance and unique ambiance, it offers travelers an immersive experience in the culture, scenic beauty, and heritage of Delhi.",Oct-Feb,https://thumb.wikimedia.org/wikipedia/commons/thumb/2/28/Agrasen_ki_Baoli%2C_New_Delhi.jpg/960px-Agrasen_ki_Baoli%2C_New_Delhi.jpg?utm_source=en.wikipedia.org&utm_campaign=api&utm_content=thumbnail
11700,Jami Masjid of Firozabad,Delhi,attraction,28.7081,77.1385,budget,4.3,1924,"Jami Masjid of Firozabad is an authentic attraction destination located in ,  district of Delhi. Celebrated for its regional significance and unique ambiance, it offers travelers an immersive experience in the culture, scenic beauty, and heritage of Delhi.",Oct-Feb,https://thumb.wikimedia.org/wikipedia/commons/thumb/a/a2/Jamali_Kamali_mosque1.jpg/960px-Jamali_Kamali_mosque1.jpg?utm_source=en.wikipedia.org&utm_campaign=api&utm_content=thumbnail
11701,National Gandhi Museum,Delhi,attraction,28.6985,77.1073,mid,4.2,2140,"National Gandhi Museum is an authentic attraction destination located in ,  district of Delhi. Celebrated for its regional significance and unique ambiance, it offers travelers an immersive experience in the culture, scenic beauty, and heritage of Delhi.",Oct-Mar,https://upload.wikimedia.org/wikipedia/commons/3/31/Entrance_of_National_Gandhi_Museum%2C_Raj_Ghat%2C_New_Delhi.jpg?utm_source=en.wikipedia.org&utm_campaign=api&utm_content=thumbnail_unscaled
11702,Raj Ghat,Delhi,attraction,28.7297,77.1297,budget,4.5,2894,"Raj Ghat is an authentic attraction destination located in ,  district of Delhi. Celebrated for its regional significance and unique ambiance, it offers travelers an immersive experience in the culture, scenic beauty, and heritage of Delhi.",Oct-Mar,https://thumb.wikimedia.org/wikipedia/commons/thumb/f/f3/Gandhi_Memorial.jpg/960px-Gandhi_Memorial.jpg?utm_source=en.wikipedia.org&utm_campaign=api&utm_content=thumbnail
11703,National Science Centre,Delhi,attraction,28.7241,77.0705,budget,4.5,3377,"National Science Centre is an authentic attraction destination located in ,  district of Delhi. Celebrated for its regional significance and unique ambiance, it offers travelers an immersive experience in the culture, scenic beauty, and heritage of Delhi.",Oct-Feb,https://thumb.wikimedia.org/wikipedia/commons/thumb/6/6e/Polska_Krak%C3%B3w_ul._Twardowskiego_16_Narodowe_Centrum_Nauki_%281%29.jpg/960px-Polska_Krak%C3%B3w_ul._Twardowskiego_16_Narodowe_Centrum_Nauki_%281%29.jpg?utm_source=en.wikipedia.org&utm_campaign=api&utm_content=thumbnail
11704,National Zoological Park,Delhi,attraction,28.7249,77.0793,mid,4.3,2433,"National Zoological Park is an authentic attraction destination located in ,  district of Delhi. Celebrated for its regional significance and unique ambiance, it offers travelers an immersive experience in the culture, scenic beauty, and heritage of Delhi.",Oct-Feb,https://thumb.wikimedia.org/wikipedia/commons/thumb/5/5c/Ruins_of_Sir_Thomas_Metcalfe%27s_Dilkusha_with_Qutub_Minar_in_the_background_02.jpg/960px-Ruins_of_Sir_Thomas_Metcalfe%27s_Dilkusha_with_Qutub_Minar_in_the_background_02.jpg?utm_source=en.wikipedia.org&utm_campaign=api&utm_content=thumbnail
11705,National Children's Museum,Delhi,attraction,28.7049,77.0953,mid,4.5,7707,"National Children's Museum is an authentic attraction destination located in ,  district of Delhi. Celebrated for its regional significance and unique ambiance, it offers travelers an immersive experience in the culture, scenic beauty, and heritage of Delhi.",Oct-Mar,https://thumb.wikimedia.org/wikipedia/commons/thumb/6/6a/National-Rail-Museum-Entr%C3%A9e.JPG/960px-National-Rail-Museum-Entr%C3%A9e.JPG?utm_source=en.wikipedia.org&utm_campaign=api&utm_content=thumbnail
11706,Town Hall Old Delhi,Delhi,attraction,28.7033,77.1001,budget,4.1,418,"Town Hall Old Delhi is an authentic attraction destination located in ,  district of Delhi. Celebrated for its regional significance and unique ambiance, it offers travelers an immersive experience in the culture, scenic beauty, and heritage of Delhi.",Oct-Feb,https://thumb.wikimedia.org/wikipedia/commons/thumb/b/bb/Tower_at_the_location_of_prophet%27s_horse%27s_hoop.jpg/960px-Tower_at_the_location_of_prophet%27s_horse%27s_hoop.jpg?utm_source=en.wikipedia.org&utm_campaign=api&utm_content=thumbnail
11707,Baradari Qudsia Garden,Delhi,attraction,28.7297,77.1273,budget,4.5,6513,"Baradari Qudsia Garden is an authentic attraction destination located in ,  district of Delhi. Celebrated for its regional significance and unique ambiance, it offers travelers an immersive experience in the culture, scenic beauty, and heritage of Delhi.",Oct-Feb,https://thumb.wikimedia.org/wikipedia/commons/thumb/5/55/Waste_to_Wonder_Park_06.jpg/960px-Waste_to_Wonder_Park_06.jpg?utm_source=en.wikipedia.org&utm_campaign=api&utm_content=thumbnail
11708,Dara Shikoh Library Building,Delhi,attraction,28.6777,77.0953,budget,4.7,3474,"Dara Shikoh Library Building is an authentic attraction destination located in ,  district of Delhi. Celebrated for its regional significance and unique ambiance, it offers travelers an immersive experience in the culture, scenic beauty, and heritage of Delhi.",Oct-Feb,https://thumb.wikimedia.org/wikipedia/commons/thumb/9/98/Purana_Qila_01.jpg/960px-Purana_Qila_01.jpg?utm_source=en.wikipedia.org&utm_campaign=api&utm_content=thumbnail
11709,St. James' Church,Delhi,attraction,28.6897,77.1273,budget,4.6,5688,"St. James' Church is an authentic attraction destination located in ,  district of Delhi. Celebrated for its regional significance and unique ambiance, it offers travelers an immersive experience in the culture, scenic beauty, and heritage of Delhi.",Oct-Feb,https://thumb.wikimedia.org/wikipedia/commons/thumb/8/84/St._James_Church_9.jpg/960px-St._James_Church_9.jpg?utm_source=en.wikipedia.org&utm_campaign=api&utm_content=thumbnail
11710,Coronation Memorial,Delhi,attraction,28.7217,77.1073,budget,4.0,805,"Coronation Memorial is an authentic attraction destination located in ,  district of Delhi. Celebrated for its regional significance and unique ambiance, it offers travelers an immersive experience in the culture, scenic beauty, and heritage of Delhi.",Oct-Feb,https://thumb.wikimedia.org/wikipedia/commons/thumb/9/97/Birla_HouseGandhi_Smriti%2C_New_Delhi.jpg/960px-Birla_HouseGandhi_Smriti%2C_New_Delhi.jpg?utm_source=en.wikipedia.org&utm_campaign=api&utm_content=thumbnail
11711,Roshanara Garden,Delhi,attraction,28.7113,77.1001,budget,4.6,3389,"Roshanara Garden is an authentic attraction destination located in ,  district of Delhi. Celebrated for its regional significance and unique ambiance, it offers travelers an immersive experience in the culture, scenic beauty, and heritage of Delhi.",Oct-Feb,https://thumb.wikimedia.org/wikipedia/commons/thumb/5/55/Waste_to_Wonder_Park_06.jpg/960px-Waste_to_Wonder_Park_06.jpg?utm_source=en.wikipedia.org&utm_campaign=api&utm_content=thumbnail
11712,Roshanara Begum Tomb,Delhi,attraction,28.6689,77.0785,budget,4.3,2400,"Roshanara Begum Tomb is an authentic attraction destination located in ,  district of Delhi. Celebrated for its regional significance and unique ambiance, it offers travelers an immersive experience in the culture, scenic beauty, and heritage of Delhi.",Oct-Feb,https://thumb.wikimedia.org/wikipedia/commons/thumb/3/3e/The_North_side_view_of_the_Moth_Ki_Masjid.JPG/960px-The_North_side_view_of_the_Moth_Ki_Masjid.JPG?utm_source=en.wikipedia.org&utm_campaign=api&utm_content=thumbnail
11713,Wazirabad Mosque,Delhi,attraction,28.7273,77.1193,budget,4.7,9140,"Wazirabad Mosque is an authentic attraction destination located in ,  district of Delhi. Celebrated for its regional significance and unique ambiance, it offers travelers an immersive experience in the culture, scenic beauty, and heritage of Delhi.",Oct-Feb,https://thumb.wikimedia.org/wikipedia/commons/thumb/3/3e/The_North_side_view_of_the_Moth_Ki_Masjid.JPG/960px-The_North_side_view_of_the_Moth_Ki_Masjid.JPG?utm_source=en.wikipedia.org&utm_campaign=api&utm_content=thumbnail
11714,Wazirabad Tomb and Firoz Shah's Bridge,Delhi,attraction,28.6961,77.0753,budget,4.2,1948,"Wazirabad Tomb and Firoz Shah's Bridge is an authentic attraction destination located in ,  district of Delhi. Celebrated for its regional significance and unique ambiance, it offers travelers an immersive experience in the culture, scenic beauty, and heritage of Delhi.",Oct-Feb,https://upload.wikimedia.org/wikipedia/commons/e/e6/Tomb_of_Bahlol_Lodi.JPG?utm_source=en.wikipedia.org&utm_campaign=api&utm_content=thumbnail_unscaled
11715,Yamuna Biodiversity Park,Delhi,attraction,28.7049,77.1009,budget,4.6,3773,"Yamuna Biodiversity Park is an authentic attraction destination located in ,  district of Delhi. Celebrated for its regional significance and unique ambiance, it offers travelers an immersive experience in the culture, scenic beauty, and heritage of Delhi.",Oct-Feb,https://thumb.wikimedia.org/wikipedia/commons/thumb/3/32/Mughal_Garden%2C_Rashtrapathi_Bhawan_-_panoramio.jpg/960px-Mughal_Garden%2C_Rashtrapathi_Bhawan_-_panoramio.jpg?utm_source=en.wikipedia.org&utm_campaign=api&utm_content=thumbnail
11716,Kamla Nehru Ridge,Delhi,attraction,28.7065,77.1257,budget,4.3,3434,"Kamla Nehru Ridge is an authentic attraction destination located in ,  district of Delhi. Celebrated for its regional significance and unique ambiance, it offers travelers an immersive experience in the culture, scenic beauty, and heritage of Delhi.",Oct-Feb,https://thumb.wikimedia.org/wikipedia/commons/thumb/4/4c/Mutiny_Ajitgarh.jpg/960px-Mutiny_Ajitgarh.jpg?utm_source=en.wikipedia.org&utm_campaign=api&utm_content=thumbnail
11717,Flagstaff Tower,Delhi,attraction,28.6985,77.0673,budget,4.2,3013,"Flagstaff Tower is an authentic attraction destination located in ,  district of Delhi. Celebrated for its regional significance and unique ambiance, it offers travelers an immersive experience in the culture, scenic beauty, and heritage of Delhi.",Oct-Feb,https://thumb.wikimedia.org/wikipedia/commons/thumb/b/b8/New_Delhi_government_block_03-2016_img3.jpg/960px-New_Delhi_government_block_03-2016_img3.jpg?utm_source=en.wikipedia.org&utm_campaign=api&utm_content=thumbnail
11718,Mutiny Memorial,Delhi,attraction,28.6657,77.1321,budget,4.1,410,"Mutiny Memorial is an authentic attraction destination located in ,  district of Delhi. Celebrated for its regional significance and unique ambiance, it offers travelers an immersive experience in the culture, scenic beauty, and heritage of Delhi.",Oct-Feb,https://thumb.wikimedia.org/wikipedia/commons/thumb/4/4c/Mutiny_Ajitgarh.jpg/960px-Mutiny_Ajitgarh.jpg?utm_source=en.wikipedia.org&utm_campaign=api&utm_content=thumbnail
11719,Northern Ridge Guard House,Delhi,attraction,28.7177,77.0833,budget,3.9,792,"Northern Ridge Guard House is an authentic attraction destination located in ,  district of Delhi. Celebrated for its regional significance and unique ambiance, it offers travelers an immersive experience in the culture, scenic beauty, and heritage of Delhi.",Oct-Feb,https://thumb.wikimedia.org/wikipedia/commons/thumb/4/4c/Mutiny_Ajitgarh.jpg/960px-Mutiny_Ajitgarh.jpg?utm_source=en.wikipedia.org&utm_campaign=api&utm_content=thumbnail
11720,Southern Ridge Guard House,Delhi,attraction,28.6849,77.1193,budget,4.0,473,"Southern Ridge Guard House is an authentic attraction destination located in ,  district of Delhi. Celebrated for its regional significance and unique ambiance, it offers travelers an immersive experience in the culture, scenic beauty, and heritage of Delhi.",Oct-Feb,https://thumb.wikimedia.org/wikipedia/commons/thumb/4/4c/Mutiny_Ajitgarh.jpg/960px-Mutiny_Ajitgarh.jpg?utm_source=en.wikipedia.org&utm_campaign=api&utm_content=thumbnail
11721,Gurudwara Majnu Ka Tilla,Delhi,attraction,28.7273,77.1401,budget,3.9,890,"Gurudwara Majnu Ka Tilla is an authentic attraction destination located in ,  district of Delhi. Celebrated for its regional significance and unique ambiance, it offers travelers an immersive experience in the culture, scenic beauty, and heritage of Delhi.",Oct-Feb,https://thumb.wikimedia.org/wikipedia/commons/thumb/6/6a/Sisganj_GUrudwara_in_Old_Delhi.jpg4.jpg/960px-Sisganj_GUrudwara_in_Old_Delhi.jpg4.jpg?utm_source=en.wikipedia.org&utm_campaign=api&utm_content=thumbnail
11722,Adventure Island Rohini,Delhi,attraction,28.7297,77.1233,budget,4.3,737,"Adventure Island Rohini is an authentic attraction destination located in ,  district of Delhi. Celebrated for its regional significance and unique ambiance, it offers travelers an immersive experience in the culture, scenic beauty, and heritage of Delhi.",Oct-Feb,https://thumb.wikimedia.org/wikipedia/commons/thumb/f/f3/Gandhi_Memorial.jpg/960px-Gandhi_Memorial.jpg?utm_source=en.wikipedia.org&utm_campaign=api&utm_content=thumbnail
11723,Metro Walk Rohini,Delhi,attraction,28.7345,77.0737,budget,3.9,265,"Metro Walk Rohini is an authentic attraction destination located in ,  district of Delhi. Celebrated for its regional significance and unique ambiance, it offers travelers an immersive experience in the culture, scenic beauty, and heritage of Delhi.",Oct-Feb,https://thumb.wikimedia.org/wikipedia/commons/thumb/f/fa/Climbing_Wall%2C_Indian_Mountaineering_Federation_center%2C_New_Delhi.jpg/960px-Climbing_Wall%2C_Indian_Mountaineering_Federation_center%2C_New_Delhi.jpg?utm_source=en.wikipedia.org&utm_campaign=imageinfo&utm_content=thumbnail
11724,Bawana Zail,Delhi,attraction,28.7201,77.1385,budget,4.2,1379,"Bawana Zail is an authentic attraction destination located in ,  district of Delhi. Celebrated for its regional significance and unique ambiance, it offers travelers an immersive experience in the culture, scenic beauty, and heritage of Delhi.",Oct-Feb,https://thumb.wikimedia.org/wikipedia/commons/thumb/a/ab/Golf_Club%2C_New_Delhi_-_panoramio_-_Arastu_Gupta_%281%29.jpg/960px-Golf_Club%2C_New_Delhi_-_panoramio_-_Arastu_Gupta_%281%29.jpg?utm_source=en.wikipedia.org&utm_campaign=api&utm_content=thumbnail
11725,Shalimar Garden and Sheesh Mahal,Delhi,attraction,28.6857,77.1145,budget,3.9,1096,"Shalimar Garden and Sheesh Mahal is an authentic attraction destination located in ,  district of Delhi. Celebrated for its regional significance and unique ambiance, it offers travelers an immersive experience in the culture, scenic beauty, and heritage of Delhi.",Oct-Feb,https://thumb.wikimedia.org/wikipedia/commons/thumb/c/ca/Octagonal_pavilion_and_hypostyle_hall.jpg/960px-Octagonal_pavilion_and_hypostyle_hall.jpg?utm_source=en.wikipedia.org&utm_campaign=api&utm_content=thumbnail
11726,Guru Tegh Bahadur Memorial,Delhi,attraction,28.7177,77.0753,budget,4.2,1999,"Guru Tegh Bahadur Memorial is an authentic attraction destination located in ,  district of Delhi. Celebrated for its regional significance and unique ambiance, it offers travelers an immersive experience in the culture, scenic beauty, and heritage of Delhi.",Oct-Feb,https://thumb.wikimedia.org/wikipedia/commons/thumb/0/0d/Sunder_Nursery_Sep-2019.jpg/960px-Sunder_Nursery_Sep-2019.jpg?utm_source=en.wikipedia.org&utm_campaign=api&utm_content=thumbnail
11727,Dilli Haat Pitampura,Delhi,attraction,28.7097,77.1113,budget,4.7,2245,"Dilli Haat Pitampura is an authentic attraction destination located in ,  district of Delhi. Celebrated for its regional significance and unique ambiance, it offers travelers an immersive experience in the culture, scenic beauty, and heritage of Delhi.",Oct-Feb,https://thumb.wikimedia.org/wikipedia/commons/thumb/2/28/Agrasen_ki_Baoli%2C_New_Delhi.jpg/960px-Agrasen_ki_Baoli%2C_New_Delhi.jpg?utm_source=en.wikipedia.org&utm_campaign=api&utm_content=thumbnail
11728,Hashtsal Minar,Delhi,attraction,28.7257,77.1169,budget,4.2,3097,"Hashtsal Minar is an authentic attraction destination located in ,  district of Delhi. Celebrated for its regional significance and unique ambiance, it offers travelers an immersive experience in the culture, scenic beauty, and heritage of Delhi.",Oct-Feb,https://thumb.wikimedia.org/wikipedia/commons/thumb/9/97/Birla_HouseGandhi_Smriti%2C_New_Delhi.jpg/960px-Birla_HouseGandhi_Smriti%2C_New_Delhi.jpg?utm_source=en.wikipedia.org&utm_campaign=api&utm_content=thumbnail
11729,Rajouri Garden,Delhi,attraction,28.6897,77.1137,budget,4.6,2553,"Rajouri Garden is an authentic attraction destination located in ,  district of Delhi. Celebrated for its regional significance and unique ambiance, it offers travelers an immersive experience in the culture, scenic beauty, and heritage of Delhi.",Oct-Feb,https://thumb.wikimedia.org/wikipedia/commons/thumb/a/a9/NZP_Delhi.jpg/960px-NZP_Delhi.jpg?utm_source=en.wikipedia.org&utm_campaign=api&utm_content=thumbnail
11730,Tagore Garden,Delhi,attraction,28.7153,77.0889,budget,4.3,3057,"Tagore Garden is an authentic attraction destination located in ,  district of Delhi. Celebrated for its regional significance and unique ambiance, it offers travelers an immersive experience in the culture, scenic beauty, and heritage of Delhi.",Oct-Feb,https://thumb.wikimedia.org/wikipedia/commons/thumb/8/83/Peacock_in_its_habitat.jpg/960px-Peacock_in_its_habitat.jpg?utm_source=en.wikipedia.org&utm_campaign=api&utm_content=thumbnail
11731,Connaught Place,Delhi,attraction,28.6681,77.1025,budget,4.0,235,"Connaught Place is an authentic attraction destination located in ,  district of Delhi. Celebrated for its regional significance and unique ambiance, it offers travelers an immersive experience in the culture, scenic beauty, and heritage of Delhi.",Oct-Feb,https://thumb.wikimedia.org/wikipedia/commons/thumb/9/98/Purana_Qila_01.jpg/960px-Purana_Qila_01.jpg?utm_source=en.wikipedia.org&utm_campaign=api&utm_content=thumbnail
11732,Samvidhan Sadan,Delhi,attraction,28.7401,77.1377,budget,4.7,4519,"Samvidhan Sadan is an authentic attraction destination located in ,  district of Delhi. Celebrated for its regional significance and unique ambiance, it offers travelers an immersive experience in the culture, scenic beauty, and heritage of Delhi.",Oct-Feb,https://thumb.wikimedia.org/wikipedia/commons/thumb/b/b8/New_Delhi_government_block_03-2016_img3.jpg/960px-New_Delhi_government_block_03-2016_img3.jpg?utm_source=en.wikipedia.org&utm_campaign=api&utm_content=thumbnail
11733,Amrit Udyan,Delhi,attraction,28.7329,77.1089,budget,4.6,4303,"Amrit Udyan is an authentic attraction destination located in ,  district of Delhi. Celebrated for its regional significance and unique ambiance, it offers travelers an immersive experience in the culture, scenic beauty, and heritage of Delhi.",Oct-Feb,https://thumb.wikimedia.org/wikipedia/commons/thumb/3/32/Mughal_Garden%2C_Rashtrapathi_Bhawan_-_panoramio.jpg/960px-Mughal_Garden%2C_Rashtrapathi_Bhawan_-_panoramio.jpg?utm_source=en.wikipedia.org&utm_campaign=api&utm_content=thumbnail
11734,Gandhi Smriti,Delhi,attraction,28.6945,77.1185,budget,4.6,6876,"Gandhi Smriti is an authentic attraction destination located in ,  district of Delhi. Celebrated for its regional significance and unique ambiance, it offers travelers an immersive experience in the culture, scenic beauty, and heritage of Delhi.",Oct-Feb,https://thumb.wikimedia.org/wikipedia/commons/thumb/9/97/Birla_HouseGandhi_Smriti%2C_New_Delhi.jpg/960px-Birla_HouseGandhi_Smriti%2C_New_Delhi.jpg?utm_source=en.wikipedia.org&utm_campaign=api&utm_content=thumbnail
11735,Pradhanmantri Sangrahalaya,Delhi,attraction,28.6857,77.1129,budget,3.9,277,"Pradhanmantri Sangrahalaya is an authentic attraction destination located in ,  district of Delhi. Celebrated for its regional significance and unique ambiance, it offers travelers an immersive experience in the culture, scenic beauty, and heritage of Delhi.",Oct-Feb,https://thumb.wikimedia.org/wikipedia/commons/thumb/6/67/Nehru_museum_and_library_in_Delhi_03.jpg/960px-Nehru_museum_and_library_in_Delhi_03.jpg?utm_source=en.wikipedia.org&utm_campaign=api&utm_content=thumbnail
11736,Nehru Planetarium,Delhi,attraction,28.6865,77.1265,budget,4.3,1051,"Nehru Planetarium is an authentic attraction destination located in ,  district of Delhi. Celebrated for its regional significance and unique ambiance, it offers travelers an immersive experience in the culture, scenic beauty, and heritage of Delhi.",Oct-Feb,https://thumb.wikimedia.org/wikipedia/commons/thumb/1/1e/Antriksha_Master.jpg/960px-Antriksha_Master.jpg?utm_source=en.wikipedia.org&utm_campaign=imageinfo&utm_content=thumbnail
11737,National Museum,Delhi,attraction,28.6761,77.0993,mid,4.1,182,"National Museum is an authentic attraction destination located in ,  district of Delhi. Celebrated for its regional significance and unique ambiance, it offers travelers an immersive experience in the culture, scenic beauty, and heritage of Delhi.",Oct-Mar,https://upload.wikimedia.org/wikipedia/commons/e/e5/National_Museum_New_Delhi_01.jpg
11738,National Gallery of Modern Art,Delhi,attraction,18.83,72.8387,budget,4.6,23195,"A prominent museum destination in Mumbai City district showcasing Maharashtra's rich historical, cultural, and ecological heritage.",Oct-Feb,https://thumb.wikimedia.org/wikipedia/commons/thumb/1/14/%27Naubat_Khana%27_at_RED_FORT%2C_Delhi%2C_India.JPG/960px-%27Naubat_Khana%27_at_RED_FORT%2C_Delhi%2C_India.JPG?utm_source=en.wikipedia.org&utm_campaign=api&utm_content=thumbnail
11739,National Crafts Museum,Delhi,attraction,28.7321,77.0817,mid,4.1,585,"National Crafts Museum is an authentic attraction destination located in ,  district of Delhi. Celebrated for its regional significance and unique ambiance, it offers travelers an immersive experience in the culture, scenic beauty, and heritage of Delhi.",Oct-Mar,https://thumb.wikimedia.org/wikipedia/commons/thumb/a/aa/%E0%A4%B6%E0%A4%BF%E0%A4%B2%E0%A5%8D%E0%A4%AA_%E0%A4%B8%E0%A4%82%E0%A4%97%E0%A5%8D%E0%A4%B0%E0%A4%B9%E0%A4%BE%E0%A4%B2%E0%A4%AF_%E0%A4%95%E0%A4%BE_%E0%A4%AA%E0%A5%8D%E0%A4%B0%E0%A4%B5%E0%A5%85%E0%A4%B6_%E0%A4%A6%E0%A5%8D%E0%A4%B5%E0%A4%BE%E0%A4%B0.jpg/960px-%E0%A4%B6%E0%A4%BF%E0%A4%B2%E0%A5%8D%E0%A4%AA_%E0%A4%B8%E0%A4%82%E0%A4%97%E0%A5%8D%E0%A4%B0%E0%A4%B9%E0%A4%BE%E0%A4%B2%E0%A4%AF_%E0%A4%95%E0%A4%BE_%E0%A4%AA%E0%A5%8D%E0%A4%B0%E0%A4%B5%E0%A5%85%E0%A4%B6_%E0%A4%A6%E0%A5%8D%E0%A4%B5%E0%A4%BE%E0%A4%B0.jpg?utm_source=en.wikipedia.org&utm_campaign=api&utm_content=thumbnail
11740,National Rail Museum,Delhi,attraction,28.7241,77.0641,mid,4.0,424,"National Rail Museum is an authentic attraction destination located in ,  district of Delhi. Celebrated for its regional significance and unique ambiance, it offers travelers an immersive experience in the culture, scenic beauty, and heritage of Delhi.",Oct-Mar,https://thumb.wikimedia.org/wikipedia/commons/thumb/6/6e/Polska_Krak%C3%B3w_ul._Twardowskiego_16_Narodowe_Centrum_Nauki_%281%29.jpg/960px-Polska_Krak%C3%B3w_ul._Twardowskiego_16_Narodowe_Centrum_Nauki_%281%29.jpg?utm_source=en.wikipedia.org&utm_campaign=api&utm_content=thumbnail
11741,National Philatelic Museum,Delhi,attraction,28.6713,77.1361,mid,4.5,8441,"National Philatelic Museum is an authentic attraction destination located in ,  district of Delhi. Celebrated for its regional significance and unique ambiance, it offers travelers an immersive experience in the culture, scenic beauty, and heritage of Delhi.",Oct-Mar,https://thumb.wikimedia.org/wikipedia/commons/thumb/1/1e/Antriksha_Master.jpg/960px-Antriksha_Master.jpg?utm_source=en.wikipedia.org&utm_campaign=imageinfo&utm_content=thumbnail
11742,Delhi Metro Museum,Delhi,attraction,28.6705,77.1081,mid,3.9,434,"Delhi Metro Museum is an authentic attraction destination located in ,  district of Delhi. Celebrated for its regional significance and unique ambiance, it offers travelers an immersive experience in the culture, scenic beauty, and heritage of Delhi.",Oct-Mar,https://thumb.wikimedia.org/wikipedia/commons/thumb/f/fa/Climbing_Wall%2C_Indian_Mountaineering_Federation_center%2C_New_Delhi.jpg/960px-Climbing_Wall%2C_Indian_Mountaineering_Federation_center%2C_New_Delhi.jpg?utm_source=en.wikipedia.org&utm_campaign=imageinfo&utm_content=thumbnail
11743,Supreme Court Museum,Delhi,attraction,28.7161,77.0705,mid,4.0,442,"Supreme Court Museum is an authentic attraction destination located in ,  district of Delhi. Celebrated for its regional significance and unique ambiance, it offers travelers an immersive experience in the culture, scenic beauty, and heritage of Delhi.",Oct-Mar,https://thumb.wikimedia.org/wikipedia/commons/thumb/a/aa/%E0%A4%B6%E0%A4%BF%E0%A4%B2%E0%A5%8D%E0%A4%AA_%E0%A4%B8%E0%A4%82%E0%A4%97%E0%A5%8D%E0%A4%B0%E0%A4%B9%E0%A4%BE%E0%A4%B2%E0%A4%AF_%E0%A4%95%E0%A4%BE_%E0%A4%AA%E0%A5%8D%E0%A4%B0%E0%A4%B5%E0%A5%85%E0%A4%B6_%E0%A4%A6%E0%A5%8D%E0%A4%B5%E0%A4%BE%E0%A4%B0.jpg/960px-%E0%A4%B6%E0%A4%BF%E0%A4%B2%E0%A5%8D%E0%A4%AA_%E0%A4%B8%E0%A4%82%E0%A4%97%E0%A5%8D%E0%A4%B0%E0%A4%B9%E0%A4%BE%E0%A4%B2%E0%A4%AF_%E0%A4%95%E0%A4%BE_%E0%A4%AA%E0%A5%8D%E0%A4%B0%E0%A4%B5%E0%A5%85%E0%A4%B6_%E0%A4%A6%E0%A5%8D%E0%A4%B5%E0%A4%BE%E0%A4%B0.jpg?utm_source=en.wikipedia.org&utm_campaign=api&utm_content=thumbnail
11744,Air Force Museum,Delhi,attraction,28.6641,77.1257,mid,4.7,1601,"Air Force Museum is an authentic attraction destination located in ,  district of Delhi. Celebrated for its regional significance and unique ambiance, it offers travelers an immersive experience in the culture, scenic beauty, and heritage of Delhi.",Oct-Mar,https://thumb.wikimedia.org/wikipedia/commons/thumb/6/6a/National-Rail-Museum-Entr%C3%A9e.JPG/960px-National-Rail-Museum-Entr%C3%A9e.JPG?utm_source=en.wikipedia.org&utm_campaign=api&utm_content=thumbnail
11745,Gurudwara Rakab Ganj Sahib,Delhi,attraction,28.6865,77.0673,budget,4.7,3732,"Gurudwara Rakab Ganj Sahib is an authentic attraction destination located in ,  district of Delhi. Celebrated for its regional significance and unique ambiance, it offers travelers an immersive experience in the culture, scenic beauty, and heritage of Delhi.",Oct-Feb,https://thumb.wikimedia.org/wikipedia/commons/thumb/6/6a/Sisganj_GUrudwara_in_Old_Delhi.jpg4.jpg/960px-Sisganj_GUrudwara_in_Old_Delhi.jpg4.jpg?utm_source=en.wikipedia.org&utm_campaign=api&utm_content=thumbnail
11746,Pracheen Hanuman Mandir,Delhi,attraction,28.6993,77.0673,budget,4.0,1346,"Pracheen Hanuman Mandir is an authentic attraction destination located in ,  district of Delhi. Celebrated for its regional significance and unique ambiance, it offers travelers an immersive experience in the culture, scenic beauty, and heritage of Delhi.",Oct-Feb,https://thumb.wikimedia.org/wikipedia/commons/thumb/f/fc/LotusDelhi.jpg/960px-LotusDelhi.jpg?utm_source=en.wikipedia.org&utm_campaign=api&utm_content=thumbnail
11747,Birla Mandir,Delhi,attraction,17.3988,78.4833,budget,4.9,17285,"Birla Mandir is a renowned religious landmark situated in Hyderabad, Hyderabad district of Telangana. The destination attracts visitors seeking authentic regional heritage, architectural grandeur, and picturesque surroundings. It plays an integral role in the cultural landscape and local tourism identity of the region.",Oct-Feb,https://thumb.wikimedia.org/wikipedia/commons/thumb/3/37/Laxminarayan_Temple_in_New_Delhi_03-2016.jpg/960px-Laxminarayan_Temple_in_New_Delhi_03-2016.jpg?utm_source=en.wikipedia.org&utm_campaign=api&utm_content=thumbnail
11748,Delhi Golf Club,Delhi,attraction,28.6697,77.1017,budget,4.3,566,"Delhi Golf Club is an authentic attraction destination located in ,  district of Delhi. Celebrated for its regional significance and unique ambiance, it offers travelers an immersive experience in the culture, scenic beauty, and heritage of Delhi.",Oct-Feb,https://thumb.wikimedia.org/wikipedia/commons/thumb/a/ab/Golf_Club%2C_New_Delhi_-_panoramio_-_Arastu_Gupta_%281%29.jpg/960px-Golf_Club%2C_New_Delhi_-_panoramio_-_Arastu_Gupta_%281%29.jpg?utm_source=en.wikipedia.org&utm_campaign=api&utm_content=thumbnail
11749,Buddha Jayanti Park,Delhi,attraction,28.6809,77.0969,budget,3.9,776,"Buddha Jayanti Park is an authentic attraction destination located in ,  district of Delhi. Celebrated for its regional significance and unique ambiance, it offers travelers an immersive experience in the culture, scenic beauty, and heritage of Delhi.",Oct-Feb,https://thumb.wikimedia.org/wikipedia/commons/thumb/8/83/Peacock_in_its_habitat.jpg/960px-Peacock_in_its_habitat.jpg?utm_source=en.wikipedia.org&utm_campaign=api&utm_content=thumbnail
11750,Aravalli Biodiversity Park,Delhi,attraction,28.6985,77.1305,budget,4.0,151,"Aravalli Biodiversity Park is an authentic attraction destination located in ,  district of Delhi. Celebrated for its regional significance and unique ambiance, it offers travelers an immersive experience in the culture, scenic beauty, and heritage of Delhi.",Oct-Feb,https://thumb.wikimedia.org/wikipedia/commons/thumb/8/83/Peacock_in_its_habitat.jpg/960px-Peacock_in_its_habitat.jpg?utm_source=en.wikipedia.org&utm_campaign=api&utm_content=thumbnail
11751,Neela Hauz Biodiversity Park,Delhi,attraction,28.7017,77.0961,budget,4.4,638,"Neela Hauz Biodiversity Park is an authentic attraction destination located in ,  district of Delhi. Celebrated for its regional significance and unique ambiance, it offers travelers an immersive experience in the culture, scenic beauty, and heritage of Delhi.",Oct-Feb,https://thumb.wikimedia.org/wikipedia/commons/thumb/a/a9/NZP_Delhi.jpg/960px-NZP_Delhi.jpg?utm_source=en.wikipedia.org&utm_campaign=api&utm_content=thumbnail
11752,Sanjay Van,Delhi,attraction,28.7025,77.1001,budget,4.4,2621,"Sanjay Van is an authentic attraction destination located in ,  district of Delhi. Celebrated for its regional significance and unique ambiance, it offers travelers an immersive experience in the culture, scenic beauty, and heritage of Delhi.",Oct-Feb,https://thumb.wikimedia.org/wikipedia/commons/thumb/1/13/IndraprasthaPark-Stupa-1.jpg/960px-IndraprasthaPark-Stupa-1.jpg?utm_source=en.wikipedia.org&utm_campaign=api&utm_content=thumbnail
11753,Indian Mountaineering Foundation,Delhi,attraction,28.7329,77.1249,budget,4.3,1400,"Indian Mountaineering Foundation is an authentic attraction destination located in ,  district of Delhi. Celebrated for its regional significance and unique ambiance, it offers travelers an immersive experience in the culture, scenic beauty, and heritage of Delhi.",Oct-Feb,https://thumb.wikimedia.org/wikipedia/commons/thumb/f/fa/Climbing_Wall%2C_Indian_Mountaineering_Federation_center%2C_New_Delhi.jpg/960px-Climbing_Wall%2C_Indian_Mountaineering_Federation_center%2C_New_Delhi.jpg?utm_source=en.wikipedia.org&utm_campaign=imageinfo&utm_content=thumbnail
11754,Mehram Nagar Katra,Delhi,attraction,28.7425,77.0713,budget,4.4,1815,"Mehram Nagar Katra is an authentic attraction destination located in ,  district of Delhi. Celebrated for its regional significance and unique ambiance, it offers travelers an immersive experience in the culture, scenic beauty, and heritage of Delhi.",Oct-Feb,https://thumb.wikimedia.org/wikipedia/commons/thumb/4/4b/A_shop_selling_Dates_in_Khari_Baoli_market.jpg/960px-A_shop_selling_Dates_in_Khari_Baoli_market.jpg?utm_source=en.wikipedia.org&utm_campaign=api&utm_content=thumbnail
11755,Katra and Garden of Mehram Nagar,Delhi,attraction,28.6857,77.1121,budget,4.5,5434,"Katra and Garden of Mehram Nagar is an authentic attraction destination located in ,  district of Delhi. Celebrated for its regional significance and unique ambiance, it offers travelers an immersive experience in the culture, scenic beauty, and heritage of Delhi.",Oct-Feb,https://thumb.wikimedia.org/wikipedia/commons/thumb/3/32/Mughal_Garden%2C_Rashtrapathi_Bhawan_-_panoramio.jpg/960px-Mughal_Garden%2C_Rashtrapathi_Bhawan_-_panoramio.jpg?utm_source=en.wikipedia.org&utm_campaign=api&utm_content=thumbnail
11756,Bara Lao Ka Gumbad,Delhi,attraction,28.7169,77.1313,budget,4.7,5176,"Bara Lao Ka Gumbad is an authentic attraction destination located in ,  district of Delhi. Celebrated for its regional significance and unique ambiance, it offers travelers an immersive experience in the culture, scenic beauty, and heritage of Delhi.",Oct-Feb,https://thumb.wikimedia.org/wikipedia/commons/thumb/7/7c/India_Habitat_centre_-_panoramio.jpg/960px-India_Habitat_centre_-_panoramio.jpg?utm_source=en.wikipedia.org&utm_campaign=api&utm_content=thumbnail
11757,Adham Khan's Tomb,Delhi,attraction,28.6641,77.1377,budget,4.2,1861,"Adham Khan's Tomb is an authentic attraction destination located in ,  district of Delhi. Celebrated for its regional significance and unique ambiance, it offers travelers an immersive experience in the culture, scenic beauty, and heritage of Delhi.",Oct-Feb,https://thumb.wikimedia.org/wikipedia/commons/thumb/3/31/AdamKhanTomb.jpg/960px-AdamKhanTomb.jpg?utm_source=en.wikipedia.org&utm_campaign=api&utm_content=thumbnail
11758,Quwwat-ul-Islam Mosque,Delhi,attraction,28.7145,77.1369,budget,4.2,1769,"Quwwat-ul-Islam Mosque is an authentic attraction destination located in ,  district of Delhi. Celebrated for its regional significance and unique ambiance, it offers travelers an immersive experience in the culture, scenic beauty, and heritage of Delhi.",Oct-Feb,https://upload.wikimedia.org/wikipedia/commons/e/e6/Tomb_of_Bahlol_Lodi.JPG?utm_source=en.wikipedia.org&utm_campaign=api&utm_content=thumbnail_unscaled
11759,Iron Pillar,Delhi,attraction,28.7425,77.0873,budget,4.5,6505,"Iron Pillar is an authentic attraction destination located in ,  district of Delhi. Celebrated for its regional significance and unique ambiance, it offers travelers an immersive experience in the culture, scenic beauty, and heritage of Delhi.",Oct-Feb,https://thumb.wikimedia.org/wikipedia/commons/thumb/b/b8/New_Delhi_government_block_03-2016_img3.jpg/960px-New_Delhi_government_block_03-2016_img3.jpg?utm_source=en.wikipedia.org&utm_campaign=api&utm_content=thumbnail
11760,Alai Darwaza,Delhi,attraction,28.6705,77.0633,budget,4.4,2389,"Alai Darwaza is an authentic attraction destination located in ,  district of Delhi. Celebrated for its regional significance and unique ambiance, it offers travelers an immersive experience in the culture, scenic beauty, and heritage of Delhi.",Oct-Feb,https://thumb.wikimedia.org/wikipedia/commons/thumb/f/f1/Alai_Darwaza.JPG/960px-Alai_Darwaza.JPG?utm_source=en.wikipedia.org&utm_campaign=api&utm_content=thumbnail
11761,Alai Minar,Delhi,attraction,28.7345,77.0881,budget,4.7,4262,"Alai Minar is an authentic attraction destination located in ,  district of Delhi. Celebrated for its regional significance and unique ambiance, it offers travelers an immersive experience in the culture, scenic beauty, and heritage of Delhi.",Oct-Feb,https://thumb.wikimedia.org/wikipedia/commons/thumb/b/b8/New_Delhi_government_block_03-2016_img3.jpg/960px-New_Delhi_government_block_03-2016_img3.jpg?utm_source=en.wikipedia.org&utm_campaign=api&utm_content=thumbnail
11762,Tomb of Alauddin Khalji,Delhi,attraction,28.6713,77.0657,budget,4.4,1245,"Tomb of Alauddin Khalji is an authentic attraction destination located in ,  district of Delhi. Celebrated for its regional significance and unique ambiance, it offers travelers an immersive experience in the culture, scenic beauty, and heritage of Delhi.",Oct-Feb,https://upload.wikimedia.org/wikipedia/commons/e/e6/Tomb_of_Bahlol_Lodi.JPG?utm_source=en.wikipedia.org&utm_campaign=api&utm_content=thumbnail_unscaled
11763,Jamali Kamali Mosque and Tomb,Delhi,attraction,28.7225,77.0657,budget,3.9,228,"Jamali Kamali Mosque and Tomb is an authentic attraction destination located in ,  district of Delhi. Celebrated for its regional significance and unique ambiance, it offers travelers an immersive experience in the culture, scenic beauty, and heritage of Delhi.",Oct-Feb,https://thumb.wikimedia.org/wikipedia/commons/thumb/a/a2/Jamali_Kamali_mosque1.jpg/960px-Jamali_Kamali_mosque1.jpg?utm_source=en.wikipedia.org&utm_campaign=api&utm_content=thumbnail
11764,Balban's Tomb,Delhi,attraction,28.7169,77.0809,budget,4.6,8974,"Balban's Tomb is an authentic attraction destination located in ,  district of Delhi. Celebrated for its regional significance and unique ambiance, it offers travelers an immersive experience in the culture, scenic beauty, and heritage of Delhi.",Oct-Feb,https://thumb.wikimedia.org/wikipedia/commons/thumb/a/a4/Jama_Masjid_-_In_the_Noon.jpg/960px-Jama_Masjid_-_In_the_Noon.jpg?utm_source=en.wikipedia.org&utm_campaign=api&utm_content=thumbnail
11765,Lal Gumbad Mehrauli,Delhi,attraction,28.7201,77.0689,budget,3.9,1301,"Lal Gumbad Mehrauli is an authentic attraction destination located in ,  district of Delhi. Celebrated for its regional significance and unique ambiance, it offers travelers an immersive experience in the culture, scenic beauty, and heritage of Delhi.",Oct-Feb,https://thumb.wikimedia.org/wikipedia/commons/thumb/4/46/Ferozabad_Panorama.jpg/960px-Ferozabad_Panorama.jpg?utm_source=en.wikipedia.org&utm_campaign=api&utm_content=thumbnail
11766,Mughal Jharna,Delhi,attraction,28.7233,77.1409,budget,4.0,283,"Mughal Jharna is an authentic attraction destination located in ,  district of Delhi. Celebrated for its regional significance and unique ambiance, it offers travelers an immersive experience in the culture, scenic beauty, and heritage of Delhi.",Oct-Feb,https://thumb.wikimedia.org/wikipedia/commons/thumb/f/fa/Climbing_Wall%2C_Indian_Mountaineering_Federation_center%2C_New_Delhi.jpg/960px-Climbing_Wall%2C_Indian_Mountaineering_Federation_center%2C_New_Delhi.jpg?utm_source=en.wikipedia.org&utm_campaign=imageinfo&utm_content=thumbnail
11767,Jharna Mehrauli,Delhi,attraction,28.6729,77.0921,budget,4.0,335,"Jharna Mehrauli is an authentic attraction destination located in ,  district of Delhi. Celebrated for its regional significance and unique ambiance, it offers travelers an immersive experience in the culture, scenic beauty, and heritage of Delhi.",Oct-Feb,https://thumb.wikimedia.org/wikipedia/commons/thumb/4/46/Ferozabad_Panorama.jpg/960px-Ferozabad_Panorama.jpg?utm_source=en.wikipedia.org&utm_campaign=api&utm_content=thumbnail
11768,Anangtal Baoli,Delhi,attraction,28.6777,77.1209,budget,4.0,1238,"Anangtal Baoli is an authentic attraction destination located in ,  district of Delhi. Celebrated for its regional significance and unique ambiance, it offers travelers an immersive experience in the culture, scenic beauty, and heritage of Delhi.",Oct-Feb,https://thumb.wikimedia.org/wikipedia/commons/thumb/f/f1/Alai_Darwaza.JPG/960px-Alai_Darwaza.JPG?utm_source=en.wikipedia.org&utm_campaign=api&utm_content=thumbnail
11769,Hauz-i-Shamsi,Delhi,attraction,28.7425,77.1281,budget,4.7,5873,"Hauz-i-Shamsi is an authentic attraction destination located in ,  district of Delhi. Celebrated for its regional significance and unique ambiance, it offers travelers an immersive experience in the culture, scenic beauty, and heritage of Delhi.",Oct-Feb,https://thumb.wikimedia.org/wikipedia/commons/thumb/b/bb/Tower_at_the_location_of_prophet%27s_horse%27s_hoop.jpg/960px-Tower_at_the_location_of_prophet%27s_horse%27s_hoop.jpg?utm_source=en.wikipedia.org&utm_campaign=api&utm_content=thumbnail
11770,Jahaz Mahal,Delhi,attraction,28.7377,77.1097,budget,4.5,9071,"Jahaz Mahal is an authentic attraction destination located in ,  district of Delhi. Celebrated for its regional significance and unique ambiance, it offers travelers an immersive experience in the culture, scenic beauty, and heritage of Delhi.",Oct-Feb,https://thumb.wikimedia.org/wikipedia/commons/thumb/b/ba/Jahaz_Mahal_on_the_bank_of_Hauz-i-Shamsi.jpg/960px-Jahaz_Mahal_on_the_bank_of_Hauz-i-Shamsi.jpg?utm_source=en.wikipedia.org&utm_campaign=api&utm_content=thumbnail
11771,Metcalfe's Boathouse,Delhi,attraction,28.7233,77.0713,budget,4.1,1142,"Metcalfe's Boathouse is an authentic attraction destination located in ,  district of Delhi. Celebrated for its regional significance and unique ambiance, it offers travelers an immersive experience in the culture, scenic beauty, and heritage of Delhi.",Oct-Feb,https://thumb.wikimedia.org/wikipedia/commons/thumb/f/fa/Climbing_Wall%2C_Indian_Mountaineering_Federation_center%2C_New_Delhi.jpg/960px-Climbing_Wall%2C_Indian_Mountaineering_Federation_center%2C_New_Delhi.jpg?utm_source=en.wikipedia.org&utm_campaign=imageinfo&utm_content=thumbnail
11772,Metcalfe's Guest House,Delhi,attraction,28.7065,77.0881,budget,4.1,605,"Metcalfe's Guest House is an authentic attraction destination located in ,  district of Delhi. Celebrated for its regional significance and unique ambiance, it offers travelers an immersive experience in the culture, scenic beauty, and heritage of Delhi.",Oct-Feb,https://thumb.wikimedia.org/wikipedia/commons/thumb/6/67/Nehru_museum_and_library_in_Delhi_03.jpg/960px-Nehru_museum_and_library_in_Delhi_03.jpg?utm_source=en.wikipedia.org&utm_campaign=api&utm_content=thumbnail
11773,Tomb of Muhammad Quli Khan,Delhi,attraction,28.7281,77.1385,budget,4.1,957,"Tomb of Muhammad Quli Khan is an authentic attraction destination located in ,  district of Delhi. Celebrated for its regional significance and unique ambiance, it offers travelers an immersive experience in the culture, scenic beauty, and heritage of Delhi.",Oct-Feb,https://thumb.wikimedia.org/wikipedia/commons/thumb/3/3e/The_North_side_view_of_the_Moth_Ki_Masjid.JPG/960px-The_North_side_view_of_the_Moth_Ki_Masjid.JPG?utm_source=en.wikipedia.org&utm_campaign=api&utm_content=thumbnail
11774,Horse Stable Mehrauli Archaeological Park,Delhi,attraction,28.7065,77.0665,budget,4.5,7218,"Horse Stable Mehrauli Archaeological Park is an authentic attraction destination located in ,  district of Delhi. Celebrated for its regional significance and unique ambiance, it offers travelers an immersive experience in the culture, scenic beauty, and heritage of Delhi.",Oct-Feb,https://thumb.wikimedia.org/wikipedia/commons/thumb/8/83/Peacock_in_its_habitat.jpg/960px-Peacock_in_its_habitat.jpg?utm_source=en.wikipedia.org&utm_campaign=api&utm_content=thumbnail
11775,Sohail Wali Mosque,Delhi,attraction,28.7129,77.0825,budget,4.6,8353,"Sohail Wali Mosque is an authentic attraction destination located in ,  district of Delhi. Celebrated for its regional significance and unique ambiance, it offers travelers an immersive experience in the culture, scenic beauty, and heritage of Delhi.",Oct-Feb,https://thumb.wikimedia.org/wikipedia/commons/thumb/3/31/AdamKhanTomb.jpg/960px-AdamKhanTomb.jpg?utm_source=en.wikipedia.org&utm_campaign=api&utm_content=thumbnail
11776,Baghichi Ki Masjid,Delhi,attraction,28.6817,77.0905,budget,4.5,9114,"Baghichi Ki Masjid is an authentic attraction destination located in ,  district of Delhi. Celebrated for its regional significance and unique ambiance, it offers travelers an immersive experience in the culture, scenic beauty, and heritage of Delhi.",Oct-Feb,https://thumb.wikimedia.org/wikipedia/commons/thumb/3/3e/The_North_side_view_of_the_Moth_Ki_Masjid.JPG/960px-The_North_side_view_of_the_Moth_Ki_Masjid.JPG?utm_source=en.wikipedia.org&utm_campaign=api&utm_content=thumbnail
11777,Chaumachi Khan's Tomb,Delhi,attraction,28.7089,77.0929,budget,4.7,3099,"Chaumachi Khan's Tomb is an authentic attraction destination located in ,  district of Delhi. Celebrated for its regional significance and unique ambiance, it offers travelers an immersive experience in the culture, scenic beauty, and heritage of Delhi.",Oct-Feb,https://thumb.wikimedia.org/wikipedia/commons/thumb/d/d6/Isha_Khan_Niyazi%27s_tomb_-_Delhi_297_HT.jpg/960px-Isha_Khan_Niyazi%27s_tomb_-_Delhi_297_HT.jpg?utm_source=en.wikipedia.org&utm_campaign=api&utm_content=thumbnail
11778,Unknown Tomb Jharokha Mehrauli,Delhi,attraction,28.7049,77.0705,budget,4.0,183,"Unknown Tomb Jharokha Mehrauli is an authentic attraction destination located in ,  district of Delhi. Celebrated for its regional significance and unique ambiance, it offers travelers an immersive experience in the culture, scenic beauty, and heritage of Delhi.",Oct-Feb,https://thumb.wikimedia.org/wikipedia/commons/thumb/3/31/AdamKhanTomb.jpg/960px-AdamKhanTomb.jpg?utm_source=en.wikipedia.org&utm_campaign=api&utm_content=thumbnail
11779,Unknown Tomb near Rajon Ki Baoli,Delhi,attraction,28.6657,77.0737,budget,4.4,3112,"Unknown Tomb near Rajon Ki Baoli is an authentic attraction destination located in ,  district of Delhi. Celebrated for its regional significance and unique ambiance, it offers travelers an immersive experience in the culture, scenic beauty, and heritage of Delhi.",Oct-Feb,https://thumb.wikimedia.org/wikipedia/commons/thumb/4/48/Fatehpuri_Masjid_in_Delhi_19.jpg/960px-Fatehpuri_Masjid_in_Delhi_19.jpg?utm_source=en.wikipedia.org&utm_campaign=api&utm_content=thumbnail
11780,Unknown Tomb Behind Mehrauli Bus Terminal,Delhi,attraction,28.7201,77.1113,budget,4.0,1226,"Unknown Tomb Behind Mehrauli Bus Terminal is an authentic attraction destination located in ,  district of Delhi. Celebrated for its regional significance and unique ambiance, it offers travelers an immersive experience in the culture, scenic beauty, and heritage of Delhi.",Oct-Feb,https://thumb.wikimedia.org/wikipedia/commons/thumb/d/d6/Isha_Khan_Niyazi%27s_tomb_-_Delhi_297_HT.jpg/960px-Isha_Khan_Niyazi%27s_tomb_-_Delhi_297_HT.jpg?utm_source=en.wikipedia.org&utm_campaign=api&utm_content=thumbnail
11781,Unknown Tomb South of Lado Sarai,Delhi,attraction,28.7105,77.1137,budget,4.3,762,"Unknown Tomb South of Lado Sarai is an authentic attraction destination located in ,  district of Delhi. Celebrated for its regional significance and unique ambiance, it offers travelers an immersive experience in the culture, scenic beauty, and heritage of Delhi.",Oct-Feb,https://thumb.wikimedia.org/wikipedia/commons/thumb/3/31/AdamKhanTomb.jpg/960px-AdamKhanTomb.jpg?utm_source=en.wikipedia.org&utm_campaign=api&utm_content=thumbnail
11782,Mosque North East of Lado Sarai,Delhi,attraction,28.6673,77.0665,budget,3.9,1302,"Mosque North East of Lado Sarai is an authentic attraction destination located in ,  district of Delhi. Celebrated for its regional significance and unique ambiance, it offers travelers an immersive experience in the culture, scenic beauty, and heritage of Delhi.",Oct-Feb,https://upload.wikimedia.org/wikipedia/commons/e/e6/Tomb_of_Bahlol_Lodi.JPG?utm_source=en.wikipedia.org&utm_campaign=api&utm_content=thumbnail_unscaled
11783,Adilabad Fort,Delhi,attraction,28.6697,77.1249,mid,4.1,975,"Adilabad Fort is an authentic attraction destination located in ,  district of Delhi. Celebrated for its regional significance and unique ambiance, it offers travelers an immersive experience in the culture, scenic beauty, and heritage of Delhi.",Oct-Feb,https://thumb.wikimedia.org/wikipedia/commons/thumb/c/ca/Octagonal_pavilion_and_hypostyle_hall.jpg/960px-Octagonal_pavilion_and_hypostyle_hall.jpg?utm_source=en.wikipedia.org&utm_campaign=api&utm_content=thumbnail
11784,Mausoleum of Ghiyasuddin Tughlaq,Delhi,attraction,28.7153,77.1281,budget,4.2,1606,"Mausoleum of Ghiyasuddin Tughlaq is an authentic attraction destination located in ,  district of Delhi. Celebrated for its regional significance and unique ambiance, it offers travelers an immersive experience in the culture, scenic beauty, and heritage of Delhi.",Oct-Feb,https://thumb.wikimedia.org/wikipedia/commons/thumb/f/fd/Jahanpanah_City_Forest_jogging_track.jpg/960px-Jahanpanah_City_Forest_jogging_track.jpg?utm_source=en.wikipedia.org&utm_campaign=api&utm_content=thumbnail
11785,Satpula Dam,Delhi,attraction,28.7369,77.0913,budget,4.7,2245,"Satpula Dam is an authentic attraction destination located in ,  district of Delhi. Celebrated for its regional significance and unique ambiance, it offers travelers an immersive experience in the culture, scenic beauty, and heritage of Delhi.",Oct-Feb,https://thumb.wikimedia.org/wikipedia/commons/thumb/b/b8/Sanjay_Lake.jpg/960px-Sanjay_Lake.jpg?utm_source=en.wikipedia.org&utm_campaign=api&utm_content=thumbnail
11786,Khirki Mosque,Delhi,attraction,28.6809,77.1081,budget,4.3,1984,"Khirki Mosque is an authentic attraction destination located in ,  district of Delhi. Celebrated for its regional significance and unique ambiance, it offers travelers an immersive experience in the culture, scenic beauty, and heritage of Delhi.",Oct-Feb,https://thumb.wikimedia.org/wikipedia/commons/thumb/f/f4/Begampur_Masjid.jpg/960px-Begampur_Masjid.jpg?utm_source=en.wikipedia.org&utm_campaign=api&utm_content=thumbnail
11787,Moth Ki Masjid,Delhi,attraction,28.7281,77.1145,budget,4.3,2046,"Moth Ki Masjid is an authentic attraction destination located in ,  district of Delhi. Celebrated for its regional significance and unique ambiance, it offers travelers an immersive experience in the culture, scenic beauty, and heritage of Delhi.",Oct-Feb,https://thumb.wikimedia.org/wikipedia/commons/thumb/3/3e/The_North_side_view_of_the_Moth_Ki_Masjid.JPG/960px-The_North_side_view_of_the_Moth_Ki_Masjid.JPG?utm_source=en.wikipedia.org&utm_campaign=api&utm_content=thumbnail
11788,Bijay Mandal,Delhi,attraction,28.7089,77.1201,budget,4.4,3390,"Bijay Mandal is an authentic attraction destination located in ,  district of Delhi. Celebrated for its regional significance and unique ambiance, it offers travelers an immersive experience in the culture, scenic beauty, and heritage of Delhi.",Oct-Feb,https://thumb.wikimedia.org/wikipedia/commons/thumb/2/2d/Chaunsath_Khamba_06.jpg/960px-Chaunsath_Khamba_06.jpg?utm_source=en.wikipedia.org&utm_campaign=api&utm_content=thumbnail
11789,Chor Minar,Delhi,attraction,28.6641,77.0641,budget,4.2,2910,"Chor Minar is an authentic attraction destination located in ,  district of Delhi. Celebrated for its regional significance and unique ambiance, it offers travelers an immersive experience in the culture, scenic beauty, and heritage of Delhi.",Oct-Feb,https://upload.wikimedia.org/wikipedia/commons/b/bd/Tower_of_Thieves.JPG?utm_source=en.wikipedia.org&utm_campaign=api&utm_content=thumbnail_unscaled
11790,Tomb of Firoz Shah Tughlaq,Delhi,attraction,28.6657,77.1233,budget,4.3,2344,"Tomb of Firoz Shah Tughlaq is an authentic attraction destination located in ,  district of Delhi. Celebrated for its regional significance and unique ambiance, it offers travelers an immersive experience in the culture, scenic beauty, and heritage of Delhi.",Oct-Feb,https://thumb.wikimedia.org/wikipedia/commons/thumb/f/f4/Begampur_Masjid.jpg/960px-Begampur_Masjid.jpg?utm_source=en.wikipedia.org&utm_campaign=api&utm_content=thumbnail
11791,Firoz Shah Tughlaq Madrasa,Delhi,attraction,28.6769,77.0817,budget,4.1,663,"Firoz Shah Tughlaq Madrasa is an authentic attraction destination located in ,  district of Delhi. Celebrated for its regional significance and unique ambiance, it offers travelers an immersive experience in the culture, scenic beauty, and heritage of Delhi.",Oct-Feb,https://thumb.wikimedia.org/wikipedia/commons/thumb/4/46/Ferozabad_Panorama.jpg/960px-Ferozabad_Panorama.jpg?utm_source=en.wikipedia.org&utm_campaign=api&utm_content=thumbnail
11792,Munda Gumbad,Delhi,attraction,28.7281,77.0985,budget,4.6,6911,"Munda Gumbad is an authentic attraction destination located in ,  district of Delhi. Celebrated for its regional significance and unique ambiance, it offers travelers an immersive experience in the culture, scenic beauty, and heritage of Delhi.",Oct-Feb,https://thumb.wikimedia.org/wikipedia/commons/thumb/a/ab/Golf_Club%2C_New_Delhi_-_panoramio_-_Arastu_Gupta_%281%29.jpg/960px-Golf_Club%2C_New_Delhi_-_panoramio_-_Arastu_Gupta_%281%29.jpg?utm_source=en.wikipedia.org&utm_campaign=api&utm_content=thumbnail
11793,Nili Mosque,Delhi,attraction,28.6793,77.0657,budget,4.3,1143,"Nili Mosque is an authentic attraction destination located in ,  district of Delhi. Celebrated for its regional significance and unique ambiance, it offers travelers an immersive experience in the culture, scenic beauty, and heritage of Delhi.",Oct-Feb,https://thumb.wikimedia.org/wikipedia/commons/thumb/a/a2/Jamali_Kamali_mosque1.jpg/960px-Jamali_Kamali_mosque1.jpg?utm_source=en.wikipedia.org&utm_campaign=api&utm_content=thumbnail
11794,Kali Gumti,Delhi,attraction,28.7169,77.0673,budget,4.7,9086,"Kali Gumti is an authentic attraction destination located in ,  district of Delhi. Celebrated for its regional significance and unique ambiance, it offers travelers an immersive experience in the culture, scenic beauty, and heritage of Delhi.",Oct-Feb,https://thumb.wikimedia.org/wikipedia/commons/thumb/2/28/Agrasen_ki_Baoli%2C_New_Delhi.jpg/960px-Agrasen_ki_Baoli%2C_New_Delhi.jpg?utm_source=en.wikipedia.org&utm_campaign=api&utm_content=thumbnail
11795,Idgah of Kharehra,Delhi,attraction,28.7377,77.1249,budget,4.4,2508,"Idgah of Kharehra is an authentic attraction destination located in ,  district of Delhi. Celebrated for its regional significance and unique ambiance, it offers travelers an immersive experience in the culture, scenic beauty, and heritage of Delhi.",Oct-Feb,https://thumb.wikimedia.org/wikipedia/commons/thumb/3/31/AdamKhanTomb.jpg/960px-AdamKhanTomb.jpg?utm_source=en.wikipedia.org&utm_campaign=api&utm_content=thumbnail
11796,Dadi Poti Tombs,Delhi,attraction,28.7361,77.0673,budget,4.0,755,"Dadi Poti Tombs is an authentic attraction destination located in ,  district of Delhi. Celebrated for its regional significance and unique ambiance, it offers travelers an immersive experience in the culture, scenic beauty, and heritage of Delhi.",Oct-Feb,https://thumb.wikimedia.org/wikipedia/commons/thumb/3/31/AdamKhanTomb.jpg/960px-AdamKhanTomb.jpg?utm_source=en.wikipedia.org&utm_campaign=api&utm_content=thumbnail
11797,Green Park and Deer Park,Delhi,attraction,28.7225,77.0993,budget,4.6,4265,"Green Park and Deer Park is an authentic attraction destination located in ,  district of Delhi. Celebrated for its regional significance and unique ambiance, it offers travelers an immersive experience in the culture, scenic beauty, and heritage of Delhi.",Oct-Feb,https://thumb.wikimedia.org/wikipedia/commons/thumb/d/d0/Sun_clock_inside_the_Garden_of_Five_Senses.jpg/960px-Sun_clock_inside_the_Garden_of_Five_Senses.jpg?utm_source=en.wikipedia.org&utm_campaign=api&utm_content=thumbnail
11798,Kotla Mubarakpur Tomb Complex,Delhi,attraction,28.7225,77.0665,budget,4.6,5058,"Kotla Mubarakpur Tomb Complex is an authentic attraction destination located in ,  district of Delhi. Celebrated for its regional significance and unique ambiance, it offers travelers an immersive experience in the culture, scenic beauty, and heritage of Delhi.",Oct-Feb,https://thumb.wikimedia.org/wikipedia/commons/thumb/3/31/AdamKhanTomb.jpg/960px-AdamKhanTomb.jpg?utm_source=en.wikipedia.org&utm_campaign=api&utm_content=thumbnail
11799,Bade Khan Tomb,Delhi,attraction,28.6657,77.1265,budget,4.2,1786,"Bade Khan Tomb is an authentic attraction destination located in ,  district of Delhi. Celebrated for its regional significance and unique ambiance, it offers travelers an immersive experience in the culture, scenic beauty, and heritage of Delhi.",Oct-Feb,https://thumb.wikimedia.org/wikipedia/commons/thumb/4/48/Fatehpuri_Masjid_in_Delhi_19.jpg/960px-Fatehpuri_Masjid_in_Delhi_19.jpg?utm_source=en.wikipedia.org&utm_campaign=api&utm_content=thumbnail
11800,Chhote Khan Tomb,Delhi,attraction,28.6673,77.0801,budget,4.6,4734,"Chhote Khan Tomb is an authentic attraction destination located in ,  district of Delhi. Celebrated for its regional significance and unique ambiance, it offers travelers an immersive experience in the culture, scenic beauty, and heritage of Delhi.",Oct-Feb,https://thumb.wikimedia.org/wikipedia/commons/thumb/f/f4/Begampur_Masjid.jpg/960px-Begampur_Masjid.jpg?utm_source=en.wikipedia.org&utm_campaign=api&utm_content=thumbnail
11801,Kala Gumbad Kotla Mubarakpur,Delhi,attraction,28.6961,77.0625,budget,4.4,1132,"Kala Gumbad Kotla Mubarakpur is an authentic attraction destination located in ,  district of Delhi. Celebrated for its regional significance and unique ambiance, it offers travelers an immersive experience in the culture, scenic beauty, and heritage of Delhi.",Oct-Feb,https://thumb.wikimedia.org/wikipedia/commons/thumb/b/b8/New_Delhi_government_block_03-2016_img3.jpg/960px-New_Delhi_government_block_03-2016_img3.jpg?utm_source=en.wikipedia.org&utm_campaign=api&utm_content=thumbnail
11802,Inchla Wali Gumti,Delhi,attraction,28.7281,77.0993,budget,4.5,2192,"Inchla Wali Gumti is an authentic attraction destination located in ,  district of Delhi. Celebrated for its regional significance and unique ambiance, it offers travelers an immersive experience in the culture, scenic beauty, and heritage of Delhi.",Oct-Feb,https://thumb.wikimedia.org/wikipedia/commons/thumb/a/ab/Golf_Club%2C_New_Delhi_-_panoramio_-_Arastu_Gupta_%281%29.jpg/960px-Golf_Club%2C_New_Delhi_-_panoramio_-_Arastu_Gupta_%281%29.jpg?utm_source=en.wikipedia.org&utm_campaign=api&utm_content=thumbnail
11803,Gandhak Ki Baoli,Delhi,attraction,28.7113,77.0993,budget,3.9,503,"Gandhak Ki Baoli is an authentic attraction destination located in ,  district of Delhi. Celebrated for its regional significance and unique ambiance, it offers travelers an immersive experience in the culture, scenic beauty, and heritage of Delhi.",Oct-Feb,https://thumb.wikimedia.org/wikipedia/commons/thumb/0/0d/Sunder_Nursery_Sep-2019.jpg/960px-Sunder_Nursery_Sep-2019.jpg?utm_source=en.wikipedia.org&utm_campaign=api&utm_content=thumbnail
11804,Qila Rai Pithora,Delhi,attraction,28.6801,77.0673,budget,4.7,4733,"Qila Rai Pithora is an authentic attraction destination located in ,  district of Delhi. Celebrated for its regional significance and unique ambiance, it offers travelers an immersive experience in the culture, scenic beauty, and heritage of Delhi.",Oct-Feb,https://thumb.wikimedia.org/wikipedia/commons/thumb/0/09/Outer_Wall_of_Lal_kot_and_Rai_Pithora.jpg/960px-Outer_Wall_of_Lal_kot_and_Rai_Pithora.jpg?utm_source=en.wikipedia.org&utm_campaign=api&utm_content=thumbnail
11805,Shahpur Jat,Delhi,attraction,28.7129,77.1385,budget,4.4,2903,"Shahpur Jat is an authentic attraction destination located in ,  district of Delhi. Celebrated for its regional significance and unique ambiance, it offers travelers an immersive experience in the culture, scenic beauty, and heritage of Delhi.",Oct-Feb,https://thumb.wikimedia.org/wikipedia/commons/thumb/f/fa/Climbing_Wall%2C_Indian_Mountaineering_Federation_center%2C_New_Delhi.jpg/960px-Climbing_Wall%2C_Indian_Mountaineering_Federation_center%2C_New_Delhi.jpg?utm_source=en.wikipedia.org&utm_campaign=imageinfo&utm_content=thumbnail
11806,Jahanpanah City Forest,Delhi,attraction,28.7001,77.1337,budget,4.2,2529,"Jahanpanah City Forest is an authentic attraction destination located in ,  district of Delhi. Celebrated for its regional significance and unique ambiance, it offers travelers an immersive experience in the culture, scenic beauty, and heritage of Delhi.",Oct-Feb,https://thumb.wikimedia.org/wikipedia/commons/thumb/f/fd/Jahanpanah_City_Forest_jogging_track.jpg/960px-Jahanpanah_City_Forest_jogging_track.jpg?utm_source=en.wikipedia.org&utm_campaign=api&utm_content=thumbnail
11807,Tomb of Bahlol Lodi,Delhi,attraction,28.6673,77.0737,budget,4.4,662,"Tomb of Bahlol Lodi is an authentic attraction destination located in ,  district of Delhi. Celebrated for its regional significance and unique ambiance, it offers travelers an immersive experience in the culture, scenic beauty, and heritage of Delhi.",Oct-Feb,https://upload.wikimedia.org/wikipedia/commons/e/e6/Tomb_of_Bahlol_Lodi.JPG?utm_source=en.wikipedia.org&utm_campaign=api&utm_content=thumbnail_unscaled
11808,Lal Gumbad Chirag Delhi,Delhi,attraction,28.7009,77.0641,budget,4.2,718,"Lal Gumbad Chirag Delhi is an authentic attraction destination located in ,  district of Delhi. Celebrated for its regional significance and unique ambiance, it offers travelers an immersive experience in the culture, scenic beauty, and heritage of Delhi.",Oct-Feb,https://upload.wikimedia.org/wikipedia/commons/b/bd/Tower_of_Thieves.JPG?utm_source=en.wikipedia.org&utm_campaign=api&utm_content=thumbnail_unscaled
11809,Chirag Delhi Historic Gateways,Delhi,attraction,28.6953,77.0649,budget,3.9,799,"Chirag Delhi Historic Gateways is an authentic attraction destination located in ,  district of Delhi. Celebrated for its regional significance and unique ambiance, it offers travelers an immersive experience in the culture, scenic beauty, and heritage of Delhi.",Oct-Feb,https://thumb.wikimedia.org/wikipedia/commons/thumb/f/fa/Climbing_Wall%2C_Indian_Mountaineering_Federation_center%2C_New_Delhi.jpg/960px-Climbing_Wall%2C_Indian_Mountaineering_Federation_center%2C_New_Delhi.jpg?utm_source=en.wikipedia.org&utm_campaign=imageinfo&utm_content=thumbnail
11810,Dargah Hazrat Qutbuddin Bakhtiyar Kaki,Delhi,attraction,28.7289,77.0993,budget,4.4,1552,"Dargah Hazrat Qutbuddin Bakhtiyar Kaki is an authentic attraction destination located in ,  district of Delhi. Celebrated for its regional significance and unique ambiance, it offers travelers an immersive experience in the culture, scenic beauty, and heritage of Delhi.",Oct-Feb,https://thumb.wikimedia.org/wikipedia/commons/thumb/f/f4/Begampur_Masjid.jpg/960px-Begampur_Masjid.jpg?utm_source=en.wikipedia.org&utm_campaign=api&utm_content=thumbnail
11811,Shrine of Hazrat Nasiruddin Mahmud,Delhi,attraction,28.6841,77.0777,budget,3.9,255,"Shrine of Hazrat Nasiruddin Mahmud is an authentic attraction destination located in ,  district of Delhi. Celebrated for its regional significance and unique ambiance, it offers travelers an immersive experience in the culture, scenic beauty, and heritage of Delhi.",Oct-Feb,https://thumb.wikimedia.org/wikipedia/commons/thumb/d/d2/Iskcon_Delhi_Temple.jpg/960px-Iskcon_Delhi_Temple.jpg?utm_source=en.wikipedia.org&utm_campaign=api&utm_content=thumbnail
11812,Shri Adya Katyayani Shaktipeeth Mandir,Delhi,attraction,28.6753,77.1257,budget,4.7,8772,"Shri Adya Katyayani Shaktipeeth Mandir is an authentic attraction destination located in ,  district of Delhi. Celebrated for its regional significance and unique ambiance, it offers travelers an immersive experience in the culture, scenic beauty, and heritage of Delhi.",Oct-Feb,https://thumb.wikimedia.org/wikipedia/commons/thumb/3/37/Laxminarayan_Temple_in_New_Delhi_03-2016.jpg/960px-Laxminarayan_Temple_in_New_Delhi_03-2016.jpg?utm_source=en.wikipedia.org&utm_campaign=api&utm_content=thumbnail
11813,Tibet House Museum,Delhi,attraction,28.7281,77.1297,mid,4.3,1767,"Tibet House Museum is an authentic attraction destination located in ,  district of Delhi. Celebrated for its regional significance and unique ambiance, it offers travelers an immersive experience in the culture, scenic beauty, and heritage of Delhi.",Oct-Mar,https://thumb.wikimedia.org/wikipedia/commons/thumb/1/14/%27Naubat_Khana%27_at_RED_FORT%2C_Delhi%2C_India.JPG/960px-%27Naubat_Khana%27_at_RED_FORT%2C_Delhi%2C_India.JPG?utm_source=en.wikipedia.org&utm_campaign=api&utm_content=thumbnail
11814,Siri Fort Citadel,Delhi,attraction,28.7065,77.1305,mid,4.5,1791,"Siri Fort Citadel is an authentic attraction destination located in ,  district of Delhi. Celebrated for its regional significance and unique ambiance, it offers travelers an immersive experience in the culture, scenic beauty, and heritage of Delhi.",Oct-Feb,https://thumb.wikimedia.org/wikipedia/commons/thumb/0/09/Outer_Wall_of_Lal_kot_and_Rai_Pithora.jpg/960px-Outer_Wall_of_Lal_kot_and_Rai_Pithora.jpg?utm_source=en.wikipedia.org&utm_campaign=api&utm_content=thumbnail
11815,Bara Gumbad,Delhi,attraction,28.7225,77.1177,budget,4.0,452,"Bara Gumbad is an authentic attraction destination located in ,  district of Delhi. Celebrated for its regional significance and unique ambiance, it offers travelers an immersive experience in the culture, scenic beauty, and heritage of Delhi.",Oct-Feb,https://thumb.wikimedia.org/wikipedia/commons/thumb/1/16/Bara_Gumbad_2015.JPG/960px-Bara_Gumbad_2015.JPG?utm_source=en.wikipedia.org&utm_campaign=api&utm_content=thumbnail
11816,Mohammad Shah Tomb,Delhi,attraction,28.6737,77.1265,budget,4.2,1782,"Mohammad Shah Tomb is an authentic attraction destination located in ,  district of Delhi. Celebrated for its regional significance and unique ambiance, it offers travelers an immersive experience in the culture, scenic beauty, and heritage of Delhi.",Oct-Feb,https://thumb.wikimedia.org/wikipedia/commons/thumb/a/a4/Jama_Masjid_-_In_the_Noon.jpg/960px-Jama_Masjid_-_In_the_Noon.jpg?utm_source=en.wikipedia.org&utm_campaign=api&utm_content=thumbnail
11817,Shah Tomb Lodhi Garden,Delhi,attraction,28.6689,77.0889,budget,4.7,4443,"Shah Tomb Lodhi Garden is an authentic attraction destination located in ,  district of Delhi. Celebrated for its regional significance and unique ambiance, it offers travelers an immersive experience in the culture, scenic beauty, and heritage of Delhi.",Oct-Feb,https://thumb.wikimedia.org/wikipedia/commons/thumb/d/d2/Tomb_of_Humayun%2C_Delhi.jpg/960px-Tomb_of_Humayun%2C_Delhi.jpg?utm_source=en.wikipedia.org&utm_campaign=api&utm_content=thumbnail
11818,Gol Gumbad,Delhi,attraction,28.7121,77.0945,budget,4.7,6106,"Gol Gumbad is an authentic attraction destination located in ,  district of Delhi. Celebrated for its regional significance and unique ambiance, it offers travelers an immersive experience in the culture, scenic beauty, and heritage of Delhi.",Oct-Feb,https://thumb.wikimedia.org/wikipedia/commons/thumb/4/46/Ferozabad_Panorama.jpg/960px-Ferozabad_Panorama.jpg?utm_source=en.wikipedia.org&utm_campaign=api&utm_content=thumbnail
11819,Phutta Gumbad,Delhi,attraction,28.7369,77.1297,budget,4.2,2746,"Phutta Gumbad is an authentic attraction destination located in ,  district of Delhi. Celebrated for its regional significance and unique ambiance, it offers travelers an immersive experience in the culture, scenic beauty, and heritage of Delhi.",Oct-Feb,https://thumb.wikimedia.org/wikipedia/commons/thumb/b/bb/Tower_at_the_location_of_prophet%27s_horse%27s_hoop.jpg/960px-Tower_at_the_location_of_prophet%27s_horse%27s_hoop.jpg?utm_source=en.wikipedia.org&utm_campaign=api&utm_content=thumbnail
11820,Turret in Lodhi Garden,Delhi,attraction,28.6993,77.1025,budget,3.9,441,"Turret in Lodhi Garden is an authentic attraction destination located in ,  district of Delhi. Celebrated for its regional significance and unique ambiance, it offers travelers an immersive experience in the culture, scenic beauty, and heritage of Delhi.",Oct-Feb,https://thumb.wikimedia.org/wikipedia/commons/thumb/3/32/Mughal_Garden%2C_Rashtrapathi_Bhawan_-_panoramio.jpg/960px-Mughal_Garden%2C_Rashtrapathi_Bhawan_-_panoramio.jpg?utm_source=en.wikipedia.org&utm_campaign=api&utm_content=thumbnail
11821,Nameless Mosque Lodhi Garden,Delhi,attraction,28.7329,77.0921,budget,4.2,2168,"Nameless Mosque Lodhi Garden is an authentic attraction destination located in ,  district of Delhi. Celebrated for its regional significance and unique ambiance, it offers travelers an immersive experience in the culture, scenic beauty, and heritage of Delhi.",Oct-Feb,https://thumb.wikimedia.org/wikipedia/commons/thumb/a/a4/Jama_Masjid_-_In_the_Noon.jpg/960px-Jama_Masjid_-_In_the_Noon.jpg?utm_source=en.wikipedia.org&utm_campaign=api&utm_content=thumbnail
11822,Lodhi Garden Baoli and Garden Walls,Delhi,attraction,28.7169,77.0937,budget,4.2,2193,"Lodhi Garden Baoli and Garden Walls is an authentic attraction destination located in ,  district of Delhi. Celebrated for its regional significance and unique ambiance, it offers travelers an immersive experience in the culture, scenic beauty, and heritage of Delhi.",Oct-Feb,https://thumb.wikimedia.org/wikipedia/commons/thumb/8/83/Peacock_in_its_habitat.jpg/960px-Peacock_in_its_habitat.jpg?utm_source=en.wikipedia.org&utm_campaign=api&utm_content=thumbnail
11823,Sunder Nursery,Delhi,attraction,28.6945,77.1281,budget,4.2,2147,"Sunder Nursery is an authentic attraction destination located in ,  district of Delhi. Celebrated for its regional significance and unique ambiance, it offers travelers an immersive experience in the culture, scenic beauty, and heritage of Delhi.",Oct-Feb,https://thumb.wikimedia.org/wikipedia/commons/thumb/0/0d/Sunder_Nursery_Sep-2019.jpg/960px-Sunder_Nursery_Sep-2019.jpg?utm_source=en.wikipedia.org&utm_campaign=api&utm_content=thumbnail
11824,Isa Khan Niyazi Tomb,Delhi,attraction,28.7225,77.1185,budget,4.0,697,"Isa Khan Niyazi Tomb is an authentic attraction destination located in ,  district of Delhi. Celebrated for its regional significance and unique ambiance, it offers travelers an immersive experience in the culture, scenic beauty, and heritage of Delhi.",Oct-Feb,https://thumb.wikimedia.org/wikipedia/commons/thumb/d/d6/Isha_Khan_Niyazi%27s_tomb_-_Delhi_297_HT.jpg/960px-Isha_Khan_Niyazi%27s_tomb_-_Delhi_297_HT.jpg?utm_source=en.wikipedia.org&utm_campaign=api&utm_content=thumbnail
11825,Chausath Khamba,Delhi,attraction,28.6905,77.0809,budget,4.6,3690,"Chausath Khamba is an authentic attraction destination located in ,  district of Delhi. Celebrated for its regional significance and unique ambiance, it offers travelers an immersive experience in the culture, scenic beauty, and heritage of Delhi.",Oct-Feb,https://thumb.wikimedia.org/wikipedia/commons/thumb/2/2d/Chaunsath_Khamba_06.jpg/960px-Chaunsath_Khamba_06.jpg?utm_source=en.wikipedia.org&utm_campaign=api&utm_content=thumbnail
11826,Arab Ki Sarai,Delhi,attraction,28.7153,77.0977,budget,4.5,7384,"Arab Ki Sarai is an authentic attraction destination located in ,  district of Delhi. Celebrated for its regional significance and unique ambiance, it offers travelers an immersive experience in the culture, scenic beauty, and heritage of Delhi.",Oct-Feb,https://thumb.wikimedia.org/wikipedia/commons/thumb/b/bb/Tower_at_the_location_of_prophet%27s_horse%27s_hoop.jpg/960px-Tower_at_the_location_of_prophet%27s_horse%27s_hoop.jpg?utm_source=en.wikipedia.org&utm_campaign=api&utm_content=thumbnail
11827,Tomb of Abdur Rahim Khan-i-Khana,Delhi,attraction,28.7209,77.0793,budget,4.4,2317,"Tomb of Abdur Rahim Khan-i-Khana is an authentic attraction destination located in ,  district of Delhi. Celebrated for its regional significance and unique ambiance, it offers travelers an immersive experience in the culture, scenic beauty, and heritage of Delhi.",Oct-Feb,https://thumb.wikimedia.org/wikipedia/commons/thumb/3/31/AdamKhanTomb.jpg/960px-AdamKhanTomb.jpg?utm_source=en.wikipedia.org&utm_campaign=api&utm_content=thumbnail
11828,Nizamuddin Baoli,Delhi,attraction,28.6929,77.0929,budget,4.6,3248,"Nizamuddin Baoli is an authentic attraction destination located in ,  district of Delhi. Celebrated for its regional significance and unique ambiance, it offers travelers an immersive experience in the culture, scenic beauty, and heritage of Delhi.",Oct-Feb,https://thumb.wikimedia.org/wikipedia/commons/thumb/9/97/Birla_HouseGandhi_Smriti%2C_New_Delhi.jpg/960px-Birla_HouseGandhi_Smriti%2C_New_Delhi.jpg?utm_source=en.wikipedia.org&utm_campaign=api&utm_content=thumbnail
11829,Kalindi Kunj,Delhi,attraction,28.6921,77.0737,budget,4.1,719,"Kalindi Kunj is an authentic attraction destination located in ,  district of Delhi. Celebrated for its regional significance and unique ambiance, it offers travelers an immersive experience in the culture, scenic beauty, and heritage of Delhi.",Oct-Feb,https://thumb.wikimedia.org/wikipedia/commons/thumb/2/29/Delhi_Rides_Main_Gate_1.jpg/960px-Delhi_Rides_Main_Gate_1.jpg?utm_source=en.wikipedia.org&utm_campaign=api&utm_content=thumbnail
11830,Lotus Temple,Delhi,attraction,28.6729,77.0753,budget,4.4,1123,"Lotus Temple is an authentic attraction destination located in ,  district of Delhi. Celebrated for its regional significance and unique ambiance, it offers travelers an immersive experience in the culture, scenic beauty, and heritage of Delhi.",Oct-Mar,https://thumb.wikimedia.org/wikipedia/commons/thumb/e/ee/Lotus_Temple_in_New_Delhi_03-2016.jpg/960px-Lotus_Temple_in_New_Delhi_03-2016.jpg
11831,ISKCON Temple Delhi,Delhi,attraction,28.7081,77.0929,budget,4.5,6449,"ISKCON Temple Delhi is an authentic attraction destination located in ,  district of Delhi. Celebrated for its regional significance and unique ambiance, it offers travelers an immersive experience in the culture, scenic beauty, and heritage of Delhi.",Oct-Mar,https://thumb.wikimedia.org/wikipedia/commons/thumb/d/d2/Iskcon_Delhi_Temple.jpg/960px-Iskcon_Delhi_Temple.jpg?utm_source=en.wikipedia.org&utm_campaign=api&utm_content=thumbnail
11832,Shri Kalkaji Mandir,Delhi,attraction,28.7241,77.0993,budget,4.1,1251,"Shri Kalkaji Mandir is an authentic attraction destination located in ,  district of Delhi. Celebrated for its regional significance and unique ambiance, it offers travelers an immersive experience in the culture, scenic beauty, and heritage of Delhi.",Oct-Feb,https://thumb.wikimedia.org/wikipedia/commons/thumb/d/d2/Iskcon_Delhi_Temple.jpg/960px-Iskcon_Delhi_Temple.jpg?utm_source=en.wikipedia.org&utm_campaign=api&utm_content=thumbnail
11833,Ashokan Rock Edict Bahapur,Delhi,attraction,28.6769,77.0897,budget,4.2,1252,"Ashokan Rock Edict Bahapur is an authentic attraction destination located in ,  district of Delhi. Celebrated for its regional significance and unique ambiance, it offers travelers an immersive experience in the culture, scenic beauty, and heritage of Delhi.",Oct-Feb,https://thumb.wikimedia.org/wikipedia/commons/thumb/6/67/Nehru_museum_and_library_in_Delhi_03.jpg/960px-Nehru_museum_and_library_in_Delhi_03.jpg?utm_source=en.wikipedia.org&utm_campaign=api&utm_content=thumbnail
11834,Sanjay Lake,Delhi,attraction,28.7201,77.1129,budget,4.6,3955,"Sanjay Lake is an authentic attraction destination located in ,  district of Delhi. Celebrated for its regional significance and unique ambiance, it offers travelers an immersive experience in the culture, scenic beauty, and heritage of Delhi.",Oct-Feb,https://thumb.wikimedia.org/wikipedia/commons/thumb/b/b8/Sanjay_Lake.jpg/960px-Sanjay_Lake.jpg?utm_source=en.wikipedia.org&utm_campaign=api&utm_content=thumbnail
11835,EOD Adventure Park,Delhi,attraction,28.7049,77.1345,budget,4.6,7923,"EOD Adventure Park is an authentic attraction destination located in ,  district of Delhi. Celebrated for its regional significance and unique ambiance, it offers travelers an immersive experience in the culture, scenic beauty, and heritage of Delhi.",Oct-Feb,https://thumb.wikimedia.org/wikipedia/commons/thumb/d/d0/Sun_clock_inside_the_Garden_of_Five_Senses.jpg/960px-Sun_clock_inside_the_Garden_of_Five_Senses.jpg?utm_source=en.wikipedia.org&utm_campaign=api&utm_content=thumbnail
11836,Swaminarayan Akshardham Temple,Delhi,attraction,28.7401,77.0737,budget,3.9,594,"Swaminarayan Akshardham Temple is an authentic attraction destination located in ,  district of Delhi. Celebrated for its regional significance and unique ambiance, it offers travelers an immersive experience in the culture, scenic beauty, and heritage of Delhi.",Oct-Mar,https://thumb.wikimedia.org/wikipedia/commons/thumb/f/fc/LotusDelhi.jpg/960px-LotusDelhi.jpg?utm_source=en.wikipedia.org&utm_campaign=api&utm_content=thumbnail
11837,Nehru Place Market,Delhi,attraction,28.6849,77.1193,budget,4.4,1145,"Nehru Place Market is an authentic attraction destination located in ,  district of Delhi. Celebrated for its regional significance and unique ambiance, it offers travelers an immersive experience in the culture, scenic beauty, and heritage of Delhi.",Oct-Feb,https://thumb.wikimedia.org/wikipedia/commons/thumb/4/4b/A_shop_selling_Dates_in_Khari_Baoli_market.jpg/960px-A_shop_selling_Dates_in_Khari_Baoli_market.jpg?utm_source=en.wikipedia.org&utm_campaign=api&utm_content=thumbnail
11838,Asola Bhatti Wildlife Sanctuary,Delhi,attraction,28.6841,77.0761,budget,4.0,812,"Asola Bhatti Wildlife Sanctuary is an authentic attraction destination located in ,  district of Delhi. Celebrated for its regional significance and unique ambiance, it offers travelers an immersive experience in the culture, scenic beauty, and heritage of Delhi.",Oct-Feb,https://thumb.wikimedia.org/wikipedia/commons/thumb/f/f3/The_bank_protruding_into_the_Death_Valley_lake_%2819705915599%29.jpg/960px-The_bank_protruding_into_the_Death_Valley_lake_%2819705915599%29.jpg?utm_source=en.wikipedia.org&utm_campaign=api&utm_content=thumbnail
11839,Tilpath Valley Biodiversity Park,Delhi,attraction,28.7105,77.1265,budget,4.6,2562,"Tilpath Valley Biodiversity Park is an authentic attraction destination located in ,  district of Delhi. Celebrated for its regional significance and unique ambiance, it offers travelers an immersive experience in the culture, scenic beauty, and heritage of Delhi.",Oct-Feb,https://thumb.wikimedia.org/wikipedia/commons/thumb/8/83/Peacock_in_its_habitat.jpg/960px-Peacock_in_its_habitat.jpg?utm_source=en.wikipedia.org&utm_campaign=api&utm_content=thumbnail
11840,Mahipalpur Hunting Lodge,Delhi,hotel,28.7425,77.0961,budget,4.5,8939,"Mahipalpur Hunting Lodge is an authentic hotel destination located in ,  district of Delhi. Celebrated for its regional significance and unique ambiance, it offers travelers an immersive experience in the culture, scenic beauty, and heritage of Delhi.",Oct-Feb,https://thumb.wikimedia.org/wikipedia/commons/thumb/8/84/St._James_Church_9.jpg/960px-St._James_Church_9.jpg?utm_source=en.wikipedia.org&utm_campaign=api&utm_content=thumbnail
11841,Malcha Mahal,Delhi,attraction,28.6657,77.0929,budget,4.4,1171,"Malcha Mahal is an authentic attraction destination located in ,  district of Delhi. Celebrated for its regional significance and unique ambiance, it offers travelers an immersive experience in the culture, scenic beauty, and heritage of Delhi.",Oct-Feb,https://thumb.wikimedia.org/wikipedia/commons/thumb/1/16/Malcha_Mahal.jpg/960px-Malcha_Mahal.jpg?utm_source=en.wikipedia.org&utm_campaign=api&utm_content=thumbnail
11842,Gumti of Shaikh Ali,Delhi,attraction,28.7065,77.1161,budget,4.6,1861,"Gumti of Shaikh Ali is an authentic attraction destination located in ,  district of Delhi. Celebrated for its regional significance and unique ambiance, it offers travelers an immersive experience in the culture, scenic beauty, and heritage of Delhi.",Oct-Feb,https://thumb.wikimedia.org/wikipedia/commons/thumb/b/b8/New_Delhi_government_block_03-2016_img3.jpg/960px-New_Delhi_government_block_03-2016_img3.jpg?utm_source=en.wikipedia.org&utm_campaign=api&utm_content=thumbnail
11843,Bijri Khan's Tomb,Delhi,attraction,28.7433,77.0993,budget,3.9,1157,"Bijri Khan's Tomb is an authentic attraction destination located in ,  district of Delhi. Celebrated for its regional significance and unique ambiance, it offers travelers an immersive experience in the culture, scenic beauty, and heritage of Delhi.",Oct-Feb,https://thumb.wikimedia.org/wikipedia/commons/thumb/a/a4/Jama_Masjid_-_In_the_Noon.jpg/960px-Jama_Masjid_-_In_the_Noon.jpg?utm_source=en.wikipedia.org&utm_campaign=api&utm_content=thumbnail
11844,Haji Langa's Gumbad,Delhi,attraction,28.7265,77.1169,budget,4.1,1071,"Haji Langa's Gumbad is an authentic attraction destination located in ,  district of Delhi. Celebrated for its regional significance and unique ambiance, it offers travelers an immersive experience in the culture, scenic beauty, and heritage of Delhi.",Oct-Feb,https://thumb.wikimedia.org/wikipedia/commons/thumb/a/ab/Golf_Club%2C_New_Delhi_-_panoramio_-_Arastu_Gupta_%281%29.jpg/960px-Golf_Club%2C_New_Delhi_-_panoramio_-_Arastu_Gupta_%281%29.jpg?utm_source=en.wikipedia.org&utm_campaign=api&utm_content=thumbnail
11845,Tomb of Shaikh Ziyauddin Rumi,Delhi,attraction,28.7009,77.0873,budget,4.2,2653,"Tomb of Shaikh Ziyauddin Rumi is an authentic attraction destination located in ,  district of Delhi. Celebrated for its regional significance and unique ambiance, it offers travelers an immersive experience in the culture, scenic beauty, and heritage of Delhi.",Oct-Feb,https://thumb.wikimedia.org/wikipedia/commons/thumb/d/d2/Tomb_of_Humayun%2C_Delhi.jpg/960px-Tomb_of_Humayun%2C_Delhi.jpg?utm_source=en.wikipedia.org&utm_campaign=api&utm_content=thumbnail
11846,Tomb of Shaikh Usman Saiyah,Delhi,attraction,28.6745,77.1177,budget,4.2,2613,"Tomb of Shaikh Usman Saiyah is an authentic attraction destination located in ,  district of Delhi. Celebrated for its regional significance and unique ambiance, it offers travelers an immersive experience in the culture, scenic beauty, and heritage of Delhi.",Oct-Feb,https://thumb.wikimedia.org/wikipedia/commons/thumb/f/f4/Begampur_Masjid.jpg/960px-Begampur_Masjid.jpg?utm_source=en.wikipedia.org&utm_campaign=api&utm_content=thumbnail
11847,Tomb of Shaikh Salahuddin Darwesh,Delhi,attraction,28.6833,77.1273,budget,4.1,1109,"Tomb of Shaikh Salahuddin Darwesh is an authentic attraction destination located in ,  district of Delhi. Celebrated for its regional significance and unique ambiance, it offers travelers an immersive experience in the culture, scenic beauty, and heritage of Delhi.",Oct-Feb,https://thumb.wikimedia.org/wikipedia/commons/thumb/d/d2/Tomb_of_Humayun%2C_Delhi.jpg/960px-Tomb_of_Humayun%2C_Delhi.jpg?utm_source=en.wikipedia.org&utm_campaign=api&utm_content=thumbnail
11848,Majlis Khana Shaikh Sarai,Delhi,attraction,28.7345,77.0881,budget,4.1,364,"Majlis Khana Shaikh Sarai is an authentic attraction destination located in ,  district of Delhi. Celebrated for its regional significance and unique ambiance, it offers travelers an immersive experience in the culture, scenic beauty, and heritage of Delhi.",Oct-Feb,https://thumb.wikimedia.org/wikipedia/commons/thumb/9/98/Purana_Qila_01.jpg/960px-Purana_Qila_01.jpg?utm_source=en.wikipedia.org&utm_campaign=api&utm_content=thumbnail
11849,Baradari Mosque Sadhna Enclave,Delhi,attraction,28.7385,77.1289,budget,4.2,1163,"Baradari Mosque Sadhna Enclave is an authentic attraction destination located in ,  district of Delhi. Celebrated for its regional significance and unique ambiance, it offers travelers an immersive experience in the culture, scenic beauty, and heritage of Delhi.",Oct-Feb,https://upload.wikimedia.org/wikipedia/commons/e/e6/Tomb_of_Bahlol_Lodi.JPG?utm_source=en.wikipedia.org&utm_campaign=api&utm_content=thumbnail_unscaled
11850,Kharbuze Ka Gumbad,Delhi,attraction,28.6865,77.0665,budget,4.6,8283,"Kharbuze Ka Gumbad is an authentic attraction destination located in ,  district of Delhi. Celebrated for its regional significance and unique ambiance, it offers travelers an immersive experience in the culture, scenic beauty, and heritage of Delhi.",Oct-Feb,https://thumb.wikimedia.org/wikipedia/commons/thumb/6/67/Nehru_museum_and_library_in_Delhi_03.jpg/960px-Nehru_museum_and_library_in_Delhi_03.jpg?utm_source=en.wikipedia.org&utm_campaign=api&utm_content=thumbnail
11851,Sarai of Basant,Delhi,attraction,28.7169,77.1217,budget,4.6,2071,"Sarai of Basant is an authentic attraction destination located in ,  district of Delhi. Celebrated for its regional significance and unique ambiance, it offers travelers an immersive experience in the culture, scenic beauty, and heritage of Delhi.",Oct-Feb,https://thumb.wikimedia.org/wikipedia/commons/thumb/1/16/Bara_Gumbad_2015.JPG/960px-Bara_Gumbad_2015.JPG?utm_source=en.wikipedia.org&utm_campaign=api&utm_content=thumbnail
11852,Tomb near Yusuf Sarai,Delhi,attraction,28.6737,77.0969,budget,4.1,428,"Tomb near Yusuf Sarai is an authentic attraction destination located in ,  district of Delhi. Celebrated for its regional significance and unique ambiance, it offers travelers an immersive experience in the culture, scenic beauty, and heritage of Delhi.",Oct-Feb,https://thumb.wikimedia.org/wikipedia/commons/thumb/f/f4/Begampur_Masjid.jpg/960px-Begampur_Masjid.jpg?utm_source=en.wikipedia.org&utm_campaign=api&utm_content=thumbnail
11853,Tomb at Katwari Serai,Delhi,attraction,28.7297,77.1033,budget,4.6,3781,"Tomb at Katwari Serai is an authentic attraction destination located in ,  district of Delhi. Celebrated for its regional significance and unique ambiance, it offers travelers an immersive experience in the culture, scenic beauty, and heritage of Delhi.",Oct-Feb,https://thumb.wikimedia.org/wikipedia/commons/thumb/a/a4/Jama_Masjid_-_In_the_Noon.jpg/960px-Jama_Masjid_-_In_the_Noon.jpg?utm_source=en.wikipedia.org&utm_campaign=api&utm_content=thumbnail
11854,Tomb at Munirka,Delhi,attraction,28.7353,77.0985,budget,4.1,1230,"Tomb at Munirka is an authentic attraction destination located in ,  district of Delhi. Celebrated for its regional significance and unique ambiance, it offers travelers an immersive experience in the culture, scenic beauty, and heritage of Delhi.",Oct-Feb,https://thumb.wikimedia.org/wikipedia/commons/thumb/f/f4/Begampur_Masjid.jpg/960px-Begampur_Masjid.jpg?utm_source=en.wikipedia.org&utm_campaign=api&utm_content=thumbnail
11855,Wall Mosque RK Puram,Delhi,attraction,28.7033,77.1273,budget,4.4,526,"Wall Mosque RK Puram is an authentic attraction destination located in ,  district of Delhi. Celebrated for its regional significance and unique ambiance, it offers travelers an immersive experience in the culture, scenic beauty, and heritage of Delhi.",Oct-Feb,https://thumb.wikimedia.org/wikipedia/commons/thumb/d/d2/Tomb_of_Humayun%2C_Delhi.jpg/960px-Tomb_of_Humayun%2C_Delhi.jpg?utm_source=en.wikipedia.org&utm_campaign=api&utm_content=thumbnail
11856,Gateway of Mahaldar Khan Garden,Delhi,attraction,28.7073,77.1377,budget,4.1,1111,"Gateway of Mahaldar Khan Garden is an authentic attraction destination located in ,  district of Delhi. Celebrated for its regional significance and unique ambiance, it offers travelers an immersive experience in the culture, scenic beauty, and heritage of Delhi.",Oct-Feb,https://thumb.wikimedia.org/wikipedia/commons/thumb/1/13/IndraprasthaPark-Stupa-1.jpg/960px-IndraprasthaPark-Stupa-1.jpg?utm_source=en.wikipedia.org&utm_campaign=api&utm_content=thumbnail
11857,Burjs of Mansur,Delhi,attraction,28.7073,77.0817,budget,4.4,1403,"Burjs of Mansur is an authentic attraction destination located in ,  district of Delhi. Celebrated for its regional significance and unique ambiance, it offers travelers an immersive experience in the culture, scenic beauty, and heritage of Delhi.",Oct-Feb,https://thumb.wikimedia.org/wikipedia/commons/thumb/2/2d/Chaunsath_Khamba_06.jpg/960px-Chaunsath_Khamba_06.jpg?utm_source=en.wikipedia.org&utm_campaign=api&utm_content=thumbnail
11858,Maqbara Paik,Delhi,attraction,28.7033,77.0625,budget,4.6,7380,"Maqbara Paik is an authentic attraction destination located in ,  district of Delhi. Celebrated for its regional significance and unique ambiance, it offers travelers an immersive experience in the culture, scenic beauty, and heritage of Delhi.",Oct-Feb,https://thumb.wikimedia.org/wikipedia/commons/thumb/3/3e/The_North_side_view_of_the_Moth_Ki_Masjid.JPG/960px-The_North_side_view_of_the_Moth_Ki_Masjid.JPG?utm_source=en.wikipedia.org&utm_campaign=api&utm_content=thumbnail
11859,Baoli Dwarka,Delhi,attraction,28.6961,77.1377,budget,4.0,620,"Baoli Dwarka is an authentic attraction destination located in ,  district of Delhi. Celebrated for its regional significance and unique ambiance, it offers travelers an immersive experience in the culture, scenic beauty, and heritage of Delhi.",Oct-Feb,https://thumb.wikimedia.org/wikipedia/commons/thumb/9/98/Purana_Qila_01.jpg/960px-Purana_Qila_01.jpg?utm_source=en.wikipedia.org&utm_campaign=api&utm_content=thumbnail
11860,Badarpur Sarai Northern Gateway,Delhi,attraction,28.7377,77.0721,budget,4.0,1096,"Badarpur Sarai Northern Gateway is an authentic attraction destination located in ,  district of Delhi. Celebrated for its regional significance and unique ambiance, it offers travelers an immersive experience in the culture, scenic beauty, and heritage of Delhi.",Oct-Feb,https://thumb.wikimedia.org/wikipedia/commons/thumb/4/4c/Mutiny_Ajitgarh.jpg/960px-Mutiny_Ajitgarh.jpg?utm_source=en.wikipedia.org&utm_campaign=api&utm_content=thumbnail
11861,Badarpur Sarai Central Gateway,Delhi,attraction,28.7297,77.1217,budget,4.0,927,"Badarpur Sarai Central Gateway is an authentic attraction destination located in ,  district of Delhi. Celebrated for its regional significance and unique ambiance, it offers travelers an immersive experience in the culture, scenic beauty, and heritage of Delhi.",Oct-Feb,https://thumb.wikimedia.org/wikipedia/commons/thumb/f/fd/Jahanpanah_City_Forest_jogging_track.jpg/960px-Jahanpanah_City_Forest_jogging_track.jpg?utm_source=en.wikipedia.org&utm_campaign=api&utm_content=thumbnail
11862,Badarpur Sarai Southern Gateway,Delhi,attraction,28.6705,77.1401,budget,4.3,2781,"Badarpur Sarai Southern Gateway is an authentic attraction destination located in ,  district of Delhi. Celebrated for its regional significance and unique ambiance, it offers travelers an immersive experience in the culture, scenic beauty, and heritage of Delhi.",Oct-Feb,https://upload.wikimedia.org/wikipedia/commons/b/bd/Tower_of_Thieves.JPG?utm_source=en.wikipedia.org&utm_campaign=api&utm_content=thumbnail_unscaled
11863,Kos Minar Badarpur,Delhi,attraction,28.7105,77.0873,budget,3.9,790,"Kos Minar Badarpur is an authentic attraction destination located in ,  district of Delhi. Celebrated for its regional significance and unique ambiance, it offers travelers an immersive experience in the culture, scenic beauty, and heritage of Delhi.",Oct-Feb,https://upload.wikimedia.org/wikipedia/commons/b/bd/Tower_of_Thieves.JPG?utm_source=en.wikipedia.org&utm_campaign=api&utm_content=thumbnail_unscaled
11864,Kos Minar Mahigirm,Delhi,attraction,28.6825,77.1345,budget,4.7,8852,"Kos Minar Mahigirm is an authentic attraction destination located in ,  district of Delhi. Celebrated for its regional significance and unique ambiance, it offers travelers an immersive experience in the culture, scenic beauty, and heritage of Delhi.",Oct-Feb,https://thumb.wikimedia.org/wikipedia/commons/thumb/2/29/Delhi_Rides_Main_Gate_1.jpg/960px-Delhi_Rides_Main_Gate_1.jpg?utm_source=en.wikipedia.org&utm_campaign=api&utm_content=thumbnail
11865,Kos Minar Kureni,Delhi,attraction,28.7041,77.0801,budget,4.6,4804,"Kos Minar Kureni is an authentic attraction destination located in ,  district of Delhi. Celebrated for its regional significance and unique ambiance, it offers travelers an immersive experience in the culture, scenic beauty, and heritage of Delhi.",Oct-Feb,https://thumb.wikimedia.org/wikipedia/commons/thumb/0/0d/Sunder_Nursery_Sep-2019.jpg/960px-Sunder_Nursery_Sep-2019.jpg?utm_source=en.wikipedia.org&utm_campaign=api&utm_content=thumbnail
11866,Eastern Gateway Chirag Delhi,Delhi,attraction,28.7017,77.1129,budget,4.3,2701,"Eastern Gateway Chirag Delhi is an authentic attraction destination located in ,  district of Delhi. Celebrated for its regional significance and unique ambiance, it offers travelers an immersive experience in the culture, scenic beauty, and heritage of Delhi.",Oct-Feb,https://thumb.wikimedia.org/wikipedia/commons/thumb/b/bb/Tower_at_the_location_of_prophet%27s_horse%27s_hoop.jpg/960px-Tower_at_the_location_of_prophet%27s_horse%27s_hoop.jpg?utm_source=en.wikipedia.org&utm_campaign=api&utm_content=thumbnail
11867,Southern Gateway Chirag Delhi,Delhi,attraction,28.6969,77.1377,budget,4.2,910,"Southern Gateway Chirag Delhi is an authentic attraction destination located in ,  district of Delhi. Celebrated for its regional significance and unique ambiance, it offers travelers an immersive experience in the culture, scenic beauty, and heritage of Delhi.",Oct-Feb,https://thumb.wikimedia.org/wikipedia/commons/thumb/4/46/Ferozabad_Panorama.jpg/960px-Ferozabad_Panorama.jpg?utm_source=en.wikipedia.org&utm_campaign=api&utm_content=thumbnail
11868,Northern Gateway Chirag Delhi,Delhi,attraction,28.7089,77.1185,budget,4.4,2536,"Northern Gateway Chirag Delhi is an authentic attraction destination located in ,  district of Delhi. Celebrated for its regional significance and unique ambiance, it offers travelers an immersive experience in the culture, scenic beauty, and heritage of Delhi.",Oct-Feb,https://thumb.wikimedia.org/wikipedia/commons/thumb/4/46/Ferozabad_Panorama.jpg/960px-Ferozabad_Panorama.jpg?utm_source=en.wikipedia.org&utm_campaign=api&utm_content=thumbnail
11869,Turkman Gate,Delhi,attraction,28.6953,77.1105,budget,4.6,4175,"Turkman Gate is an authentic attraction destination located in ,  district of Delhi. Celebrated for its regional significance and unique ambiance, it offers travelers an immersive experience in the culture, scenic beauty, and heritage of Delhi.",Oct-Feb,https://thumb.wikimedia.org/wikipedia/commons/thumb/1/16/Delhi_-_Alai_Darwaza_at_Qutb_complex.jpg/960px-Delhi_-_Alai_Darwaza_at_Qutb_complex.jpg?utm_source=en.wikipedia.org&utm_campaign=api&utm_content=thumbnail
11870,Imambara Qutub Road,Delhi,attraction,28.6713,77.1393,budget,4.2,2491,"Imambara Qutub Road is an authentic attraction destination located in ,  district of Delhi. Celebrated for its regional significance and unique ambiance, it offers travelers an immersive experience in the culture, scenic beauty, and heritage of Delhi.",Oct-Feb,https://thumb.wikimedia.org/wikipedia/commons/thumb/3/31/AdamKhanTomb.jpg/960px-AdamKhanTomb.jpg?utm_source=en.wikipedia.org&utm_campaign=api&utm_content=thumbnail
11871,Sayed Abid's Tomb,Delhi,attraction,28.7417,77.1313,budget,4.5,6326,"Sayed Abid's Tomb is an authentic attraction destination located in ,  district of Delhi. Celebrated for its regional significance and unique ambiance, it offers travelers an immersive experience in the culture, scenic beauty, and heritage of Delhi.",Oct-Feb,https://upload.wikimedia.org/wikipedia/commons/e/e6/Tomb_of_Bahlol_Lodi.JPG?utm_source=en.wikipedia.org&utm_campaign=api&utm_content=thumbnail_unscaled
11872,Sarai of Azimganj,Delhi,attraction,28.7345,77.1393,budget,4.5,7439,"Sarai of Azimganj is an authentic attraction destination located in ,  district of Delhi. Celebrated for its regional significance and unique ambiance, it offers travelers an immersive experience in the culture, scenic beauty, and heritage of Delhi.",Oct-Feb,https://thumb.wikimedia.org/wikipedia/commons/thumb/b/b8/New_Delhi_government_block_03-2016_img3.jpg/960px-New_Delhi_government_block_03-2016_img3.jpg?utm_source=en.wikipedia.org&utm_campaign=api&utm_content=thumbnail
11873,Tomb inside National Zoological Park,Delhi,attraction,28.6769,77.1329,mid,4.0,830,"Tomb inside National Zoological Park is an authentic attraction destination located in ,  district of Delhi. Celebrated for its regional significance and unique ambiance, it offers travelers an immersive experience in the culture, scenic beauty, and heritage of Delhi.",Oct-Feb,https://thumb.wikimedia.org/wikipedia/commons/thumb/d/d2/Tomb_of_Humayun%2C_Delhi.jpg/960px-Tomb_of_Humayun%2C_Delhi.jpg?utm_source=en.wikipedia.org&utm_campaign=api&utm_content=thumbnail
11874,Baradari Tomb Vasant Vihar,Delhi,attraction,28.6825,77.0809,budget,4.5,7139,"Baradari Tomb Vasant Vihar is an authentic attraction destination located in ,  district of Delhi. Celebrated for its regional significance and unique ambiance, it offers travelers an immersive experience in the culture, scenic beauty, and heritage of Delhi.",Oct-Feb,https://thumb.wikimedia.org/wikipedia/commons/thumb/3/31/AdamKhanTomb.jpg/960px-AdamKhanTomb.jpg?utm_source=en.wikipedia.org&utm_campaign=api&utm_content=thumbnail
11875,Mahal Mahipalpur,Delhi,attraction,28.6841,77.0929,budget,4.2,979,"Mahal Mahipalpur is an authentic attraction destination located in ,  district of Delhi. Celebrated for its regional significance and unique ambiance, it offers travelers an immersive experience in the culture, scenic beauty, and heritage of Delhi.",Oct-Feb,https://thumb.wikimedia.org/wikipedia/commons/thumb/0/09/Outer_Wall_of_Lal_kot_and_Rai_Pithora.jpg/960px-Outer_Wall_of_Lal_kot_and_Rai_Pithora.jpg?utm_source=en.wikipedia.org&utm_campaign=api&utm_content=thumbnail
11876,Zail Bawana,Delhi,attraction,28.7113,77.0769,budget,4.6,7664,"Zail Bawana is an authentic attraction destination located in ,  district of Delhi. Celebrated for its regional significance and unique ambiance, it offers travelers an immersive experience in the culture, scenic beauty, and heritage of Delhi.",Oct-Feb,https://thumb.wikimedia.org/wikipedia/commons/thumb/9/98/Purana_Qila_01.jpg/960px-Purana_Qila_01.jpg?utm_source=en.wikipedia.org&utm_campaign=api&utm_content=thumbnail
11877,Shanti Stupa Delhi,Delhi,attraction,28.7385,77.1113,budget,4.6,8265,"Shanti Stupa Delhi is an authentic attraction destination located in ,  district of Delhi. Celebrated for its regional significance and unique ambiance, it offers travelers an immersive experience in the culture, scenic beauty, and heritage of Delhi.",Oct-Feb,https://thumb.wikimedia.org/wikipedia/commons/thumb/4/4b/Tawang_Monastery_Arunachal_Pradesh.jpg/960px-Tawang_Monastery_Arunachal_Pradesh.jpg
11878,Shri Laxmi Narayan Temple,Delhi,attraction,28.7193,77.0777,budget,4.0,843,"Shri Laxmi Narayan Temple is an authentic attraction destination located in ,  district of Delhi. Celebrated for its regional significance and unique ambiance, it offers travelers an immersive experience in the culture, scenic beauty, and heritage of Delhi.",Oct-Mar,https://thumb.wikimedia.org/wikipedia/commons/thumb/d/d2/Iskcon_Delhi_Temple.jpg/960px-Iskcon_Delhi_Temple.jpg?utm_source=en.wikipedia.org&utm_campaign=api&utm_content=thumbnail
