id,name,state,category,latitude,longitude,price_range,rating,review_count,description,best_season,image_url
4038,Chhatrapati Sambhaji Park,Maharashtra,attraction,19.77395,74.47705,budget,4.3,983,"Chhatrapati Sambhaji Park is a renowned recreation landmark situated in Shirdi, Ahmednagar district of Maharashtra. The destination attracts visitors seeking authentic regional heritage, architectural grandeur, and picturesque surroundings. It plays an integral role in the cultural landscape and local tourism identity of the region.",Oct-Feb,https://images.unsplash.com/photo-1519331379826-f10be5486c6f?w=800&auto=format&fit=crop&q=80
4039,Dixit Wada Museum,Maharashtra,attraction,19.766388,74.476703,mid,3.9,610,"Dixit Wada Museum is a renowned cultural landmark situated in Shirdi, Ahmednagar district of Maharashtra. The destination attracts visitors seeking authentic regional heritage, architectural grandeur, and picturesque surroundings. It plays an integral role in the cultural landscape and local tourism identity of the region.",Oct-Mar,https://images.unsplash.com/photo-1565034946487-077786996e27?w=800&auto=format&fit=crop&q=80
4040,Dwarkamai Shirdi,Maharashtra,attraction,19.766054,74.477415,budget,4.6,2095,"Dwarkamai Shirdi is a renowned religious destination located in Shirdi, Ahmednagar district of Maharashtra. The attraction draws domestic and regional travelers for its distinctive character, pleasant ambiance, and cultural significance. It serves as a cherished public landmark within the local community and tourist itineraries.",Oct-Feb,https://images.unsplash.com/photo-1544717305-2782549b5136?w=800&auto=format&fit=crop&q=80
4041,I Love Sai,Maharashtra,attraction,19.767147,74.476837,budget,4.5,7146,"I Love Sai is a renowned cultural destination located in Shirdi, Ahmednagar district of Maharashtra. The attraction draws domestic and regional travelers for its distinctive character, pleasant ambiance, and cultural significance. It serves as a cherished public landmark within the local community and tourist itineraries.",Oct-Feb,https://images.unsplash.com/photo-1518709268805-4e9042af9f23?w=800&auto=format&fit=crop&q=80
4042,I LOVE SHIRDI,Maharashtra,attraction,19.766331,74.47536,budget,4.3,2643,"I LOVE SHIRDI is a renowned cultural destination located in Shirdi, Ahmednagar district of Maharashtra. The attraction draws domestic and regional travelers for its distinctive character, pleasant ambiance, and cultural significance. It serves as a cherished public landmark within the local community and tourist itineraries.",Oct-Feb,https://images.unsplash.com/photo-1621847468516-1ed5d0df56fe?w=800&auto=format&fit=crop&q=80
4043,Lendi Garden / Baug,Maharashtra,attraction,19.766112,74.475891,budget,4.1,164,"Lendi Garden / Baug is a renowned recreation landmark situated in Shirdi, Ahmednagar district of Maharashtra. The destination attracts visitors seeking authentic regional heritage, architectural grandeur, and picturesque surroundings. It plays an integral role in the cultural landscape and local tourism identity of the region.",Oct-Feb,https://images.unsplash.com/photo-1584467735815-f778f274e296?w=800&auto=format&fit=crop&q=80
4044,Old Shirdi (Baba's Heritage Village) shirdi,Maharashtra,attraction,19.74824,74.478697,budget,4.0,204,"Old Shirdi (Baba's Heritage Village) shirdi is a renowned cultural destination located in Shirdi, Ahmednagar district of Maharashtra. The attraction draws domestic and regional travelers for its distinctive character, pleasant ambiance, and cultural significance. It serves as a cherished public landmark within the local community and tourist itineraries.",Oct-Feb,https://images.unsplash.com/photo-1544717305-2782549b5136?w=800&auto=format&fit=crop&q=80
4045,"Prasadalaya Shirdi , Saibaba Mandir",Maharashtra,attraction,19.75635,74.45385,budget,4.7,8765,"Prasadalaya Shirdi , Saibaba Mandir is a renowned religious landmark situated in Shirdi, Ahmednagar district of Maharashtra. The destination attracts visitors seeking authentic regional heritage, architectural grandeur, and picturesque surroundings. It plays an integral role in the cultural landscape and local tourism identity of the region.",Oct-Feb,https://images.unsplash.com/photo-1518709268805-4e9042af9f23?w=800&auto=format&fit=crop&q=80
4046,"Sai Baba's Art Gallery , Hemant art (Sai Art Online)",Maharashtra,attraction,19.766767,74.477656,budget,4.6,3885,"Sai Baba's Art Gallery , Hemant art (Sai Art Online) is a renowned cultural destination located in Shirdi, Ahmednagar district of Maharashtra. The attraction draws domestic and regional travelers for its distinctive character, pleasant ambiance, and cultural significance. It serves as a cherished public landmark within the local community and tourist itineraries.",Oct-Feb,https://images.unsplash.com/photo-1582555172866-f73bb12a2ab3?w=800&auto=format&fit=crop&q=80
4047,Sai Heritage Village,Maharashtra,attraction,19.76415,74.45845,budget,4.2,2199,"Sai Heritage Village is a renowned heritage landmark situated in Shirdi, Ahmednagar district of Maharashtra. The destination attracts visitors seeking authentic regional heritage, architectural grandeur, and picturesque surroundings. It plays an integral role in the cultural landscape and local tourism identity of the region.",Oct-Feb,https://images.unsplash.com/photo-1590050752117-238cb0fb12b1?w=800&auto=format&fit=crop&q=80
4048,Sai Shraddha Tourism,Maharashtra,attraction,19.767002,74.47832,budget,4.3,1219,"Sai Shraddha Tourism is a renowned cultural destination located in Shirdi, Ahmednagar district of Maharashtra. The attraction draws domestic and regional travelers for its distinctive character, pleasant ambiance, and cultural significance. It serves as a cherished public landmark within the local community and tourist itineraries.",Oct-Feb,https://images.unsplash.com/photo-1582510003544-4d00b7f74220?w=800&auto=format&fit=crop&q=80
4049,Sai Teerth Devotional Theme Park,Maharashtra,attraction,19.774161,74.47692,mid,4.7,9174,"Sai Teerth Devotional Theme Park is a renowned recreation destination located in Shirdi, Ahmednagar district of Maharashtra. The attraction draws domestic and regional travelers for its distinctive character, pleasant ambiance, and cultural significance. It serves as a cherished public landmark within the local community and tourist itineraries.",Oct-Feb,https://images.unsplash.com/photo-1584467735815-f778f274e296?w=800&auto=format&fit=crop&q=80
4050,Satsang Place,Maharashtra,attraction,19.76662,74.47752,budget,3.9,636,"Satsang Place is a renowned religious destination located in Shirdi, Ahmednagar district of Maharashtra. The attraction draws domestic and regional travelers for its distinctive character, pleasant ambiance, and cultural significance. It serves as a cherished public landmark within the local community and tourist itineraries.",Oct-Feb,https://images.unsplash.com/photo-1582510003544-4d00b7f74220?w=800&auto=format&fit=crop&q=80
4051,shirddii relve stteshn,Maharashtra,attraction,19.78092,74.479747,budget,3.9,289,"shirddii relve stteshn is a renowned cultural destination located in Shirdi, Ahmednagar district of Maharashtra. The attraction draws domestic and regional travelers for its distinctive character, pleasant ambiance, and cultural significance. It serves as a cherished public landmark within the local community and tourist itineraries.",Oct-Feb,https://images.unsplash.com/photo-1544717305-2782549b5136?w=800&auto=format&fit=crop&q=80
4052,Shree Saibaba Chavadi,Maharashtra,attraction,19.7455,74.4779,budget,4.7,4112,"Shree Saibaba Chavadi is a renowned religious landmark situated in Shirdi, Ahmednagar district of Maharashtra. The destination attracts visitors seeking authentic regional heritage, architectural grandeur, and picturesque surroundings. It plays an integral role in the cultural landscape and local tourism identity of the region.",Oct-Feb,https://images.unsplash.com/photo-1544717305-2782549b5136?w=800&auto=format&fit=crop&q=80
4053,Shri Khandoba Mandir,Maharashtra,attraction,19.763938,74.476047,budget,4.1,1204,"Shri Khandoba Mandir is a renowned religious landmark situated in Shirdi, Ahmednagar district of Maharashtra. The destination attracts visitors seeking authentic regional heritage, architectural grandeur, and picturesque surroundings. It plays an integral role in the cultural landscape and local tourism identity of the region.",Oct-Feb,https://images.unsplash.com/photo-1567157577867-05ccb1388e66?w=800&auto=format&fit=crop&q=80
4054,Shri Sai Baba Temple Shirdi,Maharashtra,attraction,19.766587,74.475609,budget,4.9,17812,"Shri Sai Baba Temple Shirdi is a renowned religious landmark situated in Shirdi, Ahmednagar district of Maharashtra. The destination attracts visitors seeking authentic regional heritage, architectural grandeur, and picturesque surroundings. It plays an integral role in the cultural landscape and local tourism identity of the region.",Oct-Mar,https://images.unsplash.com/photo-1590050752117-238cb0fb12b1?w=800&auto=format&fit=crop&q=80
4055,Wet N Joy Water Park,Maharashtra,attraction,19.774914,74.478156,budget,4.0,794,"Wet N Joy Water Park is a renowned recreation destination located in Shirdi, Ahmednagar district of Maharashtra. The attraction draws domestic and regional travelers for its distinctive character, pleasant ambiance, and cultural significance. It serves as a cherished public landmark within the local community and tourist itineraries.",Oct-Feb,https://images.unsplash.com/photo-1519331379826-f10be5486c6f?w=800&auto=format&fit=crop&q=80
4056,Ajanta Cave,Maharashtra,attraction,20.552487,75.702234,budget,4.4,3184,"Ajanta Cave is a renowned heritage landmark situated in Ajanta, Chhatrapati Sambhaji Nagar district of Maharashtra. The destination attracts visitors seeking authentic regional heritage, architectural grandeur, and picturesque surroundings. It plays an integral role in the cultural landscape and local tourism identity of the region.",Oct-Feb,https://images.unsplash.com/photo-1509316975850-ff9c5deb0cd9?w=800&auto=format&fit=crop&q=80
4057,Ajanta Caves,Maharashtra,attraction,20.5355,75.6885,budget,4.9,24147,"Ajanta Caves is a renowned heritage destination located in Ajanta, Chhatrapati Sambhaji Nagar district of Maharashtra. The attraction draws domestic and regional travelers for its distinctive character, pleasant ambiance, and cultural significance. It serves as a cherished public landmark within the local community and tourist itineraries.",Oct-Feb,https://images.unsplash.com/photo-1518709268805-4e9042af9f23?w=800&auto=format&fit=crop&q=80
4058,Ajanta Caves View,Maharashtra,attraction,20.57225,75.69575,budget,4.0,924,"Ajanta Caves View is a renowned cultural destination located in Ajanta, Chhatrapati Sambhaji Nagar district of Maharashtra. The attraction draws domestic and regional travelers for its distinctive character, pleasant ambiance, and cultural significance. It serves as a cherished public landmark within the local community and tourist itineraries.",Oct-Feb,https://images.unsplash.com/photo-1509316975850-ff9c5deb0cd9?w=800&auto=format&fit=crop&q=80
4059,Ajanta Caves Waterfall,Maharashtra,attraction,20.550162,75.700359,budget,4.0,1004,"Ajanta Caves Waterfall is a renowned nature landmark situated in Ajanta, Chhatrapati Sambhaji Nagar district of Maharashtra. The destination attracts visitors seeking authentic regional heritage, architectural grandeur, and picturesque surroundings. It plays an integral role in the cultural landscape and local tourism identity of the region.",Jul-Oct,https://images.unsplash.com/photo-1518457607834-6e8d80c183c5?w=800&auto=format&fit=crop&q=80
4060,Ajanta Ellora Cave 27,Maharashtra,attraction,21.027863,76.177828,budget,3.9,546,"Ajanta Ellora Cave 27 is a renowned heritage landmark situated in Ajanta, Chhatrapati Sambhaji Nagar district of Maharashtra. The destination attracts visitors seeking authentic regional heritage, architectural grandeur, and picturesque surroundings. It plays an integral role in the cultural landscape and local tourism identity of the region.",Oct-Feb,https://images.unsplash.com/photo-1509316975850-ff9c5deb0cd9?w=800&auto=format&fit=crop&q=80
4061,Ajanta Waterfall,Maharashtra,attraction,20.527062,75.746203,budget,3.9,452,"Ajanta Waterfall is a renowned cultural destination located in Ajanta, Chhatrapati Sambhaji Nagar district of Maharashtra. The attraction draws domestic and regional travelers for its distinctive character, pleasant ambiance, and cultural significance. It serves as a cherished public landmark within the local community and tourist itineraries.",Jul-Oct,https://images.unsplash.com/photo-1546548970-71785318a17b?w=800&auto=format&fit=crop&q=80
4062,Ajantha Caves Reflection,Maharashtra,attraction,20.5299,75.6993,budget,4.7,2225,"Ajantha Caves Reflection is a renowned cultural destination located in Ajanta, Chhatrapati Sambhaji Nagar district of Maharashtra. The attraction draws domestic and regional travelers for its distinctive character, pleasant ambiance, and cultural significance. It serves as a cherished public landmark within the local community and tourist itineraries.",Oct-Feb,https://images.unsplash.com/photo-1509316975850-ff9c5deb0cd9?w=800&auto=format&fit=crop&q=80
4063,Bibi Ka Maqbara,Maharashtra,attraction,19.89775,75.34415,budget,4.9,11236,"Bibi Ka Maqbara is a renowned heritage landmark situated in Chhatrapati Sambhaji Nagar, Chhatrapati Sambhaji Nagar district of Maharashtra. The destination attracts visitors seeking authentic regional heritage, architectural grandeur, and picturesque surroundings. It plays an integral role in the cultural landscape and local tourism identity of the region.",Oct-Feb,https://images.unsplash.com/photo-1590050752117-238cb0fb12b1?w=800&auto=format&fit=crop&q=80
4064,Cave 12,Maharashtra,attraction,20.553538,75.700422,budget,4.6,7341,"Cave 12 is a renowned heritage destination located in Ajanta, Chhatrapati Sambhaji Nagar district of Maharashtra. The attraction draws domestic and regional travelers for its distinctive character, pleasant ambiance, and cultural significance. It serves as a cherished public landmark within the local community and tourist itineraries.",Oct-Feb,https://images.unsplash.com/photo-1518709268805-4e9042af9f23?w=800&auto=format&fit=crop&q=80
4065,Cave 5,Maharashtra,attraction,20.553038,75.701609,budget,4.0,953,"Cave 5 is a renowned heritage destination located in Ajanta, Chhatrapati Sambhaji Nagar district of Maharashtra. The attraction draws domestic and regional travelers for its distinctive character, pleasant ambiance, and cultural significance. It serves as a cherished public landmark within the local community and tourist itineraries.",Oct-Feb,https://images.unsplash.com/photo-1518709268805-4e9042af9f23?w=800&auto=format&fit=crop&q=80
4066,"Chhatrapati Shivaji Maharaj Museum, Aurangabad.",Maharashtra,attraction,19.8887,75.3308,mid,4.2,1261,"Chhatrapati Shivaji Maharaj Museum, Aurangabad. is a renowned cultural landmark situated in Chhatrapati Sambhaji Nagar, Chhatrapati Sambhaji Nagar district of Maharashtra. The destination attracts visitors seeking authentic regional heritage, architectural grandeur, and picturesque surroundings. It plays an integral role in the cultural landscape and local tourism identity of the region.",Oct-Mar,https://images.unsplash.com/photo-1582555172866-f73bb12a2ab3?w=800&auto=format&fit=crop&q=80
4067,Delhi Gate,Maharashtra,attraction,19.88195,75.33355,budget,4.1,552,"Delhi Gate is a renowned cultural landmark situated in Chhatrapati Sambhaji Nagar, Chhatrapati Sambhaji Nagar district of Maharashtra. The destination attracts visitors seeking authentic regional heritage, architectural grandeur, and picturesque surroundings. It plays an integral role in the cultural landscape and local tourism identity of the region.",Oct-Feb,https://images.unsplash.com/photo-1518709268805-4e9042af9f23?w=800&auto=format&fit=crop&q=80
4068,Ellora Caves,Maharashtra,attraction,20.5392,75.7144,budget,4.8,5825,"Ellora Caves is a renowned religious landmark situated in Ajanta, Chhatrapati Sambhaji Nagar district of Maharashtra. The destination attracts visitors seeking authentic regional heritage, architectural grandeur, and picturesque surroundings. It plays an integral role in the cultural landscape and local tourism identity of the region.",Oct-Feb,https://images.unsplash.com/photo-1509316975850-ff9c5deb0cd9?w=800&auto=format&fit=crop&q=80
4069,Encore Creative Events,Maharashtra,attraction,19.885438,75.330391,budget,4.2,2988,"Encore Creative Events is a renowned religious landmark situated in Chhatrapati Sambhaji Nagar, Chhatrapati Sambhaji Nagar district of Maharashtra. The destination attracts visitors seeking authentic regional heritage, architectural grandeur, and picturesque surroundings. It plays an integral role in the cultural landscape and local tourism identity of the region.",Oct-Feb,https://images.unsplash.com/photo-1590050752117-238cb0fb12b1?w=800&auto=format&fit=crop&q=80
4070,Himayatbagh Biodiversity Heritage site,Maharashtra,attraction,19.896,75.3319,budget,4.3,3097,"Himayatbagh Biodiversity Heritage site is a renowned recreation landmark situated in Chhatrapati Sambhaji Nagar, Chhatrapati Sambhaji Nagar district of Maharashtra. The destination attracts visitors seeking authentic regional heritage, architectural grandeur, and picturesque surroundings. It plays an integral role in the cultural landscape and local tourism identity of the region.",Oct-Feb,https://images.unsplash.com/photo-1590050752117-238cb0fb12b1?w=800&auto=format&fit=crop&q=80
4071,Makai Gate,Maharashtra,attraction,19.893988,75.318484,budget,4.9,8401,"Makai Gate is a renowned cultural landmark situated in Chhatrapati Sambhaji Nagar, Chhatrapati Sambhaji Nagar district of Maharashtra. The destination attracts visitors seeking authentic regional heritage, architectural grandeur, and picturesque surroundings. It plays an integral role in the cultural landscape and local tourism identity of the region.",Oct-Feb,https://images.unsplash.com/photo-1544717305-2782549b5136?w=800&auto=format&fit=crop&q=80
4072,Middle View Point ( Ajanta Caves ),Maharashtra,attraction,20.551613,75.700703,budget,4.2,2286,"Middle View Point ( Ajanta Caves ) is a renowned nature landmark situated in Ajanta, Chhatrapati Sambhaji Nagar district of Maharashtra. The destination attracts visitors seeking authentic regional heritage, architectural grandeur, and picturesque surroundings. It plays an integral role in the cultural landscape and local tourism identity of the region.",Oct-Feb,https://images.unsplash.com/photo-1518709268805-4e9042af9f23?w=800&auto=format&fit=crop&q=80
4073,Shri Khandoba Temple,Maharashtra,attraction,19.840788,75.324516,budget,4.8,3592,"Shri Khandoba Temple is a renowned religious landmark situated in Chhatrapati Sambhaji Nagar, Chhatrapati Sambhaji Nagar district of Maharashtra. The destination attracts visitors seeking authentic regional heritage, architectural grandeur, and picturesque surroundings. It plays an integral role in the cultural landscape and local tourism identity of the region.",Oct-Mar,https://images.unsplash.com/photo-1590050752117-238cb0fb12b1?w=800&auto=format&fit=crop&q=80
4074,Soneri Mahal,Maharashtra,attraction,19.906637,75.308828,budget,4.3,2460,"Soneri Mahal is a renowned heritage landmark situated in Chhatrapati Sambhaji Nagar, Chhatrapati Sambhaji Nagar district of Maharashtra. The destination attracts visitors seeking authentic regional heritage, architectural grandeur, and picturesque surroundings. It plays an integral role in the cultural landscape and local tourism identity of the region.",Oct-Feb,https://images.unsplash.com/photo-1566073771259-6a8506099945?w=800&auto=format&fit=crop&q=80
4075,Upper View Point Ajanta Caves,Maharashtra,attraction,20.547863,75.703578,budget,4.0,202,"Upper View Point Ajanta Caves is a renowned nature landmark situated in Ajanta, Chhatrapati Sambhaji Nagar district of Maharashtra. The destination attracts visitors seeking authentic regional heritage, architectural grandeur, and picturesque surroundings. It plays an integral role in the cultural landscape and local tourism identity of the region.",Oct-Feb,https://images.unsplash.com/photo-1509316975850-ff9c5deb0cd9?w=800&auto=format&fit=crop&q=80
4076,Amarsons Garden,Maharashtra,attraction,18.9258,72.8113,budget,4.5,3009,"Amarsons Garden is a renowned recreation landmark situated in Mumbai, Mumbai district of Maharashtra. The destination attracts visitors seeking authentic regional heritage, architectural grandeur, and picturesque surroundings. It plays an integral role in the cultural landscape and local tourism identity of the region.",Oct-Feb,https://images.unsplash.com/photo-1585320806297-9794b3e4eeae?w=800&auto=format&fit=crop&q=80
4077,August Kranti Maidan,Maharashtra,attraction,18.9462,72.8541,budget,4.3,457,"August Kranti Maidan is a renowned recreation destination located in Mumbai, Mumbai district of Maharashtra. The attraction draws domestic and regional travelers for its distinctive character, pleasant ambiance, and cultural significance. It serves as a cherished public landmark within the local community and tourist itineraries.",Oct-Feb,https://images.unsplash.com/photo-1609766857041-ed402ea8069a?w=800&auto=format&fit=crop&q=80
4078,Babu Amichand Panalal Adishwarji Jain Temple,Maharashtra,attraction,18.9445,72.8422,budget,4.1,363,"Babu Amichand Panalal Adishwarji Jain Temple is a renowned religious landmark situated in Mumbai, Mumbai district of Maharashtra. The destination attracts visitors seeking authentic regional heritage, architectural grandeur, and picturesque surroundings. It plays an integral role in the cultural landscape and local tourism identity of the region.",Oct-Mar,https://images.unsplash.com/photo-1609766857041-ed402ea8069a?w=800&auto=format&fit=crop&q=80
4079,Band Stand,Maharashtra,attraction,18.9181,72.8574,budget,4.6,17908,"Band Stand is a renowned nature landmark situated in Mumbai, Mumbai district of Maharashtra. The destination attracts visitors seeking authentic regional heritage, architectural grandeur, and picturesque surroundings. It plays an integral role in the cultural landscape and local tourism identity of the region.",Oct-Feb,https://images.unsplash.com/photo-1590050752117-238cb0fb12b1?w=800&auto=format&fit=crop&q=80
4080,Bandra Fort,Maharashtra,attraction,19.041888,72.818359,mid,4.9,21707,"Bandra Fort is a renowned heritage landmark situated in Mumbai, Mumbai district of Maharashtra. The destination attracts visitors seeking authentic regional heritage, architectural grandeur, and picturesque surroundings. It plays an integral role in the cultural landscape and local tourism identity of the region.",Oct-Feb,https://images.unsplash.com/photo-1585123388867-3bfe6dd4bdbf?w=800&auto=format&fit=crop&q=80
4081,Banganga Tank,Maharashtra,attraction,18.91775,72.85495,budget,4.4,2203,"Banganga Tank is a renowned religious destination located in Mumbai, Mumbai district of Maharashtra. The attraction draws domestic and regional travelers for its distinctive character, pleasant ambiance, and cultural significance. It serves as a cherished public landmark within the local community and tourist itineraries.",Oct-Feb,https://images.unsplash.com/photo-1582510003544-4d00b7f74220?w=800&auto=format&fit=crop&q=80
4082,Belapur Fort,Maharashtra,attraction,18.897,72.8097,mid,4.5,5086,"Belapur Fort is a renowned heritage destination located in Mumbai, Mumbai district of Maharashtra. The attraction draws domestic and regional travelers for its distinctive character, pleasant ambiance, and cultural significance. It serves as a cherished public landmark within the local community and tourist itineraries.",Oct-Feb,https://images.unsplash.com/photo-1590766940554-634a7ed41450?w=800&auto=format&fit=crop&q=80
4083,Bharat Point Sea Front,Maharashtra,attraction,18.914313,72.808016,budget,4.0,1239,"Bharat Point Sea Front is a renowned cultural destination located in Mumbai, Mumbai district of Maharashtra. The attraction draws domestic and regional travelers for its distinctive character, pleasant ambiance, and cultural significance. It serves as a cherished public landmark within the local community and tourist itineraries.",Oct-Feb,https://images.unsplash.com/photo-1512343879784-a960bf40e7f2?w=800&auto=format&fit=crop&q=80
4084,BMC Nirvana Park,Maharashtra,attraction,18.9342,72.8201,budget,4.1,914,"BMC Nirvana Park is a renowned recreation landmark situated in Mumbai, Mumbai district of Maharashtra. The destination attracts visitors seeking authentic regional heritage, architectural grandeur, and picturesque surroundings. It plays an integral role in the cultural landscape and local tourism identity of the region.",Oct-Feb,https://images.unsplash.com/photo-1584467735815-f778f274e296?w=800&auto=format&fit=crop&q=80
4085,Bomanjee Hormarjee Wadia Clock Tower,Maharashtra,attraction,18.934587,72.835797,budget,3.9,573,"Bomanjee Hormarjee Wadia Clock Tower is a renowned cultural landmark situated in Mumbai, Mumbai district of Maharashtra. The destination attracts visitors seeking authentic regional heritage, architectural grandeur, and picturesque surroundings. It plays an integral role in the cultural landscape and local tourism identity of the region.",Oct-Feb,https://images.unsplash.com/photo-1609766857041-ed402ea8069a?w=800&auto=format&fit=crop&q=80
4086,BSE BULL Statue,Maharashtra,attraction,18.92765,72.82425,budget,4.5,8881,"BSE BULL Statue is a renowned cultural destination located in Mumbai, Mumbai district of Maharashtra. The attraction draws domestic and regional travelers for its distinctive character, pleasant ambiance, and cultural significance. It serves as a cherished public landmark within the local community and tourist itineraries.",Oct-Feb,https://images.unsplash.com/photo-1590050752117-238cb0fb12b1?w=800&auto=format&fit=crop&q=80
4087,Cathedral of the Holy Name,Maharashtra,attraction,18.9453,72.8478,budget,4.5,4021,"Cathedral of the Holy Name is a renowned religious landmark situated in Mumbai, Mumbai district of Maharashtra. The destination attracts visitors seeking authentic regional heritage, architectural grandeur, and picturesque surroundings. It plays an integral role in the cultural landscape and local tourism identity of the region.",Oct-Feb,https://images.unsplash.com/photo-1582510003544-4d00b7f74220?w=800&auto=format&fit=crop&q=80
4088,Chatrapati Shivaji Maharaj Park,Maharashtra,attraction,18.90995,72.85035,budget,4.9,19321,"Chatrapati Shivaji Maharaj Park is a renowned recreation landmark situated in Mumbai, Mumbai district of Maharashtra. The destination attracts visitors seeking authentic regional heritage, architectural grandeur, and picturesque surroundings. It plays an integral role in the cultural landscape and local tourism identity of the region.",Oct-Feb,https://images.unsplash.com/photo-1584467735815-f778f274e296?w=800&auto=format&fit=crop&q=80
4089,Chhatrapati Shivaji Maharaj Statue,Maharashtra,attraction,19.045838,72.909547,budget,4.6,6782,"Chhatrapati Shivaji Maharaj Statue is a renowned cultural landmark situated in Mumbai, Mumbai district of Maharashtra. The destination attracts visitors seeking authentic regional heritage, architectural grandeur, and picturesque surroundings. It plays an integral role in the cultural landscape and local tourism identity of the region.",Oct-Feb,https://images.unsplash.com/photo-1609766857041-ed402ea8069a?w=800&auto=format&fit=crop&q=80
4090,Chhatrapati Shivaji Maharaj Vastu Sangrahalaya (CSMVS),Maharashtra,attraction,18.926617,72.832391,budget,4.9,23563,"Founded in the early 20th century (formerly Prince of Wales Museum), an Indo-Saracenic architectural masterpiece set in crescent gardens, housing over 50,000 priceless artifacts including Indus Valley relics, miniature paintings, and natural history galleries.",Oct-Feb,https://images.unsplash.com/photo-1544531586-fde5298cdd40?w=800&auto=format&fit=crop&q=80
4091,Churchgate Station,Maharashtra,attraction,18.935237,72.827203,budget,4.5,6067,"Churchgate Station is a renowned cultural destination located in Mumbai, Mumbai district of Maharashtra. The attraction draws domestic and regional travelers for its distinctive character, pleasant ambiance, and cultural significance. It serves as a cherished public landmark within the local community and tourist itineraries.",Oct-Feb,https://images.unsplash.com/photo-1567157577867-05ccb1388e66?w=800&auto=format&fit=crop&q=80
4092,Cross Maidan Garden,Maharashtra,attraction,18.938337,72.829984,budget,4.0,154,"Cross Maidan Garden is a renowned recreation landmark situated in Mumbai, Mumbai district of Maharashtra. The destination attracts visitors seeking authentic regional heritage, architectural grandeur, and picturesque surroundings. It plays an integral role in the cultural landscape and local tourism identity of the region.",Oct-Feb,https://images.unsplash.com/photo-1519331379826-f10be5486c6f?w=800&auto=format&fit=crop&q=80
4093,CSMT,Maharashtra,attraction,18.89725,72.81145,budget,4.5,8991,"CSMT is a renowned cultural destination located in Mumbai, Mumbai district of Maharashtra. The attraction draws domestic and regional travelers for its distinctive character, pleasant ambiance, and cultural significance. It serves as a cherished public landmark within the local community and tourist itineraries.",Oct-Feb,https://images.unsplash.com/photo-1621847468516-1ed5d0df56fe?w=800&auto=format&fit=crop&q=80
4094,Dadar Chowpatty Viewing Gallery daadr caupaattii vhyuuiNg geNlrii,Maharashtra,attraction,19.026263,72.834297,budget,4.7,7154,"Dadar Chowpatty Viewing Gallery daadr caupaattii vhyuuiNg geNlrii is a renowned cultural destination located in Mumbai, Mumbai district of Maharashtra. The attraction draws domestic and regional travelers for its distinctive character, pleasant ambiance, and cultural significance. It serves as a cherished public landmark within the local community and tourist itineraries.",Oct-Feb,https://images.unsplash.com/photo-1544531586-fde5298cdd40?w=800&auto=format&fit=crop&q=80
4095,Dharavi Slum Tour,Maharashtra,attraction,18.9446,72.8429,budget,4.7,6927,"Dharavi Slum Tour is a renowned cultural destination located in Mumbai, Mumbai district of Maharashtra. The attraction draws domestic and regional travelers for its distinctive character, pleasant ambiance, and cultural significance. It serves as a cherished public landmark within the local community and tourist itineraries.",Oct-Feb,https://images.unsplash.com/photo-1609766857041-ed402ea8069a?w=800&auto=format&fit=crop&q=80
4096,Dhobi Ghat,Maharashtra,attraction,18.9416,72.8219,budget,4.2,1873,"Dhobi Ghat is a renowned cultural destination located in Mumbai, Mumbai district of Maharashtra. The attraction draws domestic and regional travelers for its distinctive character, pleasant ambiance, and cultural significance. It serves as a cherished public landmark within the local community and tourist itineraries.",Oct-Mar,https://images.unsplash.com/photo-1571536802807-30451e3955d8?w=800&auto=format&fit=crop&q=80
4097,Dolphin Aquarium,Maharashtra,attraction,18.8995,72.8272,budget,4.5,5548,"Dolphin Aquarium is a renowned cultural destination located in Mumbai, Mumbai district of Maharashtra. The attraction draws domestic and regional travelers for its distinctive character, pleasant ambiance, and cultural significance. It serves as a cherished public landmark within the local community and tourist itineraries.",Oct-Feb,https://images.unsplash.com/photo-1590050752117-238cb0fb12b1?w=800&auto=format&fit=crop&q=80
4098,Dr. Bhau Daji Lad Museum,Maharashtra,attraction,18.9042,72.8101,mid,4.3,2777,"Dr. Bhau Daji Lad Museum is a renowned cultural landmark situated in Mumbai, Mumbai district of Maharashtra. The destination attracts visitors seeking authentic regional heritage, architectural grandeur, and picturesque surroundings. It plays an integral role in the cultural landscape and local tourism identity of the region.",Oct-Mar,https://images.unsplash.com/photo-1582555172866-f73bb12a2ab3?w=800&auto=format&fit=crop&q=80
4099,Film City View,Maharashtra,attraction,18.90455,72.81255,budget,4.4,613,"Film City View is a renowned nature landmark situated in Mumbai, Mumbai district of Maharashtra. The destination attracts visitors seeking authentic regional heritage, architectural grandeur, and picturesque surroundings. It plays an integral role in the cultural landscape and local tourism identity of the region.",Oct-Feb,https://images.unsplash.com/photo-1609766857041-ed402ea8069a?w=800&auto=format&fit=crop&q=80
4100,Flora Fountain,Maharashtra,attraction,19.0791,72.8994,budget,4.8,5720,"Flora Fountain is a renowned cultural landmark situated in Mumbai, Mumbai district of Maharashtra. The destination attracts visitors seeking authentic regional heritage, architectural grandeur, and picturesque surroundings. It plays an integral role in the cultural landscape and local tourism identity of the region.",Oct-Feb,https://images.unsplash.com/photo-1567157577867-05ccb1388e66?w=800&auto=format&fit=crop&q=80
4101,Fort George,Maharashtra,attraction,18.9146,72.8329,mid,4.2,2641,"Fort George is a renowned heritage landmark situated in Mumbai, Mumbai district of Maharashtra. The destination attracts visitors seeking authentic regional heritage, architectural grandeur, and picturesque surroundings. It plays an integral role in the cultural landscape and local tourism identity of the region.",Oct-Feb,https://images.unsplash.com/photo-1599661046289-e31897846e41?w=800&auto=format&fit=crop&q=80
4102,Gateway Of India Mumbai,Maharashtra,attraction,18.93495,72.82535,budget,4.5,90726,"Gateway Of India Mumbai is a renowned heritage landmark situated in Mumbai, Mumbai district of Maharashtra. The destination attracts visitors seeking authentic regional heritage, architectural grandeur, and picturesque surroundings. It plays an integral role in the cultural landscape and local tourism identity of the region.",Oct-Feb,https://images.unsplash.com/photo-1570168007204-dfb528c6958f?w=800&auto=format&fit=crop&q=80
4103,Girgaon Chowpatty,Maharashtra,attraction,18.90895,72.84335,budget,4.9,25630,"Girgaon Chowpatty is a renowned cultural destination located in Mumbai, Mumbai district of Maharashtra. The attraction draws domestic and regional travelers for its distinctive character, pleasant ambiance, and cultural significance. It serves as a cherished public landmark within the local community and tourist itineraries.",Oct-Feb,https://images.unsplash.com/photo-1582510003544-4d00b7f74220?w=800&auto=format&fit=crop&q=80
4104,Girgaon Chowpatty Viewing Deck,Maharashtra,attraction,18.954812,72.808109,budget,4.6,8609,"Girgaon Chowpatty Viewing Deck is a renowned cultural destination located in Mumbai, Mumbai district of Maharashtra. The attraction draws domestic and regional travelers for its distinctive character, pleasant ambiance, and cultural significance. It serves as a cherished public landmark within the local community and tourist itineraries.",Oct-Feb,https://images.unsplash.com/photo-1518709268805-4e9042af9f23?w=800&auto=format&fit=crop&q=80
4105,Gol Deval Temple,Maharashtra,attraction,18.93515,72.82675,budget,4.9,4047,"Gol Deval Temple is a renowned religious landmark situated in Mumbai, Mumbai district of Maharashtra. The destination attracts visitors seeking authentic regional heritage, architectural grandeur, and picturesque surroundings. It plays an integral role in the cultural landscape and local tourism identity of the region.",Oct-Mar,https://images.unsplash.com/photo-1544717305-2782549b5136?w=800&auto=format&fit=crop&q=80
4106,Hanging Gardens,Maharashtra,attraction,18.93225,72.85645,budget,4.9,15215,"Hanging Gardens is a renowned recreation landmark situated in Mumbai, Mumbai district of Maharashtra. The destination attracts visitors seeking authentic regional heritage, architectural grandeur, and picturesque surroundings. It plays an integral role in the cultural landscape and local tourism identity of the region.",Oct-Feb,https://images.unsplash.com/photo-1585320806297-9794b3e4eeae?w=800&auto=format&fit=crop&q=80
4107,Horniman Circle Garden,Maharashtra,attraction,18.93025,72.84245,budget,4.2,3275,"Horniman Circle Garden is a renowned recreation landmark situated in Mumbai, Mumbai district of Maharashtra. The destination attracts visitors seeking authentic regional heritage, architectural grandeur, and picturesque surroundings. It plays an integral role in the cultural landscape and local tourism identity of the region.",Oct-Feb,https://images.unsplash.com/photo-1585320806297-9794b3e4eeae?w=800&auto=format&fit=crop&q=80
4108,Hutatma Memorial Statue,Maharashtra,attraction,18.932713,72.831453,budget,4.0,864,"Hutatma Memorial Statue is a renowned cultural landmark situated in Mumbai, Mumbai district of Maharashtra. The destination attracts visitors seeking authentic regional heritage, architectural grandeur, and picturesque surroundings. It plays an integral role in the cultural landscape and local tourism identity of the region.",Oct-Feb,https://images.unsplash.com/photo-1590050752117-238cb0fb12b1?w=800&auto=format&fit=crop&q=80
4109,ISKCON Chowpatty (Sri Sri Radha Gopinath Mandir),Maharashtra,attraction,18.91245,72.81785,budget,4.6,6466,"ISKCON Chowpatty (Sri Sri Radha Gopinath Mandir) is a renowned religious landmark situated in Mumbai, Mumbai district of Maharashtra. The destination attracts visitors seeking authentic regional heritage, architectural grandeur, and picturesque surroundings. It plays an integral role in the cultural landscape and local tourism identity of the region.",Oct-Feb,https://images.unsplash.com/photo-1582510003544-4d00b7f74220?w=800&auto=format&fit=crop&q=80
4110,ISKCON Mandir - Juhu,Maharashtra,attraction,18.9004,72.8335,budget,4.4,13196,"ISKCON Mandir - Juhu is a renowned religious landmark situated in Mumbai, Mumbai district of Maharashtra. The destination attracts visitors seeking authentic regional heritage, architectural grandeur, and picturesque surroundings. It plays an integral role in the cultural landscape and local tourism identity of the region.",Oct-Feb,https://images.unsplash.com/photo-1567157577867-05ccb1388e66?w=800&auto=format&fit=crop&q=80
4111,Jehangir Art Gallery,Maharashtra,attraction,18.90315,72.85275,budget,4.4,3246,"Jehangir Art Gallery is a renowned cultural destination located in Mumbai, Mumbai district of Maharashtra. The attraction draws domestic and regional travelers for its distinctive character, pleasant ambiance, and cultural significance. It serves as a cherished public landmark within the local community and tourist itineraries.",Oct-Feb,https://images.unsplash.com/photo-1544531586-fde5298cdd40?w=800&auto=format&fit=crop&q=80
4112,Jogeshwari Caves,Maharashtra,attraction,19.139138,72.858078,budget,4.4,2716,"Jogeshwari Caves is a renowned cultural destination located in Mumbai, Mumbai district of Maharashtra. The attraction draws domestic and regional travelers for its distinctive character, pleasant ambiance, and cultural significance. It serves as a cherished public landmark within the local community and tourist itineraries.",Oct-Feb,https://images.unsplash.com/photo-1509316975850-ff9c5deb0cd9?w=800&auto=format&fit=crop&q=80
4113,Juhu Garden,Maharashtra,attraction,18.9112,72.8591,budget,4.5,3577,"Juhu Garden is a renowned recreation landmark situated in Mumbai, Mumbai district of Maharashtra. The destination attracts visitors seeking authentic regional heritage, architectural grandeur, and picturesque surroundings. It plays an integral role in the cultural landscape and local tourism identity of the region.",Oct-Feb,https://images.unsplash.com/photo-1519331379826-f10be5486c6f?w=800&auto=format&fit=crop&q=80
4114,Kamala Nehru Park,Maharashtra,attraction,18.955012,72.804984,budget,4.3,2119,"Kamala Nehru Park is a renowned recreation destination located in Mumbai, Mumbai district of Maharashtra. The attraction draws domestic and regional travelers for its distinctive character, pleasant ambiance, and cultural significance. It serves as a cherished public landmark within the local community and tourist itineraries.",Oct-Feb,https://images.unsplash.com/photo-1519331379826-f10be5486c6f?w=800&auto=format&fit=crop&q=80
4115,Kanheri Caves,Maharashtra,attraction,19.207763,72.904984,budget,4.3,2806,"Kanheri Caves is a renowned heritage destination located in Mumbai, Mumbai district of Maharashtra. The attraction draws domestic and regional travelers for its distinctive character, pleasant ambiance, and cultural significance. It serves as a cherished public landmark within the local community and tourist itineraries.",Oct-Feb,https://images.unsplash.com/photo-1518709268805-4e9042af9f23?w=800&auto=format&fit=crop&q=80
4116,Kharghar Three Monkey Point,Maharashtra,attraction,18.901,72.8377,budget,4.7,15440,"Kharghar Three Monkey Point is a renowned cultural destination located in Mumbai, Mumbai district of Maharashtra. The attraction draws domestic and regional travelers for its distinctive character, pleasant ambiance, and cultural significance. It serves as a cherished public landmark within the local community and tourist itineraries.",Oct-Feb,https://images.unsplash.com/photo-1609766857041-ed402ea8069a?w=800&auto=format&fit=crop&q=80
4117,KidZania Mumbai,Maharashtra,attraction,18.9225,72.8382,budget,4.6,6803,"KidZania Mumbai is a renowned recreation destination located in Mumbai, Mumbai district of Maharashtra. The attraction draws domestic and regional travelers for its distinctive character, pleasant ambiance, and cultural significance. It serves as a cherished public landmark within the local community and tourist itineraries.",Oct-Feb,https://images.unsplash.com/photo-1621847468516-1ed5d0df56fe?w=800&auto=format&fit=crop&q=80
4118,Madh Fort,Maharashtra,attraction,19.132262,72.794766,mid,4.8,2216,"Madh Fort is a renowned heritage landmark situated in Mumbai, Mumbai district of Maharashtra. The destination attracts visitors seeking authentic regional heritage, architectural grandeur, and picturesque surroundings. It plays an integral role in the cultural landscape and local tourism identity of the region.",Oct-Feb,https://images.unsplash.com/photo-1590766940554-634a7ed41450?w=800&auto=format&fit=crop&q=80
4119,Madh Island,Maharashtra,attraction,19.148488,72.789172,budget,4.9,2894,"Madh Island is a renowned cultural destination located in Mumbai, Mumbai district of Maharashtra. The attraction draws domestic and regional travelers for its distinctive character, pleasant ambiance, and cultural significance. It serves as a cherished public landmark within the local community and tourist itineraries.",Oct-Feb,https://images.unsplash.com/photo-1621847468516-1ed5d0df56fe?w=800&auto=format&fit=crop&q=80
4120,Mahakali Caves,Maharashtra,attraction,19.09015,72.87675,budget,4.3,2566,"Mahakali Caves is a renowned heritage landmark situated in Mumbai, Mumbai district of Maharashtra. The destination attracts visitors seeking authentic regional heritage, architectural grandeur, and picturesque surroundings. It plays an integral role in the cultural landscape and local tourism identity of the region.",Oct-Feb,https://images.unsplash.com/photo-1509316975850-ff9c5deb0cd9?w=800&auto=format&fit=crop&q=80
4121,Mahim Beach,Maharashtra,attraction,18.9282,72.8281,budget,4.7,3865,"Mahim Beach is a renowned cultural destination located in Mumbai, Mumbai district of Maharashtra. The attraction draws domestic and regional travelers for its distinctive character, pleasant ambiance, and cultural significance. It serves as a cherished public landmark within the local community and tourist itineraries.",Oct-Feb,https://images.unsplash.com/photo-1512343879784-a960bf40e7f2?w=800&auto=format&fit=crop&q=80
4122,Mahim Fort,Maharashtra,attraction,19.042037,72.838172,mid,4.6,4459,"Mahim Fort is a renowned heritage destination located in Mumbai, Mumbai district of Maharashtra. The attraction draws domestic and regional travelers for its distinctive character, pleasant ambiance, and cultural significance. It serves as a cherished public landmark within the local community and tourist itineraries.",Oct-Feb,https://images.unsplash.com/photo-1590766940554-634a7ed41450?w=800&auto=format&fit=crop&q=80
4123,Malabar View Point,Maharashtra,attraction,18.954763,72.808172,budget,4.5,2359,"Malabar View Point is a renowned cultural destination located in Mumbai, Mumbai district of Maharashtra. The attraction draws domestic and regional travelers for its distinctive character, pleasant ambiance, and cultural significance. It serves as a cherished public landmark within the local community and tourist itineraries.",Oct-Feb,https://images.unsplash.com/photo-1590050752117-238cb0fb12b1?w=800&auto=format&fit=crop&q=80
4124,Marine Drive,Maharashtra,attraction,18.930212,72.821891,budget,4.5,23671,"Marine Drive is a renowned cultural destination located in Mumbai, Mumbai district of Maharashtra. The attraction draws domestic and regional travelers for its distinctive character, pleasant ambiance, and cultural significance. It serves as a cherished public landmark within the local community and tourist itineraries.",Oct-Feb,https://images.unsplash.com/photo-1567157577867-05ccb1388e66?w=800&auto=format&fit=crop&q=80
4125,Mumbai Chowpatty Beach,Maharashtra,attraction,18.954413,72.812859,budget,4.3,3313,"Mumbai Chowpatty Beach is a renowned cultural destination located in Mumbai, Mumbai district of Maharashtra. The attraction draws domestic and regional travelers for its distinctive character, pleasant ambiance, and cultural significance. It serves as a cherished public landmark within the local community and tourist itineraries.",Oct-Feb,https://images.unsplash.com/photo-1509233725247-49e657c54213?w=800&auto=format&fit=crop&q=80
4126,Mumbai Kamathipura Red Light Tour,Maharashtra,attraction,18.9101,72.8514,budget,4.7,7485,"Mumbai Kamathipura Red Light Tour is a renowned cultural destination located in Mumbai, Mumbai district of Maharashtra. The attraction draws domestic and regional travelers for its distinctive character, pleasant ambiance, and cultural significance. It serves as a cherished public landmark within the local community and tourist itineraries.",Oct-Feb,https://images.unsplash.com/photo-1518709268805-4e9042af9f23?w=800&auto=format&fit=crop&q=80
4127,Mumbai Skyline View Point,Maharashtra,attraction,18.929362,72.821391,budget,4.4,879,"Mumbai Skyline View Point is a renowned cultural destination located in Mumbai, Mumbai district of Maharashtra. The attraction draws domestic and regional travelers for its distinctive character, pleasant ambiance, and cultural significance. It serves as a cherished public landmark within the local community and tourist itineraries.",Oct-Feb,https://images.unsplash.com/photo-1544717305-2782549b5136?w=800&auto=format&fit=crop&q=80
4128,Mumbai Urban Art Festival - Sassoon Dock Project,Maharashtra,attraction,18.8984,72.8195,budget,4.2,3127,"Mumbai Urban Art Festival - Sassoon Dock Project is a renowned cultural destination located in Mumbai, Mumbai district of Maharashtra. The attraction draws domestic and regional travelers for its distinctive character, pleasant ambiance, and cultural significance. It serves as a cherished public landmark within the local community and tourist itineraries.",Oct-Feb,https://images.unsplash.com/photo-1567157577867-05ccb1388e66?w=800&auto=format&fit=crop&q=80
4129,Nanalal D Mehta Garden,Maharashtra,attraction,19.024912,72.853484,budget,4.1,1101,"Nanalal D Mehta Garden is a renowned recreation destination located in Mumbai, Mumbai district of Maharashtra. The attraction draws domestic and regional travelers for its distinctive character, pleasant ambiance, and cultural significance. It serves as a cherished public landmark within the local community and tourist itineraries.",Oct-Feb,https://images.unsplash.com/photo-1585320806297-9794b3e4eeae?w=800&auto=format&fit=crop&q=80
4130,"Nariman Point, Mumbai, Maharashtra",Maharashtra,attraction,18.925663,72.818609,budget,4.4,17811,"Nariman Point, Mumbai, Maharashtra is a renowned nature destination located in Mumbai, Mumbai district of Maharashtra. The attraction draws domestic and regional travelers for its distinctive character, pleasant ambiance, and cultural significance. It serves as a cherished public landmark within the local community and tourist itineraries.",Oct-Feb,https://images.unsplash.com/photo-1582510003544-4d00b7f74220?w=800&auto=format&fit=crop&q=80
4131,National Museum of Indian Cinema,Maharashtra,attraction,18.9373,72.8418,mid,4.4,2827,"National Museum of Indian Cinema is a renowned cultural landmark situated in Mumbai, Mumbai district of Maharashtra. The destination attracts visitors seeking authentic regional heritage, architectural grandeur, and picturesque surroundings. It plays an integral role in the cultural landscape and local tourism identity of the region.",Oct-Mar,https://images.unsplash.com/photo-1565034946487-077786996e27?w=800&auto=format&fit=crop&q=80
4132,Nilambari Open deck Bus Tour,Maharashtra,attraction,18.8987,72.8216,budget,4.4,2090,"Nilambari Open deck Bus Tour is a renowned cultural destination located in Mumbai, Mumbai district of Maharashtra. The attraction draws domestic and regional travelers for its distinctive character, pleasant ambiance, and cultural significance. It serves as a cherished public landmark within the local community and tourist itineraries.",Oct-Feb,https://images.unsplash.com/photo-1567157577867-05ccb1388e66?w=800&auto=format&fit=crop&q=80
4133,Oval Maidan,Maharashtra,attraction,18.93885,72.85265,budget,4.2,2349,"Oval Maidan is a renowned recreation destination located in Mumbai, Mumbai district of Maharashtra. The attraction draws domestic and regional travelers for its distinctive character, pleasant ambiance, and cultural significance. It serves as a cherished public landmark within the local community and tourist itineraries.",Oct-Feb,https://images.unsplash.com/photo-1518709268805-4e9042af9f23?w=800&auto=format&fit=crop&q=80
4134,Parsi Fire Temple,Maharashtra,attraction,18.90695,72.82935,budget,4.2,1669,"Parsi Fire Temple is a renowned heritage destination located in Mumbai, Mumbai district of Maharashtra. The attraction draws domestic and regional travelers for its distinctive character, pleasant ambiance, and cultural significance. It serves as a cherished public landmark within the local community and tourist itineraries.",Oct-Mar,https://images.unsplash.com/photo-1518709268805-4e9042af9f23?w=800&auto=format&fit=crop&q=80
4135,Port Trust War Memorial,Maharashtra,attraction,18.90575,72.82095,budget,3.9,1327,"Port Trust War Memorial is a renowned cultural destination located in Mumbai, Mumbai district of Maharashtra. The attraction draws domestic and regional travelers for its distinctive character, pleasant ambiance, and cultural significance. It serves as a cherished public landmark within the local community and tourist itineraries.",Oct-Feb,https://images.unsplash.com/photo-1582510003544-4d00b7f74220?w=800&auto=format&fit=crop&q=80
4136,Priyadarshini Park,Maharashtra,attraction,18.94105,72.81805,budget,4.8,22971,"Priyadarshini Park is a renowned recreation landmark situated in Mumbai, Mumbai district of Maharashtra. The destination attracts visitors seeking authentic regional heritage, architectural grandeur, and picturesque surroundings. It plays an integral role in the cultural landscape and local tourism identity of the region.",Oct-Feb,https://images.unsplash.com/photo-1519331379826-f10be5486c6f?w=800&auto=format&fit=crop&q=80
4137,Raj Bhavan Tour,Maharashtra,attraction,18.943188,72.794328,budget,4.4,3282,"Raj Bhavan Tour is a renowned cultural destination located in Mumbai, Mumbai district of Maharashtra. The attraction draws domestic and regional travelers for its distinctive character, pleasant ambiance, and cultural significance. It serves as a cherished public landmark within the local community and tourist itineraries.",Oct-Feb,https://images.unsplash.com/photo-1584467735815-f778f274e296?w=800&auto=format&fit=crop&q=80
4138,Rajabai Clock Tower,Maharashtra,attraction,18.929762,72.830078,budget,4.6,3548,"Rajabai Clock Tower is a renowned heritage destination located in Mumbai, Mumbai district of Maharashtra. The attraction draws domestic and regional travelers for its distinctive character, pleasant ambiance, and cultural significance. It serves as a cherished public landmark within the local community and tourist itineraries.",Oct-Feb,https://images.unsplash.com/photo-1590050752117-238cb0fb12b1?w=800&auto=format&fit=crop&q=80
4139,Riwa Fort,Maharashtra,attraction,18.927,72.8197,mid,4.4,2017,"Riwa Fort is a renowned heritage destination located in Mumbai, Mumbai district of Maharashtra. The attraction draws domestic and regional travelers for its distinctive character, pleasant ambiance, and cultural significance. It serves as a cherished public landmark within the local community and tourist itineraries.",Oct-Feb,https://images.unsplash.com/photo-1585123388867-3bfe6dd4bdbf?w=800&auto=format&fit=crop&q=80
4140,Sagar Upvan Garden,Maharashtra,attraction,18.911812,72.824703,budget,4.6,4511,"Sagar Upvan Garden is a renowned recreation landmark situated in Mumbai, Mumbai district of Maharashtra. The destination attracts visitors seeking authentic regional heritage, architectural grandeur, and picturesque surroundings. It plays an integral role in the cultural landscape and local tourism identity of the region.",Oct-Feb,https://images.unsplash.com/photo-1506744038136-46273834b3fb?w=800&auto=format&fit=crop&q=80
4141,"Sagar Vihar, Vashi, Navi Mumbai.",Maharashtra,attraction,19.075612,72.984141,budget,4.3,1231,"Sagar Vihar, Vashi, Navi Mumbai. is a renowned cultural destination located in Mumbai, Mumbai district of Maharashtra. The attraction draws domestic and regional travelers for its distinctive character, pleasant ambiance, and cultural significance. It serves as a cherished public landmark within the local community and tourist itineraries.",Oct-Feb,https://images.unsplash.com/photo-1506744038136-46273834b3fb?w=800&auto=format&fit=crop&q=80
4142,Sanjay Gandhi National Park,Maharashtra,attraction,18.92195,72.83435,budget,4.9,15387,"Sanjay Gandhi National Park is a renowned wildlife landmark situated in Mumbai, Mumbai district of Maharashtra. The destination attracts visitors seeking authentic regional heritage, architectural grandeur, and picturesque surroundings. It plays an integral role in the cultural landscape and local tourism identity of the region.",Oct-Feb,https://images.unsplash.com/photo-1534188753412-3e26d0d618d6?w=800&auto=format&fit=crop&q=80
4143,Sewri Fort,Maharashtra,attraction,18.9466,72.8569,mid,4.3,2723,"Sewri Fort is a renowned heritage destination located in Mumbai, Mumbai district of Maharashtra. The attraction draws domestic and regional travelers for its distinctive character, pleasant ambiance, and cultural significance. It serves as a cherished public landmark within the local community and tourist itineraries.",Oct-Feb,https://images.unsplash.com/photo-1585123388867-3bfe6dd4bdbf?w=800&auto=format&fit=crop&q=80
4144,Sewri Mangrove Park,Maharashtra,attraction,18.995562,72.861641,budget,4.0,176,"Sewri Mangrove Park is a renowned cultural destination located in Mumbai, Mumbai district of Maharashtra. The attraction draws domestic and regional travelers for its distinctive character, pleasant ambiance, and cultural significance. It serves as a cherished public landmark within the local community and tourist itineraries.",Oct-Feb,https://images.unsplash.com/photo-1519331379826-f10be5486c6f?w=800&auto=format&fit=crop&q=80
4145,Shiv Fort,Maharashtra,attraction,18.9244,72.8515,mid,4.5,8716,"Shiv Fort is a renowned heritage landmark situated in Mumbai, Mumbai district of Maharashtra. The destination attracts visitors seeking authentic regional heritage, architectural grandeur, and picturesque surroundings. It plays an integral role in the cultural landscape and local tourism identity of the region.",Oct-Feb,https://images.unsplash.com/photo-1590766940554-634a7ed41450?w=800&auto=format&fit=crop&q=80
4146,Shree Ghanteshwar Hanuman Mandir,Maharashtra,attraction,18.9406,72.8149,budget,4.9,2561,"Shree Ghanteshwar Hanuman Mandir is a renowned religious landmark situated in Mumbai, Mumbai district of Maharashtra. The destination attracts visitors seeking authentic regional heritage, architectural grandeur, and picturesque surroundings. It plays an integral role in the cultural landscape and local tourism identity of the region.",Oct-Feb,https://images.unsplash.com/photo-1518709268805-4e9042af9f23?w=800&auto=format&fit=crop&q=80
4147,Shree Siddhivinayak Temple,Maharashtra,attraction,19.091,72.8827,budget,4.9,25454,"Shree Siddhivinayak Temple is a renowned religious landmark situated in Mumbai, Mumbai district of Maharashtra. The destination attracts visitors seeking authentic regional heritage, architectural grandeur, and picturesque surroundings. It plays an integral role in the cultural landscape and local tourism identity of the region.",Oct-Mar,https://images.unsplash.com/photo-1621847468516-1ed5d0df56fe?w=800&auto=format&fit=crop&q=80
4148,Snow World,Maharashtra,attraction,18.90805,72.83705,budget,4.6,1253,"Snow World is a renowned recreation destination located in Mumbai, Mumbai district of Maharashtra. The attraction draws domestic and regional travelers for its distinctive character, pleasant ambiance, and cultural significance. It serves as a cherished public landmark within the local community and tourist itineraries.",Oct-Feb,https://images.unsplash.com/photo-1464822759023-fed622ff2c3b?w=800&auto=format&fit=crop&q=80
4149,South Mumbai,Maharashtra,attraction,18.933338,72.827766,budget,4.3,1232,"South Mumbai is a renowned cultural destination located in Mumbai, Mumbai district of Maharashtra. The attraction draws domestic and regional travelers for its distinctive character, pleasant ambiance, and cultural significance. It serves as a cherished public landmark within the local community and tourist itineraries.",Oct-Feb,https://images.unsplash.com/photo-1609766857041-ed402ea8069a?w=800&auto=format&fit=crop&q=80
4150,"St. Thomas' Cathedral, Mumbai",Maharashtra,attraction,18.917,72.8497,budget,4.1,411,"St. Thomas' Cathedral, Mumbai is a renowned religious destination located in Mumbai, Mumbai district of Maharashtra. The attraction draws domestic and regional travelers for its distinctive character, pleasant ambiance, and cultural significance. It serves as a cherished public landmark within the local community and tourist itineraries.",Oct-Feb,https://images.unsplash.com/photo-1609766857041-ed402ea8069a?w=800&auto=format&fit=crop&q=80
4151,Thiruchembur Murugan Temple,Maharashtra,attraction,18.9346,72.8229,budget,4.5,5161,"Thiruchembur Murugan Temple is a renowned religious landmark situated in Mumbai, Mumbai district of Maharashtra. The destination attracts visitors seeking authentic regional heritage, architectural grandeur, and picturesque surroundings. It plays an integral role in the cultural landscape and local tourism identity of the region.",Oct-Mar,https://images.unsplash.com/photo-1621847468516-1ed5d0df56fe?w=800&auto=format&fit=crop&q=80
4152,Vasai Fort,Maharashtra,attraction,18.94305,72.83205,mid,4.4,2875,"Vasai Fort is a renowned heritage landmark situated in Mumbai, Mumbai district of Maharashtra. The destination attracts visitors seeking authentic regional heritage, architectural grandeur, and picturesque surroundings. It plays an integral role in the cultural landscape and local tourism identity of the region.",Oct-Feb,https://images.unsplash.com/photo-1585123388867-3bfe6dd4bdbf?w=800&auto=format&fit=crop&q=80
4153,Veer Baji Prabhu Udyan,Maharashtra,attraction,19.026763,72.835297,budget,4.9,3878,"Veer Baji Prabhu Udyan is a renowned recreation landmark situated in Mumbai, Mumbai district of Maharashtra. The destination attracts visitors seeking authentic regional heritage, architectural grandeur, and picturesque surroundings. It plays an integral role in the cultural landscape and local tourism identity of the region.",Oct-Feb,https://images.unsplash.com/photo-1544717305-2782549b5136?w=800&auto=format&fit=crop&q=80
4154,Veermata Jijabai Bhosale Botanical Udyan and Zoo,Maharashtra,attraction,18.91045,72.85385,mid,4.8,21970,"Veermata Jijabai Bhosale Botanical Udyan and Zoo is a renowned wildlife destination located in Mumbai, Mumbai district of Maharashtra. The attraction draws domestic and regional travelers for its distinctive character, pleasant ambiance, and cultural significance. It serves as a cherished public landmark within the local community and tourist itineraries.",Oct-Feb,https://images.unsplash.com/photo-1549366021-9f761d450615?w=800&auto=format&fit=crop&q=80
4155,waterfall,Maharashtra,attraction,19.182163,72.899266,budget,4.4,1025,"waterfall is a renowned cultural destination located in Mumbai, Mumbai district of Maharashtra. The attraction draws domestic and regional travelers for its distinctive character, pleasant ambiance, and cultural significance. It serves as a cherished public landmark within the local community and tourist itineraries.",Jul-Oct,https://images.unsplash.com/photo-1432405972618-c60b0225b8f9?w=800&auto=format&fit=crop&q=80
4156,Worli Fort,Maharashtra,attraction,19.023713,72.816797,mid,4.6,4612,"Worli Fort is a renowned heritage landmark situated in Mumbai, Mumbai district of Maharashtra. The destination attracts visitors seeking authentic regional heritage, architectural grandeur, and picturesque surroundings. It plays an integral role in the cultural landscape and local tourism identity of the region.",Oct-Feb,https://images.unsplash.com/photo-1585123388867-3bfe6dd4bdbf?w=800&auto=format&fit=crop&q=80
4157,Worli Koliwada Jetty,Maharashtra,attraction,18.92895,72.83335,budget,4.7,2219,"Worli Koliwada Jetty is a renowned cultural destination located in Mumbai, Mumbai district of Maharashtra. The attraction draws domestic and regional travelers for its distinctive character, pleasant ambiance, and cultural significance. It serves as a cherished public landmark within the local community and tourist itineraries.",Oct-Feb,https://images.unsplash.com/photo-1609766857041-ed402ea8069a?w=800&auto=format&fit=crop&q=80
4158,Bandra beach,Maharashtra,attraction,19.043188,72.817203,budget,3.9,521,"Bandra beach is a renowned cultural destination located in Mumbai, Mumbai Suburban district of Maharashtra. The attraction draws domestic and regional travelers for its distinctive character, pleasant ambiance, and cultural significance. It serves as a cherished public landmark within the local community and tourist itineraries.",Oct-Feb,https://images.unsplash.com/photo-1519046904884-53103b34b206?w=800&auto=format&fit=crop&q=80
4159,Chhota Kashmir Boat Club,Maharashtra,attraction,18.9324,72.8575,budget,4.7,4654,"Chhota Kashmir Boat Club is a renowned recreation destination located in Mumbai, Mumbai Suburban district of Maharashtra. The attraction draws domestic and regional travelers for its distinctive character, pleasant ambiance, and cultural significance. It serves as a cherished public landmark within the local community and tourist itineraries.",Oct-Feb,https://images.unsplash.com/photo-1544717305-2782549b5136?w=800&auto=format&fit=crop&q=80
4160,EsselWorld,Maharashtra,attraction,18.90815,72.83775,budget,4.9,26624,"EsselWorld is a renowned recreation destination located in Mumbai, Mumbai Suburban district of Maharashtra. The attraction draws domestic and regional travelers for its distinctive character, pleasant ambiance, and cultural significance. It serves as a cherished public landmark within the local community and tourist itineraries.",Oct-Feb,https://images.unsplash.com/photo-1544717305-2782549b5136?w=800&auto=format&fit=crop&q=80
4161,Global Vipassana Pagoda,Maharashtra,attraction,18.89865,72.82125,budget,4.9,27438,"Global Vipassana Pagoda is a renowned heritage destination located in Mumbai, Mumbai Suburban district of Maharashtra. The attraction draws domestic and regional travelers for its distinctive character, pleasant ambiance, and cultural significance. It serves as a cherished public landmark within the local community and tourist itineraries.",Oct-Feb,https://images.unsplash.com/photo-1506197603052-3cc9c3a201bd?w=800&auto=format&fit=crop&q=80
4162,IIM Mumbai Pond,Maharashtra,attraction,19.137912,72.901984,budget,4.0,470,"IIM Mumbai Pond is a renowned cultural destination located in Mumbai, Mumbai Suburban district of Maharashtra. The attraction draws domestic and regional travelers for its distinctive character, pleasant ambiance, and cultural significance. It serves as a cherished public landmark within the local community and tourist itineraries.",Oct-Feb,https://images.unsplash.com/photo-1621847468516-1ed5d0df56fe?w=800&auto=format&fit=crop&q=80
4163,juhuu caupaattii,Maharashtra,attraction,18.91395,72.82835,budget,3.9,1089,"juhuu caupaattii is a renowned cultural destination located in Mumbai, Mumbai Suburban district of Maharashtra. The attraction draws domestic and regional travelers for its distinctive character, pleasant ambiance, and cultural significance. It serves as a cherished public landmark within the local community and tourist itineraries.",Oct-Feb,https://images.unsplash.com/photo-1621847468516-1ed5d0df56fe?w=800&auto=format&fit=crop&q=80
4164,Mandapeshwar Caves,Maharashtra,attraction,19.245037,72.853641,budget,4.1,1268,"Mandapeshwar Caves is a renowned heritage destination located in Mumbai, Mumbai Suburban district of Maharashtra. The attraction draws domestic and regional travelers for its distinctive character, pleasant ambiance, and cultural significance. It serves as a cherished public landmark within the local community and tourist itineraries.",Oct-Feb,https://images.unsplash.com/photo-1509316975850-ff9c5deb0cd9?w=800&auto=format&fit=crop&q=80
4165,Mini Seashore,Maharashtra,attraction,18.9137,72.8266,budget,4.0,362,"Mini Seashore is a renowned cultural destination located in Mumbai, Mumbai Suburban district of Maharashtra. The attraction draws domestic and regional travelers for its distinctive character, pleasant ambiance, and cultural significance. It serves as a cherished public landmark within the local community and tourist itineraries.",Oct-Feb,https://images.unsplash.com/photo-1507525428034-b723cf961d3e?w=800&auto=format&fit=crop&q=80
4166,Mumbai selfie point juhu,Maharashtra,attraction,19.103963,72.829984,budget,4.3,1225,"Mumbai selfie point juhu is a renowned cultural destination located in Mumbai, Mumbai Suburban district of Maharashtra. The attraction draws domestic and regional travelers for its distinctive character, pleasant ambiance, and cultural significance. It serves as a cherished public landmark within the local community and tourist itineraries.",Oct-Feb,https://images.unsplash.com/photo-1582510003544-4d00b7f74220?w=800&auto=format&fit=crop&q=80
4167,Powai dam,Maharashtra,attraction,19.126587,72.895766,budget,4.1,167,"Powai dam is a renowned cultural destination located in Mumbai, Mumbai Suburban district of Maharashtra. The attraction draws domestic and regional travelers for its distinctive character, pleasant ambiance, and cultural significance. It serves as a cherished public landmark within the local community and tourist itineraries.",Oct-Feb,https://images.unsplash.com/photo-1501785888041-af3ef285b470?w=800&auto=format&fit=crop&q=80
4168,Powai Vatika,Maharashtra,attraction,19.122888,72.906984,budget,4.0,798,"Powai Vatika is a renowned recreation destination located in Mumbai, Mumbai Suburban district of Maharashtra. The attraction draws domestic and regional travelers for its distinctive character, pleasant ambiance, and cultural significance. It serves as a cherished public landmark within the local community and tourist itineraries.",Oct-Feb,https://images.unsplash.com/photo-1519331379826-f10be5486c6f?w=800&auto=format&fit=crop&q=80
4169,Vanrani,Maharashtra,attraction,18.91115,72.85875,budget,4.5,8326,"Vanrani is a renowned cultural destination located in Mumbai, Mumbai Suburban district of Maharashtra. The attraction draws domestic and regional travelers for its distinctive character, pleasant ambiance, and cultural significance. It serves as a cherished public landmark within the local community and tourist itineraries.",Oct-Feb,https://images.unsplash.com/photo-1585320806297-9794b3e4eeae?w=800&auto=format&fit=crop&q=80
4170,Bhaktidham,Maharashtra,attraction,20.58705,78.96635,budget,4.7,2430,"Bhaktidham is a renowned religious landmark situated in Nashik, Nashik district of Maharashtra. The destination attracts visitors seeking authentic regional heritage, architectural grandeur, and picturesque surroundings. It plays an integral role in the cultural landscape and local tourism identity of the region.",Oct-Feb,https://images.unsplash.com/photo-1609766857041-ed402ea8069a?w=800&auto=format&fit=crop&q=80
4171,BIRLA AROGYA MANDIR,Maharashtra,attraction,20.960487,78.829734,budget,4.6,2857,"BIRLA AROGYA MANDIR is a renowned religious landmark situated in Nashik, Nashik district of Maharashtra. The destination attracts visitors seeking authentic regional heritage, architectural grandeur, and picturesque surroundings. It plays an integral role in the cultural landscape and local tourism identity of the region.",Oct-Feb,https://images.unsplash.com/photo-1621847468516-1ed5d0df56fe?w=800&auto=format&fit=crop&q=80
4172,Chambar Leni,Maharashtra,attraction,21.066063,78.792859,budget,4.3,1228,"Chambar Leni is a renowned religious landmark situated in Nashik, Nashik district of Maharashtra. The destination attracts visitors seeking authentic regional heritage, architectural grandeur, and picturesque surroundings. It plays an integral role in the cultural landscape and local tourism identity of the region.",Oct-Feb,https://images.unsplash.com/photo-1544717305-2782549b5136?w=800&auto=format&fit=crop&q=80
4173,Coin Museum (Shanti-Krishna Museum of Money and History),Maharashtra,attraction,20.6094,78.9728,mid,4.2,2554,"Coin Museum (Shanti-Krishna Museum of Money and History) is a renowned cultural landmark situated in Nashik, Nashik district of Maharashtra. The destination attracts visitors seeking authentic regional heritage, architectural grandeur, and picturesque surroundings. It plays an integral role in the cultural landscape and local tourism identity of the region.",Oct-Mar,https://images.unsplash.com/photo-1565034946487-077786996e27?w=800&auto=format&fit=crop&q=80
4174,Ganapati Temple,Maharashtra,attraction,20.992287,78.762297,budget,4.5,5514,"Ganapati Temple is a renowned religious landmark situated in Nashik, Nashik district of Maharashtra. The destination attracts visitors seeking authentic regional heritage, architectural grandeur, and picturesque surroundings. It plays an integral role in the cultural landscape and local tourism identity of the region.",Oct-Mar,https://images.unsplash.com/photo-1582510003544-4d00b7f74220?w=800&auto=format&fit=crop&q=80
4175,goraaraam mNdir,Maharashtra,attraction,20.60855,78.96685,budget,4.2,2955,"goraaraam mNdir is a renowned religious landmark situated in Nashik, Nashik district of Maharashtra. The destination attracts visitors seeking authentic regional heritage, architectural grandeur, and picturesque surroundings. It plays an integral role in the cultural landscape and local tourism identity of the region.",Oct-Feb,https://images.unsplash.com/photo-1518709268805-4e9042af9f23?w=800&auto=format&fit=crop&q=80
4176,JAGANNATH MANDIR,Maharashtra,attraction,20.955163,78.772297,budget,4.4,1988,"JAGANNATH MANDIR is a renowned religious landmark situated in Nashik, Nashik district of Maharashtra. The destination attracts visitors seeking authentic regional heritage, architectural grandeur, and picturesque surroundings. It plays an integral role in the cultural landscape and local tourism identity of the region.",Oct-Feb,https://images.unsplash.com/photo-1582510003544-4d00b7f74220?w=800&auto=format&fit=crop&q=80
4177,Kalavati Aai Mandir,Maharashtra,attraction,21.013112,78.783422,budget,4.5,6173,"Kalavati Aai Mandir is a renowned religious landmark situated in Nashik, Nashik district of Maharashtra. The destination attracts visitors seeking authentic regional heritage, architectural grandeur, and picturesque surroundings. It plays an integral role in the cultural landscape and local tourism identity of the region.",Oct-Feb,https://images.unsplash.com/photo-1518709268805-4e9042af9f23?w=800&auto=format&fit=crop&q=80
4178,Kusumagraj Pratishthan,Maharashtra,attraction,20.996562,78.776141,budget,4.0,598,"Kusumagraj Pratishthan is a renowned cultural landmark situated in Nashik, Nashik district of Maharashtra. The destination attracts visitors seeking authentic regional heritage, architectural grandeur, and picturesque surroundings. It plays an integral role in the cultural landscape and local tourism identity of the region.",Oct-Feb,https://images.unsplash.com/photo-1609766857041-ed402ea8069a?w=800&auto=format&fit=crop&q=80
4179,Muktidham Mandir,Maharashtra,attraction,20.5705,78.9505,budget,4.5,7371,"Muktidham Mandir is a renowned religious landmark situated in Nashik, Nashik district of Maharashtra. The destination attracts visitors seeking authentic regional heritage, architectural grandeur, and picturesque surroundings. It plays an integral role in the cultural landscape and local tourism identity of the region.",Oct-Feb,https://images.unsplash.com/photo-1609766857041-ed402ea8069a?w=800&auto=format&fit=crop&q=80
4180,Naroshankar Temple,Maharashtra,attraction,21.005738,78.793266,budget,4.7,9048,"Naroshankar Temple is a renowned religious landmark situated in Nashik, Nashik district of Maharashtra. The destination attracts visitors seeking authentic regional heritage, architectural grandeur, and picturesque surroundings. It plays an integral role in the cultural landscape and local tourism identity of the region.",Oct-Mar,https://images.unsplash.com/photo-1609766857041-ed402ea8069a?w=800&auto=format&fit=crop&q=80
4181,Ramkund Panchwati,Maharashtra,attraction,20.58265,78.98555,budget,3.9,1238,"Ramkund Panchwati is a renowned religious landmark situated in Nashik, Nashik district of Maharashtra. The destination attracts visitors seeking authentic regional heritage, architectural grandeur, and picturesque surroundings. It plays an integral role in the cultural landscape and local tourism identity of the region.",Oct-Feb,https://images.unsplash.com/photo-1546548970-71785318a17b?w=800&auto=format&fit=crop&q=80
4182,Sai Baba Temple,Maharashtra,attraction,20.59255,78.95485,budget,4.5,3993,"Sai Baba Temple is a renowned religious landmark situated in Nashik, Nashik district of Maharashtra. The destination attracts visitors seeking authentic regional heritage, architectural grandeur, and picturesque surroundings. It plays an integral role in the cultural landscape and local tourism identity of the region.",Oct-Mar,https://images.unsplash.com/photo-1567157577867-05ccb1388e66?w=800&auto=format&fit=crop&q=80
4183,Savata Nagar - Shree Saptashrungi Nivasini Devi Shaktipeeth,Maharashtra,attraction,20.980412,78.757141,budget,4.3,1968,"Savata Nagar - Shree Saptashrungi Nivasini Devi Shaktipeeth is a renowned religious landmark situated in Nashik, Nashik district of Maharashtra. The destination attracts visitors seeking authentic regional heritage, architectural grandeur, and picturesque surroundings. It plays an integral role in the cultural landscape and local tourism identity of the region.",Oct-Feb,https://images.unsplash.com/photo-1621847468516-1ed5d0df56fe?w=800&auto=format&fit=crop&q=80
4184,Shree Kalaram Mandir Sansthan,Maharashtra,attraction,21.006588,78.797391,budget,4.1,1151,"Shree Kalaram Mandir Sansthan is a renowned religious landmark situated in Nashik, Nashik district of Maharashtra. The destination attracts visitors seeking authentic regional heritage, architectural grandeur, and picturesque surroundings. It plays an integral role in the cultural landscape and local tourism identity of the region.",Oct-Feb,https://images.unsplash.com/photo-1590050752117-238cb0fb12b1?w=800&auto=format&fit=crop&q=80
4185,Shri Laxman Rekha Temple,Maharashtra,attraction,20.5725,78.9645,budget,4.4,3215,"Shri Laxman Rekha Temple is a renowned cultural landmark situated in Nashik, Nashik district of Maharashtra. The destination attracts visitors seeking authentic regional heritage, architectural grandeur, and picturesque surroundings. It plays an integral role in the cultural landscape and local tourism identity of the region.",Oct-Mar,https://images.unsplash.com/photo-1567157577867-05ccb1388e66?w=800&auto=format&fit=crop&q=80
4186,Shri Laxmi Narayan Mandir,Maharashtra,attraction,21.001462,78.811141,budget,3.9,1176,"Shri Laxmi Narayan Mandir is a renowned religious landmark situated in Nashik, Nashik district of Maharashtra. The destination attracts visitors seeking authentic regional heritage, architectural grandeur, and picturesque surroundings. It plays an integral role in the cultural landscape and local tourism identity of the region.",Oct-Feb,https://images.unsplash.com/photo-1567157577867-05ccb1388e66?w=800&auto=format&fit=crop&q=80
4187,Sundar narayan mandir,Maharashtra,attraction,20.609,78.97,budget,4.4,1130,"Sundar narayan mandir is a renowned religious landmark situated in Nashik, Nashik district of Maharashtra. The destination attracts visitors seeking authentic regional heritage, architectural grandeur, and picturesque surroundings. It plays an integral role in the cultural landscape and local tourism identity of the region.",Oct-Feb,https://images.unsplash.com/photo-1518709268805-4e9042af9f23?w=800&auto=format&fit=crop&q=80
4188,Temple Hill,Maharashtra,attraction,20.897288,78.822672,budget,4.3,3061,"Temple Hill is a renowned recreation landmark situated in Nashik, Nashik district of Maharashtra. The destination attracts visitors seeking authentic regional heritage, architectural grandeur, and picturesque surroundings. It plays an integral role in the cultural landscape and local tourism identity of the region.",Oct-Mar,https://images.unsplash.com/photo-1464822759023-fed622ff2c3b?w=800&auto=format&fit=crop&q=80
4189,Triveni Sangam,Maharashtra,attraction,21.007388,78.792047,budget,4.4,502,"Triveni Sangam is a renowned religious landmark situated in Nashik, Nashik district of Maharashtra. The destination attracts visitors seeking authentic regional heritage, architectural grandeur, and picturesque surroundings. It plays an integral role in the cultural landscape and local tourism identity of the region.",Oct-Feb,https://images.unsplash.com/photo-1524492412937-b28074a5d7da?w=800&auto=format&fit=crop&q=80
4190,Ved Mandir,Maharashtra,attraction,20.994712,78.773953,budget,4.2,2389,"Ved Mandir is a renowned religious landmark situated in Nashik, Nashik district of Maharashtra. The destination attracts visitors seeking authentic regional heritage, architectural grandeur, and picturesque surroundings. It plays an integral role in the cultural landscape and local tourism identity of the region.",Oct-Feb,https://images.unsplash.com/photo-1621847468516-1ed5d0df56fe?w=800&auto=format&fit=crop&q=80
4191,Bagul Udyan,Maharashtra,attraction,18.50135,73.87335,budget,4.9,1604,"Bagul Udyan is a renowned recreation landmark situated in Pune, Pune district of Maharashtra. The destination attracts visitors seeking authentic regional heritage, architectural grandeur, and picturesque surroundings. It plays an integral role in the cultural landscape and local tourism identity of the region.",Oct-Feb,https://images.unsplash.com/photo-1582510003544-4d00b7f74220?w=800&auto=format&fit=crop&q=80
4192,Bhairavnath Temple,Maharashtra,attraction,18.735788,73.426297,budget,4.2,2716,"Bhairavnath Temple is a renowned religious landmark situated in Lonavala, Pune district of Maharashtra. The destination attracts visitors seeking authentic regional heritage, architectural grandeur, and picturesque surroundings. It plays an integral role in the cultural landscape and local tourism identity of the region.",Oct-Mar,https://images.unsplash.com/photo-1518709268805-4e9042af9f23?w=800&auto=format&fit=crop&q=80
4193,Darshan Museum,Maharashtra,attraction,18.52085,73.85985,mid,4.3,1094,"Darshan Museum is a renowned cultural landmark situated in Pune, Pune district of Maharashtra. The destination attracts visitors seeking authentic regional heritage, architectural grandeur, and picturesque surroundings. It plays an integral role in the cultural landscape and local tourism identity of the region.",Oct-Mar,https://images.unsplash.com/photo-1582555172866-f73bb12a2ab3?w=800&auto=format&fit=crop&q=80
4194,Dasve View Point,Maharashtra,attraction,18.399487,73.509109,budget,4.1,384,"Dasve View Point is a renowned nature landmark situated in Lavasa, Pune district of Maharashtra. The destination attracts visitors seeking authentic regional heritage, architectural grandeur, and picturesque surroundings. It plays an integral role in the cultural landscape and local tourism identity of the region.",Oct-Feb,https://images.unsplash.com/photo-1582510003544-4d00b7f74220?w=800&auto=format&fit=crop&q=80
4195,Gaikwad Wada,Maharashtra,attraction,18.464885,73.85032,budget,4.2,1522,"Gaikwad Wada is a renowned cultural destination located in Pune, Pune district of Maharashtra. The attraction draws domestic and regional travelers for its distinctive character, pleasant ambiance, and cultural significance. It serves as a cherished public landmark within the local community and tourist itineraries.",Oct-Feb,https://images.unsplash.com/photo-1567157577867-05ccb1388e66?w=800&auto=format&fit=crop&q=80
4196,Historical Structure,Maharashtra,attraction,18.567603,73.810113,budget,4.4,2337,"Historical Structure is a renowned cultural destination located in Pune, Pune district of Maharashtra. The attraction draws domestic and regional travelers for its distinctive character, pleasant ambiance, and cultural significance. It serves as a cherished public landmark within the local community and tourist itineraries.",Oct-Feb,https://images.unsplash.com/photo-1582510003544-4d00b7f74220?w=800&auto=format&fit=crop&q=80
4197,I LOVE WARJE,Maharashtra,attraction,18.490092,73.791411,budget,4.5,5916,"I LOVE WARJE is a renowned cultural destination located in Pune, Pune district of Maharashtra. The attraction draws domestic and regional travelers for its distinctive character, pleasant ambiance, and cultural significance. It serves as a cherished public landmark within the local community and tourist itineraries.",Oct-Feb,https://images.unsplash.com/photo-1609766857041-ed402ea8069a?w=800&auto=format&fit=crop&q=80
4198,Karla Caves,Maharashtra,attraction,18.783288,73.470453,budget,4.8,24798,"Karla Caves is a renowned cultural landmark situated in Lonavala, Pune district of Maharashtra. The destination attracts visitors seeking authentic regional heritage, architectural grandeur, and picturesque surroundings. It plays an integral role in the cultural landscape and local tourism identity of the region.",Oct-Feb,https://images.unsplash.com/photo-1518709268805-4e9042af9f23?w=800&auto=format&fit=crop&q=80
4199,Katraj Lake,Maharashtra,attraction,18.444437,73.862984,budget,4.2,2164,"Katraj Lake is a renowned recreation landmark situated in Pune, Pune district of Maharashtra. The destination attracts visitors seeking authentic regional heritage, architectural grandeur, and picturesque surroundings. It plays an integral role in the cultural landscape and local tourism identity of the region.",Oct-Feb,https://images.unsplash.com/photo-1506744038136-46273834b3fb?w=800&auto=format&fit=crop&q=80
4200,Khadakwasla Backwaters,Maharashtra,attraction,18.443865,73.763739,budget,4.2,1871,"Khadakwasla Backwaters is a renowned cultural destination located in Pune, Pune district of Maharashtra. The attraction draws domestic and regional travelers for its distinctive character, pleasant ambiance, and cultural significance. It serves as a cherished public landmark within the local community and tourist itineraries.",Oct-Feb,https://images.unsplash.com/photo-1593693397690-362cb9666fc2?w=800&auto=format&fit=crop&q=80
4201,Khadakwasla lake,Maharashtra,attraction,18.435073,73.771248,budget,4.3,1141,"Khadakwasla lake is a renowned cultural destination located in Pune, Pune district of Maharashtra. The attraction draws domestic and regional travelers for its distinctive character, pleasant ambiance, and cultural significance. It serves as a cherished public landmark within the local community and tourist itineraries.",Oct-Feb,https://images.unsplash.com/photo-1501785888041-af3ef285b470?w=800&auto=format&fit=crop&q=80
4202,Laal Mahal,Maharashtra,attraction,18.5402,73.8453,budget,4.3,3213,"Laal Mahal is a renowned cultural landmark situated in Pune, Pune district of Maharashtra. The destination attracts visitors seeking authentic regional heritage, architectural grandeur, and picturesque surroundings. It plays an integral role in the cultural landscape and local tourism identity of the region.",Oct-Feb,https://images.unsplash.com/photo-1608889825103-eb5ed706fc64?w=800&auto=format&fit=crop&q=80
4203,Lavasa Nature Trail,Maharashtra,attraction,18.396662,73.508547,budget,4.7,1412,"Lavasa Nature Trail is a renowned recreation landmark situated in Lavasa, Pune district of Maharashtra. The destination attracts visitors seeking authentic regional heritage, architectural grandeur, and picturesque surroundings. It plays an integral role in the cultural landscape and local tourism identity of the region.",Oct-Feb,https://images.unsplash.com/photo-1544717305-2782549b5136?w=800&auto=format&fit=crop&q=80
4204,Mahadji Shinde Chhatri,Maharashtra,attraction,18.491626,73.897286,budget,4.4,901,"Mahadji Shinde Chhatri is a renowned heritage destination located in Pune, Pune district of Maharashtra. The attraction draws domestic and regional travelers for its distinctive character, pleasant ambiance, and cultural significance. It serves as a cherished public landmark within the local community and tourist itineraries.",Oct-Feb,https://images.unsplash.com/photo-1609766857041-ed402ea8069a?w=800&auto=format&fit=crop&q=80
4205,Mahatma Phule Museum,Maharashtra,attraction,18.53515,73.85995,mid,4.1,1024,"Mahatma Phule Museum is a renowned cultural landmark situated in Pune, Pune district of Maharashtra. The destination attracts visitors seeking authentic regional heritage, architectural grandeur, and picturesque surroundings. It plays an integral role in the cultural landscape and local tourism identity of the region.",Oct-Mar,https://images.unsplash.com/photo-1565034946487-077786996e27?w=800&auto=format&fit=crop&q=80
4206,Nana Wada,Maharashtra,attraction,18.52315,73.87595,budget,4.1,1331,"Nana Wada is a renowned cultural landmark situated in Pune, Pune district of Maharashtra. The destination attracts visitors seeking authentic regional heritage, architectural grandeur, and picturesque surroundings. It plays an integral role in the cultural landscape and local tourism identity of the region.",Oct-Feb,https://images.unsplash.com/photo-1582510003544-4d00b7f74220?w=800&auto=format&fit=crop&q=80
4207,Osho Teerth Park,Maharashtra,attraction,18.535863,73.890891,budget,4.1,432,"Osho Teerth Park is a renowned recreation landmark situated in Pune, Pune district of Maharashtra. The destination attracts visitors seeking authentic regional heritage, architectural grandeur, and picturesque surroundings. It plays an integral role in the cultural landscape and local tourism identity of the region.",Oct-Feb,https://images.unsplash.com/photo-1585320806297-9794b3e4eeae?w=800&auto=format&fit=crop&q=80
4208,Parvati Hill,Maharashtra,attraction,18.52985,73.87285,budget,4.8,9135,"Parvati Hill is a renowned nature landmark situated in Pune, Pune district of Maharashtra. The destination attracts visitors seeking authentic regional heritage, architectural grandeur, and picturesque surroundings. It plays an integral role in the cultural landscape and local tourism identity of the region.",Oct-Feb,https://images.unsplash.com/photo-1486870591958-9b9d0d1dda99?w=800&auto=format&fit=crop&q=80
4209,Pashan Hill,Maharashtra,attraction,18.50385,73.84085,budget,4.2,3064,"Pashan Hill is a renowned recreation landmark situated in Pune, Pune district of Maharashtra. The destination attracts visitors seeking authentic regional heritage, architectural grandeur, and picturesque surroundings. It plays an integral role in the cultural landscape and local tourism identity of the region.",Oct-Feb,https://images.unsplash.com/photo-1486870591958-9b9d0d1dda99?w=800&auto=format&fit=crop&q=80
4210,Peshwe Museum,Maharashtra,attraction,18.497238,73.846891,mid,4.6,8583,"Peshwe Museum is a renowned cultural landmark situated in Pune, Pune district of Maharashtra. The destination attracts visitors seeking authentic regional heritage, architectural grandeur, and picturesque surroundings. It plays an integral role in the cultural landscape and local tourism identity of the region.",Oct-Mar,https://images.unsplash.com/photo-1544531586-fde5298cdd40?w=800&auto=format&fit=crop&q=80
4211,Rajiv Gandhi Zoological Park,Maharashtra,attraction,18.452481,73.860798,mid,4.9,13771,"Rajiv Gandhi Zoological Park is a renowned wildlife destination located in Pune, Pune district of Maharashtra. The attraction draws domestic and regional travelers for its distinctive character, pleasant ambiance, and cultural significance. It serves as a cherished public landmark within the local community and tourist itineraries.",Oct-Feb,https://images.unsplash.com/photo-1534188753412-3e26d0d618d6?w=800&auto=format&fit=crop&q=80
4212,Residency Road haunted mansion,Maharashtra,attraction,18.528841,73.881571,budget,4.6,4345,"Residency Road haunted mansion is a renowned cultural destination located in Pune, Pune district of Maharashtra. The attraction draws domestic and regional travelers for its distinctive character, pleasant ambiance, and cultural significance. It serves as a cherished public landmark within the local community and tourist itineraries.",Oct-Feb,https://images.unsplash.com/photo-1608889825103-eb5ed706fc64?w=800&auto=format&fit=crop&q=80
4213,Shree Devdeveshwar Temple (Parvati Temple),Maharashtra,attraction,18.497937,73.849453,budget,4.1,838,"Shree Devdeveshwar Temple (Parvati Temple) is a renowned religious landmark situated in Pune, Pune district of Maharashtra. The destination attracts visitors seeking authentic regional heritage, architectural grandeur, and picturesque surroundings. It plays an integral role in the cultural landscape and local tourism identity of the region.",Oct-Mar,https://images.unsplash.com/photo-1621847468516-1ed5d0df56fe?w=800&auto=format&fit=crop&q=80
4214,Shree Narayani Dham Temple,Maharashtra,attraction,18.75005,73.41955,budget,4.6,25933,"Shree Narayani Dham Temple is a renowned religious landmark situated in Lonavala, Pune district of Maharashtra. The destination attracts visitors seeking authentic regional heritage, architectural grandeur, and picturesque surroundings. It plays an integral role in the cultural landscape and local tourism identity of the region.",Oct-Mar,https://images.unsplash.com/photo-1544717305-2782549b5136?w=800&auto=format&fit=crop&q=80
4215,Shrine of the Infant Jesus (Nashik),Maharashtra,attraction,20.60485,78.94095,budget,4.9,7031,"Shrine of the Infant Jesus (Nashik) is a renowned religious landmark situated in Nashik, Pune district of Maharashtra. The destination attracts visitors seeking authentic regional heritage, architectural grandeur, and picturesque surroundings. It plays an integral role in the cultural landscape and local tourism identity of the region.",Oct-Feb,https://images.unsplash.com/photo-1544717305-2782549b5136?w=800&auto=format&fit=crop&q=80
4216,Sunset cafe lonavala Khandala rajmachi point 0702,Maharashtra,restaurant,18.76535,73.35425,mid,4.5,6169,"Sunset cafe lonavala Khandala rajmachi point 0702 is a renowned nature landmark situated in Khandala, Pune district of Maharashtra. The destination attracts visitors seeking authentic regional heritage, architectural grandeur, and picturesque surroundings. It plays an integral role in the cultural landscape and local tourism identity of the region.",Oct-Feb,https://images.unsplash.com/photo-1601050690597-df0568f70950?w=800&auto=format&fit=crop&q=80
4217,Taljai Watch Tower,Maharashtra,attraction,18.484263,73.847097,budget,4.1,1022,"Taljai Watch Tower is a renowned cultural destination located in Pune, Pune district of Maharashtra. The attraction draws domestic and regional travelers for its distinctive character, pleasant ambiance, and cultural significance. It serves as a cherished public landmark within the local community and tourist itineraries.",Oct-Feb,https://images.unsplash.com/photo-1506744038136-46273834b3fb?w=800&auto=format&fit=crop&q=80
4218,The Western Routes - Heritage Walk Meeting Point,Maharashtra,attraction,18.520252,73.855519,budget,4.5,7193,"The Western Routes - Heritage Walk Meeting Point is a renowned cultural destination located in Pune, Pune district of Maharashtra. The attraction draws domestic and regional travelers for its distinctive character, pleasant ambiance, and cultural significance. It serves as a cherished public landmark within the local community and tourist itineraries.",Oct-Feb,https://images.unsplash.com/photo-1590050752117-238cb0fb12b1?w=800&auto=format&fit=crop&q=80
4219,Vetal Hill,Maharashtra,attraction,18.521059,73.821641,budget,4.5,7390,"Vetal Hill is a renowned cultural destination located in Pune, Pune district of Maharashtra. The attraction draws domestic and regional travelers for its distinctive character, pleasant ambiance, and cultural significance. It serves as a cherished public landmark within the local community and tourist itineraries.",Oct-Feb,https://images.unsplash.com/photo-1501785888041-af3ef285b470?w=800&auto=format&fit=crop&q=80
4220,Zero Stone,Maharashtra,attraction,18.5053,73.851,budget,4.6,3031,"Zero Stone is a renowned cultural landmark situated in Pune, Pune district of Maharashtra. The destination attracts visitors seeking authentic regional heritage, architectural grandeur, and picturesque surroundings. It plays an integral role in the cultural landscape and local tourism identity of the region.",Oct-Feb,https://images.unsplash.com/photo-1518709268805-4e9042af9f23?w=800&auto=format&fit=crop&q=80
4221,Alexander point,Maharashtra,attraction,18.976572,73.272351,budget,4.7,7653,"Alexander point is a renowned cultural destination located in Matheran, Raigad district of Maharashtra. The attraction draws domestic and regional travelers for its distinctive character, pleasant ambiance, and cultural significance. It serves as a cherished public landmark within the local community and tourist itineraries.",Oct-Feb,https://images.unsplash.com/photo-1582510003544-4d00b7f74220?w=800&auto=format&fit=crop&q=80
4222,Beatrice Cliff,Maharashtra,attraction,18.999946,73.278109,budget,4.7,3472,"Beatrice Cliff is a renowned cultural destination located in Matheran, Raigad district of Maharashtra. The attraction draws domestic and regional travelers for its distinctive character, pleasant ambiance, and cultural significance. It serves as a cherished public landmark within the local community and tourist itineraries.",Oct-Feb,https://images.unsplash.com/photo-1590050752117-238cb0fb12b1?w=800&auto=format&fit=crop&q=80
4223,Belvedere Point,Maharashtra,attraction,18.967475,73.263156,budget,4.5,2369,"Belvedere Point is a renowned cultural destination located in Matheran, Raigad district of Maharashtra. The attraction draws domestic and regional travelers for its distinctive character, pleasant ambiance, and cultural significance. It serves as a cherished public landmark within the local community and tourist itineraries.",Oct-Feb,https://images.unsplash.com/photo-1544717305-2782549b5136?w=800&auto=format&fit=crop&q=80
4224,Big Stone Point (DarkGreen Adventures),Maharashtra,attraction,18.999893,73.277713,budget,4.5,3193,"Big Stone Point (DarkGreen Adventures) is a renowned cultural destination located in Matheran, Raigad district of Maharashtra. The attraction draws domestic and regional travelers for its distinctive character, pleasant ambiance, and cultural significance. It serves as a cherished public landmark within the local community and tourist itineraries.",Oct-Feb,https://images.unsplash.com/photo-1544717305-2782549b5136?w=800&auto=format&fit=crop&q=80
4225,Celia Point,Maharashtra,attraction,18.981537,73.26093,budget,4.2,2601,"Celia Point is a renowned cultural destination located in Matheran, Raigad district of Maharashtra. The attraction draws domestic and regional travelers for its distinctive character, pleasant ambiance, and cultural significance. It serves as a cherished public landmark within the local community and tourist itineraries.",Oct-Feb,https://images.unsplash.com/photo-1590050752117-238cb0fb12b1?w=800&auto=format&fit=crop&q=80
4226,Charlotte Lakes Overwater,Maharashtra,attraction,18.980855,73.26162,budget,4.5,5341,"Charlotte Lakes Overwater is a renowned cultural destination located in Matheran, Raigad district of Maharashtra. The attraction draws domestic and regional travelers for its distinctive character, pleasant ambiance, and cultural significance. It serves as a cherished public landmark within the local community and tourist itineraries.",Oct-Feb,https://images.unsplash.com/photo-1544644181-1484b3fdfc62?w=800&auto=format&fit=crop&q=80
4227,Chhatrapati Shivaji Maharaj's Ladder,Maharashtra,attraction,18.978467,73.262213,budget,4.6,6529,"Chhatrapati Shivaji Maharaj's Ladder is a renowned cultural destination located in Matheran, Raigad district of Maharashtra. The attraction draws domestic and regional travelers for its distinctive character, pleasant ambiance, and cultural significance. It serves as a cherished public landmark within the local community and tourist itineraries.",Oct-Feb,https://images.unsplash.com/photo-1582510003544-4d00b7f74220?w=800&auto=format&fit=crop&q=80
4228,Coronation Point,Maharashtra,attraction,18.990754,73.256605,budget,4.6,6550,"Coronation Point is a renowned cultural destination located in Matheran, Raigad district of Maharashtra. The attraction draws domestic and regional travelers for its distinctive character, pleasant ambiance, and cultural significance. It serves as a cherished public landmark within the local community and tourist itineraries.",Oct-Feb,https://images.unsplash.com/photo-1544717305-2782549b5136?w=800&auto=format&fit=crop&q=80
4229,Dhodani waterfalls,Maharashtra,attraction,19.016059,73.275757,budget,3.9,1078,"Dhodani waterfalls is a renowned cultural destination located in Matheran, Raigad district of Maharashtra. The attraction draws domestic and regional travelers for its distinctive character, pleasant ambiance, and cultural significance. It serves as a cherished public landmark within the local community and tourist itineraries.",Jul-Oct,https://images.unsplash.com/photo-1546548970-71785318a17b?w=800&auto=format&fit=crop&q=80
4230,Doodhani Waterfall,Maharashtra,attraction,19.012432,73.272015,budget,4.4,1978,"Doodhani Waterfall is a renowned cultural destination located in Matheran, Raigad district of Maharashtra. The attraction draws domestic and regional travelers for its distinctive character, pleasant ambiance, and cultural significance. It serves as a cherished public landmark within the local community and tourist itineraries.",Jul-Oct,https://images.unsplash.com/photo-1432405972618-c60b0225b8f9?w=800&auto=format&fit=crop&q=80
4231,Echo Point,Maharashtra,attraction,18.986289,73.261103,budget,4.2,1474,"Echo Point is a renowned cultural destination located in Matheran, Raigad district of Maharashtra. The attraction draws domestic and regional travelers for its distinctive character, pleasant ambiance, and cultural significance. It serves as a cherished public landmark within the local community and tourist itineraries.",Oct-Feb,https://images.unsplash.com/photo-1567157577867-05ccb1388e66?w=800&auto=format&fit=crop&q=80
4232,Edward Point Matheran,Maharashtra,attraction,18.985712,73.261122,budget,4.2,1366,"Edward Point Matheran is a renowned cultural destination located in Matheran, Raigad district of Maharashtra. The attraction draws domestic and regional travelers for its distinctive character, pleasant ambiance, and cultural significance. It serves as a cherished public landmark within the local community and tourist itineraries.",Oct-Feb,https://images.unsplash.com/photo-1544717305-2782549b5136?w=800&auto=format&fit=crop&q=80
4233,Garbett Point,Maharashtra,attraction,18.985063,73.289187,budget,4.2,2477,"Garbett Point is a renowned cultural destination located in Matheran, Raigad district of Maharashtra. The attraction draws domestic and regional travelers for its distinctive character, pleasant ambiance, and cultural significance. It serves as a cherished public landmark within the local community and tourist itineraries.",Oct-Feb,https://images.unsplash.com/photo-1590050752117-238cb0fb12b1?w=800&auto=format&fit=crop&q=80
4234,Heart Point Matheran,Maharashtra,attraction,19.00666,73.275633,budget,4.3,1140,"Heart Point Matheran is a renowned cultural destination located in Matheran, Raigad district of Maharashtra. The attraction draws domestic and regional travelers for its distinctive character, pleasant ambiance, and cultural significance. It serves as a cherished public landmark within the local community and tourist itineraries.",Oct-Feb,https://images.unsplash.com/photo-1544717305-2782549b5136?w=800&auto=format&fit=crop&q=80
4235,Honeymoon Point,Maharashtra,attraction,18.987629,73.26173,budget,4.5,4763,"Honeymoon Point is a renowned nature destination located in Matheran, Raigad district of Maharashtra. The attraction draws domestic and regional travelers for its distinctive character, pleasant ambiance, and cultural significance. It serves as a cherished public landmark within the local community and tourist itineraries.",Oct-Feb,https://images.unsplash.com/photo-1609766857041-ed402ea8069a?w=800&auto=format&fit=crop&q=80
4236,JUMAPATTI PICNIC POINT SNURSS GROUP,Maharashtra,attraction,19.002629,73.299873,budget,4.2,2082,"JUMAPATTI PICNIC POINT SNURSS GROUP is a renowned cultural destination located in Matheran, Raigad district of Maharashtra. The attraction draws domestic and regional travelers for its distinctive character, pleasant ambiance, and cultural significance. It serves as a cherished public landmark within the local community and tourist itineraries.",Oct-Feb,https://images.unsplash.com/photo-1609766857041-ed402ea8069a?w=800&auto=format&fit=crop&q=80
4237,Kadyavarcha Ganpati SG,Maharashtra,attraction,19.018583,73.277887,budget,4.0,965,"Kadyavarcha Ganpati SG is a renowned cultural destination located in Matheran, Raigad district of Maharashtra. The attraction draws domestic and regional travelers for its distinctive character, pleasant ambiance, and cultural significance. It serves as a cherished public landmark within the local community and tourist itineraries.",Oct-Feb,https://images.unsplash.com/photo-1582510003544-4d00b7f74220?w=800&auto=format&fit=crop&q=80
4238,Khandala Point,Maharashtra,attraction,18.983962,73.270955,budget,4.7,7284,"Khandala Point is a renowned cultural destination located in Matheran, Raigad district of Maharashtra. The attraction draws domestic and regional travelers for its distinctive character, pleasant ambiance, and cultural significance. It serves as a cherished public landmark within the local community and tourist itineraries.",Oct-Feb,https://images.unsplash.com/photo-1609766857041-ed402ea8069a?w=800&auto=format&fit=crop&q=80
4239,King George Point,Maharashtra,attraction,18.984182,73.261122,budget,4.6,3531,"King George Point is a renowned cultural destination located in Matheran, Raigad district of Maharashtra. The attraction draws domestic and regional travelers for its distinctive character, pleasant ambiance, and cultural significance. It serves as a cherished public landmark within the local community and tourist itineraries.",Oct-Feb,https://images.unsplash.com/photo-1582510003544-4d00b7f74220?w=800&auto=format&fit=crop&q=80
4240,Kulaba Fort,Maharashtra,attraction,18.634213,72.864453,mid,4.3,677,"Kulaba Fort is a renowned heritage landmark situated in Alibaug, Raigad district of Maharashtra. The destination attracts visitors seeking authentic regional heritage, architectural grandeur, and picturesque surroundings. It plays an integral role in the cultural landscape and local tourism identity of the region.",Oct-Feb,https://images.unsplash.com/photo-1590766940554-634a7ed41450?w=800&auto=format&fit=crop&q=80
4241,"Lords Point, Matheran",Maharashtra,attraction,18.980297,73.260294,budget,4.3,3422,"Lords Point, Matheran is a renowned cultural destination located in Matheran, Raigad district of Maharashtra. The attraction draws domestic and regional travelers for its distinctive character, pleasant ambiance, and cultural significance. It serves as a cherished public landmark within the local community and tourist itineraries.",Oct-Feb,https://images.unsplash.com/photo-1582510003544-4d00b7f74220?w=800&auto=format&fit=crop&q=80
4242,"Louisa Point, Matheran",Maharashtra,attraction,18.987381,73.256138,budget,4.8,1430,"Louisa Point, Matheran is a renowned cultural destination located in Matheran, Raigad district of Maharashtra. The attraction draws domestic and regional travelers for its distinctive character, pleasant ambiance, and cultural significance. It serves as a cherished public landmark within the local community and tourist itineraries.",Oct-Feb,https://images.unsplash.com/photo-1567157577867-05ccb1388e66?w=800&auto=format&fit=crop&q=80
4243,Madhavji Point,Maharashtra,attraction,18.986487,73.271391,budget,4.7,8775,"Madhavji Point is a renowned recreation landmark situated in Matheran, Raigad district of Maharashtra. The destination attracts visitors seeking authentic regional heritage, architectural grandeur, and picturesque surroundings. It plays an integral role in the cultural landscape and local tourism identity of the region.",Oct-Feb,https://images.unsplash.com/photo-1621847468516-1ed5d0df56fe?w=800&auto=format&fit=crop&q=80
4244,Malang Point Matheran,Maharashtra,attraction,18.990537,73.256459,budget,4.6,1961,"Malang Point Matheran is a renowned cultural destination located in Matheran, Raigad district of Maharashtra. The attraction draws domestic and regional travelers for its distinctive character, pleasant ambiance, and cultural significance. It serves as a cherished public landmark within the local community and tourist itineraries.",Oct-Feb,https://images.unsplash.com/photo-1621847468516-1ed5d0df56fe?w=800&auto=format&fit=crop&q=80
4245,Maldoonga Point,Maharashtra,attraction,18.998809,73.268466,budget,4.4,1155,"Maldoonga Point is a renowned cultural destination located in Matheran, Raigad district of Maharashtra. The attraction draws domestic and regional travelers for its distinctive character, pleasant ambiance, and cultural significance. It serves as a cherished public landmark within the local community and tourist itineraries.",Oct-Feb,https://images.unsplash.com/photo-1544717305-2782549b5136?w=800&auto=format&fit=crop&q=80
4246,Malet Spring Matheran,Maharashtra,attraction,18.995106,73.263413,budget,4.2,2899,"Malet Spring Matheran is a renowned cultural destination located in Matheran, Raigad district of Maharashtra. The attraction draws domestic and regional travelers for its distinctive character, pleasant ambiance, and cultural significance. It serves as a cherished public landmark within the local community and tourist itineraries.",Oct-Feb,https://images.unsplash.com/photo-1518709268805-4e9042af9f23?w=800&auto=format&fit=crop&q=80
4247,Matheran entry gate,Maharashtra,attraction,19.003019,73.285493,budget,4.0,230,"Matheran entry gate is a renowned cultural destination located in Matheran, Raigad district of Maharashtra. The attraction draws domestic and regional travelers for its distinctive character, pleasant ambiance, and cultural significance. It serves as a cherished public landmark within the local community and tourist itineraries.",Oct-Feb,https://images.unsplash.com/photo-1518709268805-4e9042af9f23?w=800&auto=format&fit=crop&q=80
4248,Matheran Hill Station,Maharashtra,attraction,18.96575,73.27185,budget,4.6,19519,"Matheran Hill Station is a renowned nature landmark situated in Matheran, Raigad district of Maharashtra. The destination attracts visitors seeking authentic regional heritage, architectural grandeur, and picturesque surroundings. It plays an integral role in the cultural landscape and local tourism identity of the region.",Oct-Feb,https://images.unsplash.com/photo-1486870591958-9b9d0d1dda99?w=800&auto=format&fit=crop&q=80
4249,Matheran Shiv Mandir,Maharashtra,attraction,18.979688,73.266891,budget,4.6,5116,"Matheran Shiv Mandir is a renowned religious landmark situated in Matheran, Raigad district of Maharashtra. The destination attracts visitors seeking authentic regional heritage, architectural grandeur, and picturesque surroundings. It plays an integral role in the cultural landscape and local tourism identity of the region.",Oct-Feb,https://images.unsplash.com/photo-1590050752117-238cb0fb12b1?w=800&auto=format&fit=crop&q=80
4250,Matheran Stargazing Adventure Camp,Maharashtra,homestay,18.97606,73.272107,budget,4.3,1409,"Matheran Stargazing Adventure Camp is a renowned cultural destination located in Matheran, Raigad district of Maharashtra. The attraction draws domestic and regional travelers for its distinctive character, pleasant ambiance, and cultural significance. It serves as a cherished public landmark within the local community and tourist itineraries.",Oct-Feb,https://images.unsplash.com/photo-1510312305653-8ed496efae75?w=800&auto=format&fit=crop&q=80
4251,Matheran Ticket Counter,Maharashtra,attraction,19.003032,73.285515,budget,4.4,1955,"Matheran Ticket Counter is a renowned cultural destination located in Matheran, Raigad district of Maharashtra. The attraction draws domestic and regional travelers for its distinctive character, pleasant ambiance, and cultural significance. It serves as a cherished public landmark within the local community and tourist itineraries.",Oct-Feb,https://images.unsplash.com/photo-1567157577867-05ccb1388e66?w=800&auto=format&fit=crop&q=80
4252,Matheran Waterfall,Maharashtra,attraction,19.003929,73.291169,budget,4.7,6270,"Matheran Waterfall is a renowned cultural destination located in Matheran, Raigad district of Maharashtra. The attraction draws domestic and regional travelers for its distinctive character, pleasant ambiance, and cultural significance. It serves as a cherished public landmark within the local community and tourist itineraries.",Jul-Oct,https://images.unsplash.com/photo-1546548970-71785318a17b?w=800&auto=format&fit=crop&q=80
4253,Monkey Point,Maharashtra,attraction,19.004236,73.272843,budget,4.5,3372,"Monkey Point is a renowned cultural destination located in Matheran, Raigad district of Maharashtra. The attraction draws domestic and regional travelers for its distinctive character, pleasant ambiance, and cultural significance. It serves as a cherished public landmark within the local community and tourist itineraries.",Oct-Feb,https://images.unsplash.com/photo-1590050752117-238cb0fb12b1?w=800&auto=format&fit=crop&q=80
4254,Mount Barry,Maharashtra,attraction,19.006011,73.287907,budget,4.7,1553,"Mount Barry is a renowned cultural destination located in Matheran, Raigad district of Maharashtra. The attraction draws domestic and regional travelers for its distinctive character, pleasant ambiance, and cultural significance. It serves as a cherished public landmark within the local community and tourist itineraries.",Oct-Feb,https://images.unsplash.com/photo-1590050752117-238cb0fb12b1?w=800&auto=format&fit=crop&q=80
4255,Myra Point,Maharashtra,attraction,18.995813,73.27606,budget,4.2,753,"Myra Point is a renowned cultural destination located in Matheran, Raigad district of Maharashtra. The attraction draws domestic and regional travelers for its distinctive character, pleasant ambiance, and cultural significance. It serves as a cherished public landmark within the local community and tourist itineraries.",Oct-Feb,https://images.unsplash.com/photo-1544717305-2782549b5136?w=800&auto=format&fit=crop&q=80
4256,Neral-Matheran Ghat Road,Maharashtra,attraction,19.005811,73.289152,budget,4.7,4365,"Neral-Matheran Ghat Road is a renowned cultural destination located in Matheran, Raigad district of Maharashtra. The attraction draws domestic and regional travelers for its distinctive character, pleasant ambiance, and cultural significance. It serves as a cherished public landmark within the local community and tourist itineraries.",Oct-Mar,https://images.unsplash.com/photo-1524492412937-b28074a5d7da?w=800&auto=format&fit=crop&q=80
4257,One Tree Hill Point,Maharashtra,attraction,18.962999,73.262707,budget,4.5,4769,"One Tree Hill Point is a renowned cultural destination located in Matheran, Raigad district of Maharashtra. The attraction draws domestic and regional travelers for its distinctive character, pleasant ambiance, and cultural significance. It serves as a cherished public landmark within the local community and tourist itineraries.",Oct-Feb,https://images.unsplash.com/photo-1519681393784-d120267933ba?w=800&auto=format&fit=crop&q=80
4258,Panditji waterfall,Maharashtra,attraction,19.003309,73.298069,budget,4.3,2714,"Panditji waterfall is a renowned cultural destination located in Matheran, Raigad district of Maharashtra. The attraction draws domestic and regional travelers for its distinctive character, pleasant ambiance, and cultural significance. It serves as a cherished public landmark within the local community and tourist itineraries.",Jul-Oct,https://images.unsplash.com/photo-1518457607834-6e8d80c183c5?w=800&auto=format&fit=crop&q=80
4259,Panorama Point,Maharashtra,attraction,18.9969,73.2899,budget,4.1,906,"Panorama Point is a renowned nature landmark situated in Matheran, Raigad district of Maharashtra. The destination attracts visitors seeking authentic regional heritage, architectural grandeur, and picturesque surroundings. It plays an integral role in the cultural landscape and local tourism identity of the region.",Oct-Feb,https://images.unsplash.com/photo-1518709268805-4e9042af9f23?w=800&auto=format&fit=crop&q=80
4260,Pay Master Park,Maharashtra,attraction,18.991187,73.267297,budget,4.3,2028,"Pay Master Park is a renowned recreation landmark situated in Matheran, Raigad district of Maharashtra. The destination attracts visitors seeking authentic regional heritage, architectural grandeur, and picturesque surroundings. It plays an integral role in the cultural landscape and local tourism identity of the region.",Oct-Feb,https://images.unsplash.com/photo-1519331379826-f10be5486c6f?w=800&auto=format&fit=crop&q=80
4261,Pisarnath Mahadev Mandir,Maharashtra,attraction,18.979888,73.261078,budget,4.4,1269,"Pisarnath Mahadev Mandir is a renowned religious landmark situated in Matheran, Raigad district of Maharashtra. The destination attracts visitors seeking authentic regional heritage, architectural grandeur, and picturesque surroundings. It plays an integral role in the cultural landscape and local tourism identity of the region.",Oct-Feb,https://images.unsplash.com/photo-1518709268805-4e9042af9f23?w=800&auto=format&fit=crop&q=80
4262,Porcupine point,Maharashtra,attraction,19.001975,73.262268,budget,3.9,901,"Porcupine point is a renowned cultural destination located in Matheran, Raigad district of Maharashtra. The attraction draws domestic and regional travelers for its distinctive character, pleasant ambiance, and cultural significance. It serves as a cherished public landmark within the local community and tourist itineraries.",Oct-Feb,https://images.unsplash.com/photo-1518709268805-4e9042af9f23?w=800&auto=format&fit=crop&q=80
4263,Rambaug Point,Maharashtra,attraction,18.974189,73.269483,budget,3.9,230,"Rambaug Point is a renowned cultural destination located in Matheran, Raigad district of Maharashtra. The attraction draws domestic and regional travelers for its distinctive character, pleasant ambiance, and cultural significance. It serves as a cherished public landmark within the local community and tourist itineraries.",Oct-Feb,https://images.unsplash.com/photo-1609766857041-ed402ea8069a?w=800&auto=format&fit=crop&q=80
4264,"Sunset Point, Matheran",Maharashtra,attraction,19.000744,73.262239,budget,4.4,1379,"Sunset Point, Matheran is a renowned cultural destination located in Matheran, Raigad district of Maharashtra. The attraction draws domestic and regional travelers for its distinctive character, pleasant ambiance, and cultural significance. It serves as a cherished public landmark within the local community and tourist itineraries.",Oct-Feb,https://images.unsplash.com/photo-1621847468516-1ed5d0df56fe?w=800&auto=format&fit=crop&q=80
4265,Varsoli Beach,Maharashtra,attraction,18.6555,72.8709,budget,4.0,549,"Varsoli Beach is a renowned nature landmark situated in Alibaug, Raigad district of Maharashtra. The destination attracts visitors seeking authentic regional heritage, architectural grandeur, and picturesque surroundings. It plays an integral role in the cultural landscape and local tourism identity of the region.",Oct-Feb,https://images.unsplash.com/photo-1512343879784-a960bf40e7f2?w=800&auto=format&fit=crop&q=80
4266,Bhilar Water Fall Point,Maharashtra,attraction,17.924412,73.773797,budget,4.8,5152,"Bhilar Water Fall Point is a renowned nature landmark situated in Mahabaleshwar, Satara district of Maharashtra. The destination attracts visitors seeking authentic regional heritage, architectural grandeur, and picturesque surroundings. It plays an integral role in the cultural landscape and local tourism identity of the region.",Oct-Feb,https://images.unsplash.com/photo-1567157577867-05ccb1388e66?w=800&auto=format&fit=crop&q=80
4267,Holy Cross Church Mahabaleshwar,Maharashtra,attraction,17.924962,73.657141,budget,3.9,1046,"Holy Cross Church Mahabaleshwar is a renowned religious landmark situated in Mahabaleshwar, Satara district of Maharashtra. The destination attracts visitors seeking authentic regional heritage, architectural grandeur, and picturesque surroundings. It plays an integral role in the cultural landscape and local tourism identity of the region.",Oct-Feb,https://images.unsplash.com/photo-1609766857041-ed402ea8069a?w=800&auto=format&fit=crop&q=80
4268,Krishnabai Mandir,Maharashtra,attraction,17.90825,73.65045,budget,4.2,2344,"Krishnabai Mandir is a renowned religious landmark situated in Mahabaleshwar, Satara district of Maharashtra. The destination attracts visitors seeking authentic regional heritage, architectural grandeur, and picturesque surroundings. It plays an integral role in the cultural landscape and local tourism identity of the region.",Oct-Feb,https://images.unsplash.com/photo-1518709268805-4e9042af9f23?w=800&auto=format&fit=crop&q=80
4269,Mahabaleshwar Temple,Maharashtra,attraction,17.93535,73.64015,budget,4.5,8206,"Mahabaleshwar Temple is a renowned religious landmark situated in Mahabaleshwar, Satara district of Maharashtra. The destination attracts visitors seeking authentic regional heritage, architectural grandeur, and picturesque surroundings. It plays an integral role in the cultural landscape and local tourism identity of the region.",Oct-Mar,https://images.unsplash.com/photo-1590050752117-238cb0fb12b1?w=800&auto=format&fit=crop&q=80
4270,Valley View Waterfall,Maharashtra,attraction,17.9025,73.6602,budget,4.1,373,"Valley View Waterfall is a renowned wildlife landmark situated in Mahabaleshwar, Satara district of Maharashtra. The destination attracts visitors seeking authentic regional heritage, architectural grandeur, and picturesque surroundings. It plays an integral role in the cultural landscape and local tourism identity of the region.",Jul-Oct,https://images.unsplash.com/photo-1432405972618-c60b0225b8f9?w=800&auto=format&fit=crop&q=80
4271,Venna Lake,Maharashtra,attraction,17.9302,73.6541,budget,4.5,5445,"Venna Lake is a renowned nature landmark situated in Mahabaleshwar, Satara district of Maharashtra. The destination attracts visitors seeking authentic regional heritage, architectural grandeur, and picturesque surroundings. It plays an integral role in the cultural landscape and local tourism identity of the region.",Oct-Feb,https://images.unsplash.com/photo-1544644181-1484b3fdfc62?w=800&auto=format&fit=crop&q=80
4272,Akola Fort,Maharashtra,attraction,20.6262,76.9462,mid,4.4,17807,"A prominent fort destination in Akola district showcasing Maharashtra's rich historical, cultural, and ecological heritage.",Oct-Feb,https://images.unsplash.com/photo-1599661046289-e31897846e41?w=800&auto=format&fit=crop&q=80
4273,Narnala Fort,Maharashtra,attraction,20.6522,76.9842,mid,4.9,8204,"A prominent fort destination in Akola district showcasing Maharashtra's rich historical, cultural, and ecological heritage.",Oct-Feb,https://images.unsplash.com/photo-1585123388867-3bfe6dd4bdbf?w=800&auto=format&fit=crop&q=80
4274,Shahanur Fort,Maharashtra,attraction,20.6782,77.0222,mid,4.7,20492,"A prominent fort destination in Akola district showcasing Maharashtra's rich historical, cultural, and ecological heritage.",Oct-Feb,https://images.unsplash.com/photo-1599661046289-e31897846e41?w=800&auto=format&fit=crop&q=80
4275,Salasar Balaji Temple Akola,Maharashtra,attraction,20.6602,77.0882,budget,4.8,6142,"A prominent temple destination in Akola district showcasing Maharashtra's rich historical, cultural, and ecological heritage.",Oct-Mar,https://images.unsplash.com/photo-1567157577867-05ccb1388e66?w=800&auto=format&fit=crop&q=80
4276,Raj Rajeshwar Temple,Maharashtra,attraction,20.6862,76.9262,budget,4.9,26973,"A prominent temple destination in Akola district showcasing Maharashtra's rich historical, cultural, and ecological heritage.",Oct-Mar,https://images.unsplash.com/photo-1621847468516-1ed5d0df56fe?w=800&auto=format&fit=crop&q=80
4277,Balapur Fort,Maharashtra,attraction,20.7122,76.9642,mid,4.6,11300,"A prominent fort destination in Akola district showcasing Maharashtra's rich historical, cultural, and ecological heritage.",Oct-Feb,https://images.unsplash.com/photo-1585123388867-3bfe6dd4bdbf?w=800&auto=format&fit=crop&q=80
4278,Asadgad Fort,Maharashtra,attraction,20.7642,77.0402,mid,4.9,17712,"A prominent fort destination in Akola district showcasing Maharashtra's rich historical, cultural, and ecological heritage.",Oct-Feb,https://images.unsplash.com/photo-1585123388867-3bfe6dd4bdbf?w=800&auto=format&fit=crop&q=80
4279,Patur Jain Temple,Maharashtra,attraction,20.7902,77.0782,budget,4.4,12924,"A prominent temple destination in Akola district showcasing Maharashtra's rich historical, cultural, and ecological heritage.",Oct-Mar,https://images.unsplash.com/photo-1582510003544-4d00b7f74220?w=800&auto=format&fit=crop&q=80
4280,Gawilgarh Fort,Maharashtra,attraction,20.9834,77.8776,mid,4.9,15595,"A prominent fort destination in Amravati district showcasing Maharashtra's rich historical, cultural, and ecological heritage.",Oct-Feb,https://images.unsplash.com/photo-1599661046289-e31897846e41?w=800&auto=format&fit=crop&q=80
4281,Vairat Devi Temple,Maharashtra,attraction,21.0354,77.7536,budget,4.9,5421,"A prominent temple destination in Amravati district showcasing Maharashtra's rich historical, cultural, and ecological heritage.",Oct-Mar,https://images.unsplash.com/photo-1621847468516-1ed5d0df56fe?w=800&auto=format&fit=crop&q=80
4282,Mahadev Mandir Chikhaldara,Maharashtra,attraction,20.9654,77.7436,budget,4.8,18818,"A prominent temple destination in Amravati district showcasing Maharashtra's rich historical, cultural, and ecological heritage.",Oct-Feb,https://images.unsplash.com/photo-1567157577867-05ccb1388e66?w=800&auto=format&fit=crop&q=80
4283,Achalpur Fort,Maharashtra,attraction,20.9814,77.7516,mid,4.9,27015,"A prominent fort destination in Amravati district showcasing Maharashtra's rich historical, cultural, and ecological heritage.",Oct-Feb,https://images.unsplash.com/photo-1585123388867-3bfe6dd4bdbf?w=800&auto=format&fit=crop&q=80
4284,Gawali Fort,Maharashtra,attraction,21.0074,77.7896,mid,4.6,12205,"A prominent fort destination in Amravati district showcasing Maharashtra's rich historical, cultural, and ecological heritage.",Oct-Feb,https://images.unsplash.com/photo-1585123388867-3bfe6dd4bdbf?w=800&auto=format&fit=crop&q=80
4285,Ambadevi Temple,Maharashtra,attraction,21.0334,77.8276,budget,4.7,5109,"A prominent temple destination in Amravati district showcasing Maharashtra's rich historical, cultural, and ecological heritage.",Oct-Mar,https://images.unsplash.com/photo-1544717305-2782549b5136?w=800&auto=format&fit=crop&q=80
4286,Salbardi Temple,Maharashtra,attraction,20.8854,77.7036,budget,4.9,16417,"A prominent temple destination in Amravati district showcasing Maharashtra's rich historical, cultural, and ecological heritage.",Oct-Mar,https://images.unsplash.com/photo-1582510003544-4d00b7f74220?w=800&auto=format&fit=crop&q=80
4287,Daitya Sudan Temple,Maharashtra,attraction,20.4333,76.1363,budget,4.9,18061,"A prominent temple destination in Buldhana district showcasing Maharashtra's rich historical, cultural, and ecological heritage.",Oct-Mar,https://images.unsplash.com/photo-1609766857041-ed402ea8069a?w=800&auto=format&fit=crop&q=80
4288,Lonar Gomukh Temple,Maharashtra,attraction,20.4593,76.1743,budget,4.8,11753,"A prominent temple destination in Buldhana district showcasing Maharashtra's rich historical, cultural, and ecological heritage.",Oct-Mar,https://images.unsplash.com/photo-1567157577867-05ccb1388e66?w=800&auto=format&fit=crop&q=80
4289,Shegaon Gajanan Maharaj Temple,Maharashtra,attraction,20.5113,76.2503,budget,4.7,16482,"A prominent temple destination in Buldhana district showcasing Maharashtra's rich historical, cultural, and ecological heritage.",Oct-Mar,https://images.unsplash.com/photo-1518709268805-4e9042af9f23?w=800&auto=format&fit=crop&q=80
4290,Nandura Ganesh Temple,Maharashtra,attraction,20.4413,76.2403,budget,4.6,23842,"A prominent temple destination in Buldhana district showcasing Maharashtra's rich historical, cultural, and ecological heritage.",Oct-Mar,https://images.unsplash.com/photo-1609766857041-ed402ea8069a?w=800&auto=format&fit=crop&q=80
4291,Rajureshwar Temple,Maharashtra,attraction,20.4933,76.1163,budget,4.6,28581,"A prominent temple destination in Buldhana district showcasing Maharashtra's rich historical, cultural, and ecological heritage.",Oct-Mar,https://images.unsplash.com/photo-1621847468516-1ed5d0df56fe?w=800&auto=format&fit=crop&q=80
4292,Deulgaon Raja,Maharashtra,attraction,20.5453,76.1923,budget,4.4,14947,"A prominent temple destination in Buldhana district showcasing Maharashtra's rich historical, cultural, and ecological heritage.",Oct-Feb,https://images.unsplash.com/photo-1621847468516-1ed5d0df56fe?w=800&auto=format&fit=crop&q=80
4293,Deulgaon Raja Balaji Temple,Maharashtra,attraction,20.5713,76.2303,budget,4.9,15743,"A prominent temple destination in Buldhana district showcasing Maharashtra's rich historical, cultural, and ecological heritage.",Oct-Mar,https://images.unsplash.com/photo-1544717305-2782549b5136?w=800&auto=format&fit=crop&q=80
4294,Mehkar Nrusimha Temple,Maharashtra,attraction,20.4493,76.1443,budget,4.8,17895,"A prominent temple destination in Buldhana district showcasing Maharashtra's rich historical, cultural, and ecological heritage.",Oct-Mar,https://images.unsplash.com/photo-1582510003544-4d00b7f74220?w=800&auto=format&fit=crop&q=80
4295,Ghatiya Temple,Maharashtra,attraction,20.5273,76.2583,budget,4.6,9416,"A prominent temple destination in Buldhana district showcasing Maharashtra's rich historical, cultural, and ecological heritage.",Oct-Mar,https://images.unsplash.com/photo-1609766857041-ed402ea8069a?w=800&auto=format&fit=crop&q=80
4296,Washim Balaji Temple,Maharashtra,attraction,20.187,77.122,budget,4.5,27690,"A prominent temple destination in Washim district showcasing Maharashtra's rich historical, cultural, and ecological heritage.",Oct-Mar,https://images.unsplash.com/photo-1567157577867-05ccb1388e66?w=800&auto=format&fit=crop&q=80
4297,Padmatirtha,Maharashtra,attraction,20.013,77.16,budget,4.7,29558,"A prominent temple destination in Washim district showcasing Maharashtra's rich historical, cultural, and ecological heritage.",Oct-Feb,https://images.unsplash.com/photo-1518709268805-4e9042af9f23?w=800&auto=format&fit=crop&q=80
4298,Antariksha Parshwanath Temple,Maharashtra,attraction,20.039,77.198,budget,4.9,24375,"A prominent temple destination in Washim district showcasing Maharashtra's rich historical, cultural, and ecological heritage.",Oct-Mar,https://images.unsplash.com/photo-1609766857041-ed402ea8069a?w=800&auto=format&fit=crop&q=80
4299,Shirpur Jain Temple,Maharashtra,attraction,20.065,77.036,budget,4.6,6784,"A prominent temple destination in Washim district showcasing Maharashtra's rich historical, cultural, and ecological heritage.",Oct-Mar,https://images.unsplash.com/photo-1567157577867-05ccb1388e66?w=800&auto=format&fit=crop&q=80
4300,Shirpur Jain Tirth,Maharashtra,attraction,20.091,77.074,budget,4.5,23426,"A prominent temple destination in Washim district showcasing Maharashtra's rich historical, cultural, and ecological heritage.",Oct-Feb,https://images.unsplash.com/photo-1590050752117-238cb0fb12b1?w=800&auto=format&fit=crop&q=80
4301,Karanja Swami Samarth Temple,Maharashtra,attraction,20.169,77.188,budget,4.8,13569,"A prominent temple destination in Washim district showcasing Maharashtra's rich historical, cultural, and ecological heritage.",Oct-Mar,https://images.unsplash.com/photo-1518709268805-4e9042af9f23?w=800&auto=format&fit=crop&q=80
4302,Poharadevi Temple,Maharashtra,attraction,20.073,77.14,budget,4.9,27821,"A prominent temple destination in Washim district showcasing Maharashtra's rich historical, cultural, and ecological heritage.",Oct-Mar,https://images.unsplash.com/photo-1609766857041-ed402ea8069a?w=800&auto=format&fit=crop&q=80
4303,Washim Fort,Maharashtra,attraction,20.125,77.216,mid,4.8,28235,"A prominent fort destination in Washim district showcasing Maharashtra's rich historical, cultural, and ecological heritage.",Oct-Feb,https://images.unsplash.com/photo-1590766940554-634a7ed41450?w=800&auto=format&fit=crop&q=80
4304,Adgaon Buddha Vihara,Maharashtra,attraction,20.151,77.054,budget,4.6,11458,"A prominent temple destination in Washim district showcasing Maharashtra's rich historical, cultural, and ecological heritage.",Oct-Feb,https://images.unsplash.com/photo-1544735716-392fe2489ffa?w=800&auto=format&fit=crop&q=80
4305,Kalamb Chintamani Temple,Maharashtra,attraction,20.3408,78.0964,budget,4.5,18165,"A prominent temple destination in Yavatmal district showcasing Maharashtra's rich historical, cultural, and ecological heritage.",Oct-Mar,https://images.unsplash.com/photo-1609766857041-ed402ea8069a?w=800&auto=format&fit=crop&q=80
4306,Chintamani Temple Kalamb,Maharashtra,attraction,20.3668,78.1344,budget,4.9,14251,"A prominent temple destination in Yavatmal district showcasing Maharashtra's rich historical, cultural, and ecological heritage.",Oct-Mar,https://images.unsplash.com/photo-1621847468516-1ed5d0df56fe?w=800&auto=format&fit=crop&q=80
4307,Arni Dargah,Maharashtra,attraction,20.3928,78.1724,budget,4.5,11656,"A prominent temple destination in Yavatmal district showcasing Maharashtra's rich historical, cultural, and ecological heritage.",Oct-Feb,https://images.unsplash.com/photo-1544717305-2782549b5136?w=800&auto=format&fit=crop&q=80
4308,Jagat Mandir,Maharashtra,attraction,20.4448,78.0484,budget,4.9,27951,"A prominent temple destination in Yavatmal district showcasing Maharashtra's rich historical, cultural, and ecological heritage.",Oct-Feb,https://images.unsplash.com/photo-1609766857041-ed402ea8069a?w=800&auto=format&fit=crop&q=80
4309,Tipeshwar Temple,Maharashtra,attraction,20.3748,78.0384,budget,4.7,14098,"A prominent temple destination in Yavatmal district showcasing Maharashtra's rich historical, cultural, and ecological heritage.",Oct-Mar,https://images.unsplash.com/photo-1609766857041-ed402ea8069a?w=800&auto=format&fit=crop&q=80
4310,Maregaon Temple,Maharashtra,attraction,20.4008,78.0764,budget,4.9,9277,"A prominent temple destination in Yavatmal district showcasing Maharashtra's rich historical, cultural, and ecological heritage.",Oct-Mar,https://images.unsplash.com/photo-1567157577867-05ccb1388e66?w=800&auto=format&fit=crop&q=80
4311,Daulatabad Fort (Devgiri Citadel),Maharashtra,attraction,19.943333,75.213333,mid,4.9,12368,"Rising 600 feet on a conical pyramid of rock, one of the most impregnable medieval military fortresses in India, originally founded by the Seuna Yadavas in 1187 CE as Devgiri, later capital of the Delhi Sultanate under Muhammad bin Tughlaq, famous for its deep wet moat, Persian-blue Chand Minar, and the confusing pitch-black labyrinth (Andhari).",Oct-Feb,https://images.unsplash.com/photo-1585123388867-3bfe6dd4bdbf?w=800&auto=format&fit=crop&q=80
4312,Goga Baba Temple,Maharashtra,attraction,19.8002,75.3553,budget,4.9,17589,"A prominent temple destination in Chhatrapati Sambhajinagar district showcasing Maharashtra's rich historical, cultural, and ecological heritage.",Oct-Mar,https://images.unsplash.com/photo-1567157577867-05ccb1388e66?w=800&auto=format&fit=crop&q=80
4313,Grishneshwar Temple,Maharashtra,attraction,19.8262,75.3933,budget,4.7,5109,"A prominent temple destination in Chhatrapati Sambhajinagar district showcasing Maharashtra's rich historical, cultural, and ecological heritage.",Oct-Mar,https://images.unsplash.com/photo-1590050752117-238cb0fb12b1?w=800&auto=format&fit=crop&q=80
4314,Valley of Sufi Saints,Maharashtra,attraction,19.9042,75.3073,budget,4.9,27682,"A prominent temple destination in Chhatrapati Sambhajinagar district showcasing Maharashtra's rich historical, cultural, and ecological heritage.",Oct-Feb,https://images.unsplash.com/photo-1441974231531-c6227db76b6e?w=800&auto=format&fit=crop&q=80
4315,Pithalkhora Border Caves,Maharashtra,attraction,19.9562,75.3833,budget,4.5,11447,"A prominent cave destination in Chhatrapati Sambhajinagar district showcasing Maharashtra's rich historical, cultural, and ecological heritage.",Oct-Feb,https://images.unsplash.com/photo-1518709268805-4e9042af9f23?w=800&auto=format&fit=crop&q=80
4316,Kailasa Temple Ellora,Maharashtra,attraction,19.8602,75.3353,budget,4.4,10031,"A prominent temple destination in Chhatrapati Sambhajinagar district showcasing Maharashtra's rich historical, cultural, and ecological heritage.",Oct-Mar,https://images.unsplash.com/photo-1609766857041-ed402ea8069a?w=800&auto=format&fit=crop&q=80
4317,Jogeshwari Temple,Maharashtra,attraction,19.8862,75.3733,budget,4.9,19503,"A prominent temple destination in Chhatrapati Sambhajinagar district showcasing Maharashtra's rich historical, cultural, and ecological heritage.",Oct-Mar,https://images.unsplash.com/photo-1544717305-2782549b5136?w=800&auto=format&fit=crop&q=80
4318,Bhadra Maruti Temple,Maharashtra,attraction,19.9122,75.4113,budget,4.9,7304,"A prominent temple destination in Chhatrapati Sambhajinagar district showcasing Maharashtra's rich historical, cultural, and ecological heritage.",Oct-Mar,https://images.unsplash.com/photo-1544717305-2782549b5136?w=800&auto=format&fit=crop&q=80
4319,Khuldabad Bhadra Maruti,Maharashtra,attraction,19.9382,75.2493,budget,4.9,7572,"A prominent temple destination in Chhatrapati Sambhajinagar district showcasing Maharashtra's rich historical, cultural, and ecological heritage.",Oct-Feb,https://images.unsplash.com/photo-1582510003544-4d00b7f74220?w=800&auto=format&fit=crop&q=80
4320,Parli Vaijnath Temple,Maharashtra,attraction,18.9111,75.8461,budget,4.6,18002,"A prominent temple destination in Beed district showcasing Maharashtra's rich historical, cultural, and ecological heritage.",Oct-Mar,https://images.unsplash.com/photo-1609766857041-ed402ea8069a?w=800&auto=format&fit=crop&q=80
4321,Parli Vaijnath,Maharashtra,attraction,18.9371,75.6841,budget,4.9,26760,"A prominent temple destination in Beed district showcasing Maharashtra's rich historical, cultural, and ecological heritage.",Oct-Feb,https://images.unsplash.com/photo-1621847468516-1ed5d0df56fe?w=800&auto=format&fit=crop&q=80
4322,Manjarsumba Fort,Maharashtra,attraction,19.0151,75.7981,mid,4.8,29142,"A prominent fort destination in Beed district showcasing Maharashtra's rich historical, cultural, and ecological heritage.",Oct-Feb,https://images.unsplash.com/photo-1590766940554-634a7ed41450?w=800&auto=format&fit=crop&q=80
4323,Kapildhar Temple,Maharashtra,attraction,18.9191,75.7501,budget,4.6,18761,"A prominent temple destination in Beed district showcasing Maharashtra's rich historical, cultural, and ecological heritage.",Oct-Mar,https://images.unsplash.com/photo-1567157577867-05ccb1388e66?w=800&auto=format&fit=crop&q=80
4324,Kankaleshwar Temple,Maharashtra,attraction,18.9451,75.7881,budget,4.9,14481,An intricately carved 12th-century Chalukya temple built completely surrounded by water in the middle of an expansive stone lake.,Oct-Mar,https://images.unsplash.com/photo-1590050752117-238cb0fb12b1?w=800&auto=format&fit=crop&q=80
4325,Beed Fort,Maharashtra,attraction,18.9971,75.6641,mid,4.9,7709,"A prominent fort destination in Beed district showcasing Maharashtra's rich historical, cultural, and ecological heritage.",Oct-Feb,https://images.unsplash.com/photo-1599661046289-e31897846e41?w=800&auto=format&fit=crop&q=80
4326,Kharda Fort Border,Maharashtra,attraction,19.0231,75.7021,mid,4.4,10787,"A prominent fort destination in Beed district showcasing Maharashtra's rich historical, cultural, and ecological heritage.",Oct-Feb,https://images.unsplash.com/photo-1599661046289-e31897846e41?w=800&auto=format&fit=crop&q=80
4327,Ambajogai Yogeshwari Temple,Maharashtra,attraction,19.0751,75.7781,budget,4.4,23178,"A prominent temple destination in Beed district showcasing Maharashtra's rich historical, cultural, and ecological heritage.",Oct-Mar,https://images.unsplash.com/photo-1567157577867-05ccb1388e66?w=800&auto=format&fit=crop&q=80
4328,Mukteshwar Temple,Maharashtra,attraction,18.9271,75.8541,budget,4.9,21135,"A prominent temple destination in Beed district showcasing Maharashtra's rich historical, cultural, and ecological heritage.",Oct-Mar,https://images.unsplash.com/photo-1609766857041-ed402ea8069a?w=800&auto=format&fit=crop&q=80
4329,Dharur Fort (Bahmani Hilltop Fortress),Maharashtra,attraction,18.816667,76.116667,mid,4.7,5081,"Built in the 16th century by Kishwar Khan (general of Ali Adil Shah of Bijapur) on an isolated spur of the Balaghat range in Beed district, an extraordinary fortress perched above a 700-foot sheer natural chasm, featuring high stone ramparts, the imposing Fateh Burj, subterranean passages, and an ancient Jama Masjid.",Oct-Feb,https://images.unsplash.com/photo-1585123388867-3bfe6dd4bdbf?w=800&auto=format&fit=crop&q=80
4330,Chakarwadi Dargah,Maharashtra,attraction,18.9091,75.7201,budget,4.9,26265,"A prominent temple destination in Beed district showcasing Maharashtra's rich historical, cultural, and ecological heritage.",Oct-Feb,https://images.unsplash.com/photo-1621847468516-1ed5d0df56fe?w=800&auto=format&fit=crop&q=80
4331,Jamb Samarth,Maharashtra,attraction,19.787,75.8844,budget,4.9,13189,"The quiet birth village of Sant Ramdas, preserving ancestral 17th-century cedarwood artifacts, temple tanks, and historic manuscripts.",Oct-Feb,https://images.unsplash.com/photo-1567157577867-05ccb1388e66?w=800&auto=format&fit=crop&q=80
4332,Jamb Samarth Temple,Maharashtra,attraction,19.813,75.9224,budget,4.9,15202,"A prominent temple destination in Jalna district showcasing Maharashtra's rich historical, cultural, and ecological heritage.",Oct-Mar,https://images.unsplash.com/photo-1518709268805-4e9042af9f23?w=800&auto=format&fit=crop&q=80
4333,Ambad Matsyodari Devi Temple,Maharashtra,attraction,19.839,75.9604,budget,4.7,27267,"A prominent temple destination in Jalna district showcasing Maharashtra's rich historical, cultural, and ecological heritage.",Oct-Mar,https://images.unsplash.com/photo-1582510003544-4d00b7f74220?w=800&auto=format&fit=crop&q=80
4334,Anwa Ganesh Temple,Maharashtra,attraction,19.917,75.8744,budget,4.5,14131,"A prominent temple destination in Jalna district showcasing Maharashtra's rich historical, cultural, and ecological heritage.",Oct-Mar,https://images.unsplash.com/photo-1582510003544-4d00b7f74220?w=800&auto=format&fit=crop&q=80
4335,Jalna Fort Remains,Maharashtra,attraction,19.795,75.7884,mid,4.9,7969,"A prominent fort destination in Jalna district showcasing Maharashtra's rich historical, cultural, and ecological heritage.",Oct-Feb,https://images.unsplash.com/photo-1599661046289-e31897846e41?w=800&auto=format&fit=crop&q=80
4336,Rajur Ganesh Temple,Maharashtra,attraction,19.751,75.8164,budget,4.4,23360,"A prominent temple destination in Jalna district showcasing Maharashtra's rich historical, cultural, and ecological heritage.",Oct-Mar,https://images.unsplash.com/photo-1567157577867-05ccb1388e66?w=800&auto=format&fit=crop&q=80
4337,Rajur,Maharashtra,attraction,19.777,75.8544,budget,4.9,10220,"A prominent temple destination in Jalna district showcasing Maharashtra's rich historical, cultural, and ecological heritage.",Oct-Feb,https://images.unsplash.com/photo-1518709268805-4e9042af9f23?w=800&auto=format&fit=crop&q=80
4338,Renuka Devi Temple,Maharashtra,attraction,19.803,75.8924,budget,4.9,22079,"A prominent temple destination in Jalna district showcasing Maharashtra's rich historical, cultural, and ecological heritage.",Oct-Mar,https://images.unsplash.com/photo-1621847468516-1ed5d0df56fe?w=800&auto=format&fit=crop&q=80
4339,Chandanzira Fort Area,Maharashtra,attraction,19.933,75.8824,mid,4.6,13315,"A prominent fort destination in Jalna district showcasing Maharashtra's rich historical, cultural, and ecological heritage.",Oct-Feb,https://images.unsplash.com/photo-1585123388867-3bfe6dd4bdbf?w=800&auto=format&fit=crop&q=80
4340,Udgir Fort,Maharashtra,attraction,18.3268,76.5944,mid,4.7,8578,"A prominent fort destination in Latur district showcasing Maharashtra's rich historical, cultural, and ecological heritage.",Oct-Feb,https://images.unsplash.com/photo-1599661046289-e31897846e41?w=800&auto=format&fit=crop&q=80
4341,Udgir Fort Caves,Maharashtra,attraction,18.3528,76.6324,mid,4.9,10569,"A prominent fort destination in Latur district showcasing Maharashtra's rich historical, cultural, and ecological heritage.",Oct-Feb,https://images.unsplash.com/photo-1599661046289-e31897846e41?w=800&auto=format&fit=crop&q=80
4342,Ausha Fort,Maharashtra,attraction,18.4048,76.5084,mid,4.9,7111,"A prominent fort destination in Latur district showcasing Maharashtra's rich historical, cultural, and ecological heritage.",Oct-Feb,https://images.unsplash.com/photo-1585123388867-3bfe6dd4bdbf?w=800&auto=format&fit=crop&q=80
4343,Ausha Temple,Maharashtra,attraction,18.4308,76.5464,budget,4.9,10054,"A prominent temple destination in Latur district showcasing Maharashtra's rich historical, cultural, and ecological heritage.",Oct-Mar,https://images.unsplash.com/photo-1567157577867-05ccb1388e66?w=800&auto=format&fit=crop&q=80
4344,Ganj Golai Temple,Maharashtra,attraction,18.3088,76.4604,budget,4.5,12513,"A prominent temple destination in Latur district showcasing Maharashtra's rich historical, cultural, and ecological heritage.",Oct-Mar,https://images.unsplash.com/photo-1582510003544-4d00b7f74220?w=800&auto=format&fit=crop&q=80
4345,Siddheshwar Ratneshwar Temple,Maharashtra,attraction,18.3348,76.4984,budget,4.9,12148,"A prominent temple destination in Latur district showcasing Maharashtra's rich historical, cultural, and ecological heritage.",Oct-Mar,https://images.unsplash.com/photo-1621847468516-1ed5d0df56fe?w=800&auto=format&fit=crop&q=80
4346,Nilanga Temple,Maharashtra,attraction,18.3868,76.5744,budget,4.9,17034,"A prominent temple destination in Latur district showcasing Maharashtra's rich historical, cultural, and ecological heritage.",Oct-Mar,https://images.unsplash.com/photo-1518709268805-4e9042af9f23?w=800&auto=format&fit=crop&q=80
4347,Nilkantheshwar Temple Nilanga,Maharashtra,attraction,18.4128,76.6124,budget,4.9,6034,"A prominent temple destination in Latur district showcasing Maharashtra's rich historical, cultural, and ecological heritage.",Oct-Mar,https://images.unsplash.com/photo-1609766857041-ed402ea8069a?w=800&auto=format&fit=crop&q=80
4348,Tirumala Balaji Temple Ausa,Maharashtra,attraction,18.4648,76.4884,budget,4.7,24334,"A prominent temple destination in Latur district showcasing Maharashtra's rich historical, cultural, and ecological heritage.",Oct-Mar,https://images.unsplash.com/photo-1567157577867-05ccb1388e66?w=800&auto=format&fit=crop&q=80
4349,Ausa Fort Lake,Maharashtra,attraction,18.4468,76.5544,mid,4.6,7207,"A prominent fort destination in Latur district showcasing Maharashtra's rich historical, cultural, and ecological heritage.",Oct-Feb,https://images.unsplash.com/photo-1585123388867-3bfe6dd4bdbf?w=800&auto=format&fit=crop&q=80
4350,Takht Hazur Sahib,Maharashtra,attraction,19.2283,77.391,budget,4.9,11687,"A prominent temple destination in Nanded district showcasing Maharashtra's rich historical, cultural, and ecological heritage.",Oct-Feb,https://images.unsplash.com/photo-1590050752117-238cb0fb12b1?w=800&auto=format&fit=crop&q=80
4351,Hazur Sahib Gurudwara,Maharashtra,attraction,19.0543,77.229,budget,4.4,13611,"A prominent temple destination in Nanded district showcasing Maharashtra's rich historical, cultural, and ecological heritage.",Oct-Feb,https://images.unsplash.com/photo-1567157577867-05ccb1388e66?w=800&auto=format&fit=crop&q=80
4352,Nanded Fort,Maharashtra,attraction,19.0803,77.267,mid,4.9,28610,"A prominent fort destination in Nanded district showcasing Maharashtra's rich historical, cultural, and ecological heritage.",Oct-Feb,https://images.unsplash.com/photo-1585123388867-3bfe6dd4bdbf?w=800&auto=format&fit=crop&q=80
4353,Sachkhand Gurudwara,Maharashtra,attraction,19.1323,77.343,budget,4.9,17898,"A prominent temple destination in Nanded district showcasing Maharashtra's rich historical, cultural, and ecological heritage.",Oct-Feb,https://images.unsplash.com/photo-1518709268805-4e9042af9f23?w=800&auto=format&fit=crop&q=80
4354,Kandhar Fort,Maharashtra,attraction,19.1583,77.381,mid,4.9,12570,"A prominent fort destination in Nanded district showcasing Maharashtra's rich historical, cultural, and ecological heritage.",Oct-Feb,https://images.unsplash.com/photo-1599661046289-e31897846e41?w=800&auto=format&fit=crop&q=80
4355,Kandhar Fort Lake,Maharashtra,attraction,19.1843,77.419,mid,4.4,10188,"A prominent fort destination in Nanded district showcasing Maharashtra's rich historical, cultural, and ecological heritage.",Oct-Feb,https://images.unsplash.com/photo-1599661046289-e31897846e41?w=800&auto=format&fit=crop&q=80
4356,Kandhar Caves,Maharashtra,attraction,19.2103,77.257,budget,4.4,14858,"A prominent cave destination in Nanded district showcasing Maharashtra's rich historical, cultural, and ecological heritage.",Oct-Feb,https://images.unsplash.com/photo-1509316975850-ff9c5deb0cd9?w=800&auto=format&fit=crop&q=80
4357,Unkeshwar Temple,Maharashtra,attraction,19.1403,77.247,budget,4.5,17283,"A prominent temple destination in Nanded district showcasing Maharashtra's rich historical, cultural, and ecological heritage.",Oct-Mar,https://images.unsplash.com/photo-1590050752117-238cb0fb12b1?w=800&auto=format&fit=crop&q=80
4358,Mahur Renuka Devi Temple,Maharashtra,attraction,19.1663,77.285,budget,4.4,22377,"A prominent temple destination in Nanded district showcasing Maharashtra's rich historical, cultural, and ecological heritage.",Oct-Mar,https://images.unsplash.com/photo-1544717305-2782549b5136?w=800&auto=format&fit=crop&q=80
4359,Mahur Dattatreya Temple,Maharashtra,attraction,19.1923,77.323,budget,4.4,11431,"A prominent temple destination in Nanded district showcasing Maharashtra's rich historical, cultural, and ecological heritage.",Oct-Mar,https://images.unsplash.com/photo-1609766857041-ed402ea8069a?w=800&auto=format&fit=crop&q=80
4360,Mahur Fort,Maharashtra,attraction,19.2183,77.361,mid,4.4,28156,"A prominent fort destination in Nanded district showcasing Maharashtra's rich historical, cultural, and ecological heritage.",Oct-Feb,https://images.unsplash.com/photo-1599661046289-e31897846e41?w=800&auto=format&fit=crop&q=80
4361,Anusuya Mata Temple Mahur,Maharashtra,attraction,19.0443,77.399,budget,4.9,27344,"A prominent temple destination in Nanded district showcasing Maharashtra's rich historical, cultural, and ecological heritage.",Oct-Mar,https://images.unsplash.com/photo-1544717305-2782549b5136?w=800&auto=format&fit=crop&q=80
4362,Shiv Mandir Hottal,Maharashtra,attraction,19.0703,77.237,budget,4.9,26809,"A prominent temple destination in Nanded district showcasing Maharashtra's rich historical, cultural, and ecological heritage.",Oct-Feb,https://images.unsplash.com/photo-1439066615861-d1af74d74000?w=800&auto=format&fit=crop&q=80
4363,Hottal Temple Complex,Maharashtra,attraction,19.0963,77.275,budget,4.7,10447,"A prominent temple destination in Nanded district showcasing Maharashtra's rich historical, cultural, and ecological heritage.",Oct-Mar,https://images.unsplash.com/photo-1544644181-1484b3fdfc62?w=800&auto=format&fit=crop&q=80
4364,Naldurg Fort,Maharashtra,attraction,18.2476,75.948,mid,4.9,11581,"A fortification with stone masonry and the Pani Mahal, an engineered basalt spillway where river cascades flow directly over submerged rooms.",Oct-Feb,https://images.unsplash.com/photo-1585123388867-3bfe6dd4bdbf?w=800&auto=format&fit=crop&q=80
4365,Dharashiv Jain Caves,Maharashtra,attraction,18.1256,76.062,budget,4.9,25264,"A prominent cave destination in Dharashiv district showcasing Maharashtra's rich historical, cultural, and ecological heritage.",Oct-Feb,https://images.unsplash.com/photo-1518709268805-4e9042af9f23?w=800&auto=format&fit=crop&q=80
4366,Tuljapur Temple Complex,Maharashtra,attraction,18.1516,76.1,budget,4.6,25645,"A prominent temple destination in Dharashiv district showcasing Maharashtra's rich historical, cultural, and ecological heritage.",Oct-Mar,https://images.unsplash.com/photo-1518709268805-4e9042af9f23?w=800&auto=format&fit=crop&q=80
4367,Ghatangri Fort,Maharashtra,attraction,18.1776,76.138,mid,4.9,20631,"A prominent fort destination in Dharashiv district showcasing Maharashtra's rich historical, cultural, and ecological heritage.",Oct-Mar,https://images.unsplash.com/photo-1585123388867-3bfe6dd4bdbf?w=800&auto=format&fit=crop&q=80
4368,Paranda Fort,Maharashtra,attraction,18.2036,75.976,mid,4.5,5633,"A pristine example of Deccan military architecture, featuring massive round bastions, intact iron siege guns, and a deep dry moat.",Oct-Feb,https://images.unsplash.com/photo-1590766940554-634a7ed41450?w=800&auto=format&fit=crop&q=80
4369,Ramling Temple,Maharashtra,attraction,18.2816,76.09,budget,4.9,5449,"A prominent temple destination in Dharashiv district showcasing Maharashtra's rich historical, cultural, and ecological heritage.",Oct-Mar,https://images.unsplash.com/photo-1590050752117-238cb0fb12b1?w=800&auto=format&fit=crop&q=80
4370,Ter Temple,Maharashtra,attraction,18.1076,76.128,budget,4.5,24014,"A prominent temple destination in Dharashiv district showcasing Maharashtra's rich historical, cultural, and ecological heritage.",Oct-Mar,https://images.unsplash.com/photo-1609766857041-ed402ea8069a?w=800&auto=format&fit=crop&q=80
4371,Parbhani Renuka Mata Temple,Maharashtra,attraction,19.2506,76.8368,budget,4.7,23734,"A prominent temple destination in Parbhani district showcasing Maharashtra's rich historical, cultural, and ecological heritage.",Oct-Mar,https://images.unsplash.com/photo-1609766857041-ed402ea8069a?w=800&auto=format&fit=crop&q=80
4372,Parbhani Dargah,Maharashtra,attraction,19.2766,76.6748,budget,4.9,13764,"A prominent temple destination in Parbhani district showcasing Maharashtra's rich historical, cultural, and ecological heritage.",Oct-Feb,https://images.unsplash.com/photo-1518709268805-4e9042af9f23?w=800&auto=format&fit=crop&q=80
4373,Pathri Sai Baba Birthplace,Maharashtra,attraction,19.3026,76.7128,budget,4.9,14710,"A prominent temple destination in Parbhani district showcasing Maharashtra's rich historical, cultural, and ecological heritage.",Oct-Feb,https://images.unsplash.com/photo-1609766857041-ed402ea8069a?w=800&auto=format&fit=crop&q=80
4374,Jintur Neminath Temple,Maharashtra,attraction,19.3366,76.8548,budget,4.4,19117,"A prominent temple destination in Parbhani district showcasing Maharashtra's rich historical, cultural, and ecological heritage.",Oct-Mar,https://images.unsplash.com/photo-1567157577867-05ccb1388e66?w=800&auto=format&fit=crop&q=80
4375,Charthana Temple Complex,Maharashtra,attraction,19.1886,76.7308,budget,4.8,25369,"A prominent temple destination in Parbhani district showcasing Maharashtra's rich historical, cultural, and ecological heritage.",Oct-Mar,https://images.unsplash.com/photo-1621847468516-1ed5d0df56fe?w=800&auto=format&fit=crop&q=80
4376,Aundha Nagnath Temple,Maharashtra,attraction,19.6216,77.1735,budget,4.9,18273,"A prominent temple destination in Hingoli district showcasing Maharashtra's rich historical, cultural, and ecological heritage.",Oct-Mar,https://images.unsplash.com/photo-1609766857041-ed402ea8069a?w=800&auto=format&fit=crop&q=80
4377,Aundha Nagnath Temple Tank,Maharashtra,attraction,19.6476,77.2115,budget,4.6,12053,"A prominent temple destination in Hingoli district showcasing Maharashtra's rich historical, cultural, and ecological heritage.",Oct-Mar,https://images.unsplash.com/photo-1590050752117-238cb0fb12b1?w=800&auto=format&fit=crop&q=80
4378,Siddheshwar Temple Hingoli,Maharashtra,attraction,19.6736,77.0495,budget,4.5,5466,"A prominent temple destination in Hingoli district showcasing Maharashtra's rich historical, cultural, and ecological heritage.",Oct-Mar,https://images.unsplash.com/photo-1582510003544-4d00b7f74220?w=800&auto=format&fit=crop&q=80
4379,Jaleshwar Temple,Maharashtra,attraction,19.6996,77.0875,budget,4.6,23002,"A prominent temple destination in Hingoli district showcasing Maharashtra's rich historical, cultural, and ecological heritage.",Oct-Mar,https://images.unsplash.com/photo-1590050752117-238cb0fb12b1?w=800&auto=format&fit=crop&q=80
4380,Narsi Namdev Temple,Maharashtra,attraction,19.7596,77.0675,budget,4.4,7076,"A prominent temple destination in Hingoli district showcasing Maharashtra's rich historical, cultural, and ecological heritage.",Oct-Mar,https://images.unsplash.com/photo-1609766857041-ed402ea8069a?w=800&auto=format&fit=crop&q=80
4381,Narsi Namdev Religious Circuit,Maharashtra,attraction,19.7856,77.1055,budget,4.9,10125,"A prominent temple destination in Hingoli district showcasing Maharashtra's rich historical, cultural, and ecological heritage.",Oct-Feb,https://images.unsplash.com/photo-1609766857041-ed402ea8069a?w=800&auto=format&fit=crop&q=80
4382,Kanheri Caves Border,Maharashtra,attraction,18.892,72.7447,budget,4.6,21121,"A prominent cave destination in Mumbai City district showcasing Maharashtra's rich historical, cultural, and ecological heritage.",Oct-Feb,https://images.unsplash.com/photo-1509316975850-ff9c5deb0cd9?w=800&auto=format&fit=crop&q=80
4383,Mahalaxmi Temple,Maharashtra,attraction,18.882,72.9147,budget,4.5,9298,"A prominent temple destination in Mumbai City district showcasing Maharashtra's rich historical, cultural, and ecological heritage.",Oct-Mar,https://images.unsplash.com/photo-1608889825103-eb5ed706fc64?w=800&auto=format&fit=crop&q=80
4384,Siddhivinayak Temple,Maharashtra,attraction,18.908,72.7527,budget,4.8,9372,"A prominent temple destination in Mumbai City district showcasing Maharashtra's rich historical, cultural, and ecological heritage.",Oct-Mar,https://images.unsplash.com/photo-1582510003544-4d00b7f74220?w=800&auto=format&fit=crop&q=80
4385,Babulnath Temple,Maharashtra,attraction,18.934,72.7907,budget,4.9,29278,"A prominent temple destination in Mumbai City district showcasing Maharashtra's rich historical, cultural, and ecological heritage.",Oct-Mar,https://images.unsplash.com/photo-1544717305-2782549b5136?w=800&auto=format&fit=crop&q=80
4386,Walkeshwar Temple,Maharashtra,attraction,18.96,72.8287,budget,4.4,13172,"A prominent temple destination in Mumbai City district showcasing Maharashtra's rich historical, cultural, and ecological heritage.",Oct-Mar,https://images.unsplash.com/photo-1567157577867-05ccb1388e66?w=800&auto=format&fit=crop&q=80
4387,ISKCON Temple Juhu,Maharashtra,attraction,19.13,72.8797,budget,4.9,25037,"A prominent temple destination in Mumbai Suburban district showcasing Maharashtra's rich historical, cultural, and ecological heritage.",Oct-Mar,https://images.unsplash.com/photo-1518709268805-4e9042af9f23?w=800&auto=format&fit=crop&q=80
4388,Arnala Fort,Maharashtra,attraction,19.7587,72.6759,mid,4.4,12697,"A prominent fort destination in Palghar district showcasing Maharashtra's rich historical, cultural, and ecological heritage.",Oct-Feb,https://images.unsplash.com/photo-1599661046289-e31897846e41?w=800&auto=format&fit=crop&q=80
4389,Vasai Fort Church Ruins,Maharashtra,attraction,19.6107,72.7519,mid,4.9,16733,"A prominent fort destination in Palghar district showcasing Maharashtra's rich historical, cultural, and ecological heritage.",Oct-Feb,https://images.unsplash.com/photo-1585123388867-3bfe6dd4bdbf?w=800&auto=format&fit=crop&q=80
4390,Kelve Fort,Maharashtra,attraction,19.6887,72.8659,mid,4.4,8303,"A prominent fort destination in Palghar district showcasing Maharashtra's rich historical, cultural, and ecological heritage.",Oct-Feb,https://images.unsplash.com/photo-1599661046289-e31897846e41?w=800&auto=format&fit=crop&q=80
4391,Shirgaon Fort,Maharashtra,attraction,19.7147,72.7039,mid,4.4,16179,"A prominent fort destination in Palghar district showcasing Maharashtra's rich historical, cultural, and ecological heritage.",Oct-Feb,https://images.unsplash.com/photo-1599661046289-e31897846e41?w=800&auto=format&fit=crop&q=80
4392,Tarapur Fort,Maharashtra,attraction,19.7667,72.7799,mid,4.6,26595,"A prominent fort destination in Palghar district showcasing Maharashtra's rich historical, cultural, and ecological heritage.",Oct-Feb,https://images.unsplash.com/photo-1585123388867-3bfe6dd4bdbf?w=800&auto=format&fit=crop&q=80
4393,Dahanu Fort,Maharashtra,attraction,19.6967,72.7699,mid,4.9,12594,"A prominent fort destination in Palghar district showcasing Maharashtra's rich historical, cultural, and ecological heritage.",Oct-Feb,https://images.unsplash.com/photo-1590766940554-634a7ed41450?w=800&auto=format&fit=crop&q=80
4394,Torna Fort (Prachandagad - First Fort Captured by Shivaji Maharaj),Maharashtra,attraction,19.7667,75.7187,mid,4.4,3408,"Torna Fort (Prachandagad - First Fort Captured by Shivaji Maharaj) is an authentic attraction destination located in ,  district of Maharashtra. Celebrated for its regional significance and unique ambiance, it offers travelers an immersive experience in the culture, scenic beauty, and heritage of Maharashtra.",Oct-Feb,https://images.unsplash.com/photo-1585123388867-3bfe6dd4bdbf?w=800&auto=format&fit=crop&q=80
4395,Murud Janjira Fort,Maharashtra,attraction,18.5578,73.2282,mid,4.4,28164,"A prominent fort destination in Raigad district showcasing Maharashtra's rich historical, cultural, and ecological heritage.",Oct-Feb,https://images.unsplash.com/photo-1599661046289-e31897846e41?w=800&auto=format&fit=crop&q=80
4396,Kolaba Fort,Maharashtra,attraction,18.4358,73.1422,mid,4.6,27800,"A prominent fort destination in Raigad district showcasing Maharashtra's rich historical, cultural, and ecological heritage.",Oct-Feb,https://images.unsplash.com/photo-1585123388867-3bfe6dd4bdbf?w=800&auto=format&fit=crop&q=80
4397,Revdanda Fort,Maharashtra,attraction,18.5398,73.0942,mid,4.9,14250,"A prominent fort destination in Raigad district showcasing Maharashtra's rich historical, cultural, and ecological heritage.",Oct-Feb,https://images.unsplash.com/photo-1585123388867-3bfe6dd4bdbf?w=800&auto=format&fit=crop&q=80
4398,Korlai Fort,Maharashtra,attraction,18.4438,73.2462,mid,4.7,6090,"A prominent fort destination in Raigad district showcasing Maharashtra's rich historical, cultural, and ecological heritage.",Oct-Feb,https://images.unsplash.com/photo-1599661046289-e31897846e41?w=800&auto=format&fit=crop&q=80
4399,Prabalgad Fort,Maharashtra,attraction,18.5038,73.2262,mid,4.5,13705,"A prominent fort destination in Raigad district showcasing Maharashtra's rich historical, cultural, and ecological heritage.",Oct-Feb,https://images.unsplash.com/photo-1590766940554-634a7ed41450?w=800&auto=format&fit=crop&q=80
4400,Karnala Fort,Maharashtra,attraction,18.5558,73.1022,mid,4.7,29741,"A prominent fort destination in Raigad district showcasing Maharashtra's rich historical, cultural, and ecological heritage.",Oct-Feb,https://images.unsplash.com/photo-1599661046289-e31897846e41?w=800&auto=format&fit=crop&q=80
4401,Avchitgad Fort,Maharashtra,attraction,18.6078,73.1782,mid,4.9,11487,"A prominent fort destination in Raigad district showcasing Maharashtra's rich historical, cultural, and ecological heritage.",Oct-Feb,https://images.unsplash.com/photo-1585123388867-3bfe6dd4bdbf?w=800&auto=format&fit=crop&q=80
4402,Sagargad Fort,Maharashtra,attraction,18.4338,73.2162,mid,4.9,28221,"A prominent fort destination in Raigad district showcasing Maharashtra's rich historical, cultural, and ecological heritage.",Oct-Feb,https://images.unsplash.com/photo-1590766940554-634a7ed41450?w=800&auto=format&fit=crop&q=80
4403,Manikgad Fort,Maharashtra,attraction,18.4598,73.2542,mid,4.9,24736,"A prominent fort destination in Raigad district showcasing Maharashtra's rich historical, cultural, and ecological heritage.",Oct-Feb,https://images.unsplash.com/photo-1590766940554-634a7ed41450?w=800&auto=format&fit=crop&q=80
4404,Irshalgad Fort,Maharashtra,attraction,18.4858,73.0922,mid,4.8,21204,"A prominent fort destination in Raigad district showcasing Maharashtra's rich historical, cultural, and ecological heritage.",Oct-Feb,https://images.unsplash.com/photo-1590766940554-634a7ed41450?w=800&auto=format&fit=crop&q=80
4405,Pali Ballaleshwar Temple,Maharashtra,attraction,18.5118,73.1302,budget,4.9,21440,"A prominent temple destination in Raigad district showcasing Maharashtra's rich historical, cultural, and ecological heritage.",Oct-Mar,https://images.unsplash.com/photo-1582510003544-4d00b7f74220?w=800&auto=format&fit=crop&q=80
4406,Ashtavinayak Pali,Maharashtra,attraction,18.5378,73.1682,budget,4.8,5108,"A prominent temple destination in Raigad district showcasing Maharashtra's rich historical, cultural, and ecological heritage.",Oct-Feb,https://images.unsplash.com/photo-1567157577867-05ccb1388e66?w=800&auto=format&fit=crop&q=80
4407,Ganpatipule Temple,Maharashtra,attraction,16.8902,73.212,budget,4.9,5026,"A prominent temple destination in Ratnagiri district showcasing Maharashtra's rich historical, cultural, and ecological heritage.",Oct-Mar,https://images.unsplash.com/photo-1590050752117-238cb0fb12b1?w=800&auto=format&fit=crop&q=80
4408,Ratnagiri Fort,Maharashtra,attraction,16.9162,73.25,mid,4.9,18380,"A prominent fort destination in Ratnagiri district showcasing Maharashtra's rich historical, cultural, and ecological heritage.",Oct-Feb,https://images.unsplash.com/photo-1599661046289-e31897846e41?w=800&auto=format&fit=crop&q=80
4409,Jaigad Fort,Maharashtra,attraction,16.9422,73.288,mid,4.5,20000,"A prominent fort destination in Ratnagiri district showcasing Maharashtra's rich historical, cultural, and ecological heritage.",Oct-Feb,https://images.unsplash.com/photo-1590766940554-634a7ed41450?w=800&auto=format&fit=crop&q=80
4410,Ratnadurg Fort,Maharashtra,attraction,17.0462,73.24,mid,4.7,22364,"A prominent fort destination in Ratnagiri district showcasing Maharashtra's rich historical, cultural, and ecological heritage.",Oct-Feb,https://images.unsplash.com/photo-1599661046289-e31897846e41?w=800&auto=format&fit=crop&q=80
4411,Guhagar Temple,Maharashtra,attraction,17.0022,73.268,budget,4.9,11772,"A prominent temple destination in Ratnagiri district showcasing Maharashtra's rich historical, cultural, and ecological heritage.",Oct-Mar,https://images.unsplash.com/photo-1621847468516-1ed5d0df56fe?w=800&auto=format&fit=crop&q=80
4412,Velneshwar Temple,Maharashtra,attraction,17.0542,73.344,budget,4.4,20399,"A prominent temple destination in Ratnagiri district showcasing Maharashtra's rich historical, cultural, and ecological heritage.",Oct-Mar,https://images.unsplash.com/photo-1582510003544-4d00b7f74220?w=800&auto=format&fit=crop&q=80
4413,Hedvi Ganesh Temple,Maharashtra,attraction,16.9062,73.22,budget,4.9,25512,"A prominent temple destination in Ratnagiri district showcasing Maharashtra's rich historical, cultural, and ecological heritage.",Oct-Mar,https://images.unsplash.com/photo-1590050752117-238cb0fb12b1?w=800&auto=format&fit=crop&q=80
4414,Kadyavarcha Ganpati,Maharashtra,attraction,16.9582,73.296,budget,4.6,25976,"A prominent temple destination in Ratnagiri district showcasing Maharashtra's rich historical, cultural, and ecological heritage.",Oct-Feb,https://images.unsplash.com/photo-1609766857041-ed402ea8069a?w=800&auto=format&fit=crop&q=80
4415,Panhalekaji Caves,Maharashtra,attraction,17.0882,73.286,budget,4.9,22032,"A prominent cave destination in Ratnagiri district showcasing Maharashtra's rich historical, cultural, and ecological heritage.",Oct-Feb,https://images.unsplash.com/photo-1518709268805-4e9042af9f23?w=800&auto=format&fit=crop&q=80
4416,Purnagad Fort,Maharashtra,attraction,16.9402,73.362,mid,4.7,8382,"A prominent fort destination in Ratnagiri district showcasing Maharashtra's rich historical, cultural, and ecological heritage.",Oct-Feb,https://images.unsplash.com/photo-1599661046289-e31897846e41?w=800&auto=format&fit=crop&q=80
4417,Suvarnadurg Fort,Maharashtra,attraction,16.9662,73.4,mid,4.5,5047,"A prominent fort destination in Ratnagiri district showcasing Maharashtra's rich historical, cultural, and ecological heritage.",Oct-Feb,https://images.unsplash.com/photo-1590766940554-634a7ed41450?w=800&auto=format&fit=crop&q=80
4418,Marleshwar Temple,Maharashtra,attraction,17.0182,73.276,budget,4.8,12827,"A prominent temple destination in Ratnagiri district showcasing Maharashtra's rich historical, cultural, and ecological heritage.",Oct-Mar,https://images.unsplash.com/photo-1621847468516-1ed5d0df56fe?w=800&auto=format&fit=crop&q=80
4419,Parshuram Temple Chiplun,Maharashtra,attraction,17.0702,73.352,budget,4.9,17115,"A prominent temple destination in Ratnagiri district showcasing Maharashtra's rich historical, cultural, and ecological heritage.",Oct-Mar,https://images.unsplash.com/photo-1544717305-2782549b5136?w=800&auto=format&fit=crop&q=80
4420,Sindhudurg Fort,Maharashtra,attraction,16.052,73.476,mid,4.4,26305,"A prominent fort destination in Sindhudurg district showcasing Maharashtra's rich historical, cultural, and ecological heritage.",Oct-Feb,https://images.unsplash.com/photo-1599661046289-e31897846e41?w=800&auto=format&fit=crop&q=80
4421,Nivati Fort,Maharashtra,attraction,16.216,73.608,mid,4.9,17551,"A prominent fort destination in Sindhudurg district showcasing Maharashtra's rich historical, cultural, and ecological heritage.",Oct-Feb,https://images.unsplash.com/photo-1585123388867-3bfe6dd4bdbf?w=800&auto=format&fit=crop&q=80
4422,Kunkeshwar Temple,Maharashtra,attraction,16.094,73.522,budget,4.4,25289,"A prominent temple destination in Sindhudurg district showcasing Maharashtra's rich historical, cultural, and ecological heritage.",Oct-Mar,https://images.unsplash.com/photo-1582510003544-4d00b7f74220?w=800&auto=format&fit=crop&q=80
4423,Redi Ganesh Temple,Maharashtra,attraction,16.146,73.598,budget,4.5,7632,"A prominent temple destination in Sindhudurg district showcasing Maharashtra's rich historical, cultural, and ecological heritage.",Oct-Mar,https://images.unsplash.com/photo-1609766857041-ed402ea8069a?w=800&auto=format&fit=crop&q=80
4424,Kopineshwar Temple,Maharashtra,attraction,19.1383,72.9381,budget,4.5,21128,"A prominent temple destination in Thane district showcasing Maharashtra's rich historical, cultural, and ecological heritage.",Oct-Mar,https://images.unsplash.com/photo-1609766857041-ed402ea8069a?w=800&auto=format&fit=crop&q=80
4425,Mumbra Devi Temple,Maharashtra,attraction,19.2163,73.0521,budget,4.8,17397,"A prominent temple destination in Thane district showcasing Maharashtra's rich historical, cultural, and ecological heritage.",Oct-Mar,https://images.unsplash.com/photo-1621847468516-1ed5d0df56fe?w=800&auto=format&fit=crop&q=80
4426,Kalyan Fort Remains,Maharashtra,attraction,19.1283,72.9081,mid,4.4,25439,"A prominent fort destination in Thane district showcasing Maharashtra's rich historical, cultural, and ecological heritage.",Oct-Feb,https://images.unsplash.com/photo-1599661046289-e31897846e41?w=800&auto=format&fit=crop&q=80
4427,Mahalaxmi Temple Kolhapur,Maharashtra,attraction,16.719,74.3253,budget,4.9,26789,"A prominent temple destination in Kolhapur district showcasing Maharashtra's rich historical, cultural, and ecological heritage.",Oct-Mar,https://images.unsplash.com/photo-1584551246679-0daf3d275d0f?w=800&auto=format&fit=crop&q=80
4428,Jyotiba Temple,Maharashtra,attraction,16.771,74.2013,budget,4.9,17654,"A prominent temple destination in Kolhapur district showcasing Maharashtra's rich historical, cultural, and ecological heritage.",Oct-Mar,https://images.unsplash.com/photo-1621847468516-1ed5d0df56fe?w=800&auto=format&fit=crop&q=80
4429,Gaganbawda Fort,Maharashtra,attraction,16.605,74.1433,mid,4.4,26428,"A prominent fort destination in Kolhapur district showcasing Maharashtra's rich historical, cultural, and ecological heritage.",Oct-Feb,https://images.unsplash.com/photo-1599661046289-e31897846e41?w=800&auto=format&fit=crop&q=80
4430,Bhudevi Temple,Maharashtra,attraction,16.631,74.1813,budget,4.5,22262,"A prominent temple destination in Kolhapur district showcasing Maharashtra's rich historical, cultural, and ecological heritage.",Oct-Mar,https://images.unsplash.com/photo-1544717305-2782549b5136?w=800&auto=format&fit=crop&q=80
4431,Narsobawadi Temple,Maharashtra,attraction,16.657,74.2193,budget,4.9,17263,"A prominent temple destination in Kolhapur district showcasing Maharashtra's rich historical, cultural, and ecological heritage.",Oct-Mar,https://images.unsplash.com/photo-1544717305-2782549b5136?w=800&auto=format&fit=crop&q=80
4432,Khidrapur Kopeshwar Temple,Maharashtra,attraction,16.709,74.2953,budget,4.4,24544,"A prominent temple destination in Kolhapur district showcasing Maharashtra's rich historical, cultural, and ecological heritage.",Oct-Mar,https://images.unsplash.com/photo-1609766857041-ed402ea8069a?w=800&auto=format&fit=crop&q=80
4433,Kaneri Math,Maharashtra,attraction,16.735,74.3333,budget,4.6,23343,"A prominent temple destination in Kolhapur district showcasing Maharashtra's rich historical, cultural, and ecological heritage.",Oct-Feb,https://images.unsplash.com/photo-1582510003544-4d00b7f74220?w=800&auto=format&fit=crop&q=80
4434,Panhala Teen Darwaza,Maharashtra,attraction,16.691,74.1613,budget,4.7,29273,"A prominent fort destination in Kolhapur district showcasing Maharashtra's rich historical, cultural, and ecological heritage.",Oct-Feb,https://images.unsplash.com/photo-1621847468516-1ed5d0df56fe?w=800&auto=format&fit=crop&q=80
4435,Shivgad Fort,Maharashtra,attraction,16.743,74.2373,mid,4.9,27039,"A prominent fort destination in Kolhapur district showcasing Maharashtra's rich historical, cultural, and ecological heritage.",Oct-Feb,https://images.unsplash.com/photo-1585123388867-3bfe6dd4bdbf?w=800&auto=format&fit=crop&q=80
4436,Torna Fort (Prachandagad),Maharashtra,attraction,18.276667,73.623333,mid,4.9,17875,"Soaring to 4,603 feet (1,403 m) in the Western Ghats, the highest hill fort in Pune district and the historic 'Prachandagad' (massive fort) that Chhatrapati Shivaji captured at the age of sixteen in 1646, marking the founding moment of the Maratha Swarajya.",Oct-Feb,https://images.unsplash.com/photo-1590766940554-634a7ed41450?w=800&auto=format&fit=crop&q=80
4437,Purandar Fort,Maharashtra,attraction,18.4364,73.7647,mid,4.9,26613,"A prominent fort destination in Pune district showcasing Maharashtra's rich historical, cultural, and ecological heritage.",Oct-Feb,https://images.unsplash.com/photo-1599661046289-e31897846e41?w=800&auto=format&fit=crop&q=80
4438,Rajmachi Fort,Maharashtra,attraction,18.4624,73.8027,mid,4.9,10758,"A prominent fort destination in Pune district showcasing Maharashtra's rich historical, cultural, and ecological heritage.",Oct-Feb,https://images.unsplash.com/photo-1585123388867-3bfe6dd4bdbf?w=800&auto=format&fit=crop&q=80
4439,Tikona Fort (Vitandgad),Maharashtra,attraction,18.633333,73.516667,mid,4.7,29861,"Named for its distinct triangular pyramid profile (Tikona), a prominent hill fort rising 3,500 feet above the pristine waters of Pawna Lake, featuring a 17th-century Mahadev temple, large water tanks, Trimbakeshwar Mahadev cave, and steep stone-cut steps.",Oct-Feb,https://images.unsplash.com/photo-1599661046289-e31897846e41?w=800&auto=format&fit=crop&q=80
4440,Tung Fort,Maharashtra,attraction,18.5144,73.8787,mid,4.8,21278,"A prominent fort destination in Pune district showcasing Maharashtra's rich historical, cultural, and ecological heritage.",Oct-Feb,https://images.unsplash.com/photo-1590766940554-634a7ed41450?w=800&auto=format&fit=crop&q=80
4441,Malhargad Fort,Maharashtra,attraction,18.5404,73.9167,mid,4.9,8429,"A prominent fort destination in Pune district showcasing Maharashtra's rich historical, cultural, and ecological heritage.",Oct-Feb,https://images.unsplash.com/photo-1585123388867-3bfe6dd4bdbf?w=800&auto=format&fit=crop&q=80
4442,Rohida Fort,Maharashtra,attraction,18.5664,73.9547,mid,4.4,6004,"A prominent fort destination in Pune district showcasing Maharashtra's rich historical, cultural, and ecological heritage.",Oct-Feb,https://images.unsplash.com/photo-1599661046289-e31897846e41?w=800&auto=format&fit=crop&q=80
4443,Osho Garden,Maharashtra,attraction,18.5304,73.8867,budget,4.7,12993,"A prominent temple destination in Pune district showcasing Maharashtra's rich historical, cultural, and ecological heritage.",Oct-Feb,https://images.unsplash.com/photo-1585320806297-9794b3e4eeae?w=800&auto=format&fit=crop&q=80
4444,Dagdusheth Halwai Ganpati Temple,Maharashtra,attraction,18.5564,73.9247,budget,4.8,16990,"A prominent temple destination in Pune district showcasing Maharashtra's rich historical, cultural, and ecological heritage.",Oct-Mar,https://images.unsplash.com/photo-1567157577867-05ccb1388e66?w=800&auto=format&fit=crop&q=80
4445,Parvati Temple,Maharashtra,attraction,18.4344,73.8387,budget,4.9,11696,"A prominent temple destination in Pune district showcasing Maharashtra's rich historical, cultural, and ecological heritage.",Oct-Mar,https://images.unsplash.com/photo-1518709268805-4e9042af9f23?w=800&auto=format&fit=crop&q=80
4446,Alandi,Maharashtra,attraction,18.4864,73.9147,budget,4.5,22774,"A prominent temple destination in Pune district showcasing Maharashtra's rich historical, cultural, and ecological heritage.",Oct-Feb,https://images.unsplash.com/photo-1567157577867-05ccb1388e66?w=800&auto=format&fit=crop&q=80
4447,Alandi Dnyaneshwar Temple,Maharashtra,attraction,18.5124,73.9527,budget,4.9,19935,"A prominent temple destination in Pune district showcasing Maharashtra's rich historical, cultural, and ecological heritage.",Oct-Mar,https://images.unsplash.com/photo-1590050752117-238cb0fb12b1?w=800&auto=format&fit=crop&q=80
4448,Dehu Sant Tukaram Temple,Maharashtra,attraction,18.5384,73.7907,budget,4.8,14038,"A prominent temple destination in Pune district showcasing Maharashtra's rich historical, cultural, and ecological heritage.",Oct-Mar,https://images.unsplash.com/photo-1582510003544-4d00b7f74220?w=800&auto=format&fit=crop&q=80
4449,Sagareshwar Temple,Maharashtra,attraction,16.8004,74.5055,budget,4.9,16299,"A prominent temple destination in Sangli district showcasing Maharashtra's rich historical, cultural, and ecological heritage.",Oct-Mar,https://images.unsplash.com/photo-1501785888041-af3ef285b470?w=800&auto=format&fit=crop&q=80
4450,Sangli Ganpati Temple,Maharashtra,attraction,16.8264,74.5435,budget,4.9,12293,"A prominent temple destination in Sangli district showcasing Maharashtra's rich historical, cultural, and ecological heritage.",Oct-Mar,https://images.unsplash.com/photo-1609766857041-ed402ea8069a?w=800&auto=format&fit=crop&q=80
4451,Sangli Fort,Maharashtra,attraction,16.8524,74.5815,mid,4.9,15547,"A prominent fort destination in Sangli district showcasing Maharashtra's rich historical, cultural, and ecological heritage.",Oct-Feb,https://images.unsplash.com/photo-1585123388867-3bfe6dd4bdbf?w=800&auto=format&fit=crop&q=80
4452,Audumbar Dattatreya Temple,Maharashtra,attraction,16.8784,74.6195,budget,4.4,15365,"A prominent temple destination in Sangli district showcasing Maharashtra's rich historical, cultural, and ecological heritage.",Oct-Mar,https://images.unsplash.com/photo-1621847468516-1ed5d0df56fe?w=800&auto=format&fit=crop&q=80
4453,Kundal Fort Remains,Maharashtra,attraction,16.9124,74.5615,mid,4.4,16207,"A prominent fort destination in Sangli district showcasing Maharashtra's rich historical, cultural, and ecological heritage.",Oct-Feb,https://images.unsplash.com/photo-1599661046289-e31897846e41?w=800&auto=format&fit=crop&q=80
4454,Haripur Sangameshwar Temple,Maharashtra,attraction,16.7644,74.6375,budget,4.7,9539,"A prominent temple destination in Sangli district showcasing Maharashtra's rich historical, cultural, and ecological heritage.",Oct-Mar,https://images.unsplash.com/photo-1518709268805-4e9042af9f23?w=800&auto=format&fit=crop&q=80
4455,Kavathe Mahankal Temple,Maharashtra,attraction,16.9464,74.5035,budget,4.5,11937,"A prominent temple destination in Sangli district showcasing Maharashtra's rich historical, cultural, and ecological heritage.",Oct-Mar,https://images.unsplash.com/photo-1518709268805-4e9042af9f23?w=800&auto=format&fit=crop&q=80
4456,Tasgaon Ganpati Temple,Maharashtra,attraction,16.7724,74.5415,budget,4.4,13425,"A prominent temple destination in Sangli district showcasing Maharashtra's rich historical, cultural, and ecological heritage.",Oct-Mar,https://images.unsplash.com/photo-1582510003544-4d00b7f74220?w=800&auto=format&fit=crop&q=80
4457,Sajjangad Fort,Maharashtra,attraction,17.6085,74.0823,mid,4.8,24046,"A prominent fort destination in Satara district showcasing Maharashtra's rich historical, cultural, and ecological heritage.",Oct-Feb,https://images.unsplash.com/photo-1590766940554-634a7ed41450?w=800&auto=format&fit=crop&q=80
4458,Ajinkyatara Fort,Maharashtra,attraction,17.6345,73.9203,mid,4.9,25822,"A prominent fort destination in Satara district showcasing Maharashtra's rich historical, cultural, and ecological heritage.",Oct-Feb,https://images.unsplash.com/photo-1599661046289-e31897846e41?w=800&auto=format&fit=crop&q=80
4459,Vasota Fort (Wilderness Fortress of Koyna),Maharashtra,attraction,17.666667,73.7,mid,4.9,5745,"Perched at 3,842 feet deep inside the UNESCO-protected Koyna Wildlife Sanctuary, one of the most adventurous wilderness fortresses in Maharashtra, accessible only by a thrilling 1.5-hour motorboat ride across the deep waters of Shivsagar Lake from Bamnoli followed by a dense jungle trek through tiger and leopard habitat.",Oct-Feb,https://images.unsplash.com/photo-1590766940554-634a7ed41450?w=800&auto=format&fit=crop&q=80
4460,Kamalgad Fort,Maharashtra,attraction,17.6865,73.9963,mid,4.8,17594,"A prominent fort destination in Satara district showcasing Maharashtra's rich historical, cultural, and ecological heritage.",Oct-Feb,https://images.unsplash.com/photo-1590766940554-634a7ed41450?w=800&auto=format&fit=crop&q=80
4461,Kenjalgad Fort,Maharashtra,attraction,17.7125,74.0343,mid,4.5,13981,"A prominent fort destination in Satara district showcasing Maharashtra's rich historical, cultural, and ecological heritage.",Oct-Feb,https://images.unsplash.com/photo-1590766940554-634a7ed41450?w=800&auto=format&fit=crop&q=80
4462,Chandan-Vandan Forts,Maharashtra,attraction,17.7385,74.0723,mid,4.8,18500,"A prominent fort destination in Satara district showcasing Maharashtra's rich historical, cultural, and ecological heritage.",Oct-Feb,https://images.unsplash.com/photo-1590766940554-634a7ed41450?w=800&auto=format&fit=crop&q=80
4463,Meruling Temple,Maharashtra,attraction,17.7645,74.1103,budget,4.6,27064,"A prominent temple destination in Satara district showcasing Maharashtra's rich historical, cultural, and ecological heritage.",Oct-Mar,https://images.unsplash.com/photo-1590050752117-238cb0fb12b1?w=800&auto=format&fit=crop&q=80
4464,Krishna River Source,Maharashtra,attraction,17.5885,74.0223,budget,4.9,21084,"A prominent temple destination in Satara district showcasing Maharashtra's rich historical, cultural, and ecological heritage.",Oct-Feb,https://images.unsplash.com/photo-1518709268805-4e9042af9f23?w=800&auto=format&fit=crop&q=80
4465,Krishna Temple Mahabaleshwar,Maharashtra,attraction,17.6145,74.0603,budget,4.6,8164,"A prominent temple destination in Satara district showcasing Maharashtra's rich historical, cultural, and ecological heritage.",Oct-Mar,https://images.unsplash.com/photo-1567157577867-05ccb1388e66?w=800&auto=format&fit=crop&q=80
4466,Pandharpur Vitthal Temple,Maharashtra,attraction,17.6459,75.8244,budget,4.6,7132,"A prominent temple destination in Solapur district showcasing Maharashtra's rich historical, cultural, and ecological heritage.",Oct-Mar,https://images.unsplash.com/photo-1582510003544-4d00b7f74220?w=800&auto=format&fit=crop&q=80
4467,Pandharpur Temple Town,Maharashtra,attraction,17.6979,75.9004,budget,4.7,8563,"A prominent temple destination in Solapur district showcasing Maharashtra's rich historical, cultural, and ecological heritage.",Oct-Mar,https://images.unsplash.com/photo-1544717305-2782549b5136?w=800&auto=format&fit=crop&q=80
4468,Akkalkot Swami Samarth Temple,Maharashtra,attraction,17.7239,75.9384,budget,4.9,13281,"A prominent temple destination in Solapur district showcasing Maharashtra's rich historical, cultural, and ecological heritage.",Oct-Mar,https://images.unsplash.com/photo-1518709268805-4e9042af9f23?w=800&auto=format&fit=crop&q=80
4469,Akkalkot Vatavruksha Mandir,Maharashtra,attraction,17.7499,75.9764,budget,4.6,20251,"A prominent temple destination in Solapur district showcasing Maharashtra's rich historical, cultural, and ecological heritage.",Oct-Feb,https://images.unsplash.com/photo-1621847468516-1ed5d0df56fe?w=800&auto=format&fit=crop&q=80
4470,Solapur Fort,Maharashtra,attraction,17.5759,75.8144,mid,4.7,20876,"A prominent fort destination in Solapur district showcasing Maharashtra's rich historical, cultural, and ecological heritage.",Oct-Feb,https://images.unsplash.com/photo-1599661046289-e31897846e41?w=800&auto=format&fit=crop&q=80
4471,Karmala Kamaladevi Temple,Maharashtra,attraction,17.7319,75.8424,budget,4.9,18952,"A prominent temple destination in Solapur district showcasing Maharashtra's rich historical, cultural, and ecological heritage.",Oct-Mar,https://images.unsplash.com/photo-1582510003544-4d00b7f74220?w=800&auto=format&fit=crop&q=80
4472,Karmala Temple Tank,Maharashtra,attraction,17.7579,75.8804,budget,4.9,23912,"A prominent temple destination in Solapur district showcasing Maharashtra's rich historical, cultural, and ecological heritage.",Oct-Mar,https://images.unsplash.com/photo-1518709268805-4e9042af9f23?w=800&auto=format&fit=crop&q=80
4473,Hotgi Jain Temple,Maharashtra,attraction,17.6619,75.8324,budget,4.7,26243,"A prominent temple destination in Solapur district showcasing Maharashtra's rich historical, cultural, and ecological heritage.",Oct-Mar,https://images.unsplash.com/photo-1544717305-2782549b5136?w=800&auto=format&fit=crop&q=80
4474,Revan Siddheshwar Temple,Maharashtra,attraction,17.6879,75.8704,budget,4.6,16977,"A prominent temple destination in Solapur district showcasing Maharashtra's rich historical, cultural, and ecological heritage.",Oct-Mar,https://images.unsplash.com/photo-1567157577867-05ccb1388e66?w=800&auto=format&fit=crop&q=80
4475,Akluj Fort (Shivsrushti),Maharashtra,attraction,17.883333,75.033333,mid,4.4,24053,"Constructed along the banks of the Nira River in Solapur district by the Yadavas and later held by the Mughals and Marathas, extensively restored into 'Shivsrushti', a magnificent living heritage fortress recreating the coronation, court, and naval exploits of Chhatrapati Shivaji Maharaj with lifelike fibre-glass statues and murals.",Oct-Feb,https://images.unsplash.com/photo-1599661046289-e31897846e41?w=800&auto=format&fit=crop&q=80
4476,Laling Fort,Maharashtra,attraction,20.9922,74.7189,mid,4.5,11949,"A prominent fort destination in Dhule district showcasing Maharashtra's rich historical, cultural, and ecological heritage.",Oct-Feb,https://images.unsplash.com/photo-1590766940554-634a7ed41450?w=800&auto=format&fit=crop&q=80
4477,Songir Fort,Maharashtra,attraction,20.8442,74.7949,mid,4.9,15055,"A hilltop fort famous for rock-cut cisterns, medieval stone inscriptions, and historical copper-craft villages at its base.",Oct-Feb,https://images.unsplash.com/photo-1590766940554-634a7ed41450?w=800&auto=format&fit=crop&q=80
4478,Thalner Fort,Maharashtra,attraction,20.8702,74.8329,mid,4.6,17421,"A prominent fort destination in Dhule district showcasing Maharashtra's rich historical, cultural, and ecological heritage.",Oct-Feb,https://images.unsplash.com/photo-1585123388867-3bfe6dd4bdbf?w=800&auto=format&fit=crop&q=80
4479,Balsana Jain Temple,Maharashtra,attraction,20.9222,74.7089,budget,4.5,26346,"A prominent temple destination in Dhule district showcasing Maharashtra's rich historical, cultural, and ecological heritage.",Oct-Mar,https://images.unsplash.com/photo-1567157577867-05ccb1388e66?w=800&auto=format&fit=crop&q=80
4480,Prakasha Temple Circuit,Maharashtra,attraction,21.0002,74.8229,budget,4.7,12458,"A prominent temple destination in Dhule district showcasing Maharashtra's rich historical, cultural, and ecological heritage.",Oct-Mar,https://images.unsplash.com/photo-1544717305-2782549b5136?w=800&auto=format&fit=crop&q=80
4481,Prakasha Dakshin Kashi,Maharashtra,attraction,20.8262,74.8609,budget,4.4,9083,"A prominent temple destination in Dhule district showcasing Maharashtra's rich historical, cultural, and ecological heritage.",Oct-Feb,https://images.unsplash.com/photo-1544717305-2782549b5136?w=800&auto=format&fit=crop&q=80
4482,Patnadevi Temple,Maharashtra,attraction,20.9197,75.6186,budget,4.8,11455,"A prominent temple destination in Jalgaon district showcasing Maharashtra's rich historical, cultural, and ecological heritage.",Oct-Mar,https://images.unsplash.com/photo-1567157577867-05ccb1388e66?w=800&auto=format&fit=crop&q=80
4483,Manudevi Temple,Maharashtra,attraction,20.9977,75.5326,budget,4.8,19237,"A prominent temple destination in Jalgaon district showcasing Maharashtra's rich historical, cultural, and ecological heritage.",Oct-Mar,https://images.unsplash.com/photo-1518709268805-4e9042af9f23?w=800&auto=format&fit=crop&q=80
4484,Omkareshwar Temple,Maharashtra,attraction,20.9537,75.5606,budget,4.8,8794,"A prominent temple destination in Jalgaon district showcasing Maharashtra's rich historical, cultural, and ecological heritage.",Oct-Mar,https://images.unsplash.com/photo-1518709268805-4e9042af9f23?w=800&auto=format&fit=crop&q=80
4485,Padmalaya Ganpati Temple,Maharashtra,attraction,20.9797,75.5986,budget,4.7,21757,"A prominent temple destination in Jalgaon district showcasing Maharashtra's rich historical, cultural, and ecological heritage.",Oct-Mar,https://images.unsplash.com/photo-1582510003544-4d00b7f74220?w=800&auto=format&fit=crop&q=80
4486,Anjanale Temple,Maharashtra,attraction,21.0577,75.5126,budget,4.9,26234,"A prominent temple destination in Jalgaon district showcasing Maharashtra's rich historical, cultural, and ecological heritage.",Oct-Mar,https://images.unsplash.com/photo-1544717305-2782549b5136?w=800&auto=format&fit=crop&q=80
4487,Parola Fort,Maharashtra,attraction,21.0837,75.5506,mid,4.9,6933,"A prominent fort destination in Jalgaon district showcasing Maharashtra's rich historical, cultural, and ecological heritage.",Oct-Feb,https://images.unsplash.com/photo-1585123388867-3bfe6dd4bdbf?w=800&auto=format&fit=crop&q=80
4488,Amalner Fort,Maharashtra,attraction,20.9357,75.6266,mid,4.9,11269,"A prominent fort destination in Jalgaon district showcasing Maharashtra's rich historical, cultural, and ecological heritage.",Oct-Feb,https://images.unsplash.com/photo-1585123388867-3bfe6dd4bdbf?w=800&auto=format&fit=crop&q=80
4489,Chalisgaon Jain Temple,Maharashtra,attraction,20.9877,75.5026,budget,4.6,6170,"A prominent temple destination in Jalgaon district showcasing Maharashtra's rich historical, cultural, and ecological heritage.",Oct-Mar,https://images.unsplash.com/photo-1590050752117-238cb0fb12b1?w=800&auto=format&fit=crop&q=80
4490,Gorakhnath Temple,Maharashtra,attraction,21.4399,74.1983,budget,4.4,14323,"A prominent temple destination in Nandurbar district showcasing Maharashtra's rich historical, cultural, and ecological heritage.",Oct-Mar,https://images.unsplash.com/photo-1518709268805-4e9042af9f23?w=800&auto=format&fit=crop&q=80
4491,Prakasha Temple,Maharashtra,attraction,21.3179,74.3123,budget,4.9,17697,"A prominent temple destination in Nandurbar district showcasing Maharashtra's rich historical, cultural, and ecological heritage.",Oct-Mar,https://images.unsplash.com/photo-1590050752117-238cb0fb12b1?w=800&auto=format&fit=crop&q=80
4492,Nandurbar Fort,Maharashtra,attraction,21.3959,74.2263,mid,4.9,13518,"A prominent fort destination in Nandurbar district showcasing Maharashtra's rich historical, cultural, and ecological heritage.",Oct-Feb,https://images.unsplash.com/photo-1590766940554-634a7ed41450?w=800&auto=format&fit=crop&q=80
4493,Trimbakeshwar Jyotirlinga,Maharashtra,attraction,19.9055,73.7938,budget,4.9,21381,"A prominent temple destination in Nashik district showcasing Maharashtra's rich historical, cultural, and ecological heritage.",Oct-Feb,https://images.unsplash.com/photo-1621847468516-1ed5d0df56fe?w=800&auto=format&fit=crop&q=80
4494,Anjaneri Caves,Maharashtra,attraction,20.0095,73.7458,budget,4.6,10154,"A prominent cave destination in Nashik district showcasing Maharashtra's rich historical, cultural, and ecological heritage.",Oct-Feb,https://images.unsplash.com/photo-1518709268805-4e9042af9f23?w=800&auto=format&fit=crop&q=80
4495,Anjaneri Hanuman Temple,Maharashtra,attraction,20.0355,73.7838,budget,4.8,10378,"A prominent temple destination in Nashik district showcasing Maharashtra's rich historical, cultural, and ecological heritage.",Oct-Mar,https://images.unsplash.com/photo-1518709268805-4e9042af9f23?w=800&auto=format&fit=crop&q=80
4496,Pandavleni Caves (Trirashmi Buddhist Caves),Maharashtra,attraction,19.95,73.75,budget,4.6,10339,"Carved between the 1st century BCE and the 3rd century CE into the volcanic basalt cliff of Trirashmi Hill, a prominent complex of 24 Buddhist viharas and chaityas featuring Satavahana and Western Kshatrapa royal inscriptions, water cisterns, and Buddha sculptures.",Oct-Feb,https://images.unsplash.com/photo-1518495973542-4542c06a5843?w=800&auto=format&fit=crop&q=80
4497,Kalaram Temple,Maharashtra,attraction,20.0175,73.8498,budget,4.8,28886,"A prominent temple destination in Nashik district showcasing Maharashtra's rich historical, cultural, and ecological heritage.",Oct-Mar,https://images.unsplash.com/photo-1518709268805-4e9042af9f23?w=800&auto=format&fit=crop&q=80
4498,Sita Gufa,Maharashtra,attraction,20.0435,73.8878,budget,4.9,7178,"A prominent cave destination in Nashik district showcasing Maharashtra's rich historical, cultural, and ecological heritage.",Oct-Feb,https://images.unsplash.com/photo-1567157577867-05ccb1388e66?w=800&auto=format&fit=crop&q=80
4499,Panchavati,Maharashtra,attraction,20.0695,73.7258,budget,4.6,29520,"A prominent temple destination in Nashik district showcasing Maharashtra's rich historical, cultural, and ecological heritage.",Oct-Feb,https://images.unsplash.com/photo-1590050752117-238cb0fb12b1?w=800&auto=format&fit=crop&q=80
4500,Sundarnarayan Temple,Maharashtra,attraction,19.9215,73.8018,budget,4.8,28658,"A prominent temple destination in Nashik district showcasing Maharashtra's rich historical, cultural, and ecological heritage.",Oct-Mar,https://images.unsplash.com/photo-1518709268805-4e9042af9f23?w=800&auto=format&fit=crop&q=80
4501,Muktidham Temple,Maharashtra,attraction,19.9475,73.8398,budget,4.9,12088,"A prominent temple destination in Nashik district showcasing Maharashtra's rich historical, cultural, and ecological heritage.",Oct-Mar,https://images.unsplash.com/photo-1582510003544-4d00b7f74220?w=800&auto=format&fit=crop&q=80
4502,Kalaram Temple Heritage Streets,Maharashtra,attraction,19.9735,73.8778,budget,4.4,20669,"A prominent temple destination in Nashik district showcasing Maharashtra's rich historical, cultural, and ecological heritage.",Oct-Mar,https://images.unsplash.com/photo-1567157577867-05ccb1388e66?w=800&auto=format&fit=crop&q=80
4503,Nashik Caves,Maharashtra,attraction,19.9995,73.7158,budget,4.9,9526,"A prominent cave destination in Nashik district showcasing Maharashtra's rich historical, cultural, and ecological heritage.",Oct-Feb,https://images.unsplash.com/photo-1509316975850-ff9c5deb0cd9?w=800&auto=format&fit=crop&q=80
4504,Someshwar Temple,Maharashtra,attraction,20.0775,73.8298,budget,4.9,23332,"A prominent temple destination in Nashik district showcasing Maharashtra's rich historical, cultural, and ecological heritage.",Oct-Mar,https://images.unsplash.com/photo-1567157577867-05ccb1388e66?w=800&auto=format&fit=crop&q=80
4505,Kalsubai Temple,Maharashtra,attraction,20.0075,73.8198,budget,4.7,21523,"A prominent temple destination in Nashik district showcasing Maharashtra's rich historical, cultural, and ecological heritage.",Oct-Mar,https://images.unsplash.com/photo-1567157577867-05ccb1388e66?w=800&auto=format&fit=crop&q=80
4506,Tringalwadi Fort,Maharashtra,attraction,19.9635,73.8478,mid,4.5,23082,"A prominent fort destination in Nashik district showcasing Maharashtra's rich historical, cultural, and ecological heritage.",Oct-Feb,https://images.unsplash.com/photo-1590766940554-634a7ed41450?w=800&auto=format&fit=crop&q=80
4507,Harishchandragad Border Fort,Maharashtra,attraction,19.9895,73.8858,mid,4.9,27665,"A prominent fort destination in Nashik district showcasing Maharashtra's rich historical, cultural, and ecological heritage.",Oct-Feb,https://images.unsplash.com/photo-1599661046289-e31897846e41?w=800&auto=format&fit=crop&q=80
4508,Salher Fort (Highest Fort in Maharashtra),Maharashtra,attraction,20.725,73.941667,mid,4.7,6267,"Rising to 5,141 feet (1,567 m) in the Baglan mountain range near the Gujarat border, the highest fort in Maharashtra and the second highest peak in the state after Kalsubai, celebrated for the 1672 Battle of Salher where Shivaji's Maratha forces decisively defeated an open imperial Mughal field army.",Oct-Feb,https://images.unsplash.com/photo-1585123388867-3bfe6dd4bdbf?w=800&auto=format&fit=crop&q=80
4509,Salota Fort,Maharashtra,attraction,20.0415,73.7618,mid,4.9,24273,"A prominent fort destination in Nashik district showcasing Maharashtra's rich historical, cultural, and ecological heritage.",Oct-Feb,https://images.unsplash.com/photo-1599661046289-e31897846e41?w=800&auto=format&fit=crop&q=80
4510,Mulher Fort,Maharashtra,attraction,20.0675,73.7998,mid,4.8,13899,"A prominent fort destination in Nashik district showcasing Maharashtra's rich historical, cultural, and ecological heritage.",Oct-Feb,https://images.unsplash.com/photo-1590766940554-634a7ed41450?w=800&auto=format&fit=crop&q=80
4511,Harihargad Fort,Maharashtra,attraction,20.0935,73.8378,mid,4.9,24065,"A prominent fort destination in Nashik district showcasing Maharashtra's rich historical, cultural, and ecological heritage.",Oct-Feb,https://images.unsplash.com/photo-1599661046289-e31897846e41?w=800&auto=format&fit=crop&q=80
4512,Brahmagiri Temple,Maharashtra,attraction,19.9195,73.8758,budget,4.4,25967,"A prominent temple destination in Nashik district showcasing Maharashtra's rich historical, cultural, and ecological heritage.",Oct-Mar,https://images.unsplash.com/photo-1544717305-2782549b5136?w=800&auto=format&fit=crop&q=80
4513,Shirdi Sai Baba Temple,Maharashtra,attraction,19.0432,74.6736,budget,4.9,27169,"A prominent temple destination in Ahilyanagar district showcasing Maharashtra's rich historical, cultural, and ecological heritage.",Oct-Mar,https://images.unsplash.com/photo-1518709268805-4e9042af9f23?w=800&auto=format&fit=crop&q=80
4514,Shirdi,Maharashtra,attraction,19.0692,74.7116,budget,4.9,27983,"A prominent temple destination in Ahilyanagar district showcasing Maharashtra's rich historical, cultural, and ecological heritage.",Oct-Feb,https://images.unsplash.com/photo-1567157577867-05ccb1388e66?w=800&auto=format&fit=crop&q=80
4515,Shani Shingnapur Temple,Maharashtra,attraction,19.0952,74.7496,budget,4.4,20897,"A prominent temple destination in Ahilyanagar district showcasing Maharashtra's rich historical, cultural, and ecological heritage.",Oct-Mar,https://images.unsplash.com/photo-1567157577867-05ccb1388e66?w=800&auto=format&fit=crop&q=80
4516,Ahmednagar Fort,Maharashtra,attraction,19.1212,74.7876,mid,4.9,8619,"A prominent fort destination in Ahilyanagar district showcasing Maharashtra's rich historical, cultural, and ecological heritage.",Oct-Feb,https://images.unsplash.com/photo-1590766940554-634a7ed41450?w=800&auto=format&fit=crop&q=80
4517,Amruteshwar Temple,Maharashtra,attraction,19.0512,74.7776,budget,4.7,29471,"A prominent temple destination in Ahilyanagar district showcasing Maharashtra's rich historical, cultural, and ecological heritage.",Oct-Mar,https://images.unsplash.com/photo-1590050752117-238cb0fb12b1?w=800&auto=format&fit=crop&q=80
4518,Harishchandragad,Maharashtra,attraction,19.1032,74.6536,budget,4.8,12180,"A prominent fort destination in Ahilyanagar district showcasing Maharashtra's rich historical, cultural, and ecological heritage.",Oct-Feb,https://images.unsplash.com/photo-1621847468516-1ed5d0df56fe?w=800&auto=format&fit=crop&q=80
4519,Kedareshwar Cave,Maharashtra,attraction,19.1292,74.6916,budget,4.8,7620,"A cliff face that curves concave like an amphitheater, alongside an ancient temple housing a massive Shiva lingam surrounded by waist-deep icy water.",Oct-Feb,https://images.unsplash.com/photo-1509316975850-ff9c5deb0cd9?w=800&auto=format&fit=crop&q=80
4520,Agasti Ashram,Maharashtra,attraction,19.0672,74.7856,budget,4.6,21539,"A prominent temple destination in Ahilyanagar district showcasing Maharashtra's rich historical, cultural, and ecological heritage.",Oct-Feb,https://images.unsplash.com/photo-1609766857041-ed402ea8069a?w=800&auto=format&fit=crop&q=80
4521,Agastya Temple Akole,Maharashtra,attraction,19.0932,74.8236,budget,4.4,14207,"A prominent temple destination in Ahilyanagar district showcasing Maharashtra's rich historical, cultural, and ecological heritage.",Oct-Mar,https://images.unsplash.com/photo-1621847468516-1ed5d0df56fe?w=800&auto=format&fit=crop&q=80
4522,Ambagarh Fort,Maharashtra,attraction,21.1254,79.5568,mid,4.4,5256,"A prominent fort destination in Bhandara district showcasing Maharashtra's rich historical, cultural, and ecological heritage.",Oct-Feb,https://images.unsplash.com/photo-1599661046289-e31897846e41?w=800&auto=format&fit=crop&q=80
4523,Chandpur Temple,Maharashtra,attraction,21.2294,79.7088,budget,4.9,12405,"A prominent temple destination in Bhandara district showcasing Maharashtra's rich historical, cultural, and ecological heritage.",Oct-Mar,https://images.unsplash.com/photo-1609766857041-ed402ea8069a?w=800&auto=format&fit=crop&q=80
4524,Chandrapur Fort,Maharashtra,attraction,19.9915,79.3861,mid,4.9,21918,"A prominent fort destination in Chandrapur district showcasing Maharashtra's rich historical, cultural, and ecological heritage.",Oct-Feb,https://images.unsplash.com/photo-1590766940554-634a7ed41450?w=800&auto=format&fit=crop&q=80
4525,Mahakali Temple,Maharashtra,attraction,20.0175,79.2241,budget,4.4,7654,"A prominent temple destination in Chandrapur district showcasing Maharashtra's rich historical, cultural, and ecological heritage.",Oct-Mar,https://images.unsplash.com/photo-1544717305-2782549b5136?w=800&auto=format&fit=crop&q=80
4526,Anchaleshwar Temple,Maharashtra,attraction,20.0435,79.2621,budget,4.9,27404,"A prominent temple destination in Chandrapur district showcasing Maharashtra's rich historical, cultural, and ecological heritage.",Oct-Mar,https://images.unsplash.com/photo-1518709268805-4e9042af9f23?w=800&auto=format&fit=crop&q=80
4527,Ballarpur Fort,Maharashtra,attraction,19.8695,79.3001,mid,4.9,25570,"A prominent fort destination in Chandrapur district showcasing Maharashtra's rich historical, cultural, and ecological heritage.",Oct-Feb,https://images.unsplash.com/photo-1599661046289-e31897846e41?w=800&auto=format&fit=crop&q=80
4528,Manikgarh Fort,Maharashtra,attraction,20.0255,79.3281,mid,4.8,6799,"A forgotten 9th-century Gond fortress swallowed by dense forest, complete with crumbling stone bastions and animal trails.",Oct-Feb,https://images.unsplash.com/photo-1590766940554-634a7ed41450?w=800&auto=format&fit=crop&q=80
4529,Somnath Temple Chandrapur,Maharashtra,attraction,19.9555,79.3181,budget,4.8,18476,"A prominent temple destination in Chandrapur district showcasing Maharashtra's rich historical, cultural, and ecological heritage.",Oct-Mar,https://images.unsplash.com/photo-1609766857041-ed402ea8069a?w=800&auto=format&fit=crop&q=80
4530,Chapral Temple,Maharashtra,attraction,20.2829,79.9688,budget,4.5,8964,"A prominent temple destination in Gadchiroli district showcasing Maharashtra's rich historical, cultural, and ecological heritage.",Oct-Mar,https://images.unsplash.com/photo-1567157577867-05ccb1388e66?w=800&auto=format&fit=crop&q=80
4531,Markanda Temple,Maharashtra,attraction,20.1349,80.0448,budget,4.8,18120,"A prominent temple destination in Gadchiroli district showcasing Maharashtra's rich historical, cultural, and ecological heritage.",Oct-Mar,https://images.unsplash.com/photo-1544717305-2782549b5136?w=800&auto=format&fit=crop&q=80
4532,Aheri Fort,Maharashtra,attraction,20.1509,80.0528,mid,4.9,27804,"A prominent fort destination in Gadchiroli district showcasing Maharashtra's rich historical, cultural, and ecological heritage.",Oct-Feb,https://images.unsplash.com/photo-1585123388867-3bfe6dd4bdbf?w=800&auto=format&fit=crop&q=80
4533,Pratapgarh Fort Gondia,Maharashtra,attraction,21.5124,80.2721,mid,4.8,22154,"A prominent fort destination in Gondia district showcasing Maharashtra's rich historical, cultural, and ecological heritage.",Oct-Feb,https://images.unsplash.com/photo-1590766940554-634a7ed41450?w=800&auto=format&fit=crop&q=80
4534,Darekasa Caves,Maharashtra,attraction,21.4164,80.2241,budget,4.9,22546,"A prominent cave destination in Gondia district showcasing Maharashtra's rich historical, cultural, and ecological heritage.",Oct-Feb,https://images.unsplash.com/photo-1518709268805-4e9042af9f23?w=800&auto=format&fit=crop&q=80
4535,Sitabuldi Fort,Maharashtra,attraction,21.1878,79.1342,mid,4.4,16284,"A prominent fort destination in Nagpur district showcasing Maharashtra's rich historical, cultural, and ecological heritage.",Oct-Feb,https://images.unsplash.com/photo-1599661046289-e31897846e41?w=800&auto=format&fit=crop&q=80
4536,Telankhedi Hanuman Temple,Maharashtra,attraction,21.0738,79.1522,budget,4.8,13844,"A prominent temple destination in Nagpur district showcasing Maharashtra's rich historical, cultural, and ecological heritage.",Oct-Mar,https://images.unsplash.com/photo-1609766857041-ed402ea8069a?w=800&auto=format&fit=crop&q=80
4537,Tekdi Ganpati Temple,Maharashtra,attraction,21.1258,79.0282,budget,4.9,14435,"A prominent temple destination in Nagpur district showcasing Maharashtra's rich historical, cultural, and ecological heritage.",Oct-Mar,https://images.unsplash.com/photo-1590050752117-238cb0fb12b1?w=800&auto=format&fit=crop&q=80
4538,Dragon Palace Temple,Maharashtra,attraction,21.1518,79.0662,mid,4.5,21963,"A prominent temple destination in Nagpur district showcasing Maharashtra's rich historical, cultural, and ecological heritage.",Oct-Mar,https://images.unsplash.com/photo-1608889825103-eb5ed706fc64?w=800&auto=format&fit=crop&q=80
4539,Koradi Temple,Maharashtra,attraction,21.0638,79.1222,budget,4.4,6866,"A prominent temple destination in Nagpur district showcasing Maharashtra's rich historical, cultural, and ecological heritage.",Oct-Mar,https://images.unsplash.com/photo-1621847468516-1ed5d0df56fe?w=800&auto=format&fit=crop&q=80
4540,Ramtek Fort,Maharashtra,attraction,21.1158,78.9982,mid,4.9,22120,"A prominent fort destination in Nagpur district showcasing Maharashtra's rich historical, cultural, and ecological heritage.",Oct-Feb,https://images.unsplash.com/photo-1585123388867-3bfe6dd4bdbf?w=800&auto=format&fit=crop&q=80
4541,Ramtek Temple,Maharashtra,attraction,21.1418,79.0362,budget,4.8,23436,"A prominent temple destination in Nagpur district showcasing Maharashtra's rich historical, cultural, and ecological heritage.",Oct-Mar,https://images.unsplash.com/photo-1582510003544-4d00b7f74220?w=800&auto=format&fit=crop&q=80
4542,Vinoba Bhave Paramdham Ashram,Maharashtra,attraction,20.7753,78.6922,budget,4.7,9906,"A prominent temple destination in Wardha district showcasing Maharashtra's rich historical, cultural, and ecological heritage.",Oct-Feb,https://images.unsplash.com/photo-1567157577867-05ccb1388e66?w=800&auto=format&fit=crop&q=80
4543,Pavnar Ashram,Maharashtra,attraction,20.8013,78.5302,budget,4.5,24187,"A prominent temple destination in Wardha district showcasing Maharashtra's rich historical, cultural, and ecological heritage.",Oct-Feb,https://images.unsplash.com/photo-1621847468516-1ed5d0df56fe?w=800&auto=format&fit=crop&q=80
4544,Laxmi Narayan Temple,Maharashtra,attraction,20.8273,78.5682,budget,4.7,13634,"A prominent temple destination in Wardha district showcasing Maharashtra's rich historical, cultural, and ecological heritage.",Oct-Mar,https://images.unsplash.com/photo-1567157577867-05ccb1388e66?w=800&auto=format&fit=crop&q=80
4545,Gitai Mandir,Maharashtra,attraction,20.6533,78.6062,budget,4.9,10892,"A prominent temple destination in Wardha district showcasing Maharashtra's rich historical, cultural, and ecological heritage.",Oct-Feb,https://images.unsplash.com/photo-1609766857041-ed402ea8069a?w=800&auto=format&fit=crop&q=80
4546,Bor Wildlife Sanctuary,Maharashtra,attraction,20.7573,78.5582,budget,4.4,2689,"India’s smallest tiger reserve, offering intimate, uncrowded safari trails and quiet reservoir shorelines.",Oct-Feb,https://images.unsplash.com/photo-1534188753412-3e26d0d618d6?w=800&auto=format&fit=crop&q=80
4547,Shri Saibaba Sansthan Temple Shirdi,Maharashtra,attraction,19.766667,74.476389,budget,4.9,27643,"The sacred samadhi temple of the revered 19th-century saint Sai Baba, who preached universal oneness ('Sabka Malik Ek'), housing his Italian white marble murti and holy samadhi, attracting millions of devotees worldwide.",Oct-Mar,https://images.unsplash.com/photo-1567157577867-05ccb1388e66?w=800&auto=format&fit=crop&q=80
4548,Ahmednagar Fort & Leaders Prison,Maharashtra,attraction,19.094444,74.755556,mid,4.7,5402,"Constructed in 1490 by Ahmad Nizam Shah I and rebuilt in stone in 1559, a massive oval fortress protected by 22 semicircular bastions and a deep 30-foot water moat, renowned as the prison where Jawaharlal Nehru, Sardar Patel, and Maulana Azad were detained during the 1942 Quit India movement and where Nehru penned 'The Discovery of India'.",Oct-Feb,https://images.unsplash.com/photo-1599661046289-e31897846e41?w=800&auto=format&fit=crop&q=80
4549,Bhandardara,Maharashtra,attraction,19.55513,73.75584,budget,4.5,3516,"Bhandardara, nestled in the Sahyadri mountain ranges of Maharashtra, is a charming hill station surrounded by lush green forests, hills, and sparkling lakes. The region is steeped in history, with the Bhandardara Lake being a significant source of hydroelectric power for the state. With its serene ambiance, picturesque landscapes, and abundance of wildlife, Bhandardara is a haven for nature lovers and photographers. Visitors can immerse themselves in the local culture by exploring the nearby villages, trying authentic Maharashtrian cuisine, and participating in outdoor activities like hiking, bird watching, and camping. The hill station is also home to several ancient temples, including the Bhandardara Lake's source, the Arthur Lake, and the Wilson Dam, which offer breathtaking views and a chance to connect with the region's spiritual heritage.",Oct-Feb,https://images.unsplash.com/photo-1518709268805-4e9042af9f23?w=800&auto=format&fit=crop&q=80
4550,Cavalry Tank Museum Ahmednagar,Maharashtra,attraction,19.07,74.72,mid,4.9,29335,"Inaugurated in 1994 by the Armoured Corps Centre and School (ACC&S) of the Indian Army, the only specialized tank museum in Asia, displaying over 50 vintage tanks and armored fighting vehicles spanning from World War I British Mark-series to Sherman, Centurion, Vijayanta, and captured Pakistani Patton tanks from the 1965 and 1971 wars.",Oct-Mar,https://images.unsplash.com/photo-1544531586-fde5298cdd40?w=800&auto=format&fit=crop&q=80
4551,Harishchandragad Fort & Konkan Kada,Maharashtra,attraction,19.383333,73.783333,mid,4.9,6598,"A legendary hill fortress dating back to the 6th century in the Kalsubai Harishchandragad Wildlife Sanctuary, world-famous for 'Konkan Kada', a breathtaking semi-circular concave cliff plunging vertically 1,800 feet into the Konkan plains, the 11th-century Harishchhandreshwar Temple, and the water-filled Kedareshwar Cave.",Oct-Feb,https://images.unsplash.com/photo-1585123388867-3bfe6dd4bdbf?w=800&auto=format&fit=crop&q=80
4552,Kalsubai Peak (Everest of Maharashtra),Maharashtra,attraction,19.6,73.716667,budget,4.9,14225,"Towering to 5,400 feet (1,646 m) in the Western Ghats within the Kalsubai Harishchandragad Wildlife Sanctuary, recognized as the 'Everest of Maharashtra', featuring steel ladder-assisted trekking paths, blooming wildflowers, and a small summit temple dedicated to local deity Kalsubai.",Oct-Feb,https://images.unsplash.com/photo-1519681393784-d120267933ba?w=800&auto=format&fit=crop&q=80
4553,Kedareshwar Cave Temple Harishchandragad,Maharashtra,attraction,19.383333,73.783333,budget,4.8,24892,"Nestled beneath the plateau of Harishchandragad fort, an extraordinary rock-cut cave temple holding a massive five-foot Shiva Lingam submerged waist-deep in ice-cold spring water, supported by four colossal stone pillars symbolizing the four cosmic yugas (Satya, Treta, Dvapara, and Kali), of which three have naturally collapsed and only one stands intact.",Oct-Mar,https://images.unsplash.com/photo-1609766857041-ed402ea8069a?w=800&auto=format&fit=crop&q=80
4554,Mula Dam Rahuri (Dnyaneshwar Sagar),Maharashtra,attraction,19.366667,74.6,budget,4.7,9137,"Constructed on the Mula River near Rahuri, an impressive 48-meter-high earthfill and gravity dam creating the vast Dnyaneshwar Sagar reservoir, featuring a beautiful landscaped garden below the dam wall, boating facilities, and scenic panoramic views over the green agricultural belt of the Mahatma Phule Krishi Vidyapeeth.",Oct-Feb,https://images.unsplash.com/photo-1501785888041-af3ef285b470?w=800&auto=format&fit=crop&q=80
4555,Ratangad Fort (Jewel of the Sahyadris),Maharashtra,attraction,19.516667,73.683333,mid,4.6,18806,"Rising 4,255 feet overlooking the pristine blue waters of Lake Arthur in Bhandardara, celebrated as the 'Jewel of the Sahyadris' (Ratangad), an ancient 400-year-old fort captured by Shivaji Maharaj, world-famous for its natural wind-carved geological rock perforation known as 'Nedhe' (Eye of the Needle) through which one can look down into the valley.",Oct-Feb,https://images.unsplash.com/photo-1585123388867-3bfe6dd4bdbf?w=800&auto=format&fit=crop&q=80
4556,Rehekuri Blackbuck Sanctuary,Maharashtra,attraction,18.983333,74.966667,budget,4.6,5889,"Established in 1980 across 2.17 square kilometers of dry thorny scrubland and savanna grasslands in Ahmednagar district, a vital conservation sanctuary dedicated to protecting the majestic Indian Blackbuck (Antilope cervicapra), home to over 400 blackbucks, chinkaras (Indian gazelles), and rare grassland birds.",Oct-Feb,https://images.unsplash.com/photo-1549366021-9f761d450615?w=800&auto=format&fit=crop&q=80
4557,Sandhan Valley,Maharashtra,attraction,19.51362,73.68634,budget,4.0,1332,"A 200-foot-deep, narrow rock canyon carved by water over millennia, where sunbeams rarely hit the floor.",Oct-Feb,https://images.unsplash.com/photo-1441974231531-c6227db76b6e?w=800&auto=format&fit=crop&q=80
4558,Shani Shingnapur,Maharashtra,attraction,19.4,74.816667,budget,4.5,6133,"A unique village in Ahmednagar district internationally renowned for having no doors or locks on any houses, shops, or even banks due to an unwavering belief that Lord Shani protects the village from theft, centered around a 5.5-foot black stone slab idol of Lord Shani standing in an open-air platform.",Oct-Feb,https://images.unsplash.com/photo-1567157577867-05ccb1388e66?w=800&auto=format&fit=crop&q=80
4559,Siddhivinayak Temple Siddhatek,Maharashtra,attraction,18.358333,74.883333,budget,4.7,19287,"Perched on a hillock on the northern banks of the holy Bhima River, the second shrine of the Ashtavinayak circuit, built by Ahilyabai Holkar, enshrining the only Ashtavinayak idol with its trunk turned to the right (Siddhi-Vinayak), considered spiritually powerful.",Oct-Mar,https://images.unsplash.com/photo-1582510003544-4d00b7f74220?w=800&auto=format&fit=crop&q=80
4560,Narnala Fort & Shahnur Forest,Maharashtra,attraction,21.24,77.03,mid,4.4,666,"Sprawling across 362 acres at an altitude of 3,161 feet in the Melghat forest ranges near Akot, a triple-fortress complex (Narnala, Jafarabad, and Teliagarh) built by Sultan Mahmud Shah Bahmani in 1487, internationally celebrated for the ornate white-sandstone Shahnur Mahakali Gateway adorned with delicate Arabic inscriptions, lotus rosettes, and stone jalis.",Oct-Feb,https://images.unsplash.com/photo-1585123388867-3bfe6dd4bdbf?w=800&auto=format&fit=crop&q=80
4561,Patur Caves,Maharashtra,attraction,20.45,76.933333,budget,4.5,1529,"Carved into a hill slope near Patur town in Akola district, two ancient rock-cut caves dating back to the 3rd and 4th centuries CE, featuring rock-cut residential cells, pillared verandas, ancient Sanskrit and Prakrit inscriptions, and shrines dedicated to Shah Babu Dargah and Lord Shiva.",Oct-Feb,https://images.unsplash.com/photo-1509316975850-ff9c5deb0cd9?w=800&auto=format&fit=crop&q=80
4562,Chikhaldara,Maharashtra,attraction,21.4764,77.27578,budget,4.5,8392,"Chikhaldara, nestled in the Amravati district of Maharashtra, is a hidden gem that boasts breathtaking landscapes, rich biodiversity, and a plethora of adventure activities. This hill station, situated at an altitude of 1,088 meters, is the only coffee-growing region in Maharashtra and is home to numerous plantations, dense forests, and a variety of wildlife. The region's rich history dates back to the Megalithic era, with numerous archaeological sites and monuments, including the famous Gavilgarh Fort and the Narnala Fort, showcasing its cultural significance. As a trekker's paradise, Chikhaldara offers numerous trails, ranging from easy to challenging, that cater to all levels of experience and provide breathtaking views of the surrounding landscape.",Oct-Feb,https://images.unsplash.com/photo-1567157577867-05ccb1388e66?w=800&auto=format&fit=crop&q=80
4563,Melghat Tiger Reserve & Gugamal National Park,Maharashtra,attraction,21.433333,77.25,budget,4.4,15093,"Spanning 2,768 square kilometers across the southern offshoots of the Satpura mountain range (Gawilgarh hills) along the Tapti River, one of India's original nine Project Tiger reserves declared in 1973, famous for steep cliffs, dry deciduous teak forests, Royal Bengal tigers, sloth bears, and the critically endangered Forest Owlet.",Oct-Mar,https://images.unsplash.com/photo-1534188753412-3e26d0d618d6?w=800&auto=format&fit=crop&q=80
4564,Upper Wardha Dam (Nal Damyanti Sagar),Maharashtra,attraction,21.266667,78.083333,budget,4.6,7838,"Constructed on the Wardha River near Morshi in Amravati district, a massive composite earthfill and gravity dam rising 46 meters with a length of 5,920 meters, creating the expansive Nal Damyanti Sagar reservoir named after the legendary mythological lovers King Nala and Queen Damayanti who ruled the ancient Vidarbha kingdom.",Oct-Feb,https://images.unsplash.com/photo-1501785888041-af3ef285b470?w=800&auto=format&fit=crop&q=80
4565,Kapildhar Falls & Manmath Swami Samadhi,Maharashtra,attraction,19.016667,75.833333,budget,4.0,283,"Situated in a scenic mountain valley 30 km from Beed, a picturesque seasonal waterfall cascading down 150 feet into a natural rock pool, famous as the sacred hermitage and samadhi shrine of the 13th-century Lingayat saint Manmath Swami, featuring an ancient Hemadpanthi temple and annual Kartik Purnima fair.",Oct-Feb,https://images.unsplash.com/photo-1518457607834-6e8d80c183c5?w=800&auto=format&fit=crop&q=80
4566,Parli Vaijnath Jyotirlinga,Maharashtra,attraction,18.85,76.533333,budget,4.7,9931,"Perched on a small hillock in Beed district, the fifth sacred Jyotirlinga shrine of Lord Shiva as Vaidyanath (the Divine Physician), renovated in stone by Queen Ahilyabai Holkar, surrounded by medicinal plants and featuring a monumental stone staircase and deepstambhas.",Oct-Feb,https://images.unsplash.com/photo-1582510003544-4d00b7f74220?w=800&auto=format&fit=crop&q=80
4567,Sautada Waterfall (Rameshwar Waterfall),Maharashtra,attraction,18.916667,75.15,budget,4.7,6407,"Plunging 150 feet down a rugged rocky ravine into a deep natural gorge on the border of Beed and Ahmednagar districts, a roaring seasonal waterfall centered around the ancient Hemadpanthi temple of Lord Rameshwar where Lord Rama is believed to have stopped during his journey south.",Jul-Oct,https://images.unsplash.com/photo-1432405972618-c60b0225b8f9?w=800&auto=format&fit=crop&q=80
4568,Yogeshwari Temple Ambajogai,Maharashtra,attraction,18.733333,76.383333,budget,4.7,22736,"Constructed in the 10th-11th century CE during the Yadava dynasty, an exceptionally revered temple dedicated to Goddess Yogeshwari (an incarnation of Durga), revered across Maharashtra as the family deity (Kuldevi) of Chitpavan Konkanastha Brahmins, featuring intricate stone carvings, the samadhi of Marathi literature pioneer Sant Mukundraj, and the poet Kavi Dasopant.",Oct-Mar,https://images.unsplash.com/photo-1590050752117-238cb0fb12b1?w=800&auto=format&fit=crop&q=80
4569,Ambagarh Fort Bhandara,Maharashtra,attraction,21.466667,79.666667,mid,4.5,1828,"Perched on a forested hill crest in Tumsar taluka, constructed around 1700 CE by Gond Raja Raja Khan of Devgarh and later captured by the Bhonsles of Nagpur who used it as a prison fortress, featuring thick laterite ramparts, deep stepwells, a subterranean tunnel, and ancient temples of Lord Shiva and Hanuman.",Oct-Feb,https://images.unsplash.com/photo-1599661046289-e31897846e41?w=800&auto=format&fit=crop&q=80
4570,Koka Wildlife Sanctuary Bhandara,Maharashtra,attraction,21.283333,79.8,budget,4.2,1598,"Notified in 2013 across 100 square kilometers of dense teak and bamboo forest in Bhandara district, a critical ecological stepping-stone corridor connecting Nagzira and Navegaon National Parks, sheltering Royal Bengal tigers, leopards, wild dogs (dholes), sloth bears, and seasonal migratory waterbirds on natural woodland lakes.",Oct-Feb,https://images.unsplash.com/photo-1551969014-7d2c4cddf0b6?w=800&auto=format&fit=crop&q=80
4571,Nagzira Wildlife Sanctuary,Maharashtra,attraction,21.283333,80.05,budget,4.4,13524,"Nestled in the lush hills of the Bhandara and Gondia districts, a tranquil 152-square-kilometer wildlife sanctuary centered on the shimmering Nagzira Lake, featuring diverse flora, Royal Bengal tigers, leopards, dholes, sambar, and over 160 species of birds.",Oct-Feb,https://images.unsplash.com/photo-1575550959106-5a7defe28b56?w=800&auto=format&fit=crop&q=80
4572,Pauni Fort & Wainganga Ghats,Maharashtra,attraction,20.783333,79.633333,mid,3.9,1173,"Surrounded on three sides by the holy Wainganga River, celebrated as the 'Kashi of Vidarbha' for its countless temples, featuring massive medieval stone city walls with defensive moats built by the Bhonsle rulers, and an internationally famous 3rd-century BCE Ashokan Buddhist stupa complex excavated at Jagannath mound.",Oct-Mar,https://images.unsplash.com/photo-1561361513-2d000a50f0dc?w=800&auto=format&fit=crop&q=80
4573,Dnyanganga Wildlife Sanctuary Buldhana,Maharashtra,attraction,20.666667,76.416667,budget,4.4,2246,"Encompassing 205 square kilometers in Buldhana district around the scenic Dnyanganga and Palashi irrigation reservoirs, a dense southern dry deciduous forest sanctuary famous internationally as the transit territory of the legendary traveling tiger 'Walker' (C1) who walked 3,000 km across Maharashtra, home to leopards, sloth bears, chinkaras, and over 150 species of birds.",Oct-Feb,https://images.unsplash.com/photo-1551969014-7d2c4cddf0b6?w=800&auto=format&fit=crop&q=80
4574,Lonar Crater,Maharashtra,attraction,19.97445,76.49755,budget,4.1,410,"Lonar Crater, situated in the Buldhana district of Maharashtra, is a fascinating village that boasts a unique blend of natural beauty, cultural heritage, and scientific significance. This quaint village is home to the iconic Lonar Crater, a massive impact crater formed around 52,000 years ago, resulting from a meteorite collision. The crater, approximately 1.8 kilometers in diameter and 150 meters deep, is now a tranquil lake, surrounded by dense forests and rolling hills. As visitors explore the area, they can immerse themselves in the local culture, savoring the traditional cuisine, interacting with the friendly villagers, and unraveling the mysteries of this extraordinary natural phenomenon. The region's diverse landscape, comprising forests, grasslands, and wetlands, supports an incredible array of flora and fauna, making it a paradise for nature enthusiasts, bird watchers, and photographers.",Oct-Feb,https://images.unsplash.com/photo-1544717305-2782549b5136?w=800&auto=format&fit=crop&q=80
4575,Shegaon Shri Gajanan Maharaj Sansthan,Maharashtra,attraction,20.793333,76.693333,budget,4.8,7404,"The sacred seat and samadhi of the revered 19th-century saint Shri Gajanan Maharaj, celebrated across India for its spotless cleanliness, clockwork administrative discipline, free community food (Maha-Prasad), and the adjacent 350-acre spiritual theme park Anand Sagar.",Oct-Feb,https://images.unsplash.com/photo-1544717305-2782549b5136?w=800&auto=format&fit=crop&q=80
4576,Sindkhed Raja (Birthplace Palace of Rajmata Jijabai),Maharashtra,attraction,19.966667,76.133333,mid,4.9,11976,"The ancestral royal seat of Sardar Lakhujirao Jadhav in Buldhana district, immortalized in Indian history as the birthplace of Rajmata Jijabai (mother and mentor of Chhatrapati Shivaji Maharaj, born 12 January 1598), featuring the royal Palace of Lakhujirao Jadhav with grand wooden pillars, the underground Nilkantheshwar Temple, and the Rang Mahal.",Oct-Feb,https://images.unsplash.com/photo-1608889825103-eb5ed706fc64?w=800&auto=format&fit=crop&q=80
4577,Anandwan Warora (Baba Amte's Sanctuary),Maharashtra,attraction,20.233333,79.0,budget,4.5,6062,"Founded in 1949 by legendary humanitarian Baba Amte in Warora, an inspiring 200-acre self-sustaining community and rehabilitation sanctuary for leprosy survivors and persons with disabilities, celebrated globally for turning marginalized lives into dignified farmers, weavers, musicians, and craftsmen.",Oct-Feb,https://images.unsplash.com/photo-1575550959106-5a7defe28b56?w=800&auto=format&fit=crop&q=80
4578,Gond Raja Fort Chandrapur,Maharashtra,attraction,19.95,79.3,mid,4.5,13522,"Constructed in the 13th century by Gond King Khandkya Ballal Sah on the confluence of the Zarpat and Irai Rivers, the fortified royal capital of the Chandrapur Gond Kingdom, featuring an intact 12-kilometer long continuous stone rampart wall with 4 magnificent entry gates (Jatpura, Pathanpura, Binba, and Anchaleshwar Gates).",Oct-Feb,https://images.unsplash.com/photo-1590766940554-634a7ed41450?w=800&auto=format&fit=crop&q=80
4579,Tadoba Andhari Tiger Reserve,Maharashtra,attraction,20.26,79.37,budget,4.8,9674,"Spanning 1,727 square kilometers of dense dry deciduous teak, bamboo, and palas forest centered around Tadoba Lake and the Andhari River, celebrated as one of India's most successful tiger habitats with exceptionally high Royal Bengal tiger sighting probabilities.",Oct-Feb,https://images.unsplash.com/photo-1534188753412-3e26d0d618d6?w=800&auto=format&fit=crop&q=80
4580,Ajanta and Ellora Caves,Maharashtra,attraction,20.026389,75.179167,budget,4.4,16799,"UNESCO World Heritage rock-cut monuments dating from the 2nd century BCE to the 10th century CE, featuring 30 Buddhist cave murals at Ajanta depicting Jataka tales, and 34 multi-religious caves at Ellora crowned by the monumental Kailasa Temple.",Oct-Feb,https://images.unsplash.com/photo-1518709268805-4e9042af9f23?w=800&auto=format&fit=crop&q=80
4581,Bibi Ka Maqbara (Taj of the Deccan),Maharashtra,attraction,19.901389,75.320278,budget,4.9,19243,"Commissioned in 1668 by Prince Azam Shah in memory of his mother Rabia-ud-Daurani (Dilras Banu Begum), chief consort of Mughal Emperor Aurangzeb, celebrated as the 'Taj of the Deccan' (Dakkhani Taj) for its striking architectural resemblance to the Agra Taj Mahal, set within charbagh Mughal gardens with reflective pools and marble screens.",Oct-Feb,https://images.unsplash.com/photo-1621847468516-1ed5d0df56fe?w=800&auto=format&fit=crop&q=80
4582,Grishneshwar Jyotirlinga Temple,Maharashtra,attraction,20.024722,75.170833,budget,4.9,22755,"Located less than a kilometer from the UNESCO Ellora Caves, the twelfth and final Jyotirlinga shrine of Lord Shiva mentioned in the Shiva Purana, rebuilt in the 18th century by Maharani Ahilyabai Holkar using red basalt stone, featuring a five-tiered South Indian style shikhara and intricately carved pillars.",Oct-Mar,https://images.unsplash.com/photo-1544717305-2782549b5136?w=800&auto=format&fit=crop&q=80
4583,Jayakwadi Dam & Bird Sanctuary Paithan,Maharashtra,attraction,19.483333,75.383333,budget,4.6,25506,"Constructed across the holy Godavari River at Paithan, one of the largest earthen dams in Asia (Nath Sagar reservoir), spanning over 350 square kilometers of backwaters that shelter over 200 species of migratory birds (Jayakwadi Bird Sanctuary), bordered by the sprawling Dnyaneshwar Udyan Mughal garden modeled on Mysore's Brindavan Gardens.",Oct-Feb,https://images.unsplash.com/photo-1544644181-1484b3fdfc62?w=800&auto=format&fit=crop&q=80
4584,Mhaismal Hill Station & Girija Bhavani Temple,Maharashtra,attraction,20.083333,75.183333,budget,4.6,3708,"Perched at 3,500 feet in the Sahyadri spur near Khuldabad, an unspoiled hill station celebrated as the 'Mahabaleshwar of Marathwada' for its lush green plateau, cool breezy climate, ancient temple of Girija Bhavani Mata, and a Balaji temple modeled on Tirupati.",Oct-Mar,https://images.unsplash.com/photo-1464822759023-fed622ff2c3b?w=800&auto=format&fit=crop&q=80
4585,Panchakki Medieval Water Mill,Maharashtra,attraction,19.896667,75.316667,budget,4.8,10909,"Constructed in 1695 adjacent to the dargah complex of Sufi saint Baba Shah Musafir, an ingenious medieval water mill that used underground clay earthen pipes to bring spring water from 8 kilometers away to power a millstone that ground grain for pilgrims and orphans without electric power.",Oct-Feb,https://images.unsplash.com/photo-1567157577867-05ccb1388e66?w=800&auto=format&fit=crop&q=80
4586,Pitalkhora Caves,Maharashtra,attraction,20.3,75.016667,budget,4.1,596,"Hidden deep within a remote rugged gorge of the Satmala range in Gautala Wildlife Sanctuary, a group of 14 Buddhist rock-cut caves predating even Ajanta (dating to 250 BCE), famous for rare elephant row plinths, Yaksha guardian statues, and an entrance waterfall.",Oct-Feb,https://images.unsplash.com/photo-1544644181-1484b3fdfc62?w=800&auto=format&fit=crop&q=80
4587,Dharashiv Caves,Maharashtra,attraction,18.233333,76.05,budget,4.2,1020,A set of seven peaceful rock-cut Buddhist and Jain cave shrines dating back to the 5th–8th centuries carved into the hills outside town.,Oct-Feb,https://images.unsplash.com/photo-1509316975850-ff9c5deb0cd9?w=800&auto=format&fit=crop&q=80
4588,Naldurg Fort & Pani Mahal,Maharashtra,attraction,17.816667,76.3,mid,4.9,28148,"Sprawling across 3 square kilometers on the Bori River, one of the largest land forts in the Deccan, famous for the engineering marvel of 'Pani Mahal' (Water Pavilion) built by Ali Adil Shah I in 1613 inside a massive basalt dam, where floodwaters cascade over the roof of the royal pleasure chamber during high reservoir levels.",Oct-Feb,https://images.unsplash.com/photo-1590766940554-634a7ed41450?w=800&auto=format&fit=crop&q=80
4589,Tuljapur Bhavani Temple,Maharashtra,attraction,18.01,76.07,budget,4.8,24774,"Located on Yamunachala hill, one of the 51 sacred Shakti Peethas and the patron deity (Kulswamini) of the Bhonsle dynasty who gave the divine Bhavani sword to Chhatrapati Shivaji Maharaj, featuring an 8-armed monolithic black stone murti and holy teerthams.",Oct-Mar,https://images.unsplash.com/photo-1544717305-2782549b5136?w=800&auto=format&fit=crop&q=80
4590,Laling Fort Dhule,Maharashtra,attraction,20.816667,74.766667,mid,3.9,397,"Constructed in the 14th century by Malik Raja of the Farooqi Sultanate of Khandesh on a 1,600-foot volcanic rocky hill along National Highway 52, a strategic bastion guarding the trade routes between the Deccan and Malwa, featuring crumbling stone battlements, deep rock-cut water cisterns, and the ancient Hemadpanthi temple of Laling Mata.",Oct-Feb,https://images.unsplash.com/photo-1599661046289-e31897846e41?w=800&auto=format&fit=crop&q=80
4591,Markandeshwar Temple Chamorshi,Maharashtra,attraction,19.983333,79.883333,budget,4.6,5666,"Perched on the northern banks of the sacred Wainganga River at Chamorshi, an exquisite 8th-century temple complex dedicated to Lord Shiva and Sage Markandeya, famed across India as the 'Khajuraho of Vidarbha' for its intricate sandstone bas-reliefs, celestial apsaras, and shikhara architecture.",Oct-Mar,https://images.unsplash.com/photo-1518709268805-4e9042af9f23?w=800&auto=format&fit=crop&q=80
4592,Hazra Falls Salekasa Gondia,Maharashtra,attraction,21.316667,80.516667,budget,4.1,506,"Tucked away in the dense sal and bamboo forests of the Salekasa hills near Darekasa on the Maharashtra-Chhattisgarh border, a breathtaking multi-tiered natural waterfall cascading down volcanic rock formations into natural plunge pools, celebrated as a paradise for eco-campers and hikers.",Oct-Feb,https://images.unsplash.com/photo-1432405972618-c60b0225b8f9?w=800&auto=format&fit=crop&q=80
4593,Kachargadh Caves,Maharashtra,attraction,21.283333,80.516667,budget,4.1,892,"A 50-million-year-old natural limestone cave system in the dense forests of Salekasa, reverently maintained as a sacred pilgrimage ground by the Gond community.",Oct-Feb,https://images.unsplash.com/photo-1518709268805-4e9042af9f23?w=800&auto=format&fit=crop&q=80
4594,Navegaon National Park & Bird Sanctuary,Maharashtra,attraction,20.916667,80.166667,budget,4.6,18068,"Encompassing 134 square kilometers centered around the picturesque 18th-century Navegaon Lake built by Kolu Patel Kohli, home to nearly 60% of all bird species recorded in Maharashtra, including winter migratory waterfowl from Siberia, leopards, sloth bears, and deer.",Oct-Feb,https://images.unsplash.com/photo-1549366021-9f761d450615?w=800&auto=format&fit=crop&q=80
4595,Aundha Nagnath Jyotirlinga,Maharashtra,attraction,19.533333,77.033333,budget,4.9,15235,"Revered as the eighth of the twelve sacred Shiva Jyotirlingas, situated in the ancient Darukavana forest, an architectural gem built in 13th-century Hemadpanthi style during the Seuna Yadava era, where according to legend the temple miraculously rotated to face Saint Namdev as he sang bhajans.",Oct-Feb,https://images.unsplash.com/photo-1609766857041-ed402ea8069a?w=800&auto=format&fit=crop&q=80
4596,Yeldari Dam Purna River,Maharashtra,attraction,19.716667,76.733333,budget,4.5,6797,"Constructed on the Purna River near Jintur in Hingoli district, the second largest dam in Marathwada after Jayakwadi, rising 51 meters with a length of 4,923 meters, featuring a 22.5 MW hydroelectric power generating plant and an expansive reservoir flanked by forested hills.",Oct-Feb,https://images.unsplash.com/photo-1506744038136-46273834b3fb?w=800&auto=format&fit=crop&q=80
4597,Changdev Maharaj Temple Tapi Confluence,Maharashtra,attraction,21.116667,76.016667,budget,4.3,3176,"Standing on a high promontory at the sacred confluence of the Tapi and Purna Rivers in Jalgaon district, an ancient 11th-century Yadava stone temple dedicated to Lord Shiva, celebrated as the hermitage of the legendary Yogi Changdev Maharaj who according to lore lived for 1,400 years and rode a live tiger with a serpent whip to meet Sant Dnyaneshwar.",Oct-Mar,https://images.unsplash.com/photo-1609766857041-ed402ea8069a?w=800&auto=format&fit=crop&q=80
4598,Hatnur Dam & Tapi Bird Wetland,Maharashtra,attraction,21.083333,75.95,budget,4.1,180,"Constructed on the Tapi River in Bhusawal taluka, a monumental 25-meter-high masonry and earthfill dam that creates one of the richest inland wetland ecosystems in northern Maharashtra, attracting over 20,000 winter migratory waterfowl including bar-headed geese, brahminy shelducks, and painted storks.",Oct-Feb,https://images.unsplash.com/photo-1439066615861-d1af74d74000?w=800&auto=format&fit=crop&q=80
4599,Jyotiba Temple Wadi Ratnagiri,Maharashtra,attraction,16.8,74.183333,budget,4.8,28333,"Perched at 3,124 feet on Wadi Ratnagiri hill near Panhala, a prominent pilgrimage complex founded in 1730 by Ranoji Shinde, enshrining Lord Jyotiba (an incarnation of Brahma, Vishnu, and Shiva with Jamadagni), celebrated for the spectacle of hundreds of thousands of pilgrims scattering pink gulal powder that turns the hill and sky vibrant magenta.",Oct-Mar,https://images.unsplash.com/photo-1590050752117-238cb0fb12b1?w=800&auto=format&fit=crop&q=80
4600,Maharaja's New Palace & Museum Kolhapur,Maharashtra,attraction,16.716667,74.233333,mid,4.8,23434,"Constructed between 1877 and 1884 by British architect Major Charles Mant in black polished basalt, an exquisite Indo-Saracenic royal residence featuring a central clock tower, cusped arches, stained glass depiction of Shivaji's life, and the ground-floor Shree Chhatrapati Shahu Museum exhibiting royal weaponry, hunting trophies, and royal costumes.",Oct-Mar,https://images.unsplash.com/photo-1608889825103-eb5ed706fc64?w=800&auto=format&fit=crop&q=80
4601,Panhala Fort,Maharashtra,attraction,16.8089,74.10823,mid,4.3,2044,"Panhala Fort, situated in the Kolhapur district of Maharashtra, is a treasure trove of history, culture, and natural beauty. This ancient fort, built by Raja Bhoja II in the 13th century, boasts an impressive architecture that showcases the ingenuity of the bygone era. Perched atop a hill, the fort offers panoramic views of the surrounding landscape, with the rolling hills and valleys stretching as far as the eye can see. As a visitor, you can delve into the rich history of the fort, explore the remnants of the past, and immerse yourself in the local culture. The fort's proximity to the Western Ghats also makes it a haven for nature enthusiasts and trekkers, who can explore the lush forests, spot exotic bird species, and embark on thrilling adventures. With its unique blend of history, culture, and natural beauty, Panhala Fort is an ideal destination for those seeking an offbeat experience in rural Maharashtra. The villagers, with their warm hospitality, add to the charm of the place, making visitors feel at home.",Oct-Feb,https://images.unsplash.com/photo-1590766940554-634a7ed41450?w=800&auto=format&fit=crop&q=80
4602,Radhanagari Dam (Laxmi Talav),Maharashtra,attraction,16.416667,73.983333,budget,4.5,20088,"Commissioned in 1907 and completed in 1957 on the Bhogawati River by visionary social reformer Chhatrapati Shahu Maharaj of Kolhapur, an imposing century-old rubble-masonry gravity dam creating the massive Laxmi Reservoir, famous for its 7 automated self-operating siphon gates and bordering the Radhanagari Bison Sanctuary.",Oct-Feb,https://images.unsplash.com/photo-1506744038136-46273834b3fb?w=800&auto=format&fit=crop&q=80
4603,Radhanagari Wildlife Sanctuary & Dajipur Bison Haven,Maharashtra,attraction,16.416667,73.966667,budget,4.7,16212,"Inscribed as part of the Western Ghats UNESCO World Heritage site, spanning 351 square kilometers across the southern Sahyadris between the Radhanagari and Kalammawadi reservoirs, famous as Maharashtra's first wildlife sanctuary declared in 1958 specifically to protect the colossal Indian Bison (Gaur), along with leopards, Malabar giant squirrels, and king cobras.",Oct-Feb,https://images.unsplash.com/photo-1575550959106-5a7defe28b56?w=800&auto=format&fit=crop&q=80
4604,Rankala Lake Kolhapur,Maharashtra,attraction,16.691667,74.216667,budget,4.4,8048,"Constructed in the 9th century CE by the Silaharas and embellished by Chhatrapati Shahu Maharaj, an expansive 107-hectare historic lake in Kolhapur, featuring the floating Padmaraje garden, illuminated evening walkways (Choupati), and the grand black stone Italian-Gothic Shalini Palace on its banks.",Oct-Feb,https://images.unsplash.com/photo-1544644181-1484b3fdfc62?w=800&auto=format&fit=crop&q=80
4605,Shri Mahalakshmi Temple Kolhapur (Ambabai),Maharashtra,attraction,16.694444,74.223056,budget,4.7,10049,"One of the 51 sacred Shakti Peethas, a 7th-century black basalt temple constructed by the Chalukyas, enshrining a 40-kg gemstone-carved idol of Goddess Ambabai (Mahalakshmi), famed for the bi-annual 'Kirnotsav' solar phenomenon.",Oct-Mar,https://images.unsplash.com/photo-1584551246679-0daf3d275d0f?w=800&auto=format&fit=crop&q=80
4606,Vishalgad Fort & Baji Prabhu Deshpande Memorial,Maharashtra,attraction,16.866667,73.783333,mid,4.4,25511,"Perched at 3,630 feet on an isolated plateau surrounded by sheer cliffs and dense Sahyadri rainforest, originally built in 1058 CE as Khelna and renamed Vishalgad (grand fort) by Shivaji in 1659, renowned for the legendary sacrifice of Baji Prabhu Deshpande at nearby Pavan Khind during Shivaji's escape from Panhala.",Oct-Feb,https://images.unsplash.com/photo-1599661046289-e31897846e41?w=800&auto=format&fit=crop&q=80
4607,Ausa Fort & Subterranean Moat,Maharashtra,attraction,18.25,76.5,mid,4.5,8302,"Constructed in a natural geographic depression in the 14th century by the Bahmanis and later captured by Malik Ambar in 1605, an exceptional Deccan ground-level fortress built below surrounding terrain levels so its high stone walls remain invisible until one reaches the edge of its 100-foot-wide deep defensive moat.",Oct-Feb,https://images.unsplash.com/photo-1599661046289-e31897846e41?w=800&auto=format&fit=crop&q=80
4608,Ganj Golai Market & Temple Complex Latur,Maharashtra,attraction,18.4,76.583333,budget,4.8,8983,"Constructed in 1917 by town planner Faiyajuddin under the Nizam of Hyderabad, an extraordinary circular two-storeyed architectural monument standing in the exact geometric centre of Latur city, housing the temple of Goddess Jagdamba on its upper floor while serving as the radial hub for 16 radiating commercial market lanes.",Oct-Mar,https://images.unsplash.com/photo-1609766857041-ed402ea8069a?w=800&auto=format&fit=crop&q=80
4609,Kharosa Caves,Maharashtra,attraction,18.216667,76.683333,budget,3.9,316,"Carved in the 6th century CE during the Rashtrakuta and Kalachuri periods in a red laterite hill at Kharosa, a group of 12 ancient monolithic rock-cut caves adorned with vivid bas-relief sculptures of Lord Shiva's Nataraja, Ravana shaking Kailash, and Narasimha.",Oct-Feb,https://images.unsplash.com/photo-1509316975850-ff9c5deb0cd9?w=800&auto=format&fit=crop&q=80
4610,Udgir Fort & 1759 Battle Citadel,Maharashtra,attraction,18.39,77.116667,mid,4.7,9133,"Constructed in the 12th century by Bahmani rulers and strengthened with massive stone bastions, surrounded by a 40-foot deep dry moat, celebrated as the battlefield of the 1759 Battle of Udgir where the Maratha army under Sadashivrao Bhau routed Nizam Salabat Jung, featuring the underground samadhi shrine of Rishi Udaygiri Maharaj.",Oct-Feb,https://images.unsplash.com/photo-1585123388867-3bfe6dd4bdbf?w=800&auto=format&fit=crop&q=80
4611,Chhatrapati Shivaji Maharaj Terminus (CSMT),Maharashtra,attraction,18.935006,72.877647,budget,4.9,5949,"Designed by F.W. Stevens and completed in 1887, an UNESCO World Heritage site and the headquarters of Central Railway, blending Victorian Italianate Gothic Revival and traditional Indian Mughal architecture.",Oct-Feb,https://images.unsplash.com/photo-1544717305-2782549b5136?w=800&auto=format&fit=crop&q=80
4612,Gateway of India,Maharashtra,attraction,18.922456,72.834778,budget,4.4,87542,"Built between 1911 and 1924 to commemorate the landing of King George V and Queen Mary, an imposing 85-foot yellow basalt triumphal arch overlooking Mumbai Harbor where the last British troops departed India in 1948.",Oct-Feb,https://images.unsplash.com/photo-1570168007204-dfb528c6958f?w=800&auto=format&fit=crop&q=80
4613,Nehru Planetarium Mumbai,Maharashtra,attraction,19.0089,72.877778,budget,4.9,12234,"Inaugurated in 1977 as part of the Nehru Centre at Worli, featuring an immense domed sky theater presenting high-definition astronomy presentations, lunar models, and telescope stargazing.",Oct-Feb,https://images.unsplash.com/photo-1544717305-2782549b5136?w=800&auto=format&fit=crop&q=80
4614,Shree Siddhivinayak Temple Prabhadevi,Maharashtra,attraction,19.0169,72.8304,budget,4.9,20365,"Originally constructed in 1801, Mumbai's most iconic and revered Hindu temple dedicated to Lord Ganesha, featuring a 2.5-foot black stone idol with a right-turning trunk and a 200-year-old gold-plated sanctum dome.",Oct-Mar,https://images.unsplash.com/photo-1590050752117-238cb0fb12b1?w=800&auto=format&fit=crop&q=80
4615,The Taj Mahal Palace Mumbai,Maharashtra,attraction,18.9217,72.8332,mid,4.9,75448,"Commissioned by Jamsetji Tata and opened in 1903, India's most prestigious luxury heritage hotel featuring an iconic Florentine dome, Belgian crystal chandeliers, and museum-quality Indian art collections.",Oct-Feb,https://images.unsplash.com/photo-1548013146-72479768bada?w=800&auto=format&fit=crop&q=80
4616,Afghan Church Colaba (Church of St. John the Evangelist),Maharashtra,attraction,18.903889,72.812222,budget,4.4,1446,"Constructed by the British between 1847 and 1858 to commemorate the dead of the First Anglo-Afghan War (1838–1842), a soaring Early English Gothic stone church in Navy Nagar featuring a landmark 60-meter limestone spire, wide vaulted nave, and masterwork stained-glass windows by William Wailes.",Oct-Feb,https://images.unsplash.com/photo-1584467735815-f778f274e296?w=800&auto=format&fit=crop&q=80
4617,Asiatic Society of Mumbai & Town Hall,Maharashtra,attraction,18.931667,72.836111,budget,4.9,29527,"Constructed in 1833 in high neoclassical Greek Doric style overlooking Horniman Circle, featuring a monumental flight of 30 grand stone stairs and eight Doric columns, housing the Asiatic Society Library with over 100,000 rare volumes, including a priceless 14th-century illuminated Italian manuscript of Dante's Divine Comedy.",Oct-Feb,https://images.unsplash.com/photo-1518709268805-4e9042af9f23?w=800&auto=format&fit=crop&q=80
4618,B. Merwan & Co. Irani Bakery & Cafe Grant Road,Maharashtra,restaurant,18.9625,72.815278,mid,4.7,13827,"Founded in 1914 by Boman Merwan directly opposite Grant Road railway station, Mumbai's most iconic century-old Irani bakery and cafe, famous for antique bentwood chairs, marble-top tables, distressed mirrors, and hot oven-fresh Mawa cakes that sell out before 9 AM.",Oct-Feb,https://images.unsplash.com/photo-1589302168068-964664d93dc0?w=800&auto=format&fit=crop&q=80
4619,Ballard Estate Heritage Precinct,Maharashtra,attraction,18.936389,72.840278,budget,4.3,3051,"Built between 1908 and 1914 by the Bombay Port Trust on land reclaimed from the sea using rock excavated during construction of the Alexandra Docks, planned by architect George Wittet in uniform Edwardian neoclassical European architectural style.",Oct-Feb,https://images.unsplash.com/photo-1609766857041-ed402ea8069a?w=800&auto=format&fit=crop&q=80
4620,Bandra-Worli Sea Link & Worli Promenade,Maharashtra,attraction,19.03,72.816667,budget,4.6,13173,"An iconic civil engineering masterpiece spanning 5.6 kilometers across the open Arabian Sea connecting Bandra in the western suburbs to Worli in South Mumbai, featuring a soaring 128-meter cable-stayed pylon tower and the parallel sweeping coastal promenade of Worli Sea Face.",Oct-Feb,https://images.unsplash.com/photo-1519046904884-53103b34b206?w=800&auto=format&fit=crop&q=80
4621,Banganga Tank & Walkeshwar Temple Complex,Maharashtra,attraction,18.945556,72.793889,budget,4.3,3336,"Built in 1127 CE during the Silhara dynasty at the sacred Walkeshwar Temple complex, an ancient rectangular freshwater stepped tank fed by an underground natural spring, where according to the Ramayana, Lord Rama shot an arrow (Bana) into the earth to draw fresh Ganga water to quench his thirst.",Oct-Mar,https://images.unsplash.com/photo-1582510003544-4d00b7f74220?w=800&auto=format&fit=crop&q=80
4622,Cathedral of the Holy Name Colaba,Maharashtra,attraction,18.9225,72.83,budget,3.9,1267,"Consecrated in 1905, a magnificent Gothic Revival Roman Catholic cathedral located on Wodehouse Road in Colaba, serving as the official seat of the Archbishop of Bombay, renowned for its painted vaulted ceilings, masterwork biblical frescoes, and imported pipe organ.",Oct-Feb,https://images.unsplash.com/photo-1621847468516-1ed5d0df56fe?w=800&auto=format&fit=crop&q=80
4623,Cloud 9 Cafe Colaba,Maharashtra,restaurant,18.921667,72.831944,mid,4.7,4687,"A popular boutique open-air rooftop and patio cafe located on Walton Road behind the Taj Mahal Palace Hotel in Colaba, celebrated for its breezy ambiance, continental fare, artisanal coffees, and relaxed backpacker/artisan vibe.",Oct-Feb,https://images.unsplash.com/photo-1589302168068-964664d93dc0?w=800&auto=format&fit=crop&q=80
4624,Dharavi Artisans Quarter & Kumbharwada,Maharashtra,attraction,19.04,72.855,budget,4.5,21224,"Sprawling over 500 acres in central Mumbai, world-famous as an entrepreneurial micro-economy generating over $1 billion annually, home to Kumbharwada (a 100-year-old Gujarati potter community with open-fire kilns), leather craftsmen, embroidery workshops, and recycling centers.",Oct-Feb,https://images.unsplash.com/photo-1621847468516-1ed5d0df56fe?w=800&auto=format&fit=crop&q=80
4625,Dr. Bhau Daji Lad Museum Byculla,Maharashtra,attraction,18.978889,72.835,mid,4.7,15621,"Opened to the public in 1872 as the Victoria and Albert Museum Bombay, the oldest museum in Mumbai, housed in a breathtaking High Victorian Renaissance building inside Jijamata Udyaan, famous for Minton tiled floors, gilded ceiling rosettes, and miniature clay dioramas of 19th-century Bombay communities.",Oct-Mar,https://images.unsplash.com/photo-1565034946487-077786996e27?w=800&auto=format&fit=crop&q=80
4626,Girgaon Chowpatty Beach,Maharashtra,attraction,18.954167,72.814444,budget,4.9,24057,"A historic public beach situated at the northern end of Marine Drive near Malabar Hill, celebrated as the world epicenter for Ganesh Visarjan immersions, and famed for its legendary seafront bhelpuri and street food stalls.",Oct-Feb,https://images.unsplash.com/photo-1509233725247-49e657c54213?w=800&auto=format&fit=crop&q=80
4627,Haji Ali Dargah,Maharashtra,attraction,18.982778,72.808889,budget,4.8,13050,"Constructed in 1431 in memory of wealthy Uzbek merchant Pir Haji Ali Shah Bukhari, a stunning white marble Indo-Islamic shrine and mosque set on a tiny islet 500 meters offshore in the Arabian Sea, accessible only during low tide via a narrow stone causeway.",Oct-Feb,https://images.unsplash.com/photo-1518709268805-4e9042af9f23?w=800&auto=format&fit=crop&q=80
4628,Hamilton Studios Ballard Estate,Maharashtra,attraction,18.935556,72.839444,budget,4.2,2408,"Established in 1928 by Sir Victor Sassoon and photographer Ranjit Madhavji inside a grand stone heritage building in Ballard Estate, Mumbai's oldest operational vintage portrait photography studio, preserving over 600,000 vintage negatives capturing the British Raj, Indian royalty, JRD Tata, and early Bollywood stars.",Oct-Feb,https://images.unsplash.com/photo-1544717305-2782549b5136?w=800&auto=format&fit=crop&q=80
4629,Hanging Gardens & Kamala Nehru Park,Maharashtra,attraction,18.956667,72.805556,budget,4.5,21703,"Perched at the highest ridge of Malabar Hill overlooking Marine Drive, terraced botanical gardens built in 1881 atop Mumbai's primary drinking water reservoirs, famous for intricate animal-shaped topiary hedges, colorful sunset views over the Arabian Sea, and Kamala Nehru Park's giant 'Old Woman's Shoe' play structure.",Oct-Feb,https://images.unsplash.com/photo-1519331379826-f10be5486c6f?w=800&auto=format&fit=crop&q=80
4630,Hasnabad Dargah Byculla (Taj Mahal of Mumbai),Maharashtra,attraction,18.966944,72.836389,budget,4.3,102996,"Constructed in 1884, known locally as the 'Taj Mahal of Mumbai', an exquisite blue-and-white Italian marble and Iranian-tiled mausoleum with four soaring minarets and two blue bulbous domes, enshrining the tomb of Hasan Ali Shah (the first Aga Khan).",Oct-Feb,https://images.unsplash.com/photo-1548013146-72479768bada?w=800&auto=format&fit=crop&q=80
4631,Kala Ghoda Art & Heritage Precinct,Maharashtra,attraction,18.928889,72.831944,budget,4.9,18611,"A crescent-shaped historic urban precinct in South Mumbai bounded by premier heritage institutions (Jehangir Art Gallery, National Gallery of Modern Art, David Sassoon Library, CSMVS), celebrated as the country's foremost public arts district and host of the vibrant 9-day multi-disciplinary Kala Ghoda Arts Festival every February.",Oct-Feb,https://images.unsplash.com/photo-1582510003544-4d00b7f74220?w=800&auto=format&fit=crop&q=80
4632,Khotachiwadi Heritage Village Girgaon,Maharashtra,attraction,18.956389,72.821944,budget,4.4,2922,"Founded in the late 18th century by Pathare Prabhu landlord Dadoba Waman Khot, a charming protected heritage hamlet of two-storey Portuguese-Goan wooden cottages with pitched tiled roofs, wrap-around verandas, and exterior wooden staircases, inhabited by Mumbai's indigenous East Indian Christian community.",Oct-Feb,https://images.unsplash.com/photo-1544717305-2782549b5136?w=800&auto=format&fit=crop&q=80
4633,Kitaab Khana,Maharashtra,attraction,18.932222,72.833333,budget,4.2,525,"Founded in 2011 by Amrita and Samir Somaiya inside the 160-year-old Somaiya Bhavan in Fort, Mumbai's most beloved independent bookstore featuring soaring high ceilings, carved teakwood bookshelves, a mezzanine floor, and an in-house cafe.",Oct-Feb,https://images.unsplash.com/photo-1518709268805-4e9042af9f23?w=800&auto=format&fit=crop&q=80
4634,Mahalaxmi Temple Mumbai,Maharashtra,attraction,18.977222,72.808056,budget,4.9,10237,"Built in 1831 by Dhakji Dadaji, one of Mumbai's most venerable Hindu temples dedicated to the goddess of wealth Mahalaxmi, situated along the seashore on Bhulabhai Desai Road, enshrining tri-devi idols of Mahalakshmi, Mahakali, and Mahasaraswati.",Oct-Mar,https://images.unsplash.com/photo-1608889825103-eb5ed706fc64?w=800&auto=format&fit=crop&q=80
4635,Mani Bhavan Gandhi Sangrahalaya,Maharashtra,attraction,18.96,72.811944,budget,4.7,13358,"Located on Laburnum Road in peaceful Gamdevi, a two-storey heritage mansion that served as Mahatma Gandhi's focal point for freedom activities from 1917 to 1934, where he launched the Non-Cooperation, Satyagraha, Swadeshi, and Khadi movements, preserved with his room, letters, and 50,000-book library.",Oct-Feb,https://images.unsplash.com/photo-1565034946487-077786996e27?w=800&auto=format&fit=crop&q=80
4636,Marine Drive (Queen's Necklace),Maharashtra,attraction,18.943056,72.823056,budget,4.9,18212,"A world-famous 3.6-kilometer C-shaped coastal promenade along Netaji Subhash Chandra Bose Road bordering the Arabian Sea, celebrated as the 'Queen's Necklace' because its streetlights glisten like a string of pearls at night.",Oct-Feb,https://images.unsplash.com/photo-1518709268805-4e9042af9f23?w=800&auto=format&fit=crop&q=80
4637,Matterden Carnival Cinemas (Deepak Cinema),Maharashtra,attraction,18.995,72.830556,budget,4.5,3582,"Established in 1926 as Deepak Cinema in the historic mill district of Lower Parel, one of Mumbai's oldest surviving standalone single-screen theaters, restored as 'Matterden' to screen classic world cinema, documentary films, retro Bollywood, and indie cinema.",Oct-Feb,https://images.unsplash.com/photo-1544717305-2782549b5136?w=800&auto=format&fit=crop&q=80
4638,National Museum of Indian Cinema (NMIC),Maharashtra,attraction,18.966944,72.810556,mid,4.0,329,"Inaugurated in 2019 by the Prime Minister at Films Division on Pedder Road, India's flagship cinema museum spread across the 19th-century Victorian heritage bungalow Gulshan Mahal and a modern 5-storey glass museum pavilion.",Oct-Mar,https://images.unsplash.com/photo-1582555172866-f73bb12a2ab3?w=800&auto=format&fit=crop&q=80
4639,Raj Bhavan Underground Bunker & Revolutionaries Museum,Maharashtra,attraction,18.943889,72.796389,mid,4.0,249,"Discovered in 2016 sealed behind brick walls beneath the Governor's official residence on Malabar Hill, a 15,000-square-foot British-era subterranean military bunker complex dating back to the 19th century, now housing 'Kranti Gatha' (Museum of Indian Revolutionaries).",Oct-Mar,https://images.unsplash.com/photo-1582555172866-f73bb12a2ab3?w=800&auto=format&fit=crop&q=80
4640,Reserve Bank of India (RBI) Monetary Museum,Maharashtra,attraction,18.934444,72.834444,mid,4.1,1168,"Inaugurated in 2004 by President A. P. J. Abdul Kalam on Sir Phirozeshah Mehta Road in Fort, India's first dedicated museum of money, housing over 10,000 exhibits tracing India's monetary heritage from ancient cowrie shells and punch-marked coins to Mughal mohurs and paper bank notes.",Oct-Mar,https://images.unsplash.com/photo-1544531586-fde5298cdd40?w=800&auto=format&fit=crop&q=80
4641,Basilica of Our Lady of the Mount (Mount Mary Church),Maharashtra,attraction,19.046667,72.8225,budget,4.9,17470,"Perched on a hillock overlooking the Arabian Sea in Bandra, a historic Roman Catholic basilica dedicated to the Virgin Mary, originally dating to 1570 and rebuilt in 1904 in striking Neo-Gothic architecture, celebrated for its miraculous wooden statue of Mother Mary and the monumental 8-day Bandra Fair in September.",Oct-Feb,https://images.unsplash.com/photo-1621847468516-1ed5d0df56fe?w=800&auto=format&fit=crop&q=80
4642,Chapel Road Graffiti & Street Art Walk Bandra,Maharashtra,attraction,19.053889,72.828611,budget,4.9,23630,"A narrow, winding historic lane running through the centuries-old Ranwar East Indian village in Bandra West, transformed by international and local street artists (Bollywood Art Project) into a world-famous open-air gallery of vibrant murals and graffiti.",Oct-Feb,https://images.unsplash.com/photo-1544717305-2782549b5136?w=800&auto=format&fit=crop&q=80
4643,Global Vipassana Pagoda Gorai,Maharashtra,attraction,19.228056,72.805833,budget,4.5,6415,"Rising 96 meters on a peninsula between Gorai Creek and the Arabian Sea, an architectural and spiritual wonder modeled on Myanmar's Shwedagon Pagoda, housing the world's largest hollow stone dome built without supporting pillars, enshrining genuine bone relics of Gautama Buddha.",Oct-Feb,https://images.unsplash.com/photo-1519681393784-d120267933ba?w=800&auto=format&fit=crop&q=80
4644,Juhu Beach Mumbai,Maharashtra,attraction,19.116414,72.821822,budget,4.8,13185,"Mumbai's most famous and beloved Arabian Sea beach stretching 6 kilometers along upscale residential neighborhoods (home to Bollywood stars), renowned for its bustling chaupati street food plaza.",Oct-Feb,https://images.unsplash.com/photo-1507525428034-b723cf961d3e?w=800&auto=format&fit=crop&q=80
4645,Kanheri Caves (Sanjay Gandhi National Park),Maharashtra,attraction,19.208133,72.905035,budget,4.9,18254,"A monumental complex of 109 rock-cut Buddhist caves dating from the 1st century BCE to the 10th century CE, carved into basalt cliffs in the middle of Sanjay Gandhi National Park, serving as an ancient university and monastic refuge.",Oct-Feb,https://images.unsplash.com/photo-1549366021-9f761d450615?w=800&auto=format&fit=crop&q=80
4646,Mumbai Film City (Dadasaheb Phalke Chitranagari),Maharashtra,attraction,19.16,72.88,budget,4.9,6059,"Established in 1977 by the Government of Maharashtra in Goregaon bordering Sanjay Gandhi National Park, a colossal 520-acre studio complex with 16 indoor recording stages and dozens of outdoor permanent sets (villages, police stations, temples, palaces, courtrooms) where thousands of Bollywood movies and television series are filmed daily.",Oct-Feb,https://images.unsplash.com/photo-1582510003544-4d00b7f74220?w=800&auto=format&fit=crop&q=80
4647,Powai Lake and Garden,Maharashtra,attraction,19.126977,72.896014,budget,4.9,15232,"An artificial freshwater lake created in 1891 in the upscale Powai valley, surrounded by modern high-rises and the IIT Bombay campus, harboring resident marsh crocodiles (muggers) and migratory waterbirds.",Oct-Feb,https://images.unsplash.com/photo-1439066615861-d1af74d74000?w=800&auto=format&fit=crop&q=80
4648,Sanjay Gandhi National Park (Borivali),Maharashtra,attraction,19.218056,72.911667,budget,4.7,14145,"Sprawling over 103 square kilometers in northern Mumbai, one of the world's most visited national parks within city limits, home to wild leopards, spotted deer, and thousands of flora species.",Oct-Feb,https://images.unsplash.com/photo-1551969014-7d2c4cddf0b6?w=800&auto=format&fit=crop&q=80
4649,Ambazari Lake & Garden Nagpur,Maharashtra,attraction,21.130556,79.040278,budget,4.7,21834,"Built in 1870 by the Bhonsle rulers over 15 square kilometers as the source of the Nag River, the largest lake in Nagpur, surrounded by mango groves (Ambazari) and a sprawling 44-acre municipal garden featuring musical fountains, illuminated walkways, boating facilities, and a biodiversity park.",Oct-Feb,https://images.unsplash.com/photo-1501785888041-af3ef285b470?w=800&auto=format&fit=crop&q=80
4650,Ambhora Sangam & Chaitanyeshwar Temple,Maharashtra,attraction,21.05,79.616667,budget,4.7,23587,"Perched dramatically on a high rocky promontory overlooking the holy five-river confluence (Panch-Sangam of Wainganga, Kanhan, Amb, Kolari, and Murza rivers), an ancient pilgrimage centre featuring the 18th-century Chaitanyeshwar Shiva Temple, the samadhi of saint Haribaba, and an iconic modern cable-stayed suspension bridge connecting Nagpur and Bhandara.",Oct-Mar,https://images.unsplash.com/photo-1609766857041-ed402ea8069a?w=800&auto=format&fit=crop&q=80
4651,Deekshabhoomi Nagpur,Maharashtra,attraction,21.128056,79.066944,budget,4.8,20896,"The sacred historical monument where Dr. B. R. Ambedkar embraced Buddhism along with 600,000 followers on Ashok Vijaya Dashami in 1956, crowned by the world's largest hollow reinforced-concrete Buddhist stupa (120 ft tall).",Oct-Feb,https://images.unsplash.com/photo-1518709268805-4e9042af9f23?w=800&auto=format&fit=crop&q=80
4652,Futala Lake & Waterfront Promenade Nagpur,Maharashtra,attraction,21.155556,79.044444,budget,4.6,27745,"Constructed over 200 years ago by the Bhonsle kings of Nagpur across 60 acres, a scenic urban lake surrounded by lush green forests on three sides and a vibrant Chowpatty-style promenade on the fourth, home to Asia's largest multimedia sound-and-light musical floating fountain show.",Oct-Feb,https://images.unsplash.com/photo-1506744038136-46273834b3fb?w=800&auto=format&fit=crop&q=80
4653,Gorewada International Zoo & Bio-Park,Maharashtra,attraction,21.191667,79.055556,mid,4.7,11344,"Inaugurated in 2021 as one of India's largest zoological and rescue parks covering 1,914 hectares around Gorewada Lake in Nagpur, featuring an international-standard open wildlife safari with separate enclosures for Royal Bengal tigers, leopards, sloth bears, and Indian herbivores, as well as a wildlife rescue center.",Oct-Feb,https://images.unsplash.com/photo-1534188753412-3e26d0d618d6?w=800&auto=format&fit=crop&q=80
4654,Khindsi Lake & Water Sports Ramtek,Maharashtra,attraction,21.416667,79.35,mid,4.9,14092,"Encircled by the lush green forested hills of the Satpura range near Ramtek, a large scenic reservoir developed into Central India's largest water sports and boating complex, featuring speedboats, water scooters, banana rides, pedal boats, and lakeside eco-resorts.",Oct-Feb,https://images.unsplash.com/photo-1439066615861-d1af74d74000?w=800&auto=format&fit=crop&q=80
4655,Mahalaxmi Jagdamba Temple Koradi,Maharashtra,attraction,21.25,79.1,budget,4.9,18046,"Situated 15 km north of Nagpur along Koradi Lake, an ancient Shakti shrine dedicated to Goddess Mahalaxmi Jagdamba, extensively developed into a grand pilgrimage complex with an imposing 108-foot stone Mahadwar, musical dancing water fountains, and grand Navratri fairs attracting over 1.5 million devotees.",Oct-Mar,https://images.unsplash.com/photo-1566073771259-6a8506099945?w=800&auto=format&fit=crop&q=80
4656,Nagardhan Fort & Kavi Kulguru Kalidas Sanskrit Hub,Maharashtra,attraction,21.35,79.316667,mid,4.3,1352,"Situated 6 km south of Ramtek, the ancient capital city of Nandivardhana of the classical Vakataka Dynasty (3rd-5th century CE who excavated Ajanta Cave 16 and 17), featuring a well-preserved square brick-and-stone fortress built by Raghuji Bhonsle I of Nagpur in the 18th century, underground water stepwells, and ancient Vishnu temples.",Oct-Feb,https://images.unsplash.com/photo-1590766940554-634a7ed41450?w=800&auto=format&fit=crop&q=80
4657,Pench Tiger Reserve Maharashtra,Maharashtra,attraction,21.65,79.233333,budget,4.6,11499,"Covering 741 square kilometers in the Satpura-Maikal hills along the Pench River north of Nagpur, the real-world forest that inspired Rudyard Kipling's classic 'The Jungle Book', renowned for high tiger density, packs of Indian wild dogs (dholes), leopards, and thriving birdlife.",Oct-Feb,https://images.unsplash.com/photo-1549366021-9f761d450615?w=800&auto=format&fit=crop&q=80
4658,Raman Science Centre & Planetarium Nagpur,Maharashtra,attraction,21.144444,79.094444,budget,4.9,25305,"Affiliated with the National Council of Science Museums and named in honor of India's first Nobel laureate in Physics Sir C. V. Raman, an engaging interactive science centre featuring a prehistoric animal park with animatronic dinosaurs, a digital planetarium, 3D science shows, and hands-on physical science exhibits.",Oct-Feb,https://images.unsplash.com/photo-1621847468516-1ed5d0df56fe?w=800&auto=format&fit=crop&q=80
4659,Sitabuldi Fort Nagpur,Maharashtra,attraction,21.148611,79.086389,mid,4.1,357,"Situated atop twin hillocks right in the center of Nagpur, built by the British and Appasaheb Bhonsle in the early 19th century, famous as the site of the historic 1817 Battle of Sitabuldi between the Kingdom of Nagpur and the British East India Company, offering a war memorial and 360-degree city views.",Oct-Feb,https://images.unsplash.com/photo-1585123388867-3bfe6dd4bdbf?w=800&auto=format&fit=crop&q=80
4660,Totladoh Dam & Backwaters,Maharashtra,attraction,21.65,79.283333,budget,4.6,5048,"Constructed on the Pench River within the core area of the Pench Tiger Reserve, a monumental 87-meter high concrete gravity dam that forms a gigantic forest reservoir surrounded by teak forests, providing vital water for wildlife and offering magnificent vistas during tiger boat cruises.",Oct-Feb,https://images.unsplash.com/photo-1602216056096-3b40cc0c9944?w=800&auto=format&fit=crop&q=80
4661,Umred Karhandla Wildlife Sanctuary,Maharashtra,attraction,20.883333,79.516667,budget,4.4,18667,"Spanning 189 square kilometers across Nagpur and Bhandara districts along the Wainganga River, one of the most successful wildlife conservation corridors in Central India connecting Tadoba, Pench, and Nagzira, famous as the home turf of the legendary Royal Bengal tiger 'Jai' and renowned for exceptionally high tiger sighting frequency.",Oct-Feb,https://images.unsplash.com/photo-1551969014-7d2c4cddf0b6?w=800&auto=format&fit=crop&q=80
4662,Hottal Chalukya Temples Nanded,Maharashtra,attraction,18.583333,77.583333,budget,4.3,778,"Located in Hottal village near Degloor in Nanded district, an exceptional cluster of 11th-12th century CE star-shaped Kalyani Chalukyan stone temples, internationally renowned for the Siddheshwar Temple built on a stepped stellate plan adorned with museum-grade stone carvings of dancers, celestial musicians, and rare epigraphical inscriptions.",Oct-Mar,https://images.unsplash.com/photo-1506744038136-46273834b3fb?w=800&auto=format&fit=crop&q=80
4663,Kandhar Fort Nanded,Maharashtra,attraction,18.9,77.2,mid,4.6,27719,"Constructed in the 8th century CE by Rashtrakuta Emperor Krishna III as the royal capital 'Kandharapura', surrounded on three sides by the Manyad River and a deep concentric defensive moat, featuring massive basalt stone bastions, Jinsi and Machli Gates, royal darbar ruins, and colossal unearthed Yaksha statues.",Oct-Feb,https://images.unsplash.com/photo-1585123388867-3bfe6dd4bdbf?w=800&auto=format&fit=crop&q=80
4664,Mahur Caves & Renuka Devi Gad,Maharashtra,attraction,19.833333,77.916667,budget,4.9,16528,"Perched on a forested hill crest in Nanded district, universally revered as one of the three-and-a-half sacred Shakti Peethas of Maharashtra (the abode of Goddess Renuka Mata, mother of Lord Parashurama), featuring the ancient Datta Shikhar temple, the birthplace shrine of Lord Dattatreya, and 6th-century rock-cut caves adorned with Rashtrakuta carvings.",Oct-Feb,https://images.unsplash.com/photo-1509316975850-ff9c5deb0cd9?w=800&auto=format&fit=crop&q=80
4665,Sahastrakund Waterfall,Maharashtra,attraction,19.533333,77.966667,budget,4.3,2975,"Formed on the Painganga River straddling the border of Nanded and Yavatmal districts, a dramatic 50-foot waterfall carving through deep black volcanic rock canyons, featuring a suspension footbridge, watchtower platforms, and the ancient Panchamukhi Mahadev temple.",Jul-Oct,https://images.unsplash.com/photo-1518457607834-6e8d80c183c5?w=800&auto=format&fit=crop&q=80
4666,Takht Sachkhand Sri Hazur Abchalnagar Sahib Nanded,Maharashtra,attraction,19.152778,77.318056,budget,4.9,8287,"Constructed between 1832 and 1837 by Maharaja Ranjit Singh on the banks of the Godavari River, one of the five highest Takhts of temporal authority in Sikhism, marking the holy ground where the tenth Sikh Guru, Guru Gobind Singh Ji, spent his final days, passed the eternal Guruship to the Guru Granth Sahib, and left for heavenly abode in 1708.",Oct-Feb,https://images.unsplash.com/photo-1567157577867-05ccb1388e66?w=800&auto=format&fit=crop&q=80
4667,Vishnupuri Dam (Shankarrao Chavan Dam),Maharashtra,attraction,19.116667,77.283333,budget,4.5,28005,"Constructed on the sacred Godavari River near Nanded city, recognized as Asia's largest lift irrigation dam, featuring a colossal 1,375-meter-long barrage equipped with massive vertical lift gates and powerful water pumping stations that irrigate thousands of hectares across Marathwada.",Oct-Feb,https://images.unsplash.com/photo-1506744038136-46273834b3fb?w=800&auto=format&fit=crop&q=80
4668,Sarangkheda Chetak Festival & Datta Mandir,Maharashtra,attraction,21.5,74.533333,budget,4.8,7018,"Held annually on the banks of the Tapi River in Nandurbar district around the 300-year-old temple of Lord Dattatreya, celebrated as the second largest and oldest horse fair in India (dating back over 300 years to the era of Chhatrapati Shivaji Maharaj), where thousands of prized Marwari, Kathiawari, and Thoroughbred horses, horse-dancing competitions, and camel rides congregate.",Oct-Feb,https://images.unsplash.com/photo-1609766857041-ed402ea8069a?w=800&auto=format&fit=crop&q=80
4669,Toranmal,Maharashtra,attraction,21.88117,74.4634,budget,4.3,1386,"Tucked away in the Sahyadri Mountains of Maharashtra, Toranmal is a haven for trekkers and nature lovers alike. This lesser-known gem boasts lush forests, gushing waterfalls, and picturesque valleys, making it an ideal destination for a serene trekking experience. As you make your way through the dense woods, the sounds of chirping birds, gentle breeze, and rustling leaves create a symphony that will leave you enchanted.",Oct-Feb,https://images.unsplash.com/photo-1518709268805-4e9042af9f23?w=800&auto=format&fit=crop&q=80
4670,Anjaneri Fort & Hills,Maharashtra,attraction,19.92,73.57,mid,4.7,10586,"Rising to 4,264 feet in the Trimbakeshwar range, revered across India as the sacred birthplace of Lord Hanuman (named after his mother Anjani), featuring ancient Jain and Hindu rock-cut temples, a vast upper plateau, and an eco-sensitive conservation reserve protecting the critically endangered wildflower Ceropegia anjanerica.",Oct-Feb,https://images.unsplash.com/photo-1599661046289-e31897846e41?w=800&auto=format&fit=crop&q=80
4671,Bhavali Dam Igatpuri,Maharashtra,attraction,19.65,73.583333,budget,4.9,18354,"Constructed on the Bham River near Igatpuri in the Sahyadris, an exceptionally scenic earthen dam nestled in a hidden valley surrounded by mist-covered peaks, famed during the monsoon for its spectacular stepped overflow spillway that transforms into a massive natural waterfall where tourists bathe safely.",Oct-Feb,https://images.unsplash.com/photo-1544644181-1484b3fdfc62?w=800&auto=format&fit=crop&q=80
4672,Brahmagiri Hill & Godavari Origin,Maharashtra,attraction,19.933333,73.516667,budget,4.9,6210,"Rising 4,248 feet directly behind the Trimbakeshwar Jyotirlinga temple, regarded in Hindu mythology as the physical manifestation of Lord Shiva from whose matted locks the sacred Godavari River (Dakshin Ganga) was released by sage Gautama, featuring 750 stone-cut steps leading to the origin spring (Ganga Dwar).",Oct-Feb,https://images.unsplash.com/photo-1506197603052-3cc9c3a201bd?w=800&auto=format&fit=crop&q=80
4673,Dugarwadi Waterfall Trimbakeshwar,Maharashtra,attraction,19.95,73.483333,budget,4.0,1091,"Tucked away in a pristine mountain valley 30 km from Nashik near Trimbakeshwar, a roaring natural waterfall crashing down multiple rock levels into a deep forested canyon, surrounded by untouched Sahyadri hills, misty breezes, and wild greenery.",Jul-Oct,https://images.unsplash.com/photo-1518457607834-6e8d80c183c5?w=800&auto=format&fit=crop&q=80
4674,Gangapur Dam Nashik,Maharashtra,attraction,20.016667,73.683333,budget,4.6,29965,"Constructed in 1965 on the sacred Godavari River 10 km from Nashik, celebrated as the very first large earthen dam built in independent India, forming a scenic blue water reservoir fringed by grape vineyards and Sahyadri hills, developed by MTDC into the Grape County eco-resort and Nashik Boat Club.",Oct-Feb,https://images.unsplash.com/photo-1506744038136-46273834b3fb?w=800&auto=format&fit=crop&q=80
4675,Harihar Fort (Harshagad),Maharashtra,attraction,19.9,73.466667,mid,4.4,15582,"Perched at 3,676 feet in the Trimbak range of the Western Ghats, a triangular prism-shaped hill fort constructed during the Seuna Yadava dynasty, internationally famous for an exhilarating flight of 117 stone steps carved at a sheer 80-degree vertical angle directly into the living basalt cliff.",Oct-Feb,https://images.unsplash.com/photo-1599661046289-e31897846e41?w=800&auto=format&fit=crop&q=80
4676,Kalaram Temple Panchavati Nashik,Maharashtra,attraction,20.006667,73.796667,budget,4.9,27352,"Constructed in 1782 by Sardar Rangrao Odhekar over twelve years using 2,000 workers and 23 lakh rupees of black basalt stone, enshrining rare two-foot black stone idols of Lord Rama, Sita, and Lakshmana, historic site of Dr. B. R. Ambedkar's landmark 1930 Kalaram Temple Entry Satyagraha.",Oct-Mar,https://images.unsplash.com/photo-1518709268805-4e9042af9f23?w=800&auto=format&fit=crop&q=80
4677,Mangi Tungi Twin Peaks & Statue of Ahimsa,Maharashtra,attraction,20.84,74.088889,budget,4.9,27888,"Rising to 4,343 feet in the Selbari mountain range, twin conical pinnacles (Mangi at 4,343 ft and Tungi at 4,366 ft) revered by Digambara Jains where Lord Rama, Sugriva, and 99 crore monks attained moksha, home to the Guinness World Record 108-foot monolithic stone statue of first Tirthankara Lord Rishabhdev (Statue of Ahimsa) carved directly out of the mountain peak.",Oct-Feb,https://images.unsplash.com/photo-1486870591958-9b9d0d1dda99?w=800&auto=format&fit=crop&q=80
4678,Nandur Madhmeshwar Bird Sanctuary,Maharashtra,attraction,20.016667,74.116667,budget,4.9,22501,"Formed at the confluence of the Godavari and Kadwa rivers, designated as Maharashtra's first Ramsar Site spanning 100 square kilometers of shallow wetlands, reeds, and reservoirs, hosting over 230 bird species including migratory cranes, flamingos, and bar-headed geese.",Oct-Feb,https://images.unsplash.com/photo-1534188753412-3e26d0d618d6?w=800&auto=format&fit=crop&q=80
4679,Panchavati & Sita Gufa Nashik,Maharashtra,attraction,20.007222,73.798611,budget,4.9,8414,"Named after the cluster of five ancient banyan trees (Pancha Vata) where Lord Rama, Sita, and Lakshmana built their hermitage during their 14-year Dandakaranya forest exile, featuring Sita Gufa (a subterranean cave accessed by crawling through narrow passages where Sita sheltered and from where Ravana abducted her) and Lakshmana Rekha.",Oct-Feb,https://images.unsplash.com/photo-1544717305-2782549b5136?w=800&auto=format&fit=crop&q=80
4680,Ramkund & Godavari Ghats Nashik,Maharashtra,attraction,20.008333,73.791667,budget,4.9,26946,"Constructed in 1696 by Chitrarao Khatarkar on the sacred Godavari River, the epicenter of the 12-yearly Simhastha Kumbh Mela where millions of sadhus and pilgrims take holy dips, revered as the spot where Lord Rama bathed during his forest exile and performed the death rites (shraddha) for his father King Dasharatha.",Oct-Mar,https://images.unsplash.com/photo-1432405972618-c60b0225b8f9?w=800&auto=format&fit=crop&q=80
4681,Ramshej Fort Nashik,Maharashtra,attraction,20.083333,73.75,mid,4.7,6304,"Rising 3,273 feet north of Nashik, legendary in Maratha military annals as the fort whose small garrison of 600 Maratha soldiers under Suryaji Jedhe heroically held off an imperial Mughal siege army of 40,000 for nearly six years (1682-1688), featuring the Ram Temple cave and ancient water cisterns.",Oct-Feb,https://images.unsplash.com/photo-1585123388867-3bfe6dd4bdbf?w=800&auto=format&fit=crop&q=80
4682,Saptashrungi Devi Gad Vani,Maharashtra,attraction,20.39,73.905556,budget,4.9,19421,"Perched at 4,659 feet atop a sheer seven-peaked mountain in the Sahyadri range at Vani, revered as one of the three-and-a-half Shakti Peethas of Maharashtra, enshrining a colossal 10-foot rock-carved idol of Goddess Mahishasuramardini with 18 arms, accessible via 510 stone steps or modern funicular ropeway cars.",Oct-Feb,https://images.unsplash.com/photo-1584467735815-f778f274e296?w=800&auto=format&fit=crop&q=80
4683,Sula Vineyards Nashik,Maharashtra,attraction,19.998611,73.719444,budget,4.9,24709,"Established in 1999, India's premier boutique winery and vineyard estate spread over rolling hills overlooking Gangapur Lake, responsible for transforming Nashik into the 'Wine Capital of India'.",Oct-Feb,https://images.unsplash.com/photo-1590050752117-238cb0fb12b1?w=800&auto=format&fit=crop&q=80
4684,Trimbakeshwar Shiva Temple,Maharashtra,attraction,19.932044,73.5304,budget,4.4,13103,"Located at the foot of Brahmagiri Mountain, one of the 12 sacred Jyotirlingas, extraordinary for having a three-faced lingam embodying Brahma, Vishnu, and Shiva, and serving as the geographical origin of the sacred Godavari River.",Oct-Mar,https://images.unsplash.com/photo-1590050752117-238cb0fb12b1?w=800&auto=format&fit=crop&q=80
4685,Tringalwadi Fort Igatpuri,Maharashtra,attraction,19.716667,73.533333,mid,4.5,5873,"Perched at 3,238 feet overlooking the blue waters of Tringalwadi Lake near Igatpuri, an ancient 10th-century hill fort resembling a Maratha turban, featuring a beautifully carved subterranean Jain rock cave with a statue of Rishabhdev, rock-cut steps, and ruins of a Rajwada.",Oct-Feb,https://images.unsplash.com/photo-1599661046289-e31897846e41?w=800&auto=format&fit=crop&q=80
4686,Bordi Beach & Parsi Heritage,Maharashtra,attraction,20.1,72.733333,budget,4.1,737,"Stretching for 17 km along Maharashtra's northern border near Gujarat, a tranquil black-sand beach framed by swaying casuarina groves, vast orchards of sweet GI-tagged Dahanu Gholvad chikoos (sapota), and heritage colonial Parsi villas.",Oct-Feb,https://images.unsplash.com/photo-1509233725247-49e657c54213?w=800&auto=format&fit=crop&q=80
4687,Dabhosa Waterfall Jawhar,Maharashtra,attraction,19.933333,73.166667,budget,4.6,6612,"Crashing 300 feet vertically over a sheer basalt amphitheater into a deep crater lagoon on the Lendi River, one of the highest perennial waterfalls in western Maharashtra, surrounded by dense virgin forests of the tribal Konkana and Warli heartland in Jawhar.",Jul-Oct,https://images.unsplash.com/photo-1518457607834-6e8d80c183c5?w=800&auto=format&fit=crop&q=80
4688,Jawhar,Maharashtra,attraction,19.91248,73.22516,budget,4.5,7091,"The region's unique geography, with its rugged hills, sparkling waterfalls, and serene lakes, creates a perfect setting for a range of outdoor activities. The Jaiswal Valley, with its rolling hills and dense forests, is a popular spot for trekking and bird watching, while the nearby Kalyan Dam offers opportunities for rock climbing and rappelling. As the sun sets over Jawhar, the sky is painted with hues of gold and crimson, creating a breathtakingly beautiful landscape that is sure to leave visitors enchanted and inspired.",Oct-Feb,https://images.unsplash.com/photo-1544717305-2782549b5136?w=800&auto=format&fit=crop&q=80
4689,Satpati Beach & Maritime Hub Palghar,Maharashtra,attraction,19.733333,72.7,budget,4.0,1070,"Situated 12 km from Palghar, celebrated as one of the largest indigenous marine fishing ports in India, featuring a long, breezy sandy coastline lined with coconut palms, hundreds of colorful trawler boats on the Banganga river estuary, and famous across Maharashtra for Bombay Duck (Bombil) and Surmai fish harvesting.",Oct-Feb,https://images.unsplash.com/photo-1512343879784-a960bf40e7f2?w=800&auto=format&fit=crop&q=80
4690,Vasai Fort (Fort Bassein),Maharashtra,attraction,19.33,72.81,mid,4.5,29101,"Constructed in 1536 over 110 acres by the Portuguese overlooking the Ulhas River estuary, a monumental coastal citadel with 10 massive stone bastions, crumbling baroque cathedral ruins, convent chapels, and arches, famously conquered by Maratha General Chimaji Appa in the historic 1739 Battle of Vasai.",Oct-Feb,https://images.unsplash.com/photo-1590766940554-634a7ed41450?w=800&auto=format&fit=crop&q=80
4691,Nemgiri Digambar Jain Caves Jintur,Maharashtra,attraction,19.616667,76.7,budget,4.3,1994,"Perched on the Nemgiri sub-range of the Sahyadri mountains near Jintur, a major Digambar Jain Atishaya Kshetra featuring seven rock-cut caves carved in the 9th and 10th centuries CE under Rashtrakuta Emperor Amoghavarsha, housing majestic monolithic rock-cut statues of Lord Mahavira, Parshvanatha, and the famous 7.5-foot idol of Lord Bahubali.",Oct-Feb,https://images.unsplash.com/photo-1509316975850-ff9c5deb0cd9?w=800&auto=format&fit=crop&q=80
4692,Aga Khan Palace,Maharashtra,attraction,18.55298,73.901794,mid,4.5,15274,"Built in 1892 by Sultan Muhammad Shah Aga Khan III to aid famine-stricken villagers, an Italianate palace with sprawling lawns where Mahatma Gandhi, Kasturba Gandhi, and Mahadev Desai were imprisoned following the Quit India Movement in 1942.",Oct-Feb,https://images.unsplash.com/photo-1608889825103-eb5ed706fc64?w=800&auto=format&fit=crop&q=80
4693,Alandi Sant Dnyaneshwar Samadhi Mandir,Maharashtra,attraction,18.676667,73.896667,budget,4.8,6032,"Situated on the banks of the sacred Indrayani River, the revered spiritual town where the 13th-century saint-philosopher Sant Dnyaneshwar entered Sanjeevan Samadhi in 1296 at the age of twenty-one after writing the Bhavartha Dipika (Dnyaneshwari), serving as the starting point of the revered annual Alandi-Pandharpur Palkhi yatra.",Oct-Feb,https://images.unsplash.com/photo-1590050752117-238cb0fb12b1?w=800&auto=format&fit=crop&q=80
4694,Andharban Dark Cloud Forest Trail,Maharashtra,attraction,18.516667,73.35,budget,4.9,8285,"Meaning 'The Dark Forest', an enchanting 13-kilometer descending monsoon trek starting at Pimpri near Tamhini Ghat and ending at Bhira Dam, winding through dense, sun-blocking jungle canopies, cascading ridge streams, and panoramic vistas overlooking the Kundalika Valley.",Oct-Feb,https://images.unsplash.com/photo-1544717305-2782549b5136?w=800&auto=format&fit=crop&q=80
4695,Bhaja Caves,Maharashtra,attraction,18.73,73.48,budget,4.4,14207,"Dating back to the 2nd century BCE, a group of 22 rock-cut Buddhist caves overlooking the Indrayani river valley, featuring a magnificent horseshoe-arched chaitya hall with authentic ancient wooden ceiling ribs and an open cluster of 14 reliquary stupas.",Oct-Feb,https://images.unsplash.com/photo-1509316975850-ff9c5deb0cd9?w=800&auto=format&fit=crop&q=80
4696,Bhatghar Dam (Lloyd Dam Bhor),Maharashtra,attraction,18.166667,73.85,budget,4.9,21568,"Constructed between 1912 and 1927 on the Velvandi River near Bhor, an architectural triumph of British colonial civil engineering rising 145 feet with a length of over 5,300 feet, celebrated for its 81 ingenious automated self-opening sluice gates that operate entirely on water pressure without electricity, and a heritage landscaped botanical garden.",Oct-Feb,https://images.unsplash.com/photo-1501785888041-af3ef285b470?w=800&auto=format&fit=crop&q=80
4697,Bhigwan Bird Sanctuary (Ujani Dam Backwaters),Maharashtra,attraction,18.283333,74.75,budget,4.4,11586,"Formed by the shallow nutrient-rich backwaters of the massive Ujani Dam on the Bhima River along the Pune-Solapur highway, celebrated across India as the 'Bharatpur of Maharashtra', hosting over 20,000 Greater and Lesser Flamingos, bar-headed geese, painted storks, and birds of prey every winter.",Oct-Feb,https://images.unsplash.com/photo-1593693397690-362cb9666fc2?w=800&auto=format&fit=crop&q=80
4698,Chaskaman Dam Bhima River Pune,Maharashtra,attraction,18.916667,73.816667,budget,4.9,17082,"Constructed across the Bhima River near Rajgurunagar (Khed) in Pune district, an imposing 73-meter-high composite dam that creates an expansive water reservoir set against the Sahyadri mountains, popular for weekend water sports, camping, and scenic monsoon drives.",Oct-Feb,https://images.unsplash.com/photo-1544644181-1484b3fdfc62?w=800&auto=format&fit=crop&q=80
4699,Chintamani Temple Theur,Maharashtra,attraction,18.525,74.05,budget,4.7,24812,"Situated at the confluence of the Mula, Mutha, and Bhima rivers, the fifth Ashtavinayak temple dedicated to Lord Chintamani (the remover of all worries), renowned for its timber-carved sabhamandap built by Madhavrao I Peshwa, who sought solace here and died on the temple premises in 1772.",Oct-Mar,https://images.unsplash.com/photo-1621847468516-1ed5d0df56fe?w=800&auto=format&fit=crop&q=80
4700,Deccan Gymkhana,Maharashtra,attraction,18.51686,73.84353,budget,4.5,2877,"Established in 1906 on the banks of the Mutha River, a premier heritage sports institution and vibrant cultural precinct famous for cricket grounds, Tilak Road cafes, and literary book festivals.",Oct-Feb,https://images.unsplash.com/photo-1609766857041-ed402ea8069a?w=800&auto=format&fit=crop&q=80
4701,Dehu Sant Tukaram Maharaj Sansthan,Maharashtra,attraction,18.716667,73.766667,budget,4.7,21340,"Located on the banks of the holy Indrayani River, the birthplace and spiritual home of the revered 17th-century Varkari saint-poet Sant Tukaram Maharaj, featuring the historic Gatha Mandir where all 4,500 of Tukaram's abhangs are carved on marble walls and the Bhamchandra rock caves where he meditated.",Oct-Feb,https://images.unsplash.com/photo-1621847468516-1ed5d0df56fe?w=800&auto=format&fit=crop&q=80
4702,Dimbhe Dam Ghod River Pune,Maharashtra,attraction,19.1,73.75,budget,4.1,1007,"Constructed on the Ghod River in the rugged Western Ghats of Ambegaon taluka, an imposing 67-meter-high gravity masonry dam that forms a deep blue mountain reservoir surrounded by pristine tribal Mahadev Koli villages, sacred groves, and dense monsoon waterfalls on the route to Bhimashankar.",Oct-Feb,https://images.unsplash.com/photo-1501785888041-af3ef285b470?w=800&auto=format&fit=crop&q=80
4703,Fergusson College Road (FC Road),Maharashtra,attraction,18.521999,73.840952,budget,4.5,11506,"The energetic student hub flanking the historic 1885 Fergusson College campus, lined with trendy street apparel stalls, legendary bakeries (Vaishali, Cafe Goodluck), and book shops.",Oct-Feb,https://images.unsplash.com/photo-1609766857041-ed402ea8069a?w=800&auto=format&fit=crop&q=80
4704,Girijatmaj Temple Lenyadri Caves,Maharashtra,attraction,19.233333,73.883333,budget,4.8,23928,"Perched high in the Sulaiman mountain range overlooking Junnar, the sixth Ashtavinayak shrine, unique for being the only Ashtavinayak temple carved directly inside an ancient rock-cut cave (Cave 7 of a group of 30 Buddhist caves dating from the 1st century CE), reached by climbing 307 stone steps.",Oct-Mar,https://images.unsplash.com/photo-1590050752117-238cb0fb12b1?w=800&auto=format&fit=crop&q=80
4705,ISKCON NVCC Pune,Maharashtra,attraction,18.521218,73.879202,budget,4.9,17942,"A 6-acre temple and spiritual cultural complex featuring ornate stone-carved halls, golden domes, automated dioramas, and deities of Sri Sri Radha Vrindavanchandra.",Oct-Feb,https://images.unsplash.com/photo-1621847468516-1ed5d0df56fe?w=800&auto=format&fit=crop&q=80
4706,Jangli Maharaj Road (JM Road),Maharashtra,restaurant,18.51686,73.84353,mid,4.5,9176,"A prestigious tree-lined avenue running from Deccan Gymkhana to Sancheti Hospital, celebrated for legendary South Indian tiffin houses, traditional Maharashtrian restaurants, and upscale retail stores.",Oct-Feb,https://images.unsplash.com/photo-1601050690597-df0568f70950?w=800&auto=format&fit=crop&q=80
4707,Joshi's Museum of Miniature Railways,Maharashtra,attraction,18.501654,73.822365,mid,4.6,7022,"Created by B.S. Joshi, a world-famous fully automated HO-scale model train city featuring 10 running trains, 26 steam and diesel engines, working signals, ropeways, and a nighttime light show.",Oct-Mar,https://images.unsplash.com/photo-1582555172866-f73bb12a2ab3?w=800&auto=format&fit=crop&q=80
4708,Karla Caves Lonavala,Maharashtra,attraction,18.7825,73.470556,budget,4.9,9861,"Carved into rocky hills along an ancient trade route between 2nd century BCE and 5th century CE, housing India's largest and best-preserved early rock-cut Buddhist Chaitya hall with original 2,000-year-old carved wooden teak ribbed ceilings.",Oct-Feb,https://images.unsplash.com/photo-1518709268805-4e9042af9f23?w=800&auto=format&fit=crop&q=80
4709,Khadakwasla Dam & Promenade,Maharashtra,attraction,18.441667,73.766667,budget,4.7,9761,"Built in 1879 by Captain Fife on the Mutha River to provide drinking water to Pune, a historic masonry dam and reservoir fronted by a bustling promenade overlooking the Sinhagad hills, located adjacent to the prestigious National Defence Academy (NDA).",Oct-Feb,https://images.unsplash.com/photo-1506744038136-46273834b3fb?w=800&auto=format&fit=crop&q=80
4710,Khandala Ghat and Rajmachi Point,Maharashtra,attraction,18.777624,73.377068,budget,4.9,29059,A panoramic mountain overlook facing the formidable twin fortresses of Rajmachi (Shrivardhan and Manaranjan) across a deep Sahyadri valley on the Mumbai-Pune highway.,Oct-Mar,https://images.unsplash.com/photo-1571536802807-30451e3955d8?w=800&auto=format&fit=crop&q=80
4711,Khandoba Temple Jejuri (Sonyachi Jejuri),Maharashtra,attraction,18.275,74.158333,budget,4.9,17942,"Perched on Jayadri hill overlooking the Karha river valley, the principal shrine of Lord Martanda Bhairava (Khandoba), an avatar of Shiva worshiped as the patron deity of Maharashtra's Dhangar and warrior communities, famous for the ecstatic ritual of throwing kilograms of yellow turmeric powder (Bhandara) that turns the entire stone fort golden.",Oct-Mar,https://images.unsplash.com/photo-1621847468516-1ed5d0df56fe?w=800&auto=format&fit=crop&q=80
4712,Korigad Fort,Maharashtra,attraction,18.621,73.385694,mid,4.8,23556,"Perched at 3,050 feet altitude near Aamby Valley, a 15th-century hilltop fort featuring completely intact two-kilometer perimeter battlements, six functioning cannons, two freshwater ponds, and the temple of Korai Devi.",Oct-Feb,https://images.unsplash.com/photo-1590766940554-634a7ed41450?w=800&auto=format&fit=crop&q=80
4713,Kune Waterfalls Khandala,Maharashtra,attraction,18.756944,73.376389,budget,4.4,12714,"Cascading down 660 feet (200 meters) in three dramatic tiers against the dramatic Sahyadri cliffs of Khandala, the 14th highest waterfall in India, set against lush green hills near the Mumbai-Pune Expressway, creating a breathtaking curtain of white mist during the monsoon.",Jul-Oct,https://images.unsplash.com/photo-1546548970-71785318a17b?w=800&auto=format&fit=crop&q=80
4714,Lal Mahal Pune,Maharashtra,attraction,18.518993,73.856616,budget,4.9,18812,"Originally constructed in 1630 by Shahaji Raje Bhonsle for his young son Shivaji Maharaj and Rajmata Jijabai, famous as the site where Shivaji defeated the Mughal general Shaista Khan in 1663.",Oct-Feb,https://images.unsplash.com/photo-1566073771259-6a8506099945?w=800&auto=format&fit=crop&q=80
4715,Laxmi Road Pune,Maharashtra,attraction,18.515862,73.856227,budget,4.4,17523,"A historic 4-kilometer commercial artery stretching from Alka Talkies to Quarter Gate, packed with hundreds of jewelers, traditional Paithani saree emporiums, and festive shopping markets.",Oct-Feb,https://images.unsplash.com/photo-1544717305-2782549b5136?w=800&auto=format&fit=crop&q=80
4716,Lohagad Fort,Maharashtra,attraction,18.70685,73.476661,mid,4.9,29438,"Rising to 3,389 feet in the Sahyadris, one of the strongest hill forts in Maharashtra built across multiple dynasties and used by Shivaji to safeguard royal treasury, famed for its 1.5-km fortified narrow ridge resembling a scorpion's sting.",Oct-Feb,https://images.unsplash.com/photo-1590766940554-634a7ed41450?w=800&auto=format&fit=crop&q=80
4717,Lonavala Hill Station,Maharashtra,attraction,18.758012,73.404684,budget,4.9,19236,"At 2,050 feet altitude in the Sahyadris, the quintessential weekend hill resort of Maharashtra, celebrated for misty monsoon waterfalls, Tiger's Leap, Bhushi Dam, and traditional fudge and chikki.",Oct-Feb,https://images.unsplash.com/photo-1519681393784-d120267933ba?w=800&auto=format&fit=crop&q=80
4718,Lonavala Tiger Point & Bhushi Dam,Maharashtra,attraction,18.76028,73.412714,budget,4.9,8413,"Perched on a 650-meter sheer cliff in the Sahyadris, offering dramatic echoing drop-offs into deep green gorges, paired with the cascading water steps of Bhushi Dam.",Oct-Feb,https://images.unsplash.com/photo-1501785888041-af3ef285b470?w=800&auto=format&fit=crop&q=80
4719,Mahaganapati Temple Ranjangaon,Maharashtra,attraction,18.755556,74.241667,budget,4.9,15779,"Located on the Pune-Ahmednagar highway, the eighth Ashtavinayak shrine where Lord Shiva worshiped Ganesha before slaying the demon Tripurasura, featuring a grand east-facing stone entrance where morning sunrays illuminate the idol during solar equinoxes.",Oct-Mar,https://images.unsplash.com/photo-1621847468516-1ed5d0df56fe?w=800&auto=format&fit=crop&q=80
4720,Malshej Ghat,Maharashtra,attraction,19.34171,73.79089,budget,4.5,8460,"Malshej Ghat, situated in the Pune district of Maharashtra, is a breathtaking mountain pass that boasts of lush green forests, cascading waterfalls, and majestic rock formations. The region is steeped in history, with the Ghats serving as a vital trade route between the western coastal plains and the Deccan Plateau. As a trekker's haven, Malshej Ghat offers a unique blend of adventure, nature, and tranquility, with its rugged terrain, scenic vistas, and diverse wildlife. Visitors can look forward to an unforgettable experience amidst the pristine beauty of the Western Ghats, with opportunities for trekking, camping, rock climbing, and bird watching. The region's picturesque valleys, rolling hills, and serene lakes create a perfect setting for a rejuvenating getaway from the hustle and bustle of city life.",Oct-Mar,https://images.unsplash.com/photo-1561361513-2d000a50f0dc?w=800&auto=format&fit=crop&q=80
4721,Mayureshwar Ganpati Temple Morgaon,Maharashtra,attraction,18.275,74.316667,budget,4.8,28590,"Situated on the banks of the Karha River, the foremost and starting shrine of the eight Ashtavinayak pilgrimage temples of Maharashtra, built during the Bahmani Sultanate with fortress-like stone walls and 4 minaret towers to protect it from invasions, enshrining Lord Ganesha riding a peacock (Mayureshwar).",Oct-Mar,https://images.unsplash.com/photo-1567157577867-05ccb1388e66?w=800&auto=format&fit=crop&q=80
4722,Morachi Chincholi,Maharashtra,attraction,18.81557,74.1565,budget,4.1,1267,"Morachi Chincholi, located in the Ahmednagar district of Maharashtra, is a tranquil village known for its breathtaking natural scenery and exciting outdoor activities. The village is home to numerous peacock sanctuaries, earning it the nickname 'Peacock Sanctuary' or 'Mayur Sanctuary', and is a haven for birdwatchers and nature enthusiasts alike. With its rolling hills, rugged terrain, and picturesque landscapes, Morachi Chincholi offers a unique and exhilarating trekking experience, allowing visitors to immerse themselves in the region's rich flora and fauna. Whether you're a seasoned trekker, a passionate birdwatcher, or simply looking to escape the hustle and bustle of city life, Morachi Chincholi is an ideal destination for those seeking an authentic and unforgettable adventure in the great outdoors.",Oct-Feb,https://images.unsplash.com/photo-1590050752117-238cb0fb12b1?w=800&auto=format&fit=crop&q=80
4723,Mulshi Dam & Tata Hydro Reservoir,Maharashtra,attraction,18.516667,73.516667,budget,4.8,23322,"Built in the 1920s by Tata Power on the Mula River in the Western Ghats near the Tamhini Ghat pass, a colossal hydroelectric gravity dam that forms a pristine mountain lake surrounded by dense Sahyadri forests, cascading seasonal waterfalls, and luxury eco-resorts.",Oct-Feb,https://images.unsplash.com/photo-1506744038136-46273834b3fb?w=800&auto=format&fit=crop&q=80
4724,Mulshi Dam and Lake,Maharashtra,attraction,18.46479,73.46763,budget,4.5,21941,"A picturesque dam constructed across the Mula River in the 1920s by Tata Power, creating a tranquil lake surrounded by dense Sahyadri forests, waterfalls, and eco-resorts.",Oct-Feb,https://images.unsplash.com/photo-1439066615861-d1af74d74000?w=800&auto=format&fit=crop&q=80
4725,Naneghat Ancient Trade Pass & Inscription Cave,Maharashtra,attraction,19.296667,73.680556,budget,4.4,687,"Carved through the sheer basalt cliffs of the Western Ghats between Junnar and Kalyan, a monumental 2,100-year-old mountain trade pass dating to the Satavahana dynasty, featuring a giant stone toll container (Jakat Ranjan) and a famous cave with ancient Brahmi inscriptions detailing royal Vedic sacrifices and the earliest written depiction of numerals.",Oct-Mar,https://images.unsplash.com/photo-1519681393784-d120267933ba?w=800&auto=format&fit=crop&q=80
4726,Panshet Dam & Water Sports Complex,Maharashtra,attraction,18.375,73.616667,mid,4.7,15888,"Constructed in the late 1950s on the Ambi River in the Sahyadri mountains, also known as Tanajisagar Dam, forming a vast mountain reservoir that supplies Pune with drinking water, developed by Maharashtra Tourism into a premier aquatic water sports center offering speedboating, kayaking, and water scooters.",Oct-Feb,https://images.unsplash.com/photo-1501785888041-af3ef285b470?w=800&auto=format&fit=crop&q=80
4727,Parvati Hill and Temple Complex,Maharashtra,attraction,18.497587,73.848238,budget,4.9,5955,"A scenic hillock rising 260 feet above southern Pune, crowned by the historic 1749 Devdeveshwar Shiva Temple built by Peshwa Balaji Baji Rao, reached via 103 stone steps.",Oct-Mar,https://images.unsplash.com/photo-1506197603052-3cc9c3a201bd?w=800&auto=format&fit=crop&q=80
4728,Pataleshwar Cave Temple,Maharashtra,attraction,18.52711,73.85016,budget,4.7,20219,"Carved out of a single massive basalt rock formation during the 8th-century Rashtrakuta period, featuring a circular open-air Nandi pavilion supported by 12 pillars and an underground sanctum dedicated to Lord Shiva.",Oct-Mar,https://images.unsplash.com/photo-1506744038136-46273834b3fb?w=800&auto=format&fit=crop&q=80
4729,Pawna Lake & Dam Camping Hub,Maharashtra,homestay,18.666667,73.483333,budget,4.6,18782,"Formed by the Pavana Dam on the Pavana River near Lonavala, a picturesque artificial reservoir flanked by historic Maratha hill forts (Tikona, Lohagad, Tung, Visapur), renowned as the premier lakeside camping, barbecue, and stargazing hub of western Maharashtra.",Oct-Feb,https://images.unsplash.com/photo-1499793983690-e29da59ef1c2?w=800&auto=format&fit=crop&q=80
4730,Pune Cantonment (Camp & MG Road),Maharashtra,homestay,18.513,73.87983,budget,4.7,11201,"Established in 1817 as the British military station, today a charming heritage precinct filled with colonial bungalows, Parsi fire temples, and legendary bakeries (Kayani Bakery, Marz-O-Rin).",Oct-Feb,https://images.unsplash.com/photo-1510312305653-8ed496efae75?w=800&auto=format&fit=crop&q=80
4731,Purandar Fort & Kedareshwar Peak,Maharashtra,attraction,18.283333,73.983333,mid,4.6,10521,"Rising to 4,587 feet in the Western Ghats, a twin fortress consisting of Purandar and Vajragad, famous as the birthplace of Chhatrapati Sambhaji Maharaj in 1657 and the site of the heroic defense by Murarbaji Deshpande during the 1665 Mughal siege leading to the Treaty of Purandar.",Oct-Feb,https://images.unsplash.com/photo-1585123388867-3bfe6dd4bdbf?w=800&auto=format&fit=crop&q=80
4732,Raja Dinkar Kelkar Museum,Maharashtra,attraction,18.510833,73.854167,mid,4.6,22883,"Amassed over six decades by passionate antiquarian Dr. D. G. Kelkar in memory of his son, an extraordinary museum housing over 20,000 everyday and artistic artifacts of 18th- and 19th-century India, highlighted by the reconstructed royal chamber of Mastani Mahal from Kothrud with carved teak panels and chandeliers.",Oct-Mar,https://images.unsplash.com/photo-1544531586-fde5298cdd40?w=800&auto=format&fit=crop&q=80
4733,Rajgad Fort,Maharashtra,attraction,18.246697,73.680806,mid,4.9,6362,"Towering at 4,514 feet, the formidable mountain citadel that served as the capital of Shivaji's Swarajya for over 26 years, featuring three massive fortified spurs (Padmavati, Suvela, Sanjeevani Machis) and the needle-hole rock Nedhe.",Oct-Feb,https://images.unsplash.com/photo-1585123388867-3bfe6dd4bdbf?w=800&auto=format&fit=crop&q=80
4734,Rajiv Gandhi Zoological Park Katraj,Maharashtra,attraction,18.452766,73.860787,mid,4.9,8871,"A 130-acre zoological park managed by Pune Municipal Corporation, housing a world-class reptile park, white tigers, leopards, and sloth bears surrounding Katraj Lake.",Oct-Feb,https://images.unsplash.com/photo-1534188753412-3e26d0d618d6?w=800&auto=format&fit=crop&q=80
4735,Saras Baug and Talyatla Ganpati,Maharashtra,attraction,18.502067,73.847558,budget,4.9,29838,"A scenic 25-acre landscaped park and historic temple constructed in 1784 by Sawai Madhavrao Peshwa in the dry bed of a former lake, enshrining the beloved 'Talyatla Ganpati'.",Oct-Feb,https://images.unsplash.com/photo-1506744038136-46273834b3fb?w=800&auto=format&fit=crop&q=80
4736,Shaniwar Wada,Maharashtra,attraction,18.519709,73.855318,budget,4.8,24599,"Built in 1732 by Peshwa Baji Rao I, the 7-storey fortified palace seat of the Maratha Empire until 1818, renowned for its massive Dilli Darwaza with anti-elephant spikes and historic fountain courtyards.",Oct-Feb,https://images.unsplash.com/photo-1621847468516-1ed5d0df56fe?w=800&auto=format&fit=crop&q=80
4737,Shivneri Fort,Maharashtra,attraction,19.193308,73.855449,mid,4.9,24688,"A triangular hill citadel rising 1,000 feet above the Junnar plains, featuring seven fortified gateways and the historic prayer room where Chhatrapati Shivaji Maharaj was born on February 19, 1630.",Oct-Feb,https://images.unsplash.com/photo-1585123388867-3bfe6dd4bdbf?w=800&auto=format&fit=crop&q=80
4738,Shreemant Dagdusheth Halwai Ganpati Mandir,Maharashtra,attraction,18.516801,73.857377,budget,4.6,21543,"Established in 1893 by halwai (sweetmaker) Dagdusheth Gadve and Lokmanya Tilak, housing a magnificent 7.5-foot idol of Lord Ganesha adorned with over 40 kilograms of pure gold ornaments.",Oct-Feb,https://images.unsplash.com/photo-1518709268805-4e9042af9f23?w=800&auto=format&fit=crop&q=80
4739,Shri Bhimashankar Jyotirlinga Wildlife Reserve,Maharashtra,attraction,19.093608,73.554609,budget,4.4,17090,"A 131-sq-km wildlife reserve in the Western Ghats protecting dense evergreen moist deciduous forests, one of the 12 sacred Jyotirlingas, and the Shekru (Malabar Giant Squirrel, state animal of Maharashtra).",Oct-Feb,https://images.unsplash.com/photo-1551969014-7d2c4cddf0b6?w=800&auto=format&fit=crop&q=80
4740,Sinhagad Fort,Maharashtra,attraction,18.370698,73.754182,mid,4.9,19840,"Perched at 4,300 feet atop an isolated Sahyadri cliff, the legendary fortress immortalized by Tanaji Malusare's heroic 1670 battle to recapture it for Chhatrapati Shivaji Maharaj.",Oct-Feb,https://images.unsplash.com/photo-1585123388867-3bfe6dd4bdbf?w=800&auto=format&fit=crop&q=80
4741,Tamhini Ghat & Mulshi Lake,Maharashtra,attraction,18.52,73.4,budget,4.9,19635,"Connecting the Pune plateau to the Konkan coastal plains through the Sahyadri mountains, a breathtaking mountain pass that transforms during the monsoon into a misty emerald wonderland of dozens of roadside waterfalls, mossy canyons, and Mulshi Dam backwaters.",Oct-Mar,https://images.unsplash.com/photo-1501785888041-af3ef285b470?w=800&auto=format&fit=crop&q=80
4742,Vighneshwar Temple Ozar,Maharashtra,attraction,19.183333,73.95,budget,4.5,12427,"Situated on the banks of the Kukadi River near Junnar, the seventh Ashtavinayak temple dedicated to Lord Vighneshwar (the destroyer of obstacles who defeated the demon Vighnasura), celebrated for its golden dome and spire added by Chimaji Appa, high protective stone ramparts, and precious ruby eyes on the idol.",Oct-Mar,https://images.unsplash.com/photo-1590050752117-238cb0fb12b1?w=800&auto=format&fit=crop&q=80
4743,Visapur Fort,Maharashtra,attraction,18.723056,73.491667,mid,4.9,5183,"Built between 1713 and 1720 CE by the first Peshwa Balaji Vishwanath atop a sprawling plateau higher and larger than neighboring Lohagad, renowned for its massive continuous fortification walls, stone bastions, rock-cut water tanks, and a unique monsoon trekking trail where hikers climb through a gushing waterfall on ancient stone steps.",Oct-Feb,https://images.unsplash.com/photo-1590766940554-634a7ed41450?w=800&auto=format&fit=crop&q=80
4744,Vishrambaug Wada,Maharashtra,attraction,18.514377,73.853824,budget,4.2,3036,"A grand three-storey Peshwa mansion built in 1807 by Peshwa Baji Rao II, showcasing magnificent carved teakwood pillars, suru-cypress fluted arches, and terracotta tiled courtyards.",Oct-Feb,https://images.unsplash.com/photo-1567157577867-05ccb1388e66?w=800&auto=format&fit=crop&q=80
4745,Alibaug Beach,Maharashtra,attraction,18.639,72.8721,budget,4.6,18231,"The central shoreline of Alibaug town featuring firm black sand, views of Kolaba sea fort jutting out into the ocean, and shallow waters for leisurely swimming.",Oct-Feb,https://images.unsplash.com/photo-1519046904884-53103b34b206?w=800&auto=format&fit=crop&q=80
4746,Ballaleshwar Temple Pali,Maharashtra,attraction,18.533333,73.216667,budget,4.5,16036,"Nestled between the historic hill fort of Sarasgad and the Amba River, the third Ashtavinayak shrine, unique for being the only temple where Lord Ganesha is named after his child-devotee Ballal, featuring an eastern-facing stone sanctum where sunrays fall on the deity during equinoxes and an enormous historic church bell captured from the Portuguese.",Oct-Mar,https://images.unsplash.com/photo-1544717305-2782549b5136?w=800&auto=format&fit=crop&q=80
4747,Devkund Waterfall,Maharashtra,attraction,18.433333,73.416667,budget,4.9,24790,"Hidden deep in the dense forests of the Bhira region where the Kundalika River originates, an ethereal plunge waterfall dropping 80 feet directly into a crystalline turquoise-blue natural rock pool surrounded by soaring vertical cliffs of the Sahyadri mountains.",Jul-Oct,https://images.unsplash.com/photo-1518457607834-6e8d80c183c5?w=800&auto=format&fit=crop&q=80
4748,Diveagar Beach,Maharashtra,attraction,18.172463,72.984923,budget,4.3,593,"A 5-kilometer stretch of sparkling, clean white sand lined with dense suru (casuarina) and betel nut orchards, celebrated for calm, safe waters and traditional Konkani home-stays.",Oct-Feb,https://images.unsplash.com/photo-1509233725247-49e657c54213?w=800&auto=format&fit=crop&q=80
4749,Elephanta Caves,Maharashtra,attraction,18.963895,72.931132,budget,4.9,10448,"Located on Gharapuri Island in Mumbai Harbor, an UNESCO World Heritage site dating to the 6th century CE, carved out of solid basalt rock to honor Lord Shiva, dominated by the colossal 20-foot three-headed Maheshmurti.",Oct-Feb,https://images.unsplash.com/photo-1509316975850-ff9c5deb0cd9?w=800&auto=format&fit=crop&q=80
4750,Harihareshwar,Maharashtra,attraction,17.99509,73.02453,budget,4.5,3625,"Harihareshwar is a tranquil destination located in the Raigad district of Maharashtra, known for its stunning beaches, ancient temples, and breathtaking scenery. The town is surrounded by four hills named Harihareshwar, Harshinachal, Bramhadri, and Pushpadri, which are considered sacred. The area is also home to a variety of flora and fauna, making it a haven for nature lovers and birdwatchers. With its rich history, cultural significance, and natural beauty, Harihareshwar offers a unique and unforgettable experience for visitors. From walking along the pristine shores of Harihareshwar Beach to exploring the historic Somjai Devi Temple, there's something for everyone in this charming town.",Oct-Feb,https://images.unsplash.com/photo-1609766857041-ed402ea8069a?w=800&auto=format&fit=crop&q=80
4751,Imagicaa Theme & Water Park,Maharashtra,attraction,18.761944,73.284722,budget,4.9,20156,"Spread over 130 acres on the Mumbai-Pune Expressway near Khopoli, India's premier international-standard holiday destination featuring nitro roller coasters, indoor dark rides, a massive water park, and Snow Park.",Oct-Feb,https://images.unsplash.com/photo-1519331379826-f10be5486c6f?w=800&auto=format&fit=crop&q=80
4752,Janjira Coastal Fort (Rajapuri Coast),Maharashtra,attraction,18.300156,72.964368,mid,4.3,1066,"The historic coastal fortifications, stone gate outposts, and maritime jetty complex on the mainland at Rajapuri that historically serviced the Siddi kingdom's offshore island citadel.",Oct-Feb,https://images.unsplash.com/photo-1590766940554-634a7ed41450?w=800&auto=format&fit=crop&q=80
4753,Kalavantin Durg & Prabalgad,Maharashtra,attraction,18.983333,73.216667,budget,4.7,23042,"Rising 2,250 feet adjacent to the flat-topped fortress of Prabalgad near Panvel, a sharp needle-shaped basalt rock pinnacle built in the 15th century as a military watchtower, celebrated worldwide for thrilling steps carved directly into the exposed vertical ridge with no safety railings.",Oct-Feb,https://images.unsplash.com/photo-1585320806297-9794b3e4eeae?w=800&auto=format&fit=crop&q=80
4754,Karnala Bird Sanctuary and Fort,Maharashtra,attraction,18.893146,73.112533,mid,4.9,6459,"A 12-square-kilometer sanctuary in the Western Ghats flanking the Mumbai-Goa Highway, sheltering over 222 bird species (including the Malabar trogon and Ashy minivet) and crowned by the 125-foot basalt thumb pillar of Karnala Fort.",Oct-Feb,https://images.unsplash.com/photo-1585123388867-3bfe6dd4bdbf?w=800&auto=format&fit=crop&q=80
4755,Kashid Beach & White Sands,Maharashtra,attraction,18.466667,72.9,budget,4.9,27823,"Tucked between two rocky headlands along the Alibaug-Murud coastal highway, Kashid is celebrated as the premier white-sand beach of North Konkan, featuring clear waters, dramatic high ocean waves, casuarina groves, and adrenaline water sports.",Oct-Feb,https://images.unsplash.com/photo-1509233725247-49e657c54213?w=800&auto=format&fit=crop&q=80
4756,Kihim Beach & Bird Haven,Maharashtra,attraction,18.733333,72.866667,budget,4.9,24445,"Located just 12 km north of Alibaug, a serene sandy beach enveloped by dense coconut, betel-nut, and wild wildflower groves, famous as a birdwatcher's paradise sheltering golden orioles, red-vented bulbuls, and butterflies.",Oct-Feb,https://images.unsplash.com/photo-1507525428034-b723cf961d3e?w=800&auto=format&fit=crop&q=80
4757,Kondana Caves,Maharashtra,attraction,18.816667,73.383333,budget,3.9,656,"Excavated in the 1st century BCE in a lush forested cliff near Kondivade village in Karjat, an ancient Buddhist monastic complex of 16 caves featuring a grand wooden-pillared chaitya hall and monastery cells where a natural monsoon waterfall cascades directly across the cave facade.",Oct-Feb,https://images.unsplash.com/photo-1509316975850-ff9c5deb0cd9?w=800&auto=format&fit=crop&q=80
4758,Korlai Fort and Lighthouse,Maharashtra,attraction,18.5363,72.9081,mid,4.7,2996,"Built by the Portuguese in 1521 on Morro de Chaul rocky promontory overlooking the Kundalika River estuary, featuring stone ramparts, a chapel ruin, a modern lighthouse, and a unique Portuguese-Creole speaking fishing village.",Oct-Feb,https://images.unsplash.com/photo-1585123388867-3bfe6dd4bdbf?w=800&auto=format&fit=crop&q=80
4759,Matheran Automobile-Free Hill Station,Maharashtra,attraction,18.988413,73.26518,budget,4.7,10813,"Perched at 2,600 feet in the Western Ghats, Asia's only automobile-free hill station where motorized vehicles are strictly banned, preserving red laterite dirt paths, heritage toy trains, and 38 cliffside viewpoints.",Oct-Feb,https://images.unsplash.com/photo-1519681393784-d120267933ba?w=800&auto=format&fit=crop&q=80
4760,Matheran Charlotte Lake & Panorama Point,Maharashtra,attraction,18.991064,73.2649,budget,4.9,10077,"The pristine freshwater drinking lake of Matheran nestled in dense evergreen forest, paired with Panorama Point, the highest viewpoint offering 360-degree vistas stretching to Mumbai's harbor.",Oct-Feb,https://images.unsplash.com/photo-1439066615861-d1af74d74000?w=800&auto=format&fit=crop&q=80
4761,Murud Beach,Maharashtra,attraction,18.329713,72.954862,budget,4.5,8029,"A sprawling 1.7-kilometer crescent beach of golden sand fringed by betel nut and coconut groves, overlooking the distant Nawab Palace on a cliff and Janjira fort in the sea.",Oct-Feb,https://images.unsplash.com/photo-1512343879784-a960bf40e7f2?w=800&auto=format&fit=crop&q=80
4762,Murud-Janjira Sea Fort,Maharashtra,attraction,18.3319,72.9608,mid,4.6,28263,"Standing on an oval rock 500 meters offshore in the Arabian Sea, an unconquered 15th-century marine fortress with 19 rounded bastions, deep freshwater sweet lakes inside sea waves, and the massive third-largest cannon in India (Kalal Bangdi).",Oct-Feb,https://images.unsplash.com/photo-1585123388867-3bfe6dd4bdbf?w=800&auto=format&fit=crop&q=80
4763,Nagaon Beach & Water Sports,Maharashtra,attraction,18.6,72.9,mid,4.7,22409,"A flat, 3-km long hard-sand beach lined with dense suru (casuarina) and betel-nut plantations south of Alibaug, famous as the primary water-sports and family recreation beach in the Alibaug coastal circuit.",Oct-Feb,https://images.unsplash.com/photo-1509233725247-49e657c54213?w=800&auto=format&fit=crop&q=80
4764,Raigad Fort,Maharashtra,attraction,18.239013,73.426059,mid,4.9,11259,"Perched at 2,700 feet on an impregnable wedge-shaped Sahyadri plateau, the revered capital of the Maratha Empire where Chhatrapati Shivaji Maharaj was crowned Chhatrapati in 1674.",Oct-Feb,https://images.unsplash.com/photo-1585123388867-3bfe6dd4bdbf?w=800&auto=format&fit=crop&q=80
4765,Sagargad Fort Alibaug,Maharashtra,attraction,18.666667,72.95,mid,4.2,513,"Perched at 1,357 feet overlooking the Arabian Sea and Dharamtar Creek near Alibaug, a historic hill fortress dating back to the Silaharas and strengthened by Shivaji Maharaj in 1660, renowned for its dramatic monsoon waterfall (Dodhani / Dhondane Falls) that plunges hundreds of feet into the valley, and the temple of Siddheshwar.",Oct-Feb,https://images.unsplash.com/photo-1599661046289-e31897846e41?w=800&auto=format&fit=crop&q=80
4766,Shrivardhan Beach & Peshwa Smarak,Maharashtra,attraction,18.033333,73.016667,budget,4.6,13220,"The historic birthplace and ancestral seat of the Bhat Peshwas (including Peshwa Balaji Vishwanath), featuring a beautifully landscaped seaside promenade along a black-and-white sand beach, water sports, and historical Peshwa memorials.",Oct-Feb,https://images.unsplash.com/photo-1509233725247-49e657c54213?w=800&auto=format&fit=crop&q=80
4767,Varadvinayak Temple Mahad,Maharashtra,attraction,18.783333,73.35,budget,4.5,29416,"Surrounded by a tranquil pond adorned with water lilies in Mahad village near Khopoli, the fourth Ashtavinayak temple dedicated to Lord Varadvinayak (the fulfiller of all desires), famous for an eternal oil flame (Nandadeep) that has been kept burning continuously without extinguishing since 1892.",Oct-Mar,https://images.unsplash.com/photo-1590050752117-238cb0fb12b1?w=800&auto=format&fit=crop&q=80
4768,Aare Ware Twin Beaches,Maharashtra,attraction,17.075,73.275,budget,4.7,16115,"A pair of secluded crescent-shaped virgin beaches separated by a high laterite promontory along the scenic MSH-4 Sagari Mahamarg between Ratnagiri and Ganpatipule, renowned for dramatic cliff-edge views over turquoise waves and white sands.",Oct-Feb,https://images.unsplash.com/photo-1509233725247-49e657c54213?w=800&auto=format&fit=crop&q=80
4769,Anjarle Beach & Kadyavarcha Ganpati,Maharashtra,attraction,17.848056,73.108056,budget,4.9,15900,"A pristine, palm-fringed coastal haven near Dapoli where the Jog River empties into the Arabian Sea, famous for white sands, Olive Ridley sea turtle nesting, and the ancient hilltop Kadyavarcha Ganpati temple with a right-facing trunk.",Oct-Feb,https://images.unsplash.com/photo-1509233725247-49e657c54213?w=800&auto=format&fit=crop&q=80
4770,Bhandarpule Beach,Maharashtra,attraction,17.133333,73.266667,budget,4.7,1964,"Nestled just 2 kilometers south of Ganpatipule, a peaceful 2-km crescent beach flanked by lush green hillocks and coconut plantations, offering an idyllic, peaceful sanctuary away from the temple crowds of Ganpatipule.",Oct-Feb,https://images.unsplash.com/photo-1507525428034-b723cf961d3e?w=800&auto=format&fit=crop&q=80
4771,Bhatye Beach & Coconut Research Station,Maharashtra,attraction,16.966667,73.283333,budget,4.6,19315,"A long, flat 1.5-km silver-black sand beach lying at the mouth of the Kajali River estuary in Ratnagiri, backed by dense casuarina plantations and housing the prestigious Regional Coconut Research Station that develops hybrid coconut varieties.",Oct-Feb,https://images.unsplash.com/photo-1519046904884-53103b34b206?w=800&auto=format&fit=crop&q=80
4772,Chiplun Konkan Town,Maharashtra,attraction,17.54263,73.52088,budget,3.9,431,"A historic Konkan town on the banks of the Vashishti River, famous for the 300-year-old Parshuram Temple, sprawling Alphonso mango orchards, and emerald river valleys.",Oct-Feb,https://images.unsplash.com/photo-1567157577867-05ccb1388e66?w=800&auto=format&fit=crop&q=80
4773,Ganeshgule Beach & Ancient Well,Maharashtra,attraction,16.85,73.3,budget,4.1,1271,"Situated 25 km south of Ratnagiri, a pristine 1.5-km secluded white-sand beach hemmed by verdant hillocks, famous for the ancient Swayambhu Ganesha Temple perched 70 feet on a hillside and a mysterious ancient stone well that never dries up.",Oct-Feb,https://images.unsplash.com/photo-1507525428034-b723cf961d3e?w=800&auto=format&fit=crop&q=80
4774,Ganpatipule Temple & Beach,Maharashtra,attraction,17.148056,73.268056,budget,4.9,11946,"Nestled along the pristine Konkan coast, a 400-year-old self-manifested (Swayambhu) monolithic Ganesha temple situated directly at the base of a verdant hill right on the golden sands of the Arabian Sea.",Oct-Mar,https://images.unsplash.com/photo-1509233725247-49e657c54213?w=800&auto=format&fit=crop&q=80
4775,Guhagar Beach & Vyadeshwar Temple,Maharashtra,attraction,17.483333,73.2,budget,4.9,7801,"One of the longest and cleanest beaches in Konkan, stretching 6 kilometers with golden sands, rolling surf, and dense betel nut (supari) and alphonso mango groves, anchored by the ancient Panchayatana Shiva temple of Shri Vyadeshwar.",Oct-Mar,https://images.unsplash.com/photo-1519046904884-53103b34b206?w=800&auto=format&fit=crop&q=80
4776,Jaigad Fort & Sangam Lighthouse,Maharashtra,attraction,17.3,73.216667,mid,4.7,18516,"Constructed in the 16th century on a commanding coastal cliff at the entrance of the Shastri River estuary where it empties into the Arabian Sea, featuring sturdy laterite stone ramparts with intact defensive moats, Kanhoji Angre's naval post, and an adjacent 1932 cast-iron lighthouse offering spectacular aerial coastal panoramas.",Oct-Feb,https://images.unsplash.com/photo-1599661046289-e31897846e41?w=800&auto=format&fit=crop&q=80
4777,Ratnadurg Fort & Bhagwati Temple,Maharashtra,attraction,16.996667,73.275,mid,4.9,28440,"Perched on a high promontory jutting into the Arabian Sea, an expansive horseshoe-shaped coastal fortress covering 120 acres built in the 16th century by the Bahmanis and renovated by Shivaji in 1670, surrounded by ocean on three sides, housing the revered Bhagwati Temple and a working maritime lighthouse.",Oct-Mar,https://images.unsplash.com/photo-1585123388867-3bfe6dd4bdbf?w=800&auto=format&fit=crop&q=80
4778,Thiba Palace Ratnagiri,Maharashtra,attraction,16.983333,73.3,mid,4.4,20554,"Constructed in 1910 by the British colonial government on a hill overlooking the Someshwar River and Arabian Sea, an imposing three-storeyed red laterite palace with sloping tin roofs and Burmese teakwood carvings, built to hold the exiled last King Thibaw and Queen Supayalat of Burma during their royal internment from 1911 until his death in 1916.",Oct-Feb,https://images.unsplash.com/photo-1584551246679-0daf3d275d0f?w=800&auto=format&fit=crop&q=80
4779,Velas Beach,Maharashtra,attraction,17.94194,73.03155,budget,4.3,839,"Velas Beach, nestled in the Ratnagiri district of Maharashtra, is a picturesque coastal destination known for its stunning sunrises, soft sandy shores, and the unique opportunity to witness the nesting of Olive Ridley turtles. The beach is surrounded by lush greenery and offers a serene atmosphere, perfect for those looking to escape the chaos of city life. With its gentle waves and shallow waters, Velas Beach is an ideal spot for swimming and sunbathing, while the nearby village offers a glimpse into traditional Maharashtrian culture and cuisine.",Oct-Feb,https://images.unsplash.com/photo-1509233725247-49e657c54213?w=800&auto=format&fit=crop&q=80
4780,Velneshwar Beach & Shiva Temple,Maharashtra,attraction,17.383333,73.216667,budget,4.8,20486,"A picturesque crescent-shaped beach located 16 km from Guhagar, noted for calm rock-free waters safe for swimming, towering coconut groves, and an ancient 1,200-year-old temple of Lord Velneshwar (Shiva) frequented by pilgrims during Maha Shivratri.",Oct-Mar,https://images.unsplash.com/photo-1512343879784-a960bf40e7f2?w=800&auto=format&fit=crop&q=80
4781,32 Shirala Nagoba Temple Sangli,Maharashtra,attraction,16.983333,74.133333,budget,4.5,14533,"Situated in Shirala taluka in Sangli district, world-famous for its ancient temple of Nagoba (the Serpent God) and the centuries-old traditional Nag Panchami festival where live wild cobras were reverently caught, blessed in village processions without harming them, and released back into the wild, recognized globally as a unique cultural marvel.",Oct-Mar,https://images.unsplash.com/photo-1544717305-2782549b5136?w=800&auto=format&fit=crop&q=80
4782,Audumbar Datta Temple Sangli,Maharashtra,attraction,17.05,74.416667,budget,4.6,10055,"Nestled under lush canopies of sacred cluster fig (Audumbar) trees on the serene banks of the Krishna River near Tasgaon, one of the foremost shrines dedicated to Lord Dattatreya, sanctified by the presence of Narasimha Saraswati (the second avatar of Dattatreya) in the 14th century, celebrated for deep meditative tranquility.",Oct-Mar,https://images.unsplash.com/photo-1621847468516-1ed5d0df56fe?w=800&auto=format&fit=crop&q=80
4783,Sagareshwar Wildlife Sanctuary Sangli,Maharashtra,attraction,17.15,74.333333,budget,4.5,25046,"Covering 10.87 square kilometers across the dry hills of Sangli district, an internationally recognized conservation miracle as India's first completely man-made wildlife sanctuary afforested from barren land through the grassroots visionary leadership of D. M. Mohite, today a flourishing forested home to over 1,000 spotted deer, sambar, blackbucks, and wild boars.",Oct-Feb,https://images.unsplash.com/photo-1439066615861-d1af74d74000?w=800&auto=format&fit=crop&q=80
4784,Warna Dam (Chandoli Reservoir),Maharashtra,attraction,17.133333,73.866667,budget,4.1,1298,"Constructed on the Warna River in the Western Ghats near Shirala, a massive 59-meter-high earthen dam that forms the sprawling Vasant Sagar reservoir, nestled within the buffer of the UNESCO World Heritage Western Ghats Chandoli National Park, home to Bengal tigers, Indian gaurs, and magnificent mountain viewpoints like Kandhar Falls.",Oct-Feb,https://images.unsplash.com/photo-1506744038136-46273834b3fb?w=800&auto=format&fit=crop&q=80
4785,Ajinkyatara Fort Satara,Maharashtra,attraction,17.671667,73.996667,mid,4.7,16945,"Rising 3,300 feet directly in the center of the Satara valley, a historic fortress originally constructed in 1190 by Raja Bhoj II of the Shilahara dynasty, renamed Ajinkyatara ('The Impregnable Star') by Tarabai, serving as the 18th-century capital of the Maratha Empire under Chhatrapati Shahu I.",Oct-Feb,https://images.unsplash.com/photo-1599661046289-e31897846e41?w=800&auto=format&fit=crop&q=80
4786,Dhom Dam & Krishna Valley Wai,Maharashtra,attraction,17.983333,73.816667,budget,4.4,19054,"Constructed in 1982 across the holy Krishna River near Wai at the base of the Panchgani plateau, a massive 50-meter-high earthfill and gravity dam forming a glittering turquoise reservoir surrounded by steep Sahyadri cliffs, Kamalgad Fort, and Bollywood film shooting locations.",Oct-Feb,https://images.unsplash.com/photo-1506744038136-46273834b3fb?w=800&auto=format&fit=crop&q=80
4787,Kaas Plateau (Kaas Pathar - Valley of Flowers),Maharashtra,attraction,17.720833,73.818889,budget,4.9,5146,"An UNESCO World Natural Heritage laterite tableland in the Western Ghats covering 10 square kilometers, which erupts every monsoon into a magical carpet of over 850 species of endemic wild flowers and carnivorous plants.",Oct-Feb,https://images.unsplash.com/photo-1441974231531-c6227db76b6e?w=800&auto=format&fit=crop&q=80
4788,Koyna Dam & Lake Shivasagar,Maharashtra,attraction,17.398611,73.748611,budget,4.9,6464,"Constructed on the Koyna River in the Western Ghats, the largest completed hydroelectric power plant in Maharashtra with a generating capacity of nearly 2,000 MW, creating the massive 50-kilometer long Shivsagar Lake flanked by dense UNESCO-protected evergreen forests of the Koyna Wildlife Sanctuary.",Oct-Feb,https://images.unsplash.com/photo-1506744038136-46273834b3fb?w=800&auto=format&fit=crop&q=80
4789,Lodwick Point & Elephant's Head Point,Maharashtra,attraction,17.930556,73.636111,budget,4.9,18539,"Perched at 4,068 feet on the western edge of Mahabaleshwar, an extraordinary natural rock overhang that extends into the deep Koyna valley, bearing an uncanny resemblance to an elephant's head and trunk, accompanied by a 25-foot stone obelisk erected in memory of General Lodwick who was the first European to scale Mahabaleshwar in 1824.",Oct-Feb,https://images.unsplash.com/photo-1582510003544-4d00b7f74220?w=800&auto=format&fit=crop&q=80
4790,Mahabaleshwar Hill Station,Maharashtra,attraction,17.92601,73.65668,budget,4.8,13790,"A colonial-era hill station at 4,440 feet in the Sahyadris, famous for strawberry plantations (producing 85% of India's strawberries), Venna Lake boating, and cliffside viewpoints.",Oct-Feb,https://images.unsplash.com/photo-1486870591958-9b9d0d1dda99?w=800&auto=format&fit=crop&q=80
4791,Panchgani Hill Station,Maharashtra,attraction,17.92476,73.80563,budget,4.8,13416,"Surrounded by five hills of the Sahyadri range at 4,240 feet, celebrated for the vast 95-acre Table Land (Asia's second-longest volcanic plateau), strawberry farms, and colonial boarding schools.",Oct-Feb,https://images.unsplash.com/photo-1464822759023-fed622ff2c3b?w=800&auto=format&fit=crop&q=80
4792,Pratapgad Fort,Maharashtra,attraction,17.933333,73.583333,mid,4.6,18918,"Constructed in 1656 by Prime Minister Moropant Trimbak Pingle under the orders of Chhatrapati Shivaji Maharaj, standing on a prominent spur 3,540 feet high commanding the coastal pass, renowned for the historic 1659 Battle of Pratapgad where Shivaji defeated the Bijapuri general Afzal Khan.",Oct-Feb,https://images.unsplash.com/photo-1585123388867-3bfe6dd4bdbf?w=800&auto=format&fit=crop&q=80
4793,Rajpuri Caves Panchgani,Maharashtra,attraction,17.916667,73.816667,budget,4.0,792,"Situated in Rajpuri village 7 km from Panchgani, four ancient rock-cut caves believed to have served as the shelter of the Pandavas during their exile, enshrining the ancient temple of Lord Kartikeya where women are traditionally not permitted inside the sanctum, surrounded by several holy water ponds (kunds) believed to be fed by the holy Ganges.",Oct-Feb,https://images.unsplash.com/photo-1509316975850-ff9c5deb0cd9?w=800&auto=format&fit=crop&q=80
4794,Sajjangad Fort & Samarth Ramdas Samadhi,Maharashtra,attraction,17.65,73.9,mid,4.6,10313,"Perched at 3,350 feet overlooking the Urmodi Dam reservoir, a spiritual hill fort originally built by Bahmani rulers in the 14th century, bestowed by Chhatrapati Shivaji Maharaj to his spiritual preceptor Sant Samarth Ramdas Swami, who wrote the Dasbodh and attained samadhi here in 1681.",Oct-Feb,https://images.unsplash.com/photo-1585123388867-3bfe6dd4bdbf?w=800&auto=format&fit=crop&q=80
4795,Shikhar Shingnapur Mahadev Temple Satara,Maharashtra,attraction,17.783333,74.65,budget,4.7,27297,"Perched at 3,000 feet atop an isolated hill in Maan taluka of Satara district, an ancient and immensely revered Shiva temple dedicated to Lord Shambhu Mahadev, venerated as the supreme Kuldevata (tutelary deity) of the royal Bhonsle dynasty including Chhatrapati Shivaji Maharaj who frequently visited for blessings, famous for the Chaitra Purnima fair.",Oct-Mar,https://images.unsplash.com/photo-1486870591958-9b9d0d1dda99?w=800&auto=format&fit=crop&q=80
4796,Sydney Point Panchgani,Maharashtra,attraction,17.933333,73.816667,budget,4.9,11629,"Situated on a high hillock facing the Krishna River valley at the entrance of Panchgani, named after Sir Sidney Beckwirth who succeeded Sir John Malcolm as Governor of Bombay in 1830, offering unobstructed panoramic views of the turquoise waters of Dhom Dam, Kamalgad Fort, and the town of Wai.",Oct-Feb,https://images.unsplash.com/photo-1518709268805-4e9042af9f23?w=800&auto=format&fit=crop&q=80
4797,Table Land Panchgani,Maharashtra,attraction,17.925,73.805556,budget,4.6,5216,"Rising 4,550 feet above sea level, a colossal 95-acre flat laterite mountain plateau in Panchgani, recognized as the second longest and largest plateau in Asia after the Tibetan Plateau, offering sweeping 360-degree aerial views of the Krishna River valley, Devil's Kitchen caves, and horse-riding trails.",Oct-Feb,https://images.unsplash.com/photo-1518709268805-4e9042af9f23?w=800&auto=format&fit=crop&q=80
4798,Thoseghar Waterfalls Satara,Maharashtra,attraction,17.598611,73.850278,budget,4.9,20991,"Plunging through a deep verdant ravine at the edge of the Konkan Ghats, a spectacular series of cascading waterfalls ranging from 15 to 200 meters (reaching over 1,000 feet total drop), equipped with well-fenced Forest Department viewing platforms overlooking the roaring spray.",Jul-Oct,https://images.unsplash.com/photo-1518457607834-6e8d80c183c5?w=800&auto=format&fit=crop&q=80
4799,Venna Lake Mahabaleshwar,Maharashtra,attraction,17.923611,73.688889,budget,4.9,27783,"Constructed in 1842 by Appasaheb Maharaj (Raja of Satara) across 28 acres amidst towering pine, eucalyptus, and oak trees, the premier iconic recreational hub of Mahabaleshwar hill station, famed for colorful row and paddle boating, lakeside horse riding, strawberry stalls, and vibrant evening carnivals.",Oct-Feb,https://images.unsplash.com/photo-1544644181-1484b3fdfc62?w=800&auto=format&fit=crop&q=80
4800,Achara Beach & Rameshwar Temple,Maharashtra,attraction,16.2,73.433333,budget,4.4,1393,"Situated 22 km north of Malvan, a calm white sand beach renowned for resident dolphin sightings, estuary boat safaris, and the historic 16th-century Shri Inamdar Rameshwar Temple preserving copper-plate grants awarded by Chhatrapati Sambhaji Maharaj.",Oct-Mar,https://images.unsplash.com/photo-1512343879784-a960bf40e7f2?w=800&auto=format&fit=crop&q=80
4801,Amboli Ghat Rainforest & Waterfalls,Maharashtra,attraction,15.96,74.0,budget,4.4,11772,"Perched at 2,260 feet (690 m) in the southern Sahyadri ranges of the Western Ghats, the wettest hill station in Maharashtra receiving nearly 7,500 mm of annual rainfall, celebrated for roaring roadside waterfalls, deep misty gorges, and rich endemic frog and reptile biodiversity.",Jul-Oct,https://images.unsplash.com/photo-1546548970-71785318a17b?w=800&auto=format&fit=crop&q=80
4802,Bhogave Beach & Karli Estuary,Maharashtra,attraction,15.966667,73.516667,budget,4.5,8439,"Located directly across the Karli River from Tarkarli, an exquisite, roadless golden-sand spit stretching for miles where the river merges with the Arabian Sea, famed for foaming surf, sea-eagle habitats, and views of Nivati Fort.",Oct-Feb,https://images.unsplash.com/photo-1512343879784-a960bf40e7f2?w=800&auto=format&fit=crop&q=80
4803,Chivla Beach Malvan,Maharashtra,attraction,16.066667,73.466667,budget,4.5,11004,"A tranquil, clean horseshoe-shaped cove beach located right in Malvan town, celebrated for shallow, rock-free waters safe for children to swim, morning fisherman auctions landing fresh surmai and pomfret, and picturesque sunset strolls.",Oct-Feb,https://images.unsplash.com/photo-1507525428034-b723cf961d3e?w=800&auto=format&fit=crop&q=80
4804,Devbag Beach & Tsunami Island,Maharashtra,attraction,15.983333,73.5,budget,4.6,22302,"A breathtaking narrow coastal peninsula where the Arabian Sea laps on one side and the calm Karli River flows on the other, featuring Tsunami Island (a sand island formed in the estuary) which serves as the premier water sports and parasailing hub of South Konkan.",Oct-Feb,https://images.unsplash.com/photo-1507525428034-b723cf961d3e?w=800&auto=format&fit=crop&q=80
4805,Kunkeshwar Beach & Shiva Temple,Maharashtra,attraction,16.333333,73.3,budget,4.5,12375,"Revered as the 'Kashi of South Konkan', an ancient 12th-century stone temple built by the Yadavas right on the edge of the Arabian Sea, overlooking a pristine 5-kilometer white sand beach fringed by world-famous Devgad Alphonso mango orchards.",Oct-Mar,https://images.unsplash.com/photo-1509233725247-49e657c54213?w=800&auto=format&fit=crop&q=80
4806,Nivati Beach & Golden Rocks,Maharashtra,attraction,15.933333,73.533333,budget,4.5,7590,"A secluded coastal cove famed for its dramatic golden-hued rock formations emerging from turquoise waters, an undisturbed beach lagoon, and the historic 17th-century Nivati Fort built by Chhatrapati Shivaji Maharaj to command the shipping channels.",Oct-Feb,https://images.unsplash.com/photo-1509233725247-49e657c54213?w=800&auto=format&fit=crop&q=80
4807,Sagareshwar Beach & Vengurla Port,Maharashtra,attraction,15.85,73.633333,budget,4.9,29946,"Located in Vengurla in southern Sindhudurg just 30 km north of Goa, an untouched golden sand crescent beach bordered by swaying casuarina and coconut groves, featuring the ancient rock temple of Sagareshwar (Lord Shiva of the Sea), offering dolphin-spotting boat trips and historical ruins of Dutch trading warehouses from the 1630s.",Oct-Feb,https://images.unsplash.com/photo-1519046904884-53103b34b206?w=800&auto=format&fit=crop&q=80
4808,Shiroda Beach,Maharashtra,attraction,15.782,73.6543,budget,4.4,1423,"Shiroda Beach is a quiet, uncrowded coastal stretch situated in the Vengurla taluka of Sindhudurg district, Maharashtra. Renowned for its powdery white sand, crystal-clear blue waters, and surrounding casuarina plantations, it offers a peaceful alternative to the busy beaches of neighboring Goa. The beach is also closely linked to India's freedom struggle, as it was a site of the Salt Satyagraha in 1930.",Oct-Feb,https://images.unsplash.com/photo-1512343879784-a960bf40e7f2?w=800&auto=format&fit=crop&q=80
4809,Tarkarli Beach & Scuba Diving,Maharashtra,attraction,16.033333,73.483333,luxury,4.9,7876,"Located at the confluence of the Karli River and the Arabian Sea, a pristine white sand coastal stretch celebrated as Maharashtra's premier scuba diving and water sports haven, featuring crystal-clear turquoise waters and coral reefs.",Oct-Feb,https://images.unsplash.com/photo-1509233725247-49e657c54213?w=800&auto=format&fit=crop&q=80
4810,Vijaydurg Fort (Eastern Gibraltar),Maharashtra,attraction,16.558333,73.333333,mid,4.4,13358,"Constructed in 1195 by the Shilahara dynasty and massively fortified by Chhatrapati Shivaji Maharaj in 1653, known as the 'Gibraltar of the East', featuring 27 triple-layered stone bastions, a 200-meter underwater defensive stone wall, and the historic naval shipyard of Admiral Kanhoji Angre.",Oct-Feb,https://images.unsplash.com/photo-1599661046289-e31897846e41?w=800&auto=format&fit=crop&q=80
4811,Akkalkot Swami Samarth Maharaj Sansthan,Maharashtra,attraction,17.525,76.2,budget,4.9,28125,"Located 40 km from Solapur, the holy seat and samadhi of the revered 19th-century Dattatreya incarnation Shri Swami Samarth Maharaj of Akkalkot, centered around the sacred Vatavruksha (Banyan Tree) where Swami Samarth sat and performed miracles for twenty-two years, featuring a grand temple and massive free food distribution (Annachhatra).",Oct-Feb,https://images.unsplash.com/photo-1609766857041-ed402ea8069a?w=800&auto=format&fit=crop&q=80
4812,Pandharpur Vitthal-Rukmini Mandir,Maharashtra,attraction,17.676667,75.328333,budget,4.8,15577,"Standing on the banks of the Chandrabhaga (Bhima) River, the supreme spiritual heart of Maharashtra dedicated to Lord Vitthal (Vithoba) and Goddess Rukmini, celebrated since the 12th century by saint-poets Dnyaneshwar, Tukaram, and Namdev, and destination of the world-famous annual Ashadhi Ekadashi Wari pilgrimage.",Oct-Feb,https://images.unsplash.com/photo-1544717305-2782549b5136?w=800&auto=format&fit=crop&q=80
4813,Siddheshwar Temple Solapur,Maharashtra,attraction,17.666667,75.9,budget,4.7,17799,"Set in the tranquil waters of an expansive lake directly adjacent to the historic Solapur Bhuikot Fort, an ancient 12th-century temple complex dedicated to Saint Siddharameshwar (the great Lingayat mystic and town builder of Solapur who attained Samadhi here), featuring 68 holy Shiva lingams and the world-famous annual Gadda Yatra in January.",Oct-Mar,https://images.unsplash.com/photo-1544717305-2782549b5136?w=800&auto=format&fit=crop&q=80
4814,Ajoba Hill Peak & Valmiki Ashram,Maharashtra,attraction,19.45,73.716667,budget,3.9,607,"Soaring to 4,511 feet in the Sahyadris near Asangaon, one of the highest peaks in the Kalsubai mountain range, sacred in Hindu tradition as the mountain retreat of Sage Valmiki (affectionately called 'Ajoba' or grandfather by Lava and Kusha), featuring the historic Valmiki Ashram cave, natural mountain water streams, and the rock-cut cradle of Lava-Kusha.",Oct-Feb,https://images.unsplash.com/photo-1506197603052-3cc9c3a201bd?w=800&auto=format&fit=crop&q=80
4815,Gorakhgad Fort & Pinnacle Cave,Maharashtra,hotel,19.19,73.54,budget,4.3,3096,"Named after saint Gorakhnath who meditated here, a dramatic 2,137-foot vertical rock pinnacle rising sharply out of the Sahyadri forest in Dehari village near Murbad, famous for an exhilarating climb up near-vertical stone steps carved into a narrow rock ridge leading to spacious meditation caves and a summit watchtower.",Oct-Feb,https://images.unsplash.com/photo-1542314831-068cd1dbfeeb?w=800&auto=format&fit=crop&q=80
4816,Mahuli Fort (Highest Point in Thane),Maharashtra,attraction,19.466667,73.25,mid,3.9,1212,"Soaring to 2,815 feet within the Tansa Wildlife Sanctuary, the highest point in Thane district, an ancient triangular mountain fortress comprising Palasgad, Mahuli, and Bhandargad, renowned for thrilling trekking trails climbing through sheer rock chimneys and iron ladders, and the 1636 Mughal treaty signed by Shahaji Maharaj.",Oct-Feb,https://images.unsplash.com/photo-1599661046289-e31897846e41?w=800&auto=format&fit=crop&q=80
4817,Tansa Wildlife Sanctuary & Lake,Maharashtra,attraction,19.55,73.266667,budget,4.2,903,"Spanning 320 square kilometers of dense deciduous forest around the historic 1892 Tansa Dam reservoir in Shahapur taluka, serving as one of Mumbai's crucial drinking water sources while providing sanctuary to leopards, barking deer, wild boars, four-horned antelopes (chousingha), and over 200 species of birds.",Oct-Feb,https://images.unsplash.com/photo-1501785888041-af3ef285b470?w=800&auto=format&fit=crop&q=80
4818,Thane Creek Flamingo Sanctuary,Maharashtra,attraction,19.155556,72.994444,budget,4.9,10732,"Designated as a Ramsar Site of International Importance spanning 1,690 hectares along the western bank of Thane Creek, a globally vital urban mangrove and wetland habitat where over 100,000 Greater and Lesser Flamingos migrate every winter, transforming the mudflats into a breathtaking sea of pink.",Oct-Feb,https://images.unsplash.com/photo-1549366021-9f761d450615?w=800&auto=format&fit=crop&q=80
4819,Yeoor Hills & Upvan Lake Thane,Maharashtra,attraction,19.233333,72.95,budget,4.9,22336,"Nestled in the eastern buffer of Sanjay Gandhi National Park in Thane, a serene forest hill tract known locally as 'Mama Bhanja Hills' featuring lush deciduous woodland, perennial mountain streams, tribal Warli padas, leopards, butterflies, and the picturesque Upvan Lake at its base celebrated for its winter music and art festival.",Oct-Feb,https://images.unsplash.com/photo-1501785888041-af3ef285b470?w=800&auto=format&fit=crop&q=80
4820,Bor Tiger Reserve & Wildlife Sanctuary,Maharashtra,attraction,20.966667,78.683333,budget,4.9,8318,"Covering 138 square kilometers centered around the picturesque Bor Dam reservoir in the Wardha valley, officially notified as India's smallest tiger reserve in 2014, acting as an essential ecological corridor connecting Tadoba-Andhari and Pench Tiger Reserves with healthy populations of Bengal tigers, leopards, and sambar.",Oct-Feb,https://images.unsplash.com/photo-1549366021-9f761d450615?w=800&auto=format&fit=crop&q=80
4821,Sevagram Ashram Wardha,Maharashtra,attraction,20.708333,78.608333,budget,4.6,18011,"Founded in 1936 by Mahatma Gandhi as his permanent headquarters in rural India, a serene sanctuary of simple mud and timber huts constructed using only locally sourced materials, where crucial national decisions directing the Quit India Movement of 1942 and the independence struggle were formulated.",Oct-Feb,https://images.unsplash.com/photo-1582510003544-4d00b7f74220?w=800&auto=format&fit=crop&q=80
4822,Isapur Dam Painganga,Maharashtra,attraction,19.733333,77.45,budget,4.0,1171,"Constructed on the Painganga River on the border of Yavatmal and Hingoli districts, recognized as one of the largest earthfill dams in Asia measuring an astonishing 4,120 meters in length and 57 meters in height, creating a colossal freshwater reservoir with an active capacity of over 1.25 billion cubic meters.",Oct-Feb,https://images.unsplash.com/photo-1544644181-1484b3fdfc62?w=800&auto=format&fit=crop&q=80
4823,Tipeshwar Wildlife Sanctuary,Maharashtra,attraction,19.983333,78.583333,budget,3.9,767,A less-commercialized basalt-lava wildlife reserve boasting thriving tiger and leopard populations without large jeep convoys.,Oct-Feb,https://images.unsplash.com/photo-1551969014-7d2c4cddf0b6?w=800&auto=format&fit=crop&q=80
4824,Barshitakli,Maharashtra,attraction,20.7042,77.0602,budget,4.9,18680,"A prominent heritage destination in Akola district showcasing Maharashtra's rich historical, cultural, and ecological heritage.",Oct-Feb,https://images.unsplash.com/photo-1590050752117-238cb0fb12b1?w=800&auto=format&fit=crop&q=80
4825,Akot,Maharashtra,attraction,20.7302,77.0982,budget,4.9,5527,"A prominent heritage destination in Akola district showcasing Maharashtra's rich historical, cultural, and ecological heritage.",Oct-Feb,https://images.unsplash.com/photo-1621847468516-1ed5d0df56fe?w=800&auto=format&fit=crop&q=80
4826,Kapshi Lake,Maharashtra,attraction,20.7562,76.9362,budget,4.4,15728,"A prominent lake destination in Akola district showcasing Maharashtra's rich historical, cultural, and ecological heritage.",Oct-Feb,https://images.unsplash.com/photo-1501785888041-af3ef285b470?w=800&auto=format&fit=crop&q=80
4827,Morna River,Maharashtra,attraction,20.7822,76.9742,budget,4.8,27337,"A prominent nature destination in Akola district showcasing Maharashtra's rich historical, cultural, and ecological heritage.",Oct-Feb,https://images.unsplash.com/photo-1567157577867-05ccb1388e66?w=800&auto=format&fit=crop&q=80
4828,Purna River,Maharashtra,attraction,20.6082,77.0122,budget,4.4,23332,"A prominent nature destination in Akola district showcasing Maharashtra's rich historical, cultural, and ecological heritage.",Oct-Feb,https://images.unsplash.com/photo-1590050752117-238cb0fb12b1?w=800&auto=format&fit=crop&q=80
4829,Shivaji Park Akola,Maharashtra,attraction,20.6342,77.0502,budget,4.4,26495,"A prominent nature destination in Akola district showcasing Maharashtra's rich historical, cultural, and ecological heritage.",Oct-Feb,https://images.unsplash.com/photo-1585320806297-9794b3e4eeae?w=800&auto=format&fit=crop&q=80
4830,Balapur,Maharashtra,attraction,20.7382,77.0022,budget,4.5,26266,"A prominent heritage destination in Akola district showcasing Maharashtra's rich historical, cultural, and ecological heritage.",Oct-Feb,https://images.unsplash.com/photo-1518709268805-4e9042af9f23?w=800&auto=format&fit=crop&q=80
4831,Hiwarkhed,Maharashtra,attraction,20.6162,76.9162,budget,4.9,11718,"A prominent heritage destination in Akola district showcasing Maharashtra's rich historical, cultural, and ecological heritage.",Oct-Feb,https://images.unsplash.com/photo-1609766857041-ed402ea8069a?w=800&auto=format&fit=crop&q=80
4832,Mahan,Maharashtra,attraction,20.6422,76.9542,budget,4.6,15053,"A prominent nature destination in Akola district showcasing Maharashtra's rich historical, cultural, and ecological heritage.",Oct-Feb,https://images.unsplash.com/photo-1518709268805-4e9042af9f23?w=800&auto=format&fit=crop&q=80
4833,Morna Dam,Maharashtra,attraction,20.6682,76.9922,budget,4.9,21279,"A prominent nature destination in Akola district showcasing Maharashtra's rich historical, cultural, and ecological heritage.",Oct-Feb,https://images.unsplash.com/photo-1501785888041-af3ef285b470?w=800&auto=format&fit=crop&q=80
4834,Melghat Tiger Reserve,Maharashtra,attraction,20.9574,77.8396,budget,4.6,10438,"A prominent wildlife destination in Amravati district showcasing Maharashtra's rich historical, cultural, and ecological heritage.",Oct-Mar,https://images.unsplash.com/photo-1534188753412-3e26d0d618d6?w=800&auto=format&fit=crop&q=80
4835,Bhimkund Kichakdari,Maharashtra,attraction,21.0094,77.7156,budget,4.4,25582,"A prominent waterfall destination in Amravati district showcasing Maharashtra's rich historical, cultural, and ecological heritage.",Oct-Feb,https://images.unsplash.com/photo-1546548970-71785318a17b?w=800&auto=format&fit=crop&q=80
4836,Sunset Point Chikhaldara,Maharashtra,attraction,20.8614,77.7916,budget,4.6,12933,"A prominent nature destination in Amravati district showcasing Maharashtra's rich historical, cultural, and ecological heritage.",Oct-Feb,https://images.unsplash.com/photo-1621847468516-1ed5d0df56fe?w=800&auto=format&fit=crop&q=80
4837,Bir Dam,Maharashtra,attraction,20.8874,77.8296,budget,4.8,19566,"A prominent nature destination in Amravati district showcasing Maharashtra's rich historical, cultural, and ecological heritage.",Oct-Feb,https://images.unsplash.com/photo-1506744038136-46273834b3fb?w=800&auto=format&fit=crop&q=80
4838,Panchbol Point,Maharashtra,attraction,20.9134,77.8676,budget,4.9,26067,"A prominent nature destination in Amravati district showcasing Maharashtra's rich historical, cultural, and ecological heritage.",Oct-Feb,https://images.unsplash.com/photo-1567157577867-05ccb1388e66?w=800&auto=format&fit=crop&q=80
4839,Kalapani Dam,Maharashtra,attraction,20.9394,77.7056,budget,4.5,12917,"A prominent nature destination in Amravati district showcasing Maharashtra's rich historical, cultural, and ecological heritage.",Oct-Feb,https://images.unsplash.com/photo-1506744038136-46273834b3fb?w=800&auto=format&fit=crop&q=80
4840,Semadoh,Maharashtra,attraction,20.9914,77.7816,budget,4.9,5183,"A prominent wildlife destination in Amravati district showcasing Maharashtra's rich historical, cultural, and ecological heritage.",Oct-Feb,https://images.unsplash.com/photo-1567157577867-05ccb1388e66?w=800&auto=format&fit=crop&q=80
4841,Hariken Point,Maharashtra,attraction,21.0174,77.8196,budget,4.7,11296,"A prominent nature destination in Amravati district showcasing Maharashtra's rich historical, cultural, and ecological heritage.",Oct-Feb,https://images.unsplash.com/photo-1544717305-2782549b5136?w=800&auto=format&fit=crop&q=80
4842,Mozari Point,Maharashtra,attraction,20.8434,77.8576,budget,4.7,25013,"A prominent nature destination in Amravati district showcasing Maharashtra's rich historical, cultural, and ecological heritage.",Oct-Feb,https://images.unsplash.com/photo-1582510003544-4d00b7f74220?w=800&auto=format&fit=crop&q=80
4843,Prospect Point,Maharashtra,attraction,20.8694,77.6956,budget,4.4,21771,"A prominent nature destination in Amravati district showcasing Maharashtra's rich historical, cultural, and ecological heritage.",Oct-Feb,https://images.unsplash.com/photo-1621847468516-1ed5d0df56fe?w=800&auto=format&fit=crop&q=80
4844,Devi Point,Maharashtra,attraction,20.8954,77.7336,budget,4.9,6992,"A prominent nature destination in Amravati district showcasing Maharashtra's rich historical, cultural, and ecological heritage.",Oct-Feb,https://images.unsplash.com/photo-1544717305-2782549b5136?w=800&auto=format&fit=crop&q=80
4845,Goraghat,Maharashtra,attraction,20.9214,77.7716,budget,4.6,6028,"A prominent nature destination in Amravati district showcasing Maharashtra's rich historical, cultural, and ecological heritage.",Oct-Mar,https://images.unsplash.com/photo-1524492412937-b28074a5d7da?w=800&auto=format&fit=crop&q=80
4846,Shakkar Lake,Maharashtra,attraction,20.9474,77.8096,budget,4.4,28921,"A prominent lake destination in Amravati district showcasing Maharashtra's rich historical, cultural, and ecological heritage.",Oct-Feb,https://images.unsplash.com/photo-1439066615861-d1af74d74000?w=800&auto=format&fit=crop&q=80
4847,Malviya Point,Maharashtra,attraction,20.9734,77.8476,budget,4.8,5011,"A prominent nature destination in Amravati district showcasing Maharashtra's rich historical, cultural, and ecological heritage.",Oct-Feb,https://images.unsplash.com/photo-1567157577867-05ccb1388e66?w=800&auto=format&fit=crop&q=80
4848,Sunrise Point Chikhaldara,Maharashtra,attraction,20.9994,77.6856,budget,4.8,18508,"A prominent nature destination in Amravati district showcasing Maharashtra's rich historical, cultural, and ecological heritage.",Oct-Feb,https://images.unsplash.com/photo-1544717305-2782549b5136?w=800&auto=format&fit=crop&q=80
4849,Dharkhura Waterfall,Maharashtra,attraction,21.0254,77.7236,budget,4.6,22385,"A prominent waterfall destination in Amravati district showcasing Maharashtra's rich historical, cultural, and ecological heritage.",Jul-Oct,https://images.unsplash.com/photo-1432405972618-c60b0225b8f9?w=800&auto=format&fit=crop&q=80
4850,Bakadari Waterfall,Maharashtra,attraction,20.8514,77.7616,budget,4.8,16973,"A prominent waterfall destination in Amravati district showcasing Maharashtra's rich historical, cultural, and ecological heritage.",Jul-Oct,https://images.unsplash.com/photo-1518457607834-6e8d80c183c5?w=800&auto=format&fit=crop&q=80
4851,Kolkaz Waterfall,Maharashtra,attraction,20.8774,77.7996,budget,4.9,11810,"A prominent waterfall destination in Amravati district showcasing Maharashtra's rich historical, cultural, and ecological heritage.",Jul-Oct,https://images.unsplash.com/photo-1432405972618-c60b0225b8f9?w=800&auto=format&fit=crop&q=80
4852,Pancha Dhara Waterfall,Maharashtra,attraction,20.9034,77.8376,budget,4.9,12689,"A prominent waterfall destination in Amravati district showcasing Maharashtra's rich historical, cultural, and ecological heritage.",Jul-Oct,https://images.unsplash.com/photo-1518457607834-6e8d80c183c5?w=800&auto=format&fit=crop&q=80
4853,Government Garden Chikhaldara,Maharashtra,attraction,20.9294,77.8756,budget,4.4,12636,"A prominent nature destination in Amravati district showcasing Maharashtra's rich historical, cultural, and ecological heritage.",Oct-Feb,https://images.unsplash.com/photo-1585320806297-9794b3e4eeae?w=800&auto=format&fit=crop&q=80
4854,Chikhaldara Museums,Maharashtra,attraction,20.9554,77.7136,mid,4.9,23803,"A prominent museum destination in Amravati district showcasing Maharashtra's rich historical, cultural, and ecological heritage.",Oct-Mar,https://images.unsplash.com/photo-1544531586-fde5298cdd40?w=800&auto=format&fit=crop&q=80
4855,Salbardi Hot Water Springs,Maharashtra,attraction,20.8594,77.8656,budget,4.9,24886,"A prominent nature destination in Amravati district showcasing Maharashtra's rich historical, cultural, and ecological heritage.",Oct-Feb,https://images.unsplash.com/photo-1609766857041-ed402ea8069a?w=800&auto=format&fit=crop&q=80
4856,Melghat Tribal Villages,Maharashtra,attraction,20.9374,77.7796,budget,4.8,5030,"A prominent nature destination in Amravati district showcasing Maharashtra's rich historical, cultural, and ecological heritage.",Oct-Mar,https://images.unsplash.com/photo-1571536802807-30451e3955d8?w=800&auto=format&fit=crop&q=80
4857,Lonar Crater Lake,Maharashtra,attraction,20.5553,76.2223,budget,4.4,17259,"A prominent lake destination in Buldhana district showcasing Maharashtra's rich historical, cultural, and ecological heritage.",Oct-Feb,https://images.unsplash.com/photo-1439066615861-d1af74d74000?w=800&auto=format&fit=crop&q=80
4858,Lonar Lake,Maharashtra,attraction,20.5813,76.2603,budget,4.7,16400,"A prominent lake destination in Buldhana district showcasing Maharashtra's rich historical, cultural, and ecological heritage.",Oct-Feb,https://images.unsplash.com/photo-1506744038136-46273834b3fb?w=800&auto=format&fit=crop&q=80
4859,Lonar Wildlife Sanctuary,Maharashtra,attraction,20.6073,76.0983,budget,4.8,26995,"A prominent wildlife destination in Buldhana district showcasing Maharashtra's rich historical, cultural, and ecological heritage.",Oct-Feb,https://images.unsplash.com/photo-1549366021-9f761d450615?w=800&auto=format&fit=crop&q=80
4860,Lonar Dhara,Maharashtra,attraction,20.4853,76.2123,budget,4.9,29284,"A prominent waterfall destination in Buldhana district showcasing Maharashtra's rich historical, cultural, and ecological heritage.",Oct-Feb,https://images.unsplash.com/photo-1609766857041-ed402ea8069a?w=800&auto=format&fit=crop&q=80
4861,Anand Sagar Shegaon,Maharashtra,attraction,20.5373,76.0883,budget,4.9,7788,"A prominent nature destination in Buldhana district showcasing Maharashtra's rich historical, cultural, and ecological heritage.",Oct-Feb,https://images.unsplash.com/photo-1501785888041-af3ef285b470?w=800&auto=format&fit=crop&q=80
4862,Jijamata Birthplace,Maharashtra,attraction,20.5893,76.1643,budget,4.5,27249,"A prominent heritage destination in Buldhana district showcasing Maharashtra's rich historical, cultural, and ecological heritage.",Oct-Feb,https://images.unsplash.com/photo-1582510003544-4d00b7f74220?w=800&auto=format&fit=crop&q=80
4863,Sindkhed Raja Palace,Maharashtra,attraction,20.6153,76.2023,mid,4.9,17910,"A prominent heritage destination in Buldhana district showcasing Maharashtra's rich historical, cultural, and ecological heritage.",Oct-Feb,https://images.unsplash.com/photo-1584551246679-0daf3d275d0f?w=800&auto=format&fit=crop&q=80
4864,Rajur Ghat,Maharashtra,attraction,20.4673,76.2783,budget,4.4,16261,"A prominent nature destination in Buldhana district showcasing Maharashtra's rich historical, cultural, and ecological heritage.",Oct-Mar,https://images.unsplash.com/photo-1561361513-2d000a50f0dc?w=800&auto=format&fit=crop&q=80
4865,Ghatbori Hills,Maharashtra,attraction,20.5193,76.1543,budget,4.8,6882,"A prominent nature destination in Buldhana district showcasing Maharashtra's rich historical, cultural, and ecological heritage.",Oct-Mar,https://images.unsplash.com/photo-1519681393784-d120267933ba?w=800&auto=format&fit=crop&q=80
4866,Palaskhed Dam,Maharashtra,attraction,20.5793,76.1343,budget,4.7,26194,"A prominent nature destination in Buldhana district showcasing Maharashtra's rich historical, cultural, and ecological heritage.",Oct-Feb,https://images.unsplash.com/photo-1501785888041-af3ef285b470?w=800&auto=format&fit=crop&q=80
4867,Karanja Lad,Maharashtra,attraction,20.117,77.112,budget,4.9,29323,"A prominent heritage destination in Washim district showcasing Maharashtra's rich historical, cultural, and ecological heritage.",Oct-Feb,https://images.unsplash.com/photo-1621847468516-1ed5d0df56fe?w=800&auto=format&fit=crop&q=80
4868,Karanja Lad Jain Heritage,Maharashtra,attraction,20.143,77.15,budget,4.6,26993,"A prominent heritage destination in Washim district showcasing Maharashtra's rich historical, cultural, and ecological heritage.",Oct-Feb,https://images.unsplash.com/photo-1609766857041-ed402ea8069a?w=800&auto=format&fit=crop&q=80
4869,Manora,Maharashtra,attraction,20.195,77.226,budget,4.5,10305,"A prominent heritage destination in Washim district showcasing Maharashtra's rich historical, cultural, and ecological heritage.",Oct-Feb,https://images.unsplash.com/photo-1582510003544-4d00b7f74220?w=800&auto=format&fit=crop&q=80
4870,Risod,Maharashtra,attraction,20.021,77.064,budget,4.5,25754,"A prominent heritage destination in Washim district showcasing Maharashtra's rich historical, cultural, and ecological heritage.",Oct-Feb,https://images.unsplash.com/photo-1621847468516-1ed5d0df56fe?w=800&auto=format&fit=crop&q=80
4871,Mangrulpir,Maharashtra,attraction,20.047,77.102,budget,4.9,7078,"A prominent heritage destination in Washim district showcasing Maharashtra's rich historical, cultural, and ecological heritage.",Oct-Feb,https://images.unsplash.com/photo-1567157577867-05ccb1388e66?w=800&auto=format&fit=crop&q=80
4872,Poharadevi Banjara Heritage,Maharashtra,attraction,20.099,77.178,budget,4.6,27549,"A prominent nature destination in Washim district showcasing Maharashtra's rich historical, cultural, and ecological heritage.",Oct-Feb,https://images.unsplash.com/photo-1544717305-2782549b5136?w=800&auto=format&fit=crop&q=80
4873,Karanja Lake,Maharashtra,attraction,20.203,77.13,budget,4.9,6365,"A prominent lake destination in Washim district showcasing Maharashtra's rich historical, cultural, and ecological heritage.",Oct-Feb,https://images.unsplash.com/photo-1501785888041-af3ef285b470?w=800&auto=format&fit=crop&q=80
4874,Ekburji Dam,Maharashtra,attraction,20.029,77.168,budget,4.4,7455,"A prominent nature destination in Washim district showcasing Maharashtra's rich historical, cultural, and ecological heritage.",Oct-Feb,https://images.unsplash.com/photo-1439066615861-d1af74d74000?w=800&auto=format&fit=crop&q=80
4875,Adan River,Maharashtra,attraction,20.055,77.206,budget,4.5,23191,"A prominent nature destination in Washim district showcasing Maharashtra's rich historical, cultural, and ecological heritage.",Oct-Feb,https://images.unsplash.com/photo-1567157577867-05ccb1388e66?w=800&auto=format&fit=crop&q=80
4876,Man River,Maharashtra,attraction,20.081,77.044,budget,4.6,8018,"A prominent nature destination in Washim district showcasing Maharashtra's rich historical, cultural, and ecological heritage.",Oct-Feb,https://images.unsplash.com/photo-1609766857041-ed402ea8069a?w=800&auto=format&fit=crop&q=80
4877,Pangra Forest,Maharashtra,attraction,20.107,77.082,budget,4.5,10584,"A prominent nature destination in Washim district showcasing Maharashtra's rich historical, cultural, and ecological heritage.",Oct-Feb,https://images.unsplash.com/photo-1582510003544-4d00b7f74220?w=800&auto=format&fit=crop&q=80
4878,Tipeshwar Forest,Maharashtra,attraction,20.4368,78.1444,budget,4.7,14877,"A prominent nature destination in Yavatmal district showcasing Maharashtra's rich historical, cultural, and ecological heritage.",Oct-Feb,https://images.unsplash.com/photo-1609766857041-ed402ea8069a?w=800&auto=format&fit=crop&q=80
4879,Painganga River,Maharashtra,attraction,20.4628,78.1824,budget,4.6,12547,"A prominent nature destination in Yavatmal district showcasing Maharashtra's rich historical, cultural, and ecological heritage.",Oct-Feb,https://images.unsplash.com/photo-1544717305-2782549b5136?w=800&auto=format&fit=crop&q=80
4880,Pandharkawada,Maharashtra,attraction,20.3148,78.0584,budget,4.9,15134,"A prominent heritage destination in Yavatmal district showcasing Maharashtra's rich historical, cultural, and ecological heritage.",Oct-Feb,https://images.unsplash.com/photo-1582510003544-4d00b7f74220?w=800&auto=format&fit=crop&q=80
4881,Yavatmal Lake,Maharashtra,attraction,20.4188,78.2104,budget,4.8,15613,"A prominent lake destination in Yavatmal district showcasing Maharashtra's rich historical, cultural, and ecological heritage.",Oct-Feb,https://images.unsplash.com/photo-1501785888041-af3ef285b470?w=800&auto=format&fit=crop&q=80
4882,Shivaji Garden Yavatmal,Maharashtra,attraction,20.4708,78.0864,budget,4.9,18321,"A prominent nature destination in Yavatmal district showcasing Maharashtra's rich historical, cultural, and ecological heritage.",Oct-Feb,https://images.unsplash.com/photo-1584467735815-f778f274e296?w=800&auto=format&fit=crop&q=80
4883,Digras Dam,Maharashtra,attraction,20.2968,78.1244,budget,4.9,7974,"A prominent nature destination in Yavatmal district showcasing Maharashtra's rich historical, cultural, and ecological heritage.",Oct-Feb,https://images.unsplash.com/photo-1544644181-1484b3fdfc62?w=800&auto=format&fit=crop&q=80
4884,Upper Penganga Dam,Maharashtra,attraction,20.3228,78.1624,budget,4.5,29974,"A prominent nature destination in Yavatmal district showcasing Maharashtra's rich historical, cultural, and ecological heritage.",Oct-Feb,https://images.unsplash.com/photo-1501785888041-af3ef285b470?w=800&auto=format&fit=crop&q=80
4885,Upper Penganga Reservoir,Maharashtra,attraction,20.3488,78.2004,budget,4.5,29167,"A prominent lake destination in Yavatmal district showcasing Maharashtra's rich historical, cultural, and ecological heritage.",Oct-Feb,https://images.unsplash.com/photo-1506744038136-46273834b3fb?w=800&auto=format&fit=crop&q=80
4886,Darni Forest,Maharashtra,attraction,20.4528,78.1524,budget,4.8,29276,"A prominent nature destination in Yavatmal district showcasing Maharashtra's rich historical, cultural, and ecological heritage.",Oct-Feb,https://images.unsplash.com/photo-1567157577867-05ccb1388e66?w=800&auto=format&fit=crop&q=80
4887,Umarkhed Forest,Maharashtra,attraction,20.4788,78.1904,budget,4.8,11771,"A prominent nature destination in Yavatmal district showcasing Maharashtra's rich historical, cultural, and ecological heritage.",Oct-Feb,https://images.unsplash.com/photo-1518709268805-4e9042af9f23?w=800&auto=format&fit=crop&q=80
4888,Panchakki,Maharashtra,attraction,19.8702,75.3653,budget,4.4,20891,"A prominent heritage destination in Chhatrapati Sambhajinagar district showcasing Maharashtra's rich historical, cultural, and ecological heritage.",Oct-Feb,https://images.unsplash.com/photo-1567157577867-05ccb1388e66?w=800&auto=format&fit=crop&q=80
4889,Chhatrapati Sambhaji Maharaj Museum,Maharashtra,attraction,19.8962,75.4033,mid,4.5,28799,"A prominent museum destination in Chhatrapati Sambhajinagar district showcasing Maharashtra's rich historical, cultural, and ecological heritage.",Oct-Mar,https://images.unsplash.com/photo-1582555172866-f73bb12a2ab3?w=800&auto=format&fit=crop&q=80
4890,Salim Ali Lake,Maharashtra,attraction,19.9222,75.4413,budget,4.9,7644,"A prominent lake destination in Chhatrapati Sambhajinagar district showcasing Maharashtra's rich historical, cultural, and ecological heritage.",Oct-Feb,https://images.unsplash.com/photo-1544644181-1484b3fdfc62?w=800&auto=format&fit=crop&q=80
4891,Salim Ali Bird Sanctuary,Maharashtra,attraction,19.9482,75.2793,budget,4.4,15815,"A prominent wildlife destination in Chhatrapati Sambhajinagar district showcasing Maharashtra's rich historical, cultural, and ecological heritage.",Oct-Feb,https://images.unsplash.com/photo-1549366021-9f761d450615?w=800&auto=format&fit=crop&q=80
4892,Goga Baba Hill,Maharashtra,attraction,19.9742,75.3173,budget,4.5,8836,"A prominent nature destination in Chhatrapati Sambhajinagar district showcasing Maharashtra's rich historical, cultural, and ecological heritage.",Oct-Feb,https://images.unsplash.com/photo-1486870591958-9b9d0d1dda99?w=800&auto=format&fit=crop&q=80
4893,Verul,Maharashtra,attraction,19.8522,75.4313,budget,4.9,16167,"A prominent heritage destination in Chhatrapati Sambhajinagar district showcasing Maharashtra's rich historical, cultural, and ecological heritage.",Oct-Feb,https://images.unsplash.com/photo-1544717305-2782549b5136?w=800&auto=format&fit=crop&q=80
4894,Khuldabad,Maharashtra,attraction,19.8782,75.2693,budget,4.5,6811,"A prominent heritage destination in Chhatrapati Sambhajinagar district showcasing Maharashtra's rich historical, cultural, and ecological heritage.",Oct-Feb,https://images.unsplash.com/photo-1621847468516-1ed5d0df56fe?w=800&auto=format&fit=crop&q=80
4895,Deogiri Village,Maharashtra,attraction,19.9302,75.3453,budget,4.9,25714,"A prominent heritage destination in Chhatrapati Sambhajinagar district showcasing Maharashtra's rich historical, cultural, and ecological heritage.",Oct-Feb,https://images.unsplash.com/photo-1590050752117-238cb0fb12b1?w=800&auto=format&fit=crop&q=80
4896,Ajanta View Point,Maharashtra,attraction,19.7822,75.4213,budget,4.9,18631,"A prominent nature destination in Chhatrapati Sambhajinagar district showcasing Maharashtra's rich historical, cultural, and ecological heritage.",Oct-Feb,https://images.unsplash.com/photo-1544717305-2782549b5136?w=800&auto=format&fit=crop&q=80
4897,Ajanta Caves Viewpoint (Panoramic Horseshoe Gorge),Maharashtra,attraction,19.7899,75.7499,budget,4.0,917,"Ajanta Caves Viewpoint (Panoramic Horseshoe Gorge) is an authentic attraction destination located in ,  district of Maharashtra. Celebrated for its regional significance and unique ambiance, it offers travelers an immersive experience in the culture, scenic beauty, and heritage of Maharashtra.",Oct-Feb,https://images.unsplash.com/photo-1470071459604-3b5ec3a7fe05?w=800&auto=format&fit=crop&q=80
4898,Ellora Sculpture Complex,Maharashtra,attraction,19.8342,75.2973,budget,4.9,20972,"A prominent heritage destination in Chhatrapati Sambhajinagar district showcasing Maharashtra's rich historical, cultural, and ecological heritage.",Oct-Feb,https://images.unsplash.com/photo-1544717305-2782549b5136?w=800&auto=format&fit=crop&q=80
4899,Chini Mahal,Maharashtra,attraction,19.9642,75.2873,budget,4.8,23316,"A prominent nature destination in Chhatrapati Sambhajinagar district showcasing Maharashtra's rich historical, cultural, and ecological heritage.",Oct-Feb,https://images.unsplash.com/photo-1608889825103-eb5ed706fc64?w=800&auto=format&fit=crop&q=80
4900,Soneri Mahal Gardens,Maharashtra,attraction,19.7902,75.3253,budget,4.4,15115,"A prominent nature destination in Chhatrapati Sambhajinagar district showcasing Maharashtra's rich historical, cultural, and ecological heritage.",Oct-Feb,https://images.unsplash.com/photo-1584551246679-0daf3d275d0f?w=800&auto=format&fit=crop&q=80
4901,History Museum,Maharashtra,attraction,19.8162,75.3633,mid,4.4,28007,"A prominent museum destination in Chhatrapati Sambhajinagar district showcasing Maharashtra's rich historical, cultural, and ecological heritage.",Oct-Mar,https://images.unsplash.com/photo-1565034946487-077786996e27?w=800&auto=format&fit=crop&q=80
4902,Himayat Bagh,Maharashtra,attraction,19.8422,75.4013,budget,4.9,24304,"A prominent nature destination in Chhatrapati Sambhajinagar district showcasing Maharashtra's rich historical, cultural, and ecological heritage.",Oct-Feb,https://images.unsplash.com/photo-1518709268805-4e9042af9f23?w=800&auto=format&fit=crop&q=80
4903,Paithan Border Heritage,Maharashtra,attraction,19.8682,75.4393,budget,4.9,7363,"A prominent heritage destination in Chhatrapati Sambhajinagar district showcasing Maharashtra's rich historical, cultural, and ecological heritage.",Oct-Feb,https://images.unsplash.com/photo-1582510003544-4d00b7f74220?w=800&auto=format&fit=crop&q=80
4904,Paithan Pratishthan,Maharashtra,attraction,19.8942,75.2773,budget,4.9,21104,"A prominent heritage destination in Chhatrapati Sambhajinagar district showcasing Maharashtra's rich historical, cultural, and ecological heritage.",Oct-Feb,https://images.unsplash.com/photo-1582510003544-4d00b7f74220?w=800&auto=format&fit=crop&q=80
4905,Jayakwadi Bird Sanctuary,Maharashtra,attraction,19.9202,75.3153,budget,4.9,9342,"A prominent wildlife destination in Chhatrapati Sambhajinagar district showcasing Maharashtra's rich historical, cultural, and ecological heritage.",Oct-Feb,https://images.unsplash.com/photo-1575550959106-5a7defe28b56?w=800&auto=format&fit=crop&q=80
4906,Jayakwadi Dam,Maharashtra,attraction,19.9462,75.3533,budget,4.5,11430,"A prominent nature destination in Chhatrapati Sambhajinagar district showcasing Maharashtra's rich historical, cultural, and ecological heritage.",Oct-Feb,https://images.unsplash.com/photo-1501785888041-af3ef285b470?w=800&auto=format&fit=crop&q=80
4907,Jayakwadi Reservoir,Maharashtra,attraction,19.9722,75.3913,budget,4.8,14752,"A prominent lake destination in Chhatrapati Sambhajinagar district showcasing Maharashtra's rich historical, cultural, and ecological heritage.",Oct-Feb,https://images.unsplash.com/photo-1506744038136-46273834b3fb?w=800&auto=format&fit=crop&q=80
4908,Majalgaon Dam,Maharashtra,attraction,18.9631,75.7221,budget,4.9,16624,"A prominent nature destination in Beed district showcasing Maharashtra's rich historical, cultural, and ecological heritage.",Oct-Feb,https://images.unsplash.com/photo-1501785888041-af3ef285b470?w=800&auto=format&fit=crop&q=80
4909,Majalgaon Reservoir,Maharashtra,attraction,18.9891,75.7601,budget,4.6,12568,"A prominent lake destination in Beed district showcasing Maharashtra's rich historical, cultural, and ecological heritage.",Oct-Feb,https://images.unsplash.com/photo-1501785888041-af3ef285b470?w=800&auto=format&fit=crop&q=80
4910,Manjarsumba Hills,Maharashtra,attraction,19.0411,75.8361,budget,4.9,11405,"A prominent nature destination in Beed district showcasing Maharashtra's rich historical, cultural, and ecological heritage.",Oct-Feb,https://images.unsplash.com/photo-1506197603052-3cc9c3a201bd?w=800&auto=format&fit=crop&q=80
4911,Shivdoh Waterfall,Maharashtra,attraction,19.0671,75.6741,budget,4.7,21068,"A prominent waterfall destination in Beed district showcasing Maharashtra's rich historical, cultural, and ecological heritage.",Jul-Oct,https://images.unsplash.com/photo-1546548970-71785318a17b?w=800&auto=format&fit=crop&q=80
4912,Kapildhar Waterfall,Maharashtra,attraction,18.8931,75.7121,budget,4.4,9659,"A prominent waterfall destination in Beed district showcasing Maharashtra's rich historical, cultural, and ecological heritage.",Jul-Oct,https://images.unsplash.com/photo-1546548970-71785318a17b?w=800&auto=format&fit=crop&q=80
4913,Kankaleshwar Lake,Maharashtra,attraction,18.9711,75.8261,budget,4.9,21212,"A prominent lake destination in Beed district showcasing Maharashtra's rich historical, cultural, and ecological heritage.",Oct-Feb,https://images.unsplash.com/photo-1506744038136-46273834b3fb?w=800&auto=format&fit=crop&q=80
4914,Ambajogai Heritage Town,Maharashtra,attraction,18.9011,75.8161,budget,4.5,12020,"A prominent heritage destination in Beed district showcasing Maharashtra's rich historical, cultural, and ecological heritage.",Oct-Feb,https://images.unsplash.com/photo-1518709268805-4e9042af9f23?w=800&auto=format&fit=crop&q=80
4915,Dharur Hills,Maharashtra,attraction,18.9791,75.7301,budget,4.6,25739,"A prominent nature destination in Beed district showcasing Maharashtra's rich historical, cultural, and ecological heritage.",Oct-Feb,https://images.unsplash.com/photo-1464822759023-fed622ff2c3b?w=800&auto=format&fit=crop&q=80
4916,Sindphana River,Maharashtra,attraction,19.0311,75.8061,budget,4.9,9576,"A prominent nature destination in Beed district showcasing Maharashtra's rich historical, cultural, and ecological heritage.",Oct-Feb,https://images.unsplash.com/photo-1609766857041-ed402ea8069a?w=800&auto=format&fit=crop&q=80
4917,Manjra River,Maharashtra,attraction,19.0571,75.8441,budget,4.9,25917,"A prominent nature destination in Beed district showcasing Maharashtra's rich historical, cultural, and ecological heritage.",Oct-Feb,https://images.unsplash.com/photo-1544717305-2782549b5136?w=800&auto=format&fit=crop&q=80
4918,Ashti Hills,Maharashtra,attraction,19.0831,75.6821,budget,4.9,8959,"A prominent nature destination in Beed district showcasing Maharashtra's rich historical, cultural, and ecological heritage.",Oct-Feb,https://images.unsplash.com/photo-1519681393784-d120267933ba?w=800&auto=format&fit=crop&q=80
4919,Matsyodari Hill,Maharashtra,attraction,19.865,75.7984,budget,4.7,7035,"A prominent nature destination in Jalna district showcasing Maharashtra's rich historical, cultural, and ecological heritage.",Oct-Feb,https://images.unsplash.com/photo-1464822759023-fed622ff2c3b?w=800&auto=format&fit=crop&q=80
4920,Mastani Talav,Maharashtra,attraction,19.821,75.8264,budget,4.7,7935,"A prominent lake destination in Jalna district showcasing Maharashtra's rich historical, cultural, and ecological heritage.",Oct-Feb,https://images.unsplash.com/photo-1506744038136-46273834b3fb?w=800&auto=format&fit=crop&q=80
4921,Ghanewadi Lake,Maharashtra,attraction,19.847,75.8644,budget,4.9,20785,"A prominent lake destination in Jalna district showcasing Maharashtra's rich historical, cultural, and ecological heritage.",Oct-Feb,https://images.unsplash.com/photo-1439066615861-d1af74d74000?w=800&auto=format&fit=crop&q=80
4922,Dudhana River,Maharashtra,attraction,19.899,75.9404,budget,4.9,13375,"A prominent nature destination in Jalna district showcasing Maharashtra's rich historical, cultural, and ecological heritage.",Oct-Feb,https://images.unsplash.com/photo-1544717305-2782549b5136?w=800&auto=format&fit=crop&q=80
4923,Mantha Hills,Maharashtra,attraction,19.925,75.9784,budget,4.8,28558,"A prominent nature destination in Jalna district showcasing Maharashtra's rich historical, cultural, and ecological heritage.",Oct-Feb,https://images.unsplash.com/photo-1464822759023-fed622ff2c3b?w=800&auto=format&fit=crop&q=80
4924,Bhokardan Archaeological Area,Maharashtra,attraction,19.829,75.9304,budget,4.4,25767,"A prominent nature destination in Jalna district showcasing Maharashtra's rich historical, cultural, and ecological heritage.",Oct-Feb,https://images.unsplash.com/photo-1609766857041-ed402ea8069a?w=800&auto=format&fit=crop&q=80
4925,Sindkhed Raja Border Heritage,Maharashtra,attraction,19.855,75.9684,budget,4.7,21146,"A prominent heritage destination in Jalna district showcasing Maharashtra's rich historical, cultural, and ecological heritage.",Oct-Feb,https://images.unsplash.com/photo-1567157577867-05ccb1388e66?w=800&auto=format&fit=crop&q=80
4926,Ambad Lake,Maharashtra,attraction,19.881,75.8064,budget,4.9,24868,"A prominent lake destination in Jalna district showcasing Maharashtra's rich historical, cultural, and ecological heritage.",Oct-Feb,https://images.unsplash.com/photo-1506744038136-46273834b3fb?w=800&auto=format&fit=crop&q=80
4927,Jamb Samarth Birthplace,Maharashtra,attraction,19.907,75.8444,budget,4.9,6727,"A prominent heritage destination in Jalna district showcasing Maharashtra's rich historical, cultural, and ecological heritage.",Oct-Feb,https://images.unsplash.com/photo-1621847468516-1ed5d0df56fe?w=800&auto=format&fit=crop&q=80
4928,Udgir Heritage Town,Maharashtra,attraction,18.3788,76.4704,budget,4.9,6614,"A prominent heritage destination in Latur district showcasing Maharashtra's rich historical, cultural, and ecological heritage.",Oct-Feb,https://images.unsplash.com/photo-1609766857041-ed402ea8069a?w=800&auto=format&fit=crop&q=80
4929,Nana Nani Park Latur,Maharashtra,attraction,18.4568,76.5844,budget,4.9,9385,"A prominent nature destination in Latur district showcasing Maharashtra's rich historical, cultural, and ecological heritage.",Oct-Feb,https://images.unsplash.com/photo-1584467735815-f778f274e296?w=800&auto=format&fit=crop&q=80
4930,Ganj Golai,Maharashtra,attraction,18.4828,76.6224,budget,4.9,21067,"A prominent heritage destination in Latur district showcasing Maharashtra's rich historical, cultural, and ecological heritage.",Oct-Feb,https://images.unsplash.com/photo-1609766857041-ed402ea8069a?w=800&auto=format&fit=crop&q=80
4931,Siddheshwar Lake,Maharashtra,attraction,18.3608,76.5364,budget,4.6,6045,"A prominent lake destination in Latur district showcasing Maharashtra's rich historical, cultural, and ecological heritage.",Oct-Feb,https://images.unsplash.com/photo-1439066615861-d1af74d74000?w=800&auto=format&fit=crop&q=80
4932,Harangul Lake,Maharashtra,attraction,18.4388,76.6504,budget,4.7,23071,"A prominent lake destination in Latur district showcasing Maharashtra's rich historical, cultural, and ecological heritage.",Oct-Feb,https://images.unsplash.com/photo-1506744038136-46273834b3fb?w=800&auto=format&fit=crop&q=80
4933,Deoni Hills,Maharashtra,attraction,18.4908,76.5264,budget,4.7,16391,"A prominent nature destination in Latur district showcasing Maharashtra's rich historical, cultural, and ecological heritage.",Oct-Feb,https://images.unsplash.com/photo-1464822759023-fed622ff2c3b?w=800&auto=format&fit=crop&q=80
4934,Manjara River,Maharashtra,attraction,18.3168,76.5644,budget,4.4,23547,"A prominent nature destination in Latur district showcasing Maharashtra's rich historical, cultural, and ecological heritage.",Oct-Feb,https://images.unsplash.com/photo-1609766857041-ed402ea8069a?w=800&auto=format&fit=crop&q=80
4935,Tirumala Hills,Maharashtra,attraction,18.3428,76.6024,budget,4.9,10258,"A prominent nature destination in Latur district showcasing Maharashtra's rich historical, cultural, and ecological heritage.",Oct-Feb,https://images.unsplash.com/photo-1519681393784-d120267933ba?w=800&auto=format&fit=crop&q=80
4936,Govind Bagh,Maharashtra,attraction,19.1063,77.305,budget,4.8,22119,"A prominent heritage destination in Nanded district showcasing Maharashtra's rich historical, cultural, and ecological heritage.",Oct-Feb,https://images.unsplash.com/photo-1590050752117-238cb0fb12b1?w=800&auto=format&fit=crop&q=80
4937,Sahastrakund Viewpoint,Maharashtra,attraction,19.2363,77.295,budget,4.8,10025,"A prominent nature destination in Nanded district showcasing Maharashtra's rich historical, cultural, and ecological heritage.",Oct-Feb,https://images.unsplash.com/photo-1518457607834-6e8d80c183c5?w=800&auto=format&fit=crop&q=80
4938,Kinwat Forest,Maharashtra,attraction,19.0623,77.333,budget,4.6,6302,"A prominent nature destination in Nanded district showcasing Maharashtra's rich historical, cultural, and ecological heritage.",Oct-Feb,https://images.unsplash.com/photo-1582510003544-4d00b7f74220?w=800&auto=format&fit=crop&q=80
4939,Unkeshwar Hot Springs,Maharashtra,attraction,19.1143,77.409,budget,4.9,7940,"A prominent nature destination in Nanded district showcasing Maharashtra's rich historical, cultural, and ecological heritage.",Oct-Feb,https://images.unsplash.com/photo-1567157577867-05ccb1388e66?w=800&auto=format&fit=crop&q=80
4940,Sahasrakund Waterfall (Penganga River),Maharashtra,attraction,19.7315,75.7299,budget,4.7,5380,"Sahasrakund Waterfall (Penganga River) is an authentic attraction destination located in ,  district of Maharashtra. Celebrated for its regional significance and unique ambiance, it offers travelers an immersive experience in the culture, scenic beauty, and heritage of Maharashtra.",Jul-Oct,https://images.unsplash.com/photo-1432405972618-c60b0225b8f9?w=800&auto=format&fit=crop&q=80
4941,Naldurg Waterfall,Maharashtra,attraction,18.2736,75.986,budget,4.9,9161,"A prominent waterfall destination in Dharashiv district showcasing Maharashtra's rich historical, cultural, and ecological heritage.",Jul-Oct,https://images.unsplash.com/photo-1432405972618-c60b0225b8f9?w=800&auto=format&fit=crop&q=80
4942,Naldurg Heritage Town,Maharashtra,attraction,18.0996,76.024,budget,4.6,28255,"A prominent heritage destination in Dharashiv district showcasing Maharashtra's rich historical, cultural, and ecological heritage.",Oct-Feb,https://images.unsplash.com/photo-1518709268805-4e9042af9f23?w=800&auto=format&fit=crop&q=80
4943,Paranda Heritage Town,Maharashtra,attraction,18.2296,76.014,budget,4.7,26484,"A prominent heritage destination in Dharashiv district showcasing Maharashtra's rich historical, cultural, and ecological heritage.",Oct-Feb,https://images.unsplash.com/photo-1582510003544-4d00b7f74220?w=800&auto=format&fit=crop&q=80
4944,Ramling Sanctuary,Maharashtra,attraction,18.2556,76.052,budget,4.8,21608,"A prominent wildlife destination in Dharashiv district showcasing Maharashtra's rich historical, cultural, and ecological heritage.",Oct-Feb,https://images.unsplash.com/photo-1551969014-7d2c4cddf0b6?w=800&auto=format&fit=crop&q=80
4945,Ter Archaeological Site,Maharashtra,attraction,18.1336,75.966,budget,4.9,11106,"A prominent nature destination in Dharashiv district showcasing Maharashtra's rich historical, cultural, and ecological heritage.",Oct-Feb,https://images.unsplash.com/photo-1518709268805-4e9042af9f23?w=800&auto=format&fit=crop&q=80
4946,Ter Jain Heritage,Maharashtra,attraction,18.1596,76.004,budget,4.5,20005,"A prominent heritage destination in Dharashiv district showcasing Maharashtra's rich historical, cultural, and ecological heritage.",Oct-Feb,https://images.unsplash.com/photo-1590050752117-238cb0fb12b1?w=800&auto=format&fit=crop&q=80
4947,Terna Dam,Maharashtra,attraction,18.2116,76.08,budget,4.6,7541,"A prominent nature destination in Dharashiv district showcasing Maharashtra's rich historical, cultural, and ecological heritage.",Oct-Feb,https://images.unsplash.com/photo-1544644181-1484b3fdfc62?w=800&auto=format&fit=crop&q=80
4948,Terna Reservoir,Maharashtra,attraction,18.2376,76.118,budget,4.9,23767,"A prominent lake destination in Dharashiv district showcasing Maharashtra's rich historical, cultural, and ecological heritage.",Oct-Feb,https://images.unsplash.com/photo-1506744038136-46273834b3fb?w=800&auto=format&fit=crop&q=80
4949,Yedshi Forest,Maharashtra,attraction,18.1156,76.032,budget,4.8,8819,"A prominent nature destination in Dharashiv district showcasing Maharashtra's rich historical, cultural, and ecological heritage.",Oct-Feb,https://images.unsplash.com/photo-1518709268805-4e9042af9f23?w=800&auto=format&fit=crop&q=80
4950,Tuljapur Bhavani Temple (Revered Shakti Shrine),Maharashtra,attraction,19.7227,75.6779,budget,4.2,2088,"Tuljapur Bhavani Temple (Revered Shakti Shrine) is an authentic attraction destination located in ,  district of Maharashtra. Celebrated for its regional significance and unique ambiance, it offers travelers an immersive experience in the culture, scenic beauty, and heritage of Maharashtra.",Oct-Mar,https://images.unsplash.com/photo-1567157577867-05ccb1388e66?w=800&auto=format&fit=crop&q=80
4951,Pathri,Maharashtra,attraction,19.3286,76.7508,budget,4.9,22339,"A prominent heritage destination in Parbhani district showcasing Maharashtra's rich historical, cultural, and ecological heritage.",Oct-Feb,https://images.unsplash.com/photo-1621847468516-1ed5d0df56fe?w=800&auto=format&fit=crop&q=80
4952,Purna Railway Heritage,Maharashtra,attraction,19.1806,76.8268,budget,4.7,21494,"A prominent heritage destination in Parbhani district showcasing Maharashtra's rich historical, cultural, and ecological heritage.",Oct-Feb,https://images.unsplash.com/photo-1544717305-2782549b5136?w=800&auto=format&fit=crop&q=80
4953,Dudhna River,Maharashtra,attraction,19.2066,76.8648,budget,4.4,9595,"A prominent nature destination in Parbhani district showcasing Maharashtra's rich historical, cultural, and ecological heritage.",Oct-Feb,https://images.unsplash.com/photo-1590050752117-238cb0fb12b1?w=800&auto=format&fit=crop&q=80
4954,Yeldari Dam,Maharashtra,attraction,19.2326,76.7028,budget,4.9,13979,"A prominent nature destination in Parbhani district showcasing Maharashtra's rich historical, cultural, and ecological heritage.",Oct-Feb,https://images.unsplash.com/photo-1501785888041-af3ef285b470?w=800&auto=format&fit=crop&q=80
4955,Yeldari Reservoir,Maharashtra,attraction,19.2586,76.7408,budget,4.8,23274,"A prominent lake destination in Parbhani district showcasing Maharashtra's rich historical, cultural, and ecological heritage.",Oct-Feb,https://images.unsplash.com/photo-1501785888041-af3ef285b470?w=800&auto=format&fit=crop&q=80
4956,Lower Dudhana Dam,Maharashtra,attraction,19.2846,76.7788,budget,4.9,8032,"A prominent nature destination in Parbhani district showcasing Maharashtra's rich historical, cultural, and ecological heritage.",Oct-Feb,https://images.unsplash.com/photo-1506744038136-46273834b3fb?w=800&auto=format&fit=crop&q=80
4957,Lower Dudhana Reservoir,Maharashtra,attraction,19.3106,76.8168,budget,4.6,5284,"A prominent lake destination in Parbhani district showcasing Maharashtra's rich historical, cultural, and ecological heritage.",Oct-Feb,https://images.unsplash.com/photo-1506744038136-46273834b3fb?w=800&auto=format&fit=crop&q=80
4958,Jintur Jain Heritage,Maharashtra,attraction,19.3626,76.6928,budget,4.5,21554,"A prominent heritage destination in Parbhani district showcasing Maharashtra's rich historical, cultural, and ecological heritage.",Oct-Feb,https://images.unsplash.com/photo-1621847468516-1ed5d0df56fe?w=800&auto=format&fit=crop&q=80
4959,Charthana Archaeological Site,Maharashtra,attraction,19.2146,76.7688,budget,4.9,12831,"A prominent nature destination in Parbhani district showcasing Maharashtra's rich historical, cultural, and ecological heritage.",Oct-Feb,https://images.unsplash.com/photo-1518709268805-4e9042af9f23?w=800&auto=format&fit=crop&q=80
4960,Terna River,Maharashtra,attraction,19.7256,77.1255,budget,4.8,8063,"A prominent nature destination in Hingoli district showcasing Maharashtra's rich historical, cultural, and ecological heritage.",Oct-Feb,https://images.unsplash.com/photo-1609766857041-ed402ea8069a?w=800&auto=format&fit=crop&q=80
4961,Shengaon Ghat,Maharashtra,attraction,19.8036,77.2395,budget,4.4,22831,"A prominent nature destination in Hingoli district showcasing Maharashtra's rich historical, cultural, and ecological heritage.",Oct-Mar,https://images.unsplash.com/photo-1561361513-2d000a50f0dc?w=800&auto=format&fit=crop&q=80
4962,Aundha Hills,Maharashtra,attraction,19.7076,77.1915,budget,4.9,9269,"A prominent nature destination in Hingoli district showcasing Maharashtra's rich historical, cultural, and ecological heritage.",Oct-Feb,https://images.unsplash.com/photo-1519681393784-d120267933ba?w=800&auto=format&fit=crop&q=80
4963,Narsi Namdev Birthplace,Maharashtra,attraction,19.7336,77.2295,budget,4.5,5858,"A prominent heritage destination in Hingoli district showcasing Maharashtra's rich historical, cultural, and ecological heritage.",Oct-Feb,https://images.unsplash.com/photo-1621847468516-1ed5d0df56fe?w=800&auto=format&fit=crop&q=80
4964,Isapur Reservoir Border,Maharashtra,attraction,19.6376,77.1815,budget,4.8,22950,"A prominent lake destination in Hingoli district showcasing Maharashtra's rich historical, cultural, and ecological heritage.",Oct-Feb,https://images.unsplash.com/photo-1439066615861-d1af74d74000?w=800&auto=format&fit=crop&q=80
4965,Chhatrapati Shivaji Maharaj Terminus,Maharashtra,attraction,18.866,72.9067,budget,4.7,14089,"A prominent heritage destination in Mumbai City district showcasing Maharashtra's rich historical, cultural, and ecological heritage.",Oct-Feb,https://images.unsplash.com/photo-1590050752117-238cb0fb12b1?w=800&auto=format&fit=crop&q=80
4966,Colaba Causeway,Maharashtra,attraction,18.918,72.7827,budget,4.9,27584,"A prominent heritage destination in Mumbai City district showcasing Maharashtra's rich historical, cultural, and ecological heritage.",Oct-Feb,https://images.unsplash.com/photo-1590050752117-238cb0fb12b1?w=800&auto=format&fit=crop&q=80
4967,Dr Bhau Daji Lad Museum,Maharashtra,attraction,18.944,72.8207,mid,4.7,24595,"A prominent museum destination in Mumbai City district showcasing Maharashtra's rich historical, cultural, and ecological heritage.",Oct-Mar,https://images.unsplash.com/photo-1565034946487-077786996e27?w=800&auto=format&fit=crop&q=80
4968,RBI Monetary Museum,Maharashtra,attraction,18.97,72.8587,mid,4.8,28223,"A prominent museum destination in Mumbai City district showcasing Maharashtra's rich historical, cultural, and ecological heritage.",Oct-Mar,https://images.unsplash.com/photo-1582555172866-f73bb12a2ab3?w=800&auto=format&fit=crop&q=80
4969,Mani Bhavan,Maharashtra,attraction,18.996,72.8967,budget,4.5,23068,"A prominent heritage destination in Mumbai City district showcasing Maharashtra's rich historical, cultural, and ecological heritage.",Oct-Feb,https://images.unsplash.com/photo-1519331379826-f10be5486c6f?w=800&auto=format&fit=crop&q=80
4970,Gandhi Museum Mumbai,Maharashtra,attraction,18.822,72.7347,mid,4.8,29590,"A prominent museum destination in Mumbai City district showcasing Maharashtra's rich historical, cultural, and ecological heritage.",Oct-Mar,https://images.unsplash.com/photo-1582555172866-f73bb12a2ab3?w=800&auto=format&fit=crop&q=80
4971,Asiatic Library,Maharashtra,attraction,18.848,72.7727,budget,4.9,19710,"A prominent heritage destination in Mumbai City district showcasing Maharashtra's rich historical, cultural, and ecological heritage.",Oct-Feb,https://images.unsplash.com/photo-1544717305-2782549b5136?w=800&auto=format&fit=crop&q=80
4972,Town Hall,Maharashtra,attraction,18.874,72.8107,budget,4.9,23176,"A prominent heritage destination in Mumbai City district showcasing Maharashtra's rich historical, cultural, and ecological heritage.",Oct-Feb,https://images.unsplash.com/photo-1544717305-2782549b5136?w=800&auto=format&fit=crop&q=80
4973,St Thomas Cathedral,Maharashtra,attraction,18.9,72.8487,budget,4.9,11852,"A prominent nature destination in Mumbai City district showcasing Maharashtra's rich historical, cultural, and ecological heritage.",Oct-Feb,https://images.unsplash.com/photo-1590050752117-238cb0fb12b1?w=800&auto=format&fit=crop&q=80
4974,Afghan Church,Maharashtra,attraction,18.926,72.8867,budget,4.9,19068,"A prominent nature destination in Mumbai City district showcasing Maharashtra's rich historical, cultural, and ecological heritage.",Oct-Feb,https://images.unsplash.com/photo-1590050752117-238cb0fb12b1?w=800&auto=format&fit=crop&q=80
4975,High Court Mumbai,Maharashtra,attraction,18.952,72.9247,budget,4.7,5111,"A prominent heritage destination in Mumbai City district showcasing Maharashtra's rich historical, cultural, and ecological heritage.",Oct-Feb,https://images.unsplash.com/photo-1590050752117-238cb0fb12b1?w=800&auto=format&fit=crop&q=80
4976,University of Mumbai Heritage,Maharashtra,attraction,18.978,72.7627,budget,4.4,24422,"A prominent heritage destination in Mumbai City district showcasing Maharashtra's rich historical, cultural, and ecological heritage.",Oct-Feb,https://images.unsplash.com/photo-1582510003544-4d00b7f74220?w=800&auto=format&fit=crop&q=80
4977,Kala Ghoda,Maharashtra,attraction,19.004,72.8007,budget,4.6,19429,"A prominent nature destination in Mumbai City district showcasing Maharashtra's rich historical, cultural, and ecological heritage.",Oct-Feb,https://images.unsplash.com/photo-1567157577867-05ccb1388e66?w=800&auto=format&fit=crop&q=80
4978,National Gallery of Modern Art,Maharashtra,attraction,18.83,72.8387,budget,4.9,11256,"A prominent museum destination in Mumbai City district showcasing Maharashtra's rich historical, cultural, and ecological heritage.",Oct-Feb,https://images.unsplash.com/photo-1582555172866-f73bb12a2ab3?w=800&auto=format&fit=crop&q=80
4979,Nehru Science Centre,Maharashtra,attraction,18.856,72.8767,budget,4.7,14470,"A prominent nature destination in Mumbai City district showcasing Maharashtra's rich historical, cultural, and ecological heritage.",Oct-Feb,https://images.unsplash.com/photo-1621847468516-1ed5d0df56fe?w=800&auto=format&fit=crop&q=80
4980,Malabar Hill,Maharashtra,attraction,18.986,72.8667,budget,4.7,15850,"A prominent nature destination in Mumbai City district showcasing Maharashtra's rich historical, cultural, and ecological heritage.",Oct-Feb,https://images.unsplash.com/photo-1519681393784-d120267933ba?w=800&auto=format&fit=crop&q=80
4981,Sewri Flamingo Point,Maharashtra,attraction,19.012,72.9047,budget,4.8,25726,"A prominent nature destination in Mumbai City district showcasing Maharashtra's rich historical, cultural, and ecological heritage.",Oct-Feb,https://images.unsplash.com/photo-1621847468516-1ed5d0df56fe?w=800&auto=format&fit=crop&q=80
4982,Marine Drive Art Deco District,Maharashtra,attraction,18.838,72.7427,budget,4.9,27856,"A prominent heritage destination in Mumbai City district showcasing Maharashtra's rich historical, cultural, and ecological heritage.",Oct-Feb,https://images.unsplash.com/photo-1544717305-2782549b5136?w=800&auto=format&fit=crop&q=80
4983,Tulsi Lake,Maharashtra,attraction,19.018,72.8237,budget,4.5,27616,"A prominent lake destination in Mumbai Suburban district showcasing Maharashtra's rich historical, cultural, and ecological heritage.",Oct-Feb,https://images.unsplash.com/photo-1439066615861-d1af74d74000?w=800&auto=format&fit=crop&q=80
4984,Vihar Lake,Maharashtra,attraction,19.044,72.8617,budget,4.9,16005,"A prominent lake destination in Mumbai Suburban district showcasing Maharashtra's rich historical, cultural, and ecological heritage.",Oct-Feb,https://images.unsplash.com/photo-1439066615861-d1af74d74000?w=800&auto=format&fit=crop&q=80
4985,Powai Lake,Maharashtra,attraction,19.07,72.8997,budget,4.8,13915,"A prominent lake destination in Mumbai Suburban district showcasing Maharashtra's rich historical, cultural, and ecological heritage.",Oct-Feb,https://images.unsplash.com/photo-1439066615861-d1af74d74000?w=800&auto=format&fit=crop&q=80
4986,Aarey Forest,Maharashtra,attraction,19.096,72.9377,budget,4.8,28138,"A prominent nature destination in Mumbai Suburban district showcasing Maharashtra's rich historical, cultural, and ecological heritage.",Oct-Feb,https://images.unsplash.com/photo-1590050752117-238cb0fb12b1?w=800&auto=format&fit=crop&q=80
4987,Aarey Tribal Village,Maharashtra,attraction,19.122,72.9757,budget,4.8,6187,"A prominent nature destination in Mumbai Suburban district showcasing Maharashtra's rich historical, cultural, and ecological heritage.",Oct-Feb,https://images.unsplash.com/photo-1567157577867-05ccb1388e66?w=800&auto=format&fit=crop&q=80
4988,Film City Mumbai,Maharashtra,attraction,19.148,72.8137,budget,4.9,25996,"A prominent nature destination in Mumbai Suburban district showcasing Maharashtra's rich historical, cultural, and ecological heritage.",Oct-Feb,https://images.unsplash.com/photo-1544717305-2782549b5136?w=800&auto=format&fit=crop&q=80
4989,Gorai Beach,Maharashtra,attraction,19.174,72.8517,budget,4.9,9422,"A prominent beach destination in Mumbai Suburban district showcasing Maharashtra's rich historical, cultural, and ecological heritage.",Oct-Feb,https://images.unsplash.com/photo-1512343879784-a960bf40e7f2?w=800&auto=format&fit=crop&q=80
4990,Marve Beach,Maharashtra,attraction,19.0,72.8897,budget,4.5,17802,"A prominent beach destination in Mumbai Suburban district showcasing Maharashtra's rich historical, cultural, and ecological heritage.",Oct-Feb,https://images.unsplash.com/photo-1509233725247-49e657c54213?w=800&auto=format&fit=crop&q=80
4991,Manori Beach,Maharashtra,attraction,19.026,72.9277,budget,4.4,8212,"A prominent beach destination in Mumbai Suburban district showcasing Maharashtra's rich historical, cultural, and ecological heritage.",Oct-Feb,https://images.unsplash.com/photo-1507525428034-b723cf961d3e?w=800&auto=format&fit=crop&q=80
4992,Erangal Beach,Maharashtra,attraction,19.052,72.9657,budget,4.9,28710,"A prominent beach destination in Mumbai Suburban district showcasing Maharashtra's rich historical, cultural, and ecological heritage.",Oct-Feb,https://images.unsplash.com/photo-1512343879784-a960bf40e7f2?w=800&auto=format&fit=crop&q=80
4993,Versova Beach,Maharashtra,attraction,19.078,72.8037,budget,4.5,11057,"A prominent beach destination in Mumbai Suburban district showcasing Maharashtra's rich historical, cultural, and ecological heritage.",Oct-Feb,https://images.unsplash.com/photo-1512343879784-a960bf40e7f2?w=800&auto=format&fit=crop&q=80
4994,Juhu Beach,Maharashtra,attraction,19.104,72.8417,budget,4.9,15499,"A prominent beach destination in Mumbai Suburban district showcasing Maharashtra's rich historical, cultural, and ecological heritage.",Oct-Feb,https://images.unsplash.com/photo-1507525428034-b723cf961d3e?w=800&auto=format&fit=crop&q=80
4995,Prithvi Theatre,Maharashtra,attraction,19.156,72.9177,budget,4.9,26104,"A prominent nature destination in Mumbai Suburban district showcasing Maharashtra's rich historical, cultural, and ecological heritage.",Oct-Feb,https://images.unsplash.com/photo-1609766857041-ed402ea8069a?w=800&auto=format&fit=crop&q=80
4996,Bandra Bandstand,Maharashtra,attraction,19.008,72.7937,budget,4.9,28301,"A prominent nature destination in Mumbai Suburban district showcasing Maharashtra's rich historical, cultural, and ecological heritage.",Oct-Feb,https://images.unsplash.com/photo-1544717305-2782549b5136?w=800&auto=format&fit=crop&q=80
4997,Mount Mary Basilica,Maharashtra,attraction,19.034,72.8317,budget,4.9,20699,"A prominent nature destination in Mumbai Suburban district showcasing Maharashtra's rich historical, cultural, and ecological heritage.",Oct-Feb,https://images.unsplash.com/photo-1609766857041-ed402ea8069a?w=800&auto=format&fit=crop&q=80
4998,Bandra Worli Sea Link,Maharashtra,attraction,19.06,72.8697,budget,4.7,17770,"A prominent beach destination in Mumbai Suburban district showcasing Maharashtra's rich historical, cultural, and ecological heritage.",Oct-Feb,https://images.unsplash.com/photo-1519046904884-53103b34b206?w=800&auto=format&fit=crop&q=80
4999,Carter Road Promenade,Maharashtra,attraction,19.086,72.9077,budget,4.8,7819,"A prominent nature destination in Mumbai Suburban district showcasing Maharashtra's rich historical, cultural, and ecological heritage.",Oct-Feb,https://images.unsplash.com/photo-1609766857041-ed402ea8069a?w=800&auto=format&fit=crop&q=80
5000,Jogger's Park Bandra,Maharashtra,attraction,19.112,72.9457,budget,4.9,29466,"A prominent nature destination in Mumbai Suburban district showcasing Maharashtra's rich historical, cultural, and ecological heritage.",Oct-Feb,https://images.unsplash.com/photo-1519331379826-f10be5486c6f?w=800&auto=format&fit=crop&q=80
5001,Arnala Beach,Maharashtra,attraction,19.7847,72.7139,budget,4.5,7518,"A prominent beach destination in Palghar district showcasing Maharashtra's rich historical, cultural, and ecological heritage.",Oct-Feb,https://images.unsplash.com/photo-1512343879784-a960bf40e7f2?w=800&auto=format&fit=crop&q=80
5002,Vasai Beach,Maharashtra,attraction,19.6367,72.7899,budget,4.5,17165,"A prominent beach destination in Palghar district showcasing Maharashtra's rich historical, cultural, and ecological heritage.",Oct-Feb,https://images.unsplash.com/photo-1512343879784-a960bf40e7f2?w=800&auto=format&fit=crop&q=80
5003,Kelve Beach,Maharashtra,attraction,19.6627,72.8279,budget,4.5,16541,"A prominent beach destination in Palghar district showcasing Maharashtra's rich historical, cultural, and ecological heritage.",Oct-Feb,https://images.unsplash.com/photo-1509233725247-49e657c54213?w=800&auto=format&fit=crop&q=80
5004,Shirgaon Beach,Maharashtra,attraction,19.7407,72.7419,budget,4.9,13609,"A prominent beach destination in Palghar district showcasing Maharashtra's rich historical, cultural, and ecological heritage.",Oct-Feb,https://images.unsplash.com/photo-1507525428034-b723cf961d3e?w=800&auto=format&fit=crop&q=80
5005,Tarapur Beach,Maharashtra,attraction,19.7927,72.8179,budget,4.7,27654,"A prominent beach destination in Palghar district showcasing Maharashtra's rich historical, cultural, and ecological heritage.",Oct-Feb,https://images.unsplash.com/photo-1509233725247-49e657c54213?w=800&auto=format&fit=crop&q=80
5006,Bordi Beach,Maharashtra,attraction,19.6187,72.8559,budget,4.5,7307,"A prominent beach destination in Palghar district showcasing Maharashtra's rich historical, cultural, and ecological heritage.",Oct-Feb,https://images.unsplash.com/photo-1509233725247-49e657c54213?w=800&auto=format&fit=crop&q=80
5007,Chinchani Beach,Maharashtra,attraction,19.6447,72.6939,budget,4.7,19283,"A prominent beach destination in Palghar district showcasing Maharashtra's rich historical, cultural, and ecological heritage.",Oct-Feb,https://images.unsplash.com/photo-1512343879784-a960bf40e7f2?w=800&auto=format&fit=crop&q=80
5008,Dahanu Beach,Maharashtra,attraction,19.6707,72.7319,budget,4.5,25126,"A prominent beach destination in Palghar district showcasing Maharashtra's rich historical, cultural, and ecological heritage.",Oct-Feb,https://images.unsplash.com/photo-1519046904884-53103b34b206?w=800&auto=format&fit=crop&q=80
5009,Mahim Beach Palghar,Maharashtra,attraction,19.7227,72.8079,budget,4.9,16366,"A prominent beach destination in Palghar district showcasing Maharashtra's rich historical, cultural, and ecological heritage.",Oct-Feb,https://images.unsplash.com/photo-1509233725247-49e657c54213?w=800&auto=format&fit=crop&q=80
5010,Satpati Fishing Village,Maharashtra,attraction,19.7487,72.8459,budget,4.6,17517,"A prominent heritage destination in Palghar district showcasing Maharashtra's rich historical, cultural, and ecological heritage.",Oct-Feb,https://images.unsplash.com/photo-1567157577867-05ccb1388e66?w=800&auto=format&fit=crop&q=80
5011,Jai Vilas Palace Jawhar,Maharashtra,attraction,19.7747,72.6839,mid,4.9,29977,"A prominent heritage destination in Palghar district showcasing Maharashtra's rich historical, cultural, and ecological heritage.",Oct-Feb,https://images.unsplash.com/photo-1608889825103-eb5ed706fc64?w=800&auto=format&fit=crop&q=80
5012,Hanuman Point Jawhar,Maharashtra,attraction,19.6007,72.7219,budget,4.9,15659,"A prominent nature destination in Palghar district showcasing Maharashtra's rich historical, cultural, and ecological heritage.",Oct-Feb,https://images.unsplash.com/photo-1609766857041-ed402ea8069a?w=800&auto=format&fit=crop&q=80
5013,Dabhosha Waterfall,Maharashtra,attraction,19.6267,72.7599,budget,4.4,12996,"A prominent waterfall destination in Palghar district showcasing Maharashtra's rich historical, cultural, and ecological heritage.",Jul-Oct,https://images.unsplash.com/photo-1546548970-71785318a17b?w=800&auto=format&fit=crop&q=80
5014,Khadakpada Waterfall,Maharashtra,attraction,19.6527,72.7979,budget,4.9,10534,"A prominent waterfall destination in Palghar district showcasing Maharashtra's rich historical, cultural, and ecological heritage.",Jul-Oct,https://images.unsplash.com/photo-1432405972618-c60b0225b8f9?w=800&auto=format&fit=crop&q=80
5015,Kal Mandavi Waterfall,Maharashtra,attraction,19.6787,72.8359,budget,4.5,9286,"A prominent waterfall destination in Palghar district showcasing Maharashtra's rich historical, cultural, and ecological heritage.",Jul-Oct,https://images.unsplash.com/photo-1518457607834-6e8d80c183c5?w=800&auto=format&fit=crop&q=80
5016,Hiradpada Waterfall,Maharashtra,attraction,19.7047,72.6739,budget,4.9,22231,"A prominent waterfall destination in Palghar district showcasing Maharashtra's rich historical, cultural, and ecological heritage.",Jul-Oct,https://images.unsplash.com/photo-1432405972618-c60b0225b8f9?w=800&auto=format&fit=crop&q=80
5017,Tansa Wildlife Sanctuary,Maharashtra,attraction,19.7307,72.7119,budget,4.9,27353,"A prominent wildlife destination in Palghar district showcasing Maharashtra's rich historical, cultural, and ecological heritage.",Oct-Feb,https://images.unsplash.com/photo-1549366021-9f761d450615?w=800&auto=format&fit=crop&q=80
5018,Vikramgad Hills,Maharashtra,attraction,19.7567,72.7499,budget,4.8,28128,"A prominent nature destination in Palghar district showcasing Maharashtra's rich historical, cultural, and ecological heritage.",Oct-Feb,https://images.unsplash.com/photo-1506197603052-3cc9c3a201bd?w=800&auto=format&fit=crop&q=80
5019,Warli Tribal Villages,Maharashtra,attraction,19.7827,72.7879,budget,4.6,28599,"A prominent nature destination in Palghar district showcasing Maharashtra's rich historical, cultural, and ecological heritage.",Oct-Feb,https://images.unsplash.com/photo-1590050752117-238cb0fb12b1?w=800&auto=format&fit=crop&q=80
5020,Warli Art Villages,Maharashtra,attraction,19.6087,72.8259,budget,4.9,14279,"A prominent nature destination in Palghar district showcasing Maharashtra's rich historical, cultural, and ecological heritage.",Oct-Feb,https://images.unsplash.com/photo-1621847468516-1ed5d0df56fe?w=800&auto=format&fit=crop&q=80
5021,Deherje Dam,Maharashtra,attraction,19.6347,72.8639,budget,4.9,26660,"A prominent nature destination in Palghar district showcasing Maharashtra's rich historical, cultural, and ecological heritage.",Oct-Feb,https://images.unsplash.com/photo-1439066615861-d1af74d74000?w=800&auto=format&fit=crop&q=80
5022,Surya River,Maharashtra,attraction,19.6607,72.7019,budget,4.9,26198,"A prominent nature destination in Palghar district showcasing Maharashtra's rich historical, cultural, and ecological heritage.",Oct-Feb,https://images.unsplash.com/photo-1582510003544-4d00b7f74220?w=800&auto=format&fit=crop&q=80
5023,Tansa Lake,Maharashtra,attraction,19.6867,72.7399,budget,4.8,12044,"A prominent lake destination in Palghar district showcasing Maharashtra's rich historical, cultural, and ecological heritage.",Oct-Feb,https://images.unsplash.com/photo-1544644181-1484b3fdfc62?w=800&auto=format&fit=crop&q=80
5024,Kashid Beach,Maharashtra,attraction,18.5838,73.2662,budget,4.9,27420,"A prominent beach destination in Raigad district showcasing Maharashtra's rich historical, cultural, and ecological heritage.",Oct-Feb,https://images.unsplash.com/photo-1512343879784-a960bf40e7f2?w=800&auto=format&fit=crop&q=80
5025,Alibag Beach,Maharashtra,attraction,18.6098,73.1042,budget,4.7,9194,"A prominent beach destination in Raigad district showcasing Maharashtra's rich historical, cultural, and ecological heritage.",Oct-Feb,https://images.unsplash.com/photo-1512343879784-a960bf40e7f2?w=800&auto=format&fit=crop&q=80
5026,Nagaon Beach,Maharashtra,attraction,18.4618,73.1802,budget,4.7,20055,"A prominent beach destination in Raigad district showcasing Maharashtra's rich historical, cultural, and ecological heritage.",Oct-Feb,https://images.unsplash.com/photo-1512343879784-a960bf40e7f2?w=800&auto=format&fit=crop&q=80
5027,Awas Beach,Maharashtra,attraction,18.4878,73.2182,budget,4.9,14178,"A prominent beach destination in Raigad district showcasing Maharashtra's rich historical, cultural, and ecological heritage.",Oct-Feb,https://images.unsplash.com/photo-1509233725247-49e657c54213?w=800&auto=format&fit=crop&q=80
5028,Kihim Beach,Maharashtra,attraction,18.5138,73.2562,budget,4.9,12641,"A prominent beach destination in Raigad district showcasing Maharashtra's rich historical, cultural, and ecological heritage.",Oct-Feb,https://images.unsplash.com/photo-1509233725247-49e657c54213?w=800&auto=format&fit=crop&q=80
5029,Revdanda Beach,Maharashtra,attraction,18.5658,73.1322,budget,4.4,17029,"A prominent beach destination in Raigad district showcasing Maharashtra's rich historical, cultural, and ecological heritage.",Oct-Feb,https://images.unsplash.com/photo-1507525428034-b723cf961d3e?w=800&auto=format&fit=crop&q=80
5030,Chaul Heritage Village,Maharashtra,attraction,18.5918,73.1702,budget,4.6,11108,"A prominent heritage destination in Raigad district showcasing Maharashtra's rich historical, cultural, and ecological heritage.",Oct-Feb,https://images.unsplash.com/photo-1609766857041-ed402ea8069a?w=800&auto=format&fit=crop&q=80
5031,Chaul Portuguese Ruins,Maharashtra,attraction,18.4178,73.2082,budget,4.7,5174,"A prominent heritage destination in Raigad district showcasing Maharashtra's rich historical, cultural, and ecological heritage.",Oct-Feb,https://images.unsplash.com/photo-1609766857041-ed402ea8069a?w=800&auto=format&fit=crop&q=80
5032,Korlai Beach,Maharashtra,attraction,18.4698,73.0842,budget,4.6,28254,"A prominent beach destination in Raigad district showcasing Maharashtra's rich historical, cultural, and ecological heritage.",Oct-Feb,https://images.unsplash.com/photo-1512343879784-a960bf40e7f2?w=800&auto=format&fit=crop&q=80
5033,Phansad Wildlife Sanctuary,Maharashtra,attraction,18.4958,73.1222,budget,4.9,26809,"A prominent wildlife destination in Raigad district showcasing Maharashtra's rich historical, cultural, and ecological heritage.",Oct-Feb,https://images.unsplash.com/photo-1551969014-7d2c4cddf0b6?w=800&auto=format&fit=crop&q=80
5034,Matheran,Maharashtra,attraction,18.5218,73.1602,budget,4.5,23098,"A prominent nature destination in Raigad district showcasing Maharashtra's rich historical, cultural, and ecological heritage.",Oct-Feb,https://images.unsplash.com/photo-1518709268805-4e9042af9f23?w=800&auto=format&fit=crop&q=80
5035,Panorama Point Matheran,Maharashtra,attraction,18.5478,73.1982,budget,4.6,25348,"A prominent nature destination in Raigad district showcasing Maharashtra's rich historical, cultural, and ecological heritage.",Oct-Feb,https://images.unsplash.com/photo-1609766857041-ed402ea8069a?w=800&auto=format&fit=crop&q=80
5036,Monkey Point Matheran,Maharashtra,attraction,18.5738,73.2362,budget,4.5,17636,"A prominent nature destination in Raigad district showcasing Maharashtra's rich historical, cultural, and ecological heritage.",Oct-Feb,https://images.unsplash.com/photo-1609766857041-ed402ea8069a?w=800&auto=format&fit=crop&q=80
5037,Echo Point Matheran,Maharashtra,attraction,18.5998,73.2742,budget,4.9,26026,"A prominent nature destination in Raigad district showcasing Maharashtra's rich historical, cultural, and ecological heritage.",Oct-Feb,https://images.unsplash.com/photo-1609766857041-ed402ea8069a?w=800&auto=format&fit=crop&q=80
5038,One Tree Hill Matheran,Maharashtra,attraction,18.4518,73.1502,budget,4.9,12886,"A prominent nature destination in Raigad district showcasing Maharashtra's rich historical, cultural, and ecological heritage.",Oct-Feb,https://images.unsplash.com/photo-1486870591958-9b9d0d1dda99?w=800&auto=format&fit=crop&q=80
5039,Charlotte Lake Matheran,Maharashtra,attraction,18.4778,73.1882,budget,4.9,23225,"A prominent lake destination in Raigad district showcasing Maharashtra's rich historical, cultural, and ecological heritage.",Oct-Feb,https://images.unsplash.com/photo-1501785888041-af3ef285b470?w=800&auto=format&fit=crop&q=80
5040,Prabalmachi,Maharashtra,attraction,18.5298,73.2642,budget,4.4,14352,"A prominent nature destination in Raigad district showcasing Maharashtra's rich historical, cultural, and ecological heritage.",Oct-Feb,https://images.unsplash.com/photo-1544717305-2782549b5136?w=800&auto=format&fit=crop&q=80
5041,Karnala Bird Sanctuary,Maharashtra,attraction,18.5818,73.1402,budget,4.4,10164,"A prominent wildlife destination in Raigad district showcasing Maharashtra's rich historical, cultural, and ecological heritage.",Oct-Feb,https://images.unsplash.com/photo-1575550959106-5a7defe28b56?w=800&auto=format&fit=crop&q=80
5042,Ganpatipule,Maharashtra,attraction,17.0642,73.374,budget,4.7,8216,"A prominent beach destination in Ratnagiri district showcasing Maharashtra's rich historical, cultural, and ecological heritage.",Oct-Feb,https://images.unsplash.com/photo-1513694203232-719a280e022f?w=800&auto=format&fit=crop&q=80
5043,Jaigad Lighthouse,Maharashtra,attraction,16.9682,73.326,budget,4.5,29744,"A prominent nature destination in Ratnagiri district showcasing Maharashtra's rich historical, cultural, and ecological heritage.",Oct-Feb,https://images.unsplash.com/photo-1609766857041-ed402ea8069a?w=800&auto=format&fit=crop&q=80
5044,Jaigad Creek,Maharashtra,attraction,16.9942,73.364,budget,4.6,17672,"A prominent nature destination in Ratnagiri district showcasing Maharashtra's rich historical, cultural, and ecological heritage.",Oct-Feb,https://images.unsplash.com/photo-1621847468516-1ed5d0df56fe?w=800&auto=format&fit=crop&q=80
5045,Thibaw Palace,Maharashtra,attraction,17.0202,73.402,mid,4.7,26943,"A prominent heritage destination in Ratnagiri district showcasing Maharashtra's rich historical, cultural, and ecological heritage.",Oct-Feb,https://images.unsplash.com/photo-1584551246679-0daf3d275d0f?w=800&auto=format&fit=crop&q=80
5046,Bhatye Beach,Maharashtra,attraction,17.0722,73.278,budget,4.4,15655,"A prominent beach destination in Ratnagiri district showcasing Maharashtra's rich historical, cultural, and ecological heritage.",Oct-Feb,https://images.unsplash.com/photo-1512343879784-a960bf40e7f2?w=800&auto=format&fit=crop&q=80
5047,Aare Ware Beach,Maharashtra,attraction,16.8982,73.316,budget,4.9,22151,"A prominent beach destination in Ratnagiri district showcasing Maharashtra's rich historical, cultural, and ecological heritage.",Oct-Feb,https://images.unsplash.com/photo-1519046904884-53103b34b206?w=800&auto=format&fit=crop&q=80
5048,Malgund,Maharashtra,attraction,16.9242,73.354,budget,4.9,11351,"A prominent heritage destination in Ratnagiri district showcasing Maharashtra's rich historical, cultural, and ecological heritage.",Oct-Feb,https://images.unsplash.com/photo-1609766857041-ed402ea8069a?w=800&auto=format&fit=crop&q=80
5049,Keshavsoot Memorial,Maharashtra,attraction,16.9502,73.392,budget,4.9,9018,"A prominent nature destination in Ratnagiri district showcasing Maharashtra's rich historical, cultural, and ecological heritage.",Oct-Feb,https://images.unsplash.com/photo-1590050752117-238cb0fb12b1?w=800&auto=format&fit=crop&q=80
5050,Guhagar Beach,Maharashtra,attraction,16.9762,73.23,budget,4.8,25586,"A prominent beach destination in Ratnagiri district showcasing Maharashtra's rich historical, cultural, and ecological heritage.",Oct-Feb,https://images.unsplash.com/photo-1512343879784-a960bf40e7f2?w=800&auto=format&fit=crop&q=80
5051,Velneshwar Beach,Maharashtra,attraction,17.0282,73.306,budget,4.9,8704,"A prominent beach destination in Ratnagiri district showcasing Maharashtra's rich historical, cultural, and ecological heritage.",Oct-Feb,https://images.unsplash.com/photo-1512343879784-a960bf40e7f2?w=800&auto=format&fit=crop&q=80
5052,Hedvi Beach,Maharashtra,attraction,17.0802,73.382,budget,4.9,23194,"A prominent beach destination in Ratnagiri district showcasing Maharashtra's rich historical, cultural, and ecological heritage.",Oct-Feb,https://images.unsplash.com/photo-1509233725247-49e657c54213?w=800&auto=format&fit=crop&q=80
5053,Anjarle Beach,Maharashtra,attraction,16.9322,73.258,budget,4.8,16311,"A prominent beach destination in Ratnagiri district showcasing Maharashtra's rich historical, cultural, and ecological heritage.",Oct-Feb,https://images.unsplash.com/photo-1507525428034-b723cf961d3e?w=800&auto=format&fit=crop&q=80
5054,Dapoli,Maharashtra,attraction,16.9842,73.334,budget,4.5,22001,"A prominent nature destination in Ratnagiri district showcasing Maharashtra's rich historical, cultural, and ecological heritage.",Oct-Feb,https://images.unsplash.com/photo-1544717305-2782549b5136?w=800&auto=format&fit=crop&q=80
5055,Ladghar Beach,Maharashtra,attraction,17.0102,73.372,budget,4.4,16328,"A prominent beach destination in Ratnagiri district showcasing Maharashtra's rich historical, cultural, and ecological heritage.",Oct-Feb,https://images.unsplash.com/photo-1507525428034-b723cf961d3e?w=800&auto=format&fit=crop&q=80
5056,Karde Beach,Maharashtra,attraction,17.0362,73.41,budget,4.9,9045,"A prominent beach destination in Ratnagiri district showcasing Maharashtra's rich historical, cultural, and ecological heritage.",Oct-Feb,https://images.unsplash.com/photo-1512343879784-a960bf40e7f2?w=800&auto=format&fit=crop&q=80
5057,Murud Beach Dapoli,Maharashtra,attraction,17.0622,73.248,budget,4.9,5357,"A prominent beach destination in Ratnagiri district showcasing Maharashtra's rich historical, cultural, and ecological heritage.",Oct-Feb,https://images.unsplash.com/photo-1512343879784-a960bf40e7f2?w=800&auto=format&fit=crop&q=80
5058,Unhavare Hot Springs,Maharashtra,attraction,16.9142,73.324,budget,4.7,18347,"A prominent nature destination in Ratnagiri district showcasing Maharashtra's rich historical, cultural, and ecological heritage.",Oct-Feb,https://images.unsplash.com/photo-1544717305-2782549b5136?w=800&auto=format&fit=crop&q=80
5059,Marleshwar Waterfall,Maharashtra,attraction,17.0442,73.314,budget,4.6,13150,"A prominent waterfall destination in Ratnagiri district showcasing Maharashtra's rich historical, cultural, and ecological heritage.",Jul-Oct,https://images.unsplash.com/photo-1432405972618-c60b0225b8f9?w=800&auto=format&fit=crop&q=80
5060,Vashishti River,Maharashtra,attraction,16.8962,73.39,budget,4.9,5394,"A prominent nature destination in Ratnagiri district showcasing Maharashtra's rich historical, cultural, and ecological heritage.",Oct-Feb,https://images.unsplash.com/photo-1590050752117-238cb0fb12b1?w=800&auto=format&fit=crop&q=80
5061,Malvan,Maharashtra,attraction,16.078,73.514,budget,4.9,13574,"A prominent nature destination in Sindhudurg district showcasing Maharashtra's rich historical, cultural, and ecological heritage.",Oct-Feb,https://images.unsplash.com/photo-1584467735815-f778f274e296?w=800&auto=format&fit=crop&q=80
5062,Tarkarli Beach,Maharashtra,attraction,16.104,73.552,budget,4.9,15309,"A prominent beach destination in Sindhudurg district showcasing Maharashtra's rich historical, cultural, and ecological heritage.",Oct-Feb,https://images.unsplash.com/photo-1512343879784-a960bf40e7f2?w=800&auto=format&fit=crop&q=80
5063,Tarkarli Backwaters,Maharashtra,attraction,16.13,73.59,budget,4.9,5110,"A prominent nature destination in Sindhudurg district showcasing Maharashtra's rich historical, cultural, and ecological heritage.",Oct-Feb,https://images.unsplash.com/photo-1602216056096-3b40cc0c9944?w=800&auto=format&fit=crop&q=80
5064,Devbag Beach,Maharashtra,attraction,16.156,73.628,budget,4.7,28875,"A prominent beach destination in Sindhudurg district showcasing Maharashtra's rich historical, cultural, and ecological heritage.",Oct-Feb,https://images.unsplash.com/photo-1509233725247-49e657c54213?w=800&auto=format&fit=crop&q=80
5065,Devbag Sangam,Maharashtra,attraction,16.182,73.466,budget,4.8,27309,"A prominent nature destination in Sindhudurg district showcasing Maharashtra's rich historical, cultural, and ecological heritage.",Oct-Feb,https://images.unsplash.com/photo-1544717305-2782549b5136?w=800&auto=format&fit=crop&q=80
5066,Sindhudurg Fort (Historic Sea Fortress of Malvan),Maharashtra,attraction,19.7291,75.7107,mid,4.2,2406,"Sindhudurg Fort (Historic Sea Fortress of Malvan) is an authentic attraction destination located in ,  district of Maharashtra. Celebrated for its regional significance and unique ambiance, it offers travelers an immersive experience in the culture, scenic beauty, and heritage of Maharashtra.",Oct-Feb,https://images.unsplash.com/photo-1599661046289-e31897846e41?w=800&auto=format&fit=crop&q=80
5067,Rock Garden Malvan,Maharashtra,attraction,16.034,73.542,budget,4.4,23733,"A prominent nature destination in Sindhudurg district showcasing Maharashtra's rich historical, cultural, and ecological heritage.",Oct-Feb,https://images.unsplash.com/photo-1585320806297-9794b3e4eeae?w=800&auto=format&fit=crop&q=80
5068,Malvan Rock Garden,Maharashtra,attraction,16.06,73.58,budget,4.9,8520,"A prominent nature destination in Sindhudurg district showcasing Maharashtra's rich historical, cultural, and ecological heritage.",Oct-Feb,https://images.unsplash.com/photo-1584467735815-f778f274e296?w=800&auto=format&fit=crop&q=80
5069,Chivla Beach,Maharashtra,attraction,16.086,73.618,budget,4.9,10809,"A prominent beach destination in Sindhudurg district showcasing Maharashtra's rich historical, cultural, and ecological heritage.",Oct-Feb,https://images.unsplash.com/photo-1519046904884-53103b34b206?w=800&auto=format&fit=crop&q=80
5070,Achara Beach,Maharashtra,attraction,16.112,73.656,budget,4.9,25741,"A prominent beach destination in Sindhudurg district showcasing Maharashtra's rich historical, cultural, and ecological heritage.",Oct-Feb,https://images.unsplash.com/photo-1512343879784-a960bf40e7f2?w=800&auto=format&fit=crop&q=80
5071,Vengurla Beach,Maharashtra,attraction,16.138,73.494,budget,4.4,10381,"A prominent beach destination in Sindhudurg district showcasing Maharashtra's rich historical, cultural, and ecological heritage.",Oct-Feb,https://images.unsplash.com/photo-1507525428034-b723cf961d3e?w=800&auto=format&fit=crop&q=80
5072,Vengurla Lighthouse,Maharashtra,attraction,16.164,73.532,budget,4.9,6304,"A prominent nature destination in Sindhudurg district showcasing Maharashtra's rich historical, cultural, and ecological heritage.",Oct-Feb,https://images.unsplash.com/photo-1621847468516-1ed5d0df56fe?w=800&auto=format&fit=crop&q=80
5073,Nivati Beach,Maharashtra,attraction,16.19,73.57,budget,4.8,6826,"A prominent beach destination in Sindhudurg district showcasing Maharashtra's rich historical, cultural, and ecological heritage.",Oct-Feb,https://images.unsplash.com/photo-1519046904884-53103b34b206?w=800&auto=format&fit=crop&q=80
5074,Bhogave Beach,Maharashtra,attraction,16.042,73.646,budget,4.4,14380,"A prominent beach destination in Sindhudurg district showcasing Maharashtra's rich historical, cultural, and ecological heritage.",Oct-Feb,https://images.unsplash.com/photo-1512343879784-a960bf40e7f2?w=800&auto=format&fit=crop&q=80
5075,Kunkeshwar Beach,Maharashtra,attraction,16.068,73.484,budget,4.9,18345,"A prominent beach destination in Sindhudurg district showcasing Maharashtra's rich historical, cultural, and ecological heritage.",Oct-Feb,https://images.unsplash.com/photo-1509233725247-49e657c54213?w=800&auto=format&fit=crop&q=80
5076,Redi Beach,Maharashtra,attraction,16.12,73.56,budget,4.9,22640,"A prominent beach destination in Sindhudurg district showcasing Maharashtra's rich historical, cultural, and ecological heritage.",Oct-Feb,https://images.unsplash.com/photo-1512343879784-a960bf40e7f2?w=800&auto=format&fit=crop&q=80
5077,Tendoli Waterfall,Maharashtra,attraction,16.172,73.636,budget,4.9,10065,"A prominent waterfall destination in Sindhudurg district showcasing Maharashtra's rich historical, cultural, and ecological heritage.",Jul-Oct,https://images.unsplash.com/photo-1518457607834-6e8d80c183c5?w=800&auto=format&fit=crop&q=80
5078,Sawantwadi Palace,Maharashtra,attraction,16.198,73.474,mid,4.9,24771,"A prominent heritage destination in Sindhudurg district showcasing Maharashtra's rich historical, cultural, and ecological heritage.",Oct-Feb,https://images.unsplash.com/photo-1566073771259-6a8506099945?w=800&auto=format&fit=crop&q=80
5079,Sawantwadi Heritage Town,Maharashtra,attraction,16.024,73.512,budget,4.9,27493,"A prominent heritage destination in Sindhudurg district showcasing Maharashtra's rich historical, cultural, and ecological heritage.",Oct-Feb,https://images.unsplash.com/photo-1544717305-2782549b5136?w=800&auto=format&fit=crop&q=80
5080,Moti Talav Sawantwadi,Maharashtra,attraction,16.05,73.55,budget,4.4,14048,"A prominent lake destination in Sindhudurg district showcasing Maharashtra's rich historical, cultural, and ecological heritage.",Oct-Feb,https://images.unsplash.com/photo-1544644181-1484b3fdfc62?w=800&auto=format&fit=crop&q=80
5081,Amboli Ghat,Maharashtra,attraction,16.076,73.588,budget,4.5,19683,"A prominent nature destination in Sindhudurg district showcasing Maharashtra's rich historical, cultural, and ecological heritage.",Oct-Mar,https://images.unsplash.com/photo-1571536802807-30451e3955d8?w=800&auto=format&fit=crop&q=80
5082,Amboli Waterfall,Maharashtra,attraction,16.102,73.626,budget,4.5,17038,"A prominent waterfall destination in Sindhudurg district showcasing Maharashtra's rich historical, cultural, and ecological heritage.",Jul-Oct,https://images.unsplash.com/photo-1518457607834-6e8d80c183c5?w=800&auto=format&fit=crop&q=80
5083,Shirgaonkar Point,Maharashtra,attraction,16.128,73.464,budget,4.5,11998,"A prominent nature destination in Sindhudurg district showcasing Maharashtra's rich historical, cultural, and ecological heritage.",Oct-Feb,https://images.unsplash.com/photo-1582510003544-4d00b7f74220?w=800&auto=format&fit=crop&q=80
5084,Parpoli Forest,Maharashtra,attraction,16.154,73.502,budget,4.9,5410,"A prominent nature destination in Sindhudurg district showcasing Maharashtra's rich historical, cultural, and ecological heritage.",Oct-Feb,https://images.unsplash.com/photo-1518709268805-4e9042af9f23?w=800&auto=format&fit=crop&q=80
5085,Dodamarg Forest,Maharashtra,attraction,16.18,73.54,budget,4.8,19657,"A prominent nature destination in Sindhudurg district showcasing Maharashtra's rich historical, cultural, and ecological heritage.",Oct-Feb,https://images.unsplash.com/photo-1544644181-1484b3fdfc62?w=800&auto=format&fit=crop&q=80
5086,Tsunami Island,Maharashtra,attraction,16.206,73.578,budget,4.5,29737,"A prominent nature destination in Sindhudurg district showcasing Maharashtra's rich historical, cultural, and ecological heritage.",Oct-Feb,https://images.unsplash.com/photo-1590050752117-238cb0fb12b1?w=800&auto=format&fit=crop&q=80
5087,Karli River,Maharashtra,attraction,16.032,73.616,budget,4.9,24403,"A prominent nature destination in Sindhudurg district showcasing Maharashtra's rich historical, cultural, and ecological heritage.",Oct-Feb,https://images.unsplash.com/photo-1621847468516-1ed5d0df56fe?w=800&auto=format&fit=crop&q=80
5088,Scuba Diving Tarkarli,Maharashtra,attraction,16.058,73.654,luxury,4.6,23719,"A prominent nature destination in Sindhudurg district showcasing Maharashtra's rich historical, cultural, and ecological heritage.",Oct-Feb,https://images.unsplash.com/photo-1544717305-2782549b5136?w=800&auto=format&fit=crop&q=80
5089,Sanjay Gandhi National Park Border,Maharashtra,attraction,19.1823,72.9101,budget,4.8,28567,"A prominent wildlife destination in Thane district showcasing Maharashtra's rich historical, cultural, and ecological heritage.",Oct-Feb,https://images.unsplash.com/photo-1534188753412-3e26d0d618d6?w=800&auto=format&fit=crop&q=80
5090,Yeoor Hills,Maharashtra,attraction,19.2083,72.9481,budget,4.9,15386,"A prominent nature destination in Thane district showcasing Maharashtra's rich historical, cultural, and ecological heritage.",Oct-Feb,https://images.unsplash.com/photo-1519681393784-d120267933ba?w=800&auto=format&fit=crop&q=80
5091,Upvan Lake,Maharashtra,attraction,19.2343,72.9861,budget,4.4,13825,"A prominent lake destination in Thane district showcasing Maharashtra's rich historical, cultural, and ecological heritage.",Oct-Feb,https://images.unsplash.com/photo-1501785888041-af3ef285b470?w=800&auto=format&fit=crop&q=80
5092,Masunda Lake,Maharashtra,attraction,19.2603,73.0241,budget,4.8,25299,"A prominent lake destination in Thane district showcasing Maharashtra's rich historical, cultural, and ecological heritage.",Oct-Feb,https://images.unsplash.com/photo-1544644181-1484b3fdfc62?w=800&auto=format&fit=crop&q=80
5093,Thane Creek,Maharashtra,attraction,19.3123,72.9001,budget,4.9,8176,"A prominent nature destination in Thane district showcasing Maharashtra's rich historical, cultural, and ecological heritage.",Oct-Feb,https://images.unsplash.com/photo-1609766857041-ed402ea8069a?w=800&auto=format&fit=crop&q=80
5094,St James Church Bhiwandi,Maharashtra,attraction,19.1643,72.9761,budget,4.9,26689,"A prominent heritage destination in Thane district showcasing Maharashtra's rich historical, cultural, and ecological heritage.",Oct-Feb,https://images.unsplash.com/photo-1567157577867-05ccb1388e66?w=800&auto=format&fit=crop&q=80
5095,Mumbra Hills,Maharashtra,attraction,19.2423,72.8901,budget,4.9,19111,"A prominent nature destination in Thane district showcasing Maharashtra's rich historical, cultural, and ecological heritage.",Oct-Feb,https://images.unsplash.com/photo-1506197603052-3cc9c3a201bd?w=800&auto=format&fit=crop&q=80
5096,Parsik Hill,Maharashtra,attraction,19.2683,72.9281,budget,4.8,29588,"A prominent nature destination in Thane district showcasing Maharashtra's rich historical, cultural, and ecological heritage.",Oct-Feb,https://images.unsplash.com/photo-1486870591958-9b9d0d1dda99?w=800&auto=format&fit=crop&q=80
5097,Suraj Water Park,Maharashtra,attraction,19.2943,72.9661,budget,4.8,10911,"A prominent nature destination in Thane district showcasing Maharashtra's rich historical, cultural, and ecological heritage.",Oct-Feb,https://images.unsplash.com/photo-1519331379826-f10be5486c6f?w=800&auto=format&fit=crop&q=80
5098,Shilonda Trail,Maharashtra,attraction,19.1723,72.8801,budget,4.7,8946,"A prominent nature destination in Thane district showcasing Maharashtra's rich historical, cultural, and ecological heritage.",Oct-Feb,https://images.unsplash.com/photo-1518709268805-4e9042af9f23?w=800&auto=format&fit=crop&q=80
5099,Yeoor Forest,Maharashtra,attraction,19.1983,72.9181,budget,4.9,6297,"A prominent nature destination in Thane district showcasing Maharashtra's rich historical, cultural, and ecological heritage.",Oct-Feb,https://images.unsplash.com/photo-1590050752117-238cb0fb12b1?w=800&auto=format&fit=crop&q=80
5100,Kokan Mahotsav Cultural Area,Maharashtra,attraction,19.2243,72.9561,budget,4.4,9420,"A prominent nature destination in Thane district showcasing Maharashtra's rich historical, cultural, and ecological heritage.",Oct-Feb,https://images.unsplash.com/photo-1582510003544-4d00b7f74220?w=800&auto=format&fit=crop&q=80
5101,Kopargaon Lake,Maharashtra,attraction,19.2503,72.9941,budget,4.9,15907,"A prominent lake destination in Thane district showcasing Maharashtra's rich historical, cultural, and ecological heritage.",Oct-Feb,https://images.unsplash.com/photo-1501785888041-af3ef285b470?w=800&auto=format&fit=crop&q=80
5102,Vaitarna River,Maharashtra,attraction,19.2763,73.0321,budget,4.4,21760,"A prominent nature destination in Thane district showcasing Maharashtra's rich historical, cultural, and ecological heritage.",Oct-Feb,https://images.unsplash.com/photo-1518709268805-4e9042af9f23?w=800&auto=format&fit=crop&q=80
5103,Ulhas River,Maharashtra,attraction,19.3023,73.0701,budget,4.7,5529,"A prominent nature destination in Thane district showcasing Maharashtra's rich historical, cultural, and ecological heritage.",Oct-Feb,https://images.unsplash.com/photo-1609766857041-ed402ea8069a?w=800&auto=format&fit=crop&q=80
5104,Bassein Border Heritage,Maharashtra,attraction,19.1543,72.9461,budget,4.7,6538,"A prominent heritage destination in Thane district showcasing Maharashtra's rich historical, cultural, and ecological heritage.",Oct-Feb,https://images.unsplash.com/photo-1567157577867-05ccb1388e66?w=800&auto=format&fit=crop&q=80
5105,New Palace Kolhapur,Maharashtra,attraction,16.667,74.2493,mid,4.6,17494,"A prominent heritage destination in Kolhapur district showcasing Maharashtra's rich historical, cultural, and ecological heritage.",Oct-Feb,https://images.unsplash.com/photo-1566073771259-6a8506099945?w=800&auto=format&fit=crop&q=80
5106,Chhatrapati Shahu Museum,Maharashtra,attraction,16.693,74.2873,mid,4.6,26289,"A prominent museum destination in Kolhapur district showcasing Maharashtra's rich historical, cultural, and ecological heritage.",Oct-Mar,https://images.unsplash.com/photo-1544531586-fde5298cdd40?w=800&auto=format&fit=crop&q=80
5107,Pavankhind,Maharashtra,attraction,16.745,74.1633,budget,4.9,19255,"A prominent heritage destination in Kolhapur district showcasing Maharashtra's rich historical, cultural, and ecological heritage.",Oct-Feb,https://images.unsplash.com/photo-1585320806297-9794b3e4eeae?w=800&auto=format&fit=crop&q=80
5108,Jyotiba Hill,Maharashtra,attraction,16.797,74.2393,budget,4.7,23475,"A prominent nature destination in Kolhapur district showcasing Maharashtra's rich historical, cultural, and ecological heritage.",Oct-Feb,https://images.unsplash.com/photo-1486870591958-9b9d0d1dda99?w=800&auto=format&fit=crop&q=80
5109,Radhanagari Wildlife Sanctuary,Maharashtra,attraction,16.623,74.2773,budget,4.5,21621,"A prominent wildlife destination in Kolhapur district showcasing Maharashtra's rich historical, cultural, and ecological heritage.",Oct-Feb,https://images.unsplash.com/photo-1551969014-7d2c4cddf0b6?w=800&auto=format&fit=crop&q=80
5110,Radhanagari Bison Sanctuary,Maharashtra,attraction,16.675,74.1533,budget,4.6,7540,"A prominent wildlife destination in Kolhapur district showcasing Maharashtra's rich historical, cultural, and ecological heritage.",Oct-Feb,https://images.unsplash.com/photo-1551969014-7d2c4cddf0b6?w=800&auto=format&fit=crop&q=80
5111,Dajipur Bison Sanctuary,Maharashtra,attraction,16.701,74.1913,budget,4.9,18423,"A prominent wildlife destination in Kolhapur district showcasing Maharashtra's rich historical, cultural, and ecological heritage.",Oct-Feb,https://images.unsplash.com/photo-1575550959106-5a7defe28b56?w=800&auto=format&fit=crop&q=80
5112,Amba Ghat,Maharashtra,attraction,16.727,74.2293,budget,4.9,5799,"A prominent nature destination in Kolhapur district showcasing Maharashtra's rich historical, cultural, and ecological heritage.",Oct-Mar,https://images.unsplash.com/photo-1524492412937-b28074a5d7da?w=800&auto=format&fit=crop&q=80
5113,Amba Valley,Maharashtra,attraction,16.753,74.2673,budget,4.7,14075,"A prominent nature destination in Kolhapur district showcasing Maharashtra's rich historical, cultural, and ecological heritage.",Oct-Feb,https://images.unsplash.com/photo-1441974231531-c6227db76b6e?w=800&auto=format&fit=crop&q=80
5114,Gaganbawda,Maharashtra,attraction,16.779,74.3053,budget,4.5,29385,"A prominent nature destination in Kolhapur district showcasing Maharashtra's rich historical, cultural, and ecological heritage.",Oct-Feb,https://images.unsplash.com/photo-1621847468516-1ed5d0df56fe?w=800&auto=format&fit=crop&q=80
5115,Narsobawadi Krishna Ghat,Maharashtra,attraction,16.683,74.2573,budget,4.9,10252,"A prominent nature destination in Kolhapur district showcasing Maharashtra's rich historical, cultural, and ecological heritage.",Oct-Mar,https://images.unsplash.com/photo-1524492412937-b28074a5d7da?w=800&auto=format&fit=crop&q=80
5116,Siddhagiri Gramjivan Museum,Maharashtra,attraction,16.761,74.1713,mid,4.9,16569,"A prominent museum destination in Kolhapur district showcasing Maharashtra's rich historical, cultural, and ecological heritage.",Oct-Mar,https://images.unsplash.com/photo-1544531586-fde5298cdd40?w=800&auto=format&fit=crop&q=80
5117,Rankala Lake,Maharashtra,attraction,16.787,74.2093,budget,4.9,12211,"A prominent lake destination in Kolhapur district showcasing Maharashtra's rich historical, cultural, and ecological heritage.",Oct-Feb,https://images.unsplash.com/photo-1506744038136-46273834b3fb?w=800&auto=format&fit=crop&q=80
5118,Rankala Chowpatty,Maharashtra,attraction,16.613,74.2473,budget,4.9,14149,"A prominent lake destination in Kolhapur district showcasing Maharashtra's rich historical, cultural, and ecological heritage.",Oct-Feb,https://images.unsplash.com/photo-1609766857041-ed402ea8069a?w=800&auto=format&fit=crop&q=80
5119,Panhala Sajja Kothi,Maharashtra,attraction,16.665,74.3233,budget,4.6,25733,"A prominent heritage destination in Kolhapur district showcasing Maharashtra's rich historical, cultural, and ecological heritage.",Oct-Feb,https://images.unsplash.com/photo-1582510003544-4d00b7f74220?w=800&auto=format&fit=crop&q=80
5120,Lonavala,Maharashtra,attraction,18.6184,73.8307,budget,4.9,11753,"A prominent nature destination in Pune district showcasing Maharashtra's rich historical, cultural, and ecological heritage.",Oct-Feb,https://images.unsplash.com/photo-1518709268805-4e9042af9f23?w=800&auto=format&fit=crop&q=80
5121,Khandala,Maharashtra,attraction,18.4444,73.8687,budget,4.9,26516,"A prominent nature destination in Pune district showcasing Maharashtra's rich historical, cultural, and ecological heritage.",Oct-Feb,https://images.unsplash.com/photo-1609766857041-ed402ea8069a?w=800&auto=format&fit=crop&q=80
5122,Pawna Lake,Maharashtra,attraction,18.4704,73.9067,budget,4.4,11206,"A prominent lake destination in Pune district showcasing Maharashtra's rich historical, cultural, and ecological heritage.",Oct-Feb,https://images.unsplash.com/photo-1501785888041-af3ef285b470?w=800&auto=format&fit=crop&q=80
5123,Andharban Forest,Maharashtra,attraction,18.4964,73.9447,budget,4.4,18023,"A prominent nature destination in Pune district showcasing Maharashtra's rich historical, cultural, and ecological heritage.",Oct-Feb,https://images.unsplash.com/photo-1582510003544-4d00b7f74220?w=800&auto=format&fit=crop&q=80
5124,Tamhini Ghat,Maharashtra,attraction,18.5224,73.7827,budget,4.5,5531,"A prominent nature destination in Pune district showcasing Maharashtra's rich historical, cultural, and ecological heritage.",Oct-Mar,https://images.unsplash.com/photo-1571536802807-30451e3955d8?w=800&auto=format&fit=crop&q=80
5125,Kundalika Valley,Maharashtra,attraction,18.5484,73.8207,budget,4.9,8727,"A prominent nature destination in Pune district showcasing Maharashtra's rich historical, cultural, and ecological heritage.",Oct-Feb,https://images.unsplash.com/photo-1546548970-71785318a17b?w=800&auto=format&fit=crop&q=80
5126,Mulshi Lake,Maharashtra,attraction,18.5744,73.8587,budget,4.4,9906,"A prominent lake destination in Pune district showcasing Maharashtra's rich historical, cultural, and ecological heritage.",Oct-Feb,https://images.unsplash.com/photo-1544644181-1484b3fdfc62?w=800&auto=format&fit=crop&q=80
5127,Mulshi Dam,Maharashtra,attraction,18.6004,73.8967,budget,4.7,26083,"A prominent nature destination in Pune district showcasing Maharashtra's rich historical, cultural, and ecological heritage.",Oct-Feb,https://images.unsplash.com/photo-1439066615861-d1af74d74000?w=800&auto=format&fit=crop&q=80
5128,Panshet Dam,Maharashtra,attraction,18.4264,73.9347,budget,4.6,6964,"A prominent nature destination in Pune district showcasing Maharashtra's rich historical, cultural, and ecological heritage.",Oct-Feb,https://images.unsplash.com/photo-1506744038136-46273834b3fb?w=800&auto=format&fit=crop&q=80
5129,Panshet Lake,Maharashtra,attraction,18.4524,73.7727,budget,4.9,24303,"A prominent lake destination in Pune district showcasing Maharashtra's rich historical, cultural, and ecological heritage.",Oct-Feb,https://images.unsplash.com/photo-1439066615861-d1af74d74000?w=800&auto=format&fit=crop&q=80
5130,Varasgaon Dam,Maharashtra,attraction,18.4784,73.8107,budget,4.9,17412,"A prominent nature destination in Pune district showcasing Maharashtra's rich historical, cultural, and ecological heritage.",Oct-Feb,https://images.unsplash.com/photo-1501785888041-af3ef285b470?w=800&auto=format&fit=crop&q=80
5131,Khadakwasla Dam,Maharashtra,attraction,18.5044,73.8487,budget,4.8,29628,"A prominent nature destination in Pune district showcasing Maharashtra's rich historical, cultural, and ecological heritage.",Oct-Feb,https://images.unsplash.com/photo-1439066615861-d1af74d74000?w=800&auto=format&fit=crop&q=80
5132,Tribal Cultural Museum,Maharashtra,attraction,18.5824,73.7627,mid,4.7,29261,"A prominent museum destination in Pune district showcasing Maharashtra's rich historical, cultural, and ecological heritage.",Oct-Mar,https://images.unsplash.com/photo-1565034946487-077786996e27?w=800&auto=format&fit=crop&q=80
5133,Sarasbaug,Maharashtra,attraction,18.6084,73.8007,budget,4.8,19505,"A prominent nature destination in Pune district showcasing Maharashtra's rich historical, cultural, and ecological heritage.",Oct-Feb,https://images.unsplash.com/photo-1544717305-2782549b5136?w=800&auto=format&fit=crop&q=80
5134,Peshwa-era Heritage Streets,Maharashtra,attraction,18.4604,73.8767,budget,4.6,23191,"A prominent heritage destination in Pune district showcasing Maharashtra's rich historical, cultural, and ecological heritage.",Oct-Feb,https://images.unsplash.com/photo-1582510003544-4d00b7f74220?w=800&auto=format&fit=crop&q=80
5135,Sagareshwar Wildlife Sanctuary,Maharashtra,attraction,16.7744,74.6675,budget,4.6,18627,"A prominent wildlife destination in Sangli district showcasing Maharashtra's rich historical, cultural, and ecological heritage.",Oct-Feb,https://images.unsplash.com/photo-1501785888041-af3ef285b470?w=800&auto=format&fit=crop&q=80
5136,Audumbar Krishna Ghat,Maharashtra,attraction,16.9044,74.6575,budget,4.5,15931,"A prominent nature destination in Sangli district showcasing Maharashtra's rich historical, cultural, and ecological heritage.",Oct-Mar,https://images.unsplash.com/photo-1571536802807-30451e3955d8?w=800&auto=format&fit=crop&q=80
5137,Chandoli National Park,Maharashtra,attraction,16.9304,74.4955,budget,4.5,24175,"A prominent wildlife destination in Sangli district showcasing Maharashtra's rich historical, cultural, and ecological heritage.",Oct-Feb,https://images.unsplash.com/photo-1551969014-7d2c4cddf0b6?w=800&auto=format&fit=crop&q=80
5138,Chandoli Dam,Maharashtra,attraction,16.7564,74.5335,budget,4.5,21415,"A prominent nature destination in Sangli district showcasing Maharashtra's rich historical, cultural, and ecological heritage.",Oct-Feb,https://images.unsplash.com/photo-1506744038136-46273834b3fb?w=800&auto=format&fit=crop&q=80
5139,Chandoli Reservoir,Maharashtra,attraction,16.7824,74.5715,budget,4.6,9553,"A prominent lake destination in Sangli district showcasing Maharashtra's rich historical, cultural, and ecological heritage.",Oct-Feb,https://images.unsplash.com/photo-1501785888041-af3ef285b470?w=800&auto=format&fit=crop&q=80
5140,Miraj Music Heritage,Maharashtra,attraction,16.8344,74.6475,budget,4.9,17259,"A prominent nature destination in Sangli district showcasing Maharashtra's rich historical, cultural, and ecological heritage.",Oct-Feb,https://images.unsplash.com/photo-1567157577867-05ccb1388e66?w=800&auto=format&fit=crop&q=80
5141,Miraj Heritage Town,Maharashtra,attraction,16.8604,74.4855,budget,4.9,10075,"A prominent heritage destination in Sangli district showcasing Maharashtra's rich historical, cultural, and ecological heritage.",Oct-Feb,https://images.unsplash.com/photo-1590050752117-238cb0fb12b1?w=800&auto=format&fit=crop&q=80
5142,Kirloskarwadi Industrial Heritage,Maharashtra,attraction,16.9384,74.5995,budget,4.9,29681,"A prominent heritage destination in Sangli district showcasing Maharashtra's rich historical, cultural, and ecological heritage.",Oct-Feb,https://images.unsplash.com/photo-1544717305-2782549b5136?w=800&auto=format&fit=crop&q=80
5143,Haripur Krishna Confluence,Maharashtra,attraction,16.7904,74.6755,budget,4.6,15743,"A prominent nature destination in Sangli district showcasing Maharashtra's rich historical, cultural, and ecological heritage.",Oct-Feb,https://images.unsplash.com/photo-1567157577867-05ccb1388e66?w=800&auto=format&fit=crop&q=80
5144,Ashta Heritage Town,Maharashtra,attraction,16.8424,74.5515,budget,4.7,8997,"A prominent heritage destination in Sangli district showcasing Maharashtra's rich historical, cultural, and ecological heritage.",Oct-Feb,https://images.unsplash.com/photo-1609766857041-ed402ea8069a?w=800&auto=format&fit=crop&q=80
5145,Palus Krishna Ghats,Maharashtra,attraction,16.8684,74.5895,budget,4.9,10815,"A prominent nature destination in Sangli district showcasing Maharashtra's rich historical, cultural, and ecological heritage.",Oct-Mar,https://images.unsplash.com/photo-1524492412937-b28074a5d7da?w=800&auto=format&fit=crop&q=80
5146,Tasgaon Heritage Town,Maharashtra,attraction,16.7984,74.5795,budget,4.4,28095,"A prominent heritage destination in Sangli district showcasing Maharashtra's rich historical, cultural, and ecological heritage.",Oct-Feb,https://images.unsplash.com/photo-1590050752117-238cb0fb12b1?w=800&auto=format&fit=crop&q=80
5147,Dandoba Hills,Maharashtra,attraction,16.8244,74.6175,budget,4.9,16008,"A prominent nature destination in Sangli district showcasing Maharashtra's rich historical, cultural, and ecological heritage.",Oct-Feb,https://images.unsplash.com/photo-1506197603052-3cc9c3a201bd?w=800&auto=format&fit=crop&q=80
5148,Dandoba Forest,Maharashtra,attraction,16.8504,74.6555,budget,4.8,8080,"A prominent nature destination in Sangli district showcasing Maharashtra's rich historical, cultural, and ecological heritage.",Oct-Feb,https://images.unsplash.com/photo-1582510003544-4d00b7f74220?w=800&auto=format&fit=crop&q=80
5149,Thoseghar Waterfalls,Maharashtra,attraction,17.7565,74.0063,budget,4.9,17593,"A prominent waterfall destination in Satara district showcasing Maharashtra's rich historical, cultural, and ecological heritage.",Jul-Oct,https://images.unsplash.com/photo-1432405972618-c60b0225b8f9?w=800&auto=format&fit=crop&q=80
5150,Chalkewadi Windmill Plateau,Maharashtra,attraction,17.5825,74.0443,budget,4.9,10214,"A prominent nature destination in Satara district showcasing Maharashtra's rich historical, cultural, and ecological heritage.",Oct-Feb,https://images.unsplash.com/photo-1582510003544-4d00b7f74220?w=800&auto=format&fit=crop&q=80
5151,Kaavdiya Ghat,Maharashtra,attraction,17.5905,73.9483,budget,4.8,25461,"A prominent nature destination in Satara district showcasing Maharashtra's rich historical, cultural, and ecological heritage.",Oct-Mar,https://images.unsplash.com/photo-1571536802807-30451e3955d8?w=800&auto=format&fit=crop&q=80
5152,Kaas Lake,Maharashtra,attraction,17.6425,74.0243,budget,4.9,13444,"A prominent lake destination in Satara district showcasing Maharashtra's rich historical, cultural, and ecological heritage.",Oct-Feb,https://images.unsplash.com/photo-1544644181-1484b3fdfc62?w=800&auto=format&fit=crop&q=80
5153,Thoseghar Plateau,Maharashtra,attraction,17.6685,74.0623,budget,4.9,22667,"A prominent nature destination in Satara district showcasing Maharashtra's rich historical, cultural, and ecological heritage.",Oct-Feb,https://images.unsplash.com/photo-1544717305-2782549b5136?w=800&auto=format&fit=crop&q=80
5154,Bamnoli Lake,Maharashtra,attraction,17.6945,74.1003,budget,4.6,13642,"A prominent lake destination in Satara district showcasing Maharashtra's rich historical, cultural, and ecological heritage.",Oct-Feb,https://images.unsplash.com/photo-1544644181-1484b3fdfc62?w=800&auto=format&fit=crop&q=80
5155,Shivsagar Lake,Maharashtra,attraction,17.7205,73.9383,budget,4.9,25433,"A prominent lake destination in Satara district showcasing Maharashtra's rich historical, cultural, and ecological heritage.",Oct-Feb,https://images.unsplash.com/photo-1501785888041-af3ef285b470?w=800&auto=format&fit=crop&q=80
5156,Koyna Wildlife Sanctuary,Maharashtra,attraction,17.7465,73.9763,budget,4.9,6018,"A prominent wildlife destination in Satara district showcasing Maharashtra's rich historical, cultural, and ecological heritage.",Oct-Feb,https://images.unsplash.com/photo-1551969014-7d2c4cddf0b6?w=800&auto=format&fit=crop&q=80
5157,Koyna Dam,Maharashtra,attraction,17.7725,74.0143,budget,4.7,6076,"A prominent nature destination in Satara district showcasing Maharashtra's rich historical, cultural, and ecological heritage.",Oct-Feb,https://images.unsplash.com/photo-1439066615861-d1af74d74000?w=800&auto=format&fit=crop&q=80
5158,Koyna Reservoir,Maharashtra,attraction,17.5985,74.0523,budget,4.4,17233,"A prominent lake destination in Satara district showcasing Maharashtra's rich historical, cultural, and ecological heritage.",Oct-Feb,https://images.unsplash.com/photo-1439066615861-d1af74d74000?w=800&auto=format&fit=crop&q=80
5159,Tapola,Maharashtra,attraction,17.6245,74.0903,budget,4.9,18846,"A prominent lake destination in Satara district showcasing Maharashtra's rich historical, cultural, and ecological heritage.",Oct-Feb,https://images.unsplash.com/photo-1590050752117-238cb0fb12b1?w=800&auto=format&fit=crop&q=80
5160,Tapola Shivsagar,Maharashtra,attraction,17.6505,73.9283,budget,4.9,12867,"A prominent nature destination in Satara district showcasing Maharashtra's rich historical, cultural, and ecological heritage.",Oct-Feb,https://images.unsplash.com/photo-1439066615861-d1af74d74000?w=800&auto=format&fit=crop&q=80
5161,Medha,Maharashtra,attraction,17.6765,73.9663,budget,4.9,25058,"A prominent nature destination in Satara district showcasing Maharashtra's rich historical, cultural, and ecological heritage.",Oct-Feb,https://images.unsplash.com/photo-1582510003544-4d00b7f74220?w=800&auto=format&fit=crop&q=80
5162,Panchgani,Maharashtra,attraction,17.7025,74.0043,budget,4.4,10759,"A prominent nature destination in Satara district showcasing Maharashtra's rich historical, cultural, and ecological heritage.",Oct-Feb,https://images.unsplash.com/photo-1544717305-2782549b5136?w=800&auto=format&fit=crop&q=80
5163,Parsi Point,Maharashtra,attraction,17.7285,74.0423,budget,4.9,10800,"A prominent nature destination in Satara district showcasing Maharashtra's rich historical, cultural, and ecological heritage.",Oct-Feb,https://images.unsplash.com/photo-1582510003544-4d00b7f74220?w=800&auto=format&fit=crop&q=80
5164,Mapro Garden Panchgani,Maharashtra,attraction,17.7545,74.0803,budget,4.9,23406,"A prominent nature destination in Satara district showcasing Maharashtra's rich historical, cultural, and ecological heritage.",Oct-Feb,https://images.unsplash.com/photo-1585320806297-9794b3e4eeae?w=800&auto=format&fit=crop&q=80
5165,Mahabaleshwar,Maharashtra,attraction,17.5805,73.9183,budget,4.5,9638,"A prominent nature destination in Satara district showcasing Maharashtra's rich historical, cultural, and ecological heritage.",Oct-Feb,https://images.unsplash.com/photo-1567157577867-05ccb1388e66?w=800&auto=format&fit=crop&q=80
5166,Arthur's Seat,Maharashtra,attraction,17.6065,73.9563,budget,4.7,19370,"A prominent beach destination in Satara district showcasing Maharashtra's rich historical, cultural, and ecological heritage.",Oct-Feb,https://images.unsplash.com/photo-1507525428034-b723cf961d3e?w=800&auto=format&fit=crop&q=80
5167,Elephant's Head Point,Maharashtra,attraction,17.6325,73.9943,budget,4.9,28761,"A prominent nature destination in Satara district showcasing Maharashtra's rich historical, cultural, and ecological heritage.",Oct-Feb,https://images.unsplash.com/photo-1544717305-2782549b5136?w=800&auto=format&fit=crop&q=80
5168,Wilson Point,Maharashtra,attraction,17.6585,74.0323,budget,4.6,13286,"A prominent nature destination in Satara district showcasing Maharashtra's rich historical, cultural, and ecological heritage.",Oct-Feb,https://images.unsplash.com/photo-1567157577867-05ccb1388e66?w=800&auto=format&fit=crop&q=80
5169,Elphinstone Point,Maharashtra,attraction,17.6845,74.0703,budget,4.5,16550,"A prominent nature destination in Satara district showcasing Maharashtra's rich historical, cultural, and ecological heritage.",Oct-Feb,https://images.unsplash.com/photo-1609766857041-ed402ea8069a?w=800&auto=format&fit=crop&q=80
5170,Lingmala Waterfall,Maharashtra,attraction,17.7105,74.1083,budget,4.9,26769,"A prominent waterfall destination in Satara district showcasing Maharashtra's rich historical, cultural, and ecological heritage.",Jul-Oct,https://images.unsplash.com/photo-1432405972618-c60b0225b8f9?w=800&auto=format&fit=crop&q=80
5171,Dhobi Waterfall,Maharashtra,attraction,17.7365,73.9463,budget,4.7,28158,"A prominent waterfall destination in Satara district showcasing Maharashtra's rich historical, cultural, and ecological heritage.",Jul-Oct,https://images.unsplash.com/photo-1546548970-71785318a17b?w=800&auto=format&fit=crop&q=80
5172,Vajrai Waterfall,Maharashtra,attraction,17.7625,73.9843,budget,4.4,12572,"A prominent waterfall destination in Satara district showcasing Maharashtra's rich historical, cultural, and ecological heritage.",Jul-Oct,https://images.unsplash.com/photo-1546548970-71785318a17b?w=800&auto=format&fit=crop&q=80
5173,Pratapgad Afzal Khan Tomb,Maharashtra,attraction,17.6405,74.0983,budget,4.5,24318,"A prominent heritage destination in Satara district showcasing Maharashtra's rich historical, cultural, and ecological heritage.",Oct-Feb,https://images.unsplash.com/photo-1567157577867-05ccb1388e66?w=800&auto=format&fit=crop&q=80
5174,Pandharpur Chandrabhaga Ghats,Maharashtra,attraction,17.6719,75.8624,budget,4.9,24532,"A prominent nature destination in Solapur district showcasing Maharashtra's rich historical, cultural, and ecological heritage.",Oct-Mar,https://images.unsplash.com/photo-1524492412937-b28074a5d7da?w=800&auto=format&fit=crop&q=80
5175,Great Indian Bustard Sanctuary,Maharashtra,attraction,17.6019,75.8524,budget,4.9,27765,"A vast, arid grassland ecosystem preserving one of the last breeding grounds of the critically endangered Great Indian Bustard.",Oct-Feb,https://images.unsplash.com/photo-1575550959106-5a7defe28b56?w=800&auto=format&fit=crop&q=80
5176,Nannaj Grasslands,Maharashtra,attraction,17.6279,75.8904,budget,4.9,24496,"A prominent nature destination in Solapur district showcasing Maharashtra's rich historical, cultural, and ecological heritage.",Oct-Feb,https://images.unsplash.com/photo-1582510003544-4d00b7f74220?w=800&auto=format&fit=crop&q=80
5177,Nannaj Birding Area,Maharashtra,attraction,17.6539,75.9284,budget,4.9,17364,"A prominent nature destination in Solapur district showcasing Maharashtra's rich historical, cultural, and ecological heritage.",Oct-Feb,https://images.unsplash.com/photo-1549366021-9f761d450615?w=800&auto=format&fit=crop&q=80
5178,Barshi Heritage Town,Maharashtra,attraction,17.6799,75.9664,budget,4.7,19922,"A prominent heritage destination in Solapur district showcasing Maharashtra's rich historical, cultural, and ecological heritage.",Oct-Feb,https://images.unsplash.com/photo-1544717305-2782549b5136?w=800&auto=format&fit=crop&q=80
5179,Indi Border Dryland,Maharashtra,attraction,17.6099,75.9564,budget,4.6,6829,"A prominent nature destination in Solapur district showcasing Maharashtra's rich historical, cultural, and ecological heritage.",Oct-Feb,https://images.unsplash.com/photo-1590050752117-238cb0fb12b1?w=800&auto=format&fit=crop&q=80
5180,Hotgi Lake,Maharashtra,attraction,17.6359,75.9944,budget,4.8,8251,"A prominent lake destination in Solapur district showcasing Maharashtra's rich historical, cultural, and ecological heritage.",Oct-Feb,https://images.unsplash.com/photo-1439066615861-d1af74d74000?w=800&auto=format&fit=crop&q=80
5181,Bhima River,Maharashtra,attraction,17.7399,75.9464,budget,4.7,5860,"A prominent nature destination in Solapur district showcasing Maharashtra's rich historical, cultural, and ecological heritage.",Oct-Feb,https://images.unsplash.com/photo-1582510003544-4d00b7f74220?w=800&auto=format&fit=crop&q=80
5182,Ujani Reservoir,Maharashtra,attraction,17.5659,75.9844,budget,4.8,21530,"A prominent lake destination in Solapur district showcasing Maharashtra's rich historical, cultural, and ecological heritage.",Oct-Feb,https://images.unsplash.com/photo-1501785888041-af3ef285b470?w=800&auto=format&fit=crop&q=80
5183,Ujani Birding Area,Maharashtra,attraction,17.5919,75.8224,budget,4.4,14834,"A prominent nature destination in Solapur district showcasing Maharashtra's rich historical, cultural, and ecological heritage.",Oct-Feb,https://images.unsplash.com/photo-1551969014-7d2c4cddf0b6?w=800&auto=format&fit=crop&q=80
5184,Akluj Shiv-Srushti,Maharashtra,attraction,17.6699,75.9364,budget,4.6,18738,"A prominent heritage destination in Solapur district showcasing Maharashtra's rich historical, cultural, and ecological heritage.",Oct-Feb,https://images.unsplash.com/photo-1567157577867-05ccb1388e66?w=800&auto=format&fit=crop&q=80
5185,Mangalwedha Sant Heritage,Maharashtra,attraction,17.7219,75.8124,budget,4.9,29257,"A prominent nature destination in Solapur district showcasing Maharashtra's rich historical, cultural, and ecological heritage.",Oct-Feb,https://images.unsplash.com/photo-1582510003544-4d00b7f74220?w=800&auto=format&fit=crop&q=80
5186,Laling Hill,Maharashtra,attraction,20.8182,74.7569,budget,4.6,27247,"A prominent nature destination in Dhule district showcasing Maharashtra's rich historical, cultural, and ecological heritage.",Oct-Feb,https://images.unsplash.com/photo-1506197603052-3cc9c3a201bd?w=800&auto=format&fit=crop&q=80
5187,Thalner Heritage Village,Maharashtra,attraction,20.8962,74.8709,budget,4.9,27023,"A prominent heritage destination in Dhule district showcasing Maharashtra's rich historical, cultural, and ecological heritage.",Oct-Feb,https://images.unsplash.com/photo-1518709268805-4e9042af9f23?w=800&auto=format&fit=crop&q=80
5188,Balsana Heritage,Maharashtra,attraction,20.9482,74.7469,budget,4.9,11236,"A prominent heritage destination in Dhule district showcasing Maharashtra's rich historical, cultural, and ecological heritage.",Oct-Feb,https://images.unsplash.com/photo-1544717305-2782549b5136?w=800&auto=format&fit=crop&q=80
5189,Shirpur Gold City Heritage,Maharashtra,attraction,20.9742,74.7849,budget,4.5,11735,"A prominent nature destination in Dhule district showcasing Maharashtra's rich historical, cultural, and ecological heritage.",Oct-Feb,https://images.unsplash.com/photo-1582510003544-4d00b7f74220?w=800&auto=format&fit=crop&q=80
5190,Thalner Tapi Ghats,Maharashtra,attraction,20.8522,74.6989,budget,4.9,12645,"A prominent nature destination in Dhule district showcasing Maharashtra's rich historical, cultural, and ecological heritage.",Oct-Mar,https://images.unsplash.com/photo-1571536802807-30451e3955d8?w=800&auto=format&fit=crop&q=80
5191,Panhalghat Hills,Maharashtra,attraction,20.9042,74.7749,budget,4.5,17632,"A prominent nature destination in Dhule district showcasing Maharashtra's rich historical, cultural, and ecological heritage.",Oct-Mar,https://images.unsplash.com/photo-1519681393784-d120267933ba?w=800&auto=format&fit=crop&q=80
5192,Songir Hills,Maharashtra,attraction,20.9302,74.8129,budget,4.7,29166,"A prominent nature destination in Dhule district showcasing Maharashtra's rich historical, cultural, and ecological heritage.",Oct-Feb,https://images.unsplash.com/photo-1506197603052-3cc9c3a201bd?w=800&auto=format&fit=crop&q=80
5193,Sakri Forest,Maharashtra,attraction,20.9822,74.6889,budget,4.4,10816,"A prominent nature destination in Dhule district showcasing Maharashtra's rich historical, cultural, and ecological heritage.",Oct-Feb,https://images.unsplash.com/photo-1609766857041-ed402ea8069a?w=800&auto=format&fit=crop&q=80
5194,Aner Dam,Maharashtra,attraction,20.8602,74.8029,budget,4.9,14012,"A prominent nature destination in Dhule district showcasing Maharashtra's rich historical, cultural, and ecological heritage.",Oct-Feb,https://images.unsplash.com/photo-1439066615861-d1af74d74000?w=800&auto=format&fit=crop&q=80
5195,Aner Wildlife Sanctuary,Maharashtra,attraction,20.8862,74.8409,budget,4.9,13918,"A prominent wildlife destination in Dhule district showcasing Maharashtra's rich historical, cultural, and ecological heritage.",Oct-Feb,https://images.unsplash.com/photo-1551969014-7d2c4cddf0b6?w=800&auto=format&fit=crop&q=80
5196,Dondaicha Heritage Town,Maharashtra,attraction,20.9382,74.7169,budget,4.5,10051,"A prominent heritage destination in Dhule district showcasing Maharashtra's rich historical, cultural, and ecological heritage.",Oct-Feb,https://images.unsplash.com/photo-1518709268805-4e9042af9f23?w=800&auto=format&fit=crop&q=80
5197,Patnadevi Forest,Maharashtra,attraction,20.9457,75.6566,budget,4.8,24780,"A prominent nature destination in Jalgaon district showcasing Maharashtra's rich historical, cultural, and ecological heritage.",Oct-Feb,https://images.unsplash.com/photo-1518709268805-4e9042af9f23?w=800&auto=format&fit=crop&q=80
5198,Unapdev Hot Springs,Maharashtra,attraction,20.9717,75.4946,budget,4.5,29522,"A prominent nature destination in Jalgaon district showcasing Maharashtra's rich historical, cultural, and ecological heritage.",Oct-Feb,https://images.unsplash.com/photo-1518709268805-4e9042af9f23?w=800&auto=format&fit=crop&q=80
5199,Manudevi Waterfall,Maharashtra,attraction,21.0237,75.5706,budget,4.9,6071,"A prominent waterfall destination in Jalgaon district showcasing Maharashtra's rich historical, cultural, and ecological heritage.",Jul-Oct,https://images.unsplash.com/photo-1546548970-71785318a17b?w=800&auto=format&fit=crop&q=80
5200,Pal Hill Station,Maharashtra,attraction,21.0497,75.6086,budget,4.9,20486,"A prominent nature destination in Jalgaon district showcasing Maharashtra's rich historical, cultural, and ecological heritage.",Oct-Feb,https://images.unsplash.com/photo-1464822759023-fed622ff2c3b?w=800&auto=format&fit=crop&q=80
5201,Pal Forest,Maharashtra,attraction,21.0757,75.6466,budget,4.6,21746,"A prominent nature destination in Jalgaon district showcasing Maharashtra's rich historical, cultural, and ecological heritage.",Oct-Feb,https://images.unsplash.com/photo-1590050752117-238cb0fb12b1?w=800&auto=format&fit=crop&q=80
5202,Mehrun Lake,Maharashtra,attraction,21.1017,75.4846,budget,4.9,24696,"A prominent lake destination in Jalgaon district showcasing Maharashtra's rich historical, cultural, and ecological heritage.",Oct-Feb,https://images.unsplash.com/photo-1506744038136-46273834b3fb?w=800&auto=format&fit=crop&q=80
5203,Mehrun Lake Garden,Maharashtra,attraction,20.9277,75.5226,budget,4.8,23303,"A prominent lake destination in Jalgaon district showcasing Maharashtra's rich historical, cultural, and ecological heritage.",Oct-Feb,https://images.unsplash.com/photo-1439066615861-d1af74d74000?w=800&auto=format&fit=crop&q=80
5204,Padmalaya Lake,Maharashtra,attraction,21.0057,75.6366,budget,4.7,16341,"A prominent lake destination in Jalgaon district showcasing Maharashtra's rich historical, cultural, and ecological heritage.",Oct-Feb,https://images.unsplash.com/photo-1544644181-1484b3fdfc62?w=800&auto=format&fit=crop&q=80
5205,Parola Heritage Town,Maharashtra,attraction,20.9097,75.5886,budget,4.9,22791,"A prominent heritage destination in Jalgaon district showcasing Maharashtra's rich historical, cultural, and ecological heritage.",Oct-Feb,https://images.unsplash.com/photo-1590050752117-238cb0fb12b1?w=800&auto=format&fit=crop&q=80
5206,Amalner Heritage Town,Maharashtra,attraction,20.9617,75.4646,budget,4.9,25634,"A prominent heritage destination in Jalgaon district showcasing Maharashtra's rich historical, cultural, and ecological heritage.",Oct-Feb,https://images.unsplash.com/photo-1544717305-2782549b5136?w=800&auto=format&fit=crop&q=80
5207,Girna Dam,Maharashtra,attraction,21.0397,75.5786,budget,4.7,11327,"A prominent nature destination in Jalgaon district showcasing Maharashtra's rich historical, cultural, and ecological heritage.",Oct-Feb,https://images.unsplash.com/photo-1544644181-1484b3fdfc62?w=800&auto=format&fit=crop&q=80
5208,Girna Reservoir,Maharashtra,attraction,21.0657,75.6166,budget,4.9,13822,"A prominent lake destination in Jalgaon district showcasing Maharashtra's rich historical, cultural, and ecological heritage.",Oct-Feb,https://images.unsplash.com/photo-1544644181-1484b3fdfc62?w=800&auto=format&fit=crop&q=80
5209,Waghur Dam,Maharashtra,attraction,21.0917,75.6546,budget,4.9,24724,"A prominent nature destination in Jalgaon district showcasing Maharashtra's rich historical, cultural, and ecological heritage.",Oct-Feb,https://images.unsplash.com/photo-1506744038136-46273834b3fb?w=800&auto=format&fit=crop&q=80
5210,Waghur Reservoir,Maharashtra,attraction,20.9177,75.4926,budget,4.7,8525,"A prominent lake destination in Jalgaon district showcasing Maharashtra's rich historical, cultural, and ecological heritage.",Oct-Feb,https://images.unsplash.com/photo-1506744038136-46273834b3fb?w=800&auto=format&fit=crop&q=80
5211,Toranmal Lake,Maharashtra,attraction,21.3359,74.2463,budget,4.7,14254,"A prominent lake destination in Nandurbar district showcasing Maharashtra's rich historical, cultural, and ecological heritage.",Oct-Feb,https://images.unsplash.com/photo-1544644181-1484b3fdfc62?w=800&auto=format&fit=crop&q=80
5212,Yashwant Lake,Maharashtra,attraction,21.3619,74.2843,budget,4.8,14742,"A prominent lake destination in Nandurbar district showcasing Maharashtra's rich historical, cultural, and ecological heritage.",Oct-Feb,https://images.unsplash.com/photo-1439066615861-d1af74d74000?w=800&auto=format&fit=crop&q=80
5213,Sita Khai,Maharashtra,attraction,21.3879,74.3223,budget,4.5,11162,"A prominent nature destination in Nandurbar district showcasing Maharashtra's rich historical, cultural, and ecological heritage.",Oct-Feb,https://images.unsplash.com/photo-1582510003544-4d00b7f74220?w=800&auto=format&fit=crop&q=80
5214,Suryakund,Maharashtra,attraction,21.4139,74.1603,budget,4.9,7702,"A prominent nature destination in Nandurbar district showcasing Maharashtra's rich historical, cultural, and ecological heritage.",Oct-Feb,https://images.unsplash.com/photo-1518457607834-6e8d80c183c5?w=800&auto=format&fit=crop&q=80
5215,Lotus Lake Toranmal,Maharashtra,attraction,21.4659,74.2363,budget,4.9,26480,"A prominent lake destination in Nandurbar district showcasing Maharashtra's rich historical, cultural, and ecological heritage.",Oct-Feb,https://images.unsplash.com/photo-1439066615861-d1af74d74000?w=800&auto=format&fit=crop&q=80
5216,Aawashabari Viewpoint,Maharashtra,attraction,21.2919,74.2743,budget,4.9,17552,"A prominent nature destination in Nandurbar district showcasing Maharashtra's rich historical, cultural, and ecological heritage.",Oct-Feb,https://images.unsplash.com/photo-1590050752117-238cb0fb12b1?w=800&auto=format&fit=crop&q=80
5217,Shahada Heritage Town,Maharashtra,attraction,21.3439,74.1503,budget,4.9,10278,"A prominent heritage destination in Nandurbar district showcasing Maharashtra's rich historical, cultural, and ecological heritage.",Oct-Feb,https://images.unsplash.com/photo-1590050752117-238cb0fb12b1?w=800&auto=format&fit=crop&q=80
5218,Toranmal Hill Station & Sita Khai Viewpoint,Maharashtra,attraction,19.7539,75.7019,budget,4.5,7197,"Toranmal Hill Station & Sita Khai Viewpoint is an authentic attraction destination located in ,  district of Maharashtra. Celebrated for its regional significance and unique ambiance, it offers travelers an immersive experience in the culture, scenic beauty, and heritage of Maharashtra.",Oct-Feb,https://images.unsplash.com/photo-1486870591958-9b9d0d1dda99?w=800&auto=format&fit=crop&q=80
5219,Tapi River,Maharashtra,attraction,21.4219,74.2643,budget,4.9,14241,"A prominent nature destination in Nandurbar district showcasing Maharashtra's rich historical, cultural, and ecological heritage.",Oct-Feb,https://images.unsplash.com/photo-1609766857041-ed402ea8069a?w=800&auto=format&fit=crop&q=80
5220,Dhadgaon Hills,Maharashtra,attraction,21.2739,74.1403,budget,4.8,21260,"A prominent nature destination in Nandurbar district showcasing Maharashtra's rich historical, cultural, and ecological heritage.",Oct-Feb,https://images.unsplash.com/photo-1486870591958-9b9d0d1dda99?w=800&auto=format&fit=crop&q=80
5221,Narmada Valley,Maharashtra,attraction,21.2999,74.1783,budget,4.9,22127,"A prominent nature destination in Nandurbar district showcasing Maharashtra's rich historical, cultural, and ecological heritage.",Oct-Feb,https://images.unsplash.com/photo-1441974231531-c6227db76b6e?w=800&auto=format&fit=crop&q=80
5222,Bhadal Village,Maharashtra,attraction,21.4039,74.3303,budget,4.9,21046,"A prominent nature destination in Nandurbar district showcasing Maharashtra's rich historical, cultural, and ecological heritage.",Oct-Feb,https://images.unsplash.com/photo-1518709268805-4e9042af9f23?w=800&auto=format&fit=crop&q=80
5223,Tribal Weekly Markets,Maharashtra,attraction,21.4559,74.2063,budget,4.9,25356,"A prominent nature destination in Nandurbar district showcasing Maharashtra's rich historical, cultural, and ecological heritage.",Oct-Feb,https://images.unsplash.com/photo-1544717305-2782549b5136?w=800&auto=format&fit=crop&q=80
5224,Trimbak,Maharashtra,attraction,19.9315,73.8318,budget,4.7,10186,"A prominent nature destination in Nashik district showcasing Maharashtra's rich historical, cultural, and ecological heritage.",Oct-Feb,https://images.unsplash.com/photo-1518709268805-4e9042af9f23?w=800&auto=format&fit=crop&q=80
5225,Brahmagiri Hill,Maharashtra,attraction,19.9575,73.8698,budget,4.6,5643,"A prominent nature destination in Nashik district showcasing Maharashtra's rich historical, cultural, and ecological heritage.",Oct-Feb,https://images.unsplash.com/photo-1464822759023-fed622ff2c3b?w=800&auto=format&fit=crop&q=80
5226,Anjaneri Hills,Maharashtra,attraction,19.9835,73.7078,budget,4.7,6120,"A prominent nature destination in Nashik district showcasing Maharashtra's rich historical, cultural, and ecological heritage.",Oct-Feb,https://images.unsplash.com/photo-1486870591958-9b9d0d1dda99?w=800&auto=format&fit=crop&q=80
5227,Sula Vineyards,Maharashtra,attraction,20.0875,73.8598,budget,4.9,26577,"A prominent nature destination in Nashik district showcasing Maharashtra's rich historical, cultural, and ecological heritage.",Oct-Feb,https://images.unsplash.com/photo-1590050752117-238cb0fb12b1?w=800&auto=format&fit=crop&q=80
5228,Gangapur Dam,Maharashtra,attraction,19.9135,73.6978,budget,4.9,13759,"A prominent nature destination in Nashik district showcasing Maharashtra's rich historical, cultural, and ecological heritage.",Oct-Feb,https://images.unsplash.com/photo-1506744038136-46273834b3fb?w=800&auto=format&fit=crop&q=80
5229,Gangapur Lake,Maharashtra,attraction,19.9395,73.7358,budget,4.7,26782,"A prominent lake destination in Nashik district showcasing Maharashtra's rich historical, cultural, and ecological heritage.",Oct-Feb,https://images.unsplash.com/photo-1501785888041-af3ef285b470?w=800&auto=format&fit=crop&q=80
5230,Dudhsagar Falls Nashik,Maharashtra,attraction,19.9655,73.7738,budget,4.6,29402,"A prominent waterfall destination in Nashik district showcasing Maharashtra's rich historical, cultural, and ecological heritage.",Oct-Feb,https://images.unsplash.com/photo-1432405972618-c60b0225b8f9?w=800&auto=format&fit=crop&q=80
5231,Ramkund,Maharashtra,attraction,19.9915,73.8118,budget,4.9,23297,"A prominent heritage destination in Nashik district showcasing Maharashtra's rich historical, cultural, and ecological heritage.",Oct-Feb,https://images.unsplash.com/photo-1432405972618-c60b0225b8f9?w=800&auto=format&fit=crop&q=80
5232,Tapovan,Maharashtra,attraction,20.0955,73.7638,budget,4.9,6029,"A prominent nature destination in Nashik district showcasing Maharashtra's rich historical, cultural, and ecological heritage.",Oct-Feb,https://images.unsplash.com/photo-1519331379826-f10be5486c6f?w=800&auto=format&fit=crop&q=80
5233,Someshwar Waterfall,Maharashtra,attraction,20.0515,73.7918,budget,4.5,22737,"A prominent waterfall destination in Nashik district showcasing Maharashtra's rich historical, cultural, and ecological heritage.",Jul-Oct,https://images.unsplash.com/photo-1518457607834-6e8d80c183c5?w=800&auto=format&fit=crop&q=80
5234,Dugarwadi Waterfall,Maharashtra,attraction,19.9035,73.8678,budget,4.9,21963,"A prominent waterfall destination in Nashik district showcasing Maharashtra's rich historical, cultural, and ecological heritage.",Jul-Oct,https://images.unsplash.com/photo-1518457607834-6e8d80c183c5?w=800&auto=format&fit=crop&q=80
5235,Vihigaon Waterfall,Maharashtra,attraction,19.9295,73.7058,budget,4.9,14260,"A prominent waterfall destination in Nashik district showcasing Maharashtra's rich historical, cultural, and ecological heritage.",Jul-Oct,https://images.unsplash.com/photo-1432405972618-c60b0225b8f9?w=800&auto=format&fit=crop&q=80
5236,Kalsubai Peak,Maharashtra,attraction,19.9815,73.7818,budget,4.9,8301,"A prominent nature destination in Nashik district showcasing Maharashtra's rich historical, cultural, and ecological heritage.",Oct-Feb,https://images.unsplash.com/photo-1506197603052-3cc9c3a201bd?w=800&auto=format&fit=crop&q=80
5237,Igatpuri,Maharashtra,attraction,20.0595,73.6958,budget,4.5,16977,"A prominent nature destination in Nashik district showcasing Maharashtra's rich historical, cultural, and ecological heritage.",Oct-Feb,https://images.unsplash.com/photo-1518709268805-4e9042af9f23?w=800&auto=format&fit=crop&q=80
5238,Camel Valley,Maharashtra,attraction,20.0855,73.7338,budget,4.8,22754,"A prominent nature destination in Nashik district showcasing Maharashtra's rich historical, cultural, and ecological heritage.",Oct-Feb,https://images.unsplash.com/photo-1470071459604-3b5ec3a7fe05?w=800&auto=format&fit=crop&q=80
5239,Bhatsa Valley,Maharashtra,attraction,19.9115,73.7718,budget,4.9,8667,"A prominent nature destination in Nashik district showcasing Maharashtra's rich historical, cultural, and ecological heritage.",Oct-Feb,https://images.unsplash.com/photo-1470071459604-3b5ec3a7fe05?w=800&auto=format&fit=crop&q=80
5240,Vihigaon Tribal Village,Maharashtra,attraction,19.9375,73.8098,budget,4.4,24272,"A prominent nature destination in Nashik district showcasing Maharashtra's rich historical, cultural, and ecological heritage.",Oct-Feb,https://images.unsplash.com/photo-1590050752117-238cb0fb12b1?w=800&auto=format&fit=crop&q=80
5241,Salabat Khan Tomb,Maharashtra,attraction,19.1472,74.8256,budget,4.9,24756,"A prominent nature destination in Ahilyanagar district showcasing Maharashtra's rich historical, cultural, and ecological heritage.",Oct-Feb,https://images.unsplash.com/photo-1590050752117-238cb0fb12b1?w=800&auto=format&fit=crop&q=80
5242,Chand Bibi Mahal,Maharashtra,attraction,19.1732,74.6636,budget,4.9,25553,"A prominent nature destination in Ahilyanagar district showcasing Maharashtra's rich historical, cultural, and ecological heritage.",Oct-Feb,https://images.unsplash.com/photo-1566073771259-6a8506099945?w=800&auto=format&fit=crop&q=80
5243,Wilson Dam,Maharashtra,attraction,18.9992,74.7016,budget,4.8,13164,"A prominent nature destination in Ahilyanagar district showcasing Maharashtra's rich historical, cultural, and ecological heritage.",Oct-Feb,https://images.unsplash.com/photo-1544644181-1484b3fdfc62?w=800&auto=format&fit=crop&q=80
5244,Arthur Lake,Maharashtra,attraction,19.0252,74.7396,budget,4.8,21500,"A prominent lake destination in Ahilyanagar district showcasing Maharashtra's rich historical, cultural, and ecological heritage.",Oct-Feb,https://images.unsplash.com/photo-1544644181-1484b3fdfc62?w=800&auto=format&fit=crop&q=80
5245,Ratanwadi,Maharashtra,attraction,19.0772,74.8156,budget,4.7,28215,"A prominent heritage destination in Ahilyanagar district showcasing Maharashtra's rich historical, cultural, and ecological heritage.",Oct-Feb,https://images.unsplash.com/photo-1621847468516-1ed5d0df56fe?w=800&auto=format&fit=crop&q=80
5246,Taramati Peak,Maharashtra,attraction,19.1552,74.7296,budget,4.9,19139,"A prominent nature destination in Ahilyanagar district showcasing Maharashtra's rich historical, cultural, and ecological heritage.",Oct-Feb,https://images.unsplash.com/photo-1506197603052-3cc9c3a201bd?w=800&auto=format&fit=crop&q=80
5247,Rohidas Peak,Maharashtra,attraction,19.1812,74.7676,budget,4.9,11847,"A prominent nature destination in Ahilyanagar district showcasing Maharashtra's rich historical, cultural, and ecological heritage.",Oct-Feb,https://images.unsplash.com/photo-1519681393784-d120267933ba?w=800&auto=format&fit=crop&q=80
5248,Saptatirtha Pushkarni,Maharashtra,attraction,19.0072,74.8056,budget,4.8,17094,"A prominent heritage destination in Ahilyanagar district showcasing Maharashtra's rich historical, cultural, and ecological heritage.",Oct-Feb,https://images.unsplash.com/photo-1621847468516-1ed5d0df56fe?w=800&auto=format&fit=crop&q=80
5249,Konkan Kada,Maharashtra,attraction,19.0332,74.8436,budget,4.9,26729,"A prominent nature destination in Ahilyanagar district showcasing Maharashtra's rich historical, cultural, and ecological heritage.",Oct-Feb,https://images.unsplash.com/photo-1582510003544-4d00b7f74220?w=800&auto=format&fit=crop&q=80
5250,Kokankada Harishchandragad,Maharashtra,attraction,19.0592,74.6816,budget,4.8,18763,"A prominent nature destination in Ahilyanagar district showcasing Maharashtra's rich historical, cultural, and ecological heritage.",Oct-Feb,https://images.unsplash.com/photo-1567157577867-05ccb1388e66?w=800&auto=format&fit=crop&q=80
5251,Randha Falls,Maharashtra,attraction,19.0852,74.7196,budget,4.6,19309,"A prominent waterfall destination in Ahilyanagar district showcasing Maharashtra's rich historical, cultural, and ecological heritage.",Oct-Feb,https://images.unsplash.com/photo-1432405972618-c60b0225b8f9?w=800&auto=format&fit=crop&q=80
5252,Ghatghar Viewpoint,Maharashtra,attraction,19.1112,74.7576,budget,4.8,20304,"A prominent nature destination in Ahilyanagar district showcasing Maharashtra's rich historical, cultural, and ecological heritage.",Oct-Mar,https://images.unsplash.com/photo-1571536802807-30451e3955d8?w=800&auto=format&fit=crop&q=80
5253,Malshej Ghat Border,Maharashtra,attraction,19.1632,74.8336,budget,4.9,18447,"A prominent nature destination in Ahilyanagar district showcasing Maharashtra's rich historical, cultural, and ecological heritage.",Oct-Mar,https://images.unsplash.com/photo-1571536802807-30451e3955d8?w=800&auto=format&fit=crop&q=80
5254,Akole Tribal Villages,Maharashtra,attraction,19.1892,74.6716,budget,4.7,8674,"A prominent nature destination in Ahilyanagar district showcasing Maharashtra's rich historical, cultural, and ecological heritage.",Oct-Feb,https://images.unsplash.com/photo-1544717305-2782549b5136?w=800&auto=format&fit=crop&q=80
5255,Rehekuri Grasslands,Maharashtra,attraction,19.0152,74.7096,budget,4.4,22257,"A prominent nature destination in Ahilyanagar district showcasing Maharashtra's rich historical, cultural, and ecological heritage.",Oct-Feb,https://images.unsplash.com/photo-1518709268805-4e9042af9f23?w=800&auto=format&fit=crop&q=80
5256,Bhandardara Dam,Maharashtra,attraction,19.0412,74.7476,budget,4.7,15137,"A prominent nature destination in Ahilyanagar district showcasing Maharashtra's rich historical, cultural, and ecological heritage.",Oct-Feb,https://images.unsplash.com/photo-1439066615861-d1af74d74000?w=800&auto=format&fit=crop&q=80
5257,Gondumari Lake,Maharashtra,attraction,21.1954,79.5668,budget,4.7,21805,"A prominent lake destination in Bhandara district showcasing Maharashtra's rich historical, cultural, and ecological heritage.",Oct-Feb,https://images.unsplash.com/photo-1439066615861-d1af74d74000?w=800&auto=format&fit=crop&q=80
5258,Wainganga River,Maharashtra,attraction,21.2214,79.6048,budget,4.8,14789,"A prominent nature destination in Bhandara district showcasing Maharashtra's rich historical, cultural, and ecological heritage.",Oct-Feb,https://images.unsplash.com/photo-1621847468516-1ed5d0df56fe?w=800&auto=format&fit=crop&q=80
5259,Andhalgaon Forest,Maharashtra,attraction,21.2474,79.6428,budget,4.4,13190,"A prominent nature destination in Bhandara district showcasing Maharashtra's rich historical, cultural, and ecological heritage.",Oct-Feb,https://images.unsplash.com/photo-1567157577867-05ccb1388e66?w=800&auto=format&fit=crop&q=80
5260,Chincholi Forest,Maharashtra,attraction,21.0734,79.6808,budget,4.4,14835,"A prominent nature destination in Bhandara district showcasing Maharashtra's rich historical, cultural, and ecological heritage.",Oct-Feb,https://images.unsplash.com/photo-1621847468516-1ed5d0df56fe?w=800&auto=format&fit=crop&q=80
5261,Koka Wildlife Sanctuary,Maharashtra,attraction,21.0994,79.7188,budget,4.7,21646,A dense forest of bamboo and teak boasting untouched natural lakes that host migratory birds and tigers.,Oct-Feb,https://images.unsplash.com/photo-1549366021-9f761d450615?w=800&auto=format&fit=crop&q=80
5262,Ambagarh Hills,Maharashtra,attraction,21.1514,79.5948,budget,4.4,13367,"A prominent nature destination in Bhandara district showcasing Maharashtra's rich historical, cultural, and ecological heritage.",Oct-Feb,https://images.unsplash.com/photo-1486870591958-9b9d0d1dda99?w=800&auto=format&fit=crop&q=80
5263,Adyal Wetlands,Maharashtra,attraction,21.1774,79.6328,budget,4.9,28041,"A prominent nature destination in Bhandara district showcasing Maharashtra's rich historical, cultural, and ecological heritage.",Oct-Feb,https://images.unsplash.com/photo-1567157577867-05ccb1388e66?w=800&auto=format&fit=crop&q=80
5264,Chandpur Forest,Maharashtra,attraction,21.2554,79.7468,budget,4.9,8489,"A prominent nature destination in Bhandara district showcasing Maharashtra's rich historical, cultural, and ecological heritage.",Oct-Feb,https://images.unsplash.com/photo-1621847468516-1ed5d0df56fe?w=800&auto=format&fit=crop&q=80
5265,Koka Lake,Maharashtra,attraction,21.0814,79.5848,budget,4.5,13855,"A prominent lake destination in Bhandara district showcasing Maharashtra's rich historical, cultural, and ecological heritage.",Oct-Feb,https://images.unsplash.com/photo-1439066615861-d1af74d74000?w=800&auto=format&fit=crop&q=80
5266,Gosekhurd Dam,Maharashtra,attraction,21.1074,79.6228,budget,4.9,8652,"A prominent nature destination in Bhandara district showcasing Maharashtra's rich historical, cultural, and ecological heritage.",Oct-Feb,https://images.unsplash.com/photo-1544644181-1484b3fdfc62?w=800&auto=format&fit=crop&q=80
5267,Gosekhurd Reservoir,Maharashtra,attraction,21.1334,79.6608,budget,4.7,13808,"A prominent lake destination in Bhandara district showcasing Maharashtra's rich historical, cultural, and ecological heritage.",Oct-Feb,https://images.unsplash.com/photo-1501785888041-af3ef285b470?w=800&auto=format&fit=crop&q=80
5268,Pauni Heritage Town,Maharashtra,attraction,21.1594,79.6988,budget,4.9,25019,"A prominent heritage destination in Bhandara district showcasing Maharashtra's rich historical, cultural, and ecological heritage.",Oct-Feb,https://images.unsplash.com/photo-1544717305-2782549b5136?w=800&auto=format&fit=crop&q=80
5269,Pauni Buddhist Stupa,Maharashtra,attraction,21.1854,79.7368,budget,4.4,6868,"A prominent nature destination in Bhandara district showcasing Maharashtra's rich historical, cultural, and ecological heritage.",Oct-Feb,https://images.unsplash.com/photo-1544735716-392fe2489ffa?w=800&auto=format&fit=crop&q=80
5270,Pauni Ancient Ruins,Maharashtra,attraction,21.2114,79.5748,budget,4.7,17438,"A prominent nature destination in Bhandara district showcasing Maharashtra's rich historical, cultural, and ecological heritage.",Oct-Feb,https://images.unsplash.com/photo-1621847468516-1ed5d0df56fe?w=800&auto=format&fit=crop&q=80
5271,Wainganga Ghats,Maharashtra,attraction,21.2374,79.6128,budget,4.9,27641,"A prominent nature destination in Bhandara district showcasing Maharashtra's rich historical, cultural, and ecological heritage.",Oct-Mar,https://images.unsplash.com/photo-1561361513-2d000a50f0dc?w=800&auto=format&fit=crop&q=80
5272,Tumsar Forest,Maharashtra,attraction,21.2634,79.6508,budget,4.6,17058,"A prominent nature destination in Bhandara district showcasing Maharashtra's rich historical, cultural, and ecological heritage.",Oct-Feb,https://images.unsplash.com/photo-1590050752117-238cb0fb12b1?w=800&auto=format&fit=crop&q=80
5273,Lakhandur Wetlands,Maharashtra,attraction,21.0894,79.6888,budget,4.9,12951,"A prominent nature destination in Bhandara district showcasing Maharashtra's rich historical, cultural, and ecological heritage.",Oct-Feb,https://images.unsplash.com/photo-1518709268805-4e9042af9f23?w=800&auto=format&fit=crop&q=80
5274,Sakoli Forest,Maharashtra,attraction,21.1154,79.7268,budget,4.5,11171,"A prominent nature destination in Bhandara district showcasing Maharashtra's rich historical, cultural, and ecological heritage.",Oct-Feb,https://images.unsplash.com/photo-1567157577867-05ccb1388e66?w=800&auto=format&fit=crop&q=80
5275,Bhandara Lake,Maharashtra,attraction,21.1414,79.5648,budget,4.9,26895,"A prominent lake destination in Bhandara district showcasing Maharashtra's rich historical, cultural, and ecological heritage.",Oct-Feb,https://images.unsplash.com/photo-1506744038136-46273834b3fb?w=800&auto=format&fit=crop&q=80
5276,Tadoba Lake,Maharashtra,attraction,19.9835,79.2821,budget,4.9,24647,"A prominent lake destination in Chandrapur district showcasing Maharashtra's rich historical, cultural, and ecological heritage.",Oct-Feb,https://images.unsplash.com/photo-1506744038136-46273834b3fb?w=800&auto=format&fit=crop&q=80
5277,Andhari Wildlife Sanctuary,Maharashtra,attraction,20.0095,79.3201,budget,4.9,21937,"A prominent wildlife destination in Chandrapur district showcasing Maharashtra's rich historical, cultural, and ecological heritage.",Oct-Feb,https://images.unsplash.com/photo-1575550959106-5a7defe28b56?w=800&auto=format&fit=crop&q=80
5278,Tadoba Forest,Maharashtra,attraction,20.0355,79.3581,budget,4.7,10727,"A prominent nature destination in Chandrapur district showcasing Maharashtra's rich historical, cultural, and ecological heritage.",Oct-Feb,https://images.unsplash.com/photo-1518709268805-4e9042af9f23?w=800&auto=format&fit=crop&q=80
5279,Tadoba Moharli Gate,Maharashtra,attraction,19.8615,79.1961,budget,4.9,16562,"A prominent wildlife destination in Chandrapur district showcasing Maharashtra's rich historical, cultural, and ecological heritage.",Oct-Feb,https://images.unsplash.com/photo-1544717305-2782549b5136?w=800&auto=format&fit=crop&q=80
5280,Pangdi Gate,Maharashtra,attraction,19.8875,79.2341,budget,4.9,12462,"A prominent nature destination in Chandrapur district showcasing Maharashtra's rich historical, cultural, and ecological heritage.",Oct-Feb,https://images.unsplash.com/photo-1518709268805-4e9042af9f23?w=800&auto=format&fit=crop&q=80
5281,Junona Lake,Maharashtra,attraction,19.9135,79.2721,budget,4.9,8111,"A prominent lake destination in Chandrapur district showcasing Maharashtra's rich historical, cultural, and ecological heritage.",Oct-Feb,https://images.unsplash.com/photo-1506744038136-46273834b3fb?w=800&auto=format&fit=crop&q=80
5282,Eraai Dam,Maharashtra,attraction,19.9395,79.3101,budget,4.8,26050,"A prominent nature destination in Chandrapur district showcasing Maharashtra's rich historical, cultural, and ecological heritage.",Oct-Feb,https://images.unsplash.com/photo-1439066615861-d1af74d74000?w=800&auto=format&fit=crop&q=80
5283,Erai Reservoir,Maharashtra,attraction,19.9655,79.3481,budget,4.9,18635,"A prominent lake destination in Chandrapur district showcasing Maharashtra's rich historical, cultural, and ecological heritage.",Oct-Feb,https://images.unsplash.com/photo-1501785888041-af3ef285b470?w=800&auto=format&fit=crop&q=80
5284,Ballarpur Heritage Town,Maharashtra,attraction,19.8955,79.3381,budget,4.6,7064,"A prominent heritage destination in Chandrapur district showcasing Maharashtra's rich historical, cultural, and ecological heritage.",Oct-Feb,https://images.unsplash.com/photo-1567157577867-05ccb1388e66?w=800&auto=format&fit=crop&q=80
5285,Gondpipri Forest,Maharashtra,attraction,19.9215,79.3761,budget,4.6,16921,"A prominent nature destination in Chandrapur district showcasing Maharashtra's rich historical, cultural, and ecological heritage.",Oct-Feb,https://images.unsplash.com/photo-1621847468516-1ed5d0df56fe?w=800&auto=format&fit=crop&q=80
5286,Tadoba Tribal Villages,Maharashtra,attraction,19.9475,79.2141,budget,4.9,20470,"A prominent nature destination in Chandrapur district showcasing Maharashtra's rich historical, cultural, and ecological heritage.",Oct-Feb,https://images.unsplash.com/photo-1609766857041-ed402ea8069a?w=800&auto=format&fit=crop&q=80
5287,Manikgarh Hills,Maharashtra,attraction,20.0515,79.3661,budget,4.9,24846,"A prominent nature destination in Chandrapur district showcasing Maharashtra's rich historical, cultural, and ecological heritage.",Oct-Feb,https://images.unsplash.com/photo-1519681393784-d120267933ba?w=800&auto=format&fit=crop&q=80
5288,Wardha River,Maharashtra,attraction,19.9035,79.2421,budget,4.9,12618,"A prominent nature destination in Chandrapur district showcasing Maharashtra's rich historical, cultural, and ecological heritage.",Oct-Feb,https://images.unsplash.com/photo-1582510003544-4d00b7f74220?w=800&auto=format&fit=crop&q=80
5289,Pranhita River,Maharashtra,attraction,19.9295,79.2801,budget,4.5,17510,"A prominent nature destination in Chandrapur district showcasing Maharashtra's rich historical, cultural, and ecological heritage.",Oct-Feb,https://images.unsplash.com/photo-1518709268805-4e9042af9f23?w=800&auto=format&fit=crop&q=80
5290,Chapral Wildlife Sanctuary,Maharashtra,attraction,20.2569,79.9308,budget,4.5,27432,"A prominent wildlife destination in Gadchiroli district showcasing Maharashtra's rich historical, cultural, and ecological heritage.",Oct-Feb,https://images.unsplash.com/photo-1551969014-7d2c4cddf0b6?w=800&auto=format&fit=crop&q=80
5291,Indravati River,Maharashtra,attraction,20.1089,80.0068,budget,4.9,22653,"A prominent nature destination in Gadchiroli district showcasing Maharashtra's rich historical, cultural, and ecological heritage.",Oct-Feb,https://images.unsplash.com/photo-1567157577867-05ccb1388e66?w=800&auto=format&fit=crop&q=80
5292,Markanda Deo,Maharashtra,attraction,20.1609,80.0828,budget,4.9,17824,"A prominent heritage destination in Gadchiroli district showcasing Maharashtra's rich historical, cultural, and ecological heritage.",Oct-Feb,https://images.unsplash.com/photo-1567157577867-05ccb1388e66?w=800&auto=format&fit=crop&q=80
5293,Bhamragad Wildlife Sanctuary,Maharashtra,attraction,20.1869,79.9208,budget,4.7,13713,"A prominent wildlife destination in Gadchiroli district showcasing Maharashtra's rich historical, cultural, and ecological heritage.",Oct-Feb,https://images.unsplash.com/photo-1575550959106-5a7defe28b56?w=800&auto=format&fit=crop&q=80
5294,Bhamragad Forest,Maharashtra,attraction,20.2129,79.9588,budget,4.9,12151,"A prominent nature destination in Gadchiroli district showcasing Maharashtra's rich historical, cultural, and ecological heritage.",Oct-Feb,https://images.unsplash.com/photo-1582510003544-4d00b7f74220?w=800&auto=format&fit=crop&q=80
5295,Kanhargaon Forest,Maharashtra,attraction,20.2649,80.0348,budget,4.9,11843,"A prominent nature destination in Gadchiroli district showcasing Maharashtra's rich historical, cultural, and ecological heritage.",Oct-Feb,https://images.unsplash.com/photo-1567157577867-05ccb1388e66?w=800&auto=format&fit=crop&q=80
5296,Etapalli Forest,Maharashtra,attraction,20.0909,80.0728,budget,4.9,23597,"A prominent nature destination in Gadchiroli district showcasing Maharashtra's rich historical, cultural, and ecological heritage.",Oct-Feb,https://images.unsplash.com/photo-1582510003544-4d00b7f74220?w=800&auto=format&fit=crop&q=80
5297,Allapalli Forest,Maharashtra,attraction,20.1169,79.9108,budget,4.9,15267,"A prominent nature destination in Gadchiroli district showcasing Maharashtra's rich historical, cultural, and ecological heritage.",Oct-Feb,https://images.unsplash.com/photo-1609766857041-ed402ea8069a?w=800&auto=format&fit=crop&q=80
5298,Sironcha Godavari Ghats,Maharashtra,attraction,20.1689,79.9868,budget,4.5,23220,"A prominent nature destination in Gadchiroli district showcasing Maharashtra's rich historical, cultural, and ecological heritage.",Oct-Mar,https://images.unsplash.com/photo-1571536802807-30451e3955d8?w=800&auto=format&fit=crop&q=80
5299,Bodhghat Hills,Maharashtra,attraction,20.1949,80.0248,budget,4.4,26229,"A prominent nature destination in Gadchiroli district showcasing Maharashtra's rich historical, cultural, and ecological heritage.",Oct-Mar,https://images.unsplash.com/photo-1519681393784-d120267933ba?w=800&auto=format&fit=crop&q=80
5300,Dhanora Forest,Maharashtra,attraction,20.2209,80.0628,budget,4.7,26364,"A prominent nature destination in Gadchiroli district showcasing Maharashtra's rich historical, cultural, and ecological heritage.",Oct-Feb,https://images.unsplash.com/photo-1590050752117-238cb0fb12b1?w=800&auto=format&fit=crop&q=80
5301,Kurkheda Forest,Maharashtra,attraction,20.2469,79.9008,budget,4.9,19108,"A prominent nature destination in Gadchiroli district showcasing Maharashtra's rich historical, cultural, and ecological heritage.",Oct-Feb,https://images.unsplash.com/photo-1590050752117-238cb0fb12b1?w=800&auto=format&fit=crop&q=80
5302,Aheri Palace,Maharashtra,attraction,20.1249,80.0148,mid,4.9,29128,"A prominent heritage destination in Gadchiroli district showcasing Maharashtra's rich historical, cultural, and ecological heritage.",Oct-Feb,https://images.unsplash.com/photo-1566073771259-6a8506099945?w=800&auto=format&fit=crop&q=80
5303,Perimili Forest,Maharashtra,attraction,20.1769,80.0908,budget,4.5,5865,"A prominent nature destination in Gadchiroli district showcasing Maharashtra's rich historical, cultural, and ecological heritage.",Oct-Feb,https://images.unsplash.com/photo-1518709268805-4e9042af9f23?w=800&auto=format&fit=crop&q=80
5304,Gadchiroli Tribal Villages,Maharashtra,attraction,20.2029,79.9288,budget,4.9,10695,"A prominent nature destination in Gadchiroli district showcasing Maharashtra's rich historical, cultural, and ecological heritage.",Oct-Feb,https://images.unsplash.com/photo-1621847468516-1ed5d0df56fe?w=800&auto=format&fit=crop&q=80
5305,Markanda Mahadev Temple (Khajuraho of Vidarbha),Maharashtra,attraction,19.7323,75.7123,budget,4.4,2386,"Markanda Mahadev Temple (Khajuraho of Vidarbha) is an authentic attraction destination located in ,  district of Maharashtra. Celebrated for its regional significance and unique ambiance, it offers travelers an immersive experience in the culture, scenic beauty, and heritage of Maharashtra.",Oct-Mar,https://images.unsplash.com/photo-1518709268805-4e9042af9f23?w=800&auto=format&fit=crop&q=80
5306,Navegaon National Park,Maharashtra,attraction,21.5304,80.2061,budget,4.9,7120,"A prominent wildlife destination in Gondia district showcasing Maharashtra's rich historical, cultural, and ecological heritage.",Oct-Feb,https://images.unsplash.com/photo-1551969014-7d2c4cddf0b6?w=800&auto=format&fit=crop&q=80
5307,Navegaon Lake,Maharashtra,attraction,21.5564,80.2441,budget,4.8,9956,"A prominent lake destination in Gondia district showcasing Maharashtra's rich historical, cultural, and ecological heritage.",Oct-Feb,https://images.unsplash.com/photo-1501785888041-af3ef285b470?w=800&auto=format&fit=crop&q=80
5308,Navegaon Bird Sanctuary,Maharashtra,attraction,21.3824,80.2821,budget,4.9,13953,"A prominent wildlife destination in Gondia district showcasing Maharashtra's rich historical, cultural, and ecological heritage.",Oct-Feb,https://images.unsplash.com/photo-1549366021-9f761d450615?w=800&auto=format&fit=crop&q=80
5309,Itiadoh Dam,Maharashtra,attraction,21.4084,80.1201,budget,4.9,19106,"A prominent nature destination in Gondia district showcasing Maharashtra's rich historical, cultural, and ecological heritage.",Oct-Feb,https://images.unsplash.com/photo-1544644181-1484b3fdfc62?w=800&auto=format&fit=crop&q=80
5310,Itiadoh Reservoir,Maharashtra,attraction,21.4344,80.1581,budget,4.6,19199,"A prominent lake destination in Gondia district showcasing Maharashtra's rich historical, cultural, and ecological heritage.",Oct-Feb,https://images.unsplash.com/photo-1501785888041-af3ef285b470?w=800&auto=format&fit=crop&q=80
5311,Nawegaon Forest,Maharashtra,attraction,21.4604,80.1961,budget,4.4,23776,"A prominent nature destination in Gondia district showcasing Maharashtra's rich historical, cultural, and ecological heritage.",Oct-Feb,https://images.unsplash.com/photo-1609766857041-ed402ea8069a?w=800&auto=format&fit=crop&q=80
5312,Kohmara Forest,Maharashtra,attraction,21.4864,80.2341,budget,4.9,24092,"A prominent nature destination in Gondia district showcasing Maharashtra's rich historical, cultural, and ecological heritage.",Oct-Feb,https://images.unsplash.com/photo-1590050752117-238cb0fb12b1?w=800&auto=format&fit=crop&q=80
5313,Kachargadh Tribal Heritage,Maharashtra,attraction,21.3644,80.1481,budget,4.9,9694,"A prominent nature destination in Gondia district showcasing Maharashtra's rich historical, cultural, and ecological heritage.",Oct-Feb,https://images.unsplash.com/photo-1621847468516-1ed5d0df56fe?w=800&auto=format&fit=crop&q=80
5314,Kachargadh Forest,Maharashtra,attraction,21.3904,80.1861,budget,4.9,6416,"A prominent nature destination in Gondia district showcasing Maharashtra's rich historical, cultural, and ecological heritage.",Oct-Feb,https://images.unsplash.com/photo-1621847468516-1ed5d0df56fe?w=800&auto=format&fit=crop&q=80
5315,Darekasa Hills,Maharashtra,attraction,21.4424,80.2621,budget,4.6,16732,"A prominent nature destination in Gondia district showcasing Maharashtra's rich historical, cultural, and ecological heritage.",Oct-Feb,https://images.unsplash.com/photo-1486870591958-9b9d0d1dda99?w=800&auto=format&fit=crop&q=80
5316,Gondia Lake,Maharashtra,attraction,21.4684,80.1001,budget,4.9,10740,"A prominent lake destination in Gondia district showcasing Maharashtra's rich historical, cultural, and ecological heritage.",Oct-Feb,https://images.unsplash.com/photo-1501785888041-af3ef285b470?w=800&auto=format&fit=crop&q=80
5317,Tirora Wetlands,Maharashtra,attraction,21.5204,80.1761,budget,4.4,13026,"A prominent nature destination in Gondia district showcasing Maharashtra's rich historical, cultural, and ecological heritage.",Oct-Feb,https://images.unsplash.com/photo-1544717305-2782549b5136?w=800&auto=format&fit=crop&q=80
5318,Salekasa Forest,Maharashtra,attraction,21.5464,80.2141,budget,4.9,5342,"A prominent nature destination in Gondia district showcasing Maharashtra's rich historical, cultural, and ecological heritage.",Oct-Feb,https://images.unsplash.com/photo-1590050752117-238cb0fb12b1?w=800&auto=format&fit=crop&q=80
5319,Deori Forest,Maharashtra,attraction,21.3724,80.2521,budget,4.9,7924,"A prominent nature destination in Gondia district showcasing Maharashtra's rich historical, cultural, and ecological heritage.",Oct-Feb,https://images.unsplash.com/photo-1609766857041-ed402ea8069a?w=800&auto=format&fit=crop&q=80
5320,Tribal Villages Gondia,Maharashtra,attraction,21.4504,80.1661,budget,4.7,25478,"A prominent nature destination in Gondia district showcasing Maharashtra's rich historical, cultural, and ecological heritage.",Oct-Feb,https://images.unsplash.com/photo-1590050752117-238cb0fb12b1?w=800&auto=format&fit=crop&q=80
5321,Deekshabhoomi,Maharashtra,attraction,21.1618,79.0962,budget,4.9,23076,"A prominent nature destination in Nagpur district showcasing Maharashtra's rich historical, cultural, and ecological heritage.",Oct-Feb,https://images.unsplash.com/photo-1590050752117-238cb0fb12b1?w=800&auto=format&fit=crop&q=80
5322,Zero Mile Stone,Maharashtra,attraction,21.2138,79.1722,budget,4.6,8749,"A prominent nature destination in Nagpur district showcasing Maharashtra's rich historical, cultural, and ecological heritage.",Oct-Feb,https://images.unsplash.com/photo-1590050752117-238cb0fb12b1?w=800&auto=format&fit=crop&q=80
5323,Central Museum Nagpur,Maharashtra,attraction,21.2398,79.0102,mid,4.7,10829,"A prominent museum destination in Nagpur district showcasing Maharashtra's rich historical, cultural, and ecological heritage.",Oct-Mar,https://images.unsplash.com/photo-1565034946487-077786996e27?w=800&auto=format&fit=crop&q=80
5324,Raman Science Centre,Maharashtra,attraction,21.0658,79.0482,budget,4.4,19195,"A prominent nature destination in Nagpur district showcasing Maharashtra's rich historical, cultural, and ecological heritage.",Oct-Feb,https://images.unsplash.com/photo-1582510003544-4d00b7f74220?w=800&auto=format&fit=crop&q=80
5325,Maharajbagh Zoo,Maharashtra,attraction,21.0918,79.0862,mid,4.9,23415,"A prominent wildlife destination in Nagpur district showcasing Maharashtra's rich historical, cultural, and ecological heritage.",Oct-Feb,https://images.unsplash.com/photo-1534188753412-3e26d0d618d6?w=800&auto=format&fit=crop&q=80
5326,Futala Lake,Maharashtra,attraction,21.1178,79.1242,budget,4.4,24196,"A prominent lake destination in Nagpur district showcasing Maharashtra's rich historical, cultural, and ecological heritage.",Oct-Feb,https://images.unsplash.com/photo-1501785888041-af3ef285b470?w=800&auto=format&fit=crop&q=80
5327,Ambazari Lake,Maharashtra,attraction,21.1438,79.1622,budget,4.9,5522,"A prominent lake destination in Nagpur district showcasing Maharashtra's rich historical, cultural, and ecological heritage.",Oct-Feb,https://images.unsplash.com/photo-1506744038136-46273834b3fb?w=800&auto=format&fit=crop&q=80
5328,Ambazari Garden,Maharashtra,attraction,21.1698,79.0002,budget,4.6,6457,"A prominent nature destination in Nagpur district showcasing Maharashtra's rich historical, cultural, and ecological heritage.",Oct-Feb,https://images.unsplash.com/photo-1584467735815-f778f274e296?w=800&auto=format&fit=crop&q=80
5329,Sakkardara Lake,Maharashtra,attraction,21.1958,79.0382,budget,4.4,10817,"A prominent lake destination in Nagpur district showcasing Maharashtra's rich historical, cultural, and ecological heritage.",Oct-Feb,https://images.unsplash.com/photo-1506744038136-46273834b3fb?w=800&auto=format&fit=crop&q=80
5330,Japanese Rose Garden,Maharashtra,attraction,21.2218,79.0762,budget,4.5,21342,"A prominent nature destination in Nagpur district showcasing Maharashtra's rich historical, cultural, and ecological heritage.",Oct-Feb,https://images.unsplash.com/photo-1519331379826-f10be5486c6f?w=800&auto=format&fit=crop&q=80
5331,Seminary Hills,Maharashtra,attraction,21.0478,79.1142,budget,4.9,6038,"A prominent nature destination in Nagpur district showcasing Maharashtra's rich historical, cultural, and ecological heritage.",Oct-Feb,https://images.unsplash.com/photo-1464822759023-fed622ff2c3b?w=800&auto=format&fit=crop&q=80
5332,Dikshabhoomi Stupa,Maharashtra,attraction,21.0998,78.9902,budget,4.8,18444,"A prominent nature destination in Nagpur district showcasing Maharashtra's rich historical, cultural, and ecological heritage.",Oct-Feb,https://images.unsplash.com/photo-1544735716-392fe2489ffa?w=800&auto=format&fit=crop&q=80
5333,All Saints Cathedral,Maharashtra,attraction,21.1778,79.1042,budget,4.6,26130,"A prominent nature destination in Nagpur district showcasing Maharashtra's rich historical, cultural, and ecological heritage.",Oct-Feb,https://images.unsplash.com/photo-1518709268805-4e9042af9f23?w=800&auto=format&fit=crop&q=80
5334,High Court Heritage Building,Maharashtra,attraction,21.2038,79.1422,budget,4.8,17918,"A prominent heritage destination in Nagpur district showcasing Maharashtra's rich historical, cultural, and ecological heritage.",Oct-Feb,https://images.unsplash.com/photo-1621847468516-1ed5d0df56fe?w=800&auto=format&fit=crop&q=80
5335,Gandhibagh Garden,Maharashtra,attraction,21.0558,79.0182,budget,4.9,23538,"A prominent nature destination in Nagpur district showcasing Maharashtra's rich historical, cultural, and ecological heritage.",Oct-Feb,https://images.unsplash.com/photo-1584467735815-f778f274e296?w=800&auto=format&fit=crop&q=80
5336,Lata Mangeshkar Garden,Maharashtra,attraction,21.0818,79.0562,budget,4.4,19440,"A prominent nature destination in Nagpur district showcasing Maharashtra's rich historical, cultural, and ecological heritage.",Oct-Feb,https://images.unsplash.com/photo-1585320806297-9794b3e4eeae?w=800&auto=format&fit=crop&q=80
5337,Sonegaon Lake,Maharashtra,attraction,21.1078,79.0942,budget,4.4,13200,"A prominent lake destination in Nagpur district showcasing Maharashtra's rich historical, cultural, and ecological heritage.",Oct-Feb,https://images.unsplash.com/photo-1501785888041-af3ef285b470?w=800&auto=format&fit=crop&q=80
5338,Wadgaon Dam,Maharashtra,attraction,21.1338,79.1322,budget,4.9,18635,"A prominent nature destination in Nagpur district showcasing Maharashtra's rich historical, cultural, and ecological heritage.",Oct-Feb,https://images.unsplash.com/photo-1439066615861-d1af74d74000?w=800&auto=format&fit=crop&q=80
5339,Totladoh Reservoir,Maharashtra,attraction,21.1598,79.1702,budget,4.9,21913,"A prominent lake destination in Nagpur district showcasing Maharashtra's rich historical, cultural, and ecological heritage.",Oct-Feb,https://images.unsplash.com/photo-1544644181-1484b3fdfc62?w=800&auto=format&fit=crop&q=80
5340,Pench Tiger Reserve,Maharashtra,attraction,21.1858,79.0082,budget,4.9,13259,"A prominent wildlife destination in Nagpur district showcasing Maharashtra's rich historical, cultural, and ecological heritage.",Oct-Feb,https://images.unsplash.com/photo-1551969014-7d2c4cddf0b6?w=800&auto=format&fit=crop&q=80
5341,Pench Reservoir,Maharashtra,attraction,21.2118,79.0462,budget,4.7,14639,"A prominent lake destination in Nagpur district showcasing Maharashtra's rich historical, cultural, and ecological heritage.",Oct-Feb,https://images.unsplash.com/photo-1544644181-1484b3fdfc62?w=800&auto=format&fit=crop&q=80
5342,Futala Musical Fountain,Maharashtra,attraction,21.2378,79.0842,budget,4.8,23880,"A prominent nature destination in Nagpur district showcasing Maharashtra's rich historical, cultural, and ecological heritage.",Oct-Feb,https://images.unsplash.com/photo-1544644181-1484b3fdfc62?w=800&auto=format&fit=crop&q=80
5343,Koradi Lake,Maharashtra,attraction,21.0898,79.1602,budget,4.7,16861,"A prominent lake destination in Nagpur district showcasing Maharashtra's rich historical, cultural, and ecological heritage.",Oct-Feb,https://images.unsplash.com/photo-1439066615861-d1af74d74000?w=800&auto=format&fit=crop&q=80
5344,Ramtek Lake,Maharashtra,attraction,21.1678,79.0742,budget,4.9,16043,"A prominent lake destination in Nagpur district showcasing Maharashtra's rich historical, cultural, and ecological heritage.",Oct-Feb,https://images.unsplash.com/photo-1501785888041-af3ef285b470?w=800&auto=format&fit=crop&q=80
5345,Khindsi Lake,Maharashtra,attraction,21.1938,79.1122,budget,4.7,27482,"A prominent lake destination in Nagpur district showcasing Maharashtra's rich historical, cultural, and ecological heritage.",Oct-Feb,https://images.unsplash.com/photo-1501785888041-af3ef285b470?w=800&auto=format&fit=crop&q=80
5346,Umred Forest,Maharashtra,attraction,21.2198,79.1502,budget,4.7,25396,"A prominent nature destination in Nagpur district showcasing Maharashtra's rich historical, cultural, and ecological heritage.",Oct-Feb,https://images.unsplash.com/photo-1609766857041-ed402ea8069a?w=800&auto=format&fit=crop&q=80
5347,Waki Woods,Maharashtra,attraction,21.0458,78.9882,budget,4.5,14088,"A prominent nature destination in Nagpur district showcasing Maharashtra's rich historical, cultural, and ecological heritage.",Oct-Feb,https://images.unsplash.com/photo-1582510003544-4d00b7f74220?w=800&auto=format&fit=crop&q=80
5348,Pench National Park (Mowgli Land Tiger Reserve),Maharashtra,attraction,19.7707,75.6787,budget,4.0,719,"Pench National Park (Mowgli Land Tiger Reserve) is an authentic attraction destination located in ,  district of Maharashtra. Celebrated for its regional significance and unique ambiance, it offers travelers an immersive experience in the culture, scenic beauty, and heritage of Maharashtra.",Oct-Feb,https://images.unsplash.com/photo-1575550959106-5a7defe28b56?w=800&auto=format&fit=crop&q=80
5349,Sevagram Ashram,Maharashtra,attraction,20.6973,78.5782,budget,4.9,21122,"A prominent heritage destination in Wardha district showcasing Maharashtra's rich historical, cultural, and ecological heritage.",Oct-Feb,https://images.unsplash.com/photo-1621847468516-1ed5d0df56fe?w=800&auto=format&fit=crop&q=80
5350,Gandhi Ashram Sevagram,Maharashtra,attraction,20.7233,78.6162,budget,4.9,16409,"A prominent heritage destination in Wardha district showcasing Maharashtra's rich historical, cultural, and ecological heritage.",Oct-Feb,https://images.unsplash.com/photo-1621847468516-1ed5d0df56fe?w=800&auto=format&fit=crop&q=80
5351,Magan Sangrahalaya,Maharashtra,attraction,20.7493,78.6542,budget,4.8,14822,"A prominent museum destination in Wardha district showcasing Maharashtra's rich historical, cultural, and ecological heritage.",Oct-Feb,https://images.unsplash.com/photo-1582555172866-f73bb12a2ab3?w=800&auto=format&fit=crop&q=80
5352,Vishwa Shanti Stupa,Maharashtra,attraction,20.6793,78.6442,budget,4.5,6298,"A prominent nature destination in Wardha district showcasing Maharashtra's rich historical, cultural, and ecological heritage.",Oct-Feb,https://images.unsplash.com/photo-1544735716-392fe2489ffa?w=800&auto=format&fit=crop&q=80
5353,Dhammachakra Stupa,Maharashtra,attraction,20.7053,78.6822,budget,4.9,5945,"A prominent nature destination in Wardha district showcasing Maharashtra's rich historical, cultural, and ecological heritage.",Oct-Feb,https://images.unsplash.com/photo-1609766857041-ed402ea8069a?w=800&auto=format&fit=crop&q=80
5354,Geetai Mandir Cow Sculpture,Maharashtra,attraction,20.7313,78.5202,budget,4.8,11193,"A prominent heritage destination in Wardha district showcasing Maharashtra's rich historical, cultural, and ecological heritage.",Oct-Feb,https://images.unsplash.com/photo-1518709268805-4e9042af9f23?w=800&auto=format&fit=crop&q=80
5355,Bor Dam,Maharashtra,attraction,20.7833,78.5962,budget,4.4,26739,"A prominent nature destination in Wardha district showcasing Maharashtra's rich historical, cultural, and ecological heritage.",Oct-Feb,https://images.unsplash.com/photo-1544644181-1484b3fdfc62?w=800&auto=format&fit=crop&q=80
5356,Bor Reservoir,Maharashtra,attraction,20.8093,78.6342,budget,4.7,5846,"A prominent lake destination in Wardha district showcasing Maharashtra's rich historical, cultural, and ecological heritage.",Oct-Feb,https://images.unsplash.com/photo-1506744038136-46273834b3fb?w=800&auto=format&fit=crop&q=80
5357,Bor Tiger Reserve,Maharashtra,attraction,20.8353,78.6722,budget,4.9,22136,"A prominent wildlife destination in Wardha district showcasing Maharashtra's rich historical, cultural, and ecological heritage.",Oct-Feb,https://images.unsplash.com/photo-1551969014-7d2c4cddf0b6?w=800&auto=format&fit=crop&q=80
5358,Dham River,Maharashtra,attraction,20.7393,78.6242,budget,4.9,16128,"A prominent nature destination in Wardha district showcasing Maharashtra's rich historical, cultural, and ecological heritage.",Oct-Feb,https://images.unsplash.com/photo-1567157577867-05ccb1388e66?w=800&auto=format&fit=crop&q=80
5359,Sewagram Railway Heritage,Maharashtra,attraction,20.8173,78.5382,budget,4.6,28395,"A prominent heritage destination in Wardha district showcasing Maharashtra's rich historical, cultural, and ecological heritage.",Oct-Feb,https://images.unsplash.com/photo-1518709268805-4e9042af9f23?w=800&auto=format&fit=crop&q=80
5360,Maganwadi Heritage,Maharashtra,attraction,20.6693,78.6142,budget,4.9,14512,"A prominent nature destination in Wardha district showcasing Maharashtra's rich historical, cultural, and ecological heritage.",Oct-Feb,https://images.unsplash.com/photo-1590050752117-238cb0fb12b1?w=800&auto=format&fit=crop&q=80
5361,Gandhi Research Foundation Area,Maharashtra,attraction,20.6953,78.6522,budget,4.7,10588,"A prominent beach destination in Wardha district showcasing Maharashtra's rich historical, cultural, and ecological heritage.",Oct-Feb,https://images.unsplash.com/photo-1507525428034-b723cf961d3e?w=800&auto=format&fit=crop&q=80
5362,Pune,Maharashtra,attraction,18.5013,73.8734,budget,4.5,17303,"Pune is a premier heritage destination in Pune, Maharashtra. Renowned as a prominent landmark in regional tourism (City/Heritage), it welcomes visitors seeking authentic cultural immersion, picturesque vistas, and rich historic heritage.",Oct-Feb,https://images.unsplash.com/photo-1518709268805-4e9042af9f23?w=800&auto=format&fit=crop&q=80
5363,Kanha,Maharashtra,attraction,19.2235,75.1868,budget,4.1,897,"Kanha is a premier heritage destination in Maharashtra, Maharashtra. Renowned as a prominent landmark in regional tourism (Nature), it welcomes visitors seeking authentic cultural immersion, picturesque vistas, and rich historic heritage.",Oct-Feb,https://images.unsplash.com/photo-1609766857041-ed402ea8069a?w=800&auto=format&fit=crop&q=80
5364,Sindkhed Raja,Maharashtra,attraction,19.961,76.1432,budget,4.9,13731,"Sindkhed Raja is the historic birthplace of Rajmata Jijau (mother of Chhatrapati Shivaji Maharaj). Features historic wadas, ancient stepwells, and rich Maratha legacy.",Oct-Feb,https://images.unsplash.com/photo-1582510003544-4d00b7f74220?w=800&auto=format&fit=crop&q=80
5365,Daulatabad Fort,Maharashtra,attraction,19.9431,75.2132,mid,4.8,26454,"Daulatabad Fort (Devgiri) is a colossal medieval hill fortress featuring impenetrable defenses, a dark maze (Andhari), and towering bastions.",Oct-Feb,https://images.unsplash.com/photo-1590766940554-634a7ed41450?w=800&auto=format&fit=crop&q=80
5366,Dharur Fort,Maharashtra,attraction,18.821,76.1154,mid,4.3,3119,Dharur Fort is an ancient Bahmani fortress built on a high cliff with deep moats and commanding vistas overlooking Beed district.,Oct-Feb,https://images.unsplash.com/photo-1585123388867-3bfe6dd4bdbf?w=800&auto=format&fit=crop&q=80
5367,Chhatrapati Shivaji Maharaj Vastu Sangrahalaya,Maharashtra,attraction,18.9269,72.8327,budget,4.7,12071,"Chhatrapati Shivaji Maharaj Vastu Sangrahalaya (CSMVS), formerly Prince of Wales Museum, is Mumbai's premier art and history museum housed in a glorious Indo-Saracenic mansion.",Oct-Feb,https://images.unsplash.com/photo-1565034946487-077786996e27?w=800&auto=format&fit=crop&q=80
5368,Louisa Point Matheran,Maharashtra,attraction,18.9832,73.2554,budget,4.8,17102,"Louisa Point is one of Matheran's finest viewpoints, offering dramatic vistas of Prabal Fort, Vishalgarh, and the sweeping Western Ghats.",Oct-Feb,https://images.unsplash.com/photo-1582510003544-4d00b7f74220?w=800&auto=format&fit=crop&q=80
5369,Radhanagari Dam,Maharashtra,attraction,16.4172,73.9984,budget,4.9,10922,"Radhanagari Dam (Laxmi Talav), built by Chhatrapati Shahu Maharaj on the Bhogawati River, is one of India's oldest century-old gravity dams surrounded by thick tropical forests.",Oct-Feb,https://images.unsplash.com/photo-1501785888041-af3ef285b470?w=800&auto=format&fit=crop&q=80
5370,Torna Fort,Maharashtra,attraction,18.2778,73.6231,mid,4.9,20071,"Torna Fort (Prachandagad) is the massive fortress captured by 16-year-old Shivaji Maharaj in 1646, marking the founding of the Maratha Empire.",Oct-Feb,https://images.unsplash.com/photo-1585123388867-3bfe6dd4bdbf?w=800&auto=format&fit=crop&q=80
5371,Tikona Fort,Maharashtra,attraction,18.6542,73.5186,mid,4.5,15647,"Tikona Fort (Vitandgad) is a triangular hill fort near Pavana Lake famous for its steep rock-cut steps, Buddhist caves, and 360-degree vistas.",Oct-Feb,https://images.unsplash.com/photo-1590766940554-634a7ed41450?w=800&auto=format&fit=crop&q=80
5372,Bhigwan Bird Sanctuary,Maharashtra,attraction,18.2831,74.7678,budget,4.5,17620,"Bhigwan Bird Sanctuary, known as the 'Bharatpur of Maharashtra', is a sprawling wetland haven hosting thousands of migratory Greater Flamingos every winter.",Oct-Feb,https://images.unsplash.com/photo-1549366021-9f761d450615?w=800&auto=format&fit=crop&q=80
5373,Vasota Fort,Maharashtra,attraction,17.6521,73.7145,mid,4.8,24500,Vasota Fort (Vyaghragad) is an isolated deep-forest wilderness fortress in Koyna Wildlife Sanctuary accessible only by scenic boat journey across Shivsagar Lake.,Oct-Feb,https://images.unsplash.com/photo-1590766940554-634a7ed41450?w=800&auto=format&fit=crop&q=80
5374,Kaas Plateau,Maharashtra,attraction,17.7214,73.8189,budget,4.9,8385,"Kaas Plateau (Kaas Pathar) is Maharashtra's UNESCO World Natural Heritage Valley of Flowers, erupting into a vibrant carpet of endemic wild blooms during late monsoon.",Oct-Feb,https://images.unsplash.com/photo-1590050752117-238cb0fb12b1?w=800&auto=format&fit=crop&q=80
5375,Akluj Fort,Maharashtra,attraction,17.8872,75.021,mid,4.2,1182,"Akluj Fort is a restored riverside bastion along the Nira River in Solapur district, showcasing traditional Maratha palace architecture and statues.",Oct-Feb,https://images.unsplash.com/photo-1590766940554-634a7ed41450?w=800&auto=format&fit=crop&q=80
5376,Pandavleni Caves,Maharashtra,attraction,19.9614,73.7482,budget,4.9,18131,"Pandavleni Caves (Trirashmi Caves) are a group of 24 rock-cut Buddhist caves dating from the 2nd century BCE to 2nd century CE, carved into Trirashmi Hill.",Oct-Feb,https://images.unsplash.com/photo-1509316975850-ff9c5deb0cd9?w=800&auto=format&fit=crop&q=80
5377,Salher Fort,Maharashtra,attraction,20.7221,73.9421,mid,4.9,28015,"Salher Fort is the highest hill fortress in Maharashtra (1,567 m), site of the historic Battle of Salher (1672) where the Maratha army defeated the Mughals in an open field battle.",Oct-Feb,https://images.unsplash.com/photo-1599661046289-e31897846e41?w=800&auto=format&fit=crop&q=80
5378,Saputara Border Hills,Maharashtra,attraction,20.6126,79.0008,budget,4.5,6345,"Saputara Border Hills is a premier heritage destination in Nashik, Maharashtra. Renowned as a prominent landmark in regional tourism (Hills), it welcomes visitors seeking authentic cultural immersion, picturesque vistas, and rich historic heritage.",Oct-Feb,https://images.unsplash.com/photo-1519681393784-d120267933ba?w=800&auto=format&fit=crop&q=80
5379,Mehkar Temple Belt,Maharashtra,attraction,20.6233,76.1063,budget,4.9,29932,"A prominent temple destination in Buldhana district showcasing Maharashtra's rich historical, cultural, and ecological heritage.",Oct-Mar,https://images.unsplash.com/photo-1518709268805-4e9042af9f23?w=800&auto=format&fit=crop&q=80
5380,Kaij Temple Belt,Maharashtra,attraction,19.0491,75.7401,budget,4.9,21644,"A prominent temple destination in Beed district showcasing Maharashtra's rich historical, cultural, and ecological heritage.",Oct-Mar,https://images.unsplash.com/photo-1590050752117-238cb0fb12b1?w=800&auto=format&fit=crop&q=80
5381,Ghansawangi Temple Belt,Maharashtra,attraction,19.743,75.9124,budget,4.9,12532,"A prominent temple destination in Jalna district showcasing Maharashtra's rich historical, cultural, and ecological heritage.",Oct-Mar,https://images.unsplash.com/photo-1621847468516-1ed5d0df56fe?w=800&auto=format&fit=crop&q=80
5382,Ahmedpur Temple Belt,Maharashtra,attraction,18.3948,76.4784,budget,4.9,21349,"A prominent temple destination in Latur district showcasing Maharashtra's rich historical, cultural, and ecological heritage.",Oct-Mar,https://images.unsplash.com/photo-1621847468516-1ed5d0df56fe?w=800&auto=format&fit=crop&q=80
5383,Kalamb Temple Belt,Maharashtra,attraction,18.1856,76.042,budget,4.9,17061,"A prominent temple destination in Dharashiv district showcasing Maharashtra's rich historical, cultural, and ecological heritage.",Oct-Mar,https://images.unsplash.com/photo-1544717305-2782549b5136?w=800&auto=format&fit=crop&q=80
5384,Manwath Temple Belt,Maharashtra,attraction,19.3546,76.7888,budget,4.5,25856,"A prominent temple destination in Parbhani district showcasing Maharashtra's rich historical, cultural, and ecological heritage.",Oct-Mar,https://images.unsplash.com/photo-1518709268805-4e9042af9f23?w=800&auto=format&fit=crop&q=80
5385,Basmat Temple Belt,Maharashtra,attraction,19.6556,77.1155,budget,4.6,24169,"A prominent temple destination in Hingoli district showcasing Maharashtra's rich historical, cultural, and ecological heritage.",Oct-Mar,https://images.unsplash.com/photo-1544717305-2782549b5136?w=800&auto=format&fit=crop&q=80
5386,Kanergaon Temple Belt,Maharashtra,attraction,19.8116,77.1435,budget,4.9,29263,"A prominent temple destination in Hingoli district showcasing Maharashtra's rich historical, cultural, and ecological heritage.",Oct-Mar,https://images.unsplash.com/photo-1590050752117-238cb0fb12b1?w=800&auto=format&fit=crop&q=80
5387,Kelwa Fort Border Route,Maharashtra,attraction,19.1463,73.0421,mid,4.9,14990,"A prominent fort destination in Thane district showcasing Maharashtra's rich historical, cultural, and ecological heritage.",Oct-Feb,https://images.unsplash.com/photo-1590766940554-634a7ed41450?w=800&auto=format&fit=crop&q=80
5388,Parashar Cave Border Hills,Maharashtra,attraction,16.717,74.1993,budget,4.5,18065,"A prominent cave destination in Kolhapur district showcasing Maharashtra's rich historical, cultural, and ecological heritage.",Oct-Feb,https://images.unsplash.com/photo-1506197603052-3cc9c3a201bd?w=800&auto=format&fit=crop&q=80
5389,Kenjalgad Fort (Ghera Khelanja Hilltop),Maharashtra,attraction,19.7187,75.6907,mid,4.0,797,"Kenjalgad Fort (Ghera Khelanja Hilltop) is an authentic attraction destination located in ,  district of Maharashtra. Celebrated for its regional significance and unique ambiance, it offers travelers an immersive experience in the culture, scenic beauty, and heritage of Maharashtra.",Oct-Feb,https://images.unsplash.com/photo-1590766940554-634a7ed41450?w=800&auto=format&fit=crop&q=80
5390,Bhawanipatna Temple Belt,Maharashtra,attraction,17.7059,76.0044,budget,4.8,5151,"A prominent temple destination in Solapur district showcasing Maharashtra's rich historical, cultural, and ecological heritage.",Oct-Mar,https://images.unsplash.com/photo-1567157577867-05ccb1388e66?w=800&auto=format&fit=crop&q=80
5391,Malshiras Temple Belt,Maharashtra,attraction,17.6959,75.9744,budget,4.9,22689,"A prominent temple destination in Solapur district showcasing Maharashtra's rich historical, cultural, and ecological heritage.",Oct-Mar,https://images.unsplash.com/photo-1544717305-2782549b5136?w=800&auto=format&fit=crop&q=80
5392,Shirud Temple Belt,Maharashtra,attraction,20.9642,74.7549,budget,4.9,24465,"A prominent temple destination in Dhule district showcasing Maharashtra's rich historical, cultural, and ecological heritage.",Oct-Mar,https://images.unsplash.com/photo-1590050752117-238cb0fb12b1?w=800&auto=format&fit=crop&q=80
5393,Erandol Temple Belt,Maharashtra,attraction,21.0317,75.4746,budget,4.9,26497,"A prominent temple destination in Jalgaon district showcasing Maharashtra's rich historical, cultural, and ecological heritage.",Oct-Mar,https://images.unsplash.com/photo-1567157577867-05ccb1388e66?w=800&auto=format&fit=crop&q=80
5394,Bhadravati Temple Belt,Maharashtra,attraction,19.8775,79.2041,budget,4.9,15920,"A prominent temple destination in Chandrapur district showcasing Maharashtra's rich historical, cultural, and ecological heritage.",Oct-Mar,https://images.unsplash.com/photo-1590050752117-238cb0fb12b1?w=800&auto=format&fit=crop&q=80
5395,Armori Temple Belt,Maharashtra,attraction,20.2729,79.9388,budget,4.9,23915,"A prominent temple destination in Gadchiroli district showcasing Maharashtra's rich historical, cultural, and ecological heritage.",Oct-Mar,https://images.unsplash.com/photo-1590050752117-238cb0fb12b1?w=800&auto=format&fit=crop&q=80
5396,Pohradevi Temple (Banjara Kashi Pilgrimage),Maharashtra,attraction,19.7219,75.6819,budget,3.9,173,"Pohradevi Temple (Banjara Kashi Pilgrimage) is an authentic attraction destination located in ,  district of Maharashtra. Celebrated for its regional significance and unique ambiance, it offers travelers an immersive experience in the culture, scenic beauty, and heritage of Maharashtra.",Oct-Mar,https://images.unsplash.com/photo-1544717305-2782549b5136?w=800&auto=format&fit=crop&q=80
5397,Walgaon,Maharashtra,attraction,19.7779,75.7195,budget,4.1,1106,"Walgaon is an authentic attraction destination located in ,  district of Maharashtra. Celebrated for its regional significance and unique ambiance, it offers travelers an immersive experience in the culture, scenic beauty, and heritage of Maharashtra.",Oct-Feb,https://images.unsplash.com/photo-1567157577867-05ccb1388e66?w=800&auto=format&fit=crop&q=80
5398,Malkapur Heritage Area,Maharashtra,attraction,20.5973,76.2683,budget,4.5,26013,"A prominent heritage destination in Buldhana district showcasing Maharashtra's rich historical, cultural, and ecological heritage.",Oct-Feb,https://images.unsplash.com/photo-1567157577867-05ccb1388e66?w=800&auto=format&fit=crop&q=80
5399,Chikhli Heritage Area,Maharashtra,attraction,20.4753,76.1823,budget,4.6,23213,"A prominent heritage destination in Buldhana district showcasing Maharashtra's rich historical, cultural, and ecological heritage.",Oct-Feb,https://images.unsplash.com/photo-1621847468516-1ed5d0df56fe?w=800&auto=format&fit=crop&q=80
5400,Khamgaon Heritage Area,Maharashtra,attraction,20.5013,76.2203,budget,4.5,26236,"A prominent heritage destination in Buldhana district showcasing Maharashtra's rich historical, cultural, and ecological heritage.",Oct-Feb,https://images.unsplash.com/photo-1567157577867-05ccb1388e66?w=800&auto=format&fit=crop&q=80
5401,Jayakwadi Border,Maharashtra,attraction,19.7443,75.6827,budget,4.3,582,"Jayakwadi Border is an authentic attraction destination located in ,  district of Maharashtra. Celebrated for its regional significance and unique ambiance, it offers travelers an immersive experience in the culture, scenic beauty, and heritage of Maharashtra.",Oct-Feb,https://images.unsplash.com/photo-1621847468516-1ed5d0df56fe?w=800&auto=format&fit=crop&q=80
5402,Arni Border,Maharashtra,attraction,19.7427,75.7307,budget,4.3,2067,"Arni Border is an authentic attraction destination located in ,  district of Maharashtra. Celebrated for its regional significance and unique ambiance, it offers travelers an immersive experience in the culture, scenic beauty, and heritage of Maharashtra.",Oct-Feb,https://images.unsplash.com/photo-1544717305-2782549b5136?w=800&auto=format&fit=crop&q=80
5403,Washim Rural Heritage,Maharashtra,attraction,20.133,77.12,budget,4.9,14547,"A prominent heritage destination in Washim district showcasing Maharashtra's rich historical, cultural, and ecological heritage.",Oct-Feb,https://images.unsplash.com/photo-1590050752117-238cb0fb12b1?w=800&auto=format&fit=crop&q=80
5404,Wani Heritage Area,Maharashtra,attraction,20.2888,78.0204,budget,4.9,12657,"A prominent heritage destination in Yavatmal district showcasing Maharashtra's rich historical, cultural, and ecological heritage.",Oct-Feb,https://images.unsplash.com/photo-1518709268805-4e9042af9f23?w=800&auto=format&fit=crop&q=80
5405,Ghatanji Heritage Area,Maharashtra,attraction,20.4268,78.1144,budget,4.6,18728,"A prominent heritage destination in Yavatmal district showcasing Maharashtra's rich historical, cultural, and ecological heritage.",Oct-Mar,https://images.unsplash.com/photo-1524492412937-b28074a5d7da?w=800&auto=format&fit=crop&q=80
5406,Kinwat Border Forest,Maharashtra,attraction,20.3048,78.0284,budget,4.9,8671,"A prominent nature destination in Yavatmal district showcasing Maharashtra's rich historical, cultural, and ecological heritage.",Oct-Feb,https://images.unsplash.com/photo-1590050752117-238cb0fb12b1?w=800&auto=format&fit=crop&q=80
5407,Adilabad Border,Maharashtra,attraction,19.7819,75.7395,budget,4.2,1108,"Adilabad Border is an authentic attraction destination located in ,  district of Maharashtra. Celebrated for its regional significance and unique ambiance, it offers travelers an immersive experience in the culture, scenic beauty, and heritage of Maharashtra.",Oct-Feb,https://images.unsplash.com/photo-1544717305-2782549b5136?w=800&auto=format&fit=crop&q=80
5408,Majalgaon Wildlife,Maharashtra,attraction,19.7875,75.6955,budget,4.2,2149,"Majalgaon Wildlife is an authentic attraction destination located in ,  district of Maharashtra. Celebrated for its regional significance and unique ambiance, it offers travelers an immersive experience in the culture, scenic beauty, and heritage of Maharashtra.",Oct-Feb,https://images.unsplash.com/photo-1534188753412-3e26d0d618d6?w=800&auto=format&fit=crop&q=80
5409,Ambad Heritage Area,Maharashtra,attraction,19.891,75.8364,budget,4.9,6317,"A prominent heritage destination in Jalna district showcasing Maharashtra's rich historical, cultural, and ecological heritage.",Oct-Feb,https://images.unsplash.com/photo-1621847468516-1ed5d0df56fe?w=800&auto=format&fit=crop&q=80
5410,Partur Heritage Area,Maharashtra,attraction,19.769,75.9504,budget,4.9,8164,"A prominent heritage destination in Jalna district showcasing Maharashtra's rich historical, cultural, and ecological heritage.",Oct-Feb,https://images.unsplash.com/photo-1590050752117-238cb0fb12b1?w=800&auto=format&fit=crop&q=80
5411,Jayakwadi Border Wetlands,Maharashtra,attraction,19.873,75.9024,budget,4.9,13127,"A prominent nature destination in Jalna district showcasing Maharashtra's rich historical, cultural, and ecological heritage.",Oct-Feb,https://images.unsplash.com/photo-1567157577867-05ccb1388e66?w=800&auto=format&fit=crop&q=80
5412,Renapur Heritage Area,Maharashtra,attraction,18.3688,76.6404,budget,4.9,27555,"A prominent heritage destination in Latur district showcasing Maharashtra's rich historical, cultural, and ecological heritage.",Oct-Feb,https://images.unsplash.com/photo-1609766857041-ed402ea8069a?w=800&auto=format&fit=crop&q=80
5413,Chakur,Maharashtra,attraction,19.7235,75.7411,budget,4.4,698,"Chakur is an authentic attraction destination located in ,  district of Maharashtra. Celebrated for its regional significance and unique ambiance, it offers travelers an immersive experience in the culture, scenic beauty, and heritage of Maharashtra.",Oct-Feb,https://images.unsplash.com/photo-1582510003544-4d00b7f74220?w=800&auto=format&fit=crop&q=80
5414,Udgir Wildlife,Maharashtra,attraction,19.7811,75.6939,budget,4.2,2688,"Udgir Wildlife is an authentic attraction destination located in ,  district of Maharashtra. Celebrated for its regional significance and unique ambiance, it offers travelers an immersive experience in the culture, scenic beauty, and heritage of Maharashtra.",Oct-Feb,https://images.unsplash.com/photo-1551969014-7d2c4cddf0b6?w=800&auto=format&fit=crop&q=80
5415,Kinwat Wildlife,Maharashtra,attraction,19.7427,75.7283,budget,4.2,877,"Kinwat Wildlife is an authentic attraction destination located in ,  district of Maharashtra. Celebrated for its regional significance and unique ambiance, it offers travelers an immersive experience in the culture, scenic beauty, and heritage of Maharashtra.",Oct-Feb,https://images.unsplash.com/photo-1549366021-9f761d450615?w=800&auto=format&fit=crop&q=80
5416,Deglur Heritage Area,Maharashtra,attraction,19.1223,77.313,budget,4.9,27003,"A prominent heritage destination in Nanded district showcasing Maharashtra's rich historical, cultural, and ecological heritage.",Oct-Feb,https://images.unsplash.com/photo-1567157577867-05ccb1388e66?w=800&auto=format&fit=crop&q=80
5417,Umri,Maharashtra,attraction,19.7739,75.7107,budget,4.7,6108,"Umri is an authentic attraction destination located in ,  district of Maharashtra. Celebrated for its regional significance and unique ambiance, it offers travelers an immersive experience in the culture, scenic beauty, and heritage of Maharashtra.",Oct-Feb,https://images.unsplash.com/photo-1518709268805-4e9042af9f23?w=800&auto=format&fit=crop&q=80
5418,Shiradhon Heritage Area,Maharashtra,attraction,18.2636,75.956,budget,4.9,9869,"A prominent heritage destination in Dharashiv district showcasing Maharashtra's rich historical, cultural, and ecological heritage.",Oct-Feb,https://images.unsplash.com/photo-1518709268805-4e9042af9f23?w=800&auto=format&fit=crop&q=80
5419,Lohara,Maharashtra,attraction,19.7683,75.6787,budget,4.5,6398,"Lohara is an authentic attraction destination located in ,  district of Maharashtra. Celebrated for its regional significance and unique ambiance, it offers travelers an immersive experience in the culture, scenic beauty, and heritage of Maharashtra.",Oct-Feb,https://images.unsplash.com/photo-1567157577867-05ccb1388e66?w=800&auto=format&fit=crop&q=80
5420,Sonpeth Heritage Area,Maharashtra,attraction,19.2406,76.8068,budget,4.8,17133,"A prominent heritage destination in Parbhani district showcasing Maharashtra's rich historical, cultural, and ecological heritage.",Oct-Feb,https://images.unsplash.com/photo-1518709268805-4e9042af9f23?w=800&auto=format&fit=crop&q=80
5421,Manwath,Maharashtra,attraction,19.7587,75.7507,budget,4.3,1759,"Manwath is an authentic attraction destination located in ,  district of Maharashtra. Celebrated for its regional significance and unique ambiance, it offers travelers an immersive experience in the culture, scenic beauty, and heritage of Maharashtra.",Oct-Feb,https://images.unsplash.com/photo-1609766857041-ed402ea8069a?w=800&auto=format&fit=crop&q=80
5422,Palam Heritage Area,Maharashtra,attraction,19.2926,76.6828,budget,4.4,7817,"A prominent heritage destination in Parbhani district showcasing Maharashtra's rich historical, cultural, and ecological heritage.",Oct-Feb,https://images.unsplash.com/photo-1609766857041-ed402ea8069a?w=800&auto=format&fit=crop&q=80
5423,Purna Wildlife,Maharashtra,attraction,19.7139,75.7315,budget,4.4,1770,"Purna Wildlife is an authentic attraction destination located in ,  district of Maharashtra. Celebrated for its regional significance and unique ambiance, it offers travelers an immersive experience in the culture, scenic beauty, and heritage of Maharashtra.",Oct-Feb,https://images.unsplash.com/photo-1549366021-9f761d450615?w=800&auto=format&fit=crop&q=80
5424,Parbhani Agricultural,Maharashtra,attraction,19.7451,75.7219,budget,4.0,1057,"Parbhani Agricultural is an authentic attraction destination located in ,  district of Maharashtra. Celebrated for its regional significance and unique ambiance, it offers travelers an immersive experience in the culture, scenic beauty, and heritage of Maharashtra.",Oct-Feb,https://images.unsplash.com/photo-1544717305-2782549b5136?w=800&auto=format&fit=crop&q=80
5425,Yeldari Border Reservoir,Maharashtra,attraction,19.7516,77.1635,budget,4.9,14764,"A prominent lake destination in Hingoli district showcasing Maharashtra's rich historical, cultural, and ecological heritage.",Oct-Feb,https://images.unsplash.com/photo-1439066615861-d1af74d74000?w=800&auto=format&fit=crop&q=80
5426,Isapur Dam Border,Maharashtra,attraction,19.7907,75.6987,budget,4.2,3285,"Isapur Dam Border is an authentic attraction destination located in ,  district of Maharashtra. Celebrated for its regional significance and unique ambiance, it offers travelers an immersive experience in the culture, scenic beauty, and heritage of Maharashtra.",Oct-Feb,https://images.unsplash.com/photo-1544644181-1484b3fdfc62?w=800&auto=format&fit=crop&q=80
5427,Kalamnuri Heritage Area,Maharashtra,attraction,19.6296,77.0775,budget,4.5,20092,"A prominent heritage destination in Hingoli district showcasing Maharashtra's rich historical, cultural, and ecological heritage.",Oct-Feb,https://images.unsplash.com/photo-1582510003544-4d00b7f74220?w=800&auto=format&fit=crop&q=80
5428,Sengaon,Maharashtra,attraction,19.7227,75.7531,budget,4.0,1291,"Sengaon is an authentic attraction destination located in ,  district of Maharashtra. Celebrated for its regional significance and unique ambiance, it offers travelers an immersive experience in the culture, scenic beauty, and heritage of Maharashtra.",Oct-Feb,https://images.unsplash.com/photo-1590050752117-238cb0fb12b1?w=800&auto=format&fit=crop&q=80
5429,Andheri Heritage Area,Maharashtra,attraction,18.982,72.9557,budget,4.7,6194,"A prominent heritage destination in Mumbai Suburban district showcasing Maharashtra's rich historical, cultural, and ecological heritage.",Oct-Feb,https://images.unsplash.com/photo-1621847468516-1ed5d0df56fe?w=800&auto=format&fit=crop&q=80
5430,Harishchandragad Border,Maharashtra,attraction,19.7531,75.6915,budget,4.2,2449,"Harishchandragad Border is an authentic attraction destination located in ,  district of Maharashtra. Celebrated for its regional significance and unique ambiance, it offers travelers an immersive experience in the culture, scenic beauty, and heritage of Maharashtra.",Oct-Feb,https://images.unsplash.com/photo-1567157577867-05ccb1388e66?w=800&auto=format&fit=crop&q=80
5431,Devgad Border,Maharashtra,attraction,19.7315,75.6835,budget,4.2,1751,"Devgad Border is an authentic attraction destination located in ,  district of Maharashtra. Celebrated for its regional significance and unique ambiance, it offers travelers an immersive experience in the culture, scenic beauty, and heritage of Maharashtra.",Oct-Feb,https://images.unsplash.com/photo-1621847468516-1ed5d0df56fe?w=800&auto=format&fit=crop&q=80
5432,Kelwa Border,Maharashtra,attraction,19.7227,75.6883,budget,3.9,1225,"Kelwa Border is an authentic attraction destination located in ,  district of Maharashtra. Celebrated for its regional significance and unique ambiance, it offers travelers an immersive experience in the culture, scenic beauty, and heritage of Maharashtra.",Oct-Feb,https://images.unsplash.com/photo-1609766857041-ed402ea8069a?w=800&auto=format&fit=crop&q=80
5433,Jawhar Border Hills,Maharashtra,attraction,19.1903,73.0141,budget,4.8,5007,"A prominent nature destination in Thane district showcasing Maharashtra's rich historical, cultural, and ecological heritage.",Oct-Feb,https://images.unsplash.com/photo-1506197603052-3cc9c3a201bd?w=800&auto=format&fit=crop&q=80
5434,Kanheri Border Forest,Maharashtra,attraction,19.1203,73.0041,budget,4.6,6845,"A prominent nature destination in Thane district showcasing Maharashtra's rich historical, cultural, and ecological heritage.",Oct-Feb,https://images.unsplash.com/photo-1518709268805-4e9042af9f23?w=800&auto=format&fit=crop&q=80
5435,Tawade Hotel Heritage Area,Maharashtra,hotel,16.639,74.2853,mid,4.8,19017,"A prominent heritage destination in Kolhapur district showcasing Maharashtra's rich historical, cultural, and ecological heritage.",Oct-Feb,https://images.unsplash.com/photo-1542314831-068cd1dbfeeb?w=800&auto=format&fit=crop&q=80
5436,Sajjangad Border,Maharashtra,attraction,19.7795,75.7251,budget,4.2,890,"Sajjangad Border is an authentic attraction destination located in ,  district of Maharashtra. Celebrated for its regional significance and unique ambiance, it offers travelers an immersive experience in the culture, scenic beauty, and heritage of Maharashtra.",Oct-Feb,https://images.unsplash.com/photo-1590050752117-238cb0fb12b1?w=800&auto=format&fit=crop&q=80
5437,Naneghat Border Route,Maharashtra,attraction,18.5904,73.8667,budget,4.8,17092,"A prominent nature destination in Pune district showcasing Maharashtra's rich historical, cultural, and ecological heritage.",Oct-Mar,https://images.unsplash.com/photo-1571536802807-30451e3955d8?w=800&auto=format&fit=crop&q=80
5438,Malshej Border,Maharashtra,attraction,19.7451,75.6779,budget,4.2,2288,"Malshej Border is an authentic attraction destination located in ,  district of Maharashtra. Celebrated for its regional significance and unique ambiance, it offers travelers an immersive experience in the culture, scenic beauty, and heritage of Maharashtra.",Oct-Feb,https://images.unsplash.com/photo-1582510003544-4d00b7f74220?w=800&auto=format&fit=crop&q=80
5439,Pratapgad Border Forest,Maharashtra,attraction,16.8084,74.6095,budget,4.8,17392,"A prominent nature destination in Sangli district showcasing Maharashtra's rich historical, cultural, and ecological heritage.",Oct-Feb,https://images.unsplash.com/photo-1609766857041-ed402ea8069a?w=800&auto=format&fit=crop&q=80
5440,Kundal Heritage Area,Maharashtra,attraction,16.8864,74.5235,budget,4.4,12767,"A prominent heritage destination in Sangli district showcasing Maharashtra's rich historical, cultural, and ecological heritage.",Oct-Feb,https://images.unsplash.com/photo-1546548970-71785318a17b?w=800&auto=format&fit=crop&q=80
5441,Bhilawadi Heritage Area,Maharashtra,attraction,16.8164,74.5135,budget,4.9,9214,"A prominent heritage destination in Sangli district showcasing Maharashtra's rich historical, cultural, and ecological heritage.",Oct-Feb,https://images.unsplash.com/photo-1590050752117-238cb0fb12b1?w=800&auto=format&fit=crop&q=80
5442,Walwa,Maharashtra,attraction,19.7739,75.6915,budget,4.3,599,"Walwa is an authentic attraction destination located in ,  district of Maharashtra. Celebrated for its regional significance and unique ambiance, it offers travelers an immersive experience in the culture, scenic beauty, and heritage of Maharashtra.",Oct-Feb,https://images.unsplash.com/photo-1621847468516-1ed5d0df56fe?w=800&auto=format&fit=crop&q=80
5443,Jat Dryland,Maharashtra,attraction,19.7211,75.6963,budget,4.4,1701,"Jat Dryland is an authentic attraction destination located in ,  district of Maharashtra. Celebrated for its regional significance and unique ambiance, it offers travelers an immersive experience in the culture, scenic beauty, and heritage of Maharashtra.",Oct-Feb,https://images.unsplash.com/photo-1590050752117-238cb0fb12b1?w=800&auto=format&fit=crop&q=80
5444,Krishna,Maharashtra,attraction,19.7139,75.7211,budget,4.1,600,"Krishna is an authentic attraction destination located in ,  district of Maharashtra. Celebrated for its regional significance and unique ambiance, it offers travelers an immersive experience in the culture, scenic beauty, and heritage of Maharashtra.",Oct-Feb,https://images.unsplash.com/photo-1621847468516-1ed5d0df56fe?w=800&auto=format&fit=crop&q=80
5445,Kaalsubai Border,Maharashtra,attraction,19.7835,75.7027,budget,4.6,7397,"Kaalsubai Border is an authentic attraction destination located in ,  district of Maharashtra. Celebrated for its regional significance and unique ambiance, it offers travelers an immersive experience in the culture, scenic beauty, and heritage of Maharashtra.",Oct-Feb,https://images.unsplash.com/photo-1544717305-2782549b5136?w=800&auto=format&fit=crop&q=80
5446,Mohol,Maharashtra,attraction,19.7219,75.6963,budget,4.2,1094,"Mohol is an authentic attraction destination located in ,  district of Maharashtra. Celebrated for its regional significance and unique ambiance, it offers travelers an immersive experience in the culture, scenic beauty, and heritage of Maharashtra.",Oct-Feb,https://images.unsplash.com/photo-1582510003544-4d00b7f74220?w=800&auto=format&fit=crop&q=80
5447,Bori,Maharashtra,attraction,19.7299,75.7523,budget,4.1,607,"Bori is an authentic attraction destination located in ,  district of Maharashtra. Celebrated for its regional significance and unique ambiance, it offers travelers an immersive experience in the culture, scenic beauty, and heritage of Maharashtra.",Oct-Feb,https://images.unsplash.com/photo-1567157577867-05ccb1388e66?w=800&auto=format&fit=crop&q=80
5448,Akluj Heritage Area,Maharashtra,attraction,17.6439,75.8984,budget,4.6,11919,"A prominent heritage destination in Solapur district showcasing Maharashtra's rich historical, cultural, and ecological heritage.",Oct-Feb,https://images.unsplash.com/photo-1582510003544-4d00b7f74220?w=800&auto=format&fit=crop&q=80
5449,Tapi,Maharashtra,attraction,19.7707,75.7451,budget,4.1,1216,"Tapi is an authentic attraction destination located in ,  district of Maharashtra. Celebrated for its regional significance and unique ambiance, it offers travelers an immersive experience in the culture, scenic beauty, and heritage of Maharashtra.",Oct-Feb,https://images.unsplash.com/photo-1518709268805-4e9042af9f23?w=800&auto=format&fit=crop&q=80
5450,Shindkheda,Maharashtra,attraction,19.7787,75.6835,budget,4.0,408,"Shindkheda is an authentic attraction destination located in ,  district of Maharashtra. Celebrated for its regional significance and unique ambiance, it offers travelers an immersive experience in the culture, scenic beauty, and heritage of Maharashtra.",Oct-Feb,https://images.unsplash.com/photo-1582510003544-4d00b7f74220?w=800&auto=format&fit=crop&q=80
5451,Deopur Heritage Area,Maharashtra,attraction,20.8082,74.7269,budget,4.9,9473,"A prominent heritage destination in Dhule district showcasing Maharashtra's rich historical, cultural, and ecological heritage.",Oct-Feb,https://images.unsplash.com/photo-1590050752117-238cb0fb12b1?w=800&auto=format&fit=crop&q=80
5452,Shirpur,Maharashtra,attraction,19.7579,75.7267,budget,4.5,2454,"Shirpur is an authentic attraction destination located in ,  district of Maharashtra. Celebrated for its regional significance and unique ambiance, it offers travelers an immersive experience in the culture, scenic beauty, and heritage of Maharashtra.",Oct-Feb,https://images.unsplash.com/photo-1621847468516-1ed5d0df56fe?w=800&auto=format&fit=crop&q=80
5453,Nimgul Heritage Area,Maharashtra,attraction,20.9122,74.6789,budget,4.9,25224,"A prominent heritage destination in Dhule district showcasing Maharashtra's rich historical, cultural, and ecological heritage.",Oct-Feb,https://images.unsplash.com/photo-1582510003544-4d00b7f74220?w=800&auto=format&fit=crop&q=80
5454,Ajanta Border,Maharashtra,attraction,19.7235,75.7331,budget,4.4,669,"Ajanta Border is an authentic attraction destination located in ,  district of Maharashtra. Celebrated for its regional significance and unique ambiance, it offers travelers an immersive experience in the culture, scenic beauty, and heritage of Maharashtra.",Oct-Feb,https://images.unsplash.com/photo-1621847468516-1ed5d0df56fe?w=800&auto=format&fit=crop&q=80
5455,Toranmal Border,Maharashtra,attraction,19.7707,75.6747,budget,4.3,1145,"Toranmal Border is an authentic attraction destination located in ,  district of Maharashtra. Celebrated for its regional significance and unique ambiance, it offers travelers an immersive experience in the culture, scenic beauty, and heritage of Maharashtra.",Oct-Feb,https://images.unsplash.com/photo-1590050752117-238cb0fb12b1?w=800&auto=format&fit=crop&q=80
5456,Bhusawal Heritage Area,Maharashtra,attraction,20.9437,75.5306,budget,4.9,28904,"A prominent heritage destination in Jalgaon district showcasing Maharashtra's rich historical, cultural, and ecological heritage.",Oct-Feb,https://images.unsplash.com/photo-1544717305-2782549b5136?w=800&auto=format&fit=crop&q=80
5457,Ukai Border Reservoir,Maharashtra,attraction,21.4479,74.3023,budget,4.8,18472,"A prominent lake destination in Nandurbar district showcasing Maharashtra's rich historical, cultural, and ecological heritage.",Oct-Feb,https://images.unsplash.com/photo-1544644181-1484b3fdfc62?w=800&auto=format&fit=crop&q=80
5458,Sardar Sarovar Border,Maharashtra,attraction,19.7171,75.7315,budget,4.3,2762,"Sardar Sarovar Border is an authentic attraction destination located in ,  district of Maharashtra. Celebrated for its regional significance and unique ambiance, it offers travelers an immersive experience in the culture, scenic beauty, and heritage of Maharashtra.",Oct-Feb,https://images.unsplash.com/photo-1567157577867-05ccb1388e66?w=800&auto=format&fit=crop&q=80
5459,Aner Dam Border,Maharashtra,attraction,19.7859,75.6867,budget,4.0,169,"Aner Dam Border is an authentic attraction destination located in ,  district of Maharashtra. Celebrated for its regional significance and unique ambiance, it offers travelers an immersive experience in the culture, scenic beauty, and heritage of Maharashtra.",Oct-Feb,https://images.unsplash.com/photo-1506744038136-46273834b3fb?w=800&auto=format&fit=crop&q=80
5460,Shoolpaneshwar Border Forest,Maharashtra,attraction,21.3779,74.2923,budget,4.6,14173,"A prominent nature destination in Nandurbar district showcasing Maharashtra's rich historical, cultural, and ecological heritage.",Oct-Feb,https://images.unsplash.com/photo-1582510003544-4d00b7f74220?w=800&auto=format&fit=crop&q=80
5461,Navapur Heritage Area,Maharashtra,attraction,21.4299,74.1683,budget,4.9,27662,"A prominent heritage destination in Nandurbar district showcasing Maharashtra's rich historical, cultural, and ecological heritage.",Oct-Feb,https://images.unsplash.com/photo-1621847468516-1ed5d0df56fe?w=800&auto=format&fit=crop&q=80
5462,Deolali Heritage Area,Maharashtra,attraction,20.0255,73.7538,budget,4.8,19670,"A prominent heritage destination in Nashik district showcasing Maharashtra's rich historical, cultural, and ecological heritage.",Oct-Feb,https://images.unsplash.com/photo-1609766857041-ed402ea8069a?w=800&auto=format&fit=crop&q=80
5463,Harishchandragad Border Hills,Maharashtra,attraction,19.9555,73.7438,budget,4.5,5490,"A prominent nature destination in Nashik district showcasing Maharashtra's rich historical, cultural, and ecological heritage.",Oct-Feb,https://images.unsplash.com/photo-1519681393784-d120267933ba?w=800&auto=format&fit=crop&q=80
5464,Bhandardara Border,Maharashtra,attraction,19.7195,75.6971,budget,4.5,8516,"Bhandardara Border is an authentic attraction destination located in ,  district of Maharashtra. Celebrated for its regional significance and unique ambiance, it offers travelers an immersive experience in the culture, scenic beauty, and heritage of Maharashtra.",Oct-Feb,https://images.unsplash.com/photo-1590050752117-238cb0fb12b1?w=800&auto=format&fit=crop&q=80
5465,Kalsubai Wildlife,Maharashtra,attraction,19.7387,75.7171,budget,4.2,1071,"Kalsubai Wildlife is an authentic attraction destination located in ,  district of Maharashtra. Celebrated for its regional significance and unique ambiance, it offers travelers an immersive experience in the culture, scenic beauty, and heritage of Maharashtra.",Oct-Feb,https://images.unsplash.com/photo-1534188753412-3e26d0d618d6?w=800&auto=format&fit=crop&q=80
5466,Indira Sagar Border,Maharashtra,attraction,19.7371,75.6771,budget,4.5,5698,"Indira Sagar Border is an authentic attraction destination located in ,  district of Maharashtra. Celebrated for its regional significance and unique ambiance, it offers travelers an immersive experience in the culture, scenic beauty, and heritage of Maharashtra.",Oct-Feb,https://images.unsplash.com/photo-1501785888041-af3ef285b470?w=800&auto=format&fit=crop&q=80
5467,Adyal,Maharashtra,attraction,19.7291,75.7491,budget,4.1,595,"Adyal is an authentic attraction destination located in ,  district of Maharashtra. Celebrated for its regional significance and unique ambiance, it offers travelers an immersive experience in the culture, scenic beauty, and heritage of Maharashtra.",Oct-Feb,https://images.unsplash.com/photo-1621847468516-1ed5d0df56fe?w=800&auto=format&fit=crop&q=80
5468,Navegaon Border Forest,Maharashtra,attraction,19.9735,79.2521,budget,4.9,11264,"A prominent nature destination in Chandrapur district showcasing Maharashtra's rich historical, cultural, and ecological heritage.",Oct-Feb,https://images.unsplash.com/photo-1621847468516-1ed5d0df56fe?w=800&auto=format&fit=crop&q=80
5469,Tipeshwar Border,Maharashtra,attraction,19.7211,75.7219,budget,4.3,1948,"Tipeshwar Border is an authentic attraction destination located in ,  district of Maharashtra. Celebrated for its regional significance and unique ambiance, it offers travelers an immersive experience in the culture, scenic beauty, and heritage of Maharashtra.",Oct-Feb,https://images.unsplash.com/photo-1590050752117-238cb0fb12b1?w=800&auto=format&fit=crop&q=80
5470,Ghughus Heritage Area,Maharashtra,attraction,19.9815,79.3561,budget,4.9,9087,"A prominent heritage destination in Chandrapur district showcasing Maharashtra's rich historical, cultural, and ecological heritage.",Oct-Feb,https://images.unsplash.com/photo-1567157577867-05ccb1388e66?w=800&auto=format&fit=crop&q=80
5471,Anandwan Border,Maharashtra,attraction,19.7267,75.7331,budget,4.0,514,"Anandwan Border is an authentic attraction destination located in ,  district of Maharashtra. Celebrated for its regional significance and unique ambiance, it offers travelers an immersive experience in the culture, scenic beauty, and heritage of Maharashtra.",Oct-Feb,https://images.unsplash.com/photo-1544717305-2782549b5136?w=800&auto=format&fit=crop&q=80
5472,Tipeshwar Border Forest,Maharashtra,attraction,20.2389,79.9968,budget,4.9,14727,"A prominent nature destination in Gadchiroli district showcasing Maharashtra's rich historical, cultural, and ecological heritage.",Oct-Feb,https://images.unsplash.com/photo-1518709268805-4e9042af9f23?w=800&auto=format&fit=crop&q=80
5473,Sironcha Heritage Area,Maharashtra,attraction,20.1429,79.9488,budget,4.8,21133,"A prominent heritage destination in Gadchiroli district showcasing Maharashtra's rich historical, cultural, and ecological heritage.",Oct-Feb,https://images.unsplash.com/photo-1567157577867-05ccb1388e66?w=800&auto=format&fit=crop&q=80
5474,Ashti Heritage Area,Maharashtra,attraction,20.0989,79.9768,budget,4.9,11681,"A prominent heritage destination in Gadchiroli district showcasing Maharashtra's rich historical, cultural, and ecological heritage.",Oct-Feb,https://images.unsplash.com/photo-1609766857041-ed402ea8069a?w=800&auto=format&fit=crop&q=80
5475,Pratapgarh Wildlife,Maharashtra,attraction,19.7371,75.7451,budget,4.2,3348,"Pratapgarh Wildlife is an authentic attraction destination located in ,  district of Maharashtra. Celebrated for its regional significance and unique ambiance, it offers travelers an immersive experience in the culture, scenic beauty, and heritage of Maharashtra.",Oct-Feb,https://images.unsplash.com/photo-1575550959106-5a7defe28b56?w=800&auto=format&fit=crop&q=80
5476,Balaghat Border Forest,Maharashtra,attraction,21.4944,80.1381,budget,4.4,16965,"A prominent nature destination in Gondia district showcasing Maharashtra's rich historical, cultural, and ecological heritage.",Oct-Mar,https://images.unsplash.com/photo-1561361513-2d000a50f0dc?w=800&auto=format&fit=crop&q=80
5477,Amgaon,Maharashtra,attraction,19.7259,75.7379,budget,4.1,1165,"Amgaon is an authentic attraction destination located in ,  district of Maharashtra. Celebrated for its regional significance and unique ambiance, it offers travelers an immersive experience in the culture, scenic beauty, and heritage of Maharashtra.",Oct-Feb,https://images.unsplash.com/photo-1590050752117-238cb0fb12b1?w=800&auto=format&fit=crop&q=80
5478,Wainganga Border,Maharashtra,attraction,19.7531,75.6979,budget,4.3,2478,"Wainganga Border is an authentic attraction destination located in ,  district of Maharashtra. Celebrated for its regional significance and unique ambiance, it offers travelers an immersive experience in the culture, scenic beauty, and heritage of Maharashtra.",Oct-Feb,https://images.unsplash.com/photo-1609766857041-ed402ea8069a?w=800&auto=format&fit=crop&q=80
5479,Empress Mall Heritage Area,Maharashtra,attraction,21.2298,79.1802,budget,4.5,11928,"A prominent heritage destination in Nagpur district showcasing Maharashtra's rich historical, cultural, and ecological heritage.",Oct-Feb,https://images.unsplash.com/photo-1567157577867-05ccb1388e66?w=800&auto=format&fit=crop&q=80
5480,Hinganghat Heritage Area,Maharashtra,attraction,20.6613,78.5102,budget,4.4,11903,"A prominent heritage destination in Wardha district showcasing Maharashtra's rich historical, cultural, and ecological heritage.",Oct-Mar,https://images.unsplash.com/photo-1561361513-2d000a50f0dc?w=800&auto=format&fit=crop&q=80
5481,Arvi,Maharashtra,attraction,19.7827,75.7531,budget,4.5,8504,"Arvi is an authentic attraction destination located in ,  district of Maharashtra. Celebrated for its regional significance and unique ambiance, it offers travelers an immersive experience in the culture, scenic beauty, and heritage of Maharashtra.",Oct-Feb,https://images.unsplash.com/photo-1590050752117-238cb0fb12b1?w=800&auto=format&fit=crop&q=80
5482,Pulgaon Heritage Area,Maharashtra,attraction,20.7133,78.5862,budget,4.4,21284,"A prominent heritage destination in Wardha district showcasing Maharashtra's rich historical, cultural, and ecological heritage.",Oct-Feb,https://images.unsplash.com/photo-1545569341-9eb8b30979d9?w=800&auto=format&fit=crop&q=80
5483,Ashti,Maharashtra,attraction,19.7819,75.7427,budget,4.6,4815,"Ashti is an authentic attraction destination located in ,  district of Maharashtra. Celebrated for its regional significance and unique ambiance, it offers travelers an immersive experience in the culture, scenic beauty, and heritage of Maharashtra.",Oct-Feb,https://images.unsplash.com/photo-1582510003544-4d00b7f74220?w=800&auto=format&fit=crop&q=80
5484,Karanja Ghadge Heritage Area,Maharashtra,attraction,20.7913,78.7002,budget,4.6,21030,"A prominent heritage destination in Wardha district showcasing Maharashtra's rich historical, cultural, and ecological heritage.",Oct-Feb,https://images.unsplash.com/photo-1567157577867-05ccb1388e66?w=800&auto=format&fit=crop&q=80
5485,Paunar,Maharashtra,attraction,19.7291,75.7419,budget,4.6,6383,"Paunar is an authentic attraction destination located in ,  district of Maharashtra. Celebrated for its regional significance and unique ambiance, it offers travelers an immersive experience in the culture, scenic beauty, and heritage of Maharashtra.",Oct-Feb,https://images.unsplash.com/photo-1609766857041-ed402ea8069a?w=800&auto=format&fit=crop&q=80
5486,Ganapatipule Temple,Maharashtra,attraction,17.1478,73.2689,budget,4.9,7270,"Ganapatipule Temple is a 400-year-old coastal shrine dedicated to a self-manifested (Swayambhu) idol of Lord Ganesha, positioned directly on pristine Arabian Sea sands.",Oct-Mar,https://images.unsplash.com/photo-1518709268805-4e9042af9f23?w=800&auto=format&fit=crop&q=80
5487,Gateway of India Mumbai Harbor,Maharashtra,attraction,19.7555,75.7507,budget,4.4,55011,"Gateway of India Mumbai Harbor is an authentic attraction destination located in ,  district of Maharashtra. Celebrated for its regional significance and unique ambiance, it offers travelers an immersive experience in the culture, scenic beauty, and heritage of Maharashtra.",Oct-Feb,https://images.unsplash.com/photo-1570168007204-dfb528c6958f?w=800&auto=format&fit=crop&q=80
5488,Chhatrapati Shivaji Maharaj Terminus UNESCO,Maharashtra,attraction,19.7547,75.7243,budget,4.1,637,"Chhatrapati Shivaji Maharaj Terminus UNESCO is an authentic attraction destination located in ,  district of Maharashtra. Celebrated for its regional significance and unique ambiance, it offers travelers an immersive experience in the culture, scenic beauty, and heritage of Maharashtra.",Oct-Feb,https://images.unsplash.com/photo-1590050752117-238cb0fb12b1?w=800&auto=format&fit=crop&q=80
5489,Elephanta Caves Shiva Trimurti UNESCO,Maharashtra,attraction,19.7219,75.7075,budget,4.1,163,"Elephanta Caves Shiva Trimurti UNESCO is an authentic attraction destination located in ,  district of Maharashtra. Celebrated for its regional significance and unique ambiance, it offers travelers an immersive experience in the culture, scenic beauty, and heritage of Maharashtra.",Oct-Feb,https://images.unsplash.com/photo-1518709268805-4e9042af9f23?w=800&auto=format&fit=crop&q=80
5490,Marine Drive Queen's Necklace,Maharashtra,attraction,19.7371,75.6763,budget,4.1,688,"Marine Drive Queen's Necklace is an authentic attraction destination located in ,  district of Maharashtra. Celebrated for its regional significance and unique ambiance, it offers travelers an immersive experience in the culture, scenic beauty, and heritage of Maharashtra.",Oct-Feb,https://images.unsplash.com/photo-1590050752117-238cb0fb12b1?w=800&auto=format&fit=crop&q=80
5491,Siddhivinayak Temple Prabhadevi,Maharashtra,attraction,19.7603,75.7203,budget,4.4,1921,"Siddhivinayak Temple Prabhadevi is an authentic attraction destination located in ,  district of Maharashtra. Celebrated for its regional significance and unique ambiance, it offers travelers an immersive experience in the culture, scenic beauty, and heritage of Maharashtra.",Oct-Mar,https://images.unsplash.com/photo-1609766857041-ed402ea8069a?w=800&auto=format&fit=crop&q=80
5492,Ajanta Caves 30 Buddhist Rock-Cut UNESCO,Maharashtra,attraction,19.7595,75.7355,budget,4.1,1025,"Ajanta Caves 30 Buddhist Rock-Cut UNESCO is an authentic attraction destination located in ,  district of Maharashtra. Celebrated for its regional significance and unique ambiance, it offers travelers an immersive experience in the culture, scenic beauty, and heritage of Maharashtra.",Oct-Feb,https://images.unsplash.com/photo-1544735716-392fe2489ffa?w=800&auto=format&fit=crop&q=80
5493,Ellora Caves Kailasa Monolithic UNESCO,Maharashtra,attraction,19.7515,75.7131,budget,4.6,7226,"Ellora Caves Kailasa Monolithic UNESCO is an authentic attraction destination located in ,  district of Maharashtra. Celebrated for its regional significance and unique ambiance, it offers travelers an immersive experience in the culture, scenic beauty, and heritage of Maharashtra.",Oct-Feb,https://images.unsplash.com/photo-1518709268805-4e9042af9f23?w=800&auto=format&fit=crop&q=80
5494,Bibi Ka Maqbara (Taj of Deccan),Maharashtra,attraction,19.7251,75.7475,budget,4.1,1318,"Bibi Ka Maqbara (Taj of Deccan) is an authentic attraction destination located in ,  district of Maharashtra. Celebrated for its regional significance and unique ambiance, it offers travelers an immersive experience in the culture, scenic beauty, and heritage of Maharashtra.",Oct-Feb,https://images.unsplash.com/photo-1518709268805-4e9042af9f23?w=800&auto=format&fit=crop&q=80
5495,Daulatabad Fort (Devagiri Hill Fortress),Maharashtra,attraction,19.7475,75.7387,mid,3.9,734,"Daulatabad Fort (Devagiri Hill Fortress) is an authentic attraction destination located in ,  district of Maharashtra. Celebrated for its regional significance and unique ambiance, it offers travelers an immersive experience in the culture, scenic beauty, and heritage of Maharashtra.",Oct-Feb,https://images.unsplash.com/photo-1599661046289-e31897846e41?w=800&auto=format&fit=crop&q=80
5496,Shirdi Sai Baba Samadhi Temple,Maharashtra,attraction,19.7203,75.7507,budget,3.9,713,"Shirdi Sai Baba Samadhi Temple is an authentic attraction destination located in ,  district of Maharashtra. Celebrated for its regional significance and unique ambiance, it offers travelers an immersive experience in the culture, scenic beauty, and heritage of Maharashtra.",Oct-Mar,https://images.unsplash.com/photo-1567157577867-05ccb1388e66?w=800&auto=format&fit=crop&q=80
5497,Trimbakeshwar Shiva Jyotirlinga,Maharashtra,attraction,19.7555,75.7315,budget,4.7,3674,"Trimbakeshwar Shiva Jyotirlinga is an authentic attraction destination located in ,  district of Maharashtra. Celebrated for its regional significance and unique ambiance, it offers travelers an immersive experience in the culture, scenic beauty, and heritage of Maharashtra.",Oct-Feb,https://images.unsplash.com/photo-1518709268805-4e9042af9f23?w=800&auto=format&fit=crop&q=80
5498,Panchavati & Sita Gufaa Nashik,Maharashtra,attraction,19.7171,75.7275,budget,4.7,5793,"Panchavati & Sita Gufaa Nashik is an authentic attraction destination located in ,  district of Maharashtra. Celebrated for its regional significance and unique ambiance, it offers travelers an immersive experience in the culture, scenic beauty, and heritage of Maharashtra.",Oct-Feb,https://images.unsplash.com/photo-1582510003544-4d00b7f74220?w=800&auto=format&fit=crop&q=80
5499,Sula Vineyards & Wine Tourism Nashik,Maharashtra,attraction,19.7595,75.6843,budget,4.4,1630,"Sula Vineyards & Wine Tourism Nashik is an authentic attraction destination located in ,  district of Maharashtra. Celebrated for its regional significance and unique ambiance, it offers travelers an immersive experience in the culture, scenic beauty, and heritage of Maharashtra.",Oct-Feb,https://images.unsplash.com/photo-1582510003544-4d00b7f74220?w=800&auto=format&fit=crop&q=80
5500,Shani Shingnapur Village Without Doors,Maharashtra,attraction,19.7211,75.7339,budget,4.2,1282,"Shani Shingnapur Village Without Doors is an authentic attraction destination located in ,  district of Maharashtra. Celebrated for its regional significance and unique ambiance, it offers travelers an immersive experience in the culture, scenic beauty, and heritage of Maharashtra.",Oct-Feb,https://images.unsplash.com/photo-1544717305-2782549b5136?w=800&auto=format&fit=crop&q=80
5501,Raigad Fort Capital of Shivaji Maharaj,Maharashtra,attraction,19.7363,75.7339,mid,4.5,4509,"Raigad Fort Capital of Shivaji Maharaj is an authentic attraction destination located in ,  district of Maharashtra. Celebrated for its regional significance and unique ambiance, it offers travelers an immersive experience in the culture, scenic beauty, and heritage of Maharashtra.",Oct-Feb,https://images.unsplash.com/photo-1599661046289-e31897846e41?w=800&auto=format&fit=crop&q=80
5502,Murud-Janjira Impregnable Sea Fort,Maharashtra,attraction,19.7139,75.7107,mid,4.6,3539,"Murud-Janjira Impregnable Sea Fort is an authentic attraction destination located in ,  district of Maharashtra. Celebrated for its regional significance and unique ambiance, it offers travelers an immersive experience in the culture, scenic beauty, and heritage of Maharashtra.",Oct-Feb,https://images.unsplash.com/photo-1590766940554-634a7ed41450?w=800&auto=format&fit=crop&q=80
5503,Mahabaleshwar Arthur's Seat & Venna Lake,Maharashtra,attraction,19.7395,75.7267,budget,4.4,2599,"Mahabaleshwar Arthur's Seat & Venna Lake is an authentic attraction destination located in ,  district of Maharashtra. Celebrated for its regional significance and unique ambiance, it offers travelers an immersive experience in the culture, scenic beauty, and heritage of Maharashtra.",Oct-Feb,https://images.unsplash.com/photo-1509233725247-49e657c54213?w=800&auto=format&fit=crop&q=80
5504,Panchgani Table Land Volcanic Plateau,Maharashtra,attraction,19.7859,75.7531,budget,4.2,2956,"Panchgani Table Land Volcanic Plateau is an authentic attraction destination located in ,  district of Maharashtra. Celebrated for its regional significance and unique ambiance, it offers travelers an immersive experience in the culture, scenic beauty, and heritage of Maharashtra.",Oct-Feb,https://images.unsplash.com/photo-1518709268805-4e9042af9f23?w=800&auto=format&fit=crop&q=80
5505,Kaas Plateau Valley of Flowers UNESCO,Maharashtra,attraction,19.7139,75.7395,budget,4.6,7428,"Kaas Plateau Valley of Flowers UNESCO is an authentic attraction destination located in ,  district of Maharashtra. Celebrated for its regional significance and unique ambiance, it offers travelers an immersive experience in the culture, scenic beauty, and heritage of Maharashtra.",Oct-Feb,https://images.unsplash.com/photo-1470071459604-3b5ec3a7fe05?w=800&auto=format&fit=crop&q=80
5506,Lonavala Tiger's Leap & Bhushi Dam,Maharashtra,attraction,19.7171,75.7387,budget,4.3,1511,"Lonavala Tiger's Leap & Bhushi Dam is an authentic attraction destination located in ,  district of Maharashtra. Celebrated for its regional significance and unique ambiance, it offers travelers an immersive experience in the culture, scenic beauty, and heritage of Maharashtra.",Oct-Feb,https://images.unsplash.com/photo-1439066615861-d1af74d74000?w=800&auto=format&fit=crop&q=80
5507,Karla Caves Buddhist Chaitya Griha,Maharashtra,attraction,19.7859,75.7451,budget,4.5,5541,"Karla Caves Buddhist Chaitya Griha is an authentic attraction destination located in ,  district of Maharashtra. Celebrated for its regional significance and unique ambiance, it offers travelers an immersive experience in the culture, scenic beauty, and heritage of Maharashtra.",Oct-Feb,https://images.unsplash.com/photo-1544735716-392fe2489ffa?w=800&auto=format&fit=crop&q=80
5508,Sinhagad Fort Lion Fortress,Maharashtra,attraction,19.7515,75.6819,mid,3.9,1198,"Sinhagad Fort Lion Fortress is an authentic attraction destination located in ,  district of Maharashtra. Celebrated for its regional significance and unique ambiance, it offers travelers an immersive experience in the culture, scenic beauty, and heritage of Maharashtra.",Oct-Feb,https://images.unsplash.com/photo-1599661046289-e31897846e41?w=800&auto=format&fit=crop&q=80
5509,Shaniwar Wada Peshwa Palace,Maharashtra,attraction,19.7243,75.7227,mid,4.6,5849,"Shaniwar Wada Peshwa Palace is an authentic attraction destination located in ,  district of Maharashtra. Celebrated for its regional significance and unique ambiance, it offers travelers an immersive experience in the culture, scenic beauty, and heritage of Maharashtra.",Oct-Feb,https://images.unsplash.com/photo-1608889825103-eb5ed706fc64?w=800&auto=format&fit=crop&q=80
5510,Lonar Meteorite Impact Crater Lake,Maharashtra,attraction,19.7251,75.7467,budget,4.7,8385,"Lonar Meteorite Impact Crater Lake is an authentic attraction destination located in ,  district of Maharashtra. Celebrated for its regional significance and unique ambiance, it offers travelers an immersive experience in the culture, scenic beauty, and heritage of Maharashtra.",Oct-Feb,https://images.unsplash.com/photo-1544644181-1484b3fdfc62?w=800&auto=format&fit=crop&q=80
