id,name,state,category,latitude,longitude,price_range,rating,review_count,description,best_season,image_url
1,Archaeological Museum,Andhra Pradesh,attraction,13.582463,79.304766,mid,4.2,2254,"Archaeological Museum is a renowned cultural landmark situated in Tirupati, Tirupati district of Andhra Pradesh. The destination attracts visitors seeking authentic regional heritage, architectural grandeur, and picturesque surroundings. It plays an integral role in the cultural landscape and local tourism identity of the region.",Oct-Mar,https://images.unsplash.com/photo-1565034946487-077786996e27?w=800&auto=format&fit=crop&q=80
2,Chakra Teertham,Andhra Pradesh,attraction,13.6413,79.4067,budget,4.0,452,"Chakra Teertham is a renowned nature landmark situated in Tirupati, Tirupati district of Andhra Pradesh. The destination attracts visitors seeking authentic regional heritage, architectural grandeur, and picturesque surroundings. It plays an integral role in the cultural landscape and local tourism identity of the region.",Oct-Feb,https://images.unsplash.com/photo-1518709268805-4e9042af9f23?w=800&auto=format&fit=crop&q=80
3,Chandragiri Fort,Andhra Pradesh,attraction,13.6324,79.3944,mid,3.9,634,"Chandragiri Fort is a renowned cultural landmark situated in Tirupati, Tirupati district of Andhra Pradesh. The destination attracts visitors seeking authentic regional heritage, architectural grandeur, and picturesque surroundings. It plays an integral role in the cultural landscape and local tourism identity of the region.",Oct-Feb,https://images.unsplash.com/photo-1599661046289-e31897846e41?w=800&auto=format&fit=crop&q=80
4,Divyaramam Park,Andhra Pradesh,attraction,13.651813,79.416266,budget,4.1,672,"Divyaramam Park is a renowned wildlife landmark situated in Tirupati, Tirupati district of Andhra Pradesh. The destination attracts visitors seeking authentic regional heritage, architectural grandeur, and picturesque surroundings. It plays an integral role in the cultural landscape and local tourism identity of the region.",Oct-Feb,https://images.unsplash.com/photo-1585320806297-9794b3e4eeae?w=800&auto=format&fit=crop&q=80
5,Geetopadesam Park,Andhra Pradesh,attraction,13.673413,79.350641,budget,4.9,7057,"Geetopadesam Park is a renowned recreation landmark situated in Tirupati, Tirupati district of Andhra Pradesh. The destination attracts visitors seeking authentic regional heritage, architectural grandeur, and picturesque surroundings. It plays an integral role in the cultural landscape and local tourism identity of the region.",Oct-Feb,https://images.unsplash.com/photo-1464822759023-fed622ff2c3b?w=800&auto=format&fit=crop&q=80
6,GMR Eco Park,Andhra Pradesh,attraction,13.61255,79.40545,budget,4.5,2227,"GMR Eco Park is a renowned recreation landmark situated in Tirupati, Tirupati district of Andhra Pradesh. The destination attracts visitors seeking authentic regional heritage, architectural grandeur, and picturesque surroundings. It plays an integral role in the cultural landscape and local tourism identity of the region.",Oct-Feb,https://images.unsplash.com/photo-1585320806297-9794b3e4eeae?w=800&auto=format&fit=crop&q=80
7,Gogarbham Dam Park,Andhra Pradesh,attraction,13.689837,79.352797,budget,4.2,2490,"Gogarbham Dam Park is a renowned recreation landmark situated in Tirupati, Tirupati district of Andhra Pradesh. The destination attracts visitors seeking authentic regional heritage, architectural grandeur, and picturesque surroundings. It plays an integral role in the cultural landscape and local tourism identity of the region.",Oct-Feb,https://images.unsplash.com/photo-1506744038136-46273834b3fb?w=800&auto=format&fit=crop&q=80
8,Govindaraja Swamy Temple Museum,Andhra Pradesh,attraction,13.630287,79.417703,mid,4.3,2131,"Govindaraja Swamy Temple Museum is a renowned religious landmark situated in Tirupati, Tirupati district of Andhra Pradesh. The destination attracts visitors seeking authentic regional heritage, architectural grandeur, and picturesque surroundings. It plays an integral role in the cultural landscape and local tourism identity of the region.",Oct-Mar,https://images.unsplash.com/photo-1518709268805-4e9042af9f23?w=800&auto=format&fit=crop&q=80
9,Hanuman Temple,Andhra Pradesh,attraction,13.678013,79.350578,budget,4.6,9028,"Hanuman Temple is a renowned religious landmark situated in Tirupati, Tirupati district of Andhra Pradesh. The destination attracts visitors seeking authentic regional heritage, architectural grandeur, and picturesque surroundings. It plays an integral role in the cultural landscape and local tourism identity of the region.",Oct-Mar,https://images.unsplash.com/photo-1590050752117-238cb0fb12b1?w=800&auto=format&fit=crop&q=80
10,Japali Anjaneya Swami devalayam,Andhra Pradesh,attraction,13.64915,79.41165,budget,4.5,4619,"Japali Anjaneya Swami devalayam is a renowned religious landmark situated in Tirupati, Tirupati district of Andhra Pradesh. The destination attracts visitors seeking authentic regional heritage, architectural grandeur, and picturesque surroundings. It plays an integral role in the cultural landscape and local tourism identity of the region.",Oct-Feb,https://images.unsplash.com/photo-1590050752117-238cb0fb12b1?w=800&auto=format&fit=crop&q=80
11,Jungle Book & Park,Andhra Pradesh,attraction,13.6109,79.4439,budget,4.1,881,"Jungle Book & Park is a renowned recreation landmark situated in Tirupati, Tirupati district of Andhra Pradesh. The destination attracts visitors seeking authentic regional heritage, architectural grandeur, and picturesque surroundings. It plays an integral role in the cultural landscape and local tourism identity of the region.",Oct-Feb,https://images.unsplash.com/photo-1584467735815-f778f274e296?w=800&auto=format&fit=crop&q=80
12,Kumaradhara Theertham,Andhra Pradesh,attraction,13.728562,79.327734,budget,4.5,1893,"Kumaradhara Theertham is a renowned religious landmark situated in Tirupati, Tirupati district of Andhra Pradesh. The destination attracts visitors seeking authentic regional heritage, architectural grandeur, and picturesque surroundings. It plays an integral role in the cultural landscape and local tourism identity of the region.",Oct-Feb,https://images.unsplash.com/photo-1609766857041-ed402ea8069a?w=800&auto=format&fit=crop&q=80
13,Lepakshi Circle,Andhra Pradesh,attraction,13.63345,79.40175,budget,4.4,3173,"Lepakshi Circle is a renowned cultural landmark situated in Tirupati, Tirupati district of Andhra Pradesh. The destination attracts visitors seeking authentic regional heritage, architectural grandeur, and picturesque surroundings. It plays an integral role in the cultural landscape and local tourism identity of the region.",Oct-Feb,https://images.unsplash.com/photo-1621847468516-1ed5d0df56fe?w=800&auto=format&fit=crop&q=80
14,Narayanagiri Gardens,Andhra Pradesh,attraction,13.681413,79.342953,budget,4.5,5505,"Narayanagiri Gardens is a renowned recreation landmark situated in Tirupati, Tirupati district of Andhra Pradesh. The destination attracts visitors seeking authentic regional heritage, architectural grandeur, and picturesque surroundings. It plays an integral role in the cultural landscape and local tourism identity of the region.",Oct-Feb,https://images.unsplash.com/photo-1585320806297-9794b3e4eeae?w=800&auto=format&fit=crop&q=80
15,P3,Andhra Pradesh,attraction,13.678038,79.353484,budget,4.2,3050,"P3 is a renowned recreation landmark situated in Tirupati, Tirupati district of Andhra Pradesh. The destination attracts visitors seeking authentic regional heritage, architectural grandeur, and picturesque surroundings. It plays an integral role in the cultural landscape and local tourism identity of the region.",Oct-Feb,https://images.unsplash.com/photo-1518709268805-4e9042af9f23?w=800&auto=format&fit=crop&q=80
16,Papavinasam Theertham,Andhra Pradesh,attraction,13.719963,79.344578,budget,4.1,290,"Papavinasam Theertham is a renowned religious landmark situated in Tirupati, Tirupati district of Andhra Pradesh. The destination attracts visitors seeking authentic regional heritage, architectural grandeur, and picturesque surroundings. It plays an integral role in the cultural landscape and local tourism identity of the region.",Oct-Feb,https://images.unsplash.com/photo-1582510003544-4d00b7f74220?w=800&auto=format&fit=crop&q=80
17,Prakasam Park,Andhra Pradesh,attraction,13.62745,79.40975,budget,3.9,244,"Prakasam Park is a renowned recreation landmark situated in Tirupati, Tirupati district of Andhra Pradesh. The destination attracts visitors seeking authentic regional heritage, architectural grandeur, and picturesque surroundings. It plays an integral role in the cultural landscape and local tourism identity of the region.",Oct-Feb,https://images.unsplash.com/photo-1585320806297-9794b3e4eeae?w=800&auto=format&fit=crop&q=80
18,Rock Garden.,Andhra Pradesh,attraction,13.685937,79.340859,budget,4.1,1109,"Rock Garden. is a renowned recreation landmark situated in Tirupati, Tirupati district of Andhra Pradesh. The destination attracts visitors seeking authentic regional heritage, architectural grandeur, and picturesque surroundings. It plays an integral role in the cultural landscape and local tourism identity of the region.",Oct-Feb,https://images.unsplash.com/photo-1584467735815-f778f274e296?w=800&auto=format&fit=crop&q=80
19,Seshachala Vanadarshini Forest Museum,Andhra Pradesh,attraction,13.659562,79.383891,mid,4.5,3069,"Seshachala Vanadarshini Forest Museum is a renowned cultural landmark situated in Tirupati, Tirupati district of Andhra Pradesh. The destination attracts visitors seeking authentic regional heritage, architectural grandeur, and picturesque surroundings. It plays an integral role in the cultural landscape and local tourism identity of the region.",Oct-Mar,https://images.unsplash.com/photo-1565034946487-077786996e27?w=800&auto=format&fit=crop&q=80
20,Silathoranam Garden,Andhra Pradesh,attraction,13.60985,79.43655,budget,4.3,1342,"Silathoranam Garden is a renowned recreation landmark situated in Tirupati, Tirupati district of Andhra Pradesh. The destination attracts visitors seeking authentic regional heritage, architectural grandeur, and picturesque surroundings. It plays an integral role in the cultural landscape and local tourism identity of the region.",Oct-Feb,https://images.unsplash.com/photo-1519331379826-f10be5486c6f?w=800&auto=format&fit=crop&q=80
21,"Sri Anjaneyaswami Mandir, Tirumala Tirupati",Andhra Pradesh,attraction,13.659913,79.384016,budget,4.4,1183,"Sri Anjaneyaswami Mandir, Tirumala Tirupati is a renowned religious landmark situated in Tirupati, Tirupati district of Andhra Pradesh. The destination attracts visitors seeking authentic regional heritage, architectural grandeur, and picturesque surroundings. It plays an integral role in the cultural landscape and local tourism identity of the region.",Oct-Feb,https://images.unsplash.com/photo-1590050752117-238cb0fb12b1?w=800&auto=format&fit=crop&q=80
22,Sri Babu Jagjivanram park,Andhra Pradesh,attraction,13.618437,79.425016,budget,4.1,633,"Sri Babu Jagjivanram park is a renowned recreation landmark situated in Tirupati, Tirupati district of Andhra Pradesh. The destination attracts visitors seeking authentic regional heritage, architectural grandeur, and picturesque surroundings. It plays an integral role in the cultural landscape and local tourism identity of the region.",Oct-Feb,https://images.unsplash.com/photo-1585320806297-9794b3e4eeae?w=800&auto=format&fit=crop&q=80
23,Sri Bedi Anjaneya Swamy Temple,Andhra Pradesh,attraction,13.683463,79.349172,budget,4.2,2107,"Sri Bedi Anjaneya Swamy Temple is a renowned religious landmark situated in Tirupati, Tirupati district of Andhra Pradesh. The destination attracts visitors seeking authentic regional heritage, architectural grandeur, and picturesque surroundings. It plays an integral role in the cultural landscape and local tourism identity of the region.",Oct-Mar,https://images.unsplash.com/photo-1621847468516-1ed5d0df56fe?w=800&auto=format&fit=crop&q=80
24,Sri Kapileswara Swamy Temple | Tirupati,Andhra Pradesh,attraction,13.656212,79.421234,budget,4.7,6111,"Sri Kapileswara Swamy Temple | Tirupati is a renowned religious landmark situated in Tirupati, Tirupati district of Andhra Pradesh. The destination attracts visitors seeking authentic regional heritage, architectural grandeur, and picturesque surroundings. It plays an integral role in the cultural landscape and local tourism identity of the region.",Oct-Mar,https://images.unsplash.com/photo-1518709268805-4e9042af9f23?w=800&auto=format&fit=crop&q=80
25,Sri Padmavathi Park,Andhra Pradesh,attraction,13.618562,79.421766,budget,4.1,453,"Sri Padmavathi Park is a renowned recreation landmark situated in Tirupati, Tirupati district of Andhra Pradesh. The destination attracts visitors seeking authentic regional heritage, architectural grandeur, and picturesque surroundings. It plays an integral role in the cultural landscape and local tourism identity of the region.",Oct-Feb,https://images.unsplash.com/photo-1585320806297-9794b3e4eeae?w=800&auto=format&fit=crop&q=80
26,"Sri Prasanna Venkateswara Swamy Temple, Appalayagunta",Andhra Pradesh,attraction,13.6322,79.443,budget,4.6,8066,"Sri Prasanna Venkateswara Swamy Temple, Appalayagunta is a renowned religious landmark situated in Tirupati, Tirupati district of Andhra Pradesh. The destination attracts visitors seeking authentic regional heritage, architectural grandeur, and picturesque surroundings. It plays an integral role in the cultural landscape and local tourism identity of the region.",Oct-Mar,https://images.unsplash.com/photo-1544717305-2782549b5136?w=800&auto=format&fit=crop&q=80
27,Sri Siva Nagendra Swami Temple,Andhra Pradesh,attraction,13.645737,79.418984,budget,4.2,3409,"Sri Siva Nagendra Swami Temple is a renowned religious landmark situated in Tirupati, Tirupati district of Andhra Pradesh. The destination attracts visitors seeking authentic regional heritage, architectural grandeur, and picturesque surroundings. It plays an integral role in the cultural landscape and local tourism identity of the region.",Oct-Mar,https://images.unsplash.com/photo-1590050752117-238cb0fb12b1?w=800&auto=format&fit=crop&q=80
28,Sri Venkateshwara Temple,Andhra Pradesh,attraction,13.631213,79.422234,budget,4.2,862,"Sri Venkateshwara Temple is a renowned religious landmark situated in Tirupati, Tirupati district of Andhra Pradesh. The destination attracts visitors seeking authentic regional heritage, architectural grandeur, and picturesque surroundings. It plays an integral role in the cultural landscape and local tourism identity of the region.",Oct-Mar,https://images.unsplash.com/photo-1567157577867-05ccb1388e66?w=800&auto=format&fit=crop&q=80
29,Sri Venkateswara Dhyana Jnana Mandiram,Andhra Pradesh,attraction,13.680238,79.346984,budget,4.1,315,"Sri Venkateswara Dhyana Jnana Mandiram is a renowned cultural landmark situated in Tirupati, Tirupati district of Andhra Pradesh. The destination attracts visitors seeking authentic regional heritage, architectural grandeur, and picturesque surroundings. It plays an integral role in the cultural landscape and local tourism identity of the region.",Oct-Feb,https://images.unsplash.com/photo-1590050752117-238cb0fb12b1?w=800&auto=format&fit=crop&q=80
30,Sri Venkateswara Swamy Temple,Andhra Pradesh,attraction,13.63255,79.39545,budget,4.8,14975,"Sri Venkateswara Swamy Temple is a renowned religious landmark situated in Tirupati, Tirupati district of Andhra Pradesh. The destination attracts visitors seeking authentic regional heritage, architectural grandeur, and picturesque surroundings. It plays an integral role in the cultural landscape and local tourism identity of the region.",Oct-Mar,https://images.unsplash.com/photo-1609766857041-ed402ea8069a?w=800&auto=format&fit=crop&q=80
31,Sri Venugopala Swamy Temple,Andhra Pradesh,attraction,13.703038,79.344859,budget,4.1,1101,"Sri Venugopala Swamy Temple is a renowned religious landmark situated in Tirupati, Tirupati district of Andhra Pradesh. The destination attracts visitors seeking authentic regional heritage, architectural grandeur, and picturesque surroundings. It plays an integral role in the cultural landscape and local tourism identity of the region.",Oct-Mar,https://images.unsplash.com/photo-1621847468516-1ed5d0df56fe?w=800&auto=format&fit=crop&q=80
32,Srivari Paadaalu,Andhra Pradesh,attraction,13.679488,79.333078,budget,4.2,3297,"Srivari Paadaalu is a renowned religious landmark situated in Tirupati, Tirupati district of Andhra Pradesh. The destination attracts visitors seeking authentic regional heritage, architectural grandeur, and picturesque surroundings. It plays an integral role in the cultural landscape and local tourism identity of the region.",Oct-Feb,https://images.unsplash.com/photo-1590050752117-238cb0fb12b1?w=800&auto=format&fit=crop&q=80
33,Swami Pushkarini,Andhra Pradesh,attraction,13.684387,79.347891,budget,4.7,5061,"Swami Pushkarini is a renowned religious landmark situated in Tirupati, Tirupati district of Andhra Pradesh. The destination attracts visitors seeking authentic regional heritage, architectural grandeur, and picturesque surroundings. It plays an integral role in the cultural landscape and local tourism identity of the region.",Oct-Feb,https://images.unsplash.com/photo-1582510003544-4d00b7f74220?w=800&auto=format&fit=crop&q=80
34,Tirumala Chakratheertham,Andhra Pradesh,attraction,13.688413,79.340172,budget,4.5,7843,"Tirumala Chakratheertham is a renowned religious landmark situated in Tirupati, Tirupati district of Andhra Pradesh. The destination attracts visitors seeking authentic regional heritage, architectural grandeur, and picturesque surroundings. It plays an integral role in the cultural landscape and local tourism identity of the region.",Oct-Feb,https://images.unsplash.com/photo-1544717305-2782549b5136?w=800&auto=format&fit=crop&q=80
35,Tirumala Deer Park Reserve,Andhra Pradesh,attraction,13.658713,79.389141,budget,4.8,28615,"Tirumala Deer Park Reserve is a renowned wildlife landmark situated in Tirupati, Tirupati district of Andhra Pradesh. The destination attracts visitors seeking authentic regional heritage, architectural grandeur, and picturesque surroundings. It plays an integral role in the cultural landscape and local tourism identity of the region.",Oct-Feb,https://images.unsplash.com/photo-1549366021-9f761d450615?w=800&auto=format&fit=crop&q=80
36,Tirumala View Point,Andhra Pradesh,attraction,13.639837,79.365641,budget,4.7,6306,"Tirumala View Point is a renowned nature landmark situated in Tirupati, Tirupati district of Andhra Pradesh. The destination attracts visitors seeking authentic regional heritage, architectural grandeur, and picturesque surroundings. It plays an integral role in the cultural landscape and local tourism identity of the region.",Oct-Feb,https://images.unsplash.com/photo-1582510003544-4d00b7f74220?w=800&auto=format&fit=crop&q=80
37,View Point of Jungle Book,Andhra Pradesh,attraction,13.653388,79.418203,budget,4.4,710,"View Point of Jungle Book is a renowned nature landmark situated in Tirupati, Tirupati district of Andhra Pradesh. The destination attracts visitors seeking authentic regional heritage, architectural grandeur, and picturesque surroundings. It plays an integral role in the cultural landscape and local tourism identity of the region.",Oct-Feb,https://images.unsplash.com/photo-1567157577867-05ccb1388e66?w=800&auto=format&fit=crop&q=80
38,Appikonda Beach,Andhra Pradesh,attraction,17.585013,83.197172,budget,4.2,3304,"Appikonda Beach is a renowned nature landmark situated in Visakhapatnam, Visakhapatnam district of Andhra Pradesh. The destination attracts visitors seeking authentic regional heritage, architectural grandeur, and picturesque surroundings. It plays an integral role in the cultural landscape and local tourism identity of the region.",Oct-Feb,https://images.unsplash.com/photo-1512343879784-a960bf40e7f2?w=800&auto=format&fit=crop&q=80
39,Beach View Point,Andhra Pradesh,attraction,17.662888,83.283859,budget,4.5,5154,"Beach View Point is a renowned nature landmark situated in Visakhapatnam, Visakhapatnam district of Andhra Pradesh. The destination attracts visitors seeking authentic regional heritage, architectural grandeur, and picturesque surroundings. It plays an integral role in the cultural landscape and local tourism identity of the region.",Oct-Feb,https://images.unsplash.com/photo-1507525428034-b723cf961d3e?w=800&auto=format&fit=crop&q=80
40,Dr Y S Rajasekhar Reddy Central park,Andhra Pradesh,attraction,17.7071,83.2106,budget,4.5,22555,"Dr Y S Rajasekhar Reddy Central park is a renowned recreation landmark situated in Visakhapatnam, Visakhapatnam district of Andhra Pradesh. The destination attracts visitors seeking authentic regional heritage, architectural grandeur, and picturesque surroundings. It plays an integral role in the cultural landscape and local tourism identity of the region.",Oct-Feb,https://images.unsplash.com/photo-1519331379826-f10be5486c6f?w=800&auto=format&fit=crop&q=80
41,Gokul Park,Andhra Pradesh,attraction,17.68995,83.24055,budget,4.4,563,"Gokul Park is a renowned recreation landmark situated in Visakhapatnam, Visakhapatnam district of Andhra Pradesh. The destination attracts visitors seeking authentic regional heritage, architectural grandeur, and picturesque surroundings. It plays an integral role in the cultural landscape and local tourism identity of the region.",Oct-Feb,https://images.unsplash.com/photo-1585320806297-9794b3e4eeae?w=800&auto=format&fit=crop&q=80
42,Hawa Mahal,Andhra Pradesh,attraction,17.707387,83.311828,budget,4.4,101293,"Hawa Mahal is a renowned cultural landmark situated in Visakhapatnam, Visakhapatnam district of Andhra Pradesh. The destination attracts visitors seeking authentic regional heritage, architectural grandeur, and picturesque surroundings. It plays an integral role in the cultural landscape and local tourism identity of the region.",Oct-Feb,https://images.unsplash.com/photo-1608889825103-eb5ed706fc64?w=800&auto=format&fit=crop&q=80
43,Kailasgiri Park,Andhra Pradesh,attraction,17.749887,83.340203,budget,4.5,2369,"Kailasgiri Park is a renowned recreation landmark situated in Visakhapatnam, Visakhapatnam district of Andhra Pradesh. The destination attracts visitors seeking authentic regional heritage, architectural grandeur, and picturesque surroundings. It plays an integral role in the cultural landscape and local tourism identity of the region.",Oct-Feb,https://images.unsplash.com/photo-1585320806297-9794b3e4eeae?w=800&auto=format&fit=crop&q=80
44,Lawsons Bay Beach Park,Andhra Pradesh,attraction,17.6791,83.2146,budget,3.9,1327,"Lawsons Bay Beach Park is a renowned recreation landmark situated in Visakhapatnam, Visakhapatnam district of Andhra Pradesh. The destination attracts visitors seeking authentic regional heritage, architectural grandeur, and picturesque surroundings. It plays an integral role in the cultural landscape and local tourism identity of the region.",Oct-Feb,https://images.unsplash.com/photo-1512343879784-a960bf40e7f2?w=800&auto=format&fit=crop&q=80
45,Lumbini Park,Andhra Pradesh,attraction,17.741263,83.344141,budget,4.8,2920,"Lumbini Park is a renowned recreation landmark situated in Visakhapatnam, Visakhapatnam district of Andhra Pradesh. The destination attracts visitors seeking authentic regional heritage, architectural grandeur, and picturesque surroundings. It plays an integral role in the cultural landscape and local tourism identity of the region.",Oct-Feb,https://images.unsplash.com/photo-1519331379826-f10be5486c6f?w=800&auto=format&fit=crop&q=80
46,Ross Hill Church,Andhra Pradesh,attraction,17.690438,83.287109,budget,4.0,540,"Ross Hill Church is a renowned religious landmark situated in Visakhapatnam, Visakhapatnam district of Andhra Pradesh. The destination attracts visitors seeking authentic regional heritage, architectural grandeur, and picturesque surroundings. It plays an integral role in the cultural landscape and local tourism identity of the region.",Oct-Feb,https://images.unsplash.com/photo-1486870591958-9b9d0d1dda99?w=800&auto=format&fit=crop&q=80
47,Sivaji Park,Andhra Pradesh,attraction,17.6741,83.2296,budget,4.6,7572,"Sivaji Park is a renowned recreation landmark situated in Visakhapatnam, Visakhapatnam district of Andhra Pradesh. The destination attracts visitors seeking authentic regional heritage, architectural grandeur, and picturesque surroundings. It plays an integral role in the cultural landscape and local tourism identity of the region.",Oct-Feb,https://images.unsplash.com/photo-1519331379826-f10be5486c6f?w=800&auto=format&fit=crop&q=80
48,Sri Varahalakshmi Narasimha Swamy Vari Devasthanam,Andhra Pradesh,attraction,17.766362,83.250547,budget,4.9,14749,"Sri Varahalakshmi Narasimha Swamy Vari Devasthanam is a renowned religious landmark situated in Visakhapatnam, Visakhapatnam district of Andhra Pradesh. The destination attracts visitors seeking authentic regional heritage, architectural grandeur, and picturesque surroundings. It plays an integral role in the cultural landscape and local tourism identity of the region.",Oct-Feb,https://images.unsplash.com/photo-1518709268805-4e9042af9f23?w=800&auto=format&fit=crop&q=80
49,Tenneti Park,Andhra Pradesh,attraction,17.748438,83.349547,budget,4.9,27111,"Tenneti Park is a renowned recreation landmark situated in Visakhapatnam, Visakhapatnam district of Andhra Pradesh. The destination attracts visitors seeking authentic regional heritage, architectural grandeur, and picturesque surroundings. It plays an integral role in the cultural landscape and local tourism identity of the region.",Oct-Feb,https://images.unsplash.com/photo-1584467735815-f778f274e296?w=800&auto=format&fit=crop&q=80
50,Tenneti Sea View Point,Andhra Pradesh,attraction,17.748513,83.349953,budget,4.1,1268,"Tenneti Sea View Point is a renowned nature landmark situated in Visakhapatnam, Visakhapatnam district of Andhra Pradesh. The destination attracts visitors seeking authentic regional heritage, architectural grandeur, and picturesque surroundings. It plays an integral role in the cultural landscape and local tourism identity of the region.",Oct-Feb,https://images.unsplash.com/photo-1509233725247-49e657c54213?w=800&auto=format&fit=crop&q=80
51,Thotlakonda,Andhra Pradesh,attraction,17.828512,83.409172,budget,4.0,668,"Thotlakonda is a renowned cultural landmark situated in Visakhapatnam, Visakhapatnam district of Andhra Pradesh. The destination attracts visitors seeking authentic regional heritage, architectural grandeur, and picturesque surroundings. It plays an integral role in the cultural landscape and local tourism identity of the region.",Oct-Feb,https://images.unsplash.com/photo-1590050752117-238cb0fb12b1?w=800&auto=format&fit=crop&q=80
52,Visakha Museum,Andhra Pradesh,attraction,17.66595,83.22255,mid,4.4,2160,"Visakha Museum is a renowned cultural landmark situated in Visakhapatnam, Visakhapatnam district of Andhra Pradesh. The destination attracts visitors seeking authentic regional heritage, architectural grandeur, and picturesque surroundings. It plays an integral role in the cultural landscape and local tourism identity of the region.",Oct-Mar,https://images.unsplash.com/photo-1544531586-fde5298cdd40?w=800&auto=format&fit=crop&q=80
53,VMRDA PARK,Andhra Pradesh,attraction,17.6958,83.2315,budget,4.9,25500,"VMRDA PARK is a renowned recreation landmark situated in Visakhapatnam, Visakhapatnam district of Andhra Pradesh. The destination attracts visitors seeking authentic regional heritage, architectural grandeur, and picturesque surroundings. It plays an integral role in the cultural landscape and local tourism identity of the region.",Oct-Feb,https://images.unsplash.com/photo-1584467735815-f778f274e296?w=800&auto=format&fit=crop&q=80
54,VMRDA-Kailasagiri,Andhra Pradesh,attraction,17.748938,83.342141,budget,4.5,11989,"VMRDA-Kailasagiri is a renowned religious landmark situated in Visakhapatnam, Visakhapatnam district of Andhra Pradesh. The destination attracts visitors seeking authentic regional heritage, architectural grandeur, and picturesque surroundings. It plays an integral role in the cultural landscape and local tourism identity of the region.",Oct-Feb,https://images.unsplash.com/photo-1518709268805-4e9042af9f23?w=800&auto=format&fit=crop&q=80
55,Borra Caves Araku Valley,Andhra Pradesh,attraction,18.280556,83.038889,budget,4.6,24609,"Discovered in 1807 by William King of the GSI, situated at 2,300 to 2,600 feet in the Ananthagiri hills of Araku Valley, one of India's largest and deepest limestone karst caves, descending 80 meters with million-year-old stalactites and stalagmites.",Oct-Feb,https://images.unsplash.com/photo-1470071459604-3b5ec3a7fe05?w=800&auto=format&fit=crop&q=80
56,Lambasingi,Andhra Pradesh,attraction,17.81818,82.49272,budget,3.9,1275,"Lambasingi, nestled in the Western Ghats, is a quaint hill station in the Vizag district of Andhra Pradesh. Known as the 'Kashmir of Andhra Pradesh' due to its misty weather, Lambasingi offers a unique trekking experience amidst rolling hills, lush coffee plantations, and picturesque scenery. The destination is a must-visit for nature lovers, adventure seekers, and those looking to escape the chaos of city life.",Oct-Feb,https://images.unsplash.com/photo-1518709268805-4e9042af9f23?w=800&auto=format&fit=crop&q=80
57,Maredumilli,Andhra Pradesh,attraction,17.5989,81.7121,budget,4.7,8140,"Tucked away in the Eastern Ghats, Maredumilli is a lesser-known gem in Andhra Pradesh that beckons adventure-seekers and nature lovers alike. This picturesque trekking destination is home to lush forests, rolling hills, and an array of wildlife. With its moderate climate and stunning scenery, Maredumilli offers a unique opportunity for trekking enthusiasts to explore the untamed beauty of the Indian wilderness.",Oct-Feb,https://images.unsplash.com/photo-1590050752117-238cb0fb12b1?w=800&auto=format&fit=crop&q=80
58,Papikondalu Hills & Godavari River Cruise,Andhra Pradesh,attraction,17.55,81.52,mid,4.7,11037,"A magnificent scenic gorge where the sacred Godavari River narrows to just a few hundred meters as it carves through towering green hills of the Eastern Ghats, famous for full-day passenger cruise boat journeys from Rajahmundry/Polavaram.",Oct-Feb,https://images.unsplash.com/photo-1506197603052-3cc9c3a201bd?w=800&auto=format&fit=crop&q=80
59,Horsley Hills,Andhra Pradesh,attraction,13.65087,78.39653,budget,4.3,2224,"Horsley Hills is a picturesque hill station nestled in the eastern part of Andhra Pradesh, approximately 260 kilometers from the state capital, Amaravati. This enchanting destination offers a unique blend of natural beauty, tranquility, and excitement, making it an ideal getaway for nature lovers and adventure seekers. With its lush green forests, rolling hills, and scenic valleys, Horsley Hills provides an idyllic setting for relaxation, exploration, and rejuvenation. The region's rich biodiversity is home to a variety of flora and fauna, including rare species of trees, birds, and animals. Visitors can indulge in a range of activities, such as nature walks, bird watching, and photography, making the most of their vacation in this breathtaking hill station.",Oct-Feb,https://images.unsplash.com/photo-1486870591958-9b9d0d1dda99?w=800&auto=format&fit=crop&q=80
60,Coringa Wildlife Sanctuary,Andhra Pradesh,attraction,16.83139,82.33667,budget,3.9,156,"Located on the scenic banks of the Godavari River, Coringa Wildlife Sanctuary in Andhra Pradesh is an idyllic retreat for nature enthusiasts. Spanning over 235 square kilometers, this majestic protected area is home to an incredible array of wildlife, including the majestic spotted deer, sleek black buck, and vibrant resident bird species. The sanctuary is also known for its diverse flora, with a mix of deciduous and evergreen forests, making it a haven for nature walks, bird watching, and scenic photography opportunities. Visitors can embark on guided nature walks, trekking expeditions, or opt for a relaxing stay amidst the lush green surroundings, immersing themselves in the tranquility of the wilderness.",Oct-Feb,https://images.unsplash.com/photo-1534188753412-3e26d0d618d6?w=800&auto=format&fit=crop&q=80
61,Hope Island,Andhra Pradesh,attraction,16.92362,82.36267,budget,4.1,1135,"Hope Island, situated off the coast of Andhra Pradesh, is an idyllic beach destination known for its stunning coral reefs and mangrove forests. The island's picturesque landscape of palm-fringed shores and clear blue waters makes it a perfect getaway for beach lovers, offering opportunities for various activities such as swimming, sunbathing, and scenic boat rides. Home to the beautiful Hope Island Beach, this gem in the Bay of Bengal is a haven for tourists and nature enthusiasts alike.",Oct-Feb,https://images.unsplash.com/photo-1609766857041-ed402ea8069a?w=800&auto=format&fit=crop&q=80
62,Orvakal Rock Garden,Andhra Pradesh,attraction,15.69184,78.15177,budget,4.6,5420,"Nestled amidst the majestic Kurnool limestone hills, the Orvakal Rock Garden offers an unparalleled trekking experience for nature enthusiasts and adventure seekers. The 3km stretch of rocky terrain features a variety of flora and fauna, providing an immersive experience in the heart of Andhra Pradesh's natural beauty. With its rich history, Orvakal Rock Garden stands as a testament to the region's pre-historic past, showcasing cave paintings and fossils of marine animals and reptiles that date back to the Jurassic period. Visitors can explore the scenic beauty, engage in bird watching, or try their hand at rock climbing and camping under the stars.",Oct-Feb,https://images.unsplash.com/photo-1519331379826-f10be5486c6f?w=800&auto=format&fit=crop&q=80
63,Belum Caves,Andhra Pradesh,attraction,15.102778,78.111667,budget,4.9,18377,"Formed over tens of thousands of years by the subterranean flow of the Chitravati River, the second largest and longest cave system in the Indian subcontinent, descending to depths of 150 feet (Pataalaganga) with caverns, stalactites, stalagmites, and Buddhist relics.",Oct-Feb,https://images.unsplash.com/photo-1509316975850-ff9c5deb0cd9?w=800&auto=format&fit=crop&q=80
64,Mallikarjuna Swamy Temple Srisailam,Andhra Pradesh,attraction,16.074444,78.868333,budget,4.8,8239,"Perched on a flat top of the Nallamala hills on the south bank of the Krishna River, one of only three sacred shrines in India that is simultaneously a holy Shiva Jyotirlinga and an ancient Shakti Peetha (Bhramaramba Devi).",Oct-Mar,https://images.unsplash.com/photo-1621847468516-1ed5d0df56fe?w=800&auto=format&fit=crop&q=80
65,Nallamala Forest (Nagarjunsagar-Srisailam Tiger Reserve),Andhra Pradesh,attraction,15.994738,78.515367,budget,4.9,21584,"Spanning over 3,500 square kilometers across the rugged Nallamala Hills of the Eastern Ghats, India's largest tiger reserve protecting dense dry deciduous forests, leopards, Bengal tigers, and Chenchu tribal hamlets.",Oct-Feb,https://images.unsplash.com/photo-1506744038136-46273834b3fb?w=800&auto=format&fit=crop&q=80
66,Srisailam Dam and Reservoir,Andhra Pradesh,attraction,16.087678,78.900071,budget,4.9,10802,"A massive 512-meter long and 145-meter high gravity dam constructed across the deep rocky gorge of the Krishna River, forming India's second largest capacity hydroelectric reservoir.",Oct-Feb,https://images.unsplash.com/photo-1439066615861-d1af74d74000?w=800&auto=format&fit=crop&q=80
67,Kondapalli Fort,Andhra Pradesh,attraction,16.62505,80.53052,mid,4.4,2077,"Located amidst lush green forests and verdant hills, Kondapalli Fort has stood the test of time since its construction in the 13th century. This ancient fort has witnessed numerous battles and has been ruled by various dynasties, making it a rich and intriguing piece of Indian history. With its stunning architecture and scenic surroundings, Kondapalli Fort is a haven for nature lovers and history buffs alike. As you walk through the intricately carved gates and explore the crumbling walls, you'll be transported to an era of opulence and grandeur. With its serene ambiance, Kondapalli Fort offers the perfect blend of culture, history, and adventure.",Oct-Feb,https://images.unsplash.com/photo-1585123388867-3bfe6dd4bdbf?w=800&auto=format&fit=crop&q=80
68,Kanaka Durga Temple Vijayawada,Andhra Pradesh,attraction,16.516667,80.616667,budget,4.9,11962,"Perched atop the Indrakeeladri hill overlooking the sacred Krishna River and Prakasham Barrage, an ancient self-manifested (Swayambhu) temple of Goddess Kanaka Durga in her eight-armed golden fierce form as Mahishasuramardini.",Oct-Mar,https://images.unsplash.com/photo-1518709268805-4e9042af9f23?w=800&auto=format&fit=crop&q=80
69,Lepakshi Veerabhadra Temple & Hanging Pillar,Andhra Pradesh,attraction,13.804167,77.608056,budget,4.7,17092,"Constructed in 1530 CE by Virupanna Nayaka atop the Kurma Saila (tortoise-shaped hill), an architectural masterpiece renowned for its mysterious Hanging Pillar that does not touch the ground, Asia's largest single-stone monolithic Nandi bull, and ceiling frescoes.",Oct-Mar,https://images.unsplash.com/photo-1544717305-2782549b5136?w=800&auto=format&fit=crop&q=80
70,Talakona Waterfall,Andhra Pradesh,attraction,13.81166,79.21578,budget,4.2,2862,"Talakona Waterfall, located in the dense forests of the Eastern Ghats of Andhra Pradesh, is a breathtaking spectacle that never fails to mesmerize its visitors. The waterfall stands at an impressive height of 270 feet, plummeting into a serene pool below. As a haven for nature lovers and adventure seekers alike, Talakona Waterfall offers an unforgettable experience, surrounded by lush green forests, verdant meadows, and diverse wildlife.",Jul-Oct,https://images.unsplash.com/photo-1546548970-71785318a17b?w=800&auto=format&fit=crop&q=80
71,INS Kursura Submarine Museum Visakhapatnam,Andhra Pradesh,attraction,17.716667,83.333333,mid,4.9,20142,"A decommissioned Soviet-built Kalvari-class diesel-electric submarine that played a decisive role in the 1971 Indo-Pak war, preserved directly on the sands of RK Beach, recognized as South Asia's first submarine museum.",Oct-Mar,https://images.unsplash.com/photo-1544531586-fde5298cdd40?w=800&auto=format&fit=crop&q=80
72,Kailasagiri Hill Park Visakhapatnam,Andhra Pradesh,attraction,17.75,83.34,budget,4.7,6206,"Sprawling across 380 acres atop a 360-foot hill overlooking the Bay of Bengal, an iconic urban park featuring monumental 40-foot white statues of Lord Shiva and Goddess Parvati, a circular toy train, floral clock, and a passenger aerial ropeway ascending from the coast.",Oct-Feb,https://images.unsplash.com/photo-1464822759023-fed622ff2c3b?w=800&auto=format&fit=crop&q=80
73,Rushikonda Beach Visakhapatnam,Andhra Pradesh,attraction,17.781667,83.385556,budget,4.5,25061,"Known as the 'Jewel of the East Coast', an internationally recognized Blue Flag certified beach nestled between green Eastern Ghats hills and the Bay of Bengal, famous for golden sands, swimming, windsurfing, and scuba diving.",Oct-Feb,https://images.unsplash.com/photo-1509233725247-49e657c54213?w=800&auto=format&fit=crop&q=80
74,Simhachalam Varaha Narasimha Temple,Andhra Pradesh,attraction,17.766667,83.25,budget,4.9,14334,"Perched atop the Simhachalam hill range 800 feet above sea level, an ancient temple combining Orissan Kalinga and Chola architectural styles, enshrining Lord Narasimha in his combined boar and lion avatar, perpetually covered in a thick layer of sandalwood paste (Chandan).",Oct-Mar,https://images.unsplash.com/photo-1544717305-2782549b5136?w=800&auto=format&fit=crop&q=80
75,Gandikota Fort (Grand Canyon of India),Andhra Pradesh,attraction,14.814444,78.286667,mid,4.8,13052,"Celebrated worldwide as the 'Grand Canyon of India', a breathtaking 300-foot deep canyon carved through Erramala hills by the Pennar River, crowned by the formidable 13th-century sandstone Gandikota Fort, Raghunatha Temple, and Jama Masjid.",Oct-Feb,https://images.unsplash.com/photo-1590766940554-634a7ed41450?w=800&auto=format&fit=crop&q=80
76,Tirumala Tirupati Temple,Andhra Pradesh,attraction,13.533,79.2643,budget,4.9,20027,"Tirumala Tirupati Temple is a premier temple destination in Tirupati, Andhra Pradesh. Renowned as a prominent landmark in regional tourism (Religious), it welcomes visitors seeking authentic cultural immersion, picturesque vistas, and rich historic heritage.",Oct-Mar,https://images.unsplash.com/photo-1609766857041-ed402ea8069a?w=800&auto=format&fit=crop&q=80
77,Srisailam Mallikarjuna Temple,Andhra Pradesh,attraction,15.3163,80.62,budget,4.9,5410,"Srisailam Mallikarjuna Temple is a premier temple destination in Srisailam, Andhra Pradesh. Renowned as a prominent landmark in regional tourism (Religious), it welcomes visitors seeking authentic cultural immersion, picturesque vistas, and rich historic heritage.",Oct-Mar,https://images.unsplash.com/photo-1621847468516-1ed5d0df56fe?w=800&auto=format&fit=crop&q=80
78,RK Beach,Andhra Pradesh,attraction,17.5865,83.2257,budget,4.9,24538,"RK Beach is a premier beach destination in Visakhapatnam, Andhra Pradesh. Renowned as a prominent landmark in regional tourism (Beach), it welcomes visitors seeking authentic cultural immersion, picturesque vistas, and rich historic heritage.",Oct-Feb,https://images.unsplash.com/photo-1519046904884-53103b34b206?w=800&auto=format&fit=crop&q=80
79,Amaravati,Andhra Pradesh,attraction,15.3673,80.689,budget,4.7,7583,"Amaravati is a premier heritage destination in Guntur, Andhra Pradesh. Renowned as a prominent landmark in regional tourism (Heritage/Religious), it welcomes visitors seeking authentic cultural immersion, picturesque vistas, and rich historic heritage.",Oct-Feb,https://images.unsplash.com/photo-1590050752117-238cb0fb12b1?w=800&auto=format&fit=crop&q=80
80,Gandikota Canyon,Andhra Pradesh,attraction,15.3928,80.5735,budget,4.7,1294,"Gandikota Canyon is a premier heritage destination in Kadapa, Andhra Pradesh. Renowned as a prominent landmark in regional tourism (Nature), it welcomes visitors seeking authentic cultural immersion, picturesque vistas, and rich historic heritage.",Oct-Feb,https://images.unsplash.com/photo-1470071459604-3b5ec3a7fe05?w=800&auto=format&fit=crop&q=80
81,Undavalli Caves,Andhra Pradesh,attraction,15.2683,80.608,budget,4.3,806,"Undavalli Caves is a premier cave destination in Guntur, Andhra Pradesh. Renowned as a prominent landmark in regional tourism (Heritage/Caves), it welcomes visitors seeking authentic cultural immersion, picturesque vistas, and rich historic heritage.",Oct-Feb,https://images.unsplash.com/photo-1518709268805-4e9042af9f23?w=800&auto=format&fit=crop&q=80
82,Nagarjunakonda,Andhra Pradesh,attraction,15.2938,80.6425,budget,4.7,9276,"Nagarjunakonda is a premier heritage destination in Palnadu, Andhra Pradesh. Renowned as a prominent landmark in regional tourism (Heritage), it welcomes visitors seeking authentic cultural immersion, picturesque vistas, and rich historic heritage.",Oct-Feb,https://images.unsplash.com/photo-1621847468516-1ed5d0df56fe?w=800&auto=format&fit=crop&q=80
83,Ahobilam,Andhra Pradesh,attraction,15.0818,78.1627,budget,4.9,8822,"Ahobilam is a premier heritage destination in Nandyal, Andhra Pradesh. Renowned as a prominent landmark in regional tourism (Religious), it welcomes visitors seeking authentic cultural immersion, picturesque vistas, and rich historic heritage.",Oct-Feb,https://images.unsplash.com/photo-1544717305-2782549b5136?w=800&auto=format&fit=crop&q=80
84,Simhachalam Temple,Andhra Pradesh,attraction,17.5895,83.1327,budget,4.9,10098,"Simhachalam Temple is a premier temple destination in Visakhapatnam, Andhra Pradesh. Renowned as a prominent landmark in regional tourism (Religious), it welcomes visitors seeking authentic cultural immersion, picturesque vistas, and rich historic heritage.",Oct-Mar,https://images.unsplash.com/photo-1609766857041-ed402ea8069a?w=800&auto=format&fit=crop&q=80
85,Konaseema,Andhra Pradesh,attraction,15.3703,80.596,budget,4.1,1302,"Konaseema is a premier heritage destination in Konaseema, Andhra Pradesh. Renowned as a prominent landmark in regional tourism (Nature), it welcomes visitors seeking authentic cultural immersion, picturesque vistas, and rich historic heritage.",Oct-Feb,https://images.unsplash.com/photo-1590050752117-238cb0fb12b1?w=800&auto=format&fit=crop&q=80
86,Sri Venkateswara National Park,Andhra Pradesh,attraction,13.59,79.2973,budget,4.4,26199,"Sri Venkateswara National Park is a premier wildlife destination in Tirupati, Andhra Pradesh. Renowned as a prominent landmark in regional tourism (Wildlife), it welcomes visitors seeking authentic cultural immersion, picturesque vistas, and rich historic heritage.",Oct-Feb,https://images.unsplash.com/photo-1551969014-7d2c4cddf0b6?w=800&auto=format&fit=crop&q=80
87,Kapila Theertham,Andhra Pradesh,attraction,13.6155,79.3318,budget,4.9,21297,"Kapila Theertham is a premier waterfall destination in Tirupati, Andhra Pradesh. Renowned as a prominent landmark in regional tourism (Religious/Waterfall), it welcomes visitors seeking authentic cultural immersion, picturesque vistas, and rich historic heritage.",Oct-Feb,https://images.unsplash.com/photo-1567157577867-05ccb1388e66?w=800&auto=format&fit=crop&q=80
88,Akasa Ganga,Andhra Pradesh,attraction,13.641,79.3663,budget,4.5,20125,"Akasa Ganga is a premier waterfall destination in Tirupati, Andhra Pradesh. Renowned as a prominent landmark in regional tourism (Waterfall/Religious), it welcomes visitors seeking authentic cultural immersion, picturesque vistas, and rich historic heritage.",Oct-Feb,https://images.unsplash.com/photo-1567157577867-05ccb1388e66?w=800&auto=format&fit=crop&q=80
89,Sri Kalahasti Temple,Andhra Pradesh,attraction,13.5165,79.2508,budget,4.8,6574,"Sri Kalahasti Temple is a premier temple destination in Tirupati, Andhra Pradesh. Renowned as a prominent landmark in regional tourism (Religious), it welcomes visitors seeking authentic cultural immersion, picturesque vistas, and rich historic heritage.",Oct-Mar,https://images.unsplash.com/photo-1518709268805-4e9042af9f23?w=800&auto=format&fit=crop&q=80
90,Kanipakam Vinayaka Temple,Andhra Pradesh,attraction,15.2998,80.6065,budget,4.6,29440,"Kanipakam Vinayaka Temple is a premier temple destination in Chittoor, Andhra Pradesh. Renowned as a prominent landmark in regional tourism (Religious), it welcomes visitors seeking authentic cultural immersion, picturesque vistas, and rich historic heritage.",Oct-Mar,https://images.unsplash.com/photo-1621847468516-1ed5d0df56fe?w=800&auto=format&fit=crop&q=80
91,Arasavalli Sun Temple,Andhra Pradesh,attraction,15.3253,80.641,budget,4.9,22502,"Arasavalli Sun Temple is a premier temple destination in Srikakulam, Andhra Pradesh. Renowned as a prominent landmark in regional tourism (Religious), it welcomes visitors seeking authentic cultural immersion, picturesque vistas, and rich historic heritage.",Oct-Mar,https://images.unsplash.com/photo-1609766857041-ed402ea8069a?w=800&auto=format&fit=crop&q=80
92,Mangalagiri Panakala Narasimha Temple,Andhra Pradesh,attraction,15.3508,80.6755,budget,4.4,19155,"Mangalagiri Panakala Narasimha Temple is a premier temple destination in Guntur, Andhra Pradesh. Renowned as a prominent landmark in regional tourism (Religious), it welcomes visitors seeking authentic cultural immersion, picturesque vistas, and rich historic heritage.",Oct-Mar,https://images.unsplash.com/photo-1609766857041-ed402ea8069a?w=800&auto=format&fit=crop&q=80
93,Draksharamam Temple,Andhra Pradesh,attraction,15.3763,80.56,budget,4.9,14462,"Draksharamam Temple is a premier temple destination in Dr. B. R. Ambedkar Konaseema, Andhra Pradesh. Renowned as a prominent landmark in regional tourism (Religious), it welcomes visitors seeking authentic cultural immersion, picturesque vistas, and rich historic heritage.",Oct-Mar,https://images.unsplash.com/photo-1590050752117-238cb0fb12b1?w=800&auto=format&fit=crop&q=80
94,Antarvedi Temple,Andhra Pradesh,attraction,15.4018,80.5945,budget,4.8,6521,"Antarvedi Temple is a premier temple destination in Dr. B. R. Ambedkar Konaseema, Andhra Pradesh. Renowned as a prominent landmark in regional tourism (Religious), it welcomes visitors seeking authentic cultural immersion, picturesque vistas, and rich historic heritage.",Oct-Mar,https://images.unsplash.com/photo-1590050752117-238cb0fb12b1?w=800&auto=format&fit=crop&q=80
95,Kakinada Beach,Andhra Pradesh,attraction,16.7684,82.3397,budget,4.9,7746,"Kakinada Beach is a premier beach destination in Kakinada, Andhra Pradesh. Renowned as a prominent landmark in regional tourism (Beach), it welcomes visitors seeking authentic cultural immersion, picturesque vistas, and rich historic heritage.",Oct-Feb,https://images.unsplash.com/photo-1507525428034-b723cf961d3e?w=800&auto=format&fit=crop&q=80
96,Rajahmundry,Andhra Pradesh,attraction,15.3028,80.6635,budget,4.4,2670,"Rajahmundry is a premier heritage destination in Rajamahendravaram, Andhra Pradesh. Renowned as a prominent landmark in regional tourism (City/Nature), it welcomes visitors seeking authentic cultural immersion, picturesque vistas, and rich historic heritage.",Oct-Feb,https://images.unsplash.com/photo-1567157577867-05ccb1388e66?w=800&auto=format&fit=crop&q=80
97,Dowleswaram Barrage,Andhra Pradesh,attraction,15.3283,80.698,budget,4.9,17711,"Dowleswaram Barrage is a premier heritage destination in Rajamahendravaram, Andhra Pradesh. Renowned as a prominent landmark in regional tourism (Landmark), it welcomes visitors seeking authentic cultural immersion, picturesque vistas, and rich historic heritage.",Oct-Feb,https://images.unsplash.com/photo-1621847468516-1ed5d0df56fe?w=800&auto=format&fit=crop&q=80
98,Yaganti Temple,Andhra Pradesh,attraction,15.1163,78.0682,budget,4.9,6858,"Yaganti Temple is a premier temple destination in Nandyal, Andhra Pradesh. Renowned as a prominent landmark in regional tourism (Religious), it welcomes visitors seeking authentic cultural immersion, picturesque vistas, and rich historic heritage.",Oct-Mar,https://images.unsplash.com/photo-1582510003544-4d00b7f74220?w=800&auto=format&fit=crop&q=80
99,Mahanandi Temple,Andhra Pradesh,attraction,15.1418,78.1027,budget,4.9,23689,"Mahanandi Temple is a premier temple destination in Nandyal, Andhra Pradesh. Renowned as a prominent landmark in regional tourism (Religious), it welcomes visitors seeking authentic cultural immersion, picturesque vistas, and rich historic heritage.",Oct-Mar,https://images.unsplash.com/photo-1567157577867-05ccb1388e66?w=800&auto=format&fit=crop&q=80
100,Rollapadu Wildlife Sanctuary,Andhra Pradesh,attraction,15.7563,78.1773,budget,4.6,11165,"Rollapadu Wildlife Sanctuary is a premier wildlife destination in Kurnool, Andhra Pradesh. Renowned as a prominent landmark in regional tourism (Wildlife), it welcomes visitors seeking authentic cultural immersion, picturesque vistas, and rich historic heritage.",Oct-Feb,https://images.unsplash.com/photo-1575550959106-5a7defe28b56?w=800&auto=format&fit=crop&q=80
101,Katiki Waterfalls,Andhra Pradesh,attraction,18.2686,83.1109,budget,4.9,15030,"Katiki Waterfalls is a premier waterfall destination in Alluri Sitharama Raju, Andhra Pradesh. Renowned as a prominent landmark in regional tourism (Waterfall), it welcomes visitors seeking authentic cultural immersion, picturesque vistas, and rich historic heritage.",Jul-Oct,https://images.unsplash.com/photo-1432405972618-c60b0225b8f9?w=800&auto=format&fit=crop&q=80
102,Tribal Museum Araku,Andhra Pradesh,attraction,18.2941,82.9954,mid,4.8,25709,"Tribal Museum Araku is a premier museum destination in Alluri Sitharama Raju, Andhra Pradesh. Renowned as a prominent landmark in regional tourism (Museum), it welcomes visitors seeking authentic cultural immersion, picturesque vistas, and rich historic heritage.",Oct-Mar,https://images.unsplash.com/photo-1582555172866-f73bb12a2ab3?w=800&auto=format&fit=crop&q=80
103,Padmapuram Gardens,Andhra Pradesh,attraction,15.3793,80.617,budget,4.8,8224,"Padmapuram Gardens is a premier park destination in Araku, Andhra Pradesh. Renowned as a prominent landmark in regional tourism (Nature), it welcomes visitors seeking authentic cultural immersion, picturesque vistas, and rich historic heritage.",Oct-Feb,https://images.unsplash.com/photo-1519331379826-f10be5486c6f?w=800&auto=format&fit=crop&q=80
104,Ramakrishna Beach,Andhra Pradesh,attraction,17.6495,83.2227,budget,4.6,13446,"Ramakrishna Beach is a premier beach destination in Visakhapatnam, Andhra Pradesh. Renowned as a prominent landmark in regional tourism (Beach), it welcomes visitors seeking authentic cultural immersion, picturesque vistas, and rich historic heritage.",Oct-Feb,https://images.unsplash.com/photo-1512343879784-a960bf40e7f2?w=800&auto=format&fit=crop&q=80
105,Bavikonda Buddhist Complex,Andhra Pradesh,attraction,17.525,83.2572,budget,4.4,16583,"Bavikonda Buddhist Complex is a premier buddhist heritage destination in Visakhapatnam, Andhra Pradesh. Renowned as a prominent landmark in regional tourism (Heritage), it welcomes visitors seeking authentic cultural immersion, picturesque vistas, and rich historic heritage.",Oct-Feb,https://images.unsplash.com/photo-1544735716-392fe2489ffa?w=800&auto=format&fit=crop&q=80
106,Kondaveedu Fort,Andhra Pradesh,attraction,15.3058,80.5705,mid,4.9,23939,"Kondaveedu Fort is a premier fort destination in Guntur, Andhra Pradesh. Renowned as a prominent landmark in regional tourism (Fort), it welcomes visitors seeking authentic cultural immersion, picturesque vistas, and rich historic heritage.",Oct-Feb,https://images.unsplash.com/photo-1590766940554-634a7ed41450?w=800&auto=format&fit=crop&q=80
107,Prakasam Barrage,Andhra Pradesh,attraction,15.3313,80.605,budget,4.4,20404,"Prakasam Barrage is a premier heritage destination in Vijayawada, Andhra Pradesh. Renowned as a prominent landmark in regional tourism (Landmark), it welcomes visitors seeking authentic cultural immersion, picturesque vistas, and rich historic heritage.",Oct-Feb,https://images.unsplash.com/photo-1621847468516-1ed5d0df56fe?w=800&auto=format&fit=crop&q=80
108,Bhavani Island,Andhra Pradesh,attraction,15.3568,80.6395,budget,4.9,26878,"Bhavani Island is a premier island destination in Vijayawada, Andhra Pradesh. Renowned as a prominent landmark in regional tourism (Island), it welcomes visitors seeking authentic cultural immersion, picturesque vistas, and rich historic heritage.",Oct-Feb,https://images.unsplash.com/photo-1519331379826-f10be5486c6f?w=800&auto=format&fit=crop&q=80
109,Victoria Jubilee Museum,Andhra Pradesh,attraction,15.3823,80.674,mid,4.9,10841,"Victoria Jubilee Museum is a premier museum destination in Vijayawada, Andhra Pradesh. Renowned as a prominent landmark in regional tourism (Museum), it welcomes visitors seeking authentic cultural immersion, picturesque vistas, and rich historic heritage.",Oct-Mar,https://images.unsplash.com/photo-1544531586-fde5298cdd40?w=800&auto=format&fit=crop&q=80
110,Tirumala Tirupati Devasthanams,Andhra Pradesh,attraction,13.5435,79.3138,budget,4.6,7427,"Tirumala Tirupati Devasthanams is a premier heritage destination in Tirupati, Andhra Pradesh. Renowned as a prominent landmark in regional tourism (Religious), it welcomes visitors seeking authentic cultural immersion, picturesque vistas, and rich historic heritage.",Oct-Feb,https://images.unsplash.com/photo-1544717305-2782549b5136?w=800&auto=format&fit=crop&q=80
111,Sri Venkateswara Temple,Andhra Pradesh,attraction,13.569,79.3483,budget,4.7,17993,"Sri Venkateswara Temple is a premier temple destination in Tirupati, Andhra Pradesh. Renowned as a prominent landmark in regional tourism (Religious), it welcomes visitors seeking authentic cultural immersion, picturesque vistas, and rich historic heritage.",Oct-Mar,https://images.unsplash.com/photo-1582510003544-4d00b7f74220?w=800&auto=format&fit=crop&q=80
112,Tiruchanur Padmavathi Temple,Andhra Pradesh,attraction,13.5945,79.2328,budget,4.9,6558,"Tiruchanur Padmavathi Temple is a premier temple destination in Tirupati, Andhra Pradesh. Renowned as a prominent landmark in regional tourism (Religious), it welcomes visitors seeking authentic cultural immersion, picturesque vistas, and rich historic heritage.",Oct-Mar,https://images.unsplash.com/photo-1582510003544-4d00b7f74220?w=800&auto=format&fit=crop&q=80
113,Veerabhadra Temple Lepakshi,Andhra Pradesh,attraction,15.3778,80.5885,budget,4.9,18542,"Veerabhadra Temple Lepakshi is a premier temple destination in Anantapur, Andhra Pradesh. Renowned as a prominent landmark in regional tourism (Heritage), it welcomes visitors seeking authentic cultural immersion, picturesque vistas, and rich historic heritage.",Oct-Mar,https://images.unsplash.com/photo-1518709268805-4e9042af9f23?w=800&auto=format&fit=crop&q=80
114,Belium Caves,Andhra Pradesh,attraction,15.7548,78.1488,budget,4.2,1607,"Belium Caves is a premier cave destination in Kurnool, Andhra Pradesh. Renowned as a prominent landmark in regional tourism (Caves), it welcomes visitors seeking authentic cultural immersion, picturesque vistas, and rich historic heritage.",Oct-Feb,https://images.unsplash.com/photo-1518709268805-4e9042af9f23?w=800&auto=format&fit=crop&q=80
115,Nallamala Hills,Andhra Pradesh,attraction,15.2788,80.6575,budget,4.5,27410,"Nallamala Hills is a premier heritage destination in Andhra Pradesh, Andhra Pradesh. Renowned as a prominent landmark in regional tourism (Hills), it welcomes visitors seeking authentic cultural immersion, picturesque vistas, and rich historic heritage.",Oct-Feb,https://images.unsplash.com/photo-1519681393784-d120267933ba?w=800&auto=format&fit=crop&q=80
116,Mypadu Beach,Andhra Pradesh,attraction,15.3043,80.692,budget,4.9,26308,"Mypadu Beach is a premier beach destination in Nellore, Andhra Pradesh. Renowned as a prominent landmark in regional tourism (Beach), it welcomes visitors seeking authentic cultural immersion, picturesque vistas, and rich historic heritage.",Oct-Feb,https://images.unsplash.com/photo-1519046904884-53103b34b206?w=800&auto=format&fit=crop&q=80
117,Pulicat Lake,Andhra Pradesh,attraction,15.3298,80.5765,budget,4.9,23607,"Pulicat Lake is a premier wildlife destination in Nellore, Andhra Pradesh. Renowned as a prominent landmark in regional tourism (Wildlife), it welcomes visitors seeking authentic cultural immersion, picturesque vistas, and rich historic heritage.",Oct-Feb,https://images.unsplash.com/photo-1544644181-1484b3fdfc62?w=800&auto=format&fit=crop&q=80
118,Uppada Beach,Andhra Pradesh,attraction,16.8464,82.3217,budget,4.8,29472,"Uppada Beach is a premier beach destination in Kakinada, Andhra Pradesh. Renowned as a prominent landmark in regional tourism (Beach), it welcomes visitors seeking authentic cultural immersion, picturesque vistas, and rich historic heritage.",Oct-Feb,https://images.unsplash.com/photo-1509233725247-49e657c54213?w=800&auto=format&fit=crop&q=80
119,Annavaram,Andhra Pradesh,attraction,16.8719,82.3562,budget,4.7,9206,"Annavaram is a premier heritage destination in Kakinada, Andhra Pradesh. Renowned as a prominent landmark in regional tourism (Religious), it welcomes visitors seeking authentic cultural immersion, picturesque vistas, and rich historic heritage.",Oct-Feb,https://images.unsplash.com/photo-1621847468516-1ed5d0df56fe?w=800&auto=format&fit=crop&q=80
120,Sri Satyanarayana Swamy Temple,Andhra Pradesh,attraction,15.4063,80.68,budget,4.9,27747,"Sri Satyanarayana Swamy Temple is a premier temple destination in Annavaram, Andhra Pradesh. Renowned as a prominent landmark in regional tourism (Religious), it welcomes visitors seeking authentic cultural immersion, picturesque vistas, and rich historic heritage.",Oct-Mar,https://images.unsplash.com/photo-1567157577867-05ccb1388e66?w=800&auto=format&fit=crop&q=80
121,Kondapalli Toys Village,Andhra Pradesh,attraction,15.2818,80.5645,budget,4.6,22632,"Kondapalli Toys Village is a premier heritage destination in NTR District, Andhra Pradesh. Renowned as a prominent landmark in regional tourism (Culture), it welcomes visitors seeking authentic cultural immersion, picturesque vistas, and rich historic heritage.",Oct-Feb,https://images.unsplash.com/photo-1544717305-2782549b5136?w=800&auto=format&fit=crop&q=80
122,Kolleru Lake,Andhra Pradesh,attraction,15.3073,80.599,budget,4.4,11406,"Kolleru Lake is a premier lake destination in Eluru, Andhra Pradesh. Renowned as a prominent landmark in regional tourism (Wetland), it welcomes visitors seeking authentic cultural immersion, picturesque vistas, and rich historic heritage.",Oct-Feb,https://images.unsplash.com/photo-1544644181-1484b3fdfc62?w=800&auto=format&fit=crop&q=80
123,Uppalapadu Bird Sanctuary,Andhra Pradesh,attraction,15.3328,80.6335,budget,4.4,11896,"Uppalapadu Bird Sanctuary is a premier wildlife destination in Guntur, Andhra Pradesh. Renowned as a prominent landmark in regional tourism (Bird Sanctuary), it welcomes visitors seeking authentic cultural immersion, picturesque vistas, and rich historic heritage.",Oct-Feb,https://images.unsplash.com/photo-1534188753412-3e26d0d618d6?w=800&auto=format&fit=crop&q=80
124,Kondakarla Ava,Andhra Pradesh,attraction,17.603,83.2392,budget,4.9,16485,"Kondakarla Ava is a premier wildlife destination in Visakhapatnam, Andhra Pradesh. Renowned as a prominent landmark in regional tourism (Bird Sanctuary), it welcomes visitors seeking authentic cultural immersion, picturesque vistas, and rich historic heritage.",Oct-Feb,https://images.unsplash.com/photo-1567157577867-05ccb1388e66?w=800&auto=format&fit=crop&q=80
125,Srikurmam Temple,Andhra Pradesh,attraction,15.3838,80.5525,budget,4.9,28648,"Srikurmam Temple is a premier temple destination in Srikakulam, Andhra Pradesh. Renowned as a prominent landmark in regional tourism (Religious), it welcomes visitors seeking authentic cultural immersion, picturesque vistas, and rich historic heritage.",Oct-Mar,https://images.unsplash.com/photo-1544717305-2782549b5136?w=800&auto=format&fit=crop&q=80
126,Salihundam,Andhra Pradesh,attraction,15.4093,80.587,budget,4.5,22300,"Salihundam is a premier lake destination in Srikakulam, Andhra Pradesh. Renowned as a prominent landmark in regional tourism (Heritage), it welcomes visitors seeking authentic cultural immersion, picturesque vistas, and rich historic heritage.",Oct-Feb,https://images.unsplash.com/photo-1544644181-1484b3fdfc62?w=800&auto=format&fit=crop&q=80
127,Rishikonda Beach,Andhra Pradesh,attraction,17.7812,83.3854,budget,4.6,5859,"Rishikonda Beach is an internationally certified Blue Flag beach framed by verdant Eastern Ghats hillocks, famous for golden sands, swimming, and windsurfing.",Oct-Feb,https://images.unsplash.com/photo-1507525428034-b723cf961d3e?w=800&auto=format&fit=crop&q=80
128,Amareswara Temple Amaravathi,Andhra Pradesh,attraction,16.5786,80.3589,budget,4.9,8861,"Amareswara Temple in Amaravathi is one of the revered Pancharama Kshetras of Lord Shiva, located on the sacred Krishna River, renowned for its 15-foot marble lingam.",Oct-Mar,https://images.unsplash.com/photo-1609766857041-ed402ea8069a?w=800&auto=format&fit=crop&q=80
129,Prasanthi Nilayam (Puttaparthi),Andhra Pradesh,attraction,14.1689,77.8125,budget,4.4,28343,"Prasanthi Nilayam (Abode of Highest Peace) is the sacred ashram of Bhagawan Sri Sathya Sai Baba, welcoming millions of international pilgrims for universal prayer and meditation.",Oct-Feb,https://images.unsplash.com/photo-1544717305-2782549b5136?w=800&auto=format&fit=crop&q=80
130,Indira Gandhi Zoological Park,Andhra Pradesh,attraction,17.7686,83.3486,mid,4.9,12656,"Indira Gandhi Zoological Park is one of the largest zoological parks in India (625 acres), housing over 80 species of wildlife amidst natural Eastern Ghats forest canopies.",Oct-Feb,https://images.unsplash.com/photo-1575550959106-5a7defe28b56?w=800&auto=format&fit=crop&q=80
131,Tirumala Venkateswara Temple,Andhra Pradesh,attraction,22.5801,78.9781,budget,4.7,1916,"Tirumala Venkateswara Temple is an authentic attraction destination located in ,  district of Andhra Pradesh. Celebrated for its regional significance and unique ambiance, it offers travelers an immersive experience in the culture, scenic beauty, and heritage of Andhra Pradesh.",Oct-Mar,https://images.unsplash.com/photo-1609766857041-ed402ea8069a?w=800&auto=format&fit=crop&q=80
132,Sri Padmavathi Ammavari Temple,Andhra Pradesh,attraction,22.6145,78.9581,budget,4.7,4709,"Sri Padmavathi Ammavari Temple is an authentic attraction destination located in ,  district of Andhra Pradesh. Celebrated for its regional significance and unique ambiance, it offers travelers an immersive experience in the culture, scenic beauty, and heritage of Andhra Pradesh.",Oct-Mar,https://images.unsplash.com/photo-1621847468516-1ed5d0df56fe?w=800&auto=format&fit=crop&q=80
133,Kapila Theertham Waterfalls & Temple,Andhra Pradesh,attraction,22.6241,78.9621,budget,4.6,6853,"Kapila Theertham Waterfalls & Temple is an authentic attraction destination located in ,  district of Andhra Pradesh. Celebrated for its regional significance and unique ambiance, it offers travelers an immersive experience in the culture, scenic beauty, and heritage of Andhra Pradesh.",Jul-Oct,https://images.unsplash.com/photo-1518457607834-6e8d80c183c5?w=800&auto=format&fit=crop&q=80
134,Silathoranam Natural Rock Arch,Andhra Pradesh,attraction,22.6225,78.9853,budget,4.5,3809,"Silathoranam Natural Rock Arch is an authentic attraction destination located in ,  district of Andhra Pradesh. Celebrated for its regional significance and unique ambiance, it offers travelers an immersive experience in the culture, scenic beauty, and heritage of Andhra Pradesh.",Oct-Feb,https://images.unsplash.com/photo-1567157577867-05ccb1388e66?w=800&auto=format&fit=crop&q=80
135,Chandragiri Fort & Raja Mahal Palace,Andhra Pradesh,attraction,22.5969,78.9309,mid,4.2,1544,"Chandragiri Fort & Raja Mahal Palace is an authentic attraction destination located in ,  district of Andhra Pradesh. Celebrated for its regional significance and unique ambiance, it offers travelers an immersive experience in the culture, scenic beauty, and heritage of Andhra Pradesh.",Oct-Feb,https://images.unsplash.com/photo-1599661046289-e31897846e41?w=800&auto=format&fit=crop&q=80
136,Talakona Waterfalls (Highest in AP),Andhra Pradesh,attraction,22.6009,78.9669,budget,4.6,2416,"Talakona Waterfalls (Highest in AP) is an authentic attraction destination located in ,  district of Andhra Pradesh. Celebrated for its regional significance and unique ambiance, it offers travelers an immersive experience in the culture, scenic beauty, and heritage of Andhra Pradesh.",Jul-Oct,https://images.unsplash.com/photo-1518457607834-6e8d80c183c5?w=800&auto=format&fit=crop&q=80
137,Srikalahasteeswara Temple (Rahu-Ketu Kshetra),Andhra Pradesh,attraction,22.5537,78.9893,budget,4.4,943,"Srikalahasteeswara Temple (Rahu-Ketu Kshetra) is an authentic attraction destination located in ,  district of Andhra Pradesh. Celebrated for its regional significance and unique ambiance, it offers travelers an immersive experience in the culture, scenic beauty, and heritage of Andhra Pradesh.",Oct-Mar,https://images.unsplash.com/photo-1590050752117-238cb0fb12b1?w=800&auto=format&fit=crop&q=80
138,Borra Caves 150 Million Year Limestone,Andhra Pradesh,attraction,22.5961,78.9269,budget,4.7,5728,"Borra Caves 150 Million Year Limestone is an authentic attraction destination located in ,  district of Andhra Pradesh. Celebrated for its regional significance and unique ambiance, it offers travelers an immersive experience in the culture, scenic beauty, and heritage of Andhra Pradesh.",Oct-Feb,https://images.unsplash.com/photo-1509316975850-ff9c5deb0cd9?w=800&auto=format&fit=crop&q=80
139,Araku Valley Coffee Plantations,Andhra Pradesh,restaurant,22.6009,78.9741,mid,4.5,6819,"Araku Valley Coffee Plantations is an authentic restaurant destination located in ,  district of Andhra Pradesh. Celebrated for its regional significance and unique ambiance, it offers travelers an immersive experience in the culture, scenic beauty, and heritage of Andhra Pradesh.",Oct-Feb,https://images.unsplash.com/photo-1589302168068-964664d93dc0?w=800&auto=format&fit=crop&q=80
140,Katiki Waterfalls Ghosti River,Andhra Pradesh,attraction,22.6241,78.9621,budget,4.6,6179,"Katiki Waterfalls Ghosti River is an authentic attraction destination located in ,  district of Andhra Pradesh. Celebrated for its regional significance and unique ambiance, it offers travelers an immersive experience in the culture, scenic beauty, and heritage of Andhra Pradesh.",Jul-Oct,https://images.unsplash.com/photo-1518457607834-6e8d80c183c5?w=800&auto=format&fit=crop&q=80
141,Chaparai Water Cascade (Dumbriguda),Andhra Pradesh,attraction,22.5985,78.9301,budget,4.6,6672,"Chaparai Water Cascade (Dumbriguda) is an authentic attraction destination located in ,  district of Andhra Pradesh. Celebrated for its regional significance and unique ambiance, it offers travelers an immersive experience in the culture, scenic beauty, and heritage of Andhra Pradesh.",Oct-Feb,https://images.unsplash.com/photo-1518457607834-6e8d80c183c5?w=800&auto=format&fit=crop&q=80
142,Lambasingi (Kashmir of Andhra Pradesh),Andhra Pradesh,attraction,22.6257,79.0021,budget,4.2,1889,"Lambasingi (Kashmir of Andhra Pradesh) is an authentic attraction destination located in ,  district of Andhra Pradesh. Celebrated for its regional significance and unique ambiance, it offers travelers an immersive experience in the culture, scenic beauty, and heritage of Andhra Pradesh.",Oct-Feb,https://images.unsplash.com/photo-1544717305-2782549b5136?w=800&auto=format&fit=crop&q=80
143,Maredumilli Eco-Tourism & Valmiki Valley,Andhra Pradesh,attraction,22.5633,78.9637,budget,4.2,1496,"Maredumilli Eco-Tourism & Valmiki Valley is an authentic attraction destination located in ,  district of Andhra Pradesh. Celebrated for its regional significance and unique ambiance, it offers travelers an immersive experience in the culture, scenic beauty, and heritage of Andhra Pradesh.",Oct-Feb,https://images.unsplash.com/photo-1470071459604-3b5ec3a7fe05?w=800&auto=format&fit=crop&q=80
144,INS Kursura Submarine Museum,Andhra Pradesh,attraction,22.6089,78.9245,mid,4.6,4909,"INS Kursura Submarine Museum is an authentic attraction destination located in ,  district of Andhra Pradesh. Celebrated for its regional significance and unique ambiance, it offers travelers an immersive experience in the culture, scenic beauty, and heritage of Andhra Pradesh.",Oct-Mar,https://images.unsplash.com/photo-1582555172866-f73bb12a2ab3?w=800&auto=format&fit=crop&q=80
145,TU-142 Aircraft Museum,Andhra Pradesh,attraction,22.6105,78.9933,mid,4.3,3125,"TU-142 Aircraft Museum is an authentic attraction destination located in ,  district of Andhra Pradesh. Celebrated for its regional significance and unique ambiance, it offers travelers an immersive experience in the culture, scenic beauty, and heritage of Andhra Pradesh.",Oct-Mar,https://images.unsplash.com/photo-1582555172866-f73bb12a2ab3?w=800&auto=format&fit=crop&q=80
146,Kailasagiri Hilltop Park & Sea Views,Andhra Pradesh,attraction,22.6217,78.9237,budget,4.0,940,"Kailasagiri Hilltop Park & Sea Views is an authentic attraction destination located in ,  district of Andhra Pradesh. Celebrated for its regional significance and unique ambiance, it offers travelers an immersive experience in the culture, scenic beauty, and heritage of Andhra Pradesh.",Oct-Feb,https://images.unsplash.com/photo-1512343879784-a960bf40e7f2?w=800&auto=format&fit=crop&q=80
147,Rushikonda Beach Blue Flag,Andhra Pradesh,attraction,22.6089,78.9389,budget,4.4,1679,"Rushikonda Beach Blue Flag is an authentic attraction destination located in ,  district of Andhra Pradesh. Celebrated for its regional significance and unique ambiance, it offers travelers an immersive experience in the culture, scenic beauty, and heritage of Andhra Pradesh.",Oct-Feb,https://images.unsplash.com/photo-1519046904884-53103b34b206?w=800&auto=format&fit=crop&q=80
148,Thotlakonda Buddhist Complex,Andhra Pradesh,attraction,22.6081,78.9909,budget,4.4,2612,"Thotlakonda Buddhist Complex is an authentic attraction destination located in ,  district of Andhra Pradesh. Celebrated for its regional significance and unique ambiance, it offers travelers an immersive experience in the culture, scenic beauty, and heritage of Andhra Pradesh.",Oct-Feb,https://images.unsplash.com/photo-1544735716-392fe2489ffa?w=800&auto=format&fit=crop&q=80
149,Bavikonda Buddhist Heritage Complex,Andhra Pradesh,attraction,22.5601,78.9861,budget,4.0,1044,"Bavikonda Buddhist Heritage Complex is an authentic attraction destination located in ,  district of Andhra Pradesh. Celebrated for its regional significance and unique ambiance, it offers travelers an immersive experience in the culture, scenic beauty, and heritage of Andhra Pradesh.",Oct-Feb,https://images.unsplash.com/photo-1544735716-392fe2489ffa?w=800&auto=format&fit=crop&q=80
150,Gandikota Grand Canyon of India,Andhra Pradesh,attraction,22.6073,78.9773,budget,4.2,2884,"Gandikota Grand Canyon of India is an authentic attraction destination located in ,  district of Andhra Pradesh. Celebrated for its regional significance and unique ambiance, it offers travelers an immersive experience in the culture, scenic beauty, and heritage of Andhra Pradesh.",Oct-Feb,https://images.unsplash.com/photo-1441974231531-c6227db76b6e?w=800&auto=format&fit=crop&q=80
151,Gandikota Fort & Madhavaraya Temple,Andhra Pradesh,attraction,22.6145,78.9645,mid,4.0,228,"Gandikota Fort & Madhavaraya Temple is an authentic attraction destination located in ,  district of Andhra Pradesh. Celebrated for its regional significance and unique ambiance, it offers travelers an immersive experience in the culture, scenic beauty, and heritage of Andhra Pradesh.",Oct-Mar,https://images.unsplash.com/photo-1590766940554-634a7ed41450?w=800&auto=format&fit=crop&q=80
152,Belum Caves (Longest Cave in Plains),Andhra Pradesh,attraction,22.5617,78.9949,budget,4.0,759,"Belum Caves (Longest Cave in Plains) is an authentic attraction destination located in ,  district of Andhra Pradesh. Celebrated for its regional significance and unique ambiance, it offers travelers an immersive experience in the culture, scenic beauty, and heritage of Andhra Pradesh.",Oct-Feb,https://images.unsplash.com/photo-1518709268805-4e9042af9f23?w=800&auto=format&fit=crop&q=80
153,Yaganti Uma Maheshwara Temple (Growing Nandi),Andhra Pradesh,attraction,22.5681,78.9957,budget,4.4,2045,"Yaganti Uma Maheshwara Temple (Growing Nandi) is an authentic attraction destination located in ,  district of Andhra Pradesh. Celebrated for its regional significance and unique ambiance, it offers travelers an immersive experience in the culture, scenic beauty, and heritage of Andhra Pradesh.",Oct-Mar,https://images.unsplash.com/photo-1518709268805-4e9042af9f23?w=800&auto=format&fit=crop&q=80
154,Ahobilam 9 Nava Narasimha Temples,Andhra Pradesh,attraction,22.6105,78.9373,budget,4.6,4058,"Ahobilam 9 Nava Narasimha Temples is an authentic attraction destination located in ,  district of Andhra Pradesh. Celebrated for its regional significance and unique ambiance, it offers travelers an immersive experience in the culture, scenic beauty, and heritage of Andhra Pradesh.",Oct-Mar,https://images.unsplash.com/photo-1582510003544-4d00b7f74220?w=800&auto=format&fit=crop&q=80
155,Konda Reddy Buruju Fort,Andhra Pradesh,attraction,22.5921,78.9293,mid,4.1,1017,"Konda Reddy Buruju Fort is an authentic attraction destination located in ,  district of Andhra Pradesh. Celebrated for its regional significance and unique ambiance, it offers travelers an immersive experience in the culture, scenic beauty, and heritage of Andhra Pradesh.",Oct-Feb,https://images.unsplash.com/photo-1585123388867-3bfe6dd4bdbf?w=800&auto=format&fit=crop&q=80
156,Oravakallu Rock Garden Quartz Formations,Andhra Pradesh,attraction,22.5881,78.9621,budget,4.7,5125,"Oravakallu Rock Garden Quartz Formations is an authentic attraction destination located in ,  district of Andhra Pradesh. Celebrated for its regional significance and unique ambiance, it offers travelers an immersive experience in the culture, scenic beauty, and heritage of Andhra Pradesh.",Oct-Feb,https://images.unsplash.com/photo-1584467735815-f778f274e296?w=800&auto=format&fit=crop&q=80
157,Mantralayam Sri Raghavendra Swamy Matha,Andhra Pradesh,attraction,22.5569,78.9253,budget,4.1,1226,"Mantralayam Sri Raghavendra Swamy Matha is an authentic attraction destination located in ,  district of Andhra Pradesh. Celebrated for its regional significance and unique ambiance, it offers travelers an immersive experience in the culture, scenic beauty, and heritage of Andhra Pradesh.",Oct-Feb,https://images.unsplash.com/photo-1582510003544-4d00b7f74220?w=800&auto=format&fit=crop&q=80
158,Lepakshi Monolithic Nandi,Andhra Pradesh,attraction,22.6289,78.9541,budget,4.1,728,"Lepakshi Monolithic Nandi is an authentic attraction destination located in ,  district of Andhra Pradesh. Celebrated for its regional significance and unique ambiance, it offers travelers an immersive experience in the culture, scenic beauty, and heritage of Andhra Pradesh.",Oct-Feb,https://images.unsplash.com/photo-1590050752117-238cb0fb12b1?w=800&auto=format&fit=crop&q=80
159,Mallikarjuna Swamy Jyotirlinga Srisailam,Andhra Pradesh,attraction,22.5905,78.9541,budget,4.7,6998,"Mallikarjuna Swamy Jyotirlinga Srisailam is an authentic attraction destination located in ,  district of Andhra Pradesh. Celebrated for its regional significance and unique ambiance, it offers travelers an immersive experience in the culture, scenic beauty, and heritage of Andhra Pradesh.",Oct-Feb,https://images.unsplash.com/photo-1609766857041-ed402ea8069a?w=800&auto=format&fit=crop&q=80
160,Srisailam Dam on Krishna River,Andhra Pradesh,attraction,22.6241,78.9781,budget,4.3,3031,"Srisailam Dam on Krishna River is an authentic attraction destination located in ,  district of Andhra Pradesh. Celebrated for its regional significance and unique ambiance, it offers travelers an immersive experience in the culture, scenic beauty, and heritage of Andhra Pradesh.",Oct-Feb,https://images.unsplash.com/photo-1439066615861-d1af74d74000?w=800&auto=format&fit=crop&q=80
161,Akka Mahadevi Caves Srisailam,Andhra Pradesh,attraction,22.5905,78.9749,budget,4.3,2195,"Akka Mahadevi Caves Srisailam is an authentic attraction destination located in ,  district of Andhra Pradesh. Celebrated for its regional significance and unique ambiance, it offers travelers an immersive experience in the culture, scenic beauty, and heritage of Andhra Pradesh.",Oct-Feb,https://images.unsplash.com/photo-1509316975850-ff9c5deb0cd9?w=800&auto=format&fit=crop&q=80
162,Kanaka Durga Temple Indrakeeladri,Andhra Pradesh,attraction,22.6145,78.9325,budget,4.1,519,"Kanaka Durga Temple Indrakeeladri is an authentic attraction destination located in ,  district of Andhra Pradesh. Celebrated for its regional significance and unique ambiance, it offers travelers an immersive experience in the culture, scenic beauty, and heritage of Andhra Pradesh.",Oct-Mar,https://images.unsplash.com/photo-1518709268805-4e9042af9f23?w=800&auto=format&fit=crop&q=80
163,Undavalli 4-Tier Rock Cut Caves,Andhra Pradesh,attraction,22.5649,78.9365,budget,4.6,8574,"Undavalli 4-Tier Rock Cut Caves is an authentic attraction destination located in ,  district of Andhra Pradesh. Celebrated for its regional significance and unique ambiance, it offers travelers an immersive experience in the culture, scenic beauty, and heritage of Andhra Pradesh.",Oct-Feb,https://images.unsplash.com/photo-1509316975850-ff9c5deb0cd9?w=800&auto=format&fit=crop&q=80
164,Bhavani Island Krishna River Resort,Andhra Pradesh,hotel,22.5665,78.9597,mid,4.2,2763,"Bhavani Island Krishna River Resort is an authentic hotel destination located in ,  district of Andhra Pradesh. Celebrated for its regional significance and unique ambiance, it offers travelers an immersive experience in the culture, scenic beauty, and heritage of Andhra Pradesh.",Oct-Feb,https://images.unsplash.com/photo-1542314831-068cd1dbfeeb?w=800&auto=format&fit=crop&q=80
165,Prakasam Barrage & Krishna Promenade,Andhra Pradesh,attraction,22.6305,78.9789,budget,4.5,8408,"Prakasam Barrage & Krishna Promenade is an authentic attraction destination located in ,  district of Andhra Pradesh. Celebrated for its regional significance and unique ambiance, it offers travelers an immersive experience in the culture, scenic beauty, and heritage of Andhra Pradesh.",Oct-Feb,https://images.unsplash.com/photo-1567157577867-05ccb1388e66?w=800&auto=format&fit=crop&q=80
166,Amaravati Great Mahachaitya Stupa,Andhra Pradesh,attraction,22.6089,78.9821,budget,4.0,947,"Amaravati Great Mahachaitya Stupa is an authentic attraction destination located in ,  district of Andhra Pradesh. Celebrated for its regional significance and unique ambiance, it offers travelers an immersive experience in the culture, scenic beauty, and heritage of Andhra Pradesh.",Oct-Feb,https://images.unsplash.com/photo-1518495973542-4542c06a5843?w=800&auto=format&fit=crop&q=80
167,Dhyana Buddha Statue Amaravati,Andhra Pradesh,attraction,22.5849,78.9773,budget,4.6,5244,"Dhyana Buddha Statue Amaravati is an authentic attraction destination located in ,  district of Andhra Pradesh. Celebrated for its regional significance and unique ambiance, it offers travelers an immersive experience in the culture, scenic beauty, and heritage of Andhra Pradesh.",Oct-Feb,https://images.unsplash.com/photo-1518709268805-4e9042af9f23?w=800&auto=format&fit=crop&q=80
168,Mangalagiri Panakala Lakshmi Narasimha Swamy,Andhra Pradesh,attraction,22.5617,78.9373,budget,4.4,2148,"Mangalagiri Panakala Lakshmi Narasimha Swamy is an authentic attraction destination located in ,  district of Andhra Pradesh. Celebrated for its regional significance and unique ambiance, it offers travelers an immersive experience in the culture, scenic beauty, and heritage of Andhra Pradesh.",Oct-Feb,https://images.unsplash.com/photo-1609766857041-ed402ea8069a?w=800&auto=format&fit=crop&q=80
169,Kondapalli Fort & Toy Artisan Village,Andhra Pradesh,attraction,22.6113,78.9645,mid,4.5,2950,"Kondapalli Fort & Toy Artisan Village is an authentic attraction destination located in ,  district of Andhra Pradesh. Celebrated for its regional significance and unique ambiance, it offers travelers an immersive experience in the culture, scenic beauty, and heritage of Andhra Pradesh.",Oct-Feb,https://images.unsplash.com/photo-1599661046289-e31897846e41?w=800&auto=format&fit=crop&q=80
170,Papikondalu Hills Godavari Boat Cruise,Andhra Pradesh,attraction,22.5977,78.9877,mid,3.9,1183,"Papikondalu Hills Godavari Boat Cruise is an authentic attraction destination located in ,  district of Andhra Pradesh. Celebrated for its regional significance and unique ambiance, it offers travelers an immersive experience in the culture, scenic beauty, and heritage of Andhra Pradesh.",Oct-Feb,https://images.unsplash.com/photo-1464822759023-fed622ff2c3b?w=800&auto=format&fit=crop&q=80
171,Dowleswaram Barrage Sir Arthur Cotton Museum,Andhra Pradesh,attraction,22.5817,78.9717,mid,3.9,359,"Dowleswaram Barrage Sir Arthur Cotton Museum is an authentic attraction destination located in ,  district of Andhra Pradesh. Celebrated for its regional significance and unique ambiance, it offers travelers an immersive experience in the culture, scenic beauty, and heritage of Andhra Pradesh.",Oct-Mar,https://images.unsplash.com/photo-1565034946487-077786996e27?w=800&auto=format&fit=crop&q=80
172,Dindi Backwaters & Coconut Country,Andhra Pradesh,attraction,22.6169,78.9949,budget,4.6,1694,"Dindi Backwaters & Coconut Country is an authentic attraction destination located in ,  district of Andhra Pradesh. Celebrated for its regional significance and unique ambiance, it offers travelers an immersive experience in the culture, scenic beauty, and heritage of Andhra Pradesh.",Oct-Feb,https://images.unsplash.com/photo-1593693397690-362cb9666fc2?w=800&auto=format&fit=crop&q=80
173,Antarvedi Sri Lakshmi Narasimha Swamy Temple,Andhra Pradesh,attraction,22.6153,78.9629,budget,4.2,3397,"Antarvedi Sri Lakshmi Narasimha Swamy Temple is an authentic attraction destination located in ,  district of Andhra Pradesh. Celebrated for its regional significance and unique ambiance, it offers travelers an immersive experience in the culture, scenic beauty, and heritage of Andhra Pradesh.",Oct-Mar,https://images.unsplash.com/photo-1582510003544-4d00b7f74220?w=800&auto=format&fit=crop&q=80
174,Draksharamam Bhimeswara Temple (Pancharama),Andhra Pradesh,attraction,22.6209,78.9413,budget,4.4,955,"Draksharamam Bhimeswara Temple (Pancharama) is an authentic attraction destination located in ,  district of Andhra Pradesh. Celebrated for its regional significance and unique ambiance, it offers travelers an immersive experience in the culture, scenic beauty, and heritage of Andhra Pradesh.",Oct-Mar,https://images.unsplash.com/photo-1609766857041-ed402ea8069a?w=800&auto=format&fit=crop&q=80
175,Annavaram Sri Veera Venkata Satyanarayana Swamy,Andhra Pradesh,attraction,22.5673,78.9229,budget,3.9,852,"Annavaram Sri Veera Venkata Satyanarayana Swamy is an authentic attraction destination located in ,  district of Andhra Pradesh. Celebrated for its regional significance and unique ambiance, it offers travelers an immersive experience in the culture, scenic beauty, and heritage of Andhra Pradesh.",Oct-Feb,https://images.unsplash.com/photo-1582510003544-4d00b7f74220?w=800&auto=format&fit=crop&q=80
176,Horsley Hills Hill Resort,Andhra Pradesh,hotel,22.5857,78.9341,mid,4.4,1095,"Horsley Hills Hill Resort is an authentic hotel destination located in ,  district of Andhra Pradesh. Celebrated for its regional significance and unique ambiance, it offers travelers an immersive experience in the culture, scenic beauty, and heritage of Andhra Pradesh.",Oct-Feb,https://images.unsplash.com/photo-1571896349842-33c89424de2d?w=800&auto=format&fit=crop&q=80
177,Pulicat Lake & Flamingos Sanctuary,Andhra Pradesh,attraction,22.5881,78.9989,budget,4.4,708,"Pulicat Lake & Flamingos Sanctuary is an authentic attraction destination located in ,  district of Andhra Pradesh. Celebrated for its regional significance and unique ambiance, it offers travelers an immersive experience in the culture, scenic beauty, and heritage of Andhra Pradesh.",Oct-Feb,https://images.unsplash.com/photo-1501785888041-af3ef285b470?w=800&auto=format&fit=crop&q=80
178,Nelapattu Bird Sanctuary Pelicans,Andhra Pradesh,attraction,22.5897,78.9613,budget,3.9,783,"Nelapattu Bird Sanctuary Pelicans is an authentic attraction destination located in ,  district of Andhra Pradesh. Celebrated for its regional significance and unique ambiance, it offers travelers an immersive experience in the culture, scenic beauty, and heritage of Andhra Pradesh.",Oct-Feb,https://images.unsplash.com/photo-1549366021-9f761d450615?w=800&auto=format&fit=crop&q=80
179,Kanipakam Varasiddhi Vinayaka Temple,Andhra Pradesh,attraction,22.5849,78.9581,budget,4.5,3739,"Kanipakam Varasiddhi Vinayaka Temple is an authentic attraction destination located in ,  district of Andhra Pradesh. Celebrated for its regional significance and unique ambiance, it offers travelers an immersive experience in the culture, scenic beauty, and heritage of Andhra Pradesh.",Oct-Mar,https://images.unsplash.com/photo-1567157577867-05ccb1388e66?w=800&auto=format&fit=crop&q=80
180,Thimmamma Marrimanu (World's Largest Banyan Canopy),Andhra Pradesh,attraction,22.5793,78.9701,budget,4.0,469,"Thimmamma Marrimanu (World's Largest Banyan Canopy) is an authentic attraction destination located in ,  district of Andhra Pradesh. Celebrated for its regional significance and unique ambiance, it offers travelers an immersive experience in the culture, scenic beauty, and heritage of Andhra Pradesh.",Oct-Feb,https://images.unsplash.com/photo-1518709268805-4e9042af9f23?w=800&auto=format&fit=crop&q=80
181,Gooty Fort (Historic Rammurthy Hill Fortress),Andhra Pradesh,attraction,22.6057,78.9845,mid,4.6,5967,"Gooty Fort (Historic Rammurthy Hill Fortress) is an authentic attraction destination located in ,  district of Andhra Pradesh. Celebrated for its regional significance and unique ambiance, it offers travelers an immersive experience in the culture, scenic beauty, and heritage of Andhra Pradesh.",Oct-Feb,https://images.unsplash.com/photo-1590766940554-634a7ed41450?w=800&auto=format&fit=crop&q=80
182,Penukonda Fort & Gagan Mahal Palace,Andhra Pradesh,attraction,22.5953,78.9429,mid,4.2,506,"Penukonda Fort & Gagan Mahal Palace is an authentic attraction destination located in ,  district of Andhra Pradesh. Celebrated for its regional significance and unique ambiance, it offers travelers an immersive experience in the culture, scenic beauty, and heritage of Andhra Pradesh.",Oct-Feb,https://images.unsplash.com/photo-1599661046289-e31897846e41?w=800&auto=format&fit=crop&q=80
183,Tadipatri Chintala Venkataramana Temple (Vijayanagara Stone Art),Andhra Pradesh,attraction,22.6169,78.9237,budget,4.2,3210,"Tadipatri Chintala Venkataramana Temple (Vijayanagara Stone Art) is an authentic attraction destination located in ,  district of Andhra Pradesh. Celebrated for its regional significance and unique ambiance, it offers travelers an immersive experience in the culture, scenic beauty, and heritage of Andhra Pradesh.",Oct-Mar,https://images.unsplash.com/photo-1506744038136-46273834b3fb?w=800&auto=format&fit=crop&q=80
184,Bugga Ramalingeswara Temple (Perennial Underground Spring),Andhra Pradesh,attraction,22.6001,78.9845,budget,4.4,965,"Bugga Ramalingeswara Temple (Perennial Underground Spring) is an authentic attraction destination located in ,  district of Andhra Pradesh. Celebrated for its regional significance and unique ambiance, it offers travelers an immersive experience in the culture, scenic beauty, and heritage of Andhra Pradesh.",Oct-Mar,https://images.unsplash.com/photo-1582510003544-4d00b7f74220?w=800&auto=format&fit=crop&q=80
185,Prashanthi Nilayam (Sathya Sai Ashram),Andhra Pradesh,attraction,22.5953,78.9789,budget,4.2,638,"Prashanthi Nilayam (Sathya Sai Ashram) is an authentic attraction destination located in ,  district of Andhra Pradesh. Celebrated for its regional significance and unique ambiance, it offers travelers an immersive experience in the culture, scenic beauty, and heritage of Andhra Pradesh.",Oct-Feb,https://images.unsplash.com/photo-1544717305-2782549b5136?w=800&auto=format&fit=crop&q=80
186,Kadiri Lakshmi Narasimha Swamy Temple,Andhra Pradesh,attraction,22.5777,78.9549,budget,4.3,1656,"Kadiri Lakshmi Narasimha Swamy Temple is an authentic attraction destination located in ,  district of Andhra Pradesh. Celebrated for its regional significance and unique ambiance, it offers travelers an immersive experience in the culture, scenic beauty, and heritage of Andhra Pradesh.",Oct-Mar,https://images.unsplash.com/photo-1609766857041-ed402ea8069a?w=800&auto=format&fit=crop&q=80
187,Horsley Hills (Ooty of Andhra Pradesh),Andhra Pradesh,attraction,22.6241,78.9333,budget,4.6,1272,"Horsley Hills (Ooty of Andhra Pradesh) is an authentic attraction destination located in ,  district of Andhra Pradesh. Celebrated for its regional significance and unique ambiance, it offers travelers an immersive experience in the culture, scenic beauty, and heritage of Andhra Pradesh.",Oct-Feb,https://images.unsplash.com/photo-1464822759023-fed622ff2c3b?w=800&auto=format&fit=crop&q=80
188,Gurramkonda Fort & Rangin Mahal,Andhra Pradesh,attraction,22.6081,78.9685,mid,4.6,8710,"Gurramkonda Fort & Rangin Mahal is an authentic attraction destination located in ,  district of Andhra Pradesh. Celebrated for its regional significance and unique ambiance, it offers travelers an immersive experience in the culture, scenic beauty, and heritage of Andhra Pradesh.",Oct-Feb,https://images.unsplash.com/photo-1590766940554-634a7ed41450?w=800&auto=format&fit=crop&q=80
189,Nagalapuram Waterfalls & Trek,Andhra Pradesh,attraction,22.6145,78.9589,budget,4.4,2522,"Nagalapuram Waterfalls & Trek is an authentic attraction destination located in ,  district of Andhra Pradesh. Celebrated for its regional significance and unique ambiance, it offers travelers an immersive experience in the culture, scenic beauty, and heritage of Andhra Pradesh.",Jul-Oct,https://images.unsplash.com/photo-1432405972618-c60b0225b8f9?w=800&auto=format&fit=crop&q=80
190,Tada Falls (Ubbalamadugu Waterfalls),Andhra Pradesh,attraction,22.6113,78.9469,budget,4.1,1001,"Tada Falls (Ubbalamadugu Waterfalls) is an authentic attraction destination located in ,  district of Andhra Pradesh. Celebrated for its regional significance and unique ambiance, it offers travelers an immersive experience in the culture, scenic beauty, and heritage of Andhra Pradesh.",Jul-Oct,https://images.unsplash.com/photo-1432405972618-c60b0225b8f9?w=800&auto=format&fit=crop&q=80
191,Kailasakona Waterfalls & Perennial Spring,Andhra Pradesh,attraction,22.6305,78.9437,budget,4.4,2606,"Kailasakona Waterfalls & Perennial Spring is an authentic attraction destination located in ,  district of Andhra Pradesh. Celebrated for its regional significance and unique ambiance, it offers travelers an immersive experience in the culture, scenic beauty, and heritage of Andhra Pradesh.",Jul-Oct,https://images.unsplash.com/photo-1432405972618-c60b0225b8f9?w=800&auto=format&fit=crop&q=80
192,Gandikota Fort & Grand Canyon of India (Pennar Gorge),Andhra Pradesh,attraction,22.6297,78.9741,mid,4.4,1177,"Gandikota Fort & Grand Canyon of India (Pennar Gorge) is an authentic attraction destination located in ,  district of Andhra Pradesh. Celebrated for its regional significance and unique ambiance, it offers travelers an immersive experience in the culture, scenic beauty, and heritage of Andhra Pradesh.",Oct-Feb,https://images.unsplash.com/photo-1585123388867-3bfe6dd4bdbf?w=800&auto=format&fit=crop&q=80
193,Vontimitta Kodandarama Swamy Temple (Ekasila Nagaram),Andhra Pradesh,attraction,22.5657,78.9725,budget,4.6,9001,"Vontimitta Kodandarama Swamy Temple (Ekasila Nagaram) is an authentic attraction destination located in ,  district of Andhra Pradesh. Celebrated for its regional significance and unique ambiance, it offers travelers an immersive experience in the culture, scenic beauty, and heritage of Andhra Pradesh.",Oct-Mar,https://images.unsplash.com/photo-1567157577867-05ccb1388e66?w=800&auto=format&fit=crop&q=80
194,Ameen Peer Dargah (Asthana-e-Maghoot / Pedda Dargah),Andhra Pradesh,attraction,22.6161,78.9765,budget,4.0,724,"Ameen Peer Dargah (Asthana-e-Maghoot / Pedda Dargah) is an authentic attraction destination located in ,  district of Andhra Pradesh. Celebrated for its regional significance and unique ambiance, it offers travelers an immersive experience in the culture, scenic beauty, and heritage of Andhra Pradesh.",Oct-Feb,https://images.unsplash.com/photo-1518709268805-4e9042af9f23?w=800&auto=format&fit=crop&q=80
195,Pushpagiri Temple Complex & Hill (Second Kashi of South),Andhra Pradesh,attraction,22.6289,78.9301,budget,4.7,9016,"Pushpagiri Temple Complex & Hill (Second Kashi of South) is an authentic attraction destination located in ,  district of Andhra Pradesh. Celebrated for its regional significance and unique ambiance, it offers travelers an immersive experience in the culture, scenic beauty, and heritage of Andhra Pradesh.",Oct-Mar,https://images.unsplash.com/photo-1506197603052-3cc9c3a201bd?w=800&auto=format&fit=crop&q=80
196,Siddhavatam Fort on Pennar River,Andhra Pradesh,attraction,22.6113,78.9749,mid,4.3,2401,"Siddhavatam Fort on Pennar River is an authentic attraction destination located in ,  district of Andhra Pradesh. Celebrated for its regional significance and unique ambiance, it offers travelers an immersive experience in the culture, scenic beauty, and heritage of Andhra Pradesh.",Oct-Feb,https://images.unsplash.com/photo-1590766940554-634a7ed41450?w=800&auto=format&fit=crop&q=80
197,Yaganti Uma Maheshwara Temple (Growing Nandi Idol),Andhra Pradesh,attraction,22.6073,78.9605,budget,4.7,5142,"Yaganti Uma Maheshwara Temple (Growing Nandi Idol) is an authentic attraction destination located in ,  district of Andhra Pradesh. Celebrated for its regional significance and unique ambiance, it offers travelers an immersive experience in the culture, scenic beauty, and heritage of Andhra Pradesh.",Oct-Mar,https://images.unsplash.com/photo-1544717305-2782549b5136?w=800&auto=format&fit=crop&q=80
198,Belum Caves (Longest Subterranean Cave System in Indian Plains),Andhra Pradesh,attraction,22.5745,78.9429,budget,4.7,3940,"Belum Caves (Longest Subterranean Cave System in Indian Plains) is an authentic attraction destination located in ,  district of Andhra Pradesh. Celebrated for its regional significance and unique ambiance, it offers travelers an immersive experience in the culture, scenic beauty, and heritage of Andhra Pradesh.",Oct-Feb,https://images.unsplash.com/photo-1518709268805-4e9042af9f23?w=800&auto=format&fit=crop&q=80
199,Ahobilam (Nava Narasimha Sacred Hills & Forest Shrines),Andhra Pradesh,attraction,22.6177,78.9293,budget,4.1,1062,"Ahobilam (Nava Narasimha Sacred Hills & Forest Shrines) is an authentic attraction destination located in ,  district of Andhra Pradesh. Celebrated for its regional significance and unique ambiance, it offers travelers an immersive experience in the culture, scenic beauty, and heritage of Andhra Pradesh.",Oct-Feb,https://images.unsplash.com/photo-1519681393784-d120267933ba?w=800&auto=format&fit=crop&q=80
200,Konda Reddy Buruju (Historic Kurnool Fortress Bastion),Andhra Pradesh,attraction,22.5593,78.9541,mid,4.5,5400,"Konda Reddy Buruju (Historic Kurnool Fortress Bastion) is an authentic attraction destination located in ,  district of Andhra Pradesh. Celebrated for its regional significance and unique ambiance, it offers travelers an immersive experience in the culture, scenic beauty, and heritage of Andhra Pradesh.",Oct-Feb,https://images.unsplash.com/photo-1599661046289-e31897846e41?w=800&auto=format&fit=crop&q=80
201,Rollapadu Wildlife Sanctuary (Great Indian Bustard Habitat),Andhra Pradesh,attraction,22.5673,78.9749,budget,4.3,2131,"Rollapadu Wildlife Sanctuary (Great Indian Bustard Habitat) is an authentic attraction destination located in ,  district of Andhra Pradesh. Celebrated for its regional significance and unique ambiance, it offers travelers an immersive experience in the culture, scenic beauty, and heritage of Andhra Pradesh.",Oct-Feb,https://images.unsplash.com/photo-1549366021-9f761d450615?w=800&auto=format&fit=crop&q=80
202,Mahanandi Temple & Sacred Crystal Springs,Andhra Pradesh,attraction,22.6153,78.9709,budget,4.5,2574,"Mahanandi Temple & Sacred Crystal Springs is an authentic attraction destination located in ,  district of Andhra Pradesh. Celebrated for its regional significance and unique ambiance, it offers travelers an immersive experience in the culture, scenic beauty, and heritage of Andhra Pradesh.",Oct-Mar,https://images.unsplash.com/photo-1439066615861-d1af74d74000?w=800&auto=format&fit=crop&q=80
203,Arasavalli Sun Temple (Ancient Surya Shrine of Kalinga),Andhra Pradesh,attraction,22.6201,78.9877,budget,4.0,430,"Arasavalli Sun Temple (Ancient Surya Shrine of Kalinga) is an authentic attraction destination located in ,  district of Andhra Pradesh. Celebrated for its regional significance and unique ambiance, it offers travelers an immersive experience in the culture, scenic beauty, and heritage of Andhra Pradesh.",Oct-Mar,https://images.unsplash.com/photo-1582510003544-4d00b7f74220?w=800&auto=format&fit=crop&q=80
204,Srimukhalingam Temple (7th-century Kalinga Stone Architecture),Andhra Pradesh,attraction,22.6233,78.9605,budget,4.0,636,"Srimukhalingam Temple (7th-century Kalinga Stone Architecture) is an authentic attraction destination located in ,  district of Andhra Pradesh. Celebrated for its regional significance and unique ambiance, it offers travelers an immersive experience in the culture, scenic beauty, and heritage of Andhra Pradesh.",Oct-Mar,https://images.unsplash.com/photo-1544717305-2782549b5136?w=800&auto=format&fit=crop&q=80
205,Kalingapatnam Beach & Colonial Lighthouse,Andhra Pradesh,attraction,22.5577,78.9229,budget,4.2,3024,"Kalingapatnam Beach & Colonial Lighthouse is an authentic attraction destination located in ,  district of Andhra Pradesh. Celebrated for its regional significance and unique ambiance, it offers travelers an immersive experience in the culture, scenic beauty, and heritage of Andhra Pradesh.",Oct-Feb,https://images.unsplash.com/photo-1507525428034-b723cf961d3e?w=800&auto=format&fit=crop&q=80
206,Salihundam Buddhist Stupa & Relic Mound on Vamsadhara,Andhra Pradesh,attraction,22.5697,78.9365,budget,4.3,2983,"Salihundam Buddhist Stupa & Relic Mound on Vamsadhara is an authentic attraction destination located in ,  district of Andhra Pradesh. Celebrated for its regional significance and unique ambiance, it offers travelers an immersive experience in the culture, scenic beauty, and heritage of Andhra Pradesh.",Oct-Feb,https://images.unsplash.com/photo-1506744038136-46273834b3fb?w=800&auto=format&fit=crop&q=80
207,Draksharamam Bhimeswara Swamy Temple (Pancharama Kshetra),Andhra Pradesh,attraction,22.6313,78.9709,budget,4.6,4316,"Draksharamam Bhimeswara Swamy Temple (Pancharama Kshetra) is an authentic attraction destination located in ,  district of Andhra Pradesh. Celebrated for its regional significance and unique ambiance, it offers travelers an immersive experience in the culture, scenic beauty, and heritage of Andhra Pradesh.",Oct-Mar,https://images.unsplash.com/photo-1567157577867-05ccb1388e66?w=800&auto=format&fit=crop&q=80
208,Antarvedi Lakshmi Narasimha Swamy Temple & Sagara Sangam,Andhra Pradesh,attraction,22.6065,78.9597,budget,4.7,5177,"Antarvedi Lakshmi Narasimha Swamy Temple & Sagara Sangam is an authentic attraction destination located in ,  district of Andhra Pradesh. Celebrated for its regional significance and unique ambiance, it offers travelers an immersive experience in the culture, scenic beauty, and heritage of Andhra Pradesh.",Oct-Mar,https://images.unsplash.com/photo-1501785888041-af3ef285b470?w=800&auto=format&fit=crop&q=80
209,Annavaram Veera Venkata Satyanarayana Swamy Temple,Andhra Pradesh,attraction,22.5625,78.9389,budget,4.0,917,"Annavaram Veera Venkata Satyanarayana Swamy Temple is an authentic attraction destination located in ,  district of Andhra Pradesh. Celebrated for its regional significance and unique ambiance, it offers travelers an immersive experience in the culture, scenic beauty, and heritage of Andhra Pradesh.",Oct-Mar,https://images.unsplash.com/photo-1518709268805-4e9042af9f23?w=800&auto=format&fit=crop&q=80
210,Coringa Wildlife Sanctuary & Mangrove Boardwalk,Andhra Pradesh,attraction,22.5673,78.9837,budget,4.7,4872,"Coringa Wildlife Sanctuary & Mangrove Boardwalk is an authentic attraction destination located in ,  district of Andhra Pradesh. Celebrated for its regional significance and unique ambiance, it offers travelers an immersive experience in the culture, scenic beauty, and heritage of Andhra Pradesh.",Oct-Feb,https://images.unsplash.com/photo-1575550959106-5a7defe28b56?w=800&auto=format&fit=crop&q=80
211,Hope Island & Kakinada Bay Eco-Beach,Andhra Pradesh,attraction,22.6241,78.9781,budget,4.4,1108,"Hope Island & Kakinada Bay Eco-Beach is an authentic attraction destination located in ,  district of Andhra Pradesh. Celebrated for its regional significance and unique ambiance, it offers travelers an immersive experience in the culture, scenic beauty, and heritage of Andhra Pradesh.",Oct-Feb,https://images.unsplash.com/photo-1507525428034-b723cf961d3e?w=800&auto=format&fit=crop&q=80
212,Dwaraka Tirumala (Chinna Tirupati Temple),Andhra Pradesh,hotel,22.5721,78.9821,budget,4.3,1393,"Dwaraka Tirumala (Chinna Tirupati Temple) is an authentic hotel destination located in ,  district of Andhra Pradesh. Celebrated for its regional significance and unique ambiance, it offers travelers an immersive experience in the culture, scenic beauty, and heritage of Andhra Pradesh.",Oct-Mar,https://images.unsplash.com/photo-1542314831-068cd1dbfeeb?w=800&auto=format&fit=crop&q=80
213,Kolleru Lake & Atapaka Bird Sanctuary (Pelican Paradise),Andhra Pradesh,attraction,22.5929,78.9829,budget,4.5,5673,"Kolleru Lake & Atapaka Bird Sanctuary (Pelican Paradise) is an authentic attraction destination located in ,  district of Andhra Pradesh. Celebrated for its regional significance and unique ambiance, it offers travelers an immersive experience in the culture, scenic beauty, and heritage of Andhra Pradesh.",Oct-Feb,https://images.unsplash.com/photo-1501785888041-af3ef285b470?w=800&auto=format&fit=crop&q=80
214,Guntupalli Buddhist Rock-Cut Caves & Monolithic Stupas,Andhra Pradesh,attraction,22.5777,78.9685,budget,4.5,8956,"Guntupalli Buddhist Rock-Cut Caves & Monolithic Stupas is an authentic attraction destination located in ,  district of Andhra Pradesh. Celebrated for its regional significance and unique ambiance, it offers travelers an immersive experience in the culture, scenic beauty, and heritage of Andhra Pradesh.",Oct-Feb,https://images.unsplash.com/photo-1544735716-392fe2489ffa?w=800&auto=format&fit=crop&q=80
215,Mypadu Beach & Coastal Promenade,Andhra Pradesh,attraction,22.6241,78.9869,budget,4.7,8716,"Mypadu Beach & Coastal Promenade is an authentic attraction destination located in ,  district of Andhra Pradesh. Celebrated for its regional significance and unique ambiance, it offers travelers an immersive experience in the culture, scenic beauty, and heritage of Andhra Pradesh.",Oct-Feb,https://images.unsplash.com/photo-1509233725247-49e657c54213?w=800&auto=format&fit=crop&q=80
216,Udayagiri Fort & Sanjeevani Hill,Andhra Pradesh,attraction,22.6289,78.9285,mid,4.7,6317,"Udayagiri Fort & Sanjeevani Hill is an authentic attraction destination located in ,  district of Andhra Pradesh. Celebrated for its regional significance and unique ambiance, it offers travelers an immersive experience in the culture, scenic beauty, and heritage of Andhra Pradesh.",Oct-Feb,https://images.unsplash.com/photo-1585123388867-3bfe6dd4bdbf?w=800&auto=format&fit=crop&q=80
217,Pulicat Lake Bird Sanctuary & Flamingo Lagoon,Andhra Pradesh,attraction,22.6009,78.9749,budget,4.6,3448,"Pulicat Lake Bird Sanctuary & Flamingo Lagoon is an authentic attraction destination located in ,  district of Andhra Pradesh. Celebrated for its regional significance and unique ambiance, it offers travelers an immersive experience in the culture, scenic beauty, and heritage of Andhra Pradesh.",Oct-Feb,https://images.unsplash.com/photo-1501785888041-af3ef285b470?w=800&auto=format&fit=crop&q=80
218,Nelapattu Bird Sanctuary (Grey Pelican Breeding Ground),Andhra Pradesh,attraction,22.5809,78.9285,budget,4.1,612,"Nelapattu Bird Sanctuary (Grey Pelican Breeding Ground) is an authentic attraction destination located in ,  district of Andhra Pradesh. Celebrated for its regional significance and unique ambiance, it offers travelers an immersive experience in the culture, scenic beauty, and heritage of Andhra Pradesh.",Oct-Feb,https://images.unsplash.com/photo-1534188753412-3e26d0d618d6?w=800&auto=format&fit=crop&q=80
219,Borra Caves (Million-Year-Old Stalactite Formations in Ananthagiri),Andhra Pradesh,attraction,22.5585,78.9565,budget,4.5,4360,"Borra Caves (Million-Year-Old Stalactite Formations in Ananthagiri) is an authentic attraction destination located in ,  district of Andhra Pradesh. Celebrated for its regional significance and unique ambiance, it offers travelers an immersive experience in the culture, scenic beauty, and heritage of Andhra Pradesh.",Oct-Feb,https://images.unsplash.com/photo-1544644181-1484b3fdfc62?w=800&auto=format&fit=crop&q=80
220,Araku Valley Coffee Plantations & Tribal Museum,Andhra Pradesh,restaurant,22.5705,78.9381,mid,4.5,8735,"Araku Valley Coffee Plantations & Tribal Museum is an authentic restaurant destination located in ,  district of Andhra Pradesh. Celebrated for its regional significance and unique ambiance, it offers travelers an immersive experience in the culture, scenic beauty, and heritage of Andhra Pradesh.",Oct-Mar,https://images.unsplash.com/photo-1514933651103-005eec06c04b?w=800&auto=format&fit=crop&q=80
221,Katiki Waterfalls & Gosthani River Treks,Andhra Pradesh,attraction,22.6185,78.9821,budget,4.4,3434,"Katiki Waterfalls & Gosthani River Treks is an authentic attraction destination located in ,  district of Andhra Pradesh. Celebrated for its regional significance and unique ambiance, it offers travelers an immersive experience in the culture, scenic beauty, and heritage of Andhra Pradesh.",Jul-Oct,https://images.unsplash.com/photo-1432405972618-c60b0225b8f9?w=800&auto=format&fit=crop&q=80
222,INS Kursura Submarine Museum (RK Beach),Andhra Pradesh,attraction,22.6225,78.9789,mid,4.5,8262,"INS Kursura Submarine Museum (RK Beach) is an authentic attraction destination located in ,  district of Andhra Pradesh. Celebrated for its regional significance and unique ambiance, it offers travelers an immersive experience in the culture, scenic beauty, and heritage of Andhra Pradesh.",Oct-Mar,https://images.unsplash.com/photo-1512343879784-a960bf40e7f2?w=800&auto=format&fit=crop&q=80
223,TU 142 Aircraft Museum,Andhra Pradesh,attraction,22.6073,78.9245,mid,4.1,754,"TU 142 Aircraft Museum is an authentic attraction destination located in ,  district of Andhra Pradesh. Celebrated for its regional significance and unique ambiance, it offers travelers an immersive experience in the culture, scenic beauty, and heritage of Andhra Pradesh.",Oct-Mar,https://images.unsplash.com/photo-1544531586-fde5298cdd40?w=800&auto=format&fit=crop&q=80
224,Kailasagiri Hilltop Park & Sea-Facing Ropeway,Andhra Pradesh,attraction,22.5769,78.9869,budget,4.7,4543,"Kailasagiri Hilltop Park & Sea-Facing Ropeway is an authentic attraction destination located in ,  district of Andhra Pradesh. Celebrated for its regional significance and unique ambiance, it offers travelers an immersive experience in the culture, scenic beauty, and heritage of Andhra Pradesh.",Oct-Feb,https://images.unsplash.com/photo-1512343879784-a960bf40e7f2?w=800&auto=format&fit=crop&q=80
225,Rishikonda Beach (Blue Flag Certified Beach),Andhra Pradesh,attraction,22.6193,78.9373,budget,3.9,1193,"Rishikonda Beach (Blue Flag Certified Beach) is an authentic attraction destination located in ,  district of Andhra Pradesh. Celebrated for its regional significance and unique ambiance, it offers travelers an immersive experience in the culture, scenic beauty, and heritage of Andhra Pradesh.",Oct-Feb,https://images.unsplash.com/photo-1509233725247-49e657c54213?w=800&auto=format&fit=crop&q=80
226,Yarada Beach & Dolphin's Nose Lighthouse,Andhra Pradesh,attraction,22.6241,78.9413,budget,4.7,1515,"Yarada Beach & Dolphin's Nose Lighthouse is an authentic attraction destination located in ,  district of Andhra Pradesh. Celebrated for its regional significance and unique ambiance, it offers travelers an immersive experience in the culture, scenic beauty, and heritage of Andhra Pradesh.",Oct-Feb,https://images.unsplash.com/photo-1512343879784-a960bf40e7f2?w=800&auto=format&fit=crop&q=80
227,Simhachalam Varaha Lakshmi Narasimha Swamy Temple,Andhra Pradesh,attraction,22.6185,78.9277,budget,4.2,2969,"Simhachalam Varaha Lakshmi Narasimha Swamy Temple is an authentic attraction destination located in ,  district of Andhra Pradesh. Celebrated for its regional significance and unique ambiance, it offers travelers an immersive experience in the culture, scenic beauty, and heritage of Andhra Pradesh.",Oct-Mar,https://images.unsplash.com/photo-1544717305-2782549b5136?w=800&auto=format&fit=crop&q=80
228,Thotlakonda Buddhist Monastic Complex,Andhra Pradesh,attraction,22.6025,78.9957,budget,4.5,5302,"Thotlakonda Buddhist Monastic Complex is an authentic attraction destination located in ,  district of Andhra Pradesh. Celebrated for its regional significance and unique ambiance, it offers travelers an immersive experience in the culture, scenic beauty, and heritage of Andhra Pradesh.",Oct-Feb,https://images.unsplash.com/photo-1518495973542-4542c06a5843?w=800&auto=format&fit=crop&q=80
229,Bavikonda Buddhist Heritage Site,Andhra Pradesh,attraction,22.5937,78.9317,budget,4.2,1041,"Bavikonda Buddhist Heritage Site is an authentic attraction destination located in ,  district of Andhra Pradesh. Celebrated for its regional significance and unique ambiance, it offers travelers an immersive experience in the culture, scenic beauty, and heritage of Andhra Pradesh.",Oct-Feb,https://images.unsplash.com/photo-1544735716-392fe2489ffa?w=800&auto=format&fit=crop&q=80
