id,name,state,category,latitude,longitude,price_range,rating,review_count,description,best_season,image_url
6019,CommonWealth World War II Cemetry,Nagaland,attraction,25.667963,94.103578,budget,4.5,5670,"CommonWealth World War II Cemetry is a renowned cultural landmark situated in Kohima, Kohima district of Nagaland. The destination attracts visitors seeking authentic regional heritage, architectural grandeur, and picturesque surroundings. It plays an integral role in the cultural landscape and local tourism identity of the region.",Oct-Feb,https://images.unsplash.com/photo-1590050752117-238cb0fb12b1?w=800&auto=format&fit=crop&q=80
6020,Dzukou Point,Nagaland,attraction,25.570963,94.114359,budget,4.1,478,"Dzukou Point is a renowned nature landmark situated in Kohima, Kohima district of Nagaland. The destination attracts visitors seeking authentic regional heritage, architectural grandeur, and picturesque surroundings. It plays an integral role in the cultural landscape and local tourism identity of the region.",Oct-Feb,https://images.unsplash.com/photo-1567157577867-05ccb1388e66?w=800&auto=format&fit=crop&q=80
6021,Dzuleke,Nagaland,attraction,25.621313,93.956734,budget,4.7,8006,"Dzuleke is a renowned recreation landmark situated in Kohima, Kohima district of Nagaland. The destination attracts visitors seeking authentic regional heritage, architectural grandeur, and picturesque surroundings. It plays an integral role in the cultural landscape and local tourism identity of the region.",Oct-Feb,https://images.unsplash.com/photo-1544717305-2782549b5136?w=800&auto=format&fit=crop&q=80
6022,Kapamodzu Peak,Nagaland,attraction,25.532263,94.298297,budget,4.5,5786,"Kapamodzu Peak is a renowned nature landmark situated in Kohima, Kohima district of Nagaland. The destination attracts visitors seeking authentic regional heritage, architectural grandeur, and picturesque surroundings. It plays an integral role in the cultural landscape and local tourism identity of the region.",Oct-Feb,https://images.unsplash.com/photo-1486870591958-9b9d0d1dda99?w=800&auto=format&fit=crop&q=80
6023,Kohima Cathedral Church,Nagaland,attraction,25.652513,94.104578,budget,4.3,1453,"Kohima Cathedral Church is a renowned religious landmark situated in Kohima, Kohima district of Nagaland. The destination attracts visitors seeking authentic regional heritage, architectural grandeur, and picturesque surroundings. It plays an integral role in the cultural landscape and local tourism identity of the region.",Oct-Feb,https://images.unsplash.com/photo-1518709268805-4e9042af9f23?w=800&auto=format&fit=crop&q=80
6024,Kuozhu View Point,Nagaland,attraction,25.651612,94.103359,budget,4.2,2504,"Kuozhu View Point is a renowned nature landmark situated in Kohima, Kohima district of Nagaland. The destination attracts visitors seeking authentic regional heritage, architectural grandeur, and picturesque surroundings. It plays an integral role in the cultural landscape and local tourism identity of the region.",Oct-Feb,https://images.unsplash.com/photo-1544717305-2782549b5136?w=800&auto=format&fit=crop&q=80
6025,Bade Village Agri-Fringe & Bamboo Country Trails,Nagaland,attraction,25.821111,93.762222,budget,4.3,3205,"Situated on the peaceful agrarian fringe of Chümoukedima, Bade Village is an authentic rural settlement characterized by expansive bamboo plantations, traditional community fishing ponds, organic vegetable gardens, and unpaved country trails that weave past traditional Naga farmsteads.",Oct-Feb,https://images.unsplash.com/photo-1582510003544-4d00b7f74220?w=800&auto=format&fit=crop&q=80
6026,Chathe River Recreation & Picnic Retreats,Nagaland,hotel,25.833333,93.75,mid,4.9,20094,"Originating in the forested high ridges of the Barail mountain range and flowing through the foothill gorges of Chümoukedima before joining the Dhansiri River, the Chathe River is celebrated as the premier natural river recreation destination for residents and travelers in southern Dimapur, famous for its wide boulder-strewn pebble beds, clear cool mountain currents, tree-shaded banks, and scenic picnic spots near the Patkai bridge.",Oct-Feb,https://images.unsplash.com/photo-1566073771259-6a8506099945?w=800&auto=format&fit=crop&q=80
6027,Chümoukedima Old Fortified Village & Viewpoint,Nagaland,attraction,25.8,93.766667,mid,4.8,20007,"Perched atop a commanding hill spur overlooking the Patkai foothills and the Dimapur plains, recognized as the historic fortified hill village where the British established the first administrative headquarters of the Naga Hills District in 1877 under Lieutenant Gregory before shifting to Kohima, celebrated for its ancient stone defenses, traditional Angami gates, and an elevated viewpoint offering panoramic vistas across Dimapur and the Chathe River valley.",Oct-Feb,https://images.unsplash.com/photo-1590766940554-634a7ed41450?w=800&auto=format&fit=crop&q=80
6028,Diezephe Craft Village Chümoukedima,Nagaland,attraction,25.833333,93.733333,budget,4.9,24679,"Situated 13 km south of Dimapur in Chümoukedima district, established as a dedicated master craft village under the aegis of the Nagaland Handloom and Handicrafts Development Corporation (NHHDC) and North East Zone Cultural Centre, celebrated as a vibrant living workshop where Tenyimia master artisans hand-craft exquisite wooden sculptures, bamboo cane furniture, traditional Naga warrior spears, and intricate handloom shawls on backstrap loin looms.",Oct-Feb,https://images.unsplash.com/photo-1590050752117-238cb0fb12b1?w=800&auto=format&fit=crop&q=80
6029,Green Park Dimapur,Nagaland,attraction,25.85,93.75,budget,4.6,26141,"Sprawling across several acres near 5th Mile along the Dimapur-Kohima highway in Chümoukedima, Green Park is operated by the State Horticulture Department as a premier family recreational and botanical destination, featuring a scenic natural boating lake with pedal boats, ornamental floral greenhouses, shaded bamboo resting huts, children's amusement parks, and lush green lawns framed by whispering bamboo groves.",Oct-Feb,https://images.unsplash.com/photo-1584467735815-f778f274e296?w=800&auto=format&fit=crop&q=80
6030,Medziphema & Pineapple Plantation Country,Nagaland,attraction,25.75,93.85,budget,4.9,8784,"Situated in the gentle fertile foothills 28 km from Dimapur along NH-29, celebrated as the undisputed 'Pineapple Capital of Nagaland', where rolling hillocks are draped in extensive organic plantations of the prized Queen and Kew varieties of pineapple, renowned for their intense sweetness and low acidity, featuring agricultural research farms of Nagaland University (SASRD), roadside fresh fruit stalls, and agro-tourism trails.",Oct-Feb,https://images.unsplash.com/photo-1582510003544-4d00b7f74220?w=800&auto=format&fit=crop&q=80
6031,Molvom Pineapple Festival Grounds & Orchards,Nagaland,attraction,25.762222,93.811111,budget,4.6,8373,"Molvom is widely celebrated as the 'Pineapple Village of Nagaland', where rolling sub-tropical hill slopes are blanketed in vast terraced orchards of exceptionally sweet organic Kew pineapples. The village hosts the annual state Pineapple Festival, attracting visitors with orchard walks, fresh pineapple juice tastings, traditional folk dances, and agro-tourism homestays.",Oct-Feb,https://images.unsplash.com/photo-1518709268805-4e9042af9f23?w=800&auto=format&fit=crop&q=80
6032,Nagaland Bamboo Resource Centre (NBRC Chümoukedima),Nagaland,attraction,25.792222,93.784444,budget,4.4,16280,"Established by the Nagaland Bamboo Development Agency in Chümoukedima, the Nagaland Bamboo Resource Centre (NBRC) is an impressive cultural and technological campus showcasing innovative bamboo applications. The centre features striking bamboo pavilions, craft development workshops, bamboo charcoal production units, a living bamboo arboretum featuring dozens of indigenous species, and an artisan emporium selling fine woven baskets, furniture, and lifestyle products.",Oct-Feb,https://images.unsplash.com/photo-1518709268805-4e9042af9f23?w=800&auto=format&fit=crop&q=80
6033,Niathu Luxury Eco-Resort Chümoukedima,Nagaland,hotel,25.85,93.766667,luxury,4.9,12416,"Sprawling across 10 lushly landscaped acres along the rocky banks of the Chathe River in Chümoukedima 10 km from Dimapur, celebrated as the premier luxury eco-resort and country club in Nagaland, designed in authentic traditional Naga architecture using hand-carved local timber, bamboo, and thatch, featuring riverside stone promenade walkways, an Olympic-length swimming pool, state-of-the-art convention halls, and organic ethnic dining.",Oct-Feb,https://images.unsplash.com/photo-1566073771259-6a8506099945?w=800&auto=format&fit=crop&q=80
6034,North East Zone Cultural Centre (NEZCC) Dimapur,Nagaland,attraction,25.866667,93.75,budget,4.9,28211,"Situated along 7th Mile near Diphupar in Chümoukedima, established in 1986 under the Ministry of Culture, Government of India, celebrated as the federal cultural headquarters representing the rich indigenous artistic heritage of all eight northeastern states (Arunachal Pradesh, Assam, Manipur, Meghalaya, Mizoram, Nagaland, Sikkim, and Tripura), featuring an extensive Shilpgram open-air crafts village, life-sized replica huts of tribal groups, an art museum, and open-air performance auditoriums.",Oct-Feb,https://images.unsplash.com/photo-1621847468516-1ed5d0df56fe?w=800&auto=format&fit=crop&q=80
6035,Noune Mini Tourist Resort Chümoukedima,Nagaland,hotel,25.833333,93.766667,mid,4.9,7773,"Situated in a scenic valley basin near Seithekima along the Chathe River 14 km from Dimapur, celebrated as a premier leisure and water recreation getaway, centered around a 5-acre natural spring-fed lake equipped with pedal boats and angling decks, rustic timber tourist cottages perched on grassy mounds, open-air restaurants serving traditional Naga pork and smoked beef delicacies, and landscaped children's gardens.",Oct-Feb,https://images.unsplash.com/photo-1571896349842-33c89424de2d?w=800&auto=format&fit=crop&q=80
6036,Piphema Riverside Shallows & Pebble Banks,Nagaland,attraction,25.751111,93.852222,budget,4.2,2764,"Nestled in the sub-Himalayan foothills of Chümoukedima near Piphema along the historic highway corridor, this picturesque riverside landscape features crystal-clear mountain stream channels, natural rock pools, and wide pebbled banks shaded by subtropical bamboo canopies and wild fig trees.",Oct-Feb,https://images.unsplash.com/photo-1590050752117-238cb0fb12b1?w=800&auto=format&fit=crop&q=80
6037,Sovima Sports & Craft Village Chümoukedima,Nagaland,attraction,25.866667,93.766667,budget,4.9,19125,"Situated adjacent to 6th Mile in Chümoukedima 8 km from Dimapur, Sovima is a progressive model village celebrated as the premier sports and modern cultural capital of Nagaland, home to the Nagaland Cricket Association (NCA) Stadium (Nagaland's first first-class cricket stadium hosting Ranji Trophy matches), vibrant tribal handloom and bamboo workshops, youth music recording studios, and contemporary Naga cafes.",Oct-Feb,https://images.unsplash.com/photo-1609766857041-ed402ea8069a?w=800&auto=format&fit=crop&q=80
6038,Triple Falls Seithekima Chümoukedima,Nagaland,attraction,25.816667,93.783333,budget,4.9,12861,"Nestled in the lush, densely forested foothills of the Barail mountain range in Seithekima village 15 km from Dimapur, celebrated as one of Nagaland's most spectacular natural waterfalls, where a roaring mountain stream bifurcates into three parallel torrents plunging over steep black basalt rock cliffs into a natural sapphire pool below, highlighted in the Nagaland Tourism Policy as a premier monsoon and winter eco-tourism trekking destination.",Oct-Feb,https://images.unsplash.com/photo-1432405972618-c60b0225b8f9?w=800&auto=format&fit=crop&q=80
6039,Chekiye Ancestral Sumi Heritage Village,Nagaland,attraction,25.881111,93.763333,budget,3.9,749,"Chekiye is an ancestral Sumi Naga settlement located in Dimapur, established in the early 20th century under the visionary leadership of warrior chief Chekiye. The village preserves magnificent megalithic stone platforms, traditional wood-shingle chiefs' residences adorned with hornbill motifs, sacred clan meeting courtyards, and oral histories recounting early migrations from the central hills.",Oct-Feb,https://images.unsplash.com/photo-1567157577867-05ccb1388e66?w=800&auto=format&fit=crop&q=80
6040,Dhansiri River Waterfront Dimapur,Nagaland,attraction,25.916667,93.716667,budget,4.9,10048,"Originating in the southwestern high ranges of the Barail mountains and flowing gently through the Dimapur plain before entering the Brahmaputra in Assam, the Dhansiri River is the primary geographical lifeline of Dimapur, celebrated in medieval history as the royal river along which the Kachari kings established their fortified capital, featuring wide sandy banks, seasonal riverbed walking, and sunset vantage points near the Old Dhansiri Bridge.",Oct-Feb,https://images.unsplash.com/photo-1518709268805-4e9042af9f23?w=800&auto=format&fit=crop&q=80
6041,Diphupar Multi-Tribal Cultural Village,Nagaland,attraction,25.861111,93.753333,budget,4.6,10366,"Situated on the outskirts of Dimapur, Diphupar is a unique multi-tribal cultural settlement where sixteen indigenous Naga tribes live harmoniously in designated clan sectors. The village showcases traditional thatched wood-and-bamboo Morung bachelor dormitories, carved clan entrance pillars, indigenous handloom weaving centers, and vibrant cultural festivals celebrated throughout the year.",Oct-Feb,https://images.unsplash.com/photo-1567157577867-05ccb1388e66?w=800&auto=format&fit=crop&q=80
6042,Medieval Kachari Kingdom Ruins Dimapur,Nagaland,attraction,25.908333,93.725,budget,4.7,6184,"Situated in the historic Rajbari area of Dimapur along the Dhansiri River, recognized as the capital citadel of the medieval Kachari (Dimasa) Kingdom prior to the 1536 Ahom invasion, protected by the Archaeological Survey of India (ASI), world-famous for its extraordinary avenue of colossal mushroom-shaped sandstone monoliths (V-pillars and lingams carved with reliefs of elephants, deer, peacocks, and floral rosettes), brick gateways, and monumental royal ponds.",Oct-Feb,https://images.unsplash.com/photo-1590050752117-238cb0fb12b1?w=800&auto=format&fit=crop&q=80
6043,Nagaland Science Centre & Agri-Expo Dimapur,Nagaland,attraction,25.9,93.733333,budget,4.9,11593,"Situated behind the Dimapur Municipal Council complex and adjacent to the expansive 4th Mile Agri-Expo grounds, the Nagaland Science Centre is the state's premier science communication and interactive learning institution, developed by the Department of Science and Technology in collaboration with the National Council of Science Museums, featuring experiential galleries on 'Our Transport', 'Fun Science', a high-definition Taramandal inflatable planetarium, and an outdoor Science Park.",Oct-Feb,https://images.unsplash.com/photo-1518709268805-4e9042af9f23?w=800&auto=format&fit=crop&q=80
6044,Rangapahar Reserve Forest & Dimapur Zoological Park,Nagaland,attraction,25.866667,93.7,mid,4.7,19596,"Sprawling across 400 acres in the Rangapahar forest reserve on the outskirts of Dimapur, recognized as the premier zoological and biodiversity conservation center of Nagaland, established in 2008 by the Department of Environment, Forests and Climate Change, housing a rich variety of indigenous and endangered Northeast fauna in large natural open enclosures, including the Hoolock Gibbon, Clouded Leopard, Bengal Tiger, Himalayan Black Bear, Blyth's Tragopan, and Great Indian Hornbill.",Oct-Feb,https://images.unsplash.com/photo-1575550959106-5a7defe28b56?w=800&auto=format&fit=crop&q=80
6045,Seitheke Basa Riverbed Picnic Shallows,Nagaland,attraction,25.811111,93.791111,budget,4.6,3372,"Flowing gently near the village of Seitheke Basa on the southern rural fringe of Dimapur, this pristine mountain river stretch is characterized by broad gravel flats, clear rippling shallows, and lush bankside bamboo groves. The spot is a favorite weekend retreat for local families seeking peaceful riverside outdoor cooking, freshwater wading, and casual angling.",Oct-Feb,https://images.unsplash.com/photo-1567157577867-05ccb1388e66?w=800&auto=format&fit=crop&q=80
6046,State Sericulture Farm & Silk Weaving Centre Dimapur,Nagaland,attraction,25.892222,93.731111,budget,3.9,268,"Operated by the Nagaland Sericulture Department on the verdant outskirts of Dimapur, this sprawling agro-ecological farm is dedicated to the traditional cultivation of Mulberry, Eri, and Muga silkworms. Shaded by expansive mulberry orchards and water lily ponds, the farm provides visitors with fascinating demonstrations of the full sericulture cycle, from silkworm rearing to manual cocoon boiling, thread reeling, and handloom silk weaving.",Oct-Feb,https://images.unsplash.com/photo-1590050752117-238cb0fb12b1?w=800&auto=format&fit=crop&q=80
6047,Thahekhu Model Village Dimapur,Nagaland,attraction,25.883333,93.716667,budget,4.9,20599,"Situated in the southwestern suburbs of Dimapur along the banks of the Dhansiri River, Thahekhu is celebrated as the oldest and largest Sümi Naga village established in the plains, founded in the early 20th century by legendary pioneer chief Thahekhu Sema, renowned for its monumental traditional wooden morung, ancestral stone gate memorials, and as the host of the grand post-harvest Ahuna Festival (celebrating the cooking of newly harvested rice inside fresh bamboo tubes over open fires).",Oct-Feb,https://images.unsplash.com/photo-1544717305-2782549b5136?w=800&auto=format&fit=crop&q=80
6048,Fakim Wildlife Sanctuary & Saramati Slopes,Nagaland,attraction,25.75,95.016667,budget,4.8,5663,"Spanning 6.42 square kilometers across the steep eastern slopes of the Saramati range bordering Myanmar in Pungro subdivision of Kiphire district, established in 1983 by the Department of Forests, recognized as one of the most biodiversity-rich high-altitude sanctuaries in eastern India, enveloped in heavy tropical and temperate cloud rainforests, famous as a pristine habitat for the Blyth's Tragopan, Clouded Leopard, Hoolock Gibbon, Leopard Cat, Barking Deer, and rare medicinal plants.",Oct-Feb,https://images.unsplash.com/photo-1549366021-9f761d450615?w=800&auto=format&fit=crop&q=80
6049,Kiphire,Nagaland,attraction,25.81171,94.8474,budget,4.1,1315,"Kiphire, situated in the easternmost part of Nagaland, is a haven for trekkers and adventure enthusiasts. The district is home to the stunning Saramati Mountain, the highest peak in Nagaland, which offers breathtaking views and a challenging trek. The region's unique topography, with its rolling hills, sparkling rivers, and lush forests, makes it an ideal destination for nature lovers and those seeking an adrenaline rush. The local inhabitants, the Yimchunger and Sangtam tribes, add to the rich cultural heritage of the area, with their distinct customs, traditions, and warm hospitality. As a trek category destination, Kiphire offers a range of experiences, from leisurely strolls through picturesque villages to grueling climbs up towering mountains, catering to diverse interests and fitness levels.",Oct-Feb,https://images.unsplash.com/photo-1621847468516-1ed5d0df56fe?w=800&auto=format&fit=crop&q=80
6050,Laruri & Mimi Ancient Pot-Burial Sites,Nagaland,attraction,25.65,94.9,budget,3.9,1086,"Situated across the mountain ridges between Laruri and Mimi villages in the southeastern frontier of Kiphire and Meluri, celebrated by anthropologists as an extraordinary archaeological landscape of ancient mortuary traditions, where prehistoric and early medieval communities buried cremated remains and grave goods inside colossal earthen pots and stone cists placed in rock crevices, representing a unique mortuary culture distinct from other Naga burial customs.",Oct-Feb,https://images.unsplash.com/photo-1567157577867-05ccb1388e66?w=800&auto=format&fit=crop&q=80
6051,Mihki (River of Salt) & Sacred Brine Springs,Nagaland,attraction,25.891111,94.752222,budget,4.2,1758,"Known revered in local Sangtam dialect as Mihki ('The River of Salt'), this natural saline stream flows through an untouched valley near Phelungre village. For generations before the advent of commercial sea salt, indigenous villagers panned and boiled these high-saline mineral waters over earthen hearths to cast cylindrical salt cakes that served as precious currency and trade commodities across eastern Nagaland.",Oct-Feb,https://images.unsplash.com/photo-1582510003544-4d00b7f74220?w=800&auto=format&fit=crop&q=80
6052,Mimi Prehistoric Karst Caves & Rock Shelters,Nagaland,attraction,25.683333,94.916667,budget,4.9,26496,"Situated in the rugged limestone hills around Mimi village in Pungro subdivision near the international border with Myanmar, celebrated by speleologists and archaeologists as Nagaland's most extensive natural subterranean karst cave system, featuring dramatic caverns adorned with colossal calcified stalactites, stalagmites, and subterranean stream chambers (including the famous Puvil cave), documented in state archaeological surveys as ancient human rock shelters and bat sanctuaries.",Oct-Feb,https://images.unsplash.com/photo-1518709268805-4e9042af9f23?w=800&auto=format&fit=crop&q=80
6053,Mount Saramati (Saramati Peak) - Nagaland's Highest Summit,Nagaland,attraction,25.733333,95.033333,budget,4.9,28138,"Rising majestically to an altitude of 3,841 meters (12,602 feet) on the international frontier between India and Myanmar in Kiphire district, celebrated as the highest mountain peak and undisputed roof of Nagaland, featuring snow-clad winter ridges, a sharp triangular alpine summit, sub-alpine meadows carpeted with wild gentians and edelweiss, and a legendary 2-day wilderness trek commencing from the base camp village of Thanamir through virgin rhododendron and birch forests.",Oct-Feb,https://images.unsplash.com/photo-1486870591958-9b9d0d1dda99?w=800&auto=format&fit=crop&q=80
6054,Ningthsalong Stone Monolith & Ancient Sangtam Houses,Nagaland,attraction,25.871111,94.712222,budget,4.2,497,"Located in the historic village of Sangphure in Kiphire, the Ningthsalong Stone Monolith is a massive ancestral standing menhir erected centuries ago during customary Feast of Merit ceremonies. The village is also celebrated for preserving rare, traditional Sangtam stone-built residences with dry-stone masonry, heavy timber lintels, and customary warrior clan courtyards.",Oct-Feb,https://images.unsplash.com/photo-1590050752117-238cb0fb12b1?w=800&auto=format&fit=crop&q=80
6055,Pungro Town & Saramati Adventure Foothills,Nagaland,attraction,25.75,94.9,budget,4.4,25792,"Perched on a commanding mountain ridge 50 km east of Kiphire town at an altitude of 1,500 meters, Pungro is a bustling sub-divisional hill station serving as the essential adventure gateway to Mount Saramati, Thanamir apple village, Fakim Wildlife Sanctuary, and the Mimi caves, celebrated for its vibrant Yimkhiung Naga tribal heritage, sweeping vistas of the snow-peaked Saramati massif on the eastern skyline, and lively weekly markets.",Oct-Feb,https://images.unsplash.com/photo-1486870591958-9b9d0d1dda99?w=800&auto=format&fit=crop&q=80
6056,Salomi Natural Limestone Caves & Likimro Tunnels,Nagaland,attraction,25.821111,94.853333,budget,3.9,1067,"Hidden deep in the forested limestone hills near Salomi village, this extensive karst cavern system consists of subterranean tunnels, natural ventilation shafts, and dramatic stalactite chambers that wind toward the Likimro River basin. Steeped in ancestral folklore, the caves were historically used by Yimkhiung and Sangtam warriors as emergency hideouts and shelters.",Oct-Feb,https://images.unsplash.com/photo-1518709268805-4e9042af9f23?w=800&auto=format&fit=crop&q=80
6057,Mount Saramati (Highest Peak in Nagaland 3841m),Nagaland,attraction,22.6049,78.9381,budget,4.0,234,"Mount Saramati (Highest Peak in Nagaland 3841m) is an authentic attraction destination located in ,  district of Nagaland. Celebrated for its regional significance and unique ambiance, it offers travelers an immersive experience in the culture, scenic beauty, and heritage of Nagaland.",Oct-Feb,https://images.unsplash.com/photo-1519681393784-d120267933ba?w=800&auto=format&fit=crop&q=80
6058,Sukhayap Rock Cliff & Bamboo Ladder Trail,Nagaland,attraction,25.852222,94.781111,budget,4.7,6067,"Perched dramatically above the rugged valleys of southern Kiphire, Sukhayap Rock Cliff is a breathtaking geological escarpment characterized by vertical granite walls and panoramic mountain drop-offs. Intrepid hikers scale the sheer rock faces using traditional cliffside bamboo ladders engineered by local villagers, leading to a summit lookout that offers awe-inspiring views of the Saramati mountain range.",Oct-Feb,https://images.unsplash.com/photo-1544717305-2782549b5136?w=800&auto=format&fit=crop&q=80
6059,Thanamir Village & Apple Orchards,Nagaland,attraction,25.716667,94.983333,budget,4.8,9461,"Perched at an elevation of 2,100 meters at the western base of Mount Saramati in Kiphire district near the Myanmar border, Thanamir is an extraordinary Yimkhiung tribal settlement celebrated across India as the 'Apple Village of Nagaland', where nearly every household cultivates crisp, juicy organic mountain apples introduced in the 1980s, host to the famous annual Thanamir Apple Festival in September, and serving as the primary logistics base camp for the Saramati summit trek.",Oct-Feb,https://images.unsplash.com/photo-1544717305-2782549b5136?w=800&auto=format&fit=crop&q=80
6060,Wawade Waterfall & Forest Cascade Kiphire,Nagaland,attraction,25.912222,94.793333,budget,4.6,6357,"Rushing down the steep forested mountain gorges of central Kiphire, Wawade Waterfall is a breathtaking multi-tiered natural cascade where torrents of mountain water crash over towering granite rock shelves into a deep, crystal-clear jade-green plunge pool. Shaded by dense sub-tropical evergreen rainforest, giant tree ferns, and hanging mosses, the waterfall creates a tranquil wilderness sanctuary.",Jul-Oct,https://images.unsplash.com/photo-1518457607834-6e8d80c183c5?w=800&auto=format&fit=crop&q=80
6061,Cathedral of Mary Help of Christians (Kohima Cathedral),Nagaland,attraction,25.65,94.108333,budget,4.6,13997,"Perched majestically atop Aradura Hill overlooking the entire Kohima city bowl, consecrated in January 1991 as the cathedral church of the Diocese of Kohima, recognized as the largest Catholic cathedral in Northeast India, famed for its extraordinary architectural synthesis blending classical ecclesiastical grandeur with indigenous Naga morung elements, featuring curved timber roofs, an imposing 16-foot carved wooden crucifix carved from a single tree trunk, and vibrant stained-glass murals.",Oct-Feb,https://images.unsplash.com/photo-1621847468516-1ed5d0df56fe?w=800&auto=format&fit=crop&q=80
6062,Chedema Peace Camp & Viewpoint,Nagaland,homestay,25.716667,94.133333,budget,4.1,184,"Perched on a scenic, wind-swept mountain ridge 8 km north of Kohima, Chedema is celebrated in modern political history as the site of the historic Chedema Peace Camp where the historic ceasefire agreement between the Federal Government of Nagaland and the Government of India was signed on 6 September 1964 mediated by the Peace Mission (Jayaprakash Narayan, Bimala Prasad Chaliha, and Rev. Michael Scott), featuring a peace memorial, a high-altitude tourist resort, and sweeping views of Kohima.",Oct-Feb,https://images.unsplash.com/photo-1587061949409-02df41d5e562?w=800&auto=format&fit=crop&q=80
6063,Dzukou Valley (Valley of Flowers of the East),Nagaland,attraction,25.568056,94.066944,budget,4.2,3213,"Perched at 8,000 feet (2,452 m) altitude on the Nagaland-Manipur border, a surreal high-altitude landscape of rolling emerald green bamboo dwarf hills, meandering mountain brooks, and natural rock caves, famous for the endemic pink Dzukou Lily.",Oct-Feb,https://images.unsplash.com/photo-1470071459604-3b5ec3a7fe05?w=800&auto=format&fit=crop&q=80
6064,Dzulekie Trout Stream & Eco-Village,Nagaland,attraction,25.616667,93.966667,budget,4.9,12337,"Nestled in a remote, pristine alpine valley 40 km west of Kohima beyond Khonoma at an elevation of 1,400 meters, Dzulekie is an idyllic Angami tribal hamlet celebrated as an eco-tourism paradise, famed for its crystal-clear mountain stream that flows subterraneanly beneath porous rock formations before bubbling back to the surface (giving the village its name 'Dzulekie' - 'stream flowing underground'), surrounded by emerald green pine hills, organic terrace farms, and rainbow trout pools.",Oct-Feb,https://images.unsplash.com/photo-1567157577867-05ccb1388e66?w=800&auto=format&fit=crop&q=80
6065,Dzüko Valley Waterfall & Stream Rapids,Nagaland,attraction,25.55,94.066667,budget,4.9,22020,"Hidden deep in the meandering dwarf-bamboo canyons of the upper Dzüko Valley at an elevation of 2,438 meters, the Dzüko Waterfall is celebrated as one of Nagaland's most enchanting alpine water bodies, where the crystal-clear, ice-cold Dzüko River plunges over jagged volcanic rock formations into a natural emerald plunge pool, surrounded by endemic Dzüko lilies, wild yellow aconitum flowers, and swirling mountain mist.",Jul-Oct,https://images.unsplash.com/photo-1432405972618-c60b0225b8f9?w=800&auto=format&fit=crop&q=80
6066,Jakhama Village & Dzüko Trekking Path,Nagaland,attraction,25.566667,94.133333,budget,4.9,10354,"Situated 18 km south of Kohima between Kigwema and Viswema, Jakhama is an energetic Angami village renowned for offering the steeper, wilder alternative trekking route into Dzüko Valley along the roaring Dzüko river stream, celebrated for its organic red potato farming and the annual Jakhama Potato Festival, traditional wood-and-tin village architecture, and lush terrace farms.",Oct-Feb,https://images.unsplash.com/photo-1544717305-2782549b5136?w=800&auto=format&fit=crop&q=80
6067,Japfü Peak Rhododendron Trail & World's Tallest Tree Site,Nagaland,attraction,25.571111,94.072222,budget,4.8,27566,"Rising majestically south of Kohima at 3,048 meters as Nagaland's second-highest summit, Mount Japfü is famous for hosting the world's tallest recorded Rhododendron tree (Rhododendron arboreum), recognized in the Guinness Book of World Records standing over 108 feet tall. The ascent trail passes through enchanting moss-draped cloud forests, sub-alpine bamboo corridors, and blooming rhododendron groves with sweeping views of the Dzüko Valley.",Oct-Feb,https://images.unsplash.com/photo-1439066615861-d1af74d74000?w=800&auto=format&fit=crop&q=80
6068,Jotsoma Village & Mount Pulie Badze,Nagaland,attraction,25.666667,94.066667,budget,4.6,9294,"Perched on a lofty mountain spur 9 km west of Kohima, Jotsoma is a historic Angami warrior village famous for stone gate clan fortifications (Khels), lush terraced fields, and Mount Pulie Badze (rising to 2,296 meters / 7,532 feet), revered in folklore as the seat of mythological hero Pulie, featuring a panoramic observation pavilion at the summit that provides a sensational bird's-eye panorama over the entire Kohima valley and surrounding misty ridges.",Oct-Feb,https://images.unsplash.com/photo-1545569341-9eb8b30979d9?w=800&auto=format&fit=crop&q=80
6069,Khonoma Heritage Village,Nagaland,attraction,25.6514,94.0202,budget,4.4,2096,"Khonoma is an ancient Angami Naga village located about 20 km from Kohima, Nagaland. Renowned as India's first 'Green Village', it stands as a testament to wildlife conservation and ecological awareness. The village is famous for its history of resisting British colonial forces, its unique system of alder-wood terrace cultivation, and the community-led Khonoma Nature Conservation and Tragopan Sanctuary, which protects endangered species.",Oct-Feb,https://images.unsplash.com/photo-1609766857041-ed402ea8069a?w=800&auto=format&fit=crop&q=80
6070,Khonoma Nature Conservation & Tragopan Sanctuary,Nagaland,attraction,25.65,94.016667,budget,4.6,13261,"Established on 11 December 1998 by the Angami tribal elders of Khonoma village across 20 square kilometers of virgin sub-tropical and temperate cloud forests, celebrated globally as India's first community-conserved eco-sanctuary, created when the village voluntarily banned logging and hunting to save the vulnerable Blyth's Tragopan (Tragopan blythii - the state bird of Nagaland), featuring dense rhododendron and bamboo trails, wild orchids, and cloud forest trekking.",Oct-Feb,https://images.unsplash.com/photo-1575550959106-5a7defe28b56?w=800&auto=format&fit=crop&q=80
6071,Kidima Honey Village & Terraced Valleys,Nagaland,attraction,25.533333,94.166667,budget,3.9,1314,"Perched on an elevated mountain ridge 28 km south of Kohima beyond Kigwema, Kidima is an enchanting Southern Angami village celebrated across the state as the 'Honey Village of Nagaland', where virtually every household practices traditional apiculture using hollowed wooden log hives, renowned for producing pure organic wild mountain honey with medicinal herbs, monumental terraced cabbage and paddy fields, and traditional wood-and-stone houses.",Oct-Feb,https://images.unsplash.com/photo-1441974231531-c6227db76b6e?w=800&auto=format&fit=crop&q=80
6072,Kigwema Heritage Village & Morungs,Nagaland,attraction,25.583333,94.116667,budget,4.9,16759,"Situated 15 km south of Kohima at the base of Mount Japfü, recognized as one of the largest and oldest Southern Angami villages from which numerous clans migrated across the Naga hills, celebrated for preserving authentic traditional timber houses with wood-carved horn motifs, community bachelor dormitories (Morungs), historic monoliths commemorating great feasts of merit, and serving as the primary base for trekking Mount Japfü.",Oct-Feb,https://images.unsplash.com/photo-1621847468516-1ed5d0df56fe?w=800&auto=format&fit=crop&q=80
6073,Kisama Heritage Village,Nagaland,attraction,25.61571,94.11398,budget,4.5,1545,"Kisama Heritage Village, situated about 10 kilometers from Kohima, is a symbolic hub that showcases the traditional and cultural practices of the 16 tribes of Nagaland. The village is a part of the Hornbill Festival, a major tourist attraction that celebrates the rich heritage of the state. With its traditional Anglo-Naga architecture, the village offers a glimpse into the history and culture of Nagaland, making it an ideal destination for those interested in exploring the authentic tribal way of life. The surrounding landscape, with its lush green hills and valleys, provides a serene backdrop for a cultural retreat, allowing visitors to immerse themselves in the natural beauty and heritage of the region.",Oct-Feb,https://images.unsplash.com/photo-1518709268805-4e9042af9f23?w=800&auto=format&fit=crop&q=80
6074,Kohima War Cemetery & Garrison Hill,Nagaland,attraction,25.666667,94.108333,budget,4.5,5884,"Situated on Garrison Hill in the heart of Kohima, maintained by the Commonwealth War Graves Commission (CWGC), commemorating 1,420 Allied soldiers who fell in the fiercely contested Battle of Kohima between April and June 1944 (voted by Britain's National Army Museum as 'Britain's Greatest Battle', halting the Japanese invasion of India), featuring pristine terraced lawns, white bronze-inscribed gravestones, the historic marked tennis court of the Deputy Commissioner's bungalow, and the world-famous Kohima Epitaph: 'When You Go Home, Tell Them Of Us And Say, For Your Tomorrow, We Gave Our Today'.",Oct-Feb,https://images.unsplash.com/photo-1486870591958-9b9d0d1dda99?w=800&auto=format&fit=crop&q=80
6075,Meriema Village & Ridge Viewpoint Kohima,Nagaland,attraction,25.716667,94.1,budget,4.6,2238,"Perched on a high windy mountain ridge 10 km north of central Kohima at an altitude of 1,500 meters, Meriema is a picturesque Northern Angami village that combines rural tranquility with modern civic significance, housing the new Gauhati High Court Kohima Bench complex, celebrated for its traditional stone clan gates, sweeping panoramic views overlooking the rolling hills toward Tseminyü and Wokha, and quiet village walking paths.",Oct-Feb,https://images.unsplash.com/photo-1544717305-2782549b5136?w=800&auto=format&fit=crop&q=80
6076,Mount Japfü (Japfü Peak) & Rhododendron Forest,Nagaland,attraction,25.566667,94.066667,budget,4.6,10599,"Rising to an imposing altitude of 3,048 meters (10,000 feet) south of Kohima above Kigwema village, celebrated as the second highest mountain peak in Nagaland, world-renowned for harboring the tallest rhododendron tree on Earth (Rhododendron arboreum) recorded in the Guinness Book of World Records at a staggering height of 108 feet (33 meters) with a girth of 11 feet, offering a challenging mountain trek through mossy cloud forests and breathtaking panoramic views of the Barail mountain range.",Oct-Feb,https://images.unsplash.com/photo-1464822759023-fed622ff2c3b?w=800&auto=format&fit=crop&q=80
6077,Nagaland Handloom & Handicrafts Emporium Kohima,Nagaland,attraction,25.666667,94.108333,budget,4.6,20951,"Situated on the Main Road in the central commercial district of Kohima, operated by the Nagaland Handloom and Handicrafts Development Corporation (NHHDC), celebrated as the state's premier institutional showcase for authentic indigenous tribal arts, displaying certified masterworks representing all 16 recognized Naga tribes, including hand-woven cotton and nettle-fiber shawls, carnelian and glass-bead necklaces, warrior headgear, brass ornaments, and wood-carved mithun panels.",Oct-Feb,https://images.unsplash.com/photo-1544717305-2782549b5136?w=800&auto=format&fit=crop&q=80
6078,Nagaland State Museum Kohima,Nagaland,attraction,25.683333,94.1,mid,4.9,24149,"Situated at Bayavü Hill in upper Kohima, established in 1970 by the Department of Art and Culture, celebrated as the premier ethnographic and cultural museum of Nagaland, featuring comprehensive galleries dedicated to all 16 major Naga tribes, displaying authentic ceremonial tribal headdresses woven with hornbill feathers, bear fur, and boar tusks, ancestral wood carvings, log drum exhibits, intricate bead and shell jewelry, traditional morungs, and archaeological stone cists.",Oct-Mar,https://images.unsplash.com/photo-1565034946487-077786996e27?w=800&auto=format&fit=crop&q=80
6079,Phesama Village & Terraced Valley,Nagaland,attraction,25.616667,94.1,budget,4.6,5448,"Situated 8 km south of Kohima along NH-29, Phesama is an ancient Southern Angami village serving as the scenic gateway to the southern hill circuit, renowned for its breathtaking amphitheatres of irrigated terrace paddy fields that cascade down the valley like giant green stairs, monumental stone clan gates, ancestral stone seats, and scenic trails leading toward the foothills of Mount Japfü.",Oct-Feb,https://images.unsplash.com/photo-1441974231531-c6227db76b6e?w=800&auto=format&fit=crop&q=80
6080,Pulie Badze Mountain Sanctuary & Valley Viewpoint,Nagaland,attraction,25.661111,94.062222,budget,4.5,7881,"Perched above the historic Angami village of Jotsoma overlooking Kohima town, Pulie Badze is a protected community forest sanctuary and prominent mountain peak. Enclosed by dense oak and alder forests that provide vital habitat for Blyth's tragopan and barking deer, the summit offers an invigorating day hike rewarding trekkers with an unbroken bird's-eye panorama of Kohima town sprawling across the ridges below.",Oct-Feb,https://images.unsplash.com/photo-1534188753412-3e26d0d618d6?w=800&auto=format&fit=crop&q=80
6081,Rüsoma Village (Orange Festival Grounds),Nagaland,attraction,25.716667,94.083333,budget,4.5,22448,"Perched on a verdant mountain ridge 12 km north of Kohima, Rüsoma is a charming Angami village celebrated across Nagaland as a premier organic citrus hub, where sunny slopes are covered in thousands of organic Mandarin orange trees that turn hillsides golden every winter, celebrated host of the famous annual Rüsoma Orange Festival (held every January featuring orange eating competitions, farm walks, and musical concerts), and traditional stone-paved alleys.",Oct-Feb,https://images.unsplash.com/photo-1590050752117-238cb0fb12b1?w=800&auto=format&fit=crop&q=80
6082,Sokhriezie Lake Kohima,Nagaland,attraction,25.683333,94.108333,budget,4.9,19649,"Situated in the central urban valley of Kohima near the Nagaland State Legislative Assembly complex, Sokhriezie Lake is an ancient, sacred natural spring-fed water body revered by the Angami community, recently developed by the Kohima Smart City Development Limited (KSCDL) into a premier urban eco-park featuring landscaped brick promenades, illuminated timber gazebos, indigenous aquatic vegetation, and tranquil evening walking decks.",Oct-Feb,https://images.unsplash.com/photo-1439066615861-d1af74d74000?w=800&auto=format&fit=crop&q=80
6083,Tuophema Tourist Village,Nagaland,attraction,25.8475,94.1378,budget,4.5,5860,"Tuophema Tourist Village is a model heritage village situated in Nagaland, designed to offer visitors an immersive experience of traditional Angami Naga life. Run entirely by the local community, the village features traditional-style thatched-roof huts decorated with wood carvings and animal motifs. It is an excellent destination to experience authentic Naga hospitality, local food, folk music, and festivals.",Oct-Feb,https://images.unsplash.com/photo-1621847468516-1ed5d0df56fe?w=800&auto=format&fit=crop&q=80
6084,Viswema Village & Dzüko Valley Trailhead,Nagaland,attraction,25.55,94.133333,budget,4.4,17404,"Situated 22 km south of Kohima along NH-29, Viswema is a historic Southern Angami village celebrated as the most popular entry trailhead for the world-famous Dzüko Valley trek, featuring traditional stone-paved alleys, clan morungs, and a motorable mountain road climbing to the Viswema Base Camp, followed by a steep 45-minute stone-stair ascent through rhododendron woods to the crest of the Dzüko ridge.",Oct-Feb,https://images.unsplash.com/photo-1470071459604-3b5ec3a7fe05?w=800&auto=format&fit=crop&q=80
6085,World War II Museum Kisama,Nagaland,attraction,25.6,94.116667,mid,4.5,27638,"Situated within the Naga Heritage Village complex in Kisama 12 km south of Kohima, recognized as the premier military history museum in Nagaland, housing an invaluable collection of authentic World War II relics recovered from the battlefields of Kohima and surrounding hill ranges, including British and Japanese light and heavy machine guns, mortar shells, military uniforms, radio communication headsets, hand grenades, bayonets, battlefield maps, and wartime photographic archives.",Oct-Mar,https://images.unsplash.com/photo-1582555172866-f73bb12a2ab3?w=800&auto=format&fit=crop&q=80
6086,Dikhu River Gorges (Shendang/Bhopong),Nagaland,attraction,26.381111,94.712222,budget,4.6,4974,"Winding dramatically through the rugged border canyons between Longleng and Mokokchung, the Dikhu River gorge at Shendang and Bhopong is an untamed natural spectacle. The roaring river carves deep defiles through sheer mountain cliffs blanketed in wild bamboo forests and towering tropical hardwoods, crossed by traditional cane suspension footbridges that connect remote Phom Naga farming settlements.",Oct-Feb,https://images.unsplash.com/photo-1441974231531-c6227db76b6e?w=800&auto=format&fit=crop&q=80
6087,Hukphang Village & Customary Sacred Forests,Nagaland,attraction,26.451111,94.811111,budget,4.4,2692,"Perched on a verdant hillside overlooking fertile agricultural valleys, Hukphang is an authentic Phom village renowned for its customary community-protected sacred forest groves. Towering ancient trees, medicinal herbs, and clear mountain brooks are protected under strict customary village taboos, creating a natural haven for hornbills, flying squirrels, and seasonal migratory birds.",Oct-Feb,https://images.unsplash.com/photo-1582510003544-4d00b7f74220?w=800&auto=format&fit=crop&q=80
6088,Shendhang Heritage Village (Ancient Phom Morung),Nagaland,attraction,22.6025,78.9397,budget,4.7,4738,"Shendhang Heritage Village (Ancient Phom Morung) is an authentic attraction destination located in ,  district of Nagaland. Celebrated for its regional significance and unique ambiance, it offers travelers an immersive experience in the culture, scenic beauty, and heritage of Nagaland.",Oct-Feb,https://images.unsplash.com/photo-1518709268805-4e9042af9f23?w=800&auto=format&fit=crop&q=80
6089,Nyakching & Lingtak Ridge Trekking Trails,Nagaland,attraction,26.481111,94.792222,budget,4.3,3026,"Rising high above the clouds in northern Longleng, the Nyakching and Lingtak mountain ridges provide some of the most spectacular highland trekking corridors in the Phom territory. Hikers traverse undulating pine and bamboo crests that command 360-degree views of early morning cloud inversions rolling over the valleys, with distant horizons reaching the Brahmaputra plains of Assam.",Oct-Feb,https://images.unsplash.com/photo-1518709268805-4e9042af9f23?w=800&auto=format&fit=crop&q=80
6090,Tamlu Village & Dikhu River Ridge,Nagaland,attraction,26.583333,94.733333,budget,4.4,2347,"Perched on a high windy mountain ridge in western Longleng district 35 km from Longleng town, Tamlu is an ancient Phom tribal village renowned for its commanding strategic vantage point overlooking the sweeping curves of the Dikhu River valley, celebrated for its ancient stone monoliths commemorating ancestral warrior alliances, traditional wooden morungs, and tranquil small-holder organic tea plantations.",Oct-Feb,https://images.unsplash.com/photo-1582510003544-4d00b7f74220?w=800&auto=format&fit=crop&q=80
6091,Yachem Heritage Village & Kheang Log Drums,Nagaland,attraction,26.432222,94.753333,budget,4.2,2652,"Perched on a prominent mountain spur in Longleng district, Yachem is an ancient Phom Naga ancestral village celebrated for its rich cultural traditions. The village preserves monumental wood-carved log drums (kheang) housed in historic Morung structures, stone-paved community assembly platforms, traditional bamboo-and-thatch houses, and customary council institutions where age-old Phom oral folklore is kept alive.",Oct-Feb,https://images.unsplash.com/photo-1590050752117-238cb0fb12b1?w=800&auto=format&fit=crop&q=80
6092,Yongshem Ahom Raja Cave Longleng,Nagaland,attraction,26.511111,94.832222,budget,4.2,1169,"Tucked away in the forested limestone hills near Yongshem village, the Ahom Raja Cave is an intriguing subterranean rock shelter steeped in historical lore. Local oral traditions recount that during the medieval conflicts between the Ahom Kingdom of Assam and neighbouring groups, an Ahom prince or royal contingent sought refuge and established a diplomatic peace treaty with the local Phom chieftains within these limestone chambers.",Oct-Feb,https://images.unsplash.com/photo-1518709268805-4e9042af9f23?w=800&auto=format&fit=crop&q=80
6093,Dzüdü Lake & Zanibu Mountain Ridge (Meluri),Nagaland,attraction,25.681111,94.682222,budget,4.1,620,"Perched at an elevation of over 2,200 meters along the formidable Zanibu mountain ridge in Meluri district, Dzüdü Lake is a pristine, high-altitude natural wetland shrouded in mountain mist. Surrounded by sub-alpine mossy forests, dwarf rhododendron thickets, and rare wild mountain herbs, the lake is enveloped in silence and serves as a vital water catchment and sanctuary for rare montane fauna.",Oct-Feb,https://images.unsplash.com/photo-1439066615861-d1af74d74000?w=800&auto=format&fit=crop&q=80
6094,Laruri & Phokhungri Pochury Heritage Hamlets,Nagaland,attraction,25.592222,94.881111,budget,4.7,5549,"Perched on the eastern mountain slopes of Meluri near the Myanmar border, Laruri and Phokhungri are remote, traditional Pochury tribal villages celebrated for indigenous artisanal traditions. Village households specialize in delicate cane-and-bamboo basketry, traditional coil earthenware pottery, hand-spun nettle fiber textiles, and customary village architecture built into steep mountain slopes.",Oct-Feb,https://images.unsplash.com/photo-1621847468516-1ed5d0df56fe?w=800&auto=format&fit=crop&q=80
6095,Shilloi Lake (Lütsam Sacred Mountain Lake),Nagaland,attraction,25.648889,94.778889,budget,4.7,28939,"Tucked away in the picturesque valley of Lütsam near Meluri in eastern Nagaland, Shilloi Lake (traditionally known as Lütsam Lake) is Nagaland's most celebrated natural freshwater lake. Naturally shaped remarkably like a human foot, this crystal-clear body of water is encircled by pine-clad slopes, wild rhododendrons, and rolling meadows. Steeped in Pochury folklore as the sacred dwelling of a divine spirit child, fishing and swimming in the lake are traditionally prohibited, preserving an extraordinarily pristine ecological haven for migratory waterfowl.",Oct-Feb,https://images.unsplash.com/photo-1501785888041-af3ef285b470?w=800&auto=format&fit=crop&q=80
6096,Tizu River Gorge & Suspension Footbridges (Meluri),Nagaland,attraction,25.621111,94.721111,budget,4.4,971,"Cutting a colossal canyon through the southern mountains of Meluri, the Tizu River is one of Nagaland's most dramatic waterways, rushing fiercely toward the Chindwin River basin of Myanmar. The river gorge features sheer granite cliffs, white-water rapids, deep turquoise pools teeming with mountain Mahseer, and classic swaying cane-and-bamboo suspension bridges engineered by local Pochury craftsmen.",Oct-Feb,https://images.unsplash.com/photo-1470071459604-3b5ec3a7fe05?w=800&auto=format&fit=crop&q=80
6097,Changki Village & Ancient Salt Springs,Nagaland,attraction,26.316667,94.383333,budget,4.7,4852,"Situated on a prominent mountain ridge in western Mokokchung district 35 km from Mokokchung town, Changki is an ancient Ao tribal settlement renowned for speaking a distinct, archaic dialect of the Ao language, celebrated in economic history for its natural subterranean brine salt springs (Changki Menba) where villagers boiled brine in clay vats to produce black mineral salt cakes that served as a primary currency and trade commodity across the Naga hills for centuries.",Oct-Feb,https://images.unsplash.com/photo-1621847468516-1ed5d0df56fe?w=800&auto=format&fit=crop&q=80
6098,Chuchuyimlang Tourist Village & Moatsü Grounds,Nagaland,attraction,26.466667,94.55,budget,4.5,23829,"Situated on a scenic mountain ridge 30 km north of Mokokchung along the highway to Tuensang, Chuchuyimlang is a celebrated Ao cultural village world-famous as the epicenter of the grand Moatsü Mong festival (celebrated annually in the first week of May with traditional community dances, warrior songs, and feasting following the completion of sowing), featuring the historic wooden bachelor dormitories (Morungs), a tribal training center, and panoramic views of the Langpangkong range.",Oct-Feb,https://images.unsplash.com/photo-1609766857041-ed402ea8069a?w=800&auto=format&fit=crop&q=80
6099,Green Dikhu River Corridor & Valley,Nagaland,attraction,26.4,94.666667,budget,4.9,20989,"Flowing through deep, dramatic mountain gorges across Zunheboto, Mokokchung, Tuensang, Longleng, and Mon districts before entering Assam, the Dikhu River is one of Nagaland's most vital ecological lifelines, celebrated in the state's Green Dikhu Project for community river basin conservation, river sports, pristine sandbanks, and premier freshwater angling for mahseer and hill trout amidst towering forested canyon walls.",Oct-Feb,https://images.unsplash.com/photo-1470071459604-3b5ec3a7fe05?w=800&auto=format&fit=crop&q=80
6100,Impur Baptist Mission Center & Archives,Nagaland,attraction,26.383333,94.533333,budget,4.7,8172,"Situated 15 km north of Mokokchung town along the highway to Mopungchuket, established in 1894 when the American Baptist Mission shifted from Molungyimsen, celebrated as the historic mother church and institutional headquarters of the Ao Baptist Arogo Mungdang (ABAM), featuring the magnificent 1912 stone church, heritage colonial mission bungalows, the historic Clark Memorial Higher Secondary School (oldest school in Nagaland), and an invaluable archival museum displaying the earliest translated Naga bibles and century-old printing machinery.",Oct-Feb,https://images.unsplash.com/photo-1621847468516-1ed5d0df56fe?w=800&auto=format&fit=crop&q=80
6101,Jungli Liden Eco-Park & Hill Viewpoint,Nagaland,attraction,26.331111,94.531111,budget,3.9,266,"Perched on an elevated ridge on the outskirts of Mokokchung town, Jungli Liden Eco-Park is a tranquil public botanical and recreational retreat. The park features landscaped terraced lawns, native pine groves, colorful seasonal flower beds, stone-paved walking trails, children's play areas, and scenic viewing pavilions that provide sweeping 360-degree panoramas of Mokokchung town and the rolling Ao highlands.",Oct-Feb,https://images.unsplash.com/photo-1486870591958-9b9d0d1dda99?w=800&auto=format&fit=crop&q=80
6102,Langpangkong Limestone Caves & Royal Refuge,Nagaland,attraction,26.421111,94.611111,budget,4.4,987,"Perched within the rugged limestone cliffs flanking the Langpangkong range between the Tzula and Dikhu rivers in Mokokchung, these natural limestone caves are steeped in legendary Ao folklore and medieval royal history. The cavern chambers provided a strategic and concealed mountain sanctuary for an Ahom king seeking refuge during medieval wars, featuring impressive stalactite galleries and panoramic cliff-top views.",Oct-Feb,https://images.unsplash.com/photo-1518709268805-4e9042af9f23?w=800&auto=format&fit=crop&q=80
6103,Longkhum Village (Eagle's Nest of the Aos),Nagaland,attraction,26.25,94.466667,budget,4.9,9442,"Perched on a dramatic rocky mountain spur 17 km southwest of Mokokchung at an altitude of 1,846 meters (6,056 feet), celebrated in Ao lore as the strategic 'Eagle's Nest' (an unconquerable natural military fortress that guarded the Ao territory against southern invasions), famous for centuries-old scarlet rhododendron trees, ancient rock formations including the footprint of mythical hero Jubi, the Longlangba stone bridge over deep ravines, and the ancient belief that eagles carry the souls of the dead to heaven here.",Oct-Feb,https://images.unsplash.com/photo-1544717305-2782549b5136?w=800&auto=format&fit=crop&q=80
6104,Longlangba Stone Bridge & Ancient Ao Megaliths,Nagaland,attraction,26.311111,94.512222,budget,4.7,3130,"Located along an ancient mountain trail near Mokokchung, Longlangba is an ancient stone bridge and causeway constructed by ancestral Ao warriors across a rugged forest stream. The site is flanked by monumental standing monoliths and stone-paved seating platforms that served as ancient assembly grounds for village elders and ceremonial resting spots along historic trans-valley trade paths.",Oct-Feb,https://images.unsplash.com/photo-1545569341-9eb8b30979d9?w=800&auto=format&fit=crop&q=80
6105,Mokokchung,Nagaland,attraction,26.47959,94.51053,budget,4.4,459,"Mokokchung, situated in the eastern part of Nagaland, is a haven for adventure seekers and nature enthusiasts. The district is home to the Ao Naga tribe, known for their warm hospitality and vibrant culture. With its rolling hills, lush forests, and sparkling streams, Mokokchung offers a unique blend of natural beauty and tribal heritage. The town is surrounded by the Patkai range, providing endless opportunities for trekking, rock climbing, and exploring the great outdoors. Visitors can immerse themselves in the local culture by attending traditional festivals, visiting ancient villages, and sampling the region's exquisite cuisine. The district's rich biodiversity also makes it a haven for birdwatchers, with over 200 species of birds documented in the area.",Oct-Feb,https://images.unsplash.com/photo-1621847468516-1ed5d0df56fe?w=800&auto=format&fit=crop&q=80
6106,Molungyimsen Historic Baptist Mission Site,Nagaland,attraction,26.566667,94.483333,budget,4.4,15696,"Perched on a tranquil mountain ridge 50 km northwest of Mokokchung overlooking the Tuli valley, Molungyimsen is revered across Nagaland as the historic cradle of modern education and Christianity in the Naga Hills, founded on 24 October 1876 by American Baptist missionary Rev. Dr. E.W. Clark and his wife Mary Mead Clark along with 15 pioneering Ao Christian families, featuring Dr. Clark's preserved wooden bungalow, the historic prayer hall, the ancient litchi tree planted by Clark in 1878, and the first printing press site.",Oct-Feb,https://images.unsplash.com/photo-1518709268805-4e9042af9f23?w=800&auto=format&fit=crop&q=80
6107,Mopungchuket Eco-Cultural Model Village,Nagaland,attraction,26.366667,94.516667,budget,4.9,29459,"Situated 15 km north of Mokokchung town, celebrated as one of the cleanest, best-organized rural tourism villages in Northeast India, world-famous for the tragic 16th-century Romeo-and-Juliet romance of Jina and Etiben immortalized in stone monuments and a multi-tiered memorial watchtower, featuring the sacred Süngkotenem community forest park, a pristine village museum displaying ancient clan weapons and garments, and traditional wood-and-bamboo homestays.",Oct-Feb,https://images.unsplash.com/photo-1544717305-2782549b5136?w=800&auto=format&fit=crop&q=80
6108,Tangkum Marok Sacred Spring & Waterway,Nagaland,attraction,26.301111,94.502222,budget,3.9,845,"Located within the ancient historic territory of Ungma village in Mokokchung, Tangkum Marok is a revered perennial natural spring where crystal-pure water bubbles continuously from a subterranean rock aquifer. Steeped in ancestral Ao traditions, the spring has provided pure drinking water to village warriors and pilgrims for centuries, framed by stone steps, mossy boulders, and shaded mountain trees.",Oct-Feb,https://images.unsplash.com/photo-1621847468516-1ed5d0df56fe?w=800&auto=format&fit=crop&q=80
6109,Tsumeya Tsuin Waterfall & Forest Gorge,Nagaland,attraction,26.291111,94.482222,budget,4.7,6043,"Hidden within the dense subtropical mountain ravines of Mokokchung, Tsumeya Tsuin Waterfall is a pristine natural cascade where cold hill waters tumble down stepped granite rock shelves into a deep, jade-green plunge pool. Shaded by towering wild bamboo and fern trees, the site offers a tranquil, unspoiled wilderness retreat favored by local nature lovers.",Jul-Oct,https://images.unsplash.com/photo-1432405972618-c60b0225b8f9?w=800&auto=format&fit=crop&q=80
6110,Ungma Historic Ancestral Village,Nagaland,attraction,26.3,94.5,budget,4.4,8387,"Situated 4 km south of Mokokchung town at an elevation of 1,325 meters, recognized as the oldest and largest village of the Ao Naga tribe, revered as the living ancestral museum of Ao culture from where clan branches migrated across the central hills, featuring monumental wood-carved bachelor dormitories (Morungs), massive hollowed-tree log drums beaten to announce ceremonies, the Baptist Centenary Memorial Church, and the scenic Babu Tsüba heritage park.",Oct-Feb,https://images.unsplash.com/photo-1590050752117-238cb0fb12b1?w=800&auto=format&fit=crop&q=80
6111,Aboi Town & Central Konyak Cultural Hub,Nagaland,attraction,26.65,94.983333,budget,4.8,20287,"Perched centrally on a windy mountain ridge 35 km southwest of Mon town, Aboi is an energetic sub-divisional hill town serving as the strategic geographical crossroads of the Konyak tribal homeland, celebrated for its vibrant weekly tribal bazaar where artisans from remote surrounding villages gather to barter hand-forged machetes (daos), brass necklaces, and hand-woven red-and-black Konyak textiles.",Oct-Feb,https://images.unsplash.com/photo-1518709268805-4e9042af9f23?w=800&auto=format&fit=crop&q=80
6112,Chen Traditional Village & Skull Shrines,Nagaland,attraction,26.683333,95.116667,budget,4.2,1887,"Situated in the remote eastern highland ridges of Mon district 45 km from Mon town near the Myanmar border, Chen (comprising Chen Wetnyu and Chen Moho) is an ancient Konyak settlement celebrated for preserving some of the most intact sacred headhunter skull shrines and ancient log drums in eastern Nagaland, where ancestral skulls recovered during 19th-century tribal conflicts were consecrated in natural stone rock shelters and venerated during seasonal fertility rituals.",Oct-Feb,https://images.unsplash.com/photo-1590050752117-238cb0fb12b1?w=800&auto=format&fit=crop&q=80
6113,Chui Traditional Village & Chief Angh's Mansion,Nagaland,attraction,26.733333,95.016667,budget,4.7,10142,"Perched on a commanding hillock just 8 km from Mon town, Chui is a quintessential Konyak tribal village that meticulously preserves ancient architectural and social traditions, dominated by the colossal thatched palace of the village Angh, featuring a massive timber facade supported by tree-trunk pillars carved with figures of hornbills, warriors, and snakes, and interior courtyards displaying hundreds of historic buffalo and animal skull trophies accumulated across generations.",Oct-Feb,https://images.unsplash.com/photo-1584551246679-0daf3d275d0f?w=800&auto=format&fit=crop&q=80
6114,Hongphoi Village & Tattooed Konyak Warrior Heritage,Nagaland,attraction,26.711111,95.023333,budget,4.7,7448,"Nestled in the misty hills close to Mon town, Hongphoi is a remarkably peaceful Konyak hamlet celebrated as one of the last living sanctuaries of the famed tattooed Konyak headhunter elders. The village preserves traditional bamboo longhouses, customary Angh royal compounds, and community courtyards where revered elders proudly display intricate facial and chest tattoo patterns earned in ancient warrior expeditions.",Oct-Feb,https://images.unsplash.com/photo-1621847468516-1ed5d0df56fe?w=800&auto=format&fit=crop&q=80
6115,Longwa Traditional Village (Indo-Myanmar Border),Nagaland,attraction,26.883333,95.15,budget,4.8,23564,"Perched on a high scenic mountain ridge 42 km east of Mon town, Longwa is celebrated worldwide as one of the most extraordinary geopolitical and cultural border settlements on Earth, where the international boundary between India and Myanmar runs right through the center of the village and bisects the vast thatched palatial residence of the hereditary Konyak Chief Angh (King) so that he sleeps in India and dines in Myanmar, home to surviving elderly tattooed Konyak headhunters, bronze gunsmiths, and opium-smoking elders.",Oct-Feb,https://images.unsplash.com/photo-1518709268805-4e9042af9f23?w=800&auto=format&fit=crop&q=80
6116,Mon Village,Nagaland,attraction,26.733141,95.061508,budget,3.9,943,"Nestled amidst the tranquil hills of Nagaland, Mon Village is a nature lover's paradise that beckons adventure-seekers to explore its serene landscapes. With its rich cultural heritage, breathtaking vistas, and diverse wildlife, this trekking destination boasts a unique blend of history, geography, and natural beauty. The picturesque villages, lush forests, and sparkling waterfalls create an idyllic backdrop for trekkers to immerse themselves in the unspoiled beauty of Nagaland's Easternmost district.",Oct-Feb,https://images.unsplash.com/photo-1609766857041-ed402ea8069a?w=800&auto=format&fit=crop&q=80
6117,Naginimora Historical Coal & Trading Outpost,Nagaland,attraction,26.9,94.816667,budget,4.7,5291,"Situated along the rocky banks of the Dikhu River on the border between Mon district and Sivasagar district of Assam, Naginimora ('Place of the Naga Queen's Grave') is an ancient border trading post celebrated in folklore for the historic burial place of an Ahom queen married to a Naga chieftain, transformed during the British colonial era in the 19th century into a major river trade and coal-depot hub for barging local coal down to the Brahmaputra River.",Oct-Feb,https://images.unsplash.com/photo-1544717305-2782549b5136?w=800&auto=format&fit=crop&q=80
6118,Phomching Village & Hilltop Fortification,Nagaland,attraction,26.816667,95.1,mid,4.2,2709,"Perched atop a rugged, high mountain ridge 20 km northeast of Mon town at an elevation of 1,400 meters, Phomching is a historic Konyak village that historically served as an impregnable natural military lookout and fortified mountain post, featuring an imposing traditional Angh's palace, wood-carved morungs, and breathtaking sweeping vantage points commanding views extending across the tea plains of Assam on one side and the misty ridges of Myanmar on the other.",Oct-Feb,https://images.unsplash.com/photo-1599661046289-e31897846e41?w=800&auto=format&fit=crop&q=80
6119,Shangnyu Village & Sacred Monolithic Wooden Relief,Nagaland,attraction,26.766667,95.066667,budget,4.9,21274,"Situated 25 km from Mon town, Shangnyu is an ancient royal Konyak settlement ruled by a powerful hereditary Angh, internationally celebrated by anthropologists for its extraordinary 8-foot-high, 12-foot-wide monolithic wooden relief carving panel preserved in the Angh's palace, revered in oral tradition as having been carved in ancient times by heavenly angels or spirits without human hands, depicting intricate cosmological motifs, human beings, tigers, pythons, hornbills, and celestial bodies.",Oct-Feb,https://images.unsplash.com/photo-1582510003544-4d00b7f74220?w=800&auto=format&fit=crop&q=80
6120,Shengha Chingnyu Traditional Morungs & Woodcarvings,Nagaland,attraction,26.781111,95.052222,budget,4.3,3442,"Perched on high mountain ridges in central Mon, Shengha Chingnyu is an ancient Konyak tribal village celebrated for its monumental bachelor dormitories (Morungs). These massive timber structures are adorned with intricate customary woodcarvings depicting hornbill birds, tigers, and ancestral skull reliefs, serving as living repositories of Konyak warrior traditions and clan oral lore.",Oct-Feb,https://images.unsplash.com/photo-1609766857041-ed402ea8069a?w=800&auto=format&fit=crop&q=80
6121,Singphan Wildlife Sanctuary & Elephant Reserve Mon,Nagaland,attraction,26.881111,94.982222,budget,4.6,16203,"Spanning over 23 square kilometers of dense, undisturbed tropical rainforest in the lower foothills of Mon district near Naginimora, Singphan Wildlife Sanctuary was officially notified as India's 30th Elephant Reserve. Contiguous with the Abhaypur Reserve Forest of Assam, this vital trans-border wildlife corridor is home to wild Asian elephants, leopards, hornbills, barking deer, wild boars, and a magnificent diversity of sub-Himalayan flora.",Oct-Feb,https://images.unsplash.com/photo-1551969014-7d2c4cddf0b6?w=800&auto=format&fit=crop&q=80
6122,Tapi Riverbed & Traditional Suspension Bridges,Nagaland,attraction,26.681111,95.082222,budget,4.5,6861,"Carving through the lush tropical rainforest valleys of southern Mon, the Tapi River is a crystal-clear mountain stream celebrated for pristine pebble shallows, deep turquoise fishing pools, and swaying cane-and-wire suspension footbridges that link remote Konyak hill hamlets across the gorge.",Oct-Feb,https://images.unsplash.com/photo-1513694203232-719a280e022f?w=800&auto=format&fit=crop&q=80
6123,Tizit Valley & Konyak Tea Country Mon,Nagaland,attraction,26.9,95.05,budget,4.4,20949,"Situated in the gentle fertile foothills along the Tizit River where the plains of Assam meet the rising hills of Mon district, Tizit serves as the commercial gateway to the Konyak homeland, celebrated for its expansive, emerald-green organic tea plantations, timber and plywood mills, scenic riverbed recreation spots along the Tizit River, and traditional Konyak villages perched on the surrounding hillocks.",Oct-Feb,https://images.unsplash.com/photo-1441974231531-c6227db76b6e?w=800&auto=format&fit=crop&q=80
6124,Tobu Highland Mountain Station Mon,Nagaland,attraction,26.383333,94.95,budget,4.2,757,"Perched on a lofty mountain shoulder at an altitude of 1,600 meters in southeastern Mon district near the border with Tuensang, Tobu is an atmospheric sub-divisional hill station renowned for its cool mountain climate, sweeping vistas of mist-draped mountain passes, traditional Konyak morungs adorned with ancient wood carvings, and vibrant celebrations of the Aoleang festival.",Oct-Feb,https://images.unsplash.com/photo-1506197603052-3cc9c3a201bd?w=800&auto=format&fit=crop&q=80
6125,Veda Peak Viewpoint (Chui Ridge),Nagaland,attraction,26.741111,95.122222,budget,4.5,9091,"Standing as the highest geographical elevation in Mon district near Chui village, Veda Peak is a commanding mountain summit blanketed in wild sub-tropical orchids and moss-covered trees. On clear winter mornings, the summit provides an extraordinary dual vantage point: gaze westward across the vast Brahmaputra River plains of Assam, or eastward into the winding Chindwin River basin in Myanmar.",Oct-Feb,https://images.unsplash.com/photo-1519681393784-d120267933ba?w=800&auto=format&fit=crop&q=80
6126,Wakching Village & Historic Megalithic Stone Cists,Nagaland,attraction,26.833333,94.95,budget,4.7,23878,"Perched on an elevated mountain ridge in western Mon district 35 km from Mon town, Wakching is a historic Konyak village celebrated in colonial anthropological research (documented extensively by Austrian ethnologist Christoph von Fürer-Haimendorf in the 1930s), renowned as the pioneer of the Konyak small-scale organic tea cultivation revolution, and celebrated for preserving ancient megalithic skull stone cists and warrior burial monuments.",Oct-Feb,https://images.unsplash.com/photo-1621847468516-1ed5d0df56fe?w=800&auto=format&fit=crop&q=80
6127,Wangbao Village Mountain Cliff Paths,Nagaland,attraction,26.791111,95.152222,budget,4.4,1799,"Perched on precipitous mountain cliffs in eastern Mon, Wangbao is an offbeat Konyak village surrounded by terraced cardamom plantations, sweet orange orchards, and dramatic cliff paths. Narrow unpaved walking trails wind along sheer mountain ridges shrouded in drifting mountain fog, offering spectacular viewpoints over deep river canyons rolling into the border hills.",Oct-Feb,https://images.unsplash.com/photo-1519681393784-d120267933ba?w=800&auto=format&fit=crop&q=80
6128,Hakhezhe Amur Falcon Roosting Grounds,Nagaland,attraction,25.921111,93.842222,budget,4.1,363,"Located among the extensive teak, rubber, and mixed forestry plantations of Hakhezhe village in Niuland, this rural woodland sanctuary serves as a major annual stopover and roosting corridor for tens of thousands of migratory Amur falcons (Falco amurensis) during their trans-continental flight from Siberia to Southern Africa between October and November.",Oct-Feb,https://images.unsplash.com/photo-1590050752117-238cb0fb12b1?w=800&auto=format&fit=crop&q=80
6129,Hevishe Village Community Museum (Niuland),Nagaland,attraction,25.952222,93.871111,mid,4.1,212,"Preserved with immense pride by the villagers of Hevishe in central Niuland, this community-managed cultural museum houses an authentic ethnographic collection representing the Sumi Naga heritage. The display features ancient warrior spears, ceremonial daos, wild boar tusk headdresses, brass ornaments, antique handlooms, and traditional bamboo hunting traps donated by village clans.",Oct-Mar,https://images.unsplash.com/photo-1544531586-fde5298cdd40?w=800&auto=format&fit=crop&q=80
6130,Innatoli & Hozukhe Forest Edge Trails,Nagaland,hotel,25.911111,93.822222,budget,4.7,6302,"Winding gently through the transitional foothills connecting Innatoli and Hozukhe villages in southern Niuland, these unpaved forest-edge trails traverse rich subtropical lowland forests, rubber plantations, and open grazing meadows. The corridor is rich in native birdlife, wild orchids, and medicinal flora, providing a peaceful escape for cycling and leisurely walking.",Oct-Feb,https://images.unsplash.com/photo-1571896349842-33c89424de2d?w=800&auto=format&fit=crop&q=80
6131,Lavi Lake & Wetland Community Reserve,Nagaland,attraction,25.961111,93.882222,budget,4.5,4715,"Officially highlighted on the Niuland District Administration's portal, Lavi Lake is a tranquil natural freshwater lake set amidst fertile agricultural plains and rolling green hills. The lake features lotus-covered shallows, clean banks shaded by weeping willows, and community-managed fishing zones that attract nature enthusiasts and anglers seeking weekend respite.",Oct-Feb,https://images.unsplash.com/photo-1506744038136-46273834b3fb?w=800&auto=format&fit=crop&q=80
6132,Choklangan & Pangsha Frontier Mountain Ridges,Nagaland,attraction,26.241111,95.142222,budget,4.1,463,"Perched on knife-edge mountain ridges along the international border in eastern Noklak, Choklangan and Pangsha are dramatic frontier settlements commanding dizzying vistas. Looking eastward from these high-altitude ridges, the land plunges into deep, cloud-filled valleys that stretch into the untamed mountains of northwestern Myanmar, fringed by wild rhododendrons and sub-alpine flora.",Oct-Feb,https://images.unsplash.com/photo-1486870591958-9b9d0d1dda99?w=800&auto=format&fit=crop&q=80
6133,Khao/Kholam Subterranean Caves (Noklak),Nagaland,attraction,26.211111,95.082222,budget,4.6,5119,"Hidden deep in the dense mountain forests of the Khiamniungan hills near Noklak, the Khao and Kholam caves form an extensive natural subterranean rock shelter system. Carved into limestone cliffs, the caves feature hidden tunnel chambers and natural defense portals that were historically used by ancestral tribal warriors as emergency shelters and strategic military outposts during inter-village battles.",Oct-Feb,https://images.unsplash.com/photo-1518709268805-4e9042af9f23?w=800&auto=format&fit=crop&q=80
6134,Lang Riverbed Shallows & Forest Defile,Nagaland,attraction,26.181111,95.092222,budget,4.6,6448,"Winding through deep forested ravines in central Noklak, the Lang River is celebrated for its pristine, icy-cold mountain waters that crash through narrow granite defiles into wide pebble shallows. Shaded by dense bamboo stands and tropical hardwood canopies, the river provides idyllic settings for wild camping, stream wading, and nature exploration.",Oct-Feb,https://images.unsplash.com/photo-1567157577867-05ccb1388e66?w=800&auto=format&fit=crop&q=80
6135,Nokhu Village & Frontier Ridge Noklak,Nagaland,attraction,26.166667,95.033333,budget,4.1,1024,"Perched atop a narrow, windy mountain ridge 18 km from Noklak town overlooking Myanmar, Nokhu is an ancient Khiamniungan tribal village renowned for its dramatic geographical setting, traditional wooden bachelor morungs supported by carved timber posts, ancient hollowed-tree log drums, and panoramic vantage points that look out directly over the rugged mountains of northwestern Myanmar.",Oct-Feb,https://images.unsplash.com/photo-1567157577867-05ccb1388e66?w=800&auto=format&fit=crop&q=80
6136,Noklak Frontier Town & Khiamniungan Brasscraft Center,Nagaland,attraction,26.2,95.0,budget,4.9,19094,"Perched on an elevated mountain ridge in the far eastern frontier of Nagaland bordering Myanmar 60 km east of Tuensang, Noklak is the district headquarters of the Khiamniungan Naga tribe, celebrated across the region as the center of ancient traditional brass and bell-metal casting (producing exquisite warrior neck torcs and bracelets using lost-wax methods), intricate cane armor and rain-shields, and the lively Tsokum and Khaozaosie-Hok-Ah tribal festivals.",Oct-Feb,https://images.unsplash.com/photo-1518709268805-4e9042af9f23?w=800&auto=format&fit=crop&q=80
6137,Noklak Morung & Ancestral Megalith Trails,Nagaland,attraction,26.201111,95.063333,budget,4.5,5788,"Scattered across the traditional settlement quarters of Noklak town and adjoining hamlets, this cultural heritage trail connects ancient stone menhirs, ancestral warrior seating platforms, and historic wood-carved bachelor dormitories (Morungs) housing monumental log drums. These sacred markers chronicle the oral history, clan alliances, and traditional spiritual beliefs of the Khiamniungan tribe.",Oct-Feb,https://images.unsplash.com/photo-1621847468516-1ed5d0df56fe?w=800&auto=format&fit=crop&q=80
6138,Pangsha Border Village & Historic Trade Trails,Nagaland,attraction,26.25,95.116667,budget,4.7,26059,"Perched on a high ridge overlooking Myanmar in Noklak district 30 km from Noklak town (comprising Old Pangsha and New Pangsha), celebrated in colonial military history as the site of significant 1936 British punitive expeditions, famous today as a peaceful, vibrant Indo-Myanmar border trade outpost where Khiamniungan Nagas from both sides of the frontier meet at the Dan International Border Trade Center to trade hand-forged tools, textiles, and mountain produce.",Oct-Feb,https://images.unsplash.com/photo-1518709268805-4e9042af9f23?w=800&auto=format&fit=crop&q=80
6139,Panso Highland Town & Cane Works Noklak,Nagaland,attraction,26.116667,95.016667,budget,4.0,678,"Perched on an elevated mountain ridge in Noklak district 25 km from Noklak town, Panso is an ancient Khiamniungan settlement renowned as a traditional center of indigenous metallurgy and cane craftsmanship, celebrated for master craftsmen who hand-cast brass warrior bracelets, torcs, and smoking pipes, as well as tightly woven cane chest protectors and defensive rain shields.",Oct-Feb,https://images.unsplash.com/photo-1590050752117-238cb0fb12b1?w=800&auto=format&fit=crop&q=80
6140,Thonoknyu & Chentang Saddle Viewpoint,Nagaland,attraction,26.066667,94.95,budget,4.6,3541,"Perched at an elevation of nearly 2,000 meters in southern Noklak district along the border with Shamator and Kiphire, Thonoknyu and the dramatic Chentang Saddle (locally called 'C-Saddle') form a breathtaking high-altitude mountain pass, renowned among adventure travelers for offering sweeping, unobstructed aerial panoramas extending deep into the Chindwin River valley of Myanmar, cool alpine breezes, and traditional Khiamniungan villages with wood-and-thatch architecture.",Oct-Feb,https://images.unsplash.com/photo-1518709268805-4e9042af9f23?w=800&auto=format&fit=crop&q=80
6141,Wansoi Historic Khiamniungan Village,Nagaland,attraction,26.15,95.05,budget,4.0,736,"Perched on a lofty, windy mountain spur 15 km from Noklak town, Wansoi is an ancient Khiamniungan village renowned for its remarkably preserved tribal antiquity, featuring massive stone clan gates guarded by wooden figures, centuries-old hollowed log drums that can be heard miles across valleys, ancestral morungs with skull altars from pre-Christian eras, and master artisans who weave impenetrable defensive cane armor jackets.",Oct-Feb,https://images.unsplash.com/photo-1518709268805-4e9042af9f23?w=800&auto=format&fit=crop&q=80
6142,Wui Village Handcrafted Traditional Blacksmithies,Nagaland,attraction,26.152222,95.053333,budget,4.4,698,"Perched on rugged mountain slopes in Noklak district, Wui is an ancient Khiamniungan Naga village renowned across the region as the historic metallurgical capital of the eastern hills. For centuries without modern machinery or electricity, village master blacksmiths have used manual goat-skin bellows and stone anvils over charcoal hearths to forge traditional warrior spears, ceremonial daos, and agricultural implements prized for durability.",Oct-Feb,https://images.unsplash.com/photo-1621847468516-1ed5d0df56fe?w=800&auto=format&fit=crop&q=80
6143,Athibung Foothill Cultural Crossroads,Nagaland,attraction,25.433333,93.533333,budget,4.5,5587,"Situated in the lower forested foothills of southwestern Peren district 40 km from Jalukie, Athibung is a vibrant sub-divisional center celebrated as a historic cultural confluence where the traditions of the Kuki and Zeliang tribes intertwine, famous for its sprawling natural bamboo groves, skilled cane basket weavers, the colorful Mim Kut post-harvest festival, and scenic river trails leading toward the Assam border.",Oct-Feb,https://images.unsplash.com/photo-1464822759023-fed622ff2c3b?w=800&auto=format&fit=crop&q=80
6144,Benreu,Nagaland,attraction,25.57419,93.85865,budget,3.9,824,"Benreu, a picturesque village in Nagaland, is a trekker's haven surrounded by lush forests, rolling hills, and majestic mountains. The region is home to the vibrant Ao Naga tribe, known for their rich cultural heritage and warm hospitality. As you trek through the dense forests and rugged terrain, you'll discover an array of exotic flora and fauna, including rare bird species and medicinal plants. The village offers breathtaking views of the surrounding landscape, with the majestic Saramati mountain range towering in the distance. Visitors can immerse themselves in the local culture by attending traditional festivals, interacting with the villagers, and sampling the delicious local cuisine.",Oct-Feb,https://images.unsplash.com/photo-1621847468516-1ed5d0df56fe?w=800&auto=format&fit=crop&q=80
6145,Duilumreu Mini Hydro Scenic Viewpoint (Poilwa),Nagaland,attraction,25.501111,93.662222,budget,4.7,5427,"Situated in the pristine highlands near Poilwa village, the Duilumreu stream valley is a picturesque eco-tourism spot where a gushing mountain river has been harnessed through an eco-friendly mini hydroelectric weir. The surrounding ravine features dramatic cascading torrents, stone footbridges, and elevated view platforms overlooking deep forested gorges blanketed in subtropical pine and bamboo.",Oct-Feb,https://images.unsplash.com/photo-1590050752117-238cb0fb12b1?w=800&auto=format&fit=crop&q=80
6146,Jalukie Agricultural Valley & Rice Bowl,Nagaland,attraction,25.566667,93.716667,budget,4.7,26447,"Nestled in a vast, fertile intermontane basin framed by the majestic Barail mountains 50 km from Dimapur, Jalukie is celebrated as the premier agricultural hub and 'Rice Bowl of Nagaland', characterized by thousands of acres of lush, green irrigated paddy flats, commercial organic horticulture farms producing watermelons, papayas, and king chillies, and home to the College of Veterinary Sciences and Animal Husbandry.",Oct-Feb,https://images.unsplash.com/photo-1470071459604-3b5ec3a7fe05?w=800&auto=format&fit=crop&q=80
6147,Mount Pauna (Pauna Peak) & Sacred Ridge,Nagaland,attraction,25.533333,93.816667,budget,4.6,10149,"Rising majestically to an altitude of 2,841 meters (9,321 feet) in the Barail mountain range above Benreu village in Peren district, celebrated as the third highest mountain peak in Nagaland, revered in Zeliang tribal cosmology as a sacred mountain abode of benevolent spirits, renowned for its dense virgin dwarf-bamboo forests, rare alpine medicinal herbs, wild rhododendron groves, and a challenging mountain trek culminating in sensational vistas overlooking Manipur and the Assam plains.",Oct-Feb,https://images.unsplash.com/photo-1464822759023-fed622ff2c3b?w=800&auto=format&fit=crop&q=80
6148,Ngwalwa Village & Community Biodiversity Reserve,Nagaland,attraction,25.616667,93.75,budget,3.9,1025,"Situated 25 km north of Peren town along the scenic ridge route connecting Peren with Medziphema, Ngwalwa is a historic Zeliang village celebrated for its community-led environmental conservation, where the village council has declared hundreds of acres of ancient oak and rhododendron forest as a Community Biodiversity Reserve, banning hunting and commercial logging to protect hornbills, civets, and endemic orchid species.",Oct-Feb,https://images.unsplash.com/photo-1544717305-2782549b5136?w=800&auto=format&fit=crop&q=80
6149,Nsong & Kebai-Khelma Remote Ridge,Nagaland,attraction,25.25,93.5,budget,4.4,858,"Situated in the far western mountain frontier of Peren district bordering the Dima Hasao district of Assam, Nsong and the Kebai-Khelma region represent one of the most rugged and remote wilderness landscapes in Nagaland, celebrated by adventure enthusiasts for its challenging dirt tracks and 4x4 off-road trails winding through virgin bamboo jungles, deep river canyons, and traditional Zeme villages practicing shifting and terrace cultivation.",Oct-Feb,https://images.unsplash.com/photo-1590050752117-238cb0fb12b1?w=800&auto=format&fit=crop&q=80
6150,Ntangki (Intanki) National Park,Nagaland,attraction,25.583333,93.433333,budget,4.4,26339,"Spanning 202.02 square kilometers in the southwestern corner of Peren district along the Dhansiri River basin, gazetted as a National Park in 1993, recognized as the solitary national park in the state of Nagaland, preserving one of the last contiguous stretches of virgin sub-tropical semi-evergreen and moist deciduous rainforests in the region, celebrated as a crucial refuge for the endangered Hoolock Gibbon, Clouded Leopard, Asian Elephant, Gaur (Mithun ancestor), Slow Loris, White-winged Wood Duck, and Great Indian Hornbill.",Oct-Feb,https://images.unsplash.com/photo-1534188753412-3e26d0d618d6?w=800&auto=format&fit=crop&q=80
6151,Pedi Waterfall & Subtropical Forest Trail,Nagaland,attraction,25.561111,93.712222,budget,4.4,1458,"Hidden deep in the subtropical evergreen jungle near Pedi village in Peren, Pedi Waterfall is a pristine natural cascade where clear hill waters tumble over steep, mossy rock steps into a refreshing natural rock pool. Enclosed by giant ferns, wild banana groves, and singing cicadas, the spot offers an idyllic nature retreat along traditional village footpaths.",Jul-Oct,https://images.unsplash.com/photo-1432405972618-c60b0225b8f9?w=800&auto=format&fit=crop&q=80
6152,Poilwa Village & Snail-Trout Festival Grounds,Nagaland,attraction,25.583333,93.916667,budget,4.9,13446,"Perched on a scenic mountain ridge in Peren district between Khonoma and Benreu at an altitude of 1,600 meters, Poilwa is a historic Zeliangrong tribal settlement renowned across Nagaland as the ancestral cradle of master cane and bamboo basketry, celebrated for its sparkling mountain streams that harbor fresh river snails and hill trout, and host to the annual Poilwa Snail and Trout Festival which showcases indigenous culinary delicacies.",Oct-Feb,https://images.unsplash.com/photo-1582510003544-4d00b7f74220?w=800&auto=format&fit=crop&q=80
6153,Rani Gaidinliu Cave Complex (Puilwa),Nagaland,attraction,25.481111,93.682222,budget,4.3,2343,"Located in the rugged limestone hills near Puilwa village in Peren, this historic cavern complex served as an operational sanctuary, planning headquarters, and spiritual retreat for the iconic freedom fighter Rani Gaidinliu during her armed resistance against British colonial forces in the 1930s. The caves feature spacious subterranean chambers, natural rock ledges, and secret lookout portals overlooking deep forest ravines.",Oct-Feb,https://images.unsplash.com/photo-1518709268805-4e9042af9f23?w=800&auto=format&fit=crop&q=80
6154,Teipuiki River Banks & Valley Boulder Gorge,Nagaland,attraction,25.521111,93.742222,budget,4.2,3203,"Rushing through the deep mountain defiles of central Peren, the Teipuiki River is an untouched sub-Himalayan waterway characterized by foaming rapids, broad gravel flats, and colossal smooth granite boulders. Shaded by dense subtropical bamboo and evergreen forests, the riverbed is celebrated locally for angling mountain fish and peaceful riverside day camps.",Oct-Feb,https://images.unsplash.com/photo-1470071459604-3b5ec3a7fe05?w=800&auto=format&fit=crop&q=80
6155,Tening Town & Barail Mountain Ridge,Nagaland,attraction,25.3,93.6,budget,4.7,7845,"Perched on a high windy mountain ridge at an elevation of 1,500 meters in southwestern Peren district near the border with Assam and Manipur, Tening is an atmospheric hill station serving as the administrative and cultural hub of the Liangmai and Zeme Naga communities, famous for its dramatic cloud scapes, cool alpine climate, terraced ginger and cardamom cultivation, and breathtaking panoramic vantage points overlooking the rugged Barail mountain spine.",Oct-Feb,https://images.unsplash.com/photo-1464822759023-fed622ff2c3b?w=800&auto=format&fit=crop&q=80
6156,Chizami Village & Indigenous Heritage Center,Nagaland,attraction,25.6,94.383333,budget,4.9,21939,"Perched on a scenic ridge in Phek district 85 km from Kohima along the highway to Tuensang, Chizami is celebrated globally as a pioneering model village of grassroots community transformation, led by the North East Network (NEN), renowned for reviving indigenous cotton cultivation and backstrap loin-loom weaving ('Chizami Weaves'), preserving over 25 varieties of traditional heirloom millets and seeds in community seed banks, and promoting gender equality.",Oct-Feb,https://images.unsplash.com/photo-1518709268805-4e9042af9f23?w=800&auto=format&fit=crop&q=80
6157,Chozuba Terraced Ridge & Historic Morungs,Nagaland,attraction,25.716667,94.316667,budget,4.6,1986,"Perched on an undulating mountain ridge in central Phek district 75 km east of Kohima, Chozuba is a historic sub-divisional hill town of the Chakhesang Nagas, renowned for its dramatic amphitheatre-like terraced rice fields that wrap around mountain shoulders, monumental stone monoliths commemorating ancient warrior exploits, traditional wood-carved morungs, and vibrant Sekrenyi festival celebrations.",Oct-Feb,https://images.unsplash.com/photo-1621847468516-1ed5d0df56fe?w=800&auto=format&fit=crop&q=80
6158,Kapamodzü Peak Zhavame,Nagaland,attraction,25.533333,94.283333,budget,4.4,5035,"Rising to an altitude of 2,620 meters (8,596 feet) above Zhavame village 16 km from Pfütsero, celebrated as the highest table-top mountain peak in Phek district, famous across the region for its expansive high-altitude grassy meadows that transform seasonally into vibrant carpets of wild yellow buttercups in summer and cherry blossoms and rhododendrons in winter, offering sweeping panoramic views across Mount Saramati and the Manipur valley.",Oct-Feb,https://images.unsplash.com/photo-1464822759023-fed622ff2c3b?w=800&auto=format&fit=crop&q=80
6159,Khezhakeno Village & Chida Resort Lake,Nagaland,hotel,25.5,94.216667,mid,4.9,26732,"Perched at an elevation of 1,660 meters on the southern border of Phek district 48 km from Kohima, revered in oral history across Nagaland as the legendary ancestral mother village from which all major Naga tribes (Tenyi-mia, Angami, Chakhesang, Lotha, Sema) dispersed, celebrated for the sacred stone slab 'Tsoh Ta' where paddy spread in the morning magically doubled by evening, and the scenic Chida Post Resort located 4 km uphill on the Indo-Myanmar border ridge featuring a mirror-like artificial lake.",Oct-Feb,https://images.unsplash.com/photo-1566073771259-6a8506099945?w=800&auto=format&fit=crop&q=80
6160,Kikruma Historic Warrior Village Phek,Nagaland,attraction,25.6,94.216667,budget,4.4,2916,"Perched on a commanding rocky mountain promontory 15 km from Pfütsero in Phek district at an elevation of 1,650 meters, Kikruma is celebrated in colonial military history as the site of the fierce Battle of Kikrüma fought on 11-12 February 1851 against the British East India Company under Captain John Butler, renowned for its massive ancient stone ramparts, clan gate monoliths, centuries-old wood-carved morungs, and extensive irrigated terraced rice fields.",Oct-Feb,https://images.unsplash.com/photo-1590050752117-238cb0fb12b1?w=800&auto=format&fit=crop&q=80
6161,Luda & Zanibu Ridge High-Altitude Treks,Nagaland,attraction,25.581111,94.422222,budget,4.0,609,"Soaring above the southern agricultural valleys of Phek district near Zhavame, the Luda and Zanibu mountain ridges form a magnificent high-elevation trekking corridor. The ridges are blanketed in dense sub-alpine mossy forests, giant blooming rhododendrons, alpine dwarf bamboo, and rare medicinal herbs, offering sweeping vistas across the Manipur-Nagaland border mountains.",Oct-Feb,https://images.unsplash.com/photo-1544717305-2782549b5136?w=800&auto=format&fit=crop&q=80
6162,Meluri Town & Pochury Cultural Center,Nagaland,attraction,25.683333,94.616667,budget,4.9,6397,"Perched on a commanding mountain ridge in eastern Phek district 160 km from Kohima at an elevation of 1,200 meters near the Myanmar border, Meluri is the ancestral cultural and administrative headquarters of the Pochury Naga tribe, celebrated for the grand Yemshe Festival (the premier harvest and community festival celebrated every October with ancient fire rituals and feasts), distinctive red-black Pochury shawls, and cane basketry.",Oct-Feb,https://images.unsplash.com/photo-1582510003544-4d00b7f74220?w=800&auto=format&fit=crop&q=80
6163,Pfutsero,Nagaland,attraction,25.56294,94.27951,budget,4.1,912,"Pfutsero, situated in the Phek district of Nagaland, is a quaint town surrounded by lush green forests, rolling hills, and meandering streams. The region is steeped in rich cultural heritage, with the Chakhesang and Pochuri tribes inhabiting the area. As a trekker's haven, Pfutsero offers breathtaking vistas, diverse wildlife, and an array of adventure activities, making it an ideal destination for those seeking an immersive experience amidst nature. With its pleasant climate and serene ambiance, Pfutsero is a perfect getaway for travelers seeking to escape the chaos of city life and connect with the natural world.",Oct-Feb,https://images.unsplash.com/photo-1582510003544-4d00b7f74220?w=800&auto=format&fit=crop&q=80
6164,Pfutsero Glory Peak & Paragliding Ridge,Nagaland,attraction,25.566667,94.233333,mid,4.6,10940,"Perched at a cold, high altitude of 2,133 meters (7,000 feet) on a mountain ridge 65 km southeast of Kohima, Pfütsero is celebrated as the highest altitude town and coldest inhabited settlement in Nagaland (where temperatures frequently dip below freezing in December-January), famous for 'Glory Peak' offering breathtaking unobstructed vistas of Mount Saramati and Mount Everest on crystal-clear winter mornings, flourishing kiwi and apple orchards, and premier paragliding launching cliffs.",Oct-Feb,https://images.unsplash.com/photo-1486870591958-9b9d0d1dda99?w=800&auto=format&fit=crop&q=80
6165,Phokhungri Border Highland & Rock Shelters,Nagaland,attraction,25.55,94.816667,budget,4.1,1261,"Perched on a windy mountain ridge on the far eastern international border with Myanmar in Meluri subdivision, Phokhungri is celebrated by archaeologists and off-road explorers as one of Nagaland's most remote frontier highland settlements, famous for ancient prehistoric limestone rock shelters and caves (specifically researched in the state archaeological study 'Cave Archaeology of Shilloi Lake and Phokhungri Areas'), virgin forests, and traditional Pochury culture.",Oct-Feb,https://images.unsplash.com/photo-1544717305-2782549b5136?w=800&auto=format&fit=crop&q=80
6166,Phusachodu Village & Eco-Trekking Trail,Nagaland,attraction,25.683333,94.266667,budget,4.6,5048,"Situated on a lofty mountain spur 14 km from Pfütsero in Phek district, Phusachodu is celebrated as one of the largest and most populous ancestral villages of the Chakhesang Naga tribe, famous for its rich martial history, imposing stone clan gates, sweeping terrace fields, and a dedicated eco-tourism destination development project completed by the Department of Tourism featuring a marked trekking trail through fragrant pine ridges and mountain viewpoints.",Oct-Feb,https://images.unsplash.com/photo-1567157577867-05ccb1388e66?w=800&auto=format&fit=crop&q=80
6167,Razeba Terraced Mountain Basin Phek,Nagaland,attraction,25.5,94.25,budget,3.9,867,"Nestled in a verdant, high-altitude mountain basin 18 km south of Pfütsero beneath the towering cliffs of Kapamodzü peak, Razeba is celebrated as one of Nagaland's most productive organic agricultural valleys, famous for its thousands of acres of stepped cabbage, potato, and garlic terrace farms that shimmer green against the mountain backdrop, traditional wooden granaries, and sparkling mountain streams.",Oct-Feb,https://images.unsplash.com/photo-1506197603052-3cc9c3a201bd?w=800&auto=format&fit=crop&q=80
6168,Rüzazho Netaji Subhas Chandra Bose Heritage House,Nagaland,attraction,25.691111,94.382222,budget,4.4,16186,"Located in the historic Chakhesang village of Rüzazho in Phek district, this commemorated heritage house served as the operational headquarters of Netaji Subhas Chandra Bose and the Indian National Army (INA) in May 1944 during the Battle of Kohima. Officially recognized as the first village administered by the Azad Hind government in India, the site preserves Netaji's residence, historical wartime photographs, and patriotic commemorative plaques.",Oct-Feb,https://images.unsplash.com/photo-1567157577867-05ccb1388e66?w=800&auto=format&fit=crop&q=80
6169,Sedzu Riverbed Shallows & Pebble Camping Banks,Nagaland,homestay,25.652222,94.461111,budget,3.9,886,"Flowing through a scenic mountain valley in central Phek, the Sedzu River is celebrated for wide, clean pebble beaches, calm crystalline shallows, and gentle river bends framed by terraced paddy fields and pine-clad hills. The riverbanks are a favored seasonal camping and cooking retreat for local Chakhesang youths and visiting outdoor enthusiasts.",Oct-Feb,https://images.unsplash.com/photo-1499793983690-e29da59ef1c2?w=800&auto=format&fit=crop&q=80
6170,Shilloi Lake (Lachem Lake) Meluri,Nagaland,attraction,25.566667,94.783333,budget,4.5,26825,"Nestled in a picturesque valley basin among the pine-clad Patkai hills of Meluri subdivision near the international border with Myanmar 260 km from Kohima, celebrated as the largest natural freshwater lake in Nagaland, spanning an area of 0.25 to 0.30 square kilometers, shaped distinctively like a giant human footprint, revered by the indigenous Pochury Nagas as sacred water protected by spirits (who strictly forbid bathing or washing), surrounded by weeping willows and migratory Siberian waterfowl.",Oct-Feb,https://images.unsplash.com/photo-1439066615861-d1af74d74000?w=800&auto=format&fit=crop&q=80
6171,Tso Tawo Mythological Lake & Stone Sites (Khezhakeno),Nagaland,attraction,25.511111,94.242222,budget,4.4,745,"Located in the legendary ancestral village of Khezhakeno in western Phek, Tso Tawo is a sacred mythological flat stone slab and accompanying natural water pool steeped in indigenous Naga creation lore. According to ancient oral traditions, paddy spread over this magical stone slab would double by sunset, leading to the early prosperity and eventual migration of ancestral tribes across the Naga highlands.",Oct-Feb,https://images.unsplash.com/photo-1544644181-1484b3fdfc62?w=800&auto=format&fit=crop&q=80
6172,Wazeho Limestone Hills & Mineral Valley,Nagaland,attraction,25.633333,94.75,budget,4.3,2016,"Nestled in a remote, picturesque mountain valley in Meluri subdivision near the Myanmar border 45 km beyond Meluri town, Wazeho is celebrated for its dramatic landscape of white sedimentary limestone bluffs, natural karst springs, and the historic Wazeho Mini Cement Plant (established by the Nagaland State Mineral Development Corporation), surrounded by dense pine forests and unexplored speleological caves.",Oct-Feb,https://images.unsplash.com/photo-1506197603052-3cc9c3a201bd?w=800&auto=format&fit=crop&q=80
6173,Zhavame Vegetable Bowl & Flower Haven,Nagaland,attraction,25.516667,94.266667,budget,4.2,541,"Nestled in a verdant mountain amphitheatre at the foot of Kapamodzü peak 12 km from Pfütsero, Zhavame is an enchanting Chakhesang tribal village celebrated as one of Nagaland's most productive organic horticultural settlements, famous for its colossal terraced cabbage, potato, and garlic fields, traditional stone-and-wood granaries, and the vibrant Kapamodzü and Zhavame Flower Festival celebrating the blooming of wild alpine cherry blossoms.",Oct-Feb,https://images.unsplash.com/photo-1544717305-2782549b5136?w=800&auto=format&fit=crop&q=80
6174,Aunglung (Lovers' Double Boulder Formation),Nagaland,attraction,26.051111,94.902222,budget,4.2,3085,"Perched on a scenic ridge near Shamator town, Aunglung is a pair of colossal natural limestone boulders that lean intimately toward each other. In indigenous Yimkhiung folklore, these twin stones immortalize two ancient star-crossed lovers whose spirits were eternally bonded in stone by the deities, surrounded by panoramic views of the Saramati mountain foothills.",Oct-Feb,https://images.unsplash.com/photo-1621847468516-1ed5d0df56fe?w=800&auto=format&fit=crop&q=80
6175,Chessore Heritage Village & Log Drum House,Nagaland,attraction,26.121111,94.891111,budget,4.6,3723,"Perched on a high mountain saddle commanding dramatic views of the surrounding valleys, Chessore is an ancient Yimkhiung Naga ancestral village. The village preserves monumental hand-hewn wooden log drums housed in traditional timber morungs, stepped terraced rice fields cascading into deep gorges, and customary clan council institutions that uphold centuries of folk traditions.",Oct-Feb,https://images.unsplash.com/photo-1518709268805-4e9042af9f23?w=800&auto=format&fit=crop&q=80
6176,Kinihung Heritage Ridge & Saramati Foothill Trail,Nagaland,attraction,26.081111,94.962222,budget,4.4,2249,"Stretching along a panoramic mountain spine in eastern Shamator, the Kinihung Heritage Ridge trail provides high-altitude trekking paths through sub-tropical pine and oak groves. The elevated ridge delivers unbroken vistas of Mount Saramati—Nagaland's tallest peak—and the sweeping border ranges rolling into Myanmar.",Oct-Feb,https://images.unsplash.com/photo-1464822759023-fed622ff2c3b?w=800&auto=format&fit=crop&q=80
6177,Likimro River Rapids & Mountain Gorge,Nagaland,attraction,26.011111,94.942222,budget,4.7,6683,"Rushing through deep rocky gorges in southern Shamator, the Likimro River is an untamed mountain waterway characterized by roaring white-water rapids, crystal turquoise deep pools, and sheer forested canyon walls. The river corridor provides pristine habitats for native hill fishes and serves as an exhilarating destination for river trekking and wilderness camping.",Oct-Feb,https://images.unsplash.com/photo-1464822759023-fed622ff2c3b?w=800&auto=format&fit=crop&q=80
6178,Shamator Town & Yimkhiung Cultural Heartland,Nagaland,attraction,26.05,94.883333,budget,4.6,25096,"Perched on an elevated mountain ridge in eastern Nagaland 55 km south of Tuensang at an altitude of 1,500 meters, Shamator is the district headquarters of the Yimkhiung Naga tribe, celebrated as the epicenter of Yimkhiung cultural identity, famous for the vibrant annual Medhü Festival (celebrated with warrior hornbill-feather dances, communal feasting, and peace rituals), traditional cane and bamboo weaving, and panoramic views of the Saramati mountain range.",Oct-Feb,https://images.unsplash.com/photo-1518709268805-4e9042af9f23?w=800&auto=format&fit=crop&q=80
6179,Tsungketshir Natural Limestone Caves (Chessore),Nagaland,attraction,26.111111,94.882222,budget,4.7,5269,"Tucked away in the forested hills near Chessore in Shamator district, Tsungketshir is a subterranean limestone cavern system featuring spacious underground chambers, natural rock pillars, and crystalline dripstone formations. The grottos were historically used by Yimkhiung warriors as emergency defensive shelters and scouting stations.",Oct-Feb,https://images.unsplash.com/photo-1509316975850-ff9c5deb0cd9?w=800&auto=format&fit=crop&q=80
6180,Gwasinlo Forest Stream & Shallows,Nagaland,attraction,25.961111,94.252222,budget,4.1,404,"Flowing through a sheltered forested valley near Gwasinlo village in northern Tseminyu, this crystal-clear mountain brook is characterized by smooth water-sculpted stone basins, calm gravel shallows, and lush banks blanketed in wild banana groves and bamboo clumps. The stream is a beloved local retreat for nature walks, freshwater wading, and seasonal family picnics.",Oct-Feb,https://images.unsplash.com/photo-1609766857041-ed402ea8069a?w=800&auto=format&fit=crop&q=80
6181,Khinrun (Governor's View Point Tseminyu),Nagaland,attraction,25.891111,94.202222,budget,4.0,167,"Perched on a prominent high-altitude ridge near Tseminyu town, Khinrun—widely known locally as Governor's View Point—is a scenic summit celebrated for panoramic mountain vistas. Historically favored by visiting dignitaries and governors, the lookout provides sweeping views across the layered mountain ranges of central Nagaland, with early morning mist blanketing the agricultural valleys below.",Oct-Feb,https://images.unsplash.com/photo-1544717305-2782549b5136?w=800&auto=format&fit=crop&q=80
6182,Ngada Cultural Festival Grounds (Tseminyu),Nagaland,attraction,25.901111,94.212222,budget,4.4,9586,"Situated in the civic heart of Tseminyu, the Ngada Cultural Festival Grounds serve as the traditional arena for the annual Ngada festival—the grandest post-harvest celebration of the Rengma Naga community celebrated every November. The grounds feature a traditional amphitheater, ceremonial monoliths, carved wood pillars, and display pavilions where vibrant folk dances, choral music, and customary reconciliation rites are conducted.",Oct-Feb,https://images.unsplash.com/photo-1590050752117-238cb0fb12b1?w=800&auto=format&fit=crop&q=80
6183,Sendenyu Biodiversity Base Camp & Field Station,Nagaland,homestay,25.861111,94.242222,budget,4.6,1623,"Located at the gateway to the Sendenyu Community Biodiversity and Wildlife Reserve, this eco-field station serves as a model educational center for community-led biodiversity conservation. Managed by village youth and elders, the base camp features wildlife interpretation displays, guided nature trailheads into virgin oak-laurel forests, birding hides, and rustic eco-camps frequented by researchers and eco-travelers.",Oct-Feb,https://images.unsplash.com/photo-1510312305653-8ed496efae75?w=800&auto=format&fit=crop&q=80
6184,Sendenyu Community Biodiversity Conservation Area,Nagaland,attraction,25.933333,94.15,budget,4.9,20132,"Spanning 12 square kilometers of rugged, virgin mountain forest in Tseminyü district 18 km west of Tseminyü town, established in 2001 by a landmark resolution of the Sendenyu Village Council, celebrated across India as a pioneering model of indigenous community biodiversity conservation, where the villagers enacted customary conservation laws and created a wildlife corridor protecting the Great Indian Hornbill, Barking Deer, Wild Boar, Leopard Cat, and rare medicinal flora.",Oct-Feb,https://images.unsplash.com/photo-1590050752117-238cb0fb12b1?w=800&auto=format&fit=crop&q=80
6185,Terogvunyu Hillock Viewpoints & Terraced Vistas,Nagaland,attraction,25.921111,94.223333,budget,4.6,3025,"Perched on gentle pine-crested hillocks near Terogvunyu village in Tseminyu district, these scenic viewpoints command breathtaking vistas over the undulating agricultural heartland of the Rengma tribe. The hillsides are carved with ancient terraced rice fields that gleam emerald-green during the monsoon and golden during winter harvest, framed by distant blue mountain ranges.",Oct-Feb,https://images.unsplash.com/photo-1519681393784-d120267933ba?w=800&auto=format&fit=crop&q=80
6186,Tseminyü Town & Rengma Cultural Heartland,Nagaland,attraction,25.916667,94.216667,budget,4.9,10832,"Situated on a scenic mountain ridge 50 km north of Kohima along National Highway 2, Tseminyü is the newly created district headquarters and ancestral cultural capital of the Rengma Naga tribe, historically renowned for having introduced iron blacksmithing and metallurgy to the Naga hills, celebrated for the colorful annual Ngada Festival (an eight-day post-harvest festival in late November featuring traditional warrior chants, fire rituals, and feasting), and traditional Rengma woven shawls (Rikhyü).",Oct-Feb,https://images.unsplash.com/photo-1590050752117-238cb0fb12b1?w=800&auto=format&fit=crop&q=80
6187,Changsangmon Historical Ancestral Settlement,Nagaland,attraction,26.316667,94.866667,budget,4.7,2011,"Perched on a high rocky promontory in Tuensang district, Changsangmon is celebrated in Chang oral history and folklore as the ancestral mother settlement where the Chang Naga people lived as an undivided community following their migration from Chungliyimti, renowned for its ancient defensive stone ramparts, sacred monoliths erected by founding clan patriarchs, and archaeological traces of ancient round stone-paved meeting platforms.",Oct-Feb,https://images.unsplash.com/photo-1518709268805-4e9042af9f23?w=800&auto=format&fit=crop&q=80
6188,Chingmei Village & Ancient Stone Defensive Walls,Nagaland,attraction,26.191111,94.852222,budget,4.2,1328,"Perched on a commanding mountain ridge in southern Tuensang, Chingmei is an ancient Chang Naga settlement celebrated for historical fortifications. The village preserves centuries-old defensive stone perimeter walls, massive wooden village gates, traditional clan Morung dormitories housing monumental log drums, and oral histories recounting historic warrior expeditions.",Oct-Feb,https://images.unsplash.com/photo-1582510003544-4d00b7f74220?w=800&auto=format&fit=crop&q=80
6189,Chungliyimti Historical Origin Site,Nagaland,attraction,26.333333,94.666667,budget,4.9,15810,"Situated on a mystical, wind-swept mountain ridge 20 km east of Mokokchung along the border with Tuensang district, celebrated in the oral mythology of the Ao, Sangtam, and Chang Naga tribes as their sacred ancestral point of genesis, famous for 'Lungterok' (literally 'Six Stones' - six ancient monolithic stones protruding from the earth from which, according to tribal cosmology, the original three male and three female human ancestors emerged into the world), stone battlements, and ancient seed-grinding stones.",Oct-Feb,https://images.unsplash.com/photo-1609766857041-ed402ea8069a?w=800&auto=format&fit=crop&q=80
6190,Livingstone (Naklak) Waterfall & Forest Pool,Nagaland,attraction,26.251111,94.811111,budget,3.9,542,"Tucked away in the dense, subtropical mountain forests near Tuensang, Livingstone Waterfall (also known locally as Naklak Waterfall) is an unpolluted natural cascade where clear mountain water plunges over sheer granite cliff shelves into a tranquil jade-green plunge pool. Shaded by wild bamboo canopies and towering mountain trees, the waterfall offers an idyllic nature sanctuary.",Jul-Oct,https://images.unsplash.com/photo-1546548970-71785318a17b?w=800&auto=format&fit=crop&q=80
6191,Longterok Ancient Six-Stone Emergence Site,Nagaland,attraction,26.311111,94.662222,budget,4.4,1377,"Situated within the sacred historic grounds of Chungliyimti in Tuensang, Longterok (literally 'Six Stones' in the Ao language) is a revered natural geological stone formation. According to ancient indigenous creation myths, the ancestral progenitors of the Ao, Lotha, and Phom Naga tribes emerged from these six sacred stones, making it the foundational legendary cradle of indigenous hill civilization in central Nagaland.",Oct-Feb,https://images.unsplash.com/photo-1544717305-2782549b5136?w=800&auto=format&fit=crop&q=80
6192,Noksen Historic Baptist Church & Village,Nagaland,attraction,26.433333,94.85,budget,4.5,14983,"Situated on a scenic mountain saddle in Tuensang district 30 km north of Tuensang town along the road to Longleng, Noksen is an ancient Chang tribal village renowned as the early spiritual cradle of Christian mission work in eastern Nagaland, celebrated for its historic mission church selected by the Ministry of Tourism, Government of India under the PRASHAD pilgrimage tourism circuit, traditional stone-carved village gates, and sweeping views of the Dikhu river valley.",Oct-Feb,https://images.unsplash.com/photo-1567157577867-05ccb1388e66?w=800&auto=format&fit=crop&q=80
6193,Panso & Yokao Foothill Paths & Terrace Fields,Nagaland,attraction,26.151111,94.892222,budget,4.0,213,"Winding across elevated foothill valleys connecting Panso and Yokao villages, these undisturbed rural paths traverse magnificent terraced rice paddies carved into steep mountain slopes. Flanked by crystal streams, bamboo copses, and wildflower hedges, the trails offer breathtaking views of traditional agrarian landscapes.",Oct-Feb,https://images.unsplash.com/photo-1506197603052-3cc9c3a201bd?w=800&auto=format&fit=crop&q=80
6194,Tsadang Rock Caves & Natural Waterfall,Nagaland,attraction,26.231111,94.762222,budget,4.1,1177,"Located in the rugged hills near Tsadang village in Tuensang, this picturesque natural site combines ancient rock shelters with a gushing perennial mountain cascade. The caves, tucked behind curtains of hanging vines and wild ferns, feature natural stone benches historically used by traveling traders and hunters.",Jul-Oct,https://images.unsplash.com/photo-1432405972618-c60b0225b8f9?w=800&auto=format&fit=crop&q=80
6195,Tuensang Town & Chang Tribal Cultural Center,Nagaland,attraction,26.283333,94.833333,budget,4.4,12498,"Perched on a sprawling mountain ridge in eastern Nagaland 110 km from Mokokchung at an elevation of 1,371 meters, Tuensang is celebrated as the largest and most historic urban hill station in eastern Nagaland, historically serving as the headquarters of the Tuensang Frontier Division during British and NEFA administration, recognized as the vibrant cultural crossroads where the Chang, Sangtam, and Yimkhiung tribes converge, famous for the grand Naknyulüm and Poanglem tribal festivals.",Oct-Feb,https://images.unsplash.com/photo-1582510003544-4d00b7f74220?w=800&auto=format&fit=crop&q=80
6196,Baghty Passion Fruit Valley & Agro-Country,Nagaland,attraction,26.221111,94.122222,budget,4.7,9080,"Stretching across the fertile foothill valley of western Wokha, Baghty is celebrated as the passion fruit capital of Nagaland. Rolling hillsides are blanketed in vast organic plantations of yellow and purple passion fruit vines, orange groves, and tea gardens, supporting thriving local agro-processing units and scenic valley farm walks.",Oct-Feb,https://images.unsplash.com/photo-1486870591958-9b9d0d1dda99?w=800&auto=format&fit=crop&q=80
6197,Bhandari Foothill Valley & Mineral Belt Wokha,Nagaland,attraction,26.25,94.083333,budget,4.7,5038,"Situated in the gentle fertile foothills of western Wokha district bordering the Golaghat district of Assam, Bhandari is a scenic sub-divisional center celebrated for its vast organic orange, passion fruit, and rubber plantations, historical significance as an early oil exploration and hydrocarbon reserve corridor of Nagaland, and tranquil rural Lotha settlements nestled along foothill streams.",Oct-Feb,https://images.unsplash.com/photo-1486870591958-9b9d0d1dda99?w=800&auto=format&fit=crop&q=80
6198,Chukitong Ridge & Valley Viewpoint,Nagaland,attraction,26.183333,94.3,budget,4.6,28475,"Perched on a narrow, breezy mountain saddle along National Highway 2 between Wokha and Mokokchung 16 km north of Wokha town at an elevation of 1,400 meters, Chukitong is an idyllic hill station celebrated for its elevated roadside viewpoints that command sensational panoramic vistas overlooking the winding Doyang River gorge, lush green terraced hillsides, rolling clouds, and traditional Lotha wood-and-tin village dwellings.",Oct-Feb,https://images.unsplash.com/photo-1441974231531-c6227db76b6e?w=800&auto=format&fit=crop&q=80
6199,Doyang Hydro Project & Reservoir,Nagaland,attraction,26.166667,94.283333,budget,4.9,11812,"Constructed across the Doyang River in Wokha district by the North Eastern Electric Power Corporation (NEEPCO), celebrated as Nagaland's largest hydroelectric project with an installed capacity of 75 megawatts, creating an immense, breathtaking sapphire-blue water reservoir that snakes through forested green hillocks, highlighted in the state tourism policy as eastern India's premier destination for river sports, speed boating, freshwater angling, and world-famous birdwatching.",Oct-Feb,https://images.unsplash.com/photo-1506744038136-46273834b3fb?w=800&auto=format&fit=crop&q=80
6200,Englan Range Eco-Tourism & Trekking Ridge,Nagaland,attraction,26.15,94.216667,budget,4.7,10974,"Situated across the rolling mountain ranges of northern Wokha district 18 km from Wokha town, Englan Range is a dedicated eco-tourism destination developed by the Department of Tourism, Government of Nagaland, celebrated for its dense semi-evergreen forests, terraced organic orange and passion-fruit orchards, panoramic trekking routes along mountain spines, and comfortable eco-cottages managed by local youth eco-clubs.",Oct-Feb,https://images.unsplash.com/photo-1609766857041-ed402ea8069a?w=800&auto=format&fit=crop&q=80
6201,Etsüchukha Sacred Spring Pool & Lotha Grove,Nagaland,attraction,26.091111,94.253333,budget,4.0,759,"Located in a serene wooded ravine on the edge of Wokha town, Etsüchukha is an ancient natural freshwater spring pool that has sustained the town for generations. Enclosed by massive centuries-old sacred trees, stone masonry steps, and lush mossy rocks, the pool is revered in local Lotha traditions as a symbol of perpetual life and communal harmony.",Oct-Feb,https://images.unsplash.com/photo-1567157577867-05ccb1388e66?w=800&auto=format&fit=crop&q=80
6202,Liphanyan Governor's Camp & Doyang River Meanders,Nagaland,homestay,26.111111,94.152222,budget,3.9,443,"Situated along a scenic, meandering stretch of the lower Doyang River near Liphanyan village, Governor's Camp is a historic wilderness campsite favored since colonial times by visiting dignitaries. The riverbank features expansive white sandbars, calm turquoise river pools, and dense tropical hardwood forests, making it one of the premier spots in Wokha for river rafting, wilderness camping, and angling.",Oct-Feb,https://images.unsplash.com/photo-1587061949409-02df41d5e562?w=800&auto=format&fit=crop&q=80
6203,Mount Tiyi (Tiyi Peak) - Sacred Lotha Abode,Nagaland,attraction,26.1,94.266667,budget,4.9,28456,"Rising to an altitude of 1,970 meters (6,463 feet) above Wokha town, Mount Tiyi is celebrated as the sacred spiritual mountain of the Lotha Naga tribe, revered in ancient folklore as the mythical realm where the souls of departed ancestors dwell, adorned with natural orchards of wild rhododendrons, wild orchids, and mountain walnuts, featuring a scenic ridge trail culminating in breathtaking panoramic views of the Doyang river valley and eight districts of Nagaland on clear days.",Oct-Feb,https://images.unsplash.com/photo-1464822759023-fed622ff2c3b?w=800&auto=format&fit=crop&q=80
6204,Pangti Village & Amur Falcon Roosting Capital,Nagaland,attraction,26.183333,94.266667,budget,4.5,25211,"Situated on the ridge above the Doyang reservoir in Wokha district, Pangti village is celebrated globally as the 'Falcon Capital of the World', world-famous for an extraordinary conservation revolution where local Lotha Naga hunters transformed into dedicated protectors, hosting over one million migrating Amur Falcons (Falco amurensis) every year in October and November as they make their epic trans-oceanic flight from eastern Siberia and northern China to Southern Africa.",Oct-Feb,https://images.unsplash.com/photo-1544644181-1484b3fdfc62?w=800&auto=format&fit=crop&q=80
6205,Sungro Village & Doyang Aerial Viewpoint,Nagaland,attraction,26.216667,94.316667,budget,4.1,774,"Situated on a high mountain promontory 32 km from Wokha town overlooking the vast northern expanse of the Doyang reservoir, Sungro is a scenic Lotha tribal settlement renowned for offering the most spectacular elevated aerial vantage point overlooking the sapphire-blue waters of Doyang Lake winding through green mountain fingers, traditional Lotha timber homes, and tranquil orange orchards.",Oct-Feb,https://images.unsplash.com/photo-1567157577867-05ccb1388e66?w=800&auto=format&fit=crop&q=80
6206,Totsu Wozhu Sacred Cliff Lake,Nagaland,attraction,26.181111,94.262222,budget,4.5,2764,"Nestled secretly under the colossal rocky overhang of the Totsu Cliff near Wozhuro in Wokha district, Totsu Wozhu is an enchanting freshwater lake steeped in ancient Lotha mythology. Shrouded by dense subtropical forest and wild mountain orchids, the lake waters are held sacred in local lore as a divine sanctuary, offering an aura of mystical tranquility.",Oct-Feb,https://images.unsplash.com/photo-1506744038136-46273834b3fb?w=800&auto=format&fit=crop&q=80
6207,Tsungiki–Philimi Doyang Community Fishing Confluence,Nagaland,attraction,26.133333,94.35,budget,4.4,10937,"Situated at the scenic river confluence where the Doyang River carves between Tsungiki village in Wokha district and Philimi village in Zunheboto district, celebrated across Nagaland as a historic site of inter-tribal cultural harmony between the Lotha and Sumi Naga tribes, famous for the traditional biennial Tsungiki-Philimi Community Fishing Event, where thousands of villagers gather along the rocky banks to harvest river fish using indigenous root-bark extracts and woven wicker traps.",Oct-Feb,https://images.unsplash.com/photo-1621847468516-1ed5d0df56fe?w=800&auto=format&fit=crop&q=80
6208,Vankhosung Baptist Mission Compound Wokha,Nagaland,attraction,26.116667,94.25,budget,4.9,18755,"Situated 4 km from Wokha town along the highway, established in the early 20th century as the spiritual and educational headquarters of the Lotha Baptist Churches Association (KBES), celebrated as the cradle of Christian faith and modern vernacular education for the Lotha Naga people, featuring a historic mission church, heritage mission bungalows, lush pine groves, and formally selected by the Ministry of Tourism, Government of India under the national PRASHAD pilgrimage scheme.",Oct-Feb,https://images.unsplash.com/photo-1585320806297-9794b3e4eeae?w=800&auto=format&fit=crop&q=80
6209,Wokha,Nagaland,attraction,26.24225,94.19212,budget,4.1,1053,"Wokha, the district headquarters of Wokha district in Nagaland, is a stunning destination nestled in the easternmost part of India. The region is known for its captivating landscape, with rolling hills, verdant forests, and meandering rivers that offer breathtaking views. With its rich cultural heritage and diverse wildlife, Wokha is a haven for adventure seekers and nature lovers alike. The district is home to the Lotha Naga tribe, who are known for their warm hospitality and vibrant traditions. Visitors can immerse themselves in the local culture by attending traditional festivals, visiting ancient villages, and sampling the region's unique cuisine. For the more adventurous, Wokha offers a range of outdoor activities, including trekking, rock climbing, and bird watching, making it an ideal destination for those seeking an adrenaline-packed vacation.",Oct-Feb,https://images.unsplash.com/photo-1609766857041-ed402ea8069a?w=800&auto=format&fit=crop&q=80
6210,Aizuto Mission Compound Zunheboto,Nagaland,attraction,26.05,94.566667,budget,4.9,5719,"Perched on a quiet mountain ridge in Zunheboto district 15 km from Zunheboto town, Aizuto is celebrated as the historic mother mission compound of the Sümi Baptist Church, established in the early 20th century as the spiritual and educational center that brought literacy, healthcare, and Christianity to the Sümi Naga people, featuring a historic mission church, heritage colonial timber bungalows, and formally selected by the Ministry of Tourism under the national PRASHAD pilgrimage scheme.",Oct-Feb,https://images.unsplash.com/photo-1518709268805-4e9042af9f23?w=800&auto=format&fit=crop&q=80
6211,Akuluto Town & Nagaland University Lumami Campus,Nagaland,homestay,26.2,94.483333,budget,4.9,14264,"Perched on rolling green mountain ridges 30 km south of Mokokchung at an elevation of 1,300 meters, Akuluto and adjacent Lumami form an intellectual and cultural hub in northern Zunheboto district, celebrated as the permanent residential headquarters campus of Nagaland University (the state's central university), featuring expansive hilltop academic complexes, botanical gardens, pine groves, and panoramic views of the surrounding central Naga hills.",Oct-Feb,https://images.unsplash.com/photo-1587061949409-02df41d5e562?w=800&auto=format&fit=crop&q=80
6212,Ghathashi Historic Sema Settlement & Valley,Nagaland,attraction,25.866667,94.316667,budget,4.7,2061,"Nestled in a picturesque valley basin in southern Zunheboto district 45 km north of Kohima, Ghathashi is an ancient, historic settlement of the southern Sümi (Sema) Nagas, renowned for its extensive green irrigated terraced rice fields that fill the valley floor, traditional wooden clan gates, historic feast monoliths, and serving as the cultural cradle of the famous Thuwu-ni cultural festival.",Oct-Mar,https://images.unsplash.com/photo-1441974231531-c6227db76b6e?w=800&auto=format&fit=crop&q=80
6213,Ghosu Bird Sanctuary & Community Forest Reserve,Nagaland,attraction,26.031111,94.512222,budget,3.9,970,"Nestled in the lush hills on the outskirts of Zunheboto town, Ghosu Bird Sanctuary is an exemplary community-managed forest reserve protected by local village elders and conservationists. The sanctuary harbors over 20 species of cuckoos, hornbills, hill partridges, babblers, and rare migratory birds amidst pristine subtropical broadleaf forest and natural salt licks.",Oct-Feb,https://images.unsplash.com/photo-1551969014-7d2c4cddf0b6?w=800&auto=format&fit=crop&q=80
6214,Kizari Riverbed & Rapids (Zunheboto),Nagaland,attraction,25.961111,94.491111,budget,4.6,8946,"Flowing through an unspoiled mountain valley in southern Zunheboto, the Kizari River is celebrated for cold, clear waters rushing over granite rapids and broad gravel flats. Enclosed by dense oak and rhododendron forests, the riverbed is a favored local destination for catch-and-release angling, wilderness day camps, and stream hiking.",Oct-Feb,https://images.unsplash.com/photo-1609766857041-ed402ea8069a?w=800&auto=format&fit=crop&q=80
6215,Pughoboto Sub-Divisional Hill Station,Nagaland,attraction,25.883333,94.35,budget,4.5,12169,"Perched on a high breezy mountain spur in southern Zunheboto district 55 km from Kohima at an elevation of 1,450 meters, Pughoboto is an atmospheric sub-divisional hill station renowned for its cool alpine climate, scenic pine woodlands, and as the host venue of the famous annual Thuwu-ni Festival (a vibrant three-day cultural, music, and indigenous sports extravaganza celebrating local youth empowerment, indigenous cuisine, and traditional wrestling).",Oct-Feb,https://images.unsplash.com/photo-1519681393784-d120267933ba?w=800&auto=format&fit=crop&q=80
6216,Satoi Range Wildlife & Ecotourism Ridge,Nagaland,attraction,25.866667,94.633333,budget,4.8,22574,"Rising majestically across the southeastern border of Zunheboto and Kiphire districts at altitudes exceeding 2,200 meters, the Satoi Range is celebrated as one of the last remaining contiguous primary virgin forests of central Nagaland, adorned with centuries-old giant rhododendron and oak canopies, rare wild mountain orchids, and recognized in the Nagaland Tourism Policy as a premier eco-tourism and birdwatching habitat harboring the vulnerable Blyth's Tragopan.",Oct-Feb,https://images.unsplash.com/photo-1549366021-9f761d450615?w=800&auto=format&fit=crop&q=80
6217,Sukhai & Kivikhu Eco-Trail Villages,Nagaland,attraction,25.981111,94.422222,budget,4.1,1090,"Set amidst the rolling green highlands of western Zunheboto, Sukhai and Kivikhu are award-winning community eco-tourism hamlets celebrated for voluntary wildlife conservation. The villages feature guided forest eco-trails through protected community reserves, rich butterfly corridors, river eco-parks, and authentic traditional bamboo homestays operated by Sumi families.",Oct-Feb,https://images.unsplash.com/photo-1544717305-2782549b5136?w=800&auto=format&fit=crop&q=80
6218,Sumi Baptist Church Zunheboto (Asia's Largest Church Building),Nagaland,attraction,25.971111,94.522222,budget,4.9,21068,"Perched majestically atop the highest hillock in Zunheboto town at an elevation of 1,864 meters, the Sumi Baptist Church (SBCZ) is an architectural marvel recognized as the largest church building in Asia. Designed in a striking blue-domed octagonal shape, this monumental structure stands 166 feet tall and can seat over 8,500 worshippers in its main auditorium, offering magnificent 360-degree panoramas of the surrounding mountain ranges.",Oct-Feb,https://images.unsplash.com/photo-1590050752117-238cb0fb12b1?w=800&auto=format&fit=crop&q=80
6219,Suruhuto Highland Town & Oak Hills Zunheboto,Nagaland,attraction,26.083333,94.55,budget,4.3,616,"Perched on a commanding mountain ridge at an elevation of 1,650 meters in northern Zunheboto district 20 km from Zunheboto town, Suruhuto is an atmospheric hill station of the Sümi Nagas, renowned for its cool bracing climate, surrounding virgin oak and rhododendron forests that bloom in spring, traditional Sümi wood-and-bamboo dwellings, and elevated viewpoints overlooking the Tizu River canyon.",Oct-Feb,https://images.unsplash.com/photo-1464822759023-fed622ff2c3b?w=800&auto=format&fit=crop&q=80
6220,Tizu River Biodiversity Corridor Zunheboto,Nagaland,attraction,25.966667,94.6,budget,4.7,24357,"Carving a deep, dramatic rocky canyon through central and eastern Nagaland before flowing into the Chindwin River of Myanmar, the Tizu River is celebrated in the Nagaland Tourism Policy as a premier water body for eco-tourism, river trekking, and sport angling, famous for the pioneering Chengu Community Biodiversity Conservation Area where local Sumi villages declared a 10-km stretch of the river as a no-fishing sanctuary to revive populations of the endangered Golden Mahseer and freshwater hill trout.",Oct-Feb,https://images.unsplash.com/photo-1567157577867-05ccb1388e66?w=800&auto=format&fit=crop&q=80
6221,Zunheboto Town & Sümi Baptist Church,Nagaland,attraction,26.016667,94.516667,budget,4.9,10593,"Perched on a commanding hillock at an elevation of 1,874 meters in central Nagaland, Zunheboto is the cultural heartland of the martial Sümi Naga tribe, world-famous for the monumental Sümi Baptist Church Zunheboto (SBAK) inaugurated in April 2017, recognized as one of the largest church buildings in Asia, standing 166 feet tall with a floor area of 23,735 square feet, seating 8,500 worshippers under a colossal egg-shaped blue dome with a 27-bell chime cast in Poland.",Oct-Feb,https://images.unsplash.com/photo-1621847468516-1ed5d0df56fe?w=800&auto=format&fit=crop&q=80
6222,Khonoma Village,Nagaland,attraction,25.6065,94.1351,budget,4.5,4383,"Khonoma Village is a premier heritage destination in Kohima, Nagaland. Renowned as a prominent landmark in regional tourism (Village/Culture), it welcomes visitors seeking authentic cultural immersion, picturesque vistas, and rich historic heritage.",Oct-Feb,https://images.unsplash.com/photo-1590050752117-238cb0fb12b1?w=800&auto=format&fit=crop&q=80
6223,Mount Japfu,Nagaland,attraction,25.632,94.1696,budget,4.9,13244,"Mount Japfu is a premier hill station destination in Kohima, Nagaland. Renowned as a prominent landmark in regional tourism (Mountain), it welcomes visitors seeking authentic cultural immersion, picturesque vistas, and rich historic heritage.",Oct-Feb,https://images.unsplash.com/photo-1590050752117-238cb0fb12b1?w=800&auto=format&fit=crop&q=80
6224,Intangki National Park,Nagaland,attraction,20.9116,78.6742,budget,4.4,8377,"Intangki National Park is a premier wildlife destination in Dimapur, Peren, Nagaland. Renowned as a prominent landmark in regional tourism (Wildlife), it welcomes visitors seeking authentic cultural immersion, picturesque vistas, and rich historic heritage.",Oct-Feb,https://images.unsplash.com/photo-1551969014-7d2c4cddf0b6?w=800&auto=format&fit=crop&q=80
6225,Mon,Nagaland,attraction,26.665,94.9683,budget,4.5,24220,"Mon is a premier heritage destination in Mon, Nagaland. Renowned as a prominent landmark in regional tourism (Culture), it welcomes visitors seeking authentic cultural immersion, picturesque vistas, and rich historic heritage.",Oct-Feb,https://images.unsplash.com/photo-1590050752117-238cb0fb12b1?w=800&auto=format&fit=crop&q=80
6226,Tuophema Village,Nagaland,attraction,25.7085,94.1231,budget,4.8,3758,"Tuophema Village is a premier heritage destination in Kohima, Nagaland. Renowned as a prominent landmark in regional tourism (Village/Culture), it welcomes visitors seeking authentic cultural immersion, picturesque vistas, and rich historic heritage.",Oct-Feb,https://images.unsplash.com/photo-1544717305-2782549b5136?w=800&auto=format&fit=crop&q=80
6227,Phek,Nagaland,attraction,25.666,94.4373,budget,4.1,169,"Phek is a premier heritage destination in Phek, Nagaland. Renowned as a prominent landmark in regional tourism (Nature), it welcomes visitors seeking authentic cultural immersion, picturesque vistas, and rich historic heritage.",Oct-Feb,https://images.unsplash.com/photo-1582510003544-4d00b7f74220?w=800&auto=format&fit=crop&q=80
6228,Longwa Village,Nagaland,attraction,26.5915,94.9218,budget,4.1,553,"Longwa Village is a premier heritage destination in Mon, Nagaland. Renowned as a prominent landmark in regional tourism (Village/Culture), it welcomes visitors seeking authentic cultural immersion, picturesque vistas, and rich historic heritage.",Oct-Feb,https://images.unsplash.com/photo-1518709268805-4e9042af9f23?w=800&auto=format&fit=crop&q=80
6229,Kachari Ruins,Nagaland,attraction,20.8891,78.6967,budget,4.6,24972,"Kachari Ruins is a premier heritage destination in Dimapur, Nagaland. Renowned as a prominent landmark in regional tourism (Heritage), it welcomes visitors seeking authentic cultural immersion, picturesque vistas, and rich historic heritage.",Oct-Feb,https://images.unsplash.com/photo-1518709268805-4e9042af9f23?w=800&auto=format&fit=crop&q=80
6230,Avakhung Indo-Myanmar Border Post & Trade Corridor,Nagaland,attraction,25.561111,94.952222,budget,4.3,1201,"Perched on a strategic mountain crest in the far southeastern corner of Meluri district, Avakhung is an officially designated international border trade post connecting India with the Sagaing Region of Myanmar. The frontier outpost offers sweeping, unbroken vistas of the mist-shrouded mountain chains and deep forested valleys extending endlessly into Myanmar, serving as an important cultural and economic bridge for trans-border Pochury communities.",Oct-Feb,https://images.unsplash.com/photo-1518709268805-4e9042af9f23?w=800&auto=format&fit=crop&q=80
6231,Inavi Model Village & Sericulture Farms,Nagaland,attraction,22.5553,78.9653,budget,4.2,1049,"Inavi Model Village & Sericulture Farms is an authentic attraction destination located in ,  district of Nagaland. Celebrated for its regional significance and unique ambiance, it offers travelers an immersive experience in the culture, scenic beauty, and heritage of Nagaland.",Oct-Feb,https://images.unsplash.com/photo-1621847468516-1ed5d0df56fe?w=800&auto=format&fit=crop&q=80
6232,Ghotovi Eco Lake & Migratory Birds Sanctuary,Nagaland,attraction,22.5977,78.9909,budget,4.5,2815,"Ghotovi Eco Lake & Migratory Birds Sanctuary is an authentic attraction destination located in ,  district of Nagaland. Celebrated for its regional significance and unique ambiance, it offers travelers an immersive experience in the culture, scenic beauty, and heritage of Nagaland.",Oct-Feb,https://images.unsplash.com/photo-1506744038136-46273834b3fb?w=800&auto=format&fit=crop&q=80
6233,Eco Lake Angling,Nagaland,attraction,25.7322,93.7216,budget,4.3,838,"Eco Lake Angling is a notable lake destination in Chumoukedima district, Nagaland. It offers rich indigenous tribal traditions, pristine eastern Himalayan landscapes, and authentic community heritage.",Oct-Feb,https://images.unsplash.com/photo-1544644181-1484b3fdfc62?w=800&auto=format&fit=crop&q=80
6234,Agri Expo Centre,Nagaland,attraction,25.753,93.752,budget,4.5,4839,"Agri Expo Centre is a notable park destination in Chumoukedima district, Nagaland. It offers rich indigenous tribal traditions, pristine eastern Himalayan landscapes, and authentic community heritage.",Oct-Feb,https://images.unsplash.com/photo-1567157577867-05ccb1388e66?w=800&auto=format&fit=crop&q=80
6235,Molvom Pineapple Festival Area,Nagaland,attraction,25.7738,93.7824,budget,4.8,2781,"Molvom Pineapple Festival Area is a notable nature destination in Chumoukedima district, Nagaland. It offers rich indigenous tribal traditions, pristine eastern Himalayan landscapes, and authentic community heritage.",Oct-Feb,https://images.unsplash.com/photo-1621847468516-1ed5d0df56fe?w=800&auto=format&fit=crop&q=80
6236,Nagaland Bamboo Resource Centre,Nagaland,attraction,25.7946,93.8128,budget,4.9,5868,"Nagaland Bamboo Resource Centre is a notable nature destination in Chumoukedima district, Nagaland. It offers rich indigenous tribal traditions, pristine eastern Himalayan landscapes, and authentic community heritage.",Oct-Feb,https://images.unsplash.com/photo-1544717305-2782549b5136?w=800&auto=format&fit=crop&q=80
6237,Diezephe Craft Village,Nagaland,attraction,25.8154,93.8432,budget,4.2,2614,"Diezephe Craft Village is a notable culture destination in Chumoukedima district, Nagaland. It offers rich indigenous tribal traditions, pristine eastern Himalayan landscapes, and authentic community heritage.",Oct-Feb,https://images.unsplash.com/photo-1590050752117-238cb0fb12b1?w=800&auto=format&fit=crop&q=80
6238,Diezephe Weavers Place,Nagaland,attraction,25.8362,93.7136,budget,4.1,164,"Diezephe Weavers Place is a notable culture destination in Chumoukedima district, Nagaland. It offers rich indigenous tribal traditions, pristine eastern Himalayan landscapes, and authentic community heritage.",Oct-Feb,https://images.unsplash.com/photo-1582510003544-4d00b7f74220?w=800&auto=format&fit=crop&q=80
6239,Heirloom Naga,Nagaland,attraction,25.857,93.744,budget,4.8,3210,"Heirloom Naga is a notable culture destination in Chumoukedima district, Nagaland. It offers rich indigenous tribal traditions, pristine eastern Himalayan landscapes, and authentic community heritage.",Oct-Feb,https://images.unsplash.com/photo-1590050752117-238cb0fb12b1?w=800&auto=format&fit=crop&q=80
6240,Seithekima Triple Falls,Nagaland,attraction,25.7178,93.7744,budget,4.8,8540,"Seithekima Triple Falls is a notable waterfall destination in Chumoukedima district, Nagaland. It offers rich indigenous tribal traditions, pristine eastern Himalayan landscapes, and authentic community heritage.",Oct-Feb,https://images.unsplash.com/photo-1518457607834-6e8d80c183c5?w=800&auto=format&fit=crop&q=80
6241,Appu Park,Nagaland,attraction,25.7386,93.8048,budget,4.7,8835,"Appu Park is a notable park destination in Chumoukedima district, Nagaland. It offers rich indigenous tribal traditions, pristine eastern Himalayan landscapes, and authentic community heritage.",Oct-Feb,https://images.unsplash.com/photo-1585320806297-9794b3e4eeae?w=800&auto=format&fit=crop&q=80
6242,Aqua Mellow Park,Nagaland,attraction,25.7594,93.8352,budget,4.9,7724,"Aqua Mellow Park is a notable park destination in Chumoukedima district, Nagaland. It offers rich indigenous tribal traditions, pristine eastern Himalayan landscapes, and authentic community heritage.",Oct-Feb,https://images.unsplash.com/photo-1584467735815-f778f274e296?w=800&auto=format&fit=crop&q=80
6243,Green Park,Nagaland,attraction,25.7802,93.7056,budget,4.1,220,"Green Park is a notable park destination in Chumoukedima district, Nagaland. It offers rich indigenous tribal traditions, pristine eastern Himalayan landscapes, and authentic community heritage.",Oct-Feb,https://images.unsplash.com/photo-1585320806297-9794b3e4eeae?w=800&auto=format&fit=crop&q=80
6244,NEZCC Stone Park,Nagaland,attraction,25.801,93.736,budget,4.3,3297,"NEZCC Stone Park is a notable park destination in Chumoukedima district, Nagaland. It offers rich indigenous tribal traditions, pristine eastern Himalayan landscapes, and authentic community heritage.",Oct-Feb,https://images.unsplash.com/photo-1584467735815-f778f274e296?w=800&auto=format&fit=crop&q=80
6245,North East Zone Cultural Centre,Nagaland,attraction,25.8218,93.7664,budget,4.4,1678,"North East Zone Cultural Centre is a notable culture destination in Chumoukedima district, Nagaland. It offers rich indigenous tribal traditions, pristine eastern Himalayan landscapes, and authentic community heritage.",Oct-Feb,https://images.unsplash.com/photo-1590050752117-238cb0fb12b1?w=800&auto=format&fit=crop&q=80
6246,TL Angami Park,Nagaland,attraction,25.8426,93.7968,budget,4.7,9075,"TL Angami Park is a notable park destination in Chumoukedima district, Nagaland. It offers rich indigenous tribal traditions, pristine eastern Himalayan landscapes, and authentic community heritage.",Oct-Feb,https://images.unsplash.com/photo-1585320806297-9794b3e4eeae?w=800&auto=format&fit=crop&q=80
6247,"Shiv Mandir, Chumoukedima",Nagaland,attraction,25.8634,93.8272,budget,4.2,3126,"Shiv Mandir, Chumoukedima is a notable nature destination in Chumoukedima district, Nagaland. It offers rich indigenous tribal traditions, pristine eastern Himalayan landscapes, and authentic community heritage.",Oct-Feb,https://images.unsplash.com/photo-1621847468516-1ed5d0df56fe?w=800&auto=format&fit=crop&q=80
6248,Ili-Ah,Nagaland,attraction,25.7242,93.6976,budget,4.9,2579,"Ili-Ah is a notable nature destination in Chumoukedima district, Nagaland. It offers rich indigenous tribal traditions, pristine eastern Himalayan landscapes, and authentic community heritage.",Oct-Feb,https://images.unsplash.com/photo-1544717305-2782549b5136?w=800&auto=format&fit=crop&q=80
6249,Midway Resort,Nagaland,hotel,25.745,93.728,mid,4.7,3273,"Midway Resort is a notable nature destination in Chumoukedima district, Nagaland. It offers rich indigenous tribal traditions, pristine eastern Himalayan landscapes, and authentic community heritage.",Oct-Feb,https://images.unsplash.com/photo-1582719508461-905c673771fd?w=800&auto=format&fit=crop&q=80
6250,Naithu Resort,Nagaland,hotel,25.7658,93.7584,mid,4.8,4572,"Naithu Resort is a notable nature destination in Chumoukedima district, Nagaland. It offers rich indigenous tribal traditions, pristine eastern Himalayan landscapes, and authentic community heritage.",Oct-Feb,https://images.unsplash.com/photo-1566073771259-6a8506099945?w=800&auto=format&fit=crop&q=80
6251,Noune Resort,Nagaland,hotel,25.7866,93.7888,mid,4.8,4907,"Noune Resort is a notable nature destination in Chumoukedima district, Nagaland. It offers rich indigenous tribal traditions, pristine eastern Himalayan landscapes, and authentic community heritage.",Oct-Feb,https://images.unsplash.com/photo-1571896349842-33c89424de2d?w=800&auto=format&fit=crop&q=80
6252,Chumoukedima Viewpoint,Nagaland,attraction,25.8074,93.8192,budget,4.5,8158,"Chumoukedima Viewpoint is a notable hill destination in Chumoukedima district, Nagaland. It offers rich indigenous tribal traditions, pristine eastern Himalayan landscapes, and authentic community heritage.",Oct-Feb,https://images.unsplash.com/photo-1590050752117-238cb0fb12b1?w=800&auto=format&fit=crop&q=80
6253,Diezephe,Nagaland,attraction,25.8282,93.8496,budget,4.4,2408,"Diezephe is a notable culture destination in Chumoukedima district, Nagaland. It offers rich indigenous tribal traditions, pristine eastern Himalayan landscapes, and authentic community heritage.",Oct-Feb,https://images.unsplash.com/photo-1544717305-2782549b5136?w=800&auto=format&fit=crop&q=80
6254,Jacob Village,Nagaland,attraction,25.849,93.72,budget,4.6,1394,"Jacob Village is a notable culture destination in Chumoukedima district, Nagaland. It offers rich indigenous tribal traditions, pristine eastern Himalayan landscapes, and authentic community heritage.",Oct-Feb,https://images.unsplash.com/photo-1544717305-2782549b5136?w=800&auto=format&fit=crop&q=80
6255,Molvom,Nagaland,attraction,25.8698,93.7504,budget,4.8,8353,"Molvom is a notable culture destination in Chumoukedima district, Nagaland. It offers rich indigenous tribal traditions, pristine eastern Himalayan landscapes, and authentic community heritage.",Oct-Feb,https://images.unsplash.com/photo-1544717305-2782549b5136?w=800&auto=format&fit=crop&q=80
6256,Seithekima Village,Nagaland,attraction,25.7306,93.7808,budget,4.2,3372,"Seithekima Village is a notable culture destination in Chumoukedima district, Nagaland. It offers rich indigenous tribal traditions, pristine eastern Himalayan landscapes, and authentic community heritage.",Oct-Feb,https://images.unsplash.com/photo-1567157577867-05ccb1388e66?w=800&auto=format&fit=crop&q=80
6257,Nagaland Zoological Park,Nagaland,attraction,25.7514,93.8112,mid,4.5,4740,"Nagaland Zoological Park is a notable park destination in Chumoukedima district, Nagaland. It offers rich indigenous tribal traditions, pristine eastern Himalayan landscapes, and authentic community heritage.",Oct-Feb,https://images.unsplash.com/photo-1534188753412-3e26d0d618d6?w=800&auto=format&fit=crop&q=80
6258,Rangapahar Zoological Park,Nagaland,attraction,25.7722,93.8416,mid,4.6,3082,"Rangapahar Zoological Park is a notable park destination in Chumoukedima district, Nagaland. It offers rich indigenous tribal traditions, pristine eastern Himalayan landscapes, and authentic community heritage.",Oct-Feb,https://images.unsplash.com/photo-1534188753412-3e26d0d618d6?w=800&auto=format&fit=crop&q=80
6259,Medieval Kachari Kingdom Ruins,Nagaland,attraction,25.911,93.6674,budget,4.5,5040,"Medieval Kachari Kingdom Ruins is a notable nature destination in Dimapur district, Nagaland. It offers rich indigenous tribal traditions, pristine eastern Himalayan landscapes, and authentic community heritage.",Oct-Feb,https://images.unsplash.com/photo-1544717305-2782549b5136?w=800&auto=format&fit=crop&q=80
6260,Kachari Bath Remains,Nagaland,attraction,25.9318,93.6978,budget,4.6,2286,"Kachari Bath Remains is a notable nature destination in Dimapur district, Nagaland. It offers rich indigenous tribal traditions, pristine eastern Himalayan landscapes, and authentic community heritage.",Oct-Feb,https://images.unsplash.com/photo-1544717305-2782549b5136?w=800&auto=format&fit=crop&q=80
6261,Kachari Embankment Remains,Nagaland,attraction,25.9526,93.7282,budget,4.4,2503,"Kachari Embankment Remains is a notable nature destination in Dimapur district, Nagaland. It offers rich indigenous tribal traditions, pristine eastern Himalayan landscapes, and authentic community heritage.",Oct-Feb,https://images.unsplash.com/photo-1567157577867-05ccb1388e66?w=800&auto=format&fit=crop&q=80
6262,Kachari Memorial Stone / V-shaped Pillars,Nagaland,attraction,25.9734,93.7586,budget,4.4,3400,"Kachari Memorial Stone / V-shaped Pillars is a notable nature destination in Dimapur district, Nagaland. It offers rich indigenous tribal traditions, pristine eastern Himalayan landscapes, and authentic community heritage.",Oct-Feb,https://images.unsplash.com/photo-1582510003544-4d00b7f74220?w=800&auto=format&fit=crop&q=80
6263,Kachari Temple Remains,Nagaland,attraction,25.8342,93.789,budget,4.5,6642,"Kachari Temple Remains is a notable nature destination in Dimapur district, Nagaland. It offers rich indigenous tribal traditions, pristine eastern Himalayan landscapes, and authentic community heritage.",Oct-Mar,https://images.unsplash.com/photo-1582510003544-4d00b7f74220?w=800&auto=format&fit=crop&q=80
6264,Heirloom Naga Centre,Nagaland,attraction,25.855,93.6594,budget,4.6,4047,"Heirloom Naga Centre is a notable culture destination in Dimapur district, Nagaland. It offers rich indigenous tribal traditions, pristine eastern Himalayan landscapes, and authentic community heritage.",Oct-Feb,https://images.unsplash.com/photo-1544717305-2782549b5136?w=800&auto=format&fit=crop&q=80
6265,Naga Shopping Arcade,Nagaland,attraction,25.8758,93.6898,budget,4.8,6329,"Naga Shopping Arcade is a notable culture destination in Dimapur district, Nagaland. It offers rich indigenous tribal traditions, pristine eastern Himalayan landscapes, and authentic community heritage.",Oct-Feb,https://images.unsplash.com/photo-1518709268805-4e9042af9f23?w=800&auto=format&fit=crop&q=80
6266,Rangapahar Forest,Nagaland,attraction,25.8966,93.7202,budget,4.5,6520,"Rangapahar Forest is a notable nature destination in Dimapur district, Nagaland. It offers rich indigenous tribal traditions, pristine eastern Himalayan landscapes, and authentic community heritage.",Oct-Feb,https://images.unsplash.com/photo-1621847468516-1ed5d0df56fe?w=800&auto=format&fit=crop&q=80
6267,Rangapahar Reserve Forest,Nagaland,attraction,25.9174,93.7506,budget,4.2,934,"Rangapahar Reserve Forest is a notable nature destination in Dimapur district, Nagaland. It offers rich indigenous tribal traditions, pristine eastern Himalayan landscapes, and authentic community heritage.",Oct-Feb,https://images.unsplash.com/photo-1621847468516-1ed5d0df56fe?w=800&auto=format&fit=crop&q=80
6268,Nagaland Science Centre,Nagaland,attraction,25.9382,93.781,budget,4.6,5227,"Nagaland Science Centre is a notable nature destination in Dimapur district, Nagaland. It offers rich indigenous tribal traditions, pristine eastern Himalayan landscapes, and authentic community heritage.",Oct-Feb,https://images.unsplash.com/photo-1609766857041-ed402ea8069a?w=800&auto=format&fit=crop&q=80
6269,Children Park,Nagaland,attraction,25.959,93.6514,budget,4.7,6459,"Children Park is a notable park destination in Dimapur district, Nagaland. It offers rich indigenous tribal traditions, pristine eastern Himalayan landscapes, and authentic community heritage.",Oct-Feb,https://images.unsplash.com/photo-1585320806297-9794b3e4eeae?w=800&auto=format&fit=crop&q=80
6270,Khekiho Memorial Park,Nagaland,attraction,25.9798,93.6818,budget,4.6,8377,"Khekiho Memorial Park is a notable park destination in Dimapur district, Nagaland. It offers rich indigenous tribal traditions, pristine eastern Himalayan landscapes, and authentic community heritage.",Oct-Feb,https://images.unsplash.com/photo-1584467735815-f778f274e296?w=800&auto=format&fit=crop&q=80
6271,Dimapur Shiva Temple,Nagaland,attraction,25.8406,93.7122,budget,4.2,1016,"Dimapur Shiva Temple is a notable nature destination in Dimapur district, Nagaland. It offers rich indigenous tribal traditions, pristine eastern Himalayan landscapes, and authentic community heritage.",Oct-Mar,https://images.unsplash.com/photo-1582510003544-4d00b7f74220?w=800&auto=format&fit=crop&q=80
6272,Three House Top,Nagaland,attraction,25.8614,93.7426,budget,4.6,8147,"Three House Top is a notable nature destination in Dimapur district, Nagaland. It offers rich indigenous tribal traditions, pristine eastern Himalayan landscapes, and authentic community heritage.",Oct-Feb,https://images.unsplash.com/photo-1519681393784-d120267933ba?w=800&auto=format&fit=crop&q=80
6273,Dimapur Railway Heritage Area,Nagaland,attraction,25.8822,93.773,budget,4.3,1396,"Dimapur Railway Heritage Area is a notable nature destination in Dimapur district, Nagaland. It offers rich indigenous tribal traditions, pristine eastern Himalayan landscapes, and authentic community heritage.",Oct-Feb,https://images.unsplash.com/photo-1582510003544-4d00b7f74220?w=800&auto=format&fit=crop&q=80
6274,Old Dimapur,Nagaland,attraction,25.903,93.8034,budget,4.3,1060,"Old Dimapur is a notable nature destination in Dimapur district, Nagaland. It offers rich indigenous tribal traditions, pristine eastern Himalayan landscapes, and authentic community heritage.",Oct-Feb,https://images.unsplash.com/photo-1582510003544-4d00b7f74220?w=800&auto=format&fit=crop&q=80
6275,Thanamir Apple Festival Area,Nagaland,attraction,25.8858,94.7284,budget,4.7,6466,"Thanamir Apple Festival Area is a notable culture destination in Kiphire district, Nagaland. It offers rich indigenous tribal traditions, pristine eastern Himalayan landscapes, and authentic community heritage.",Oct-Feb,https://images.unsplash.com/photo-1582510003544-4d00b7f74220?w=800&auto=format&fit=crop&q=80
6276,Thanamir Apple-growing Area,Nagaland,attraction,25.9066,94.7588,budget,4.1,919,"Thanamir Apple-growing Area is a notable culture destination in Kiphire district, Nagaland. It offers rich indigenous tribal traditions, pristine eastern Himalayan landscapes, and authentic community heritage.",Oct-Feb,https://images.unsplash.com/photo-1621847468516-1ed5d0df56fe?w=800&auto=format&fit=crop&q=80
6277,Mimi Cave,Nagaland,attraction,25.9274,94.7892,budget,4.6,1489,"Mimi Cave is a notable cave destination in Kiphire district, Nagaland. It offers rich indigenous tribal traditions, pristine eastern Himalayan landscapes, and authentic community heritage.",Oct-Feb,https://images.unsplash.com/photo-1518709268805-4e9042af9f23?w=800&auto=format&fit=crop&q=80
6278,Mimi Cave Complex,Nagaland,attraction,25.9482,94.8196,budget,4.9,6108,"Mimi Cave Complex is a notable cave destination in Kiphire district, Nagaland. It offers rich indigenous tribal traditions, pristine eastern Himalayan landscapes, and authentic community heritage.",Oct-Feb,https://images.unsplash.com/photo-1509316975850-ff9c5deb0cd9?w=800&auto=format&fit=crop&q=80
6279,Mimi Rock Shelter Sites,Nagaland,attraction,25.809,94.85,budget,4.6,6915,"Mimi Rock Shelter Sites is a notable cave destination in Kiphire district, Nagaland. It offers rich indigenous tribal traditions, pristine eastern Himalayan landscapes, and authentic community heritage.",Oct-Feb,https://images.unsplash.com/photo-1544717305-2782549b5136?w=800&auto=format&fit=crop&q=80
6280,Prehistoric Caves of Mimi Region,Nagaland,attraction,25.8298,94.7204,budget,4.2,1761,"Prehistoric Caves of Mimi Region is a notable cave destination in Kiphire district, Nagaland. It offers rich indigenous tribal traditions, pristine eastern Himalayan landscapes, and authentic community heritage.",Oct-Feb,https://images.unsplash.com/photo-1509316975850-ff9c5deb0cd9?w=800&auto=format&fit=crop&q=80
6281,Salomi Caves,Nagaland,attraction,25.8506,94.7508,budget,4.2,2874,"Salomi Caves is a notable cave destination in Kiphire district, Nagaland. It offers rich indigenous tribal traditions, pristine eastern Himalayan landscapes, and authentic community heritage.",Oct-Feb,https://images.unsplash.com/photo-1518709268805-4e9042af9f23?w=800&auto=format&fit=crop&q=80
6282,Competing Stones,Nagaland,attraction,25.8714,94.7812,budget,4.3,2402,"Competing Stones is a notable nature destination in Kiphire district, Nagaland. It offers rich indigenous tribal traditions, pristine eastern Himalayan landscapes, and authentic community heritage.",Oct-Feb,https://images.unsplash.com/photo-1518709268805-4e9042af9f23?w=800&auto=format&fit=crop&q=80
6283,Lover's Paradise,Nagaland,attraction,25.8922,94.8116,budget,4.4,2846,"Lover's Paradise is a notable nature destination in Kiphire district, Nagaland. It offers rich indigenous tribal traditions, pristine eastern Himalayan landscapes, and authentic community heritage.",Oct-Feb,https://images.unsplash.com/photo-1609766857041-ed402ea8069a?w=800&auto=format&fit=crop&q=80
6284,Sukhayap Rock Cliff,Nagaland,attraction,25.913,94.842,budget,4.3,2513,"Sukhayap Rock Cliff is a notable hill destination in Kiphire district, Nagaland. It offers rich indigenous tribal traditions, pristine eastern Himalayan landscapes, and authentic community heritage.",Oct-Feb,https://images.unsplash.com/photo-1590050752117-238cb0fb12b1?w=800&auto=format&fit=crop&q=80
6285,Twin Stones,Nagaland,attraction,25.9338,94.7124,budget,4.9,7719,"Twin Stones is a notable nature destination in Kiphire district, Nagaland. It offers rich indigenous tribal traditions, pristine eastern Himalayan landscapes, and authentic community heritage.",Oct-Feb,https://images.unsplash.com/photo-1590050752117-238cb0fb12b1?w=800&auto=format&fit=crop&q=80
6286,Ningthsalong Stone Monolith,Nagaland,attraction,25.7946,94.7428,budget,4.9,9180,"Ningthsalong Stone Monolith is a notable nature destination in Kiphire district, Nagaland. It offers rich indigenous tribal traditions, pristine eastern Himalayan landscapes, and authentic community heritage.",Oct-Feb,https://images.unsplash.com/photo-1567157577867-05ccb1388e66?w=800&auto=format&fit=crop&q=80
6287,Traditional Sangtam Stone Houses,Nagaland,attraction,25.8154,94.7732,budget,4.7,1545,"Traditional Sangtam Stone Houses is a notable culture destination in Kiphire district, Nagaland. It offers rich indigenous tribal traditions, pristine eastern Himalayan landscapes, and authentic community heritage.",Oct-Feb,https://images.unsplash.com/photo-1567157577867-05ccb1388e66?w=800&auto=format&fit=crop&q=80
6288,Kamkur Limestone Cave,Nagaland,attraction,25.8362,94.8036,budget,4.9,5791,"Kamkur Limestone Cave is a notable cave destination in Kiphire district, Nagaland. It offers rich indigenous tribal traditions, pristine eastern Himalayan landscapes, and authentic community heritage.",Oct-Feb,https://images.unsplash.com/photo-1518709268805-4e9042af9f23?w=800&auto=format&fit=crop&q=80
6289,Khongjiri Stone Cave,Nagaland,attraction,25.857,94.834,budget,4.7,2454,"Khongjiri Stone Cave is a notable cave destination in Kiphire district, Nagaland. It offers rich indigenous tribal traditions, pristine eastern Himalayan landscapes, and authentic community heritage.",Oct-Feb,https://images.unsplash.com/photo-1509316975850-ff9c5deb0cd9?w=800&auto=format&fit=crop&q=80
6290,Mount Saramati,Nagaland,attraction,25.8778,94.7044,budget,4.3,1908,"Mount Saramati is a notable hill destination in Kiphire district, Nagaland. It offers rich indigenous tribal traditions, pristine eastern Himalayan landscapes, and authentic community heritage.",Oct-Feb,https://images.unsplash.com/photo-1518709268805-4e9042af9f23?w=800&auto=format&fit=crop&q=80
6291,Saramati Peak,Nagaland,attraction,25.8986,94.7348,budget,4.7,8005,"Saramati Peak is a notable hill destination in Kiphire district, Nagaland. It offers rich indigenous tribal traditions, pristine eastern Himalayan landscapes, and authentic community heritage.",Oct-Feb,https://images.unsplash.com/photo-1486870591958-9b9d0d1dda99?w=800&auto=format&fit=crop&q=80
6292,Lupong Khun,Nagaland,attraction,25.9194,94.7652,budget,4.3,2834,"Lupong Khun is a notable nature destination in Kiphire district, Nagaland. It offers rich indigenous tribal traditions, pristine eastern Himalayan landscapes, and authentic community heritage.",Oct-Feb,https://images.unsplash.com/photo-1582510003544-4d00b7f74220?w=800&auto=format&fit=crop&q=80
6293,Mikhi (River of Salt),Nagaland,attraction,25.9402,94.7956,budget,4.8,6221,"Mikhi (River of Salt) is a notable nature destination in Kiphire district, Nagaland. It offers rich indigenous tribal traditions, pristine eastern Himalayan landscapes, and authentic community heritage.",Oct-Feb,https://images.unsplash.com/photo-1609766857041-ed402ea8069a?w=800&auto=format&fit=crop&q=80
6294,Mimi Geysers,Nagaland,attraction,25.801,94.826,budget,4.8,1656,"Mimi Geysers is a notable nature destination in Kiphire district, Nagaland. It offers rich indigenous tribal traditions, pristine eastern Himalayan landscapes, and authentic community heritage.",Oct-Feb,https://images.unsplash.com/photo-1567157577867-05ccb1388e66?w=800&auto=format&fit=crop&q=80
6295,Salomi Geysers,Nagaland,attraction,25.8218,94.8564,budget,4.5,8350,"Salomi Geysers is a notable nature destination in Kiphire district, Nagaland. It offers rich indigenous tribal traditions, pristine eastern Himalayan landscapes, and authentic community heritage.",Oct-Feb,https://images.unsplash.com/photo-1544717305-2782549b5136?w=800&auto=format&fit=crop&q=80
6296,Tizu River,Nagaland,attraction,25.8426,94.7268,budget,4.1,1008,"Tizu River is a notable nature destination in Kiphire district, Nagaland. It offers rich indigenous tribal traditions, pristine eastern Himalayan landscapes, and authentic community heritage.",Oct-Feb,https://images.unsplash.com/photo-1609766857041-ed402ea8069a?w=800&auto=format&fit=crop&q=80
6297,Zungki River,Nagaland,attraction,25.8634,94.7572,budget,4.2,2217,"Zungki River is a notable nature destination in Kiphire district, Nagaland. It offers rich indigenous tribal traditions, pristine eastern Himalayan landscapes, and authentic community heritage.",Oct-Feb,https://images.unsplash.com/photo-1567157577867-05ccb1388e66?w=800&auto=format&fit=crop&q=80
6298,Amikioro Village,Nagaland,attraction,25.8842,94.7876,budget,4.6,4461,"Amikioro Village is a notable culture destination in Kiphire district, Nagaland. It offers rich indigenous tribal traditions, pristine eastern Himalayan landscapes, and authentic community heritage.",Oct-Feb,https://images.unsplash.com/photo-1544717305-2782549b5136?w=800&auto=format&fit=crop&q=80
6299,Mimi Village,Nagaland,attraction,25.905,94.818,budget,4.3,3209,"Mimi Village is a notable culture destination in Kiphire district, Nagaland. It offers rich indigenous tribal traditions, pristine eastern Himalayan landscapes, and authentic community heritage.",Oct-Feb,https://images.unsplash.com/photo-1567157577867-05ccb1388e66?w=800&auto=format&fit=crop&q=80
6300,Moya Village,Nagaland,attraction,25.9258,94.8484,budget,4.7,8609,"Moya Village is a notable culture destination in Kiphire district, Nagaland. It offers rich indigenous tribal traditions, pristine eastern Himalayan landscapes, and authentic community heritage.",Oct-Feb,https://images.unsplash.com/photo-1518709268805-4e9042af9f23?w=800&auto=format&fit=crop&q=80
6301,Phelungre Village,Nagaland,attraction,25.9466,94.7188,budget,4.9,3881,"Phelungre Village is a notable culture destination in Kiphire district, Nagaland. It offers rich indigenous tribal traditions, pristine eastern Himalayan landscapes, and authentic community heritage.",Oct-Feb,https://images.unsplash.com/photo-1544717305-2782549b5136?w=800&auto=format&fit=crop&q=80
6302,Pungro,Nagaland,attraction,25.8074,94.7492,budget,4.6,1776,"Pungro is a notable culture destination in Kiphire district, Nagaland. It offers rich indigenous tribal traditions, pristine eastern Himalayan landscapes, and authentic community heritage.",Oct-Feb,https://images.unsplash.com/photo-1609766857041-ed402ea8069a?w=800&auto=format&fit=crop&q=80
6303,Salomi Village,Nagaland,attraction,25.8282,94.7796,budget,4.2,1579,"Salomi Village is a notable culture destination in Kiphire district, Nagaland. It offers rich indigenous tribal traditions, pristine eastern Himalayan landscapes, and authentic community heritage.",Oct-Feb,https://images.unsplash.com/photo-1518709268805-4e9042af9f23?w=800&auto=format&fit=crop&q=80
6304,Samphure Village,Nagaland,attraction,25.849,94.81,budget,4.1,604,"Samphure Village is a notable culture destination in Kiphire district, Nagaland. It offers rich indigenous tribal traditions, pristine eastern Himalayan landscapes, and authentic community heritage.",Oct-Feb,https://images.unsplash.com/photo-1590050752117-238cb0fb12b1?w=800&auto=format&fit=crop&q=80
6305,Sangphure Village,Nagaland,attraction,25.8698,94.8404,budget,4.2,2667,"Sangphure Village is a notable culture destination in Kiphire district, Nagaland. It offers rich indigenous tribal traditions, pristine eastern Himalayan landscapes, and authentic community heritage.",Oct-Feb,https://images.unsplash.com/photo-1518709268805-4e9042af9f23?w=800&auto=format&fit=crop&q=80
6306,Siphi Village,Nagaland,attraction,25.8906,94.7108,budget,4.2,2516,"Siphi Village is a notable culture destination in Kiphire district, Nagaland. It offers rich indigenous tribal traditions, pristine eastern Himalayan landscapes, and authentic community heritage.",Oct-Feb,https://images.unsplash.com/photo-1582510003544-4d00b7f74220?w=800&auto=format&fit=crop&q=80
6307,Thanamir Village,Nagaland,attraction,25.9114,94.7412,budget,4.9,7722,"Thanamir Village is a notable culture destination in Kiphire district, Nagaland. It offers rich indigenous tribal traditions, pristine eastern Himalayan landscapes, and authentic community heritage.",Oct-Feb,https://images.unsplash.com/photo-1518709268805-4e9042af9f23?w=800&auto=format&fit=crop&q=80
6308,Yimgphi Village,Nagaland,attraction,25.9322,94.7716,budget,4.4,571,"Yimgphi Village is a notable culture destination in Kiphire district, Nagaland. It offers rich indigenous tribal traditions, pristine eastern Himalayan landscapes, and authentic community heritage.",Oct-Feb,https://images.unsplash.com/photo-1544717305-2782549b5136?w=800&auto=format&fit=crop&q=80
6309,Yingphi Village,Nagaland,attraction,25.793,94.802,budget,4.5,3228,"Yingphi Village is a notable culture destination in Kiphire district, Nagaland. It offers rich indigenous tribal traditions, pristine eastern Himalayan landscapes, and authentic community heritage.",Oct-Feb,https://images.unsplash.com/photo-1544717305-2782549b5136?w=800&auto=format&fit=crop&q=80
6310,Wawade Waterfall,Nagaland,attraction,25.8138,94.8324,budget,4.4,1310,"Wawade Waterfall is a notable waterfall destination in Kiphire district, Nagaland. It offers rich indigenous tribal traditions, pristine eastern Himalayan landscapes, and authentic community heritage.",Jul-Oct,https://images.unsplash.com/photo-1546548970-71785318a17b?w=800&auto=format&fit=crop&q=80
6311,Fakim Wildlife Sanctuary,Nagaland,attraction,25.8346,94.7028,budget,4.7,2020,"Fakim Wildlife Sanctuary is a notable nature destination in Kiphire district, Nagaland. It offers rich indigenous tribal traditions, pristine eastern Himalayan landscapes, and authentic community heritage.",Oct-Feb,https://images.unsplash.com/photo-1551969014-7d2c4cddf0b6?w=800&auto=format&fit=crop&q=80
6312,Dzuleke Nature Trails,Nagaland,attraction,25.6587,94.0626,budget,4.5,6020,"Dzuleke Nature Trails is a notable nature destination in Kohima district, Nagaland. It offers rich indigenous tribal traditions, pristine eastern Himalayan landscapes, and authentic community heritage.",Oct-Feb,https://images.unsplash.com/photo-1544717305-2782549b5136?w=800&auto=format&fit=crop&q=80
6313,Japfu Rhododendron Trails,Nagaland,attraction,25.6795,94.093,budget,4.2,1546,"Japfu Rhododendron Trails is a notable nature destination in Kohima district, Nagaland. It offers rich indigenous tribal traditions, pristine eastern Himalayan landscapes, and authentic community heritage.",Oct-Feb,https://images.unsplash.com/photo-1621847468516-1ed5d0df56fe?w=800&auto=format&fit=crop&q=80
6314,Khonoma Terrace Fields,Nagaland,attraction,25.7003,94.1234,budget,4.8,5564,"Khonoma Terrace Fields is a notable nature destination in Kohima district, Nagaland. It offers rich indigenous tribal traditions, pristine eastern Himalayan landscapes, and authentic community heritage.",Oct-Feb,https://images.unsplash.com/photo-1590050752117-238cb0fb12b1?w=800&auto=format&fit=crop&q=80
6315,Khonoma Green Village,Nagaland,attraction,25.7211,94.1538,budget,4.6,7980,"Khonoma Green Village is a notable culture destination in Kohima district, Nagaland. It offers rich indigenous tribal traditions, pristine eastern Himalayan landscapes, and authentic community heritage.",Oct-Feb,https://images.unsplash.com/photo-1544717305-2782549b5136?w=800&auto=format&fit=crop&q=80
6316,Kohima Village (Bara Basti),Nagaland,attraction,25.7419,94.1842,budget,4.1,981,"Kohima Village (Bara Basti) is a notable culture destination in Kohima district, Nagaland. It offers rich indigenous tribal traditions, pristine eastern Himalayan landscapes, and authentic community heritage.",Oct-Feb,https://images.unsplash.com/photo-1518709268805-4e9042af9f23?w=800&auto=format&fit=crop&q=80
6317,Dzukou Valley,Nagaland,attraction,25.6027,94.0546,budget,4.9,5630,"Dzukou Valley is a notable hill destination in Kohima district, Nagaland. It offers rich indigenous tribal traditions, pristine eastern Himalayan landscapes, and authentic community heritage.",Oct-Feb,https://images.unsplash.com/photo-1470071459604-3b5ec3a7fe05?w=800&auto=format&fit=crop&q=80
6318,Dzukou Valley Trek,Nagaland,attraction,25.6235,94.085,budget,4.5,8755,"Dzukou Valley Trek is a notable hill destination in Kohima district, Nagaland. It offers rich indigenous tribal traditions, pristine eastern Himalayan landscapes, and authentic community heritage.",Oct-Feb,https://images.unsplash.com/photo-1441974231531-c6227db76b6e?w=800&auto=format&fit=crop&q=80
6319,Japfu Peak,Nagaland,attraction,25.6443,94.1154,budget,4.6,6539,"Japfu Peak is a notable hill destination in Kohima district, Nagaland. It offers rich indigenous tribal traditions, pristine eastern Himalayan landscapes, and authentic community heritage.",Oct-Feb,https://images.unsplash.com/photo-1519681393784-d120267933ba?w=800&auto=format&fit=crop&q=80
6320,Pulie Badze,Nagaland,attraction,25.6651,94.1458,budget,4.3,1450,"Pulie Badze is a notable hill destination in Kohima district, Nagaland. It offers rich indigenous tribal traditions, pristine eastern Himalayan landscapes, and authentic community heritage.",Oct-Feb,https://images.unsplash.com/photo-1513694203232-719a280e022f?w=800&auto=format&fit=crop&q=80
6321,Naga Heritage Village,Nagaland,attraction,25.6859,94.1762,budget,4.5,2801,"Naga Heritage Village is a notable culture destination in Kohima district, Nagaland. It offers rich indigenous tribal traditions, pristine eastern Himalayan landscapes, and authentic community heritage.",Oct-Feb,https://images.unsplash.com/photo-1567157577867-05ccb1388e66?w=800&auto=format&fit=crop&q=80
6322,Nagaland State Museum,Nagaland,attraction,25.7067,94.0466,mid,4.1,545,"Nagaland State Museum is a notable nature destination in Kohima district, Nagaland. It offers rich indigenous tribal traditions, pristine eastern Himalayan landscapes, and authentic community heritage.",Oct-Mar,https://images.unsplash.com/photo-1565034946487-077786996e27?w=800&auto=format&fit=crop&q=80
6323,Dzuleke Trout Stream,Nagaland,attraction,25.7275,94.077,budget,4.5,4972,"Dzuleke Trout Stream is a notable nature destination in Kohima district, Nagaland. It offers rich indigenous tribal traditions, pristine eastern Himalayan landscapes, and authentic community heritage.",Oct-Feb,https://images.unsplash.com/photo-1590050752117-238cb0fb12b1?w=800&auto=format&fit=crop&q=80
6324,Khonoma Nature Conservation and Tragopan Sanctuary,Nagaland,attraction,25.7483,94.1074,budget,4.9,5694,"Khonoma Nature Conservation and Tragopan Sanctuary is a notable nature destination in Kohima district, Nagaland. It offers rich indigenous tribal traditions, pristine eastern Himalayan landscapes, and authentic community heritage.",Oct-Feb,https://images.unsplash.com/photo-1551969014-7d2c4cddf0b6?w=800&auto=format&fit=crop&q=80
6325,Kohima Cathedral,Nagaland,attraction,25.6091,94.1378,budget,4.9,7335,"Kohima Cathedral is a notable nature destination in Kohima district, Nagaland. It offers rich indigenous tribal traditions, pristine eastern Himalayan landscapes, and authentic community heritage.",Oct-Feb,https://images.unsplash.com/photo-1621847468516-1ed5d0df56fe?w=800&auto=format&fit=crop&q=80
6326,Kohima Cathedral Hill,Nagaland,attraction,25.6299,94.1682,budget,4.9,5058,"Kohima Cathedral Hill is a notable nature destination in Kohima district, Nagaland. It offers rich indigenous tribal traditions, pristine eastern Himalayan landscapes, and authentic community heritage.",Oct-Feb,https://images.unsplash.com/photo-1506197603052-3cc9c3a201bd?w=800&auto=format&fit=crop&q=80
6327,Aradura Hill,Nagaland,attraction,25.6507,94.0386,budget,4.1,905,"Aradura Hill is a notable hill destination in Kohima district, Nagaland. It offers rich indigenous tribal traditions, pristine eastern Himalayan landscapes, and authentic community heritage.",Oct-Feb,https://images.unsplash.com/photo-1519681393784-d120267933ba?w=800&auto=format&fit=crop&q=80
6328,Kohima Cathedral Viewpoint,Nagaland,attraction,25.6715,94.069,budget,4.6,7736,"Kohima Cathedral Viewpoint is a notable hill destination in Kohima district, Nagaland. It offers rich indigenous tribal traditions, pristine eastern Himalayan landscapes, and authentic community heritage.",Oct-Feb,https://images.unsplash.com/photo-1544717305-2782549b5136?w=800&auto=format&fit=crop&q=80
6329,Kohima View Point,Nagaland,attraction,25.6923,94.0994,budget,4.4,597,"Kohima View Point is a notable hill destination in Kohima district, Nagaland. It offers rich indigenous tribal traditions, pristine eastern Himalayan landscapes, and authentic community heritage.",Oct-Feb,https://images.unsplash.com/photo-1518709268805-4e9042af9f23?w=800&auto=format&fit=crop&q=80
6330,Pulie Badze Viewpoint,Nagaland,attraction,25.7131,94.1298,budget,4.1,647,"Pulie Badze Viewpoint is a notable hill destination in Kohima district, Nagaland. It offers rich indigenous tribal traditions, pristine eastern Himalayan landscapes, and authentic community heritage.",Oct-Feb,https://images.unsplash.com/photo-1513694203232-719a280e022f?w=800&auto=format&fit=crop&q=80
6331,Dzülekie Village,Nagaland,attraction,25.7339,94.1602,budget,4.2,1189,"Dzülekie Village is a notable culture destination in Kohima district, Nagaland. It offers rich indigenous tribal traditions, pristine eastern Himalayan landscapes, and authentic community heritage.",Oct-Feb,https://images.unsplash.com/photo-1518709268805-4e9042af9f23?w=800&auto=format&fit=crop&q=80
6332,Jakhama Village,Nagaland,attraction,25.5947,94.0306,budget,4.7,5890,"Jakhama Village is a notable culture destination in Kohima district, Nagaland. It offers rich indigenous tribal traditions, pristine eastern Himalayan landscapes, and authentic community heritage.",Oct-Feb,https://images.unsplash.com/photo-1590050752117-238cb0fb12b1?w=800&auto=format&fit=crop&q=80
6333,Khuzama Village,Nagaland,attraction,25.6155,94.061,budget,4.7,6199,"Khuzama Village is a notable culture destination in Kohima district, Nagaland. It offers rich indigenous tribal traditions, pristine eastern Himalayan landscapes, and authentic community heritage.",Oct-Feb,https://images.unsplash.com/photo-1582510003544-4d00b7f74220?w=800&auto=format&fit=crop&q=80
6334,Mima Village,Nagaland,attraction,25.6363,94.0914,budget,4.4,1606,"Mima Village is a notable culture destination in Kohima district, Nagaland. It offers rich indigenous tribal traditions, pristine eastern Himalayan landscapes, and authentic community heritage.",Oct-Feb,https://images.unsplash.com/photo-1609766857041-ed402ea8069a?w=800&auto=format&fit=crop&q=80
6335,Phesama Village,Nagaland,attraction,25.6571,94.1218,budget,4.6,3686,"Phesama Village is a notable culture destination in Kohima district, Nagaland. It offers rich indigenous tribal traditions, pristine eastern Himalayan landscapes, and authentic community heritage.",Oct-Feb,https://images.unsplash.com/photo-1518709268805-4e9042af9f23?w=800&auto=format&fit=crop&q=80
6336,Viswema Village,Nagaland,attraction,25.6779,94.1522,budget,4.2,979,"Viswema Village is a notable culture destination in Kohima district, Nagaland. It offers rich indigenous tribal traditions, pristine eastern Himalayan landscapes, and authentic community heritage.",Oct-Feb,https://images.unsplash.com/photo-1609766857041-ed402ea8069a?w=800&auto=format&fit=crop&q=80
6337,Battle of Kohima Memorial,Nagaland,attraction,25.6987,94.1826,budget,4.8,5298,"Battle of Kohima Memorial is a notable nature destination in Kohima district, Nagaland. It offers rich indigenous tribal traditions, pristine eastern Himalayan landscapes, and authentic community heritage.",Oct-Feb,https://images.unsplash.com/photo-1544717305-2782549b5136?w=800&auto=format&fit=crop&q=80
6338,Garrison Hill,Nagaland,attraction,25.7195,94.053,budget,4.3,1798,"Garrison Hill is a notable nature destination in Kohima district, Nagaland. It offers rich indigenous tribal traditions, pristine eastern Himalayan landscapes, and authentic community heritage.",Oct-Feb,https://images.unsplash.com/photo-1486870591958-9b9d0d1dda99?w=800&auto=format&fit=crop&q=80
6339,Kohima War Cemetery,Nagaland,attraction,25.7403,94.0834,budget,4.1,1211,"Kohima War Cemetery is a notable nature destination in Kohima district, Nagaland. It offers rich indigenous tribal traditions, pristine eastern Himalayan landscapes, and authentic community heritage.",Oct-Feb,https://images.unsplash.com/photo-1544717305-2782549b5136?w=800&auto=format&fit=crop&q=80
6340,Dzukou Waterfall,Nagaland,attraction,25.6011,94.1138,budget,4.5,4287,"Dzukou Waterfall is a notable waterfall destination in Kohima district, Nagaland. It offers rich indigenous tribal traditions, pristine eastern Himalayan landscapes, and authentic community heritage.",Jul-Oct,https://images.unsplash.com/photo-1518457607834-6e8d80c183c5?w=800&auto=format&fit=crop&q=80
6341,Khonoma Waterfall,Nagaland,attraction,25.6219,94.1442,budget,4.6,7752,"Khonoma Waterfall is a notable waterfall destination in Kohima district, Nagaland. It offers rich indigenous tribal traditions, pristine eastern Himalayan landscapes, and authentic community heritage.",Jul-Oct,https://images.unsplash.com/photo-1432405972618-c60b0225b8f9?w=800&auto=format&fit=crop&q=80
6342,Phesama Waterfall,Nagaland,attraction,25.6427,94.1746,budget,4.4,1908,"Phesama Waterfall is a notable waterfall destination in Kohima district, Nagaland. It offers rich indigenous tribal traditions, pristine eastern Himalayan landscapes, and authentic community heritage.",Jul-Oct,https://images.unsplash.com/photo-1546548970-71785318a17b?w=800&auto=format&fit=crop&q=80
6343,Phom Bamboo Craft Areas,Nagaland,attraction,26.4602,94.7469,budget,4.8,5432,"Phom Bamboo Craft Areas is a notable culture destination in Longleng district, Nagaland. It offers rich indigenous tribal traditions, pristine eastern Himalayan landscapes, and authentic community heritage.",Oct-Feb,https://images.unsplash.com/photo-1567157577867-05ccb1388e66?w=800&auto=format&fit=crop&q=80
6344,Phom Handicraft Villages,Nagaland,attraction,26.481,94.7773,budget,4.9,4596,"Phom Handicraft Villages is a notable culture destination in Longleng district, Nagaland. It offers rich indigenous tribal traditions, pristine eastern Himalayan landscapes, and authentic community heritage.",Oct-Feb,https://images.unsplash.com/photo-1518709268805-4e9042af9f23?w=800&auto=format&fit=crop&q=80
6345,Phom Shawl Weaving Areas,Nagaland,attraction,26.5018,94.8077,budget,4.2,2630,"Phom Shawl Weaving Areas is a notable culture destination in Longleng district, Nagaland. It offers rich indigenous tribal traditions, pristine eastern Himalayan landscapes, and authentic community heritage.",Oct-Feb,https://images.unsplash.com/photo-1582510003544-4d00b7f74220?w=800&auto=format&fit=crop&q=80
6346,Longleng Old Sculpture Sites,Nagaland,attraction,26.5226,94.8381,budget,4.9,7361,"Longleng Old Sculpture Sites is a notable nature destination in Longleng district, Nagaland. It offers rich indigenous tribal traditions, pristine eastern Himalayan landscapes, and authentic community heritage.",Oct-Feb,https://images.unsplash.com/photo-1544717305-2782549b5136?w=800&auto=format&fit=crop&q=80
6347,Longleng Rock Inscription Sites,Nagaland,attraction,26.5434,94.8685,budget,4.1,381,"Longleng Rock Inscription Sites is a notable nature destination in Longleng district, Nagaland. It offers rich indigenous tribal traditions, pristine eastern Himalayan landscapes, and authentic community heritage.",Oct-Feb,https://images.unsplash.com/photo-1544717305-2782549b5136?w=800&auto=format&fit=crop&q=80
6348,Longleng Traditional Architecture Sites,Nagaland,attraction,26.4042,94.7389,budget,4.9,4888,"Longleng Traditional Architecture Sites is a notable culture destination in Longleng district, Nagaland. It offers rich indigenous tribal traditions, pristine eastern Himalayan landscapes, and authentic community heritage.",Oct-Feb,https://images.unsplash.com/photo-1590050752117-238cb0fb12b1?w=800&auto=format&fit=crop&q=80
6349,"Jechong Morung, Tangha",Nagaland,attraction,26.425,94.7693,budget,4.8,5978,"Jechong Morung, Tangha is a notable culture destination in Longleng district, Nagaland. It offers rich indigenous tribal traditions, pristine eastern Himalayan landscapes, and authentic community heritage.",Oct-Feb,https://images.unsplash.com/photo-1582510003544-4d00b7f74220?w=800&auto=format&fit=crop&q=80
6350,"Yakang Morung, Yachem",Nagaland,attraction,26.4458,94.7997,budget,4.7,1779,"Yakang Morung, Yachem is a notable culture destination in Longleng district, Nagaland. It offers rich indigenous tribal traditions, pristine eastern Himalayan landscapes, and authentic community heritage.",Oct-Feb,https://images.unsplash.com/photo-1544717305-2782549b5136?w=800&auto=format&fit=crop&q=80
6351,Yongshem / Ahom Raja Cave,Nagaland,attraction,26.4666,94.8301,budget,4.5,7317,"Yongshem / Ahom Raja Cave is a notable cave destination in Longleng district, Nagaland. It offers rich indigenous tribal traditions, pristine eastern Himalayan landscapes, and authentic community heritage.",Oct-Feb,https://images.unsplash.com/photo-1509316975850-ff9c5deb0cd9?w=800&auto=format&fit=crop&q=80
6352,Dikhu River Fishing Spots,Nagaland,attraction,26.4874,94.8605,budget,4.6,5375,"Dikhu River Fishing Spots is a notable nature destination in Longleng district, Nagaland. It offers rich indigenous tribal traditions, pristine eastern Himalayan landscapes, and authentic community heritage.",Oct-Feb,https://images.unsplash.com/photo-1621847468516-1ed5d0df56fe?w=800&auto=format&fit=crop&q=80
6353,Tragopan Birding Areas,Nagaland,attraction,26.5082,94.8909,budget,4.9,6214,"Tragopan Birding Areas is a notable nature destination in Longleng district, Nagaland. It offers rich indigenous tribal traditions, pristine eastern Himalayan landscapes, and authentic community heritage.",Oct-Feb,https://images.unsplash.com/photo-1534188753412-3e26d0d618d6?w=800&auto=format&fit=crop&q=80
6354,Yongam River Fishing Spots,Nagaland,attraction,26.529,94.7613,budget,4.7,2363,"Yongam River Fishing Spots is a notable nature destination in Longleng district, Nagaland. It offers rich indigenous tribal traditions, pristine eastern Himalayan landscapes, and authentic community heritage.",Oct-Feb,https://images.unsplash.com/photo-1621847468516-1ed5d0df56fe?w=800&auto=format&fit=crop&q=80
6355,Dikhu River,Nagaland,attraction,26.5498,94.7917,budget,4.8,2429,"Dikhu River is a notable nature destination in Longleng district, Nagaland. It offers rich indigenous tribal traditions, pristine eastern Himalayan landscapes, and authentic community heritage.",Oct-Feb,https://images.unsplash.com/photo-1518709268805-4e9042af9f23?w=800&auto=format&fit=crop&q=80
6356,Yongam River,Nagaland,attraction,26.4106,94.8221,budget,4.9,2248,"Yongam River is a notable nature destination in Longleng district, Nagaland. It offers rich indigenous tribal traditions, pristine eastern Himalayan landscapes, and authentic community heritage.",Oct-Feb,https://images.unsplash.com/photo-1621847468516-1ed5d0df56fe?w=800&auto=format&fit=crop&q=80
6357,Alayong Village,Nagaland,attraction,26.4314,94.8525,budget,4.3,3415,"Alayong Village is a notable culture destination in Longleng district, Nagaland. It offers rich indigenous tribal traditions, pristine eastern Himalayan landscapes, and authentic community heritage.",Oct-Feb,https://images.unsplash.com/photo-1590050752117-238cb0fb12b1?w=800&auto=format&fit=crop&q=80
6358,Bhumnyu Village,Nagaland,attraction,26.4522,94.8829,budget,4.7,3686,"Bhumnyu Village is a notable culture destination in Longleng district, Nagaland. It offers rich indigenous tribal traditions, pristine eastern Himalayan landscapes, and authentic community heritage.",Oct-Feb,https://images.unsplash.com/photo-1567157577867-05ccb1388e66?w=800&auto=format&fit=crop&q=80
6359,Buranamsang Village,Nagaland,attraction,26.473,94.7533,budget,4.3,1871,"Buranamsang Village is a notable culture destination in Longleng district, Nagaland. It offers rich indigenous tribal traditions, pristine eastern Himalayan landscapes, and authentic community heritage.",Oct-Feb,https://images.unsplash.com/photo-1609766857041-ed402ea8069a?w=800&auto=format&fit=crop&q=80
6360,Chingtok Village,Nagaland,attraction,26.4938,94.7837,budget,4.2,2659,"Chingtok Village is a notable culture destination in Longleng district, Nagaland. It offers rich indigenous tribal traditions, pristine eastern Himalayan landscapes, and authentic community heritage.",Oct-Feb,https://images.unsplash.com/photo-1582510003544-4d00b7f74220?w=800&auto=format&fit=crop&q=80
6361,Hamshen Village,Nagaland,attraction,26.5146,94.8141,budget,4.3,1188,"Hamshen Village is a notable culture destination in Longleng district, Nagaland. It offers rich indigenous tribal traditions, pristine eastern Himalayan landscapes, and authentic community heritage.",Oct-Feb,https://images.unsplash.com/photo-1582510003544-4d00b7f74220?w=800&auto=format&fit=crop&q=80
6362,Hlikphang Village,Nagaland,attraction,26.5354,94.8445,budget,4.1,459,"Hlikphang Village is a notable culture destination in Longleng district, Nagaland. It offers rich indigenous tribal traditions, pristine eastern Himalayan landscapes, and authentic community heritage.",Oct-Feb,https://images.unsplash.com/photo-1582510003544-4d00b7f74220?w=800&auto=format&fit=crop&q=80
6363,Mongtik Village,Nagaland,attraction,26.3962,94.8749,budget,4.8,2256,"Mongtik Village is a notable culture destination in Longleng district, Nagaland. It offers rich indigenous tribal traditions, pristine eastern Himalayan landscapes, and authentic community heritage.",Oct-Feb,https://images.unsplash.com/photo-1518709268805-4e9042af9f23?w=800&auto=format&fit=crop&q=80
6364,Nian Village,Nagaland,attraction,26.417,94.7453,budget,4.4,1888,"Nian Village is a notable culture destination in Longleng district, Nagaland. It offers rich indigenous tribal traditions, pristine eastern Himalayan landscapes, and authentic community heritage.",Oct-Feb,https://images.unsplash.com/photo-1518709268805-4e9042af9f23?w=800&auto=format&fit=crop&q=80
6365,Pongo Village,Nagaland,attraction,26.4378,94.7757,budget,4.8,9135,"Pongo Village is a notable culture destination in Longleng district, Nagaland. It offers rich indigenous tribal traditions, pristine eastern Himalayan landscapes, and authentic community heritage.",Oct-Feb,https://images.unsplash.com/photo-1518709268805-4e9042af9f23?w=800&auto=format&fit=crop&q=80
6366,Rhuchan Village,Nagaland,attraction,26.4586,94.8061,budget,4.8,4441,"Rhuchan Village is a notable culture destination in Longleng district, Nagaland. It offers rich indigenous tribal traditions, pristine eastern Himalayan landscapes, and authentic community heritage.",Oct-Feb,https://images.unsplash.com/photo-1609766857041-ed402ea8069a?w=800&auto=format&fit=crop&q=80
6367,Sakshi Village,Nagaland,attraction,26.4794,94.8365,budget,4.5,3510,"Sakshi Village is a notable culture destination in Longleng district, Nagaland. It offers rich indigenous tribal traditions, pristine eastern Himalayan landscapes, and authentic community heritage.",Oct-Feb,https://images.unsplash.com/photo-1567157577867-05ccb1388e66?w=800&auto=format&fit=crop&q=80
6368,Tamlu Village,Nagaland,attraction,26.5002,94.8669,budget,4.7,6187,"Tamlu Village is a notable culture destination in Longleng district, Nagaland. It offers rich indigenous tribal traditions, pristine eastern Himalayan landscapes, and authentic community heritage.",Oct-Feb,https://images.unsplash.com/photo-1609766857041-ed402ea8069a?w=800&auto=format&fit=crop&q=80
6369,Yachem Village,Nagaland,attraction,26.521,94.7373,budget,4.7,2774,"Yachem Village is a notable culture destination in Longleng district, Nagaland. It offers rich indigenous tribal traditions, pristine eastern Himalayan landscapes, and authentic community heritage.",Oct-Feb,https://images.unsplash.com/photo-1518709268805-4e9042af9f23?w=800&auto=format&fit=crop&q=80
6370,Yongnyah Village,Nagaland,attraction,26.5418,94.7677,budget,4.1,262,"Yongnyah Village is a notable culture destination in Longleng district, Nagaland. It offers rich indigenous tribal traditions, pristine eastern Himalayan landscapes, and authentic community heritage.",Oct-Feb,https://images.unsplash.com/photo-1567157577867-05ccb1388e66?w=800&auto=format&fit=crop&q=80
6371,Avakhung India–Myanmar Border,Nagaland,attraction,25.6226,94.6168,budget,4.5,5785,"Avakhung India–Myanmar Border is a notable nature destination in Meluri district, Nagaland. It offers rich indigenous tribal traditions, pristine eastern Himalayan landscapes, and authentic community heritage.",Oct-Feb,https://images.unsplash.com/photo-1582510003544-4d00b7f74220?w=800&auto=format&fit=crop&q=80
6372,Avakhung Trade Centre,Nagaland,attraction,25.6434,94.6472,budget,4.9,1652,"Avakhung Trade Centre is a notable nature destination in Meluri district, Nagaland. It offers rich indigenous tribal traditions, pristine eastern Himalayan landscapes, and authentic community heritage.",Oct-Feb,https://images.unsplash.com/photo-1590050752117-238cb0fb12b1?w=800&auto=format&fit=crop&q=80
6373,Pochury Heritage Villages,Nagaland,attraction,25.6642,94.6776,budget,4.2,2503,"Pochury Heritage Villages is a notable culture destination in Meluri district, Nagaland. It offers rich indigenous tribal traditions, pristine eastern Himalayan landscapes, and authentic community heritage.",Oct-Feb,https://images.unsplash.com/photo-1567157577867-05ccb1388e66?w=800&auto=format&fit=crop&q=80
6374,Pochury Traditional Architecture Areas,Nagaland,attraction,25.685,94.708,budget,4.4,2612,"Pochury Traditional Architecture Areas is a notable culture destination in Meluri district, Nagaland. It offers rich indigenous tribal traditions, pristine eastern Himalayan landscapes, and authentic community heritage.",Oct-Feb,https://images.unsplash.com/photo-1590050752117-238cb0fb12b1?w=800&auto=format&fit=crop&q=80
6375,Meluri Rock Formations,Nagaland,attraction,25.7058,94.5784,budget,4.7,7138,"Meluri Rock Formations is a notable nature destination in Meluri district, Nagaland. It offers rich indigenous tribal traditions, pristine eastern Himalayan landscapes, and authentic community heritage.",Oct-Feb,https://images.unsplash.com/photo-1518709268805-4e9042af9f23?w=800&auto=format&fit=crop&q=80
6376,Dzudu Lake,Nagaland,attraction,25.7266,94.6088,budget,4.2,1586,"Dzudu Lake is a notable lake destination in Meluri district, Nagaland. It offers rich indigenous tribal traditions, pristine eastern Himalayan landscapes, and authentic community heritage.",Oct-Feb,https://images.unsplash.com/photo-1501785888041-af3ef285b470?w=800&auto=format&fit=crop&q=80
6377,Shilloi Lake,Nagaland,attraction,25.7474,94.6392,budget,4.3,1873,"Shilloi Lake is a notable lake destination in Meluri district, Nagaland. It offers rich indigenous tribal traditions, pristine eastern Himalayan landscapes, and authentic community heritage.",Oct-Feb,https://images.unsplash.com/photo-1544644181-1484b3fdfc62?w=800&auto=format&fit=crop&q=80
6378,Zanibu Peak,Nagaland,attraction,25.7682,94.6696,budget,4.4,1029,"Zanibu Peak is a notable hill destination in Meluri district, Nagaland. It offers rich indigenous tribal traditions, pristine eastern Himalayan landscapes, and authentic community heritage.",Oct-Feb,https://images.unsplash.com/photo-1506197603052-3cc9c3a201bd?w=800&auto=format&fit=crop&q=80
6379,Dzudu Lake Wildlife Area,Nagaland,attraction,25.629,94.7,budget,4.6,4065,"Dzudu Lake Wildlife Area is a notable lake destination in Meluri district, Nagaland. It offers rich indigenous tribal traditions, pristine eastern Himalayan landscapes, and authentic community heritage.",Oct-Feb,https://images.unsplash.com/photo-1501785888041-af3ef285b470?w=800&auto=format&fit=crop&q=80
6380,Phek–Meluri Scenic Route,Nagaland,attraction,25.6498,94.5704,budget,4.6,5811,"Phek–Meluri Scenic Route is a notable nature destination in Meluri district, Nagaland. It offers rich indigenous tribal traditions, pristine eastern Himalayan landscapes, and authentic community heritage.",Oct-Feb,https://images.unsplash.com/photo-1567157577867-05ccb1388e66?w=800&auto=format&fit=crop&q=80
6381,Shilloi Lake Birding Area,Nagaland,attraction,25.6706,94.6008,budget,4.2,2604,"Shilloi Lake Birding Area is a notable lake destination in Meluri district, Nagaland. It offers rich indigenous tribal traditions, pristine eastern Himalayan landscapes, and authentic community heritage.",Oct-Feb,https://images.unsplash.com/photo-1544644181-1484b3fdfc62?w=800&auto=format&fit=crop&q=80
6382,Akhoya Village,Nagaland,attraction,25.6914,94.6312,budget,4.5,5190,"Akhoya Village is a notable culture destination in Meluri district, Nagaland. It offers rich indigenous tribal traditions, pristine eastern Himalayan landscapes, and authentic community heritage.",Oct-Feb,https://images.unsplash.com/photo-1609766857041-ed402ea8069a?w=800&auto=format&fit=crop&q=80
6383,Lurhi Village,Nagaland,attraction,25.7122,94.6616,budget,4.6,3958,"Lurhi Village is a notable culture destination in Meluri district, Nagaland. It offers rich indigenous tribal traditions, pristine eastern Himalayan landscapes, and authentic community heritage.",Oct-Feb,https://images.unsplash.com/photo-1582510003544-4d00b7f74220?w=800&auto=format&fit=crop&q=80
6384,Lütsam Village,Nagaland,attraction,25.733,94.692,budget,4.6,1232,"Lütsam Village is a notable culture destination in Meluri district, Nagaland. It offers rich indigenous tribal traditions, pristine eastern Himalayan landscapes, and authentic community heritage.",Oct-Feb,https://images.unsplash.com/photo-1567157577867-05ccb1388e66?w=800&auto=format&fit=crop&q=80
6385,Meluri Town,Nagaland,attraction,25.7538,94.5624,budget,4.3,3294,"Meluri Town is a notable culture destination in Meluri district, Nagaland. It offers rich indigenous tribal traditions, pristine eastern Himalayan landscapes, and authentic community heritage.",Oct-Feb,https://images.unsplash.com/photo-1609766857041-ed402ea8069a?w=800&auto=format&fit=crop&q=80
6386,Phokhungri,Nagaland,attraction,25.6146,94.5928,budget,4.6,2291,"Phokhungri is a notable culture destination in Meluri district, Nagaland. It offers rich indigenous tribal traditions, pristine eastern Himalayan landscapes, and authentic community heritage.",Oct-Feb,https://images.unsplash.com/photo-1567157577867-05ccb1388e66?w=800&auto=format&fit=crop&q=80
6387,Wuzu,Nagaland,attraction,25.6354,94.6232,budget,4.4,2114,"Wuzu is a notable culture destination in Meluri district, Nagaland. It offers rich indigenous tribal traditions, pristine eastern Himalayan landscapes, and authentic community heritage.",Oct-Feb,https://images.unsplash.com/photo-1544717305-2782549b5136?w=800&auto=format&fit=crop&q=80
6388,Fusen Kei,Nagaland,attraction,26.289,94.5438,budget,4.3,3436,"Fusen Kei is a notable cave destination in Mokokchung district, Nagaland. It offers rich indigenous tribal traditions, pristine eastern Himalayan landscapes, and authentic community heritage.",Oct-Feb,https://images.unsplash.com/photo-1544717305-2782549b5136?w=800&auto=format&fit=crop&q=80
6389,Fusen Kei Caves,Nagaland,attraction,26.3098,94.5742,budget,4.8,8893,"Fusen Kei Caves is a notable cave destination in Mokokchung district, Nagaland. It offers rich indigenous tribal traditions, pristine eastern Himalayan landscapes, and authentic community heritage.",Oct-Feb,https://images.unsplash.com/photo-1518709268805-4e9042af9f23?w=800&auto=format&fit=crop&q=80
6390,Langpangkong Caves,Nagaland,attraction,26.3306,94.4446,budget,4.4,2240,"Langpangkong Caves is a notable cave destination in Mokokchung district, Nagaland. It offers rich indigenous tribal traditions, pristine eastern Himalayan landscapes, and authentic community heritage.",Oct-Feb,https://images.unsplash.com/photo-1509316975850-ff9c5deb0cd9?w=800&auto=format&fit=crop&q=80
6391,Mongzu Ki Caves,Nagaland,attraction,26.3514,94.475,budget,4.3,1536,"Mongzu Ki Caves is a notable cave destination in Mokokchung district, Nagaland. It offers rich indigenous tribal traditions, pristine eastern Himalayan landscapes, and authentic community heritage.",Oct-Feb,https://images.unsplash.com/photo-1518709268805-4e9042af9f23?w=800&auto=format&fit=crop&q=80
6392,Ungma Heritage Village (Oldest & Largest Ao Village),Nagaland,attraction,22.5993,78.9573,budget,4.4,1082,"Ungma Heritage Village (Oldest & Largest Ao Village) is an authentic attraction destination located in ,  district of Nagaland. Celebrated for its regional significance and unique ambiance, it offers travelers an immersive experience in the culture, scenic beauty, and heritage of Nagaland.",Oct-Feb,https://images.unsplash.com/photo-1567157577867-05ccb1388e66?w=800&auto=format&fit=crop&q=80
6393,Just a Venue,Nagaland,attraction,26.393,94.5358,budget,4.2,2205,"Just a Venue is a notable culture destination in Mokokchung district, Nagaland. It offers rich indigenous tribal traditions, pristine eastern Himalayan landscapes, and authentic community heritage.",Oct-Feb,https://images.unsplash.com/photo-1544717305-2782549b5136?w=800&auto=format&fit=crop&q=80
6394,The Woods,Nagaland,attraction,26.2538,94.5662,budget,4.8,5984,"The Woods is a notable culture destination in Mokokchung district, Nagaland. It offers rich indigenous tribal traditions, pristine eastern Himalayan landscapes, and authentic community heritage.",Oct-Feb,https://images.unsplash.com/photo-1590050752117-238cb0fb12b1?w=800&auto=format&fit=crop&q=80
6395,Longlangba Stone Bridge,Nagaland,attraction,26.2746,94.5966,budget,4.9,6646,"Longlangba Stone Bridge is a notable nature destination in Mokokchung district, Nagaland. It offers rich indigenous tribal traditions, pristine eastern Himalayan landscapes, and authentic community heritage.",Oct-Feb,https://images.unsplash.com/photo-1513694203232-719a280e022f?w=800&auto=format&fit=crop&q=80
6396,Retu Long,Nagaland,attraction,26.2954,94.467,budget,4.6,8921,"Retu Long is a notable nature destination in Mokokchung district, Nagaland. It offers rich indigenous tribal traditions, pristine eastern Himalayan landscapes, and authentic community heritage.",Oct-Feb,https://images.unsplash.com/photo-1590050752117-238cb0fb12b1?w=800&auto=format&fit=crop&q=80
6397,Tekulem Long Worship Stones,Nagaland,attraction,26.3162,94.4974,budget,4.1,699,"Tekulem Long Worship Stones is a notable nature destination in Mokokchung district, Nagaland. It offers rich indigenous tribal traditions, pristine eastern Himalayan landscapes, and authentic community heritage.",Oct-Feb,https://images.unsplash.com/photo-1567157577867-05ccb1388e66?w=800&auto=format&fit=crop&q=80
6398,Mokokchung District Museum,Nagaland,attraction,26.337,94.5278,mid,4.6,4571,"Mokokchung District Museum is a notable park destination in Mokokchung district, Nagaland. It offers rich indigenous tribal traditions, pristine eastern Himalayan landscapes, and authentic community heritage.",Oct-Mar,https://images.unsplash.com/photo-1544531586-fde5298cdd40?w=800&auto=format&fit=crop&q=80
6399,Mokokchung Park,Nagaland,attraction,26.3578,94.5582,budget,4.2,3196,"Mokokchung Park is a notable park destination in Mokokchung district, Nagaland. It offers rich indigenous tribal traditions, pristine eastern Himalayan landscapes, and authentic community heritage.",Oct-Feb,https://images.unsplash.com/photo-1519331379826-f10be5486c6f?w=800&auto=format&fit=crop&q=80
6400,Jungli Liden Eco Park,Nagaland,attraction,26.3786,94.5886,budget,4.7,4322,"Jungli Liden Eco Park is a notable park destination in Mokokchung district, Nagaland. It offers rich indigenous tribal traditions, pristine eastern Himalayan landscapes, and authentic community heritage.",Oct-Feb,https://images.unsplash.com/photo-1585320806297-9794b3e4eeae?w=800&auto=format&fit=crop&q=80
6401,"Rhododendron Woods, Longkhum",Nagaland,attraction,26.3994,94.459,budget,4.3,2572,"Rhododendron Woods, Longkhum is a notable nature destination in Mokokchung district, Nagaland. It offers rich indigenous tribal traditions, pristine eastern Himalayan landscapes, and authentic community heritage.",Oct-Feb,https://images.unsplash.com/photo-1582510003544-4d00b7f74220?w=800&auto=format&fit=crop&q=80
6402,Tenem Temba Kong,Nagaland,attraction,26.2602,94.4894,budget,4.2,1631,"Tenem Temba Kong is a notable nature destination in Mokokchung district, Nagaland. It offers rich indigenous tribal traditions, pristine eastern Himalayan landscapes, and authentic community heritage.",Oct-Feb,https://images.unsplash.com/photo-1582510003544-4d00b7f74220?w=800&auto=format&fit=crop&q=80
6403,Baptist Mother Church,Nagaland,attraction,26.281,94.5198,budget,4.6,5225,"Baptist Mother Church is a notable nature destination in Mokokchung district, Nagaland. It offers rich indigenous tribal traditions, pristine eastern Himalayan landscapes, and authentic community heritage.",Oct-Feb,https://images.unsplash.com/photo-1609766857041-ed402ea8069a?w=800&auto=format&fit=crop&q=80
6404,Chungliyimti,Nagaland,attraction,26.3018,94.5502,budget,4.3,2721,"Chungliyimti is a notable nature destination in Mokokchung district, Nagaland. It offers rich indigenous tribal traditions, pristine eastern Himalayan landscapes, and authentic community heritage.",Oct-Feb,https://images.unsplash.com/photo-1609766857041-ed402ea8069a?w=800&auto=format&fit=crop&q=80
6405,Impur Mission Centre,Nagaland,attraction,26.3226,94.5806,budget,4.5,7153,"Impur Mission Centre is a notable nature destination in Mokokchung district, Nagaland. It offers rich indigenous tribal traditions, pristine eastern Himalayan landscapes, and authentic community heritage.",Oct-Feb,https://images.unsplash.com/photo-1567157577867-05ccb1388e66?w=800&auto=format&fit=crop&q=80
6406,Molungyimsen,Nagaland,attraction,26.3434,94.451,budget,4.3,2052,"Molungyimsen is a notable nature destination in Mokokchung district, Nagaland. It offers rich indigenous tribal traditions, pristine eastern Himalayan landscapes, and authentic community heritage.",Oct-Feb,https://images.unsplash.com/photo-1609766857041-ed402ea8069a?w=800&auto=format&fit=crop&q=80
6407,Tangkum Marok Spring,Nagaland,attraction,26.3642,94.4814,budget,4.3,2081,"Tangkum Marok Spring is a notable nature destination in Mokokchung district, Nagaland. It offers rich indigenous tribal traditions, pristine eastern Himalayan landscapes, and authentic community heritage.",Oct-Feb,https://images.unsplash.com/photo-1567157577867-05ccb1388e66?w=800&auto=format&fit=crop&q=80
6408,Longritzu Lenden Valley,Nagaland,attraction,26.385,94.5118,budget,4.1,1279,"Longritzu Lenden Valley is a notable nature destination in Mokokchung district, Nagaland. It offers rich indigenous tribal traditions, pristine eastern Himalayan landscapes, and authentic community heritage.",Oct-Feb,https://images.unsplash.com/photo-1470071459604-3b5ec3a7fe05?w=800&auto=format&fit=crop&q=80
6409,Changki View Tower,Nagaland,attraction,26.2458,94.5422,budget,4.8,1255,"Changki View Tower is a notable hill destination in Mokokchung district, Nagaland. It offers rich indigenous tribal traditions, pristine eastern Himalayan landscapes, and authentic community heritage.",Oct-Feb,https://images.unsplash.com/photo-1582510003544-4d00b7f74220?w=800&auto=format&fit=crop&q=80
6410,Longkhum Doyang Viewpoint,Nagaland,attraction,26.2666,94.5726,budget,4.9,8273,"Longkhum Doyang Viewpoint is a notable hill destination in Mokokchung district, Nagaland. It offers rich indigenous tribal traditions, pristine eastern Himalayan landscapes, and authentic community heritage.",Oct-Feb,https://images.unsplash.com/photo-1567157577867-05ccb1388e66?w=800&auto=format&fit=crop&q=80
6411,Mongzu Ki Eagle's Eyrie,Nagaland,attraction,26.2874,94.443,budget,4.3,3086,"Mongzu Ki Eagle's Eyrie is a notable hill destination in Mokokchung district, Nagaland. It offers rich indigenous tribal traditions, pristine eastern Himalayan landscapes, and authentic community heritage.",Oct-Feb,https://images.unsplash.com/photo-1518709268805-4e9042af9f23?w=800&auto=format&fit=crop&q=80
6412,Observatory Majang,Nagaland,attraction,26.3082,94.4734,budget,4.4,755,"Observatory Majang is a notable hill destination in Mokokchung district, Nagaland. It offers rich indigenous tribal traditions, pristine eastern Himalayan landscapes, and authentic community heritage.",Oct-Feb,https://images.unsplash.com/photo-1544717305-2782549b5136?w=800&auto=format&fit=crop&q=80
6413,Chuchuyimlang Village,Nagaland,attraction,26.329,94.5038,budget,4.5,4143,"Chuchuyimlang Village is a notable culture destination in Mokokchung district, Nagaland. It offers rich indigenous tribal traditions, pristine eastern Himalayan landscapes, and authentic community heritage.",Oct-Feb,https://images.unsplash.com/photo-1590050752117-238cb0fb12b1?w=800&auto=format&fit=crop&q=80
6414,Longkhum Village,Nagaland,attraction,26.3498,94.5342,budget,4.9,1573,"Longkhum Village is a notable culture destination in Mokokchung district, Nagaland. It offers rich indigenous tribal traditions, pristine eastern Himalayan landscapes, and authentic community heritage.",Oct-Feb,https://images.unsplash.com/photo-1609766857041-ed402ea8069a?w=800&auto=format&fit=crop&q=80
6415,Mokokchung Village,Nagaland,attraction,26.3706,94.5646,budget,4.1,804,"Mokokchung Village is a notable culture destination in Mokokchung district, Nagaland. It offers rich indigenous tribal traditions, pristine eastern Himalayan landscapes, and authentic community heritage.",Oct-Feb,https://images.unsplash.com/photo-1518709268805-4e9042af9f23?w=800&auto=format&fit=crop&q=80
6416,Mopungchuket Village,Nagaland,attraction,26.3914,94.595,budget,4.4,2692,"Mopungchuket Village is a notable culture destination in Mokokchung district, Nagaland. It offers rich indigenous tribal traditions, pristine eastern Himalayan landscapes, and authentic community heritage.",Oct-Feb,https://images.unsplash.com/photo-1621847468516-1ed5d0df56fe?w=800&auto=format&fit=crop&q=80
6417,Ungma Village,Nagaland,attraction,26.2522,94.4654,budget,4.8,1774,"Ungma Village is a notable culture destination in Mokokchung district, Nagaland. It offers rich indigenous tribal traditions, pristine eastern Himalayan landscapes, and authentic community heritage.",Oct-Feb,https://images.unsplash.com/photo-1590050752117-238cb0fb12b1?w=800&auto=format&fit=crop&q=80
6418,Tsumeya Tsuin Waterfall,Nagaland,attraction,26.273,94.4958,budget,4.7,5599,"Tsumeya Tsuin Waterfall is a notable waterfall destination in Mokokchung district, Nagaland. It offers rich indigenous tribal traditions, pristine eastern Himalayan landscapes, and authentic community heritage.",Jul-Oct,https://images.unsplash.com/photo-1546548970-71785318a17b?w=800&auto=format&fit=crop&q=80
6419,Monyakshu Tragopan Habitat,Nagaland,attraction,26.711,95.066,budget,4.4,1480,"Monyakshu Tragopan Habitat is a notable nature destination in Mon district, Nagaland. It offers rich indigenous tribal traditions, pristine eastern Himalayan landscapes, and authentic community heritage.",Oct-Feb,https://images.unsplash.com/photo-1567157577867-05ccb1388e66?w=800&auto=format&fit=crop&q=80
6420,Pessao Tragopan Habitat,Nagaland,attraction,26.7318,95.0964,budget,4.1,881,"Pessao Tragopan Habitat is a notable nature destination in Mon district, Nagaland. It offers rich indigenous tribal traditions, pristine eastern Himalayan landscapes, and authentic community heritage.",Oct-Feb,https://images.unsplash.com/photo-1582510003544-4d00b7f74220?w=800&auto=format&fit=crop&q=80
6421,Tangkong Birding Area,Nagaland,attraction,26.7526,95.1268,budget,4.3,1995,"Tangkong Birding Area is a notable nature destination in Mon district, Nagaland. It offers rich indigenous tribal traditions, pristine eastern Himalayan landscapes, and authentic community heritage.",Oct-Feb,https://images.unsplash.com/photo-1551969014-7d2c4cddf0b6?w=800&auto=format&fit=crop&q=80
6422,Yei Birding Area,Nagaland,attraction,26.7734,94.9972,budget,4.4,1014,"Yei Birding Area is a notable nature destination in Mon district, Nagaland. It offers rich indigenous tribal traditions, pristine eastern Himalayan landscapes, and authentic community heritage.",Oct-Feb,https://images.unsplash.com/photo-1549366021-9f761d450615?w=800&auto=format&fit=crop&q=80
6423,Yongkao Birding Area,Nagaland,attraction,26.7942,95.0276,budget,4.1,746,"Yongkao Birding Area is a notable nature destination in Mon district, Nagaland. It offers rich indigenous tribal traditions, pristine eastern Himalayan landscapes, and authentic community heritage.",Oct-Feb,https://images.unsplash.com/photo-1534188753412-3e26d0d618d6?w=800&auto=format&fit=crop&q=80
6424,Konyak Skull Stone / Cist Sites,Nagaland,attraction,26.815,95.058,budget,4.5,3331,"Konyak Skull Stone / Cist Sites is a notable culture destination in Mon district, Nagaland. It offers rich indigenous tribal traditions, pristine eastern Himalayan landscapes, and authentic community heritage.",Oct-Feb,https://images.unsplash.com/photo-1567157577867-05ccb1388e66?w=800&auto=format&fit=crop&q=80
6425,Konyak Traditional Architecture Sites,Nagaland,attraction,26.6758,95.0884,budget,4.7,6859,"Konyak Traditional Architecture Sites is a notable culture destination in Mon district, Nagaland. It offers rich indigenous tribal traditions, pristine eastern Himalayan landscapes, and authentic community heritage.",Oct-Feb,https://images.unsplash.com/photo-1518709268805-4e9042af9f23?w=800&auto=format&fit=crop&q=80
6426,Konyak Wood Carving Villages,Nagaland,attraction,26.6966,95.1188,budget,4.1,1142,"Konyak Wood Carving Villages is a notable culture destination in Mon district, Nagaland. It offers rich indigenous tribal traditions, pristine eastern Himalayan landscapes, and authentic community heritage.",Oct-Feb,https://images.unsplash.com/photo-1518709268805-4e9042af9f23?w=800&auto=format&fit=crop&q=80
6427,Chui Angh's House,Nagaland,attraction,26.7174,94.9892,budget,4.8,7039,"Chui Angh's House is a notable culture destination in Mon district, Nagaland. It offers rich indigenous tribal traditions, pristine eastern Himalayan landscapes, and authentic community heritage.",Oct-Feb,https://images.unsplash.com/photo-1590050752117-238cb0fb12b1?w=800&auto=format&fit=crop&q=80
6428,Langmeang,Nagaland,attraction,26.7382,95.0196,budget,4.3,3443,"Langmeang is a notable culture destination in Mon district, Nagaland. It offers rich indigenous tribal traditions, pristine eastern Himalayan landscapes, and authentic community heritage.",Oct-Feb,https://images.unsplash.com/photo-1590050752117-238cb0fb12b1?w=800&auto=format&fit=crop&q=80
6429,Longwa Angh's House,Nagaland,attraction,26.759,95.05,budget,4.5,3089,"Longwa Angh's House is a notable culture destination in Mon district, Nagaland. It offers rich indigenous tribal traditions, pristine eastern Himalayan landscapes, and authentic community heritage.",Oct-Feb,https://images.unsplash.com/photo-1621847468516-1ed5d0df56fe?w=800&auto=format&fit=crop&q=80
6430,Shangnyu Angh's House,Nagaland,attraction,26.7798,95.0804,budget,4.2,526,"Shangnyu Angh's House is a notable culture destination in Mon district, Nagaland. It offers rich indigenous tribal traditions, pristine eastern Himalayan landscapes, and authentic community heritage.",Oct-Feb,https://images.unsplash.com/photo-1518709268805-4e9042af9f23?w=800&auto=format&fit=crop&q=80
6431,Sheanghachingnyu,Nagaland,attraction,26.8006,95.1108,budget,4.7,5718,"Sheanghachingnyu is a notable culture destination in Mon district, Nagaland. It offers rich indigenous tribal traditions, pristine eastern Himalayan landscapes, and authentic community heritage.",Oct-Feb,https://images.unsplash.com/photo-1590050752117-238cb0fb12b1?w=800&auto=format&fit=crop&q=80
6432,Chiknyuho,Nagaland,attraction,26.6614,94.9812,budget,4.2,1963,"Chiknyuho is a notable nature destination in Mon district, Nagaland. It offers rich indigenous tribal traditions, pristine eastern Himalayan landscapes, and authentic community heritage.",Oct-Feb,https://images.unsplash.com/photo-1567157577867-05ccb1388e66?w=800&auto=format&fit=crop&q=80
6433,Longwa Rock Inscription Sites,Nagaland,attraction,26.6822,95.0116,budget,4.8,3042,"Longwa Rock Inscription Sites is a notable nature destination in Mon district, Nagaland. It offers rich indigenous tribal traditions, pristine eastern Himalayan landscapes, and authentic community heritage.",Oct-Feb,https://images.unsplash.com/photo-1544717305-2782549b5136?w=800&auto=format&fit=crop&q=80
6434,Naganimora Historical Site,Nagaland,attraction,26.703,95.042,budget,4.6,8256,"Naganimora Historical Site is a notable nature destination in Mon district, Nagaland. It offers rich indigenous tribal traditions, pristine eastern Himalayan landscapes, and authentic community heritage.",Oct-Feb,https://images.unsplash.com/photo-1590050752117-238cb0fb12b1?w=800&auto=format&fit=crop&q=80
6435,Ngupdang,Nagaland,attraction,26.7238,95.0724,budget,4.1,508,"Ngupdang is a notable nature destination in Mon district, Nagaland. It offers rich indigenous tribal traditions, pristine eastern Himalayan landscapes, and authentic community heritage.",Oct-Feb,https://images.unsplash.com/photo-1621847468516-1ed5d0df56fe?w=800&auto=format&fit=crop&q=80
6436,Shawot,Nagaland,attraction,26.7446,95.1028,budget,4.3,3253,"Shawot is a notable nature destination in Mon district, Nagaland. It offers rich indigenous tribal traditions, pristine eastern Himalayan landscapes, and authentic community heritage.",Oct-Feb,https://images.unsplash.com/photo-1544717305-2782549b5136?w=800&auto=format&fit=crop&q=80
6437,Veda Peak,Nagaland,attraction,26.7654,95.1332,budget,4.3,898,"Veda Peak is a notable hill destination in Mon district, Nagaland. It offers rich indigenous tribal traditions, pristine eastern Himalayan landscapes, and authentic community heritage.",Oct-Feb,https://images.unsplash.com/photo-1506197603052-3cc9c3a201bd?w=800&auto=format&fit=crop&q=80
6438,Veda Peak Waterfall,Nagaland,attraction,26.7862,95.0036,budget,4.3,2038,"Veda Peak Waterfall is a notable waterfall destination in Mon district, Nagaland. It offers rich indigenous tribal traditions, pristine eastern Himalayan landscapes, and authentic community heritage.",Jul-Oct,https://images.unsplash.com/photo-1432405972618-c60b0225b8f9?w=800&auto=format&fit=crop&q=80
6439,Kaimang River,Nagaland,attraction,26.807,95.034,budget,4.5,7990,"Kaimang River is a notable nature destination in Mon district, Nagaland. It offers rich indigenous tribal traditions, pristine eastern Himalayan landscapes, and authentic community heritage.",Oct-Feb,https://images.unsplash.com/photo-1609766857041-ed402ea8069a?w=800&auto=format&fit=crop&q=80
6440,Maksha River,Nagaland,attraction,26.6678,95.0644,budget,4.6,6919,"Maksha River is a notable nature destination in Mon district, Nagaland. It offers rich indigenous tribal traditions, pristine eastern Himalayan landscapes, and authentic community heritage.",Oct-Feb,https://images.unsplash.com/photo-1621847468516-1ed5d0df56fe?w=800&auto=format&fit=crop&q=80
6441,Tapi River,Nagaland,attraction,26.6886,95.0948,budget,4.1,945,"Tapi River is a notable nature destination in Mon district, Nagaland. It offers rich indigenous tribal traditions, pristine eastern Himalayan landscapes, and authentic community heritage.",Oct-Feb,https://images.unsplash.com/photo-1544717305-2782549b5136?w=800&auto=format&fit=crop&q=80
6442,Teyap River,Nagaland,attraction,26.7094,95.1252,budget,4.5,5747,"Teyap River is a notable nature destination in Mon district, Nagaland. It offers rich indigenous tribal traditions, pristine eastern Himalayan landscapes, and authentic community heritage.",Oct-Feb,https://images.unsplash.com/photo-1590050752117-238cb0fb12b1?w=800&auto=format&fit=crop&q=80
6443,Thannyak River,Nagaland,attraction,26.7302,94.9956,budget,4.8,9172,"Thannyak River is a notable nature destination in Mon district, Nagaland. It offers rich indigenous tribal traditions, pristine eastern Himalayan landscapes, and authentic community heritage.",Oct-Feb,https://images.unsplash.com/photo-1590050752117-238cb0fb12b1?w=800&auto=format&fit=crop&q=80
6444,Tizit River,Nagaland,attraction,26.751,95.026,budget,4.9,6058,"Tizit River is a notable nature destination in Mon district, Nagaland. It offers rich indigenous tribal traditions, pristine eastern Himalayan landscapes, and authentic community heritage.",Oct-Feb,https://images.unsplash.com/photo-1621847468516-1ed5d0df56fe?w=800&auto=format&fit=crop&q=80
6445,Yetyong River,Nagaland,attraction,26.7718,95.0564,budget,4.8,5674,"Yetyong River is a notable nature destination in Mon district, Nagaland. It offers rich indigenous tribal traditions, pristine eastern Himalayan landscapes, and authentic community heritage.",Oct-Feb,https://images.unsplash.com/photo-1518709268805-4e9042af9f23?w=800&auto=format&fit=crop&q=80
6446,Angphang Village,Nagaland,attraction,26.7926,95.0868,budget,4.6,6804,"Angphang Village is a notable culture destination in Mon district, Nagaland. It offers rich indigenous tribal traditions, pristine eastern Himalayan landscapes, and authentic community heritage.",Oct-Feb,https://images.unsplash.com/photo-1621847468516-1ed5d0df56fe?w=800&auto=format&fit=crop&q=80
6447,Changlangshu Village,Nagaland,attraction,26.8134,95.1172,budget,4.3,574,"Changlangshu Village is a notable culture destination in Mon district, Nagaland. It offers rich indigenous tribal traditions, pristine eastern Himalayan landscapes, and authentic community heritage.",Oct-Feb,https://images.unsplash.com/photo-1518709268805-4e9042af9f23?w=800&auto=format&fit=crop&q=80
6448,Chen Village,Nagaland,attraction,26.6742,94.9876,budget,4.8,6305,"Chen Village is a notable culture destination in Mon district, Nagaland. It offers rich indigenous tribal traditions, pristine eastern Himalayan landscapes, and authentic community heritage.",Oct-Feb,https://images.unsplash.com/photo-1544717305-2782549b5136?w=800&auto=format&fit=crop&q=80
6449,Chui Village,Nagaland,attraction,26.695,95.018,budget,4.3,2455,"Chui Village is a notable culture destination in Mon district, Nagaland. It offers rich indigenous tribal traditions, pristine eastern Himalayan landscapes, and authentic community heritage.",Oct-Feb,https://images.unsplash.com/photo-1621847468516-1ed5d0df56fe?w=800&auto=format&fit=crop&q=80
6450,Japoka Village,Nagaland,attraction,26.7158,95.0484,budget,4.9,9029,"Japoka Village is a notable culture destination in Mon district, Nagaland. It offers rich indigenous tribal traditions, pristine eastern Himalayan landscapes, and authentic community heritage.",Oct-Feb,https://images.unsplash.com/photo-1609766857041-ed402ea8069a?w=800&auto=format&fit=crop&q=80
6451,Monyakshu Village,Nagaland,attraction,26.7366,95.0788,budget,4.8,8992,"Monyakshu Village is a notable culture destination in Mon district, Nagaland. It offers rich indigenous tribal traditions, pristine eastern Himalayan landscapes, and authentic community heritage.",Oct-Feb,https://images.unsplash.com/photo-1582510003544-4d00b7f74220?w=800&auto=format&fit=crop&q=80
6452,Naganimora Village,Nagaland,attraction,26.7574,95.1092,budget,4.2,1447,"Naganimora Village is a notable culture destination in Mon district, Nagaland. It offers rich indigenous tribal traditions, pristine eastern Himalayan landscapes, and authentic community heritage.",Oct-Feb,https://images.unsplash.com/photo-1609766857041-ed402ea8069a?w=800&auto=format&fit=crop&q=80
6453,Pessao Village,Nagaland,attraction,26.7782,95.1396,budget,4.1,389,"Pessao Village is a notable culture destination in Mon district, Nagaland. It offers rich indigenous tribal traditions, pristine eastern Himalayan landscapes, and authentic community heritage.",Oct-Feb,https://images.unsplash.com/photo-1544717305-2782549b5136?w=800&auto=format&fit=crop&q=80
6454,Shangnyu Village,Nagaland,attraction,26.799,95.01,budget,4.5,7404,"Shangnyu Village is a notable culture destination in Mon district, Nagaland. It offers rich indigenous tribal traditions, pristine eastern Himalayan landscapes, and authentic community heritage.",Oct-Feb,https://images.unsplash.com/photo-1582510003544-4d00b7f74220?w=800&auto=format&fit=crop&q=80
6455,Sheangha Village,Nagaland,attraction,26.8198,95.0404,budget,4.1,974,"Sheangha Village is a notable culture destination in Mon district, Nagaland. It offers rich indigenous tribal traditions, pristine eastern Himalayan landscapes, and authentic community heritage.",Oct-Feb,https://images.unsplash.com/photo-1567157577867-05ccb1388e66?w=800&auto=format&fit=crop&q=80
6456,Wakching Village,Nagaland,attraction,26.6806,95.0708,budget,4.3,888,"Wakching Village is a notable culture destination in Mon district, Nagaland. It offers rich indigenous tribal traditions, pristine eastern Himalayan landscapes, and authentic community heritage.",Oct-Feb,https://images.unsplash.com/photo-1518709268805-4e9042af9f23?w=800&auto=format&fit=crop&q=80
6457,Wanching Village,Nagaland,attraction,26.7014,95.1012,budget,4.8,5698,"Wanching Village is a notable culture destination in Mon district, Nagaland. It offers rich indigenous tribal traditions, pristine eastern Himalayan landscapes, and authentic community heritage.",Oct-Feb,https://images.unsplash.com/photo-1609766857041-ed402ea8069a?w=800&auto=format&fit=crop&q=80
6458,Singphan Wildlife Sanctuary,Nagaland,attraction,26.7222,95.1316,budget,4.8,8561,"Singphan Wildlife Sanctuary is a notable nature destination in Mon district, Nagaland. It offers rich indigenous tribal traditions, pristine eastern Himalayan landscapes, and authentic community heritage.",Oct-Feb,https://images.unsplash.com/photo-1534188753412-3e26d0d618d6?w=800&auto=format&fit=crop&q=80
6459,"Integrated Eco-adventure & Cultural Hub, Akito",Nagaland,attraction,25.823,93.792,budget,4.3,3437,"Integrated Eco-adventure & Cultural Hub, Akito is a notable culture destination in Niuland district, Nagaland. It offers rich indigenous tribal traditions, pristine eastern Himalayan landscapes, and authentic community heritage.",Oct-Feb,https://images.unsplash.com/photo-1518709268805-4e9042af9f23?w=800&auto=format&fit=crop&q=80
6460,"Integrated Eco-adventure & Cultural Hub, Khaghaboto",Nagaland,attraction,25.8438,93.8224,budget,4.3,1943,"Integrated Eco-adventure & Cultural Hub, Khaghaboto is a notable culture destination in Niuland district, Nagaland. It offers rich indigenous tribal traditions, pristine eastern Himalayan landscapes, and authentic community heritage.",Oct-Feb,https://images.unsplash.com/photo-1567157577867-05ccb1388e66?w=800&auto=format&fit=crop&q=80
6461,"Integrated Eco-adventure & Cultural Hub, Phuhoto",Nagaland,attraction,25.8646,93.8528,budget,4.8,3201,"Integrated Eco-adventure & Cultural Hub, Phuhoto is a notable culture destination in Niuland district, Nagaland. It offers rich indigenous tribal traditions, pristine eastern Himalayan landscapes, and authentic community heritage.",Oct-Feb,https://images.unsplash.com/photo-1621847468516-1ed5d0df56fe?w=800&auto=format&fit=crop&q=80
6462,Lavi Lake,Nagaland,attraction,25.8854,93.8832,budget,4.4,2437,"Lavi Lake is a notable lake destination in Niuland district, Nagaland. It offers rich indigenous tribal traditions, pristine eastern Himalayan landscapes, and authentic community heritage.",Oct-Feb,https://images.unsplash.com/photo-1506744038136-46273834b3fb?w=800&auto=format&fit=crop&q=80
6463,Hevishe Village Museum,Nagaland,attraction,25.7462,93.9136,mid,4.7,1409,"Hevishe Village Museum is a notable culture destination in Niuland district, Nagaland. It offers rich indigenous tribal traditions, pristine eastern Himalayan landscapes, and authentic community heritage.",Oct-Mar,https://images.unsplash.com/photo-1565034946487-077786996e27?w=800&auto=format&fit=crop&q=80
6464,Lavi Lake Fishing Area,Nagaland,attraction,25.767,93.784,budget,4.8,7191,"Lavi Lake Fishing Area is a notable lake destination in Niuland district, Nagaland. It offers rich indigenous tribal traditions, pristine eastern Himalayan landscapes, and authentic community heritage.",Oct-Feb,https://images.unsplash.com/photo-1501785888041-af3ef285b470?w=800&auto=format&fit=crop&q=80
6465,Niuland Tea Estates & Khaghaboto Viewpoint,Nagaland,attraction,22.6305,78.9365,budget,4.1,714,"Niuland Tea Estates & Khaghaboto Viewpoint is an authentic attraction destination located in ,  district of Nagaland. Celebrated for its regional significance and unique ambiance, it offers travelers an immersive experience in the culture, scenic beauty, and heritage of Nagaland.",Oct-Feb,https://images.unsplash.com/photo-1582510003544-4d00b7f74220?w=800&auto=format&fit=crop&q=80
6466,Akito Village,Nagaland,attraction,25.8086,93.8448,budget,4.9,3166,"Akito Village is a notable culture destination in Niuland district, Nagaland. It offers rich indigenous tribal traditions, pristine eastern Himalayan landscapes, and authentic community heritage.",Oct-Feb,https://images.unsplash.com/photo-1518709268805-4e9042af9f23?w=800&auto=format&fit=crop&q=80
6467,Hevishe Village,Nagaland,attraction,25.8294,93.8752,budget,4.8,8317,"Hevishe Village is a notable culture destination in Niuland district, Nagaland. It offers rich indigenous tribal traditions, pristine eastern Himalayan landscapes, and authentic community heritage.",Oct-Feb,https://images.unsplash.com/photo-1582510003544-4d00b7f74220?w=800&auto=format&fit=crop&q=80
6468,Khaghaboto Village,Nagaland,attraction,25.8502,93.9056,budget,4.9,5968,"Khaghaboto Village is a notable culture destination in Niuland district, Nagaland. It offers rich indigenous tribal traditions, pristine eastern Himalayan landscapes, and authentic community heritage.",Oct-Feb,https://images.unsplash.com/photo-1609766857041-ed402ea8069a?w=800&auto=format&fit=crop&q=80
6469,Phuhoto Village,Nagaland,attraction,25.871,93.776,budget,4.5,7591,"Phuhoto Village is a notable culture destination in Niuland district, Nagaland. It offers rich indigenous tribal traditions, pristine eastern Himalayan landscapes, and authentic community heritage.",Oct-Feb,https://images.unsplash.com/photo-1567157577867-05ccb1388e66?w=800&auto=format&fit=crop&q=80
6470,Akito Wellness Centre,Nagaland,attraction,25.8918,93.8064,budget,4.4,2396,"Akito Wellness Centre is a notable park destination in Niuland district, Nagaland. It offers rich indigenous tribal traditions, pristine eastern Himalayan landscapes, and authentic community heritage.",Oct-Feb,https://images.unsplash.com/photo-1590050752117-238cb0fb12b1?w=800&auto=format&fit=crop&q=80
6471,Indo-Myanmar Border Pillar 146,Nagaland,attraction,26.1226,95.007,budget,4.2,2936,"Indo-Myanmar Border Pillar 146 is a notable nature destination in Noklak district, Nagaland. It offers rich indigenous tribal traditions, pristine eastern Himalayan landscapes, and authentic community heritage.",Oct-Feb,https://images.unsplash.com/photo-1567157577867-05ccb1388e66?w=800&auto=format&fit=crop&q=80
6472,International Trade Centre DAN,Nagaland,attraction,26.1434,95.0374,budget,4.5,7215,"International Trade Centre DAN is a notable nature destination in Noklak district, Nagaland. It offers rich indigenous tribal traditions, pristine eastern Himalayan landscapes, and authentic community heritage.",Oct-Feb,https://images.unsplash.com/photo-1590050752117-238cb0fb12b1?w=800&auto=format&fit=crop&q=80
6473,Pangsha Border Area,Nagaland,attraction,26.1642,95.0678,budget,4.6,4465,"Pangsha Border Area is a notable nature destination in Noklak district, Nagaland. It offers rich indigenous tribal traditions, pristine eastern Himalayan landscapes, and authentic community heritage.",Oct-Feb,https://images.unsplash.com/photo-1590050752117-238cb0fb12b1?w=800&auto=format&fit=crop&q=80
6474,Kingbulei Forest Cave,Nagaland,attraction,26.185,95.0982,budget,4.3,3368,"Kingbulei Forest Cave is a notable cave destination in Noklak district, Nagaland. It offers rich indigenous tribal traditions, pristine eastern Himalayan landscapes, and authentic community heritage.",Oct-Feb,https://images.unsplash.com/photo-1518709268805-4e9042af9f23?w=800&auto=format&fit=crop&q=80
6475,Piolingka Cave,Nagaland,attraction,26.2058,94.9686,budget,4.8,5139,"Piolingka Cave is a notable cave destination in Noklak district, Nagaland. It offers rich indigenous tribal traditions, pristine eastern Himalayan landscapes, and authentic community heritage.",Oct-Feb,https://images.unsplash.com/photo-1518709268805-4e9042af9f23?w=800&auto=format&fit=crop&q=80
6476,Tsoiphu Cave Area,Nagaland,attraction,26.2266,94.999,budget,4.9,3717,"Tsoiphu Cave Area is a notable cave destination in Noklak district, Nagaland. It offers rich indigenous tribal traditions, pristine eastern Himalayan landscapes, and authentic community heritage.",Oct-Feb,https://images.unsplash.com/photo-1518709268805-4e9042af9f23?w=800&auto=format&fit=crop&q=80
6477,Choklangan Handloom Area,Nagaland,attraction,26.2474,95.0294,budget,4.3,1964,"Choklangan Handloom Area is a notable culture destination in Noklak district, Nagaland. It offers rich indigenous tribal traditions, pristine eastern Himalayan landscapes, and authentic community heritage.",Oct-Feb,https://images.unsplash.com/photo-1518709268805-4e9042af9f23?w=800&auto=format&fit=crop&q=80
6478,Ehlon-Niu Nettle Fibre Craft,Nagaland,attraction,26.2682,95.0598,budget,4.7,4859,"Ehlon-Niu Nettle Fibre Craft is a notable culture destination in Noklak district, Nagaland. It offers rich indigenous tribal traditions, pristine eastern Himalayan landscapes, and authentic community heritage.",Oct-Feb,https://images.unsplash.com/photo-1518709268805-4e9042af9f23?w=800&auto=format&fit=crop&q=80
6479,Wui Blacksmithing Area,Nagaland,attraction,26.129,95.0902,budget,4.1,1026,"Wui Blacksmithing Area is a notable culture destination in Noklak district, Nagaland. It offers rich indigenous tribal traditions, pristine eastern Himalayan landscapes, and authentic community heritage.",Oct-Feb,https://images.unsplash.com/photo-1590050752117-238cb0fb12b1?w=800&auto=format&fit=crop&q=80
6480,Kingbulei Forest,Nagaland,attraction,26.1498,94.9606,budget,4.8,4058,"Kingbulei Forest is a notable nature destination in Noklak district, Nagaland. It offers rich indigenous tribal traditions, pristine eastern Himalayan landscapes, and authentic community heritage.",Oct-Feb,https://images.unsplash.com/photo-1567157577867-05ccb1388e66?w=800&auto=format&fit=crop&q=80
6481,Maliokhe Forest,Nagaland,attraction,26.1706,94.991,budget,4.8,3101,"Maliokhe Forest is a notable nature destination in Noklak district, Nagaland. It offers rich indigenous tribal traditions, pristine eastern Himalayan landscapes, and authentic community heritage.",Oct-Feb,https://images.unsplash.com/photo-1609766857041-ed402ea8069a?w=800&auto=format&fit=crop&q=80
6482,Pache Forest,Nagaland,attraction,26.1914,95.0214,budget,4.2,2780,"Pache Forest is a notable nature destination in Noklak district, Nagaland. It offers rich indigenous tribal traditions, pristine eastern Himalayan landscapes, and authentic community heritage.",Oct-Feb,https://images.unsplash.com/photo-1567157577867-05ccb1388e66?w=800&auto=format&fit=crop&q=80
6483,Bao Yam Shing,Nagaland,attraction,26.2122,95.0518,budget,4.9,2234,"Bao Yam Shing is a notable hill destination in Noklak district, Nagaland. It offers rich indigenous tribal traditions, pristine eastern Himalayan landscapes, and authentic community heritage.",Oct-Feb,https://images.unsplash.com/photo-1544717305-2782549b5136?w=800&auto=format&fit=crop&q=80
6484,Enshao King,Nagaland,attraction,26.233,95.0822,budget,4.2,1458,"Enshao King is a notable hill destination in Noklak district, Nagaland. It offers rich indigenous tribal traditions, pristine eastern Himalayan landscapes, and authentic community heritage.",Oct-Feb,https://images.unsplash.com/photo-1609766857041-ed402ea8069a?w=800&auto=format&fit=crop&q=80
6485,Kenking,Nagaland,attraction,26.2538,94.9526,budget,4.6,8494,"Kenking is a notable hill destination in Noklak district, Nagaland. It offers rich indigenous tribal traditions, pristine eastern Himalayan landscapes, and authentic community heritage.",Oct-Feb,https://images.unsplash.com/photo-1621847468516-1ed5d0df56fe?w=800&auto=format&fit=crop&q=80
6486,Khulia King,Nagaland,attraction,26.1146,94.983,budget,4.4,458,"Khulia King is a notable hill destination in Noklak district, Nagaland. It offers rich indigenous tribal traditions, pristine eastern Himalayan landscapes, and authentic community heritage.",Oct-Feb,https://images.unsplash.com/photo-1544717305-2782549b5136?w=800&auto=format&fit=crop&q=80
6487,King Shey,Nagaland,attraction,26.1354,95.0134,budget,4.7,4748,"King Shey is a notable hill destination in Noklak district, Nagaland. It offers rich indigenous tribal traditions, pristine eastern Himalayan landscapes, and authentic community heritage.",Oct-Feb,https://images.unsplash.com/photo-1609766857041-ed402ea8069a?w=800&auto=format&fit=crop&q=80
6488,Lung Pai Niu,Nagaland,attraction,26.1562,95.0438,budget,4.5,6521,"Lung Pai Niu is a notable hill destination in Noklak district, Nagaland. It offers rich indigenous tribal traditions, pristine eastern Himalayan landscapes, and authentic community heritage.",Oct-Feb,https://images.unsplash.com/photo-1609766857041-ed402ea8069a?w=800&auto=format&fit=crop&q=80
6489,Putsa Shing,Nagaland,attraction,26.177,95.0742,budget,4.1,435,"Putsa Shing is a notable hill destination in Noklak district, Nagaland. It offers rich indigenous tribal traditions, pristine eastern Himalayan landscapes, and authentic community heritage.",Oct-Feb,https://images.unsplash.com/photo-1621847468516-1ed5d0df56fe?w=800&auto=format&fit=crop&q=80
6490,Tsonniu Shing,Nagaland,attraction,26.1978,94.9446,budget,4.3,2173,"Tsonniu Shing is a notable hill destination in Noklak district, Nagaland. It offers rich indigenous tribal traditions, pristine eastern Himalayan landscapes, and authentic community heritage.",Oct-Feb,https://images.unsplash.com/photo-1621847468516-1ed5d0df56fe?w=800&auto=format&fit=crop&q=80
6491,"Village Guards Museum, Pangsha",Nagaland,attraction,26.2186,94.975,mid,4.1,691,"Village Guards Museum, Pangsha is a notable culture destination in Noklak district, Nagaland. It offers rich indigenous tribal traditions, pristine eastern Himalayan landscapes, and authentic community heritage.",Oct-Mar,https://images.unsplash.com/photo-1565034946487-077786996e27?w=800&auto=format&fit=crop&q=80
6492,Thang Village,Nagaland,attraction,26.2394,95.0054,budget,4.9,6129,"Thang Village is a notable culture destination in Noklak district, Nagaland. It offers rich indigenous tribal traditions, pristine eastern Himalayan landscapes, and authentic community heritage.",Oct-Feb,https://images.unsplash.com/photo-1609766857041-ed402ea8069a?w=800&auto=format&fit=crop&q=80
6493,Tsoiphu Village,Nagaland,attraction,26.2602,95.0358,budget,4.4,1379,"Tsoiphu Village is a notable culture destination in Noklak district, Nagaland. It offers rich indigenous tribal traditions, pristine eastern Himalayan landscapes, and authentic community heritage.",Oct-Feb,https://images.unsplash.com/photo-1621847468516-1ed5d0df56fe?w=800&auto=format&fit=crop&q=80
6494,Wonthoi Village,Nagaland,attraction,26.121,95.0662,budget,4.6,7842,"Wonthoi Village is a notable culture destination in Noklak district, Nagaland. It offers rich indigenous tribal traditions, pristine eastern Himalayan landscapes, and authentic community heritage.",Oct-Feb,https://images.unsplash.com/photo-1621847468516-1ed5d0df56fe?w=800&auto=format&fit=crop&q=80
6495,Chipur Village,Nagaland,attraction,26.1418,95.0966,budget,4.6,9022,"Chipur Village is a notable culture destination in Noklak district, Nagaland. It offers rich indigenous tribal traditions, pristine eastern Himalayan landscapes, and authentic community heritage.",Oct-Feb,https://images.unsplash.com/photo-1609766857041-ed402ea8069a?w=800&auto=format&fit=crop&q=80
6496,Choklangan,Nagaland,attraction,26.1626,94.967,budget,4.8,5736,"Choklangan is a notable culture destination in Noklak district, Nagaland. It offers rich indigenous tribal traditions, pristine eastern Himalayan landscapes, and authentic community heritage.",Oct-Feb,https://images.unsplash.com/photo-1590050752117-238cb0fb12b1?w=800&auto=format&fit=crop&q=80
6497,Pangsha Village,Nagaland,attraction,26.1834,94.9974,budget,4.2,1254,"Pangsha Village is a notable culture destination in Noklak district, Nagaland. It offers rich indigenous tribal traditions, pristine eastern Himalayan landscapes, and authentic community heritage.",Oct-Feb,https://images.unsplash.com/photo-1518709268805-4e9042af9f23?w=800&auto=format&fit=crop&q=80
6498,Wui Village,Nagaland,attraction,26.2042,95.0278,budget,4.9,4628,"Wui Village is a notable culture destination in Noklak district, Nagaland. It offers rich indigenous tribal traditions, pristine eastern Himalayan landscapes, and authentic community heritage.",Oct-Feb,https://images.unsplash.com/photo-1582510003544-4d00b7f74220?w=800&auto=format&fit=crop&q=80
6499,Bao Yam Shing Waterfall,Nagaland,attraction,26.225,95.0582,budget,4.6,6155,"Bao Yam Shing Waterfall is a notable waterfall destination in Noklak district, Nagaland. It offers rich indigenous tribal traditions, pristine eastern Himalayan landscapes, and authentic community heritage.",Jul-Oct,https://images.unsplash.com/photo-1432405972618-c60b0225b8f9?w=800&auto=format&fit=crop&q=80
6500,King Chilli Growing Areas,Nagaland,attraction,25.5656,93.8058,budget,4.3,1094,"King Chilli Growing Areas is a notable culture destination in Peren district, Nagaland. It offers rich indigenous tribal traditions, pristine eastern Himalayan landscapes, and authentic community heritage.",Oct-Feb,https://images.unsplash.com/photo-1464822759023-fed622ff2c3b?w=800&auto=format&fit=crop&q=80
6501,Benreu Traditional Village (300-Year-Old Morungs),Nagaland,attraction,22.6201,78.9421,budget,4.3,2928,"Benreu Traditional Village (300-Year-Old Morungs) is an authentic attraction destination located in ,  district of Nagaland. Celebrated for its regional significance and unique ambiance, it offers travelers an immersive experience in the culture, scenic beauty, and heritage of Nagaland.",Oct-Feb,https://images.unsplash.com/photo-1544717305-2782549b5136?w=800&auto=format&fit=crop&q=80
6502,Dzükou Valley Southern Access Ridge,Nagaland,attraction,22.5993,78.9685,budget,4.5,5652,"Dzükou Valley Southern Access Ridge is an authentic attraction destination located in ,  district of Nagaland. Celebrated for its regional significance and unique ambiance, it offers travelers an immersive experience in the culture, scenic beauty, and heritage of Nagaland.",Oct-Feb,https://images.unsplash.com/photo-1470071459604-3b5ec3a7fe05?w=800&auto=format&fit=crop&q=80
6503,Puilwa Village Caves,Nagaland,attraction,25.468,93.737,budget,4.8,6419,"Puilwa Village Caves is a notable cave destination in Peren district, Nagaland. It offers rich indigenous tribal traditions, pristine eastern Himalayan landscapes, and authentic community heritage.",Oct-Feb,https://images.unsplash.com/photo-1518709268805-4e9042af9f23?w=800&auto=format&fit=crop&q=80
6504,Duilumreu Mini Hydro Project,Nagaland,attraction,25.4888,93.7674,budget,4.8,8030,"Duilumreu Mini Hydro Project is a notable lake destination in Peren district, Nagaland. It offers rich indigenous tribal traditions, pristine eastern Himalayan landscapes, and authentic community heritage.",Oct-Feb,https://images.unsplash.com/photo-1621847468516-1ed5d0df56fe?w=800&auto=format&fit=crop&q=80
6505,"Duilumreu, Poilwa",Nagaland,attraction,25.5096,93.7978,budget,4.5,2347,"Duilumreu, Poilwa is a notable lake destination in Peren district, Nagaland. It offers rich indigenous tribal traditions, pristine eastern Himalayan landscapes, and authentic community heritage.",Oct-Feb,https://images.unsplash.com/photo-1567157577867-05ccb1388e66?w=800&auto=format&fit=crop&q=80
6506,Benreu Range,Nagaland,attraction,25.5304,93.6682,budget,4.9,7719,"Benreu Range is a notable hill destination in Peren district, Nagaland. It offers rich indigenous tribal traditions, pristine eastern Himalayan landscapes, and authentic community heritage.",Oct-Feb,https://images.unsplash.com/photo-1609766857041-ed402ea8069a?w=800&auto=format&fit=crop&q=80
6507,Mt. Kisa,Nagaland,attraction,25.5512,93.6986,budget,4.8,4172,"Mt. Kisa is a notable hill destination in Peren district, Nagaland. It offers rich indigenous tribal traditions, pristine eastern Himalayan landscapes, and authentic community heritage.",Oct-Feb,https://images.unsplash.com/photo-1609766857041-ed402ea8069a?w=800&auto=format&fit=crop&q=80
6508,Mt. Paona,Nagaland,attraction,25.572,93.729,budget,4.2,3066,"Mt. Paona is a notable hill destination in Peren district, Nagaland. It offers rich indigenous tribal traditions, pristine eastern Himalayan landscapes, and authentic community heritage.",Oct-Feb,https://images.unsplash.com/photo-1590050752117-238cb0fb12b1?w=800&auto=format&fit=crop&q=80
6509,Ntangki National Park,Nagaland,attraction,25.4328,93.7594,budget,4.3,2408,"Ntangki National Park is a notable park destination in Peren district, Nagaland. It offers rich indigenous tribal traditions, pristine eastern Himalayan landscapes, and authentic community heritage.",Oct-Feb,https://images.unsplash.com/photo-1534188753412-3e26d0d618d6?w=800&auto=format&fit=crop&q=80
6510,Benreu Forest,Nagaland,attraction,25.4536,93.7898,budget,4.2,1767,"Benreu Forest is a notable nature destination in Peren district, Nagaland. It offers rich indigenous tribal traditions, pristine eastern Himalayan landscapes, and authentic community heritage.",Oct-Feb,https://images.unsplash.com/photo-1544717305-2782549b5136?w=800&auto=format&fit=crop&q=80
6511,Nzauna Forest,Nagaland,attraction,25.4744,93.6602,budget,4.7,6534,"Nzauna Forest is a notable nature destination in Peren district, Nagaland. It offers rich indigenous tribal traditions, pristine eastern Himalayan landscapes, and authentic community heritage.",Oct-Feb,https://images.unsplash.com/photo-1544717305-2782549b5136?w=800&auto=format&fit=crop&q=80
6512,Ntangki National Park (Hoolock Gibbon Sanctuary),Nagaland,attraction,22.5809,78.9277,budget,4.3,3382,"Ntangki National Park (Hoolock Gibbon Sanctuary) is an authentic attraction destination located in ,  district of Nagaland. Celebrated for its regional significance and unique ambiance, it offers travelers an immersive experience in the culture, scenic beauty, and heritage of Nagaland.",Oct-Feb,https://images.unsplash.com/photo-1534188753412-3e26d0d618d6?w=800&auto=format&fit=crop&q=80
6513,Tening Forest,Nagaland,attraction,25.516,93.721,budget,4.7,9064,"Tening Forest is a notable nature destination in Peren district, Nagaland. It offers rich indigenous tribal traditions, pristine eastern Himalayan landscapes, and authentic community heritage.",Oct-Feb,https://images.unsplash.com/photo-1567157577867-05ccb1388e66?w=800&auto=format&fit=crop&q=80
6514,Tening Hills,Nagaland,attraction,25.5368,93.7514,budget,4.3,3236,"Tening Hills is a notable nature destination in Peren district, Nagaland. It offers rich indigenous tribal traditions, pristine eastern Himalayan landscapes, and authentic community heritage.",Oct-Feb,https://images.unsplash.com/photo-1486870591958-9b9d0d1dda99?w=800&auto=format&fit=crop&q=80
6515,"DC Park, Peren Town",Nagaland,attraction,25.5576,93.7818,budget,4.2,1577,"DC Park, Peren Town is a notable park destination in Peren district, Nagaland. It offers rich indigenous tribal traditions, pristine eastern Himalayan landscapes, and authentic community heritage.",Oct-Feb,https://images.unsplash.com/photo-1519331379826-f10be5486c6f?w=800&auto=format&fit=crop&q=80
6516,JSU Central Park,Nagaland,attraction,25.5784,93.8122,budget,4.8,6458,"JSU Central Park is a notable park destination in Peren district, Nagaland. It offers rich indigenous tribal traditions, pristine eastern Himalayan landscapes, and authentic community heritage.",Oct-Feb,https://images.unsplash.com/photo-1519331379826-f10be5486c6f?w=800&auto=format&fit=crop&q=80
6517,Jalukie Picnic Spot,Nagaland,attraction,25.4392,93.6826,budget,4.7,5688,"Jalukie Picnic Spot is a notable park destination in Peren district, Nagaland. It offers rich indigenous tribal traditions, pristine eastern Himalayan landscapes, and authentic community heritage.",Oct-Feb,https://images.unsplash.com/photo-1590050752117-238cb0fb12b1?w=800&auto=format&fit=crop&q=80
6518,Riengneilwo Park,Nagaland,attraction,25.46,93.713,budget,4.5,8494,"Riengneilwo Park is a notable park destination in Peren district, Nagaland. It offers rich indigenous tribal traditions, pristine eastern Himalayan landscapes, and authentic community heritage.",Oct-Feb,https://images.unsplash.com/photo-1519331379826-f10be5486c6f?w=800&auto=format&fit=crop&q=80
6519,Barak River View,Nagaland,attraction,25.4808,93.7434,budget,4.8,3315,"Barak River View is a notable hill destination in Peren district, Nagaland. It offers rich indigenous tribal traditions, pristine eastern Himalayan landscapes, and authentic community heritage.",Oct-Feb,https://images.unsplash.com/photo-1567157577867-05ccb1388e66?w=800&auto=format&fit=crop&q=80
6520,Mbeiki River,Nagaland,attraction,25.5016,93.7738,budget,4.8,1705,"Mbeiki River is a notable nature destination in Peren district, Nagaland. It offers rich indigenous tribal traditions, pristine eastern Himalayan landscapes, and authentic community heritage.",Oct-Feb,https://images.unsplash.com/photo-1590050752117-238cb0fb12b1?w=800&auto=format&fit=crop&q=80
6521,Mungleuki River,Nagaland,attraction,25.5224,93.8042,budget,4.5,6014,"Mungleuki River is a notable nature destination in Peren district, Nagaland. It offers rich indigenous tribal traditions, pristine eastern Himalayan landscapes, and authentic community heritage.",Oct-Feb,https://images.unsplash.com/photo-1544717305-2782549b5136?w=800&auto=format&fit=crop&q=80
6522,Nguiki River,Nagaland,attraction,25.5432,93.6746,budget,4.9,8123,"Nguiki River is a notable nature destination in Peren district, Nagaland. It offers rich indigenous tribal traditions, pristine eastern Himalayan landscapes, and authentic community heritage.",Oct-Feb,https://images.unsplash.com/photo-1518709268805-4e9042af9f23?w=800&auto=format&fit=crop&q=80
6523,Ntangki River,Nagaland,attraction,25.564,93.705,budget,4.7,8271,"Ntangki River is a notable nature destination in Peren district, Nagaland. It offers rich indigenous tribal traditions, pristine eastern Himalayan landscapes, and authentic community heritage.",Oct-Feb,https://images.unsplash.com/photo-1621847468516-1ed5d0df56fe?w=800&auto=format&fit=crop&q=80
6524,Tehaiki River,Nagaland,attraction,25.5848,93.7354,budget,4.6,8038,"Tehaiki River is a notable nature destination in Peren district, Nagaland. It offers rich indigenous tribal traditions, pristine eastern Himalayan landscapes, and authentic community heritage.",Oct-Feb,https://images.unsplash.com/photo-1609766857041-ed402ea8069a?w=800&auto=format&fit=crop&q=80
6525,Tepuiki River,Nagaland,attraction,25.4456,93.7658,budget,4.8,4428,"Tepuiki River is a notable nature destination in Peren district, Nagaland. It offers rich indigenous tribal traditions, pristine eastern Himalayan landscapes, and authentic community heritage.",Oct-Feb,https://images.unsplash.com/photo-1567157577867-05ccb1388e66?w=800&auto=format&fit=crop&q=80
6526,Tesangki River,Nagaland,attraction,25.4664,93.7962,budget,4.2,1959,"Tesangki River is a notable nature destination in Peren district, Nagaland. It offers rich indigenous tribal traditions, pristine eastern Himalayan landscapes, and authentic community heritage.",Oct-Feb,https://images.unsplash.com/photo-1518709268805-4e9042af9f23?w=800&auto=format&fit=crop&q=80
6527,Benreu Viewpoint,Nagaland,attraction,25.4872,93.6666,budget,4.8,2579,"Benreu Viewpoint is a notable hill destination in Peren district, Nagaland. It offers rich indigenous tribal traditions, pristine eastern Himalayan landscapes, and authentic community heritage.",Oct-Feb,https://images.unsplash.com/photo-1567157577867-05ccb1388e66?w=800&auto=format&fit=crop&q=80
6528,Mt. Paona Viewpoint,Nagaland,attraction,25.508,93.697,budget,4.2,3176,"Mt. Paona Viewpoint is a notable hill destination in Peren district, Nagaland. It offers rich indigenous tribal traditions, pristine eastern Himalayan landscapes, and authentic community heritage.",Oct-Feb,https://images.unsplash.com/photo-1567157577867-05ccb1388e66?w=800&auto=format&fit=crop&q=80
6529,Peren View Point,Nagaland,attraction,25.5288,93.7274,budget,4.9,8138,"Peren View Point is a notable hill destination in Peren district, Nagaland. It offers rich indigenous tribal traditions, pristine eastern Himalayan landscapes, and authentic community heritage.",Oct-Feb,https://images.unsplash.com/photo-1567157577867-05ccb1388e66?w=800&auto=format&fit=crop&q=80
6530,Upper Old Jalukie View Point,Nagaland,attraction,25.5496,93.7578,budget,4.4,2638,"Upper Old Jalukie View Point is a notable hill destination in Peren district, Nagaland. It offers rich indigenous tribal traditions, pristine eastern Himalayan landscapes, and authentic community heritage.",Oct-Feb,https://images.unsplash.com/photo-1621847468516-1ed5d0df56fe?w=800&auto=format&fit=crop&q=80
6531,Ahthibung Village,Nagaland,attraction,25.5704,93.7882,budget,4.3,2705,"Ahthibung Village is a notable culture destination in Peren district, Nagaland. It offers rich indigenous tribal traditions, pristine eastern Himalayan landscapes, and authentic community heritage.",Oct-Feb,https://images.unsplash.com/photo-1518709268805-4e9042af9f23?w=800&auto=format&fit=crop&q=80
6532,Benreu Tourist Village,Nagaland,attraction,25.4312,93.6586,budget,4.5,4497,"Benreu Tourist Village is a notable culture destination in Peren district, Nagaland. It offers rich indigenous tribal traditions, pristine eastern Himalayan landscapes, and authentic community heritage.",Oct-Feb,https://images.unsplash.com/photo-1609766857041-ed402ea8069a?w=800&auto=format&fit=crop&q=80
6533,Khuppy Village,Nagaland,attraction,25.452,93.689,budget,4.5,5160,"Khuppy Village is a notable culture destination in Peren district, Nagaland. It offers rich indigenous tribal traditions, pristine eastern Himalayan landscapes, and authentic community heritage.",Oct-Feb,https://images.unsplash.com/photo-1518709268805-4e9042af9f23?w=800&auto=format&fit=crop&q=80
6534,Kiching Village,Nagaland,attraction,25.4728,93.7194,budget,4.2,2595,"Kiching Village is a notable culture destination in Peren district, Nagaland. It offers rich indigenous tribal traditions, pristine eastern Himalayan landscapes, and authentic community heritage.",Oct-Feb,https://images.unsplash.com/photo-1609766857041-ed402ea8069a?w=800&auto=format&fit=crop&q=80
6535,Nzauna Village,Nagaland,attraction,25.4936,93.7498,budget,4.3,1188,"Nzauna Village is a notable culture destination in Peren district, Nagaland. It offers rich indigenous tribal traditions, pristine eastern Himalayan landscapes, and authentic community heritage.",Oct-Feb,https://images.unsplash.com/photo-1567157577867-05ccb1388e66?w=800&auto=format&fit=crop&q=80
6536,Puilwa Village,Nagaland,attraction,25.5144,93.7802,budget,4.9,7254,"Puilwa Village is a notable culture destination in Peren district, Nagaland. It offers rich indigenous tribal traditions, pristine eastern Himalayan landscapes, and authentic community heritage.",Oct-Feb,https://images.unsplash.com/photo-1567157577867-05ccb1388e66?w=800&auto=format&fit=crop&q=80
6537,Ahthibung Waterfall,Nagaland,attraction,25.5352,93.8106,budget,4.8,7547,"Ahthibung Waterfall is a notable waterfall destination in Peren district, Nagaland. It offers rich indigenous tribal traditions, pristine eastern Himalayan landscapes, and authentic community heritage.",Jul-Oct,https://images.unsplash.com/photo-1518457607834-6e8d80c183c5?w=800&auto=format&fit=crop&q=80
6538,"Cane Handicrafts, Reguri Village",Nagaland,attraction,25.7262,94.4036,budget,4.4,973,"Cane Handicrafts, Reguri Village is a notable culture destination in Phek district, Nagaland. It offers rich indigenous tribal traditions, pristine eastern Himalayan landscapes, and authentic community heritage.",Oct-Feb,https://images.unsplash.com/photo-1609766857041-ed402ea8069a?w=800&auto=format&fit=crop&q=80
6539,Chizami Resource Centre,Nagaland,attraction,25.747,94.434,budget,4.3,2950,"Chizami Resource Centre is a notable culture destination in Phek district, Nagaland. It offers rich indigenous tribal traditions, pristine eastern Himalayan landscapes, and authentic community heritage.",Oct-Feb,https://images.unsplash.com/photo-1567157577867-05ccb1388e66?w=800&auto=format&fit=crop&q=80
6540,Zapami Community Museum,Nagaland,attraction,25.6078,94.4644,mid,4.4,2510,"Zapami Community Museum is a notable culture destination in Phek district, Nagaland. It offers rich indigenous tribal traditions, pristine eastern Himalayan landscapes, and authentic community heritage.",Oct-Mar,https://images.unsplash.com/photo-1565034946487-077786996e27?w=800&auto=format&fit=crop&q=80
6541,Chishilimi Community Reserve,Nagaland,attraction,25.6286,94.4948,budget,4.6,5930,"Chishilimi Community Reserve is a notable nature destination in Phek district, Nagaland. It offers rich indigenous tribal traditions, pristine eastern Himalayan landscapes, and authentic community heritage.",Oct-Feb,https://images.unsplash.com/photo-1544717305-2782549b5136?w=800&auto=format&fit=crop&q=80
6542,Kapamüdzü Forest,Nagaland,attraction,25.6494,94.5252,budget,4.2,1000,"Kapamüdzü Forest is a notable nature destination in Phek district, Nagaland. It offers rich indigenous tribal traditions, pristine eastern Himalayan landscapes, and authentic community heritage.",Oct-Feb,https://images.unsplash.com/photo-1582510003544-4d00b7f74220?w=800&auto=format&fit=crop&q=80
6543,Phek Forests,Nagaland,attraction,25.6702,94.3956,budget,4.8,2063,"Phek Forests is a notable nature destination in Phek district, Nagaland. It offers rich indigenous tribal traditions, pristine eastern Himalayan landscapes, and authentic community heritage.",Oct-Feb,https://images.unsplash.com/photo-1518709268805-4e9042af9f23?w=800&auto=format&fit=crop&q=80
6544,Zanibu Forest,Nagaland,attraction,25.691,94.426,budget,4.7,8749,"Zanibu Forest is a notable nature destination in Phek district, Nagaland. It offers rich indigenous tribal traditions, pristine eastern Himalayan landscapes, and authentic community heritage.",Oct-Feb,https://images.unsplash.com/photo-1609766857041-ed402ea8069a?w=800&auto=format&fit=crop&q=80
6545,Khezhakeno Ancestral Site,Nagaland,attraction,25.7118,94.4564,budget,4.6,7829,"Khezhakeno Ancestral Site is a notable nature destination in Phek district, Nagaland. It offers rich indigenous tribal traditions, pristine eastern Himalayan landscapes, and authentic community heritage.",Oct-Feb,https://images.unsplash.com/photo-1518709268805-4e9042af9f23?w=800&auto=format&fit=crop&q=80
6546,Rüzazho INA Site,Nagaland,attraction,25.7326,94.4868,budget,4.6,6123,"Rüzazho INA Site is a notable nature destination in Phek district, Nagaland. It offers rich indigenous tribal traditions, pristine eastern Himalayan landscapes, and authentic community heritage.",Oct-Feb,https://images.unsplash.com/photo-1567157577867-05ccb1388e66?w=800&auto=format&fit=crop&q=80
6547,Rüzazho Netaji Memorial,Nagaland,attraction,25.7534,94.5172,budget,4.4,3334,"Rüzazho Netaji Memorial is a notable nature destination in Phek district, Nagaland. It offers rich indigenous tribal traditions, pristine eastern Himalayan landscapes, and authentic community heritage.",Oct-Feb,https://images.unsplash.com/photo-1590050752117-238cb0fb12b1?w=800&auto=format&fit=crop&q=80
6548,Rüzazho Netaji Subhas Chandra Bose House,Nagaland,attraction,25.6142,94.3876,budget,4.1,1204,"Rüzazho Netaji Subhas Chandra Bose House is a notable nature destination in Phek district, Nagaland. It offers rich indigenous tribal traditions, pristine eastern Himalayan landscapes, and authentic community heritage.",Oct-Feb,https://images.unsplash.com/photo-1590050752117-238cb0fb12b1?w=800&auto=format&fit=crop&q=80
6549,"Tso Tawo, Khezhakeno",Nagaland,attraction,25.635,94.418,budget,4.4,2467,"Tso Tawo, Khezhakeno is a notable nature destination in Phek district, Nagaland. It offers rich indigenous tribal traditions, pristine eastern Himalayan landscapes, and authentic community heritage.",Oct-Feb,https://images.unsplash.com/photo-1544717305-2782549b5136?w=800&auto=format&fit=crop&q=80
6550,Chida Lake,Nagaland,attraction,25.6558,94.4484,budget,4.5,2540,"Chida Lake is a notable lake destination in Phek district, Nagaland. It offers rich indigenous tribal traditions, pristine eastern Himalayan landscapes, and authentic community heritage.",Oct-Feb,https://images.unsplash.com/photo-1439066615861-d1af74d74000?w=800&auto=format&fit=crop&q=80
6551,Zanibu Lake,Nagaland,attraction,25.6766,94.4788,budget,4.9,1632,"Zanibu Lake is a notable lake destination in Phek district, Nagaland. It offers rich indigenous tribal traditions, pristine eastern Himalayan landscapes, and authentic community heritage.",Oct-Feb,https://images.unsplash.com/photo-1439066615861-d1af74d74000?w=800&auto=format&fit=crop&q=80
6552,Glory Peak,Nagaland,attraction,25.6974,94.5092,budget,4.6,5477,"Glory Peak is a notable hill destination in Phek district, Nagaland. It offers rich indigenous tribal traditions, pristine eastern Himalayan landscapes, and authentic community heritage.",Oct-Feb,https://images.unsplash.com/photo-1486870591958-9b9d0d1dda99?w=800&auto=format&fit=crop&q=80
6553,Kapamüdzü,Nagaland,attraction,25.7182,94.5396,budget,4.7,8432,"Kapamüdzü is a notable hill destination in Phek district, Nagaland. It offers rich indigenous tribal traditions, pristine eastern Himalayan landscapes, and authentic community heritage.",Oct-Feb,https://images.unsplash.com/photo-1567157577867-05ccb1388e66?w=800&auto=format&fit=crop&q=80
6554,Terapimithu,Nagaland,attraction,25.739,94.41,budget,4.3,2897,"Terapimithu is a notable hill destination in Phek district, Nagaland. It offers rich indigenous tribal traditions, pristine eastern Himalayan landscapes, and authentic community heritage.",Oct-Feb,https://images.unsplash.com/photo-1518709268805-4e9042af9f23?w=800&auto=format&fit=crop&q=80
6555,Zanibou Range,Nagaland,attraction,25.7598,94.4404,budget,4.8,1461,"Zanibou Range is a notable hill destination in Phek district, Nagaland. It offers rich indigenous tribal traditions, pristine eastern Himalayan landscapes, and authentic community heritage.",Oct-Feb,https://images.unsplash.com/photo-1582510003544-4d00b7f74220?w=800&auto=format&fit=crop&q=80
6556,Chakhesang Traditional Sacred Groves,Nagaland,attraction,25.6206,94.4708,budget,4.2,2147,"Chakhesang Traditional Sacred Groves is a notable culture destination in Phek district, Nagaland. It offers rich indigenous tribal traditions, pristine eastern Himalayan landscapes, and authentic community heritage.",Oct-Feb,https://images.unsplash.com/photo-1609766857041-ed402ea8069a?w=800&auto=format&fit=crop&q=80
6557,Khezhakeno Sacred Sites,Nagaland,attraction,25.6414,94.5012,budget,4.8,8749,"Khezhakeno Sacred Sites is a notable nature destination in Phek district, Nagaland. It offers rich indigenous tribal traditions, pristine eastern Himalayan landscapes, and authentic community heritage.",Oct-Feb,https://images.unsplash.com/photo-1567157577867-05ccb1388e66?w=800&auto=format&fit=crop&q=80
6558,Arachu River,Nagaland,attraction,25.6622,94.5316,budget,4.5,8577,"Arachu River is a notable nature destination in Phek district, Nagaland. It offers rich indigenous tribal traditions, pristine eastern Himalayan landscapes, and authentic community heritage.",Oct-Feb,https://images.unsplash.com/photo-1590050752117-238cb0fb12b1?w=800&auto=format&fit=crop&q=80
6559,Lanye River,Nagaland,attraction,25.683,94.402,budget,4.4,711,"Lanye River is a notable nature destination in Phek district, Nagaland. It offers rich indigenous tribal traditions, pristine eastern Himalayan landscapes, and authentic community heritage.",Oct-Feb,https://images.unsplash.com/photo-1567157577867-05ccb1388e66?w=800&auto=format&fit=crop&q=80
6560,Sedzu River,Nagaland,attraction,25.7038,94.4324,budget,4.3,2985,"Sedzu River is a notable nature destination in Phek district, Nagaland. It offers rich indigenous tribal traditions, pristine eastern Himalayan landscapes, and authentic community heritage.",Oct-Feb,https://images.unsplash.com/photo-1590050752117-238cb0fb12b1?w=800&auto=format&fit=crop&q=80
6561,Dzulha Rural Tourism Village,Nagaland,attraction,25.7246,94.4628,budget,4.9,8882,"Dzulha Rural Tourism Village is a notable culture destination in Phek district, Nagaland. It offers rich indigenous tribal traditions, pristine eastern Himalayan landscapes, and authentic community heritage.",Oct-Feb,https://images.unsplash.com/photo-1518709268805-4e9042af9f23?w=800&auto=format&fit=crop&q=80
6562,Phesachudo Tourist Village,Nagaland,attraction,25.7454,94.4932,budget,4.6,6245,"Phesachudo Tourist Village is a notable culture destination in Phek district, Nagaland. It offers rich indigenous tribal traditions, pristine eastern Himalayan landscapes, and authentic community heritage.",Oct-Feb,https://images.unsplash.com/photo-1590050752117-238cb0fb12b1?w=800&auto=format&fit=crop&q=80
6563,Phusachodu Sacred Groves,Nagaland,attraction,25.6062,94.5236,budget,4.9,4616,"Phusachodu Sacred Groves is a notable nature destination in Phek district, Nagaland. It offers rich indigenous tribal traditions, pristine eastern Himalayan landscapes, and authentic community heritage.",Oct-Feb,https://images.unsplash.com/photo-1621847468516-1ed5d0df56fe?w=800&auto=format&fit=crop&q=80
6564,Thetsumi Rural Tourist Village,Nagaland,attraction,25.627,94.394,budget,4.1,518,"Thetsumi Rural Tourist Village is a notable culture destination in Phek district, Nagaland. It offers rich indigenous tribal traditions, pristine eastern Himalayan landscapes, and authentic community heritage.",Oct-Feb,https://images.unsplash.com/photo-1518709268805-4e9042af9f23?w=800&auto=format&fit=crop&q=80
6565,Chizami Village Trails,Nagaland,attraction,25.6478,94.4244,budget,4.4,1564,"Chizami Village Trails is a notable culture destination in Phek district, Nagaland. It offers rich indigenous tribal traditions, pristine eastern Himalayan landscapes, and authentic community heritage.",Oct-Feb,https://images.unsplash.com/photo-1582510003544-4d00b7f74220?w=800&auto=format&fit=crop&q=80
6566,Glory Peak Trail,Nagaland,attraction,25.6686,94.4548,budget,4.5,6446,"Glory Peak Trail is a notable hill destination in Phek district, Nagaland. It offers rich indigenous tribal traditions, pristine eastern Himalayan landscapes, and authentic community heritage.",Oct-Feb,https://images.unsplash.com/photo-1506197603052-3cc9c3a201bd?w=800&auto=format&fit=crop&q=80
6567,Kapamüdzü Trek,Nagaland,attraction,25.6894,94.4852,budget,4.3,1147,"Kapamüdzü Trek is a notable nature destination in Phek district, Nagaland. It offers rich indigenous tribal traditions, pristine eastern Himalayan landscapes, and authentic community heritage.",Oct-Feb,https://images.unsplash.com/photo-1590050752117-238cb0fb12b1?w=800&auto=format&fit=crop&q=80
6568,Zanibu Trekking Route,Nagaland,attraction,25.7102,94.5156,budget,4.2,730,"Zanibu Trekking Route is a notable nature destination in Phek district, Nagaland. It offers rich indigenous tribal traditions, pristine eastern Himalayan landscapes, and authentic community heritage.",Oct-Feb,https://images.unsplash.com/photo-1567157577867-05ccb1388e66?w=800&auto=format&fit=crop&q=80
6569,Chetheba,Nagaland,attraction,25.731,94.386,budget,4.6,7794,"Chetheba is a notable culture destination in Phek district, Nagaland. It offers rich indigenous tribal traditions, pristine eastern Himalayan landscapes, and authentic community heritage.",Oct-Feb,https://images.unsplash.com/photo-1544717305-2782549b5136?w=800&auto=format&fit=crop&q=80
6570,Chizami Village,Nagaland,attraction,25.7518,94.4164,budget,4.9,5026,"Chizami Village is a notable culture destination in Phek district, Nagaland. It offers rich indigenous tribal traditions, pristine eastern Himalayan landscapes, and authentic community heritage.",Oct-Feb,https://images.unsplash.com/photo-1590050752117-238cb0fb12b1?w=800&auto=format&fit=crop&q=80
6571,Chozuba,Nagaland,attraction,25.6126,94.4468,budget,4.1,796,"Chozuba is a notable culture destination in Phek district, Nagaland. It offers rich indigenous tribal traditions, pristine eastern Himalayan landscapes, and authentic community heritage.",Oct-Feb,https://images.unsplash.com/photo-1609766857041-ed402ea8069a?w=800&auto=format&fit=crop&q=80
6572,Khezhakeno Village,Nagaland,attraction,25.6334,94.4772,budget,4.9,8653,"Khezhakeno Village is a notable culture destination in Phek district, Nagaland. It offers rich indigenous tribal traditions, pristine eastern Himalayan landscapes, and authentic community heritage.",Oct-Feb,https://images.unsplash.com/photo-1518709268805-4e9042af9f23?w=800&auto=format&fit=crop&q=80
6573,Khuza,Nagaland,attraction,25.6542,94.5076,budget,4.5,1519,"Khuza is a notable culture destination in Phek district, Nagaland. It offers rich indigenous tribal traditions, pristine eastern Himalayan landscapes, and authentic community heritage.",Oct-Feb,https://images.unsplash.com/photo-1609766857041-ed402ea8069a?w=800&auto=format&fit=crop&q=80
6574,Lephory,Nagaland,attraction,25.675,94.538,budget,4.3,2307,"Lephory is a notable culture destination in Phek district, Nagaland. It offers rich indigenous tribal traditions, pristine eastern Himalayan landscapes, and authentic community heritage.",Oct-Feb,https://images.unsplash.com/photo-1544717305-2782549b5136?w=800&auto=format&fit=crop&q=80
6575,Pfütsero,Nagaland,attraction,25.6958,94.4084,budget,4.5,3972,"Pfütsero is a notable culture destination in Phek district, Nagaland. It offers rich indigenous tribal traditions, pristine eastern Himalayan landscapes, and authentic community heritage.",Oct-Feb,https://images.unsplash.com/photo-1582510003544-4d00b7f74220?w=800&auto=format&fit=crop&q=80
6576,Phesachudo Village,Nagaland,attraction,25.7166,94.4388,budget,4.8,6746,"Phesachudo Village is a notable culture destination in Phek district, Nagaland. It offers rich indigenous tribal traditions, pristine eastern Himalayan landscapes, and authentic community heritage.",Oct-Feb,https://images.unsplash.com/photo-1518709268805-4e9042af9f23?w=800&auto=format&fit=crop&q=80
6577,Phor,Nagaland,attraction,25.7374,94.4692,budget,4.9,8226,"Phor is a notable culture destination in Phek district, Nagaland. It offers rich indigenous tribal traditions, pristine eastern Himalayan landscapes, and authentic community heritage.",Oct-Feb,https://images.unsplash.com/photo-1518709268805-4e9042af9f23?w=800&auto=format&fit=crop&q=80
6578,Phusachodu Village,Nagaland,attraction,25.7582,94.4996,budget,4.1,1203,"Phusachodu Village is a notable culture destination in Phek district, Nagaland. It offers rich indigenous tribal traditions, pristine eastern Himalayan landscapes, and authentic community heritage.",Oct-Feb,https://images.unsplash.com/photo-1582510003544-4d00b7f74220?w=800&auto=format&fit=crop&q=80
6579,Razeba,Nagaland,attraction,25.619,94.53,budget,4.1,661,"Razeba is a notable culture destination in Phek district, Nagaland. It offers rich indigenous tribal traditions, pristine eastern Himalayan landscapes, and authentic community heritage.",Oct-Feb,https://images.unsplash.com/photo-1567157577867-05ccb1388e66?w=800&auto=format&fit=crop&q=80
6580,Reguri Village,Nagaland,attraction,25.6398,94.4004,budget,4.8,4624,"Reguri Village is a notable culture destination in Phek district, Nagaland. It offers rich indigenous tribal traditions, pristine eastern Himalayan landscapes, and authentic community heritage.",Oct-Feb,https://images.unsplash.com/photo-1609766857041-ed402ea8069a?w=800&auto=format&fit=crop&q=80
6581,Rüzazho Village,Nagaland,attraction,25.6606,94.4308,budget,4.5,5496,"Rüzazho Village is a notable culture destination in Phek district, Nagaland. It offers rich indigenous tribal traditions, pristine eastern Himalayan landscapes, and authentic community heritage.",Oct-Feb,https://images.unsplash.com/photo-1590050752117-238cb0fb12b1?w=800&auto=format&fit=crop&q=80
6582,Sakraba,Nagaland,attraction,25.6814,94.4612,budget,4.8,4603,"Sakraba is a notable culture destination in Phek district, Nagaland. It offers rich indigenous tribal traditions, pristine eastern Himalayan landscapes, and authentic community heritage.",Oct-Feb,https://images.unsplash.com/photo-1590050752117-238cb0fb12b1?w=800&auto=format&fit=crop&q=80
6583,Sekruzu,Nagaland,attraction,25.7022,94.4916,budget,4.8,4254,"Sekruzu is a notable culture destination in Phek district, Nagaland. It offers rich indigenous tribal traditions, pristine eastern Himalayan landscapes, and authentic community heritage.",Oct-Feb,https://images.unsplash.com/photo-1567157577867-05ccb1388e66?w=800&auto=format&fit=crop&q=80
6584,Thetsumi Village,Nagaland,attraction,25.723,94.522,budget,4.9,4256,"Thetsumi Village is a notable culture destination in Phek district, Nagaland. It offers rich indigenous tribal traditions, pristine eastern Himalayan landscapes, and authentic community heritage.",Oct-Feb,https://images.unsplash.com/photo-1544717305-2782549b5136?w=800&auto=format&fit=crop&q=80
6585,Zapami Village,Nagaland,attraction,25.7438,94.3924,budget,4.5,4001,"Zapami Village is a notable culture destination in Phek district, Nagaland. It offers rich indigenous tribal traditions, pristine eastern Himalayan landscapes, and authentic community heritage.",Oct-Feb,https://images.unsplash.com/photo-1567157577867-05ccb1388e66?w=800&auto=format&fit=crop&q=80
6586,Zuketsa,Nagaland,attraction,25.6046,94.4228,budget,4.9,6824,"Zuketsa is a notable culture destination in Phek district, Nagaland. It offers rich indigenous tribal traditions, pristine eastern Himalayan landscapes, and authentic community heritage.",Oct-Feb,https://images.unsplash.com/photo-1621847468516-1ed5d0df56fe?w=800&auto=format&fit=crop&q=80
6587,Chazuba Falls,Nagaland,attraction,25.6254,94.4532,budget,4.1,771,"Chazuba Falls is a notable waterfall destination in Phek district, Nagaland. It offers rich indigenous tribal traditions, pristine eastern Himalayan landscapes, and authentic community heritage.",Oct-Feb,https://images.unsplash.com/photo-1546548970-71785318a17b?w=800&auto=format&fit=crop&q=80
6588,Phek Waterfall,Nagaland,attraction,25.6462,94.4836,budget,4.7,6663,"Phek Waterfall is a notable waterfall destination in Phek district, Nagaland. It offers rich indigenous tribal traditions, pristine eastern Himalayan landscapes, and authentic community heritage.",Jul-Oct,https://images.unsplash.com/photo-1546548970-71785318a17b?w=800&auto=format&fit=crop&q=80
6589,Metümnyo Festival Grounds,Nagaland,attraction,26.0268,94.9653,budget,4.7,7250,"Metümnyo Festival Grounds is a notable culture destination in Shamator district, Nagaland. It offers rich indigenous tribal traditions, pristine eastern Himalayan landscapes, and authentic community heritage.",Oct-Feb,https://images.unsplash.com/photo-1590050752117-238cb0fb12b1?w=800&auto=format&fit=crop&q=80
6590,Tikhir Cultural Villages,Nagaland,attraction,26.0476,94.8357,budget,4.4,827,"Tikhir Cultural Villages is a notable culture destination in Shamator district, Nagaland. It offers rich indigenous tribal traditions, pristine eastern Himalayan landscapes, and authentic community heritage.",Oct-Feb,https://images.unsplash.com/photo-1609766857041-ed402ea8069a?w=800&auto=format&fit=crop&q=80
6591,Tsonglaknyi Festival Grounds,Nagaland,attraction,26.0684,94.8661,budget,4.8,6034,"Tsonglaknyi Festival Grounds is a notable culture destination in Shamator district, Nagaland. It offers rich indigenous tribal traditions, pristine eastern Himalayan landscapes, and authentic community heritage.",Oct-Feb,https://images.unsplash.com/photo-1590050752117-238cb0fb12b1?w=800&auto=format&fit=crop&q=80
6592,Yimkhiung Cultural Villages,Nagaland,attraction,26.0892,94.8965,budget,4.3,2716,"Yimkhiung Cultural Villages is a notable culture destination in Shamator district, Nagaland. It offers rich indigenous tribal traditions, pristine eastern Himalayan landscapes, and authentic community heritage.",Oct-Feb,https://images.unsplash.com/photo-1544717305-2782549b5136?w=800&auto=format&fit=crop&q=80
6593,Changdong Forest,Nagaland,attraction,26.11,94.9269,budget,4.5,2340,"Changdong Forest is a notable nature destination in Shamator district, Nagaland. It offers rich indigenous tribal traditions, pristine eastern Himalayan landscapes, and authentic community heritage.",Oct-Feb,https://images.unsplash.com/photo-1590050752117-238cb0fb12b1?w=800&auto=format&fit=crop&q=80
6594,Shamator Hills,Nagaland,attraction,25.9708,94.9573,budget,4.6,4698,"Shamator Hills is a notable nature destination in Shamator district, Nagaland. It offers rich indigenous tribal traditions, pristine eastern Himalayan landscapes, and authentic community heritage.",Oct-Feb,https://images.unsplash.com/photo-1519681393784-d120267933ba?w=800&auto=format&fit=crop&q=80
6595,Mimi Cave Systems & Bat Colonies,Nagaland,attraction,22.6009,78.9517,budget,4.0,1285,"Mimi Cave Systems & Bat Colonies is an authentic attraction destination located in ,  district of Nagaland. Celebrated for its regional significance and unique ambiance, it offers travelers an immersive experience in the culture, scenic beauty, and heritage of Nagaland.",Oct-Feb,https://images.unsplash.com/photo-1509316975850-ff9c5deb0cd9?w=800&auto=format&fit=crop&q=80
6596,Tizu–Zungki Confluence,Nagaland,attraction,26.0124,94.8581,budget,4.7,7459,"Tizu–Zungki Confluence is a notable nature destination in Shamator district, Nagaland. It offers rich indigenous tribal traditions, pristine eastern Himalayan landscapes, and authentic community heritage.",Oct-Feb,https://images.unsplash.com/photo-1621847468516-1ed5d0df56fe?w=800&auto=format&fit=crop&q=80
6597,Shamator Hill Viewpoints,Nagaland,attraction,26.0332,94.8885,budget,4.3,1583,"Shamator Hill Viewpoints is a notable hill destination in Shamator district, Nagaland. It offers rich indigenous tribal traditions, pristine eastern Himalayan landscapes, and authentic community heritage.",Oct-Feb,https://images.unsplash.com/photo-1486870591958-9b9d0d1dda99?w=800&auto=format&fit=crop&q=80
6598,Zungki River Trekking Areas,Nagaland,attraction,26.054,94.9189,budget,4.5,2296,"Zungki River Trekking Areas is a notable nature destination in Shamator district, Nagaland. It offers rich indigenous tribal traditions, pristine eastern Himalayan landscapes, and authentic community heritage.",Oct-Feb,https://images.unsplash.com/photo-1609766857041-ed402ea8069a?w=800&auto=format&fit=crop&q=80
6599,Chessore,Nagaland,attraction,26.0748,94.9493,budget,4.8,2410,"Chessore is a notable culture destination in Shamator district, Nagaland. It offers rich indigenous tribal traditions, pristine eastern Himalayan landscapes, and authentic community heritage.",Oct-Feb,https://images.unsplash.com/photo-1582510003544-4d00b7f74220?w=800&auto=format&fit=crop&q=80
6600,Longkhim-side Yimkhiung Villages,Nagaland,attraction,26.0956,94.9797,budget,4.8,4627,"Longkhim-side Yimkhiung Villages is a notable culture destination in Shamator district, Nagaland. It offers rich indigenous tribal traditions, pristine eastern Himalayan landscapes, and authentic community heritage.",Oct-Feb,https://images.unsplash.com/photo-1590050752117-238cb0fb12b1?w=800&auto=format&fit=crop&q=80
6601,Mangko,Nagaland,attraction,26.1164,94.8501,budget,4.7,2117,"Mangko is a notable culture destination in Shamator district, Nagaland. It offers rich indigenous tribal traditions, pristine eastern Himalayan landscapes, and authentic community heritage.",Oct-Feb,https://images.unsplash.com/photo-1582510003544-4d00b7f74220?w=800&auto=format&fit=crop&q=80
6602,Sangphur Village,Nagaland,attraction,25.9772,94.8805,budget,4.8,7499,"Sangphur Village is a notable culture destination in Shamator district, Nagaland. It offers rich indigenous tribal traditions, pristine eastern Himalayan landscapes, and authentic community heritage.",Oct-Feb,https://images.unsplash.com/photo-1590050752117-238cb0fb12b1?w=800&auto=format&fit=crop&q=80
6603,Shamator Town,Nagaland,attraction,25.998,94.9109,budget,4.6,7427,"Shamator Town is a notable culture destination in Shamator district, Nagaland. It offers rich indigenous tribal traditions, pristine eastern Himalayan landscapes, and authentic community heritage.",Oct-Feb,https://images.unsplash.com/photo-1590050752117-238cb0fb12b1?w=800&auto=format&fit=crop&q=80
6604,Tikhir Villages,Nagaland,attraction,26.0188,94.9413,budget,4.8,4996,"Tikhir Villages is a notable culture destination in Shamator district, Nagaland. It offers rich indigenous tribal traditions, pristine eastern Himalayan landscapes, and authentic community heritage.",Oct-Feb,https://images.unsplash.com/photo-1567157577867-05ccb1388e66?w=800&auto=format&fit=crop&q=80
6605,Tsurangto,Nagaland,attraction,26.0396,94.9717,budget,4.3,615,"Tsurangto is a notable culture destination in Shamator district, Nagaland. It offers rich indigenous tribal traditions, pristine eastern Himalayan landscapes, and authentic community heritage.",Oct-Feb,https://images.unsplash.com/photo-1518709268805-4e9042af9f23?w=800&auto=format&fit=crop&q=80
6606,Yanthang Village,Nagaland,attraction,26.0604,94.8421,budget,4.5,7254,"Yanthang Village is a notable culture destination in Shamator district, Nagaland. It offers rich indigenous tribal traditions, pristine eastern Himalayan landscapes, and authentic community heritage.",Oct-Feb,https://images.unsplash.com/photo-1518709268805-4e9042af9f23?w=800&auto=format&fit=crop&q=80
6607,"Village Springs and Water Points, Shamator",Nagaland,attraction,26.0812,94.8725,budget,4.4,3125,"Village Springs and Water Points, Shamator is a notable culture destination in Shamator district, Nagaland. It offers rich indigenous tribal traditions, pristine eastern Himalayan landscapes, and authentic community heritage.",Oct-Feb,https://images.unsplash.com/photo-1590050752117-238cb0fb12b1?w=800&auto=format&fit=crop&q=80
6608,Zungki River Picnic Areas,Nagaland,attraction,26.102,94.9029,budget,4.3,1633,"Zungki River Picnic Areas is a notable nature destination in Shamator district, Nagaland. It offers rich indigenous tribal traditions, pristine eastern Himalayan landscapes, and authentic community heritage.",Oct-Feb,https://images.unsplash.com/photo-1590050752117-238cb0fb12b1?w=800&auto=format&fit=crop&q=80
6609,Rengma Agricultural,Nagaland,attraction,22.5545,78.9861,budget,4.5,5694,"Rengma Agricultural is an authentic attraction destination located in ,  district of Nagaland. Celebrated for its regional significance and unique ambiance, it offers travelers an immersive experience in the culture, scenic beauty, and heritage of Nagaland.",Oct-Feb,https://images.unsplash.com/photo-1582510003544-4d00b7f74220?w=800&auto=format&fit=crop&q=80
6610,Sendenyu Terrace Fields,Nagaland,attraction,25.9038,94.2624,budget,4.3,1648,"Sendenyu Terrace Fields is a notable culture destination in Tseminyu district, Nagaland. It offers rich indigenous tribal traditions, pristine eastern Himalayan landscapes, and authentic community heritage.",Oct-Feb,https://images.unsplash.com/photo-1609766857041-ed402ea8069a?w=800&auto=format&fit=crop&q=80
6611,Sendenyu Biodiversity Base Camp,Nagaland,homestay,25.9246,94.1328,budget,4.6,3798,"Sendenyu Biodiversity Base Camp is a notable nature destination in Tseminyu district, Nagaland. It offers rich indigenous tribal traditions, pristine eastern Himalayan landscapes, and authentic community heritage.",Oct-Feb,https://images.unsplash.com/photo-1520250497591-112f2f40a3f4?w=800&auto=format&fit=crop&q=80
6612,"Sendenyu Biodiversity Center, New Sendenyu",Nagaland,attraction,25.9454,94.1632,budget,4.1,414,"Sendenyu Biodiversity Center, New Sendenyu is a notable nature destination in Tseminyu district, Nagaland. It offers rich indigenous tribal traditions, pristine eastern Himalayan landscapes, and authentic community heritage.",Oct-Feb,https://images.unsplash.com/photo-1609766857041-ed402ea8069a?w=800&auto=format&fit=crop&q=80
6613,Sendenyu Community Biodiversity & Wildlife Reserve,Nagaland,attraction,25.9662,94.1936,budget,4.2,2057,"Sendenyu Community Biodiversity & Wildlife Reserve is a notable nature destination in Tseminyu district, Nagaland. It offers rich indigenous tribal traditions, pristine eastern Himalayan landscapes, and authentic community heritage.",Oct-Feb,https://images.unsplash.com/photo-1549366021-9f761d450615?w=800&auto=format&fit=crop&q=80
6614,Ngada Festival Grounds,Nagaland,attraction,25.987,94.224,budget,4.7,6181,"Ngada Festival Grounds is a notable culture destination in Tseminyu district, Nagaland. It offers rich indigenous tribal traditions, pristine eastern Himalayan landscapes, and authentic community heritage.",Oct-Feb,https://images.unsplash.com/photo-1518709268805-4e9042af9f23?w=800&auto=format&fit=crop&q=80
6615,Rengma Cultural Village Areas,Nagaland,attraction,26.0078,94.2544,budget,4.1,815,"Rengma Cultural Village Areas is a notable culture destination in Tseminyu district, Nagaland. It offers rich indigenous tribal traditions, pristine eastern Himalayan landscapes, and authentic community heritage.",Oct-Feb,https://images.unsplash.com/photo-1590050752117-238cb0fb12b1?w=800&auto=format&fit=crop&q=80
6616,Sendenyu Traditional,Nagaland,attraction,22.5577,78.9397,budget,4.1,931,"Sendenyu Traditional is an authentic attraction destination located in ,  district of Nagaland. Celebrated for its regional significance and unique ambiance, it offers travelers an immersive experience in the culture, scenic beauty, and heritage of Nagaland.",Oct-Feb,https://images.unsplash.com/photo-1609766857041-ed402ea8069a?w=800&auto=format&fit=crop&q=80
6617,Sendenyu Community Forest,Nagaland,attraction,25.8894,94.1552,budget,4.3,3239,"Sendenyu Community Forest is a notable nature destination in Tseminyu district, Nagaland. It offers rich indigenous tribal traditions, pristine eastern Himalayan landscapes, and authentic community heritage.",Oct-Feb,https://images.unsplash.com/photo-1518709268805-4e9042af9f23?w=800&auto=format&fit=crop&q=80
6618,Sendenyu Sacred Groves,Nagaland,attraction,25.9102,94.1856,budget,4.4,476,"Sendenyu Sacred Groves is a notable nature destination in Tseminyu district, Nagaland. It offers rich indigenous tribal traditions, pristine eastern Himalayan landscapes, and authentic community heritage.",Oct-Feb,https://images.unsplash.com/photo-1567157577867-05ccb1388e66?w=800&auto=format&fit=crop&q=80
6619,Tseminyu,Nagaland,attraction,22.6001,78.9637,budget,3.9,173,"Tseminyu is an authentic attraction destination located in ,  district of Nagaland. Celebrated for its regional significance and unique ambiance, it offers travelers an immersive experience in the culture, scenic beauty, and heritage of Nagaland.",Oct-Feb,https://images.unsplash.com/photo-1518709268805-4e9042af9f23?w=800&auto=format&fit=crop&q=80
6620,Nsonji–Sendenyu Centenary Memorial Park,Nagaland,attraction,25.9518,94.2464,budget,4.7,1611,"Nsonji–Sendenyu Centenary Memorial Park is a notable park destination in Tseminyu district, Nagaland. It offers rich indigenous tribal traditions, pristine eastern Himalayan landscapes, and authentic community heritage.",Oct-Feb,https://images.unsplash.com/photo-1585320806297-9794b3e4eeae?w=800&auto=format&fit=crop&q=80
6621,Sendenyu Centenary Memorial,Nagaland,attraction,25.9726,94.2768,budget,4.3,1629,"Sendenyu Centenary Memorial is a notable nature destination in Tseminyu district, Nagaland. It offers rich indigenous tribal traditions, pristine eastern Himalayan landscapes, and authentic community heritage.",Oct-Feb,https://images.unsplash.com/photo-1609766857041-ed402ea8069a?w=800&auto=format&fit=crop&q=80
6622,Khinrun (Governor's View Point),Nagaland,attraction,25.9934,94.1472,budget,4.9,7661,"Khinrun (Governor's View Point) is a notable hill destination in Tseminyu district, Nagaland. It offers rich indigenous tribal traditions, pristine eastern Himalayan landscapes, and authentic community heritage.",Oct-Feb,https://images.unsplash.com/photo-1544717305-2782549b5136?w=800&auto=format&fit=crop&q=80
6623,Tseminyu Ward No. 4 Viewpoint,Nagaland,attraction,26.0142,94.1776,budget,4.5,6968,"Tseminyu Ward No. 4 Viewpoint is a notable hill destination in Tseminyu district, Nagaland. It offers rich indigenous tribal traditions, pristine eastern Himalayan landscapes, and authentic community heritage.",Oct-Feb,https://images.unsplash.com/photo-1590050752117-238cb0fb12b1?w=800&auto=format&fit=crop&q=80
6624,Lotsuphen,Nagaland,attraction,26.035,94.208,budget,4.2,2552,"Lotsuphen is a notable culture destination in Tseminyu district, Nagaland. It offers rich indigenous tribal traditions, pristine eastern Himalayan landscapes, and authentic community heritage.",Oct-Feb,https://images.unsplash.com/photo-1582510003544-4d00b7f74220?w=800&auto=format&fit=crop&q=80
6625,New Sendenyu,Nagaland,attraction,25.8958,94.2384,budget,4.7,8575,"New Sendenyu is a notable culture destination in Tseminyu district, Nagaland. It offers rich indigenous tribal traditions, pristine eastern Himalayan landscapes, and authentic community heritage.",Oct-Feb,https://images.unsplash.com/photo-1590050752117-238cb0fb12b1?w=800&auto=format&fit=crop&q=80
6626,Nsunyu,Nagaland,attraction,25.9166,94.2688,budget,4.1,934,"Nsunyu is a notable culture destination in Tseminyu district, Nagaland. It offers rich indigenous tribal traditions, pristine eastern Himalayan landscapes, and authentic community heritage.",Oct-Feb,https://images.unsplash.com/photo-1590050752117-238cb0fb12b1?w=800&auto=format&fit=crop&q=80
6627,Sendenyu Village,Nagaland,attraction,25.9374,94.1392,budget,4.6,9101,"Sendenyu Village is a notable culture destination in Tseminyu district, Nagaland. It offers rich indigenous tribal traditions, pristine eastern Himalayan landscapes, and authentic community heritage.",Oct-Feb,https://images.unsplash.com/photo-1582510003544-4d00b7f74220?w=800&auto=format&fit=crop&q=80
6628,Thongsunyu,Nagaland,attraction,25.9582,94.1696,budget,4.8,2357,"Thongsunyu is a notable culture destination in Tseminyu district, Nagaland. It offers rich indigenous tribal traditions, pristine eastern Himalayan landscapes, and authentic community heritage.",Oct-Feb,https://images.unsplash.com/photo-1544717305-2782549b5136?w=800&auto=format&fit=crop&q=80
6629,Tseminyu Town,Nagaland,attraction,25.979,94.2,budget,4.4,2832,"Tseminyu Town is a notable culture destination in Tseminyu district, Nagaland. It offers rich indigenous tribal traditions, pristine eastern Himalayan landscapes, and authentic community heritage.",Oct-Feb,https://images.unsplash.com/photo-1544717305-2782549b5136?w=800&auto=format&fit=crop&q=80
6630,Tsogin,Nagaland,attraction,25.9998,94.2304,budget,4.9,1825,"Tsogin is a notable culture destination in Tseminyu district, Nagaland. It offers rich indigenous tribal traditions, pristine eastern Himalayan landscapes, and authentic community heritage.",Oct-Feb,https://images.unsplash.com/photo-1621847468516-1ed5d0df56fe?w=800&auto=format&fit=crop&q=80
6631,Sendenyu Streams,Nagaland,attraction,26.0206,94.2608,budget,4.3,3181,"Sendenyu Streams is a notable waterfall destination in Tseminyu district, Nagaland. It offers rich indigenous tribal traditions, pristine eastern Himalayan landscapes, and authentic community heritage.",Oct-Feb,https://images.unsplash.com/photo-1567157577867-05ccb1388e66?w=800&auto=format&fit=crop&q=80
6632,Tseminyu Hill Streams,Nagaland,attraction,25.8814,94.1312,budget,4.7,8738,"Tseminyu Hill Streams is a notable waterfall destination in Tseminyu district, Nagaland. It offers rich indigenous tribal traditions, pristine eastern Himalayan landscapes, and authentic community heritage.",Oct-Feb,https://images.unsplash.com/photo-1464822759023-fed622ff2c3b?w=800&auto=format&fit=crop&q=80
6633,Chungliyimti Stone Sites,Nagaland,attraction,26.2122,94.7816,budget,4.5,6767,"Chungliyimti Stone Sites is a notable cave destination in Tuensang district, Nagaland. It offers rich indigenous tribal traditions, pristine eastern Himalayan landscapes, and authentic community heritage.",Oct-Feb,https://images.unsplash.com/photo-1544717305-2782549b5136?w=800&auto=format&fit=crop&q=80
6634,Longterok Stone Formation,Nagaland,attraction,26.233,94.812,budget,4.9,7231,"Longterok Stone Formation is a notable cave destination in Tuensang district, Nagaland. It offers rich indigenous tribal traditions, pristine eastern Himalayan landscapes, and authentic community heritage.",Oct-Feb,https://images.unsplash.com/photo-1518709268805-4e9042af9f23?w=800&auto=format&fit=crop&q=80
6635,Tsadang Rock Sites,Nagaland,attraction,26.2538,94.8424,budget,4.2,665,"Tsadang Rock Sites is a notable cave destination in Tuensang district, Nagaland. It offers rich indigenous tribal traditions, pristine eastern Himalayan landscapes, and authentic community heritage.",Oct-Feb,https://images.unsplash.com/photo-1590050752117-238cb0fb12b1?w=800&auto=format&fit=crop&q=80
6636,Chang Naga Traditional Villages,Nagaland,attraction,26.2746,94.8728,budget,4.9,6041,"Chang Naga Traditional Villages is a notable culture destination in Tuensang district, Nagaland. It offers rich indigenous tribal traditions, pristine eastern Himalayan landscapes, and authentic community heritage.",Oct-Feb,https://images.unsplash.com/photo-1567157577867-05ccb1388e66?w=800&auto=format&fit=crop&q=80
6637,Sangtam Traditional Villages,Nagaland,attraction,26.2954,94.9032,budget,4.5,4697,"Sangtam Traditional Villages is a notable culture destination in Tuensang district, Nagaland. It offers rich indigenous tribal traditions, pristine eastern Himalayan landscapes, and authentic community heritage.",Oct-Feb,https://images.unsplash.com/photo-1582510003544-4d00b7f74220?w=800&auto=format&fit=crop&q=80
6638,Yimkhiung Cultural Areas,Nagaland,attraction,26.3162,94.7736,budget,4.1,230,"Yimkhiung Cultural Areas is a notable culture destination in Tuensang district, Nagaland. It offers rich indigenous tribal traditions, pristine eastern Himalayan landscapes, and authentic community heritage.",Oct-Feb,https://images.unsplash.com/photo-1590050752117-238cb0fb12b1?w=800&auto=format&fit=crop&q=80
6639,Chungliyimti Ancient Settlement,Nagaland,attraction,26.337,94.804,budget,4.5,3603,"Chungliyimti Ancient Settlement is a notable nature destination in Tuensang district, Nagaland. It offers rich indigenous tribal traditions, pristine eastern Himalayan landscapes, and authentic community heritage.",Oct-Feb,https://images.unsplash.com/photo-1567157577867-05ccb1388e66?w=800&auto=format&fit=crop&q=80
6640,Longterok Stones,Nagaland,attraction,26.1978,94.8344,budget,4.6,7766,"Longterok Stones is a notable nature destination in Tuensang district, Nagaland. It offers rich indigenous tribal traditions, pristine eastern Himalayan landscapes, and authentic community heritage.",Oct-Feb,https://images.unsplash.com/photo-1609766857041-ed402ea8069a?w=800&auto=format&fit=crop&q=80
6641,Ongterok Stones,Nagaland,attraction,26.2186,94.8648,budget,4.1,590,"Ongterok Stones is a notable nature destination in Tuensang district, Nagaland. It offers rich indigenous tribal traditions, pristine eastern Himalayan landscapes, and authentic community heritage.",Oct-Feb,https://images.unsplash.com/photo-1590050752117-238cb0fb12b1?w=800&auto=format&fit=crop&q=80
6642,Longkhim Hills,Nagaland,attraction,26.2394,94.8952,budget,4.4,1590,"Longkhim Hills is a notable hill destination in Tuensang district, Nagaland. It offers rich indigenous tribal traditions, pristine eastern Himalayan landscapes, and authentic community heritage.",Oct-Feb,https://images.unsplash.com/photo-1464822759023-fed622ff2c3b?w=800&auto=format&fit=crop&q=80
6643,Sangsangnyu Hills,Nagaland,attraction,26.2602,94.7656,budget,4.3,2203,"Sangsangnyu Hills is a notable hill destination in Tuensang district, Nagaland. It offers rich indigenous tribal traditions, pristine eastern Himalayan landscapes, and authentic community heritage.",Oct-Feb,https://images.unsplash.com/photo-1519681393784-d120267933ba?w=800&auto=format&fit=crop&q=80
6644,Tsadang Hills,Nagaland,attraction,26.281,94.796,budget,4.3,1099,"Tsadang Hills is a notable hill destination in Tuensang district, Nagaland. It offers rich indigenous tribal traditions, pristine eastern Himalayan landscapes, and authentic community heritage.",Oct-Feb,https://images.unsplash.com/photo-1486870591958-9b9d0d1dda99?w=800&auto=format&fit=crop&q=80
6645,Tuensang Hills,Nagaland,attraction,26.3018,94.8264,budget,4.1,199,"Tuensang Hills is a notable hill destination in Tuensang district, Nagaland. It offers rich indigenous tribal traditions, pristine eastern Himalayan landscapes, and authentic community heritage.",Oct-Feb,https://images.unsplash.com/photo-1519681393784-d120267933ba?w=800&auto=format&fit=crop&q=80
6646,ECS Longpang,Nagaland,attraction,26.3226,94.8568,budget,4.4,1177,"ECS Longpang is a notable nature destination in Tuensang district, Nagaland. It offers rich indigenous tribal traditions, pristine eastern Himalayan landscapes, and authentic community heritage.",Oct-Feb,https://images.unsplash.com/photo-1544717305-2782549b5136?w=800&auto=format&fit=crop&q=80
6647,Changsang River,Nagaland,attraction,26.3434,94.8872,budget,4.1,158,"Changsang River is a notable nature destination in Tuensang district, Nagaland. It offers rich indigenous tribal traditions, pristine eastern Himalayan landscapes, and authentic community heritage.",Oct-Feb,https://images.unsplash.com/photo-1609766857041-ed402ea8069a?w=800&auto=format&fit=crop&q=80
6648,Tsurang River,Nagaland,attraction,26.2042,94.7576,budget,4.1,1221,"Tsurang River is a notable nature destination in Tuensang district, Nagaland. It offers rich indigenous tribal traditions, pristine eastern Himalayan landscapes, and authentic community heritage.",Oct-Feb,https://images.unsplash.com/photo-1518709268805-4e9042af9f23?w=800&auto=format&fit=crop&q=80
6649,Chungliyimti Scenic Area,Nagaland,attraction,26.225,94.788,budget,4.2,3206,"Chungliyimti Scenic Area is a notable hill destination in Tuensang district, Nagaland. It offers rich indigenous tribal traditions, pristine eastern Himalayan landscapes, and authentic community heritage.",Oct-Feb,https://images.unsplash.com/photo-1590050752117-238cb0fb12b1?w=800&auto=format&fit=crop&q=80
6650,Longpang River View,Nagaland,attraction,26.2458,94.8184,budget,4.1,764,"Longpang River View is a notable hill destination in Tuensang district, Nagaland. It offers rich indigenous tribal traditions, pristine eastern Himalayan landscapes, and authentic community heritage.",Oct-Feb,https://images.unsplash.com/photo-1567157577867-05ccb1388e66?w=800&auto=format&fit=crop&q=80
6651,Tuensang Town Viewpoints,Nagaland,attraction,26.2666,94.8488,budget,4.4,724,"Tuensang Town Viewpoints is a notable hill destination in Tuensang district, Nagaland. It offers rich indigenous tribal traditions, pristine eastern Himalayan landscapes, and authentic community heritage.",Oct-Feb,https://images.unsplash.com/photo-1544717305-2782549b5136?w=800&auto=format&fit=crop&q=80
6652,Chare,Nagaland,attraction,26.2874,94.8792,budget,4.8,3458,"Chare is a notable culture destination in Tuensang district, Nagaland. It offers rich indigenous tribal traditions, pristine eastern Himalayan landscapes, and authentic community heritage.",Oct-Feb,https://images.unsplash.com/photo-1518709268805-4e9042af9f23?w=800&auto=format&fit=crop&q=80
6653,Chingmei,Nagaland,attraction,26.3082,94.9096,budget,4.2,547,"Chingmei is a notable culture destination in Tuensang district, Nagaland. It offers rich indigenous tribal traditions, pristine eastern Himalayan landscapes, and authentic community heritage.",Oct-Feb,https://images.unsplash.com/photo-1590050752117-238cb0fb12b1?w=800&auto=format&fit=crop&q=80
6654,Chungliyimti Village,Nagaland,attraction,26.329,94.78,budget,4.3,629,"Chungliyimti Village is a notable culture destination in Tuensang district, Nagaland. It offers rich indigenous tribal traditions, pristine eastern Himalayan landscapes, and authentic community heritage.",Oct-Feb,https://images.unsplash.com/photo-1567157577867-05ccb1388e66?w=800&auto=format&fit=crop&q=80
6655,Hakchang Village,Nagaland,attraction,26.3498,94.8104,budget,4.5,8278,"Hakchang Village is a notable culture destination in Tuensang district, Nagaland. It offers rich indigenous tribal traditions, pristine eastern Himalayan landscapes, and authentic community heritage.",Oct-Feb,https://images.unsplash.com/photo-1567157577867-05ccb1388e66?w=800&auto=format&fit=crop&q=80
6656,Kuthur,Nagaland,attraction,26.2106,94.8408,budget,4.3,3418,"Kuthur is a notable culture destination in Tuensang district, Nagaland. It offers rich indigenous tribal traditions, pristine eastern Himalayan landscapes, and authentic community heritage.",Oct-Feb,https://images.unsplash.com/photo-1621847468516-1ed5d0df56fe?w=800&auto=format&fit=crop&q=80
6657,Kuthur Village,Nagaland,attraction,26.2314,94.8712,budget,4.9,9159,"Kuthur Village is a notable culture destination in Tuensang district, Nagaland. It offers rich indigenous tribal traditions, pristine eastern Himalayan landscapes, and authentic community heritage.",Oct-Feb,https://images.unsplash.com/photo-1582510003544-4d00b7f74220?w=800&auto=format&fit=crop&q=80
6658,Longkhim,Nagaland,attraction,26.2522,94.9016,budget,4.6,4842,"Longkhim is a notable culture destination in Tuensang district, Nagaland. It offers rich indigenous tribal traditions, pristine eastern Himalayan landscapes, and authentic community heritage.",Oct-Feb,https://images.unsplash.com/photo-1621847468516-1ed5d0df56fe?w=800&auto=format&fit=crop&q=80
6659,Longpang,Nagaland,attraction,26.273,94.772,budget,4.9,6227,"Longpang is a notable culture destination in Tuensang district, Nagaland. It offers rich indigenous tribal traditions, pristine eastern Himalayan landscapes, and authentic community heritage.",Oct-Feb,https://images.unsplash.com/photo-1567157577867-05ccb1388e66?w=800&auto=format&fit=crop&q=80
6660,Longpang Village,Nagaland,attraction,26.2938,94.8024,budget,4.9,2595,"Longpang Village is a notable culture destination in Tuensang district, Nagaland. It offers rich indigenous tribal traditions, pristine eastern Himalayan landscapes, and authentic community heritage.",Oct-Feb,https://images.unsplash.com/photo-1518709268805-4e9042af9f23?w=800&auto=format&fit=crop&q=80
6661,Ngoungchung,Nagaland,attraction,26.3146,94.8328,budget,4.5,5611,"Ngoungchung is a notable culture destination in Tuensang district, Nagaland. It offers rich indigenous tribal traditions, pristine eastern Himalayan landscapes, and authentic community heritage.",Oct-Feb,https://images.unsplash.com/photo-1518709268805-4e9042af9f23?w=800&auto=format&fit=crop&q=80
6662,Noksen,Nagaland,attraction,26.3354,94.8632,budget,4.1,1075,"Noksen is a notable culture destination in Tuensang district, Nagaland. It offers rich indigenous tribal traditions, pristine eastern Himalayan landscapes, and authentic community heritage.",Oct-Feb,https://images.unsplash.com/photo-1621847468516-1ed5d0df56fe?w=800&auto=format&fit=crop&q=80
6663,Sangsangnyu,Nagaland,attraction,26.1962,94.8936,budget,4.9,7139,"Sangsangnyu is a notable culture destination in Tuensang district, Nagaland. It offers rich indigenous tribal traditions, pristine eastern Himalayan landscapes, and authentic community heritage.",Oct-Feb,https://images.unsplash.com/photo-1582510003544-4d00b7f74220?w=800&auto=format&fit=crop&q=80
6664,Sangsomong,Nagaland,attraction,26.217,94.764,budget,4.8,5516,"Sangsomong is a notable culture destination in Tuensang district, Nagaland. It offers rich indigenous tribal traditions, pristine eastern Himalayan landscapes, and authentic community heritage.",Oct-Feb,https://images.unsplash.com/photo-1609766857041-ed402ea8069a?w=800&auto=format&fit=crop&q=80
6665,Sotokur,Nagaland,attraction,26.2378,94.7944,budget,4.2,3095,"Sotokur is a notable culture destination in Tuensang district, Nagaland. It offers rich indigenous tribal traditions, pristine eastern Himalayan landscapes, and authentic community heritage.",Oct-Feb,https://images.unsplash.com/photo-1590050752117-238cb0fb12b1?w=800&auto=format&fit=crop&q=80
6666,Tsadang Village,Nagaland,attraction,26.2586,94.8248,budget,4.9,6643,"Tsadang Village is a notable culture destination in Tuensang district, Nagaland. It offers rich indigenous tribal traditions, pristine eastern Himalayan landscapes, and authentic community heritage.",Oct-Feb,https://images.unsplash.com/photo-1621847468516-1ed5d0df56fe?w=800&auto=format&fit=crop&q=80
6667,Hakchang Waterfall,Nagaland,attraction,26.2794,94.8552,budget,4.6,3456,"Hakchang Waterfall is a notable waterfall destination in Tuensang district, Nagaland. It offers rich indigenous tribal traditions, pristine eastern Himalayan landscapes, and authentic community heritage.",Jul-Oct,https://images.unsplash.com/photo-1432405972618-c60b0225b8f9?w=800&auto=format&fit=crop&q=80
6668,Longkhim Waterfalls,Nagaland,attraction,26.3002,94.8856,budget,4.8,8563,"Longkhim Waterfalls is a notable waterfall destination in Tuensang district, Nagaland. It offers rich indigenous tribal traditions, pristine eastern Himalayan landscapes, and authentic community heritage.",Jul-Oct,https://images.unsplash.com/photo-1518457607834-6e8d80c183c5?w=800&auto=format&fit=crop&q=80
6669,Tsadang Waterfall,Nagaland,attraction,26.321,94.756,budget,4.2,1640,"Tsadang Waterfall is a notable waterfall destination in Tuensang district, Nagaland. It offers rich indigenous tribal traditions, pristine eastern Himalayan landscapes, and authentic community heritage.",Jul-Oct,https://images.unsplash.com/photo-1518457607834-6e8d80c183c5?w=800&auto=format&fit=crop&q=80
6670,Baghty Passion Fruit Valley,Nagaland,attraction,26.169,94.2164,budget,4.2,1216,"Baghty Passion Fruit Valley is a notable nature destination in Wokha district, Nagaland. It offers rich indigenous tribal traditions, pristine eastern Himalayan landscapes, and authentic community heritage.",Oct-Feb,https://images.unsplash.com/photo-1486870591958-9b9d0d1dda99?w=800&auto=format&fit=crop&q=80
6671,Doyang Valley Orchards,Nagaland,attraction,26.0298,94.2468,budget,4.9,5536,"Doyang Valley Orchards is a notable nature destination in Wokha district, Nagaland. It offers rich indigenous tribal traditions, pristine eastern Himalayan landscapes, and authentic community heritage.",Oct-Feb,https://images.unsplash.com/photo-1441974231531-c6227db76b6e?w=800&auto=format&fit=crop&q=80
6672,Pangti Village Agricultural,Nagaland,attraction,22.5577,78.9317,budget,4.3,2038,"Pangti Village Agricultural is an authentic attraction destination located in ,  district of Nagaland. Celebrated for its regional significance and unique ambiance, it offers travelers an immersive experience in the culture, scenic beauty, and heritage of Nagaland.",Oct-Feb,https://images.unsplash.com/photo-1621847468516-1ed5d0df56fe?w=800&auto=format&fit=crop&q=80
6673,Longsa Historic Monolith,Nagaland,attraction,26.0714,94.3076,budget,4.5,5697,"Longsa Historic Monolith is a notable nature destination in Wokha district, Nagaland. It offers rich indigenous tribal traditions, pristine eastern Himalayan landscapes, and authentic community heritage.",Oct-Feb,https://images.unsplash.com/photo-1582510003544-4d00b7f74220?w=800&auto=format&fit=crop&q=80
6674,Vankhosung Baptist Church,Nagaland,attraction,26.0922,94.338,budget,4.2,2783,"Vankhosung Baptist Church is a notable nature destination in Wokha district, Nagaland. It offers rich indigenous tribal traditions, pristine eastern Himalayan landscapes, and authentic community heritage.",Oct-Feb,https://images.unsplash.com/photo-1519331379826-f10be5486c6f?w=800&auto=format&fit=crop&q=80
6675,Vankhosung Historic Site,Nagaland,attraction,26.113,94.2084,budget,4.4,2440,"Vankhosung Historic Site is a notable nature destination in Wokha district, Nagaland. It offers rich indigenous tribal traditions, pristine eastern Himalayan landscapes, and authentic community heritage.",Oct-Feb,https://images.unsplash.com/photo-1585320806297-9794b3e4eeae?w=800&auto=format&fit=crop&q=80
6676,Doyang Hydro Project,Nagaland,attraction,26.1338,94.2388,budget,4.9,5399,"Doyang Hydro Project is a notable lake destination in Wokha district, Nagaland. It offers rich indigenous tribal traditions, pristine eastern Himalayan landscapes, and authentic community heritage.",Oct-Feb,https://images.unsplash.com/photo-1609766857041-ed402ea8069a?w=800&auto=format&fit=crop&q=80
6677,Doyang Water Sports Zone,Nagaland,attraction,26.1546,94.2692,mid,4.8,3616,"Doyang Water Sports Zone is a notable lake destination in Wokha district, Nagaland. It offers rich indigenous tribal traditions, pristine eastern Himalayan landscapes, and authentic community heritage.",Oct-Feb,https://images.unsplash.com/photo-1590050752117-238cb0fb12b1?w=800&auto=format&fit=crop&q=80
6678,Mount Tiyi,Nagaland,attraction,26.1754,94.2996,budget,4.7,1870,"Mount Tiyi is a notable hill destination in Wokha district, Nagaland. It offers rich indigenous tribal traditions, pristine eastern Himalayan landscapes, and authentic community heritage.",Oct-Feb,https://images.unsplash.com/photo-1621847468516-1ed5d0df56fe?w=800&auto=format&fit=crop&q=80
6679,Totsu Cliff,Nagaland,attraction,26.0362,94.33,budget,4.1,1133,"Totsu Cliff is a notable hill destination in Wokha district, Nagaland. It offers rich indigenous tribal traditions, pristine eastern Himalayan landscapes, and authentic community heritage.",Oct-Feb,https://images.unsplash.com/photo-1544717305-2782549b5136?w=800&auto=format&fit=crop&q=80
6680,Doyang Forest,Nagaland,attraction,26.057,94.2004,budget,4.1,998,"Doyang Forest is a notable nature destination in Wokha district, Nagaland. It offers rich indigenous tribal traditions, pristine eastern Himalayan landscapes, and authentic community heritage.",Oct-Feb,https://images.unsplash.com/photo-1518709268805-4e9042af9f23?w=800&auto=format&fit=crop&q=80
6681,Mount Tiyi Forest,Nagaland,attraction,26.0778,94.2308,budget,4.8,2050,"Mount Tiyi Forest is a notable nature destination in Wokha district, Nagaland. It offers rich indigenous tribal traditions, pristine eastern Himalayan landscapes, and authentic community heritage.",Oct-Feb,https://images.unsplash.com/photo-1609766857041-ed402ea8069a?w=800&auto=format&fit=crop&q=80
6682,Pangti Forest,Nagaland,attraction,26.0986,94.2612,budget,4.4,987,"Pangti Forest is a notable nature destination in Wokha district, Nagaland. It offers rich indigenous tribal traditions, pristine eastern Himalayan landscapes, and authentic community heritage.",Oct-Feb,https://images.unsplash.com/photo-1567157577867-05ccb1388e66?w=800&auto=format&fit=crop&q=80
6683,Baghty Valley,Nagaland,attraction,26.1194,94.2916,budget,4.9,3909,"Baghty Valley is a notable nature destination in Wokha district, Nagaland. It offers rich indigenous tribal traditions, pristine eastern Himalayan landscapes, and authentic community heritage.",Oct-Feb,https://images.unsplash.com/photo-1441974231531-c6227db76b6e?w=800&auto=format&fit=crop&q=80
6684,Doyang Valley,Nagaland,attraction,26.1402,94.322,budget,4.7,8145,"Doyang Valley is a notable nature destination in Wokha district, Nagaland. It offers rich indigenous tribal traditions, pristine eastern Himalayan landscapes, and authentic community heritage.",Oct-Feb,https://images.unsplash.com/photo-1470071459604-3b5ec3a7fe05?w=800&auto=format&fit=crop&q=80
6685,Riphyim Viewpoint,Nagaland,attraction,26.161,94.1924,budget,4.4,660,"Riphyim Viewpoint is a notable hill destination in Wokha district, Nagaland. It offers rich indigenous tribal traditions, pristine eastern Himalayan landscapes, and authentic community heritage.",Oct-Feb,https://images.unsplash.com/photo-1621847468516-1ed5d0df56fe?w=800&auto=format&fit=crop&q=80
6686,Liphanyan Governor's Camp,Nagaland,homestay,26.0218,94.2228,budget,4.9,8121,"Liphanyan Governor's Camp is a notable hill destination in Wokha district, Nagaland. It offers rich indigenous tribal traditions, pristine eastern Himalayan landscapes, and authentic community heritage.",Oct-Feb,https://images.unsplash.com/photo-1510312305653-8ed496efae75?w=800&auto=format&fit=crop&q=80
6687,Mount Tiyi Trek,Nagaland,attraction,26.0426,94.2532,budget,4.7,7731,"Mount Tiyi Trek is a notable hill destination in Wokha district, Nagaland. It offers rich indigenous tribal traditions, pristine eastern Himalayan landscapes, and authentic community heritage.",Oct-Feb,https://images.unsplash.com/photo-1609766857041-ed402ea8069a?w=800&auto=format&fit=crop&q=80
6688,Riphyim Doyang Viewpoint,Nagaland,attraction,26.0634,94.2836,budget,4.1,915,"Riphyim Doyang Viewpoint is a notable hill destination in Wokha district, Nagaland. It offers rich indigenous tribal traditions, pristine eastern Himalayan landscapes, and authentic community heritage.",Oct-Feb,https://images.unsplash.com/photo-1544717305-2782549b5136?w=800&auto=format&fit=crop&q=80
6689,Totsu Cliff Viewpoint,Nagaland,attraction,26.0842,94.314,budget,4.7,2020,"Totsu Cliff Viewpoint is a notable hill destination in Wokha district, Nagaland. It offers rich indigenous tribal traditions, pristine eastern Himalayan landscapes, and authentic community heritage.",Oct-Feb,https://images.unsplash.com/photo-1590050752117-238cb0fb12b1?w=800&auto=format&fit=crop&q=80
6690,Baghty Village,Nagaland,attraction,26.105,94.1844,budget,4.2,2936,"Baghty Village is a notable culture destination in Wokha district, Nagaland. It offers rich indigenous tribal traditions, pristine eastern Himalayan landscapes, and authentic community heritage.",Oct-Feb,https://images.unsplash.com/photo-1567157577867-05ccb1388e66?w=800&auto=format&fit=crop&q=80
6691,Bhandari,Nagaland,attraction,26.1258,94.2148,budget,4.7,6480,"Bhandari is a notable culture destination in Wokha district, Nagaland. It offers rich indigenous tribal traditions, pristine eastern Himalayan landscapes, and authentic community heritage.",Oct-Feb,https://images.unsplash.com/photo-1590050752117-238cb0fb12b1?w=800&auto=format&fit=crop&q=80
6692,Chukitong,Nagaland,attraction,26.1466,94.2452,budget,4.6,7172,"Chukitong is a notable culture destination in Wokha district, Nagaland. It offers rich indigenous tribal traditions, pristine eastern Himalayan landscapes, and authentic community heritage.",Oct-Feb,https://images.unsplash.com/photo-1544717305-2782549b5136?w=800&auto=format&fit=crop&q=80
6693,Liphanyan,Nagaland,attraction,26.1674,94.2756,budget,4.1,1214,"Liphanyan is a notable culture destination in Wokha district, Nagaland. It offers rich indigenous tribal traditions, pristine eastern Himalayan landscapes, and authentic community heritage.",Oct-Feb,https://images.unsplash.com/photo-1518709268805-4e9042af9f23?w=800&auto=format&fit=crop&q=80
6694,Longsa Village,Nagaland,attraction,26.0282,94.306,budget,4.4,3066,"Longsa Village is a notable culture destination in Wokha district, Nagaland. It offers rich indigenous tribal traditions, pristine eastern Himalayan landscapes, and authentic community heritage.",Oct-Feb,https://images.unsplash.com/photo-1518709268805-4e9042af9f23?w=800&auto=format&fit=crop&q=80
6695,Lotsu,Nagaland,attraction,26.049,94.3364,budget,4.2,505,"Lotsu is a notable culture destination in Wokha district, Nagaland. It offers rich indigenous tribal traditions, pristine eastern Himalayan landscapes, and authentic community heritage.",Oct-Feb,https://images.unsplash.com/photo-1582510003544-4d00b7f74220?w=800&auto=format&fit=crop&q=80
6696,Pangti Village,Nagaland,attraction,26.0698,94.2068,budget,4.2,2630,"Pangti Village is a notable culture destination in Wokha district, Nagaland. It offers rich indigenous tribal traditions, pristine eastern Himalayan landscapes, and authentic community heritage.",Oct-Feb,https://images.unsplash.com/photo-1621847468516-1ed5d0df56fe?w=800&auto=format&fit=crop&q=80
6697,Ralan,Nagaland,attraction,26.0906,94.2372,budget,4.3,2699,"Ralan is a notable culture destination in Wokha district, Nagaland. It offers rich indigenous tribal traditions, pristine eastern Himalayan landscapes, and authentic community heritage.",Oct-Feb,https://images.unsplash.com/photo-1621847468516-1ed5d0df56fe?w=800&auto=format&fit=crop&q=80
6698,Riphyim Village,Nagaland,attraction,26.1114,94.2676,budget,4.3,649,"Riphyim Village is a notable culture destination in Wokha district, Nagaland. It offers rich indigenous tribal traditions, pristine eastern Himalayan landscapes, and authentic community heritage.",Oct-Feb,https://images.unsplash.com/photo-1609766857041-ed402ea8069a?w=800&auto=format&fit=crop&q=80
6699,Sanis,Nagaland,attraction,26.1322,94.298,budget,4.3,2508,"Sanis is a notable culture destination in Wokha district, Nagaland. It offers rich indigenous tribal traditions, pristine eastern Himalayan landscapes, and authentic community heritage.",Oct-Feb,https://images.unsplash.com/photo-1582510003544-4d00b7f74220?w=800&auto=format&fit=crop&q=80
6700,Vankhosung,Nagaland,attraction,26.153,94.3284,budget,4.8,8954,"Vankhosung is a notable culture destination in Wokha district, Nagaland. It offers rich indigenous tribal traditions, pristine eastern Himalayan landscapes, and authentic community heritage.",Oct-Feb,https://images.unsplash.com/photo-1519331379826-f10be5486c6f?w=800&auto=format&fit=crop&q=80
6701,Wozhuro,Nagaland,attraction,26.1738,94.1988,budget,4.4,2362,"Wozhuro is a notable culture destination in Wokha district, Nagaland. It offers rich indigenous tribal traditions, pristine eastern Himalayan landscapes, and authentic community heritage.",Oct-Feb,https://images.unsplash.com/photo-1567157577867-05ccb1388e66?w=800&auto=format&fit=crop&q=80
6702,Doyang Reservoir,Nagaland,attraction,26.0346,94.2292,budget,4.2,536,"Doyang Reservoir is a notable lake destination in Wokha district, Nagaland. It offers rich indigenous tribal traditions, pristine eastern Himalayan landscapes, and authentic community heritage.",Oct-Feb,https://images.unsplash.com/photo-1544644181-1484b3fdfc62?w=800&auto=format&fit=crop&q=80
6703,Doyang River,Nagaland,attraction,26.0554,94.2596,budget,4.2,851,"Doyang River is a notable lake destination in Wokha district, Nagaland. It offers rich indigenous tribal traditions, pristine eastern Himalayan landscapes, and authentic community heritage.",Oct-Feb,https://images.unsplash.com/photo-1518709268805-4e9042af9f23?w=800&auto=format&fit=crop&q=80
6704,Etsüchukha Water Pool,Nagaland,attraction,26.0762,94.29,budget,4.8,8621,"Etsüchukha Water Pool is a notable lake destination in Wokha district, Nagaland. It offers rich indigenous tribal traditions, pristine eastern Himalayan landscapes, and authentic community heritage.",Oct-Feb,https://images.unsplash.com/photo-1518709268805-4e9042af9f23?w=800&auto=format&fit=crop&q=80
6705,Doyang Valley Waterfalls,Nagaland,attraction,26.097,94.3204,budget,4.7,9012,"Doyang Valley Waterfalls is a notable waterfall destination in Wokha district, Nagaland. It offers rich indigenous tribal traditions, pristine eastern Himalayan landscapes, and authentic community heritage.",Jul-Oct,https://images.unsplash.com/photo-1546548970-71785318a17b?w=800&auto=format&fit=crop&q=80
6706,Totsu Stream Falls,Nagaland,attraction,26.1178,94.1908,budget,4.6,9161,"Totsu Stream Falls is a notable waterfall destination in Wokha district, Nagaland. It offers rich indigenous tribal traditions, pristine eastern Himalayan landscapes, and authentic community heritage.",Oct-Feb,https://images.unsplash.com/photo-1432405972618-c60b0225b8f9?w=800&auto=format&fit=crop&q=80
6707,Doyang Reservoir Birding Area,Nagaland,attraction,26.1386,94.2212,budget,4.7,5038,"Doyang Reservoir Birding Area is a notable nature destination in Wokha district, Nagaland. It offers rich indigenous tribal traditions, pristine eastern Himalayan landscapes, and authentic community heritage.",Oct-Feb,https://images.unsplash.com/photo-1506744038136-46273834b3fb?w=800&auto=format&fit=crop&q=80
6708,Doyang Valley Amur Falcon Habitat,Nagaland,attraction,26.1594,94.2516,budget,4.5,7390,"Doyang Valley Amur Falcon Habitat is a notable nature destination in Wokha district, Nagaland. It offers rich indigenous tribal traditions, pristine eastern Himalayan landscapes, and authentic community heritage.",Oct-Feb,https://images.unsplash.com/photo-1441974231531-c6227db76b6e?w=800&auto=format&fit=crop&q=80
6709,Pangti Amur Falcon Roosting Site,Nagaland,attraction,26.0202,94.282,budget,4.6,8617,"Pangti Amur Falcon Roosting Site is a notable nature destination in Wokha district, Nagaland. It offers rich indigenous tribal traditions, pristine eastern Himalayan landscapes, and authentic community heritage.",Oct-Feb,https://images.unsplash.com/photo-1621847468516-1ed5d0df56fe?w=800&auto=format&fit=crop&q=80
6710,Ghosu Birding Area,Nagaland,attraction,25.9536,94.5724,budget,4.1,1306,"Ghosu Birding Area is a notable nature destination in Zunheboto district, Nagaland. It offers rich indigenous tribal traditions, pristine eastern Himalayan landscapes, and authentic community heritage.",Oct-Feb,https://images.unsplash.com/photo-1551969014-7d2c4cddf0b6?w=800&auto=format&fit=crop&q=80
6711,Satoi Blyth's Tragopan Habitat,Nagaland,attraction,25.9744,94.4428,budget,4.1,655,"Satoi Blyth's Tragopan Habitat is a notable nature destination in Zunheboto district, Nagaland. It offers rich indigenous tribal traditions, pristine eastern Himalayan landscapes, and authentic community heritage.",Oct-Feb,https://images.unsplash.com/photo-1590050752117-238cb0fb12b1?w=800&auto=format&fit=crop&q=80
6712,Satoi Rhododendron Forest,Nagaland,attraction,25.9952,94.4732,budget,4.6,3228,"Satoi Rhododendron Forest is a notable nature destination in Zunheboto district, Nagaland. It offers rich indigenous tribal traditions, pristine eastern Himalayan landscapes, and authentic community heritage.",Oct-Feb,https://images.unsplash.com/photo-1590050752117-238cb0fb12b1?w=800&auto=format&fit=crop&q=80
6713,Sumi Baptist Church,Nagaland,attraction,26.016,94.5036,budget,4.1,405,"Sumi Baptist Church is a notable nature destination in Zunheboto district, Nagaland. It offers rich indigenous tribal traditions, pristine eastern Himalayan landscapes, and authentic community heritage.",Oct-Feb,https://images.unsplash.com/photo-1609766857041-ed402ea8069a?w=800&auto=format&fit=crop&q=80
6714,Zunheboto Town Church,Nagaland,attraction,26.0368,94.534,budget,4.1,377,"Zunheboto Town Church is a notable nature destination in Zunheboto district, Nagaland. It offers rich indigenous tribal traditions, pristine eastern Himalayan landscapes, and authentic community heritage.",Oct-Feb,https://images.unsplash.com/photo-1590050752117-238cb0fb12b1?w=800&auto=format&fit=crop&q=80
6715,Sumi Traditional,Nagaland,attraction,22.6065,78.9741,budget,4.6,7606,"Sumi Traditional is an authentic attraction destination located in ,  district of Nagaland. Celebrated for its regional significance and unique ambiance, it offers travelers an immersive experience in the culture, scenic beauty, and heritage of Nagaland.",Oct-Feb,https://images.unsplash.com/photo-1582510003544-4d00b7f74220?w=800&auto=format&fit=crop&q=80
6716,Tuluni Festival Grounds,Nagaland,attraction,26.0784,94.5948,budget,4.6,2146,"Tuluni Festival Grounds is a notable culture destination in Zunheboto district, Nagaland. It offers rich indigenous tribal traditions, pristine eastern Himalayan landscapes, and authentic community heritage.",Oct-Feb,https://images.unsplash.com/photo-1590050752117-238cb0fb12b1?w=800&auto=format&fit=crop&q=80
6717,Aizuto Forest,Nagaland,attraction,25.9392,94.4652,budget,4.9,7349,"Aizuto Forest is a notable nature destination in Zunheboto district, Nagaland. It offers rich indigenous tribal traditions, pristine eastern Himalayan landscapes, and authentic community heritage.",Oct-Feb,https://images.unsplash.com/photo-1621847468516-1ed5d0df56fe?w=800&auto=format&fit=crop&q=80
6718,Ghosu Forest,Nagaland,attraction,25.96,94.4956,budget,4.5,3791,"Ghosu Forest is a notable nature destination in Zunheboto district, Nagaland. It offers rich indigenous tribal traditions, pristine eastern Himalayan landscapes, and authentic community heritage.",Oct-Feb,https://images.unsplash.com/photo-1621847468516-1ed5d0df56fe?w=800&auto=format&fit=crop&q=80
6719,Satoi Virgin Forest,Nagaland,attraction,25.9808,94.526,budget,4.5,3456,"Satoi Virgin Forest is a notable nature destination in Zunheboto district, Nagaland. It offers rich indigenous tribal traditions, pristine eastern Himalayan landscapes, and authentic community heritage.",Oct-Feb,https://images.unsplash.com/photo-1590050752117-238cb0fb12b1?w=800&auto=format&fit=crop&q=80
6720,Ghosu Natural Salt-Water Spot,Nagaland,attraction,26.0016,94.5564,budget,4.7,2795,"Ghosu Natural Salt-Water Spot is a notable nature destination in Zunheboto district, Nagaland. It offers rich indigenous tribal traditions, pristine eastern Himalayan landscapes, and authentic community heritage.",Oct-Feb,https://images.unsplash.com/photo-1621847468516-1ed5d0df56fe?w=800&auto=format&fit=crop&q=80
6721,Satoi Rhododendron Slopes,Nagaland,attraction,26.0224,94.5868,budget,4.7,2767,"Satoi Rhododendron Slopes is a notable nature destination in Zunheboto district, Nagaland. It offers rich indigenous tribal traditions, pristine eastern Himalayan landscapes, and authentic community heritage.",Oct-Feb,https://images.unsplash.com/photo-1518709268805-4e9042af9f23?w=800&auto=format&fit=crop&q=80
6722,Aizuto Lake,Nagaland,attraction,26.0432,94.4572,budget,4.2,1258,"Aizuto Lake is a notable lake destination in Zunheboto district, Nagaland. It offers rich indigenous tribal traditions, pristine eastern Himalayan landscapes, and authentic community heritage.",Oct-Feb,https://images.unsplash.com/photo-1439066615861-d1af74d74000?w=800&auto=format&fit=crop&q=80
6723,Tsutha River,Nagaland,attraction,26.064,94.4876,budget,4.4,2701,"Tsutha River is a notable lake destination in Zunheboto district, Nagaland. It offers rich indigenous tribal traditions, pristine eastern Himalayan landscapes, and authentic community heritage.",Oct-Feb,https://images.unsplash.com/photo-1621847468516-1ed5d0df56fe?w=800&auto=format&fit=crop&q=80
6724,Satoi Hills,Nagaland,attraction,26.0848,94.518,budget,4.1,1147,"Satoi Hills is a notable hill destination in Zunheboto district, Nagaland. It offers rich indigenous tribal traditions, pristine eastern Himalayan landscapes, and authentic community heritage.",Oct-Feb,https://images.unsplash.com/photo-1464822759023-fed622ff2c3b?w=800&auto=format&fit=crop&q=80
6725,Tokiye Hills,Nagaland,attraction,25.9456,94.5484,budget,4.1,1002,"Tokiye Hills is a notable hill destination in Zunheboto district, Nagaland. It offers rich indigenous tribal traditions, pristine eastern Himalayan landscapes, and authentic community heritage.",Oct-Feb,https://images.unsplash.com/photo-1486870591958-9b9d0d1dda99?w=800&auto=format&fit=crop&q=80
6726,Aizuto Lake Embankment,Nagaland,attraction,25.9664,94.5788,budget,4.7,8298,"Aizuto Lake Embankment is a notable lake destination in Zunheboto district, Nagaland. It offers rich indigenous tribal traditions, pristine eastern Himalayan landscapes, and authentic community heritage.",Oct-Feb,https://images.unsplash.com/photo-1439066615861-d1af74d74000?w=800&auto=format&fit=crop&q=80
6727,Satoi Trekking Trails,Nagaland,attraction,25.9872,94.4492,budget,4.3,1409,"Satoi Trekking Trails is a notable nature destination in Zunheboto district, Nagaland. It offers rich indigenous tribal traditions, pristine eastern Himalayan landscapes, and authentic community heritage.",Oct-Feb,https://images.unsplash.com/photo-1582510003544-4d00b7f74220?w=800&auto=format&fit=crop&q=80
6728,Zunheboto Hill Viewpoints,Nagaland,attraction,26.008,94.4796,budget,4.7,3970,"Zunheboto Hill Viewpoints is a notable hill destination in Zunheboto district, Nagaland. It offers rich indigenous tribal traditions, pristine eastern Himalayan landscapes, and authentic community heritage.",Oct-Feb,https://images.unsplash.com/photo-1486870591958-9b9d0d1dda99?w=800&auto=format&fit=crop&q=80
6729,Aghunato,Nagaland,attraction,26.0288,94.51,budget,4.1,972,"Aghunato is a notable culture destination in Zunheboto district, Nagaland. It offers rich indigenous tribal traditions, pristine eastern Himalayan landscapes, and authentic community heritage.",Oct-Feb,https://images.unsplash.com/photo-1582510003544-4d00b7f74220?w=800&auto=format&fit=crop&q=80
6730,Aizuto,Nagaland,attraction,26.0496,94.5404,budget,4.3,1868,"Aizuto is a notable culture destination in Zunheboto district, Nagaland. It offers rich indigenous tribal traditions, pristine eastern Himalayan landscapes, and authentic community heritage.",Oct-Feb,https://images.unsplash.com/photo-1518709268805-4e9042af9f23?w=800&auto=format&fit=crop&q=80
6731,Akuhaito,Nagaland,attraction,26.0704,94.5708,budget,4.3,595,"Akuhaito is a notable culture destination in Zunheboto district, Nagaland. It offers rich indigenous tribal traditions, pristine eastern Himalayan landscapes, and authentic community heritage.",Oct-Feb,https://images.unsplash.com/photo-1567157577867-05ccb1388e66?w=800&auto=format&fit=crop&q=80
6732,Akuluto,Nagaland,attraction,25.9312,94.4412,budget,4.7,1218,"Akuluto is a notable culture destination in Zunheboto district, Nagaland. It offers rich indigenous tribal traditions, pristine eastern Himalayan landscapes, and authentic community heritage.",Oct-Feb,https://images.unsplash.com/photo-1567157577867-05ccb1388e66?w=800&auto=format&fit=crop&q=80
6733,Asuto,Nagaland,attraction,25.952,94.4716,budget,4.4,762,"Asuto is a notable culture destination in Zunheboto district, Nagaland. It offers rich indigenous tribal traditions, pristine eastern Himalayan landscapes, and authentic community heritage.",Oct-Feb,https://images.unsplash.com/photo-1621847468516-1ed5d0df56fe?w=800&auto=format&fit=crop&q=80
6734,Atoizu,Nagaland,attraction,25.9728,94.502,budget,4.2,3290,"Atoizu is a notable culture destination in Zunheboto district, Nagaland. It offers rich indigenous tribal traditions, pristine eastern Himalayan landscapes, and authentic community heritage.",Oct-Feb,https://images.unsplash.com/photo-1582510003544-4d00b7f74220?w=800&auto=format&fit=crop&q=80
6735,Ghathashi,Nagaland,attraction,25.9936,94.5324,budget,4.4,3266,"Ghathashi is a notable culture destination in Zunheboto district, Nagaland. It offers rich indigenous tribal traditions, pristine eastern Himalayan landscapes, and authentic community heritage.",Oct-Mar,https://images.unsplash.com/photo-1561361513-2d000a50f0dc?w=800&auto=format&fit=crop&q=80
6736,Hoshepu,Nagaland,attraction,26.0144,94.5628,budget,4.4,781,"Hoshepu is a notable culture destination in Zunheboto district, Nagaland. It offers rich indigenous tribal traditions, pristine eastern Himalayan landscapes, and authentic community heritage.",Oct-Feb,https://images.unsplash.com/photo-1567157577867-05ccb1388e66?w=800&auto=format&fit=crop&q=80
6737,Pughoboto,Nagaland,attraction,26.0352,94.5932,budget,4.3,3156,"Pughoboto is a notable culture destination in Zunheboto district, Nagaland. It offers rich indigenous tribal traditions, pristine eastern Himalayan landscapes, and authentic community heritage.",Oct-Feb,https://images.unsplash.com/photo-1518709268805-4e9042af9f23?w=800&auto=format&fit=crop&q=80
6738,Satakha,Nagaland,attraction,26.056,94.4636,budget,4.6,5742,"Satakha is a notable culture destination in Zunheboto district, Nagaland. It offers rich indigenous tribal traditions, pristine eastern Himalayan landscapes, and authentic community heritage.",Oct-Feb,https://images.unsplash.com/photo-1567157577867-05ccb1388e66?w=800&auto=format&fit=crop&q=80
6739,Satoi,Nagaland,attraction,26.0768,94.494,budget,4.3,1127,"Satoi is a notable culture destination in Zunheboto district, Nagaland. It offers rich indigenous tribal traditions, pristine eastern Himalayan landscapes, and authentic community heritage.",Oct-Feb,https://images.unsplash.com/photo-1590050752117-238cb0fb12b1?w=800&auto=format&fit=crop&q=80
6740,Sukhajan,Nagaland,attraction,25.9376,94.5244,budget,4.6,7579,"Sukhajan is a notable culture destination in Zunheboto district, Nagaland. It offers rich indigenous tribal traditions, pristine eastern Himalayan landscapes, and authentic community heritage.",Oct-Feb,https://images.unsplash.com/photo-1582510003544-4d00b7f74220?w=800&auto=format&fit=crop&q=80
6741,Suruhoto,Nagaland,attraction,25.9584,94.5548,budget,4.6,1524,"Suruhoto is a notable culture destination in Zunheboto district, Nagaland. It offers rich indigenous tribal traditions, pristine eastern Himalayan landscapes, and authentic community heritage.",Oct-Feb,https://images.unsplash.com/photo-1621847468516-1ed5d0df56fe?w=800&auto=format&fit=crop&q=80
6742,V.K.,Nagaland,attraction,25.9792,94.5852,budget,4.5,5519,"V.K. is a notable culture destination in Zunheboto district, Nagaland. It offers rich indigenous tribal traditions, pristine eastern Himalayan landscapes, and authentic community heritage.",Oct-Feb,https://images.unsplash.com/photo-1518709268805-4e9042af9f23?w=800&auto=format&fit=crop&q=80
6743,Aizuto Forests,Nagaland,attraction,26.0,94.4556,budget,4.3,2744,"Aizuto Forests is a notable nature destination in Zunheboto district, Nagaland. It offers rich indigenous tribal traditions, pristine eastern Himalayan landscapes, and authentic community heritage.",Oct-Feb,https://images.unsplash.com/photo-1567157577867-05ccb1388e66?w=800&auto=format&fit=crop&q=80
6744,Ghosu Bird Sanctuary,Nagaland,attraction,26.0208,94.486,budget,4.8,7102,"Ghosu Bird Sanctuary is a notable nature destination in Zunheboto district, Nagaland. It offers rich indigenous tribal traditions, pristine eastern Himalayan landscapes, and authentic community heritage.",Oct-Feb,https://images.unsplash.com/photo-1575550959106-5a7defe28b56?w=800&auto=format&fit=crop&q=80
6745,Satoi Community Forest,Nagaland,attraction,26.0416,94.5164,budget,4.4,2371,"Satoi Community Forest is a notable nature destination in Zunheboto district, Nagaland. It offers rich indigenous tribal traditions, pristine eastern Himalayan landscapes, and authentic community heritage.",Oct-Feb,https://images.unsplash.com/photo-1582510003544-4d00b7f74220?w=800&auto=format&fit=crop&q=80
6746,Satoi Range,Nagaland,attraction,26.0624,94.5468,budget,4.9,6185,"Satoi Range is a notable hill destination in Zunheboto district, Nagaland. It offers rich indigenous tribal traditions, pristine eastern Himalayan landscapes, and authentic community heritage.",Oct-Feb,https://images.unsplash.com/photo-1544717305-2782549b5136?w=800&auto=format&fit=crop&q=80
6747,Kisama Heritage Village (Hornbill Festival),Nagaland,attraction,22.6185,78.9501,budget,4.0,1055,"Kisama Heritage Village (Hornbill Festival) is an authentic attraction destination located in ,  district of Nagaland. Celebrated for its regional significance and unique ambiance, it offers travelers an immersive experience in the culture, scenic beauty, and heritage of Nagaland.",Oct-Feb,https://images.unsplash.com/photo-1621847468516-1ed5d0df56fe?w=800&auto=format&fit=crop&q=80
6748,Kohima War Cemetery Commonwealth,Nagaland,attraction,22.5889,78.9509,budget,3.9,654,"Kohima War Cemetery Commonwealth is an authentic attraction destination located in ,  district of Nagaland. Celebrated for its regional significance and unique ambiance, it offers travelers an immersive experience in the culture, scenic beauty, and heritage of Nagaland.",Oct-Feb,https://images.unsplash.com/photo-1582510003544-4d00b7f74220?w=800&auto=format&fit=crop&q=80
6749,Dzukou Valley Lily Valley Trek,Nagaland,attraction,22.5649,78.9581,budget,4.0,761,"Dzukou Valley Lily Valley Trek is an authentic attraction destination located in ,  district of Nagaland. Celebrated for its regional significance and unique ambiance, it offers travelers an immersive experience in the culture, scenic beauty, and heritage of Nagaland.",Oct-Feb,https://images.unsplash.com/photo-1441974231531-c6227db76b6e?w=800&auto=format&fit=crop&q=80
6750,Khonoma Green Village Eco-Sanctuary,Nagaland,attraction,22.5569,78.9757,budget,4.2,2132,"Khonoma Green Village Eco-Sanctuary is an authentic attraction destination located in ,  district of Nagaland. Celebrated for its regional significance and unique ambiance, it offers travelers an immersive experience in the culture, scenic beauty, and heritage of Nagaland.",Oct-Feb,https://images.unsplash.com/photo-1534188753412-3e26d0d618d6?w=800&auto=format&fit=crop&q=80
6751,Japfu Peak (Second Highest in Nagaland),Nagaland,attraction,22.6297,78.9757,budget,4.2,2957,"Japfu Peak (Second Highest in Nagaland) is an authentic attraction destination located in ,  district of Nagaland. Celebrated for its regional significance and unique ambiance, it offers travelers an immersive experience in the culture, scenic beauty, and heritage of Nagaland.",Oct-Feb,https://images.unsplash.com/photo-1464822759023-fed622ff2c3b?w=800&auto=format&fit=crop&q=80
6752,State Museum Kohima Naga Tribal Artifacts,Nagaland,attraction,22.5705,78.9525,mid,4.2,2610,"State Museum Kohima Naga Tribal Artifacts is an authentic attraction destination located in ,  district of Nagaland. Celebrated for its regional significance and unique ambiance, it offers travelers an immersive experience in the culture, scenic beauty, and heritage of Nagaland.",Oct-Mar,https://images.unsplash.com/photo-1565034946487-077786996e27?w=800&auto=format&fit=crop&q=80
6753,Touphema Tourist Village Naga Huts,Nagaland,attraction,22.5945,78.9597,budget,4.0,454,"Touphema Tourist Village Naga Huts is an authentic attraction destination located in ,  district of Nagaland. Celebrated for its regional significance and unique ambiance, it offers travelers an immersive experience in the culture, scenic beauty, and heritage of Nagaland.",Oct-Feb,https://images.unsplash.com/photo-1609766857041-ed402ea8069a?w=800&auto=format&fit=crop&q=80
6754,Kachari Ruins Monolithic Pillars Dimapur,Nagaland,attraction,22.5897,78.9261,budget,4.1,579,"Kachari Ruins Monolithic Pillars Dimapur is an authentic attraction destination located in ,  district of Nagaland. Celebrated for its regional significance and unique ambiance, it offers travelers an immersive experience in the culture, scenic beauty, and heritage of Nagaland.",Oct-Feb,https://images.unsplash.com/photo-1518709268805-4e9042af9f23?w=800&auto=format&fit=crop&q=80
6755,Triple Falls Seithekima Dimapur,Nagaland,attraction,22.5825,78.9293,budget,4.4,2998,"Triple Falls Seithekima Dimapur is an authentic attraction destination located in ,  district of Nagaland. Celebrated for its regional significance and unique ambiance, it offers travelers an immersive experience in the culture, scenic beauty, and heritage of Nagaland.",Oct-Feb,https://images.unsplash.com/photo-1432405972618-c60b0225b8f9?w=800&auto=format&fit=crop&q=80
6756,Mokokchung Cultural Capital of Aos,Nagaland,attraction,22.5729,78.9365,budget,4.0,1184,"Mokokchung Cultural Capital of Aos is an authentic attraction destination located in ,  district of Nagaland. Celebrated for its regional significance and unique ambiance, it offers travelers an immersive experience in the culture, scenic beauty, and heritage of Nagaland.",Oct-Feb,https://images.unsplash.com/photo-1501785888041-af3ef285b470?w=800&auto=format&fit=crop&q=80
6757,Ungma Ancient Ao Village,Nagaland,attraction,22.5641,78.9909,budget,4.2,2098,"Ungma Ancient Ao Village is an authentic attraction destination located in ,  district of Nagaland. Celebrated for its regional significance and unique ambiance, it offers travelers an immersive experience in the culture, scenic beauty, and heritage of Nagaland.",Oct-Feb,https://images.unsplash.com/photo-1621847468516-1ed5d0df56fe?w=800&auto=format&fit=crop&q=80
6758,Longkhum Village Eagle's Nest Ridge,Nagaland,attraction,22.6145,78.9461,budget,4.2,1288,"Longkhum Village Eagle's Nest Ridge is an authentic attraction destination located in ,  district of Nagaland. Celebrated for its regional significance and unique ambiance, it offers travelers an immersive experience in the culture, scenic beauty, and heritage of Nagaland.",Oct-Feb,https://images.unsplash.com/photo-1621847468516-1ed5d0df56fe?w=800&auto=format&fit=crop&q=80
6759,Mon Land of the Konyak Headhunters,Nagaland,attraction,22.5721,78.9365,budget,4.3,2856,"Mon Land of the Konyak Headhunters is an authentic attraction destination located in ,  district of Nagaland. Celebrated for its regional significance and unique ambiance, it offers travelers an immersive experience in the culture, scenic beauty, and heritage of Nagaland.",Oct-Feb,https://images.unsplash.com/photo-1609766857041-ed402ea8069a?w=800&auto=format&fit=crop&q=80
6760,Longwa Village Indo-Myanmar Border Chieftain,Nagaland,attraction,22.6137,78.9301,budget,4.6,3309,"Longwa Village Indo-Myanmar Border Chieftain is an authentic attraction destination located in ,  district of Nagaland. Celebrated for its regional significance and unique ambiance, it offers travelers an immersive experience in the culture, scenic beauty, and heritage of Nagaland.",Oct-Feb,https://images.unsplash.com/photo-1582510003544-4d00b7f74220?w=800&auto=format&fit=crop&q=80
6761,Mount Saramati (Highest Peak in Nagaland),Nagaland,attraction,22.5537,78.9853,budget,4.5,7623,"Mount Saramati (Highest Peak in Nagaland) is an authentic attraction destination located in ,  district of Nagaland. Celebrated for its regional significance and unique ambiance, it offers travelers an immersive experience in the culture, scenic beauty, and heritage of Nagaland.",Oct-Feb,https://images.unsplash.com/photo-1464822759023-fed622ff2c3b?w=800&auto=format&fit=crop&q=80
