id,name,state,category,latitude,longitude,price_range,rating,review_count,description,best_season,image_url
6998,Akal Takht Sahib,Punjab,attraction,31.6495,74.8808,budget,4.2,3255,"Akal Takht Sahib is a renowned religious landmark situated in Amritsar, Amritsar district of Punjab. The destination attracts visitors seeking authentic regional heritage, architectural grandeur, and picturesque surroundings. It plays an integral role in the cultural landscape and local tourism identity of the region.",Oct-Feb,https://upload.wikimedia.org/wikipedia/commons/1/15/AkalTakhtGoldenTempleComplex.jpg?utm_source=en.wikipedia.org&utm_campaign=api&utm_content=thumbnail_unscaled
6999,Central Sikh Museum,Punjab,attraction,31.6464,74.8591,mid,4.0,441,"Central Sikh Museum is a renowned heritage landmark situated in Amritsar, Amritsar district of Punjab. The destination attracts visitors seeking authentic regional heritage, architectural grandeur, and picturesque surroundings. It plays an integral role in the cultural landscape and local tourism identity of the region.",Oct-Mar,https://thumb.wikimedia.org/wikipedia/commons/thumb/0/01/Amritsar_9125.jpg/960px-Amritsar_9125.jpg?utm_source=en.wikipedia.org&utm_campaign=api&utm_content=thumbnail
7000,Chatiwind canal,Punjab,attraction,31.595337,74.883578,budget,4.1,256,"Chatiwind canal is a renowned recreation landmark situated in Amritsar, Amritsar district of Punjab. The destination attracts visitors seeking authentic regional heritage, architectural grandeur, and picturesque surroundings. It plays an integral role in the cultural landscape and local tourism identity of the region.",Oct-Feb,https://thumb.wikimedia.org/wikipedia/commons/thumb/e/e6/Sarai_Amanat_Khan_Lahore_Gate.jpg/960px-Sarai_Amanat_Khan_Lahore_Gate.jpg?utm_source=en.wikipedia.org&utm_campaign=api&utm_content=thumbnail
7001,Gobindgarh Fort,Punjab,attraction,31.64935,74.87975,mid,4.0,265,"Gobindgarh Fort is a renowned heritage landmark situated in Amritsar, Amritsar district of Punjab. The destination attracts visitors seeking authentic regional heritage, architectural grandeur, and picturesque surroundings. It plays an integral role in the cultural landscape and local tourism identity of the region.",Oct-Feb,https://thumb.wikimedia.org/wikipedia/commons/thumb/3/37/Gobindgarh_fort%2C_Amritsar%2C_Punjab%2C_India.jpg/960px-Gobindgarh_fort%2C_Amritsar%2C_Punjab%2C_India.jpg?utm_source=en.wikipedia.org&utm_campaign=api&utm_content=thumbnail
7002,Gurudwara Chheharta Sahib,Punjab,attraction,31.62875,74.88555,budget,4.8,6299,"Gurudwara Chheharta Sahib is a renowned religious landmark situated in Amritsar, Amritsar district of Punjab. The destination attracts visitors seeking authentic regional heritage, architectural grandeur, and picturesque surroundings. It plays an integral role in the cultural landscape and local tourism identity of the region.",Oct-Feb,https://thumb.wikimedia.org/wikipedia/commons/thumb/c/c9/Gurudwara_Goindwal_Sahib.jpg/960px-Gurudwara_Goindwal_Sahib.jpg?utm_source=en.wikipedia.org&utm_campaign=api&utm_content=thumbnail
7003,Iskcon Temple,Punjab,attraction,31.6176,74.8575,budget,4.0,929,"Iskcon Temple is a renowned religious landmark situated in Amritsar, Amritsar district of Punjab. The destination attracts visitors seeking authentic regional heritage, architectural grandeur, and picturesque surroundings. It plays an integral role in the cultural landscape and local tourism identity of the region.",Oct-Mar,https://thumb.wikimedia.org/wikipedia/commons/thumb/7/7f/Mukteshwar_Mahadev_Mandir.jpg/960px-Mukteshwar_Mahadev_Mandir.jpg?utm_source=en.wikipedia.org&utm_campaign=api&utm_content=thumbnail
7004,Jalianwala Bag Centenary Memorial,Punjab,attraction,31.6165,74.8498,budget,4.7,2016,"Jalianwala Bag Centenary Memorial is a renowned recreation landmark situated in Amritsar, Amritsar district of Punjab. The destination attracts visitors seeking authentic regional heritage, architectural grandeur, and picturesque surroundings. It plays an integral role in the cultural landscape and local tourism identity of the region.",Oct-Feb,https://thumb.wikimedia.org/wikipedia/commons/thumb/e/e0/National_Martyrs_Memorial_Hussainiwala_closeup.jpg/960px-National_Martyrs_Memorial_Hussainiwala_closeup.jpg?utm_source=en.wikipedia.org&utm_campaign=api&utm_content=thumbnail
7005,Jallianwala Bagh Museum,Punjab,attraction,31.65655,74.88015,mid,4.3,3312,"Jallianwala Bagh Museum is a renowned cultural landmark situated in Amritsar, Amritsar district of Punjab. The destination attracts visitors seeking authentic regional heritage, architectural grandeur, and picturesque surroundings. It plays an integral role in the cultural landscape and local tourism identity of the region.",Oct-Mar,https://thumb.wikimedia.org/wikipedia/commons/thumb/3/36/Jallianwala_Bagh%2C_Amritsar%2C_India.jpg/960px-Jallianwala_Bagh%2C_Amritsar%2C_India.jpg
7006,Maharaja Ranjit Singh Garden,Punjab,attraction,31.638438,74.878484,budget,4.5,3385,"Maharaja Ranjit Singh Garden is a renowned recreation landmark situated in Amritsar, Amritsar district of Punjab. The destination attracts visitors seeking authentic regional heritage, architectural grandeur, and picturesque surroundings. It plays an integral role in the cultural landscape and local tourism identity of the region.",Oct-Feb,https://upload.wikimedia.org/wikipedia/commons/c/cf/Eco_Park_Patna.jpg
7007,Mata Lal Devi Mandir,Punjab,attraction,31.62965,74.89185,budget,4.3,2129,"Mata Lal Devi Mandir is a renowned religious landmark situated in Amritsar, Amritsar district of Punjab. The destination attracts visitors seeking authentic regional heritage, architectural grandeur, and picturesque surroundings. It plays an integral role in the cultural landscape and local tourism identity of the region.",Oct-Feb,https://thumb.wikimedia.org/wikipedia/commons/thumb/a/a5/Devi_Talab_Mandir%2C_Jalandhar%2C_Punjab%2C_19_September_2017_%28cropped%29.jpg/960px-Devi_Talab_Mandir%2C_Jalandhar%2C_Punjab%2C_19_September_2017_%28cropped%29.jpg?utm_source=en.wikipedia.org&utm_campaign=api&utm_content=thumbnail
7008,"Saragarhi Memorial Gurudwara - Amritsar, Punjab, India",Punjab,attraction,31.624263,74.878891,budget,4.1,958,"Saragarhi Memorial Gurudwara - Amritsar, Punjab, India is a renowned religious landmark situated in Amritsar, Amritsar district of Punjab. The destination attracts visitors seeking authentic regional heritage, architectural grandeur, and picturesque surroundings. It plays an integral role in the cultural landscape and local tourism identity of the region.",Oct-Feb,https://upload.wikimedia.org/wikipedia/commons/1/15/AkalTakhtGoldenTempleComplex.jpg?utm_source=en.wikipedia.org&utm_campaign=api&utm_content=thumbnail_unscaled
7009,Shri Dukh Bhanjani Beri Sahib,Punjab,attraction,31.619763,74.877297,budget,4.0,1076,"Shri Dukh Bhanjani Beri Sahib is a renowned religious landmark situated in Amritsar, Amritsar district of Punjab. The destination attracts visitors seeking authentic regional heritage, architectural grandeur, and picturesque surroundings. It plays an integral role in the cultural landscape and local tourism identity of the region.",Oct-Feb,https://upload.wikimedia.org/wikipedia/commons/1/15/AkalTakhtGoldenTempleComplex.jpg?utm_source=en.wikipedia.org&utm_campaign=api&utm_content=thumbnail_unscaled
7010,"Shri Durgiana Temple, Amritsar",Punjab,attraction,31.6345,74.8758,budget,4.7,1405,"Shri Durgiana Temple, Amritsar is a renowned religious landmark situated in Amritsar, Amritsar district of Punjab. The destination attracts visitors seeking authentic regional heritage, architectural grandeur, and picturesque surroundings. It plays an integral role in the cultural landscape and local tourism identity of the region.",Oct-Mar,https://thumb.wikimedia.org/wikipedia/commons/thumb/7/7f/Mukteshwar_Mahadev_Mandir.jpg/960px-Mukteshwar_Mahadev_Mandir.jpg?utm_source=en.wikipedia.org&utm_campaign=api&utm_content=thumbnail
7011,Sita Ram Mandir,Punjab,attraction,31.65305,74.85565,budget,4.7,2113,"Sita Ram Mandir is a renowned religious landmark situated in Amritsar, Amritsar district of Punjab. The destination attracts visitors seeking authentic regional heritage, architectural grandeur, and picturesque surroundings. It plays an integral role in the cultural landscape and local tourism identity of the region.",Oct-Feb,https://thumb.wikimedia.org/wikipedia/commons/thumb/d/d8/Many_of_the_locals_we_had_spoken_to_were_delighted_that_the_Govt_has_sanctioned_funds_for_renovation_of_this_temple_%2838049489065%29.jpg/960px-Many_of_the_locals_we_had_spoken_to_were_delighted_that_the_Govt_has_sanctioned_funds_for_renovation_of_this_temple_%2838049489065%29.jpg?utm_source=en.wikipedia.org&utm_campaign=api&utm_content=thumbnail
7012,Sri Harmandir Sahib (Golden Temple),Punjab,attraction,31.62,74.876389,budget,4.8,78621,"Founded in 1577 by Guru Ram Das Ji, the holiest Gurudwara of Sikhism, featuring a marble causeway leading to the two-storey sanctum covered in 500 kg of pure 24-karat gold leaf, set in the sacred Amrit Sarovar.",Oct-Mar,https://thumb.wikimedia.org/wikipedia/commons/thumb/9/94/The_Golden_Temple_of_Amrithsar_7.jpg/960px-The_Golden_Temple_of_Amrithsar_7.jpg?utm_source=en.wikipedia.org&utm_campaign=api&utm_content=thumbnail
7013,"The Partition Museum - Amritsar District, Punjab, India",Punjab,attraction,31.6161,74.897,mid,4.7,11839,"The Partition Museum - Amritsar District, Punjab, India is a renowned cultural landmark situated in Amritsar, Amritsar district of Punjab. The destination attracts visitors seeking authentic regional heritage, architectural grandeur, and picturesque surroundings. It plays an integral role in the cultural landscape and local tourism identity of the region.",Oct-Mar,https://thumb.wikimedia.org/wikipedia/commons/thumb/0/01/Amritsar_9125.jpg/960px-Amritsar_9125.jpg?utm_source=en.wikipedia.org&utm_campaign=api&utm_content=thumbnail
7014,Varenium Park,Punjab,attraction,31.641413,74.850828,budget,4.5,7167,"Varenium Park is a renowned recreation landmark situated in Amritsar, Amritsar district of Punjab. The destination attracts visitors seeking authentic regional heritage, architectural grandeur, and picturesque surroundings. It plays an integral role in the cultural landscape and local tourism identity of the region.",Oct-Feb,https://upload.wikimedia.org/wikipedia/commons/c/cf/Eco_Park_Patna.jpg
7015,Sri Guru Teg Bahadur Sikh Museum,Punjab,attraction,31.235038,76.497828,mid,4.0,884,"Sri Guru Teg Bahadur Sikh Museum is a renowned cultural landmark situated in Anandpur Sahib, Rupnagar district of Punjab. The destination attracts visitors seeking authentic regional heritage, architectural grandeur, and picturesque surroundings. It plays an integral role in the cultural landscape and local tourism identity of the region.",Oct-Mar,https://thumb.wikimedia.org/wikipedia/commons/thumb/0/01/Amritsar_9125.jpg/960px-Amritsar_9125.jpg?utm_source=en.wikipedia.org&utm_campaign=api&utm_content=thumbnail
7016,Takhat Sri Kesgarh Sahib,Punjab,attraction,31.2437,76.4981,budget,3.9,645,"Takhat Sri Kesgarh Sahib is a renowned religious landmark situated in Anandpur Sahib, Rupnagar district of Punjab. The destination attracts visitors seeking authentic regional heritage, architectural grandeur, and picturesque surroundings. It plays an integral role in the cultural landscape and local tourism identity of the region.",Oct-Feb,https://thumb.wikimedia.org/wikipedia/commons/thumb/c/c9/Gurudwara_Goindwal_Sahib.jpg/960px-Gurudwara_Goindwal_Sahib.jpg?utm_source=en.wikipedia.org&utm_campaign=api&utm_content=thumbnail
7017,Virasat-e-Khalsa,Punjab,attraction,31.234163,76.507547,budget,4.7,29775,"Virasat-e-Khalsa is a renowned heritage landmark situated in Anandpur Sahib, Rupnagar district of Punjab. The destination attracts visitors seeking authentic regional heritage, architectural grandeur, and picturesque surroundings. It plays an integral role in the cultural landscape and local tourism identity of the region.",Oct-Feb,https://thumb.wikimedia.org/wikipedia/commons/thumb/d/d0/Khalsa_Heritage_Memorial_176_Edit.jpg/960px-Khalsa_Heritage_Memorial_176_Edit.jpg?utm_source=en.wikipedia.org&utm_campaign=api&utm_content=thumbnail
7018,Freedom Fighters Park,Punjab,attraction,30.70985,76.70465,budget,4.7,3261,"Freedom Fighters Park is a renowned recreation landmark situated in Mohali, Sahibzada Ajit Singh Nagar district of Punjab. The destination attracts visitors seeking authentic regional heritage, architectural grandeur, and picturesque surroundings. It plays an integral role in the cultural landscape and local tourism identity of the region.",Oct-Feb,https://thumb.wikimedia.org/wikipedia/commons/thumb/1/1a/Buddha_Smriti_Park.jpg/960px-Buddha_Smriti_Park.jpg
7019,Gurudwara Sri Amb Sahib,Punjab,attraction,30.7112,76.7141,budget,4.6,3779,"Gurudwara Sri Amb Sahib is a renowned religious landmark situated in Mohali, Sahibzada Ajit Singh Nagar district of Punjab. The destination attracts visitors seeking authentic regional heritage, architectural grandeur, and picturesque surroundings. It plays an integral role in the cultural landscape and local tourism identity of the region.",Oct-Feb,https://upload.wikimedia.org/wikipedia/en/f/f7/Gurdwara_Katalgarh_Sahib_in_Chamkaur_Sahib.jpg?utm_source=en.wikipedia.org&utm_campaign=api&utm_content=thumbnail_unscaled
7020,Leisure Valley Park Mohali,Punjab,attraction,30.7276,76.7289,budget,4.0,888,"Leisure Valley Park Mohali is a renowned recreation landmark situated in Mohali, Sahibzada Ajit Singh Nagar district of Punjab. The destination attracts visitors seeking authentic regional heritage, architectural grandeur, and picturesque surroundings. It plays an integral role in the cultural landscape and local tourism identity of the region.",Oct-Feb,https://thumb.wikimedia.org/wikipedia/commons/thumb/1/1a/Buddha_Smriti_Park.jpg/960px-Buddha_Smriti_Park.jpg
7021,Mandir Park,Punjab,attraction,30.720188,76.721734,budget,4.1,675,"Mandir Park is a renowned recreation landmark situated in Mohali, Sahibzada Ajit Singh Nagar district of Punjab. The destination attracts visitors seeking authentic regional heritage, architectural grandeur, and picturesque surroundings. It plays an integral role in the cultural landscape and local tourism identity of the region.",Oct-Feb,https://thumb.wikimedia.org/wikipedia/commons/thumb/d/d8/Many_of_the_locals_we_had_spoken_to_were_delighted_that_the_Govt_has_sanctioned_funds_for_renovation_of_this_temple_%2838049489065%29.jpg/960px-Many_of_the_locals_we_had_spoken_to_were_delighted_that_the_Govt_has_sanctioned_funds_for_renovation_of_this_temple_%2838049489065%29.jpg?utm_source=en.wikipedia.org&utm_campaign=api&utm_content=thumbnail
7022,park sec 80,Punjab,attraction,30.669963,76.714578,budget,4.7,3985,"park sec 80 is a renowned recreation landmark situated in Mohali, Sahibzada Ajit Singh Nagar district of Punjab. The destination attracts visitors seeking authentic regional heritage, architectural grandeur, and picturesque surroundings. It plays an integral role in the cultural landscape and local tourism identity of the region.",Oct-Feb,https://thumb.wikimedia.org/wikipedia/commons/thumb/1/1a/Buddha_Smriti_Park.jpg/960px-Buddha_Smriti_Park.jpg
7023,Rose Garden,Punjab,attraction,30.712087,76.720859,budget,4.4,572,"Rose Garden is a renowned recreation landmark situated in Mohali, Sahibzada Ajit Singh Nagar district of Punjab. The destination attracts visitors seeking authentic regional heritage, architectural grandeur, and picturesque surroundings. It plays an integral role in the cultural landscape and local tourism identity of the region.",Oct-Feb,https://thumb.wikimedia.org/wikipedia/commons/thumb/1/1a/Buddha_Smriti_Park.jpg/960px-Buddha_Smriti_Park.jpg
7024,Silvi Park,Punjab,attraction,30.70565,76.72525,budget,4.3,1887,"Silvi Park is a renowned recreation landmark situated in Mohali, Sahibzada Ajit Singh Nagar district of Punjab. The destination attracts visitors seeking authentic regional heritage, architectural grandeur, and picturesque surroundings. It plays an integral role in the cultural landscape and local tourism identity of the region.",Oct-Feb,https://upload.wikimedia.org/wikipedia/commons/c/cf/Eco_Park_Patna.jpg
7025,Jallianwala Bagh,Punjab,attraction,31.568,74.8183,budget,4.8,22034,"1919 massacre memorial. Located in Amritsar district, Punjab.",Oct-Feb,https://thumb.wikimedia.org/wikipedia/commons/thumb/3/36/Jallianwala_Bagh%2C_Amritsar%2C_India.jpg/960px-Jallianwala_Bagh%2C_Amritsar%2C_India.jpg
7026,Attari–Wagah Border / Retreat Ceremony,Punjab,hotel,31.602,74.8643,mid,4.5,29100,"Ceremonial border experience; verify same-day schedule. Located in Amritsar district, Punjab.",Oct-Feb,https://thumb.wikimedia.org/wikipedia/commons/thumb/e/e0/Attari-Wagah_border_ceremony_2019.jpg/960px-Attari-Wagah_border_ceremony_2019.jpg
7027,Durgiana Temple,Punjab,attraction,31.636,74.9103,budget,4.7,28866,"Major Hindu temple with sarovar. Located in Amritsar district, Punjab.",Oct-Mar,https://thumb.wikimedia.org/wikipedia/commons/thumb/d/d8/Many_of_the_locals_we_had_spoken_to_were_delighted_that_the_Govt_has_sanctioned_funds_for_renovation_of_this_temple_%2838049489065%29.jpg/960px-Many_of_the_locals_we_had_spoken_to_were_delighted_that_the_Govt_has_sanctioned_funds_for_renovation_of_this_temple_%2838049489065%29.jpg?utm_source=en.wikipedia.org&utm_campaign=api&utm_content=thumbnail
7028,Ram Tirath / Bhagwan Valmiki Tirath Sthal,Punjab,attraction,31.67,74.9563,budget,4.9,22494,"Major pilgrimage site west of Amritsar. Located in Amritsar district, Punjab.",Oct-Feb,https://thumb.wikimedia.org/wikipedia/commons/thumb/e/e0/Catla_catla.JPG/960px-Catla_catla.JPG?utm_source=en.wikipedia.org&utm_campaign=imageinfo&utm_content=thumbnail
7029,Partition Museum,Punjab,attraction,31.704,74.8023,mid,4.8,6117,"Museum documenting Partition. Located in Amritsar district, Punjab.",Oct-Mar,https://thumb.wikimedia.org/wikipedia/commons/thumb/0/01/Amritsar_9125.jpg/960px-Amritsar_9125.jpg?utm_source=en.wikipedia.org&utm_campaign=api&utm_content=thumbnail
7030,Maharaja Ranjit Singh Museum,Punjab,attraction,31.538,74.8483,mid,4.8,14958,"Museum in Ram Bagh. Located in Amritsar district, Punjab.",Oct-Mar,https://thumb.wikimedia.org/wikipedia/commons/thumb/0/01/Amritsar_9125.jpg/960px-Amritsar_9125.jpg?utm_source=en.wikipedia.org&utm_campaign=api&utm_content=thumbnail
7031,Ram Bagh Garden,Punjab,attraction,31.572,74.8943,budget,4.6,15940,"Historic garden associated with Maharaja Ranjit Singh. Located in Amritsar district, Punjab.",Oct-Feb,https://upload.wikimedia.org/wikipedia/commons/c/cf/Eco_Park_Patna.jpg
7032,Gurudwara Baba Atal Sahib,Punjab,attraction,31.606,74.9403,budget,4.8,9618,"Historic Sikh shrine and tower. Located in Amritsar district, Punjab.",Oct-Feb,https://thumb.wikimedia.org/wikipedia/commons/thumb/4/45/Kiratpur_Gurudwara.jpg/960px-Kiratpur_Gurudwara.jpg?utm_source=en.wikipedia.org&utm_campaign=api&utm_content=thumbnail
7033,Gurudwara Bir Baba Budha Sahib,Punjab,attraction,31.64,74.7863,budget,4.9,26740,"Historic Sikh shrine. Located in Amritsar district, Punjab.",Oct-Feb,https://upload.wikimedia.org/wikipedia/commons/1/15/AkalTakhtGoldenTempleComplex.jpg?utm_source=en.wikipedia.org&utm_campaign=api&utm_content=thumbnail_unscaled
7034,Sadda Pind,Punjab,attraction,31.674,74.8323,budget,4.9,26040,"Punjabi living-village cultural attraction. Located in Amritsar district, Punjab.",Oct-Feb,https://thumb.wikimedia.org/wikipedia/commons/thumb/d/d0/Khalsa_Heritage_Memorial_176_Edit.jpg/960px-Khalsa_Heritage_Memorial_176_Edit.jpg?utm_source=en.wikipedia.org&utm_campaign=api&utm_content=thumbnail
7035,Pul Kanjari,Punjab,attraction,31.708,74.8783,budget,4.3,892,"Historic water-reservoir and heritage site. Located in Amritsar district, Punjab.",Oct-Feb,https://upload.wikimedia.org/wikipedia/commons/7/77/Water_Lake_in_Northern_India.jpg?utm_source=en.wikipedia.org&utm_campaign=api&utm_content=thumbnail_unscaled
7036,Gurdwara Ramsar Sahib,Punjab,attraction,31.644,74.8623,budget,4.3,3339,"Historic gurdwara and sarovar. Located in Amritsar district, Punjab.",Oct-Feb,https://upload.wikimedia.org/wikipedia/commons/1/15/AkalTakhtGoldenTempleComplex.jpg?utm_source=en.wikipedia.org&utm_campaign=api&utm_content=thumbnail_unscaled
7037,Gurdwara Shaheed Ganj Baba Deep Singh,Punjab,attraction,31.678,74.9083,budget,4.9,8240,"Historic Sikh shrine. Located in Amritsar district, Punjab.",Oct-Feb,https://thumb.wikimedia.org/wikipedia/commons/thumb/4/45/Kiratpur_Gurudwara.jpg/960px-Kiratpur_Gurudwara.jpg?utm_source=en.wikipedia.org&utm_campaign=api&utm_content=thumbnail
7038,Mata Kaulan Gurdwara,Punjab,attraction,31.712,74.9543,budget,4.8,8646,"Historic shrine near the Golden Temple complex. Located in Amritsar district, Punjab.",Oct-Feb,https://thumb.wikimedia.org/wikipedia/commons/thumb/4/45/Kiratpur_Gurudwara.jpg/960px-Kiratpur_Gurudwara.jpg?utm_source=en.wikipedia.org&utm_campaign=api&utm_content=thumbnail
7039,Quila Mubarak Bathinda,Punjab,attraction,30.229,74.8875,budget,4.5,8687,"One of Punjab's oldest surviving forts. Located in Bathinda district, Punjab.",Oct-Feb,https://thumb.wikimedia.org/wikipedia/commons/thumb/e/e9/Jagatjit_Club.JPG/960px-Jagatjit_Club.JPG?utm_source=en.wikipedia.org&utm_campaign=api&utm_content=thumbnail
7040,Takht Sri Damdama Sahib,Punjab,attraction,30.263,74.9335,budget,4.9,9847,"Major Sikh pilgrimage site at Talwandi Sabo. Located in Bathinda district, Punjab.",Oct-Feb,https://thumb.wikimedia.org/wikipedia/commons/thumb/4/45/Kiratpur_Gurudwara.jpg/960px-Kiratpur_Gurudwara.jpg?utm_source=en.wikipedia.org&utm_campaign=api&utm_content=thumbnail
7041,Maisar Khana Temple,Punjab,attraction,30.297,74.9795,budget,4.9,18850,"Major local temple and fair site. Located in Bathinda district, Punjab.",Oct-Mar,https://thumb.wikimedia.org/wikipedia/commons/thumb/7/7f/Mukteshwar_Mahadev_Mandir.jpg/960px-Mukteshwar_Mahadev_Mandir.jpg?utm_source=en.wikipedia.org&utm_campaign=api&utm_content=thumbnail
7042,Bir Talab Zoo and Deer Safari,Punjab,attraction,30.131,75.0255,luxury,4.4,14291,"Zoo, deer safari and picnic destination. Located in Bathinda district, Punjab.",Oct-Feb,https://thumb.wikimedia.org/wikipedia/commons/thumb/f/f1/Sanjay_Gandhi_Jaivik_Udyan.jpg/960px-Sanjay_Gandhi_Jaivik_Udyan.jpg
7043,Chetak Park,Punjab,attraction,30.165,74.8715,budget,4.7,8028,"Family recreation park. Located in Bathinda district, Punjab.",Oct-Feb,https://upload.wikimedia.org/wikipedia/commons/c/cf/Eco_Park_Patna.jpg
7044,Gurudwara Tilla Baba Farid,Punjab,attraction,30.6009,74.7143,budget,4.9,22437,"Major shrine associated with Baba Farid. Located in Faridkot district, Punjab.",Oct-Feb,https://upload.wikimedia.org/wikipedia/commons/1/15/AkalTakhtGoldenTempleComplex.jpg?utm_source=en.wikipedia.org&utm_campaign=api&utm_content=thumbnail_unscaled
7045,Royal Palace Faridkot,Punjab,attraction,30.6349,74.7603,mid,4.4,2024,"Royal-era architecture; verify public access. Located in Faridkot district, Punjab.",Oct-Feb,https://thumb.wikimedia.org/wikipedia/commons/thumb/4/48/FatehBurj_Minar_view_from_ground.jpg/960px-FatehBurj_Minar_view_from_ground.jpg?utm_source=en.wikipedia.org&utm_campaign=api&utm_content=thumbnail
7046,Quila Mubarak Faridkot,Punjab,attraction,30.6689,74.8063,budget,4.0,1180,"Historic fort complex; access may vary. Located in Faridkot district, Punjab.",Oct-Feb,https://thumb.wikimedia.org/wikipedia/commons/thumb/4/48/FatehBurj_Minar_view_from_ground.jpg/960px-FatehBurj_Minar_view_from_ground.jpg?utm_source=en.wikipedia.org&utm_campaign=api&utm_content=thumbnail
7047,Darbar Ganj,Punjab,attraction,30.7029,74.8523,budget,4.4,2673,"Historic palace/heritage building. Located in Faridkot district, Punjab.",Oct-Feb,https://thumb.wikimedia.org/wikipedia/commons/thumb/3/37/Gobindgarh_fort%2C_Amritsar%2C_Punjab%2C_India.jpg/960px-Gobindgarh_fort%2C_Amritsar%2C_Punjab%2C_India.jpg?utm_source=en.wikipedia.org&utm_campaign=api&utm_content=thumbnail
7048,Royal Fort / Qila complex,Punjab,attraction,30.7369,74.6983,mid,4.4,2908,"Historic princely-state remains. Located in Faridkot district, Punjab.",Oct-Feb,https://thumb.wikimedia.org/wikipedia/commons/thumb/3/37/Gobindgarh_fort%2C_Amritsar%2C_Punjab%2C_India.jpg/960px-Gobindgarh_fort%2C_Amritsar%2C_Punjab%2C_India.jpg?utm_source=en.wikipedia.org&utm_campaign=api&utm_content=thumbnail
7049,Gurudwara Godari Sahib,Punjab,attraction,30.7709,74.7443,budget,4.2,1776,"Historic Sikh shrine. Located in Faridkot district, Punjab.",Oct-Feb,https://upload.wikimedia.org/wikipedia/en/f/f7/Gurdwara_Katalgarh_Sahib_in_Chamkaur_Sahib.jpg?utm_source=en.wikipedia.org&utm_campaign=api&utm_content=thumbnail_unscaled
7050,Gurudwara Guru Ki Dhab,Punjab,attraction,30.6049,74.7903,budget,4.3,1085,"Historic Sikh shrine. Located in Faridkot district, Punjab.",Oct-Feb,https://upload.wikimedia.org/wikipedia/commons/1/15/AkalTakhtGoldenTempleComplex.jpg?utm_source=en.wikipedia.org&utm_campaign=api&utm_content=thumbnail_unscaled
7051,Fatehgarh Sahib Gurudwara,Punjab,attraction,30.7148,76.4146,budget,4.5,11684,"Major Sikh pilgrimage site. Located in Fatehgarh Sahib district, Punjab.",Oct-Feb,https://upload.wikimedia.org/wikipedia/en/f/f7/Gurdwara_Katalgarh_Sahib_in_Chamkaur_Sahib.jpg?utm_source=en.wikipedia.org&utm_campaign=api&utm_content=thumbnail_unscaled
7052,Gurudwara Jyoti Sarup Sahib,Punjab,attraction,30.7488,76.4606,budget,4.6,28375,"Historic Sikh shrine. Located in Fatehgarh Sahib district, Punjab.",Oct-Feb,https://thumb.wikimedia.org/wikipedia/commons/thumb/4/45/Kiratpur_Gurudwara.jpg/960px-Kiratpur_Gurudwara.jpg?utm_source=en.wikipedia.org&utm_campaign=api&utm_content=thumbnail
7053,Gurudwara Burj Mata Gujri,Punjab,attraction,30.5828,76.3066,budget,4.5,2232,"Historic Sikh shrine. Located in Fatehgarh Sahib district, Punjab.",Oct-Feb,https://upload.wikimedia.org/wikipedia/en/f/f7/Gurdwara_Katalgarh_Sahib_in_Chamkaur_Sahib.jpg?utm_source=en.wikipedia.org&utm_campaign=api&utm_content=thumbnail_unscaled
7054,Baba Banda Singh Bahadur Memorial,Punjab,attraction,30.6168,76.3526,budget,4.2,2575,"Memorial associated with Sikh history. Located in Fatehgarh Sahib district, Punjab.",Oct-Feb,https://thumb.wikimedia.org/wikipedia/commons/thumb/5/5f/KilaRaipurSportsStadium.jpg/960px-KilaRaipurSportsStadium.jpg?utm_source=en.wikipedia.org&utm_campaign=api&utm_content=thumbnail
7055,Aam Khas Bagh Sirhind,Punjab,attraction,30.6508,76.3986,budget,4.9,6738,"Historic Mughal garden complex. Located in Fatehgarh Sahib district, Punjab.",Oct-Feb,https://thumb.wikimedia.org/wikipedia/commons/thumb/5/5f/KilaRaipurSportsStadium.jpg/960px-KilaRaipurSportsStadium.jpg?utm_source=en.wikipedia.org&utm_campaign=api&utm_content=thumbnail
7056,Rauza Sharif Sirhind,Punjab,attraction,30.6848,76.4446,budget,4.6,6077,"Historic Sufi complex. Located in Fatehgarh Sahib district, Punjab.",Oct-Feb,https://thumb.wikimedia.org/wikipedia/commons/thumb/b/b5/Jallianwala_Bagh%2C_Amritsar_01.jpg/960px-Jallianwala_Bagh%2C_Amritsar_01.jpg?utm_source=en.wikipedia.org&utm_campaign=api&utm_content=thumbnail
7057,Sanghol Buddhist Archaeological Site,Punjab,attraction,30.7188,76.4906,budget,4.4,8815,"Important Kushan-period archaeological site. Located in Fatehgarh Sahib district, Punjab.",Oct-Feb,https://thumb.wikimedia.org/wikipedia/commons/thumb/1/1f/Dhamek_Stupa_Sarnath.jpg/960px-Dhamek_Stupa_Sarnath.jpg
7058,Sanghol Museum,Punjab,attraction,30.5528,76.3366,mid,4.4,2873,"Archaeological museum associated with Sanghol excavations. Located in Fatehgarh Sahib district, Punjab.",Oct-Mar,https://thumb.wikimedia.org/wikipedia/commons/thumb/0/01/Amritsar_9125.jpg/960px-Amritsar_9125.jpg?utm_source=en.wikipedia.org&utm_campaign=api&utm_content=thumbnail
7059,Old Sirhind ruins,Punjab,attraction,30.6208,76.4286,budget,3.9,343,"Ruins and archaeological landscape around Sirhind. Located in Fatehgarh Sahib district, Punjab.",Oct-Feb,https://thumb.wikimedia.org/wikipedia/commons/thumb/e/e6/Sarai_Amanat_Khan_Lahore_Gate.jpg/960px-Sarai_Amanat_Khan_Lahore_Gate.jpg?utm_source=en.wikipedia.org&utm_campaign=api&utm_content=thumbnail
7060,Sadiqi Border,Punjab,attraction,30.4417,73.9474,budget,4.2,3385,"Border tourism; verify ceremony schedule. Located in Fazilka district, Punjab.",Oct-Feb,https://thumb.wikimedia.org/wikipedia/commons/thumb/b/b5/Jallianwala_Bagh%2C_Amritsar_01.jpg/960px-Jallianwala_Bagh%2C_Amritsar_01.jpg?utm_source=en.wikipedia.org&utm_campaign=api&utm_content=thumbnail
7061,Abohar Wildlife Sanctuary,Punjab,attraction,30.3097,74.0394,budget,4.5,7748,"Blackbuck and dryland wildlife landscape. Located in Fazilka district, Punjab.",Oct-Feb,https://thumb.wikimedia.org/wikipedia/commons/thumb/f/fe/Beauty_of_Kaziranga_National_Park.jpg/960px-Beauty_of_Kaziranga_National_Park.jpg?utm_source=en.wikipedia.org&utm_campaign=api&utm_content=thumbnail
7062,Hussainiwala National Martyrs Memorial,Punjab,attraction,30.9997,74.6562,budget,4.4,9905,"Major freedom-struggle memorial. Located in Ferozepur district, Punjab.",Oct-Feb,https://thumb.wikimedia.org/wikipedia/commons/thumb/e/e0/National_Martyrs_Memorial_Hussainiwala_closeup.jpg/960px-National_Martyrs_Memorial_Hussainiwala_closeup.jpg?utm_source=en.wikipedia.org&utm_campaign=api&utm_content=thumbnail
7063,Hussainiwala Border,Punjab,attraction,30.8337,74.7022,budget,4.9,20116,"Border ceremony and memorial area. Located in Ferozepur district, Punjab.",Oct-Feb,https://thumb.wikimedia.org/wikipedia/commons/thumb/d/d0/Khalsa_Heritage_Memorial_176_Edit.jpg/960px-Khalsa_Heritage_Memorial_176_Edit.jpg?utm_source=en.wikipedia.org&utm_campaign=api&utm_content=thumbnail
7064,Saragarhi Memorial,Punjab,attraction,30.8677,74.5482,budget,4.5,5426,"Memorial to the Battle of Saragarhi. Located in Ferozepur district, Punjab.",Oct-Feb,https://thumb.wikimedia.org/wikipedia/commons/thumb/e/e6/Sarai_Amanat_Khan_Lahore_Gate.jpg/960px-Sarai_Amanat_Khan_Lahore_Gate.jpg?utm_source=en.wikipedia.org&utm_campaign=api&utm_content=thumbnail
7065,Ferozeshah War Memorial,Punjab,attraction,30.9017,74.5942,budget,4.2,1567,"Historic battlefield/memorial. Located in Ferozepur district, Punjab.",Oct-Feb,https://thumb.wikimedia.org/wikipedia/commons/thumb/e/e9/Jagatjit_Club.JPG/960px-Jagatjit_Club.JPG?utm_source=en.wikipedia.org&utm_campaign=api&utm_content=thumbnail
7066,Barki Memorial,Punjab,attraction,30.9357,74.6402,budget,4.7,4881,"Military-history site. Located in Ferozepur district, Punjab.",Oct-Feb,https://thumb.wikimedia.org/wikipedia/commons/thumb/e/e0/National_Martyrs_Memorial_Hussainiwala_closeup.jpg/960px-National_Martyrs_Memorial_Hussainiwala_closeup.jpg?utm_source=en.wikipedia.org&utm_campaign=api&utm_content=thumbnail
7067,Jain Mandir Zira,Punjab,attraction,30.9697,74.6862,budget,4.3,3178,"Historic Jain temple. Located in Ferozepur district, Punjab.",Oct-Feb,https://thumb.wikimedia.org/wikipedia/commons/thumb/7/79/Temples_kundalpur.JPG/960px-Temples_kundalpur.JPG
7068,Chak Sarkar Forest,Punjab,attraction,31.0037,74.5322,budget,4.0,233,"Forest/nature destination; check local access. Located in Ferozepur district, Punjab.",Oct-Feb,https://thumb.wikimedia.org/wikipedia/commons/thumb/b/b5/Jallianwala_Bagh%2C_Amritsar_01.jpg/960px-Jallianwala_Bagh%2C_Amritsar_01.jpg?utm_source=en.wikipedia.org&utm_campaign=api&utm_content=thumbnail
7069,National Martyrs Memorial Hussainiwala (Bhagat Singh Samadhi),Punjab,attraction,31.09509,74.49851,budget,4.6,7857,"National Martyrs Memorial Hussainiwala (Bhagat Singh Samadhi) is an authentic attraction destination located in ,  district of Punjab. Celebrated for its regional significance and unique ambiance, it offers travelers an immersive experience in the culture, scenic beauty, and heritage of Punjab.",Oct-Feb,https://thumb.wikimedia.org/wikipedia/commons/thumb/d/d0/Khalsa_Heritage_Memorial_176_Edit.jpg/960px-Khalsa_Heritage_Memorial_176_Edit.jpg?utm_source=en.wikipedia.org&utm_campaign=api&utm_content=thumbnail
7070,Mughal-era remains / old Ferozepur heritage,Punjab,attraction,30.9057,74.6702,budget,4.2,1968,"Historic remains; verify exact access. Located in Ferozepur district, Punjab.",Oct-Feb,https://thumb.wikimedia.org/wikipedia/commons/thumb/e/e0/National_Martyrs_Memorial_Hussainiwala_closeup.jpg/960px-National_Martyrs_Memorial_Hussainiwala_closeup.jpg?utm_source=en.wikipedia.org&utm_campaign=api&utm_content=thumbnail
7071,Gurdwara Dera Baba Nanak,Punjab,attraction,32.0579,75.3093,budget,4.9,7666,"Major Sikh pilgrimage destination. Located in Gurdaspur district, Punjab.",Oct-Feb,https://upload.wikimedia.org/wikipedia/en/f/f7/Gurdwara_Katalgarh_Sahib_in_Chamkaur_Sahib.jpg?utm_source=en.wikipedia.org&utm_campaign=api&utm_content=thumbnail_unscaled
7072,Kartarpur Corridor viewing/visitor area,Punjab,attraction,32.0919,75.3553,budget,4.5,27481,"Cross-border pilgrimage context; rules apply. Located in Gurdaspur district, Punjab.",Oct-Feb,https://thumb.wikimedia.org/wikipedia/commons/thumb/e/e0/National_Martyrs_Memorial_Hussainiwala_closeup.jpg/960px-National_Martyrs_Memorial_Hussainiwala_closeup.jpg?utm_source=en.wikipedia.org&utm_campaign=api&utm_content=thumbnail
7073,Gurdwara Chola Sahib Ghuman,Punjab,attraction,32.1259,75.4013,budget,4.3,2885,"Historic Sikh shrine. Located in Gurdaspur district, Punjab.",Oct-Feb,https://thumb.wikimedia.org/wikipedia/commons/thumb/1/17/The_Sarovar_besides_the_GurudwaraTarn_Taran_Sahib%2C_Punjab%2C_India.jpg/960px-The_Sarovar_besides_the_GurudwaraTarn_Taran_Sahib%2C_Punjab%2C_India.jpg?utm_source=en.wikipedia.org&utm_campaign=api&utm_content=thumbnail
7074,Gurdwara Achal Sahib,Punjab,attraction,31.9599,75.4473,budget,4.2,2093,"Historic Sikh pilgrimage site. Located in Gurdaspur district, Punjab.",Oct-Feb,https://upload.wikimedia.org/wikipedia/commons/1/15/AkalTakhtGoldenTempleComplex.jpg?utm_source=en.wikipedia.org&utm_campaign=api&utm_content=thumbnail_unscaled
7075,Gurdwara Kandh Sahib,Punjab,attraction,31.9939,75.4933,budget,4.2,2879,"Historic Sikh shrine. Located in Gurdaspur district, Punjab.",Oct-Feb,https://upload.wikimedia.org/wikipedia/en/f/f7/Gurdwara_Katalgarh_Sahib_in_Chamkaur_Sahib.jpg?utm_source=en.wikipedia.org&utm_campaign=api&utm_content=thumbnail_unscaled
7076,Kalanaur Takht-i-Akbari,Punjab,attraction,32.0279,75.3393,budget,4.2,2597,"Historic Mughal-era site. Located in Gurdaspur district, Punjab.",Oct-Feb,https://thumb.wikimedia.org/wikipedia/commons/thumb/1/17/The_Sarovar_besides_the_GurudwaraTarn_Taran_Sahib%2C_Punjab%2C_India.jpg/960px-The_Sarovar_besides_the_GurudwaraTarn_Taran_Sahib%2C_Punjab%2C_India.jpg?utm_source=en.wikipedia.org&utm_campaign=api&utm_content=thumbnail
7077,Shahpur Kandi Fort,Punjab,attraction,32.0619,75.3853,mid,4.6,1802,"Historic fort near Ravi landscape. Located in Gurdaspur district, Punjab.",Oct-Feb,https://thumb.wikimedia.org/wikipedia/commons/thumb/2/27/Kapurthala_Sainik_School.jpg/960px-Kapurthala_Sainik_School.jpg?utm_source=en.wikipedia.org&utm_campaign=api&utm_content=thumbnail
7078,Keshopur-Miani Community Reserve,Punjab,attraction,32.0959,75.4313,budget,4.5,1205,"Important wetland and migratory-bird habitat. Located in Gurdaspur district, Punjab.",Oct-Feb,https://thumb.wikimedia.org/wikipedia/commons/thumb/f/f1/Sanjay_Gandhi_Jaivik_Udyan.jpg/960px-Sanjay_Gandhi_Jaivik_Udyan.jpg
7079,Takhni-Rehmapur Wildlife Sanctuary,Punjab,attraction,31.5173,75.9249,budget,4.9,21659,"Shivalik wildlife sanctuary. Located in Hoshiarpur district, Punjab.",Oct-Feb,https://thumb.wikimedia.org/wikipedia/commons/thumb/f/fe/Beauty_of_Kaziranga_National_Park.jpg/960px-Beauty_of_Kaziranga_National_Park.jpg?utm_source=en.wikipedia.org&utm_campaign=api&utm_content=thumbnail
7080,Dholbaha Archaeological Site,Punjab,attraction,31.5513,75.9709,budget,4.6,1318,"Archaeological site in Shivalik foothills. Located in Hoshiarpur district, Punjab.",Oct-Feb,https://thumb.wikimedia.org/wikipedia/commons/thumb/5/5f/KilaRaipurSportsStadium.jpg/960px-KilaRaipurSportsStadium.jpg?utm_source=en.wikipedia.org&utm_campaign=api&utm_content=thumbnail
7081,Garna Sahib,Punjab,attraction,31.5853,75.8169,budget,4.1,747,"Historic Sikh shrine. Located in Hoshiarpur district, Punjab.",Oct-Feb,https://thumb.wikimedia.org/wikipedia/commons/thumb/4/45/Kiratpur_Gurudwara.jpg/960px-Kiratpur_Gurudwara.jpg?utm_source=en.wikipedia.org&utm_campaign=api&utm_content=thumbnail
7082,Sheesh Mahal Hoshiarpur,Punjab,attraction,31.6193,75.8629,budget,4.2,3331,"Historic palace/museum. Located in Hoshiarpur district, Punjab.",Oct-Feb,https://thumb.wikimedia.org/wikipedia/commons/thumb/2/27/Kapurthala_Sainik_School.jpg/960px-Kapurthala_Sainik_School.jpg?utm_source=en.wikipedia.org&utm_campaign=api&utm_content=thumbnail
7083,Sadhu Ashram,Punjab,attraction,31.4533,75.9089,budget,4.8,1771,"Ashram and foothill environment. Located in Hoshiarpur district, Punjab.",Oct-Feb,https://thumb.wikimedia.org/wikipedia/commons/thumb/e/e0/National_Martyrs_Memorial_Hussainiwala_closeup.jpg/960px-National_Martyrs_Memorial_Hussainiwala_closeup.jpg?utm_source=en.wikipedia.org&utm_campaign=api&utm_content=thumbnail
7084,Wood Carving / Handicraft Market,Punjab,attraction,31.4873,75.9549,budget,4.3,1604,"Traditional Hoshiarpur craft experience. Located in Hoshiarpur district, Punjab.",Oct-Feb,https://thumb.wikimedia.org/wikipedia/commons/thumb/5/5f/KilaRaipurSportsStadium.jpg/960px-KilaRaipurSportsStadium.jpg?utm_source=en.wikipedia.org&utm_campaign=api&utm_content=thumbnail
7085,Devi Talab Mandir,Punjab,attraction,31.256,75.6462,budget,4.4,28514,"Major temple and pilgrimage site. Located in Jalandhar district, Punjab.",Oct-Feb,https://thumb.wikimedia.org/wikipedia/commons/thumb/a/a5/Devi_Talab_Mandir%2C_Jalandhar%2C_Punjab%2C_19_September_2017_%28cropped%29.jpg/960px-Devi_Talab_Mandir%2C_Jalandhar%2C_Punjab%2C_19_September_2017_%28cropped%29.jpg?utm_source=en.wikipedia.org&utm_campaign=api&utm_content=thumbnail
7086,Pushpa Gujral Science City,Punjab,attraction,31.29,75.4922,budget,4.7,27128,"Major science attraction. Located in Jalandhar district, Punjab.",Oct-Feb,https://thumb.wikimedia.org/wikipedia/commons/thumb/b/b5/Jallianwala_Bagh%2C_Amritsar_01.jpg/960px-Jallianwala_Bagh%2C_Amritsar_01.jpg?utm_source=en.wikipedia.org&utm_campaign=api&utm_content=thumbnail
7087,Imam Nasir Mausoleum,Punjab,attraction,31.294,75.5682,budget,4.6,8749,"Historic tomb in Jalandhar. Located in Jalandhar district, Punjab.",Oct-Feb,https://upload.wikimedia.org/wikipedia/commons/6/68/Present-20.jpg?utm_source=en.wikipedia.org&utm_campaign=api&utm_content=thumbnail_unscaled
7088,Jagatjit Palace,Punjab,attraction,31.2842,75.3577,mid,4.9,25116,"Iconic Indo-Saracenic palace. Located in Kapurthala district, Punjab.",Oct-Feb,https://thumb.wikimedia.org/wikipedia/commons/thumb/2/27/Kapurthala_Sainik_School.jpg/960px-Kapurthala_Sainik_School.jpg?utm_source=en.wikipedia.org&utm_campaign=api&utm_content=thumbnail
7089,Moorish Mosque,Punjab,attraction,31.3182,75.4037,budget,4.8,24994,"Distinctive royal-era mosque. Located in Kapurthala district, Punjab.",Oct-Feb,https://thumb.wikimedia.org/wikipedia/commons/thumb/7/71/Charminar_Hyderabad_1.jpg/960px-Charminar_Hyderabad_1.jpg?utm_source=en.wikipedia.org&utm_campaign=api&utm_content=thumbnail
7090,Kanjli Wetland,Punjab,attraction,31.3522,75.4497,budget,4.5,10442,"Wetland and nature destination. Located in Kapurthala district, Punjab.",Oct-Feb,https://thumb.wikimedia.org/wikipedia/commons/thumb/e/e0/Catla_catla.JPG/960px-Catla_catla.JPG?utm_source=en.wikipedia.org&utm_campaign=imageinfo&utm_content=thumbnail
7091,Gurdwara Ber Sahib,Punjab,attraction,31.3862,75.2957,budget,4.9,27778,"Major Sikh pilgrimage site. Located in Kapurthala district, Punjab.",Oct-Feb,https://thumb.wikimedia.org/wikipedia/commons/thumb/1/17/The_Sarovar_besides_the_GurudwaraTarn_Taran_Sahib%2C_Punjab%2C_India.jpg/960px-The_Sarovar_besides_the_GurudwaraTarn_Taran_Sahib%2C_Punjab%2C_India.jpg?utm_source=en.wikipedia.org&utm_campaign=api&utm_content=thumbnail
7092,Gurdwara Hatti Sahib,Punjab,attraction,31.4202,75.3417,budget,4.3,2625,"Historic Sikh shrine. Located in Kapurthala district, Punjab.",Oct-Feb,https://upload.wikimedia.org/wikipedia/commons/1/15/AkalTakhtGoldenTempleComplex.jpg?utm_source=en.wikipedia.org&utm_campaign=api&utm_content=thumbnail_unscaled
7093,Sultanpur Lodhi old town,Punjab,attraction,31.2882,75.4337,budget,4.1,491,"Historic pilgrimage-town streets. Located in Kapurthala district, Punjab.",Oct-Feb,https://thumb.wikimedia.org/wikipedia/commons/thumb/b/b5/Jallianwala_Bagh%2C_Amritsar_01.jpg/960px-Jallianwala_Bagh%2C_Amritsar_01.jpg?utm_source=en.wikipedia.org&utm_campaign=api&utm_content=thumbnail
7094,Sultanpur Lodhi Gurudwara complex,Punjab,attraction,31.3222,75.4797,budget,4.5,21804,"Historic Sikh pilgrimage circuit. Located in Kapurthala district, Punjab.",Oct-Feb,https://upload.wikimedia.org/wikipedia/commons/1/15/AkalTakhtGoldenTempleComplex.jpg?utm_source=en.wikipedia.org&utm_campaign=api&utm_content=thumbnail_unscaled
7095,Elgin House / heritage buildings,Punjab,attraction,31.3902,75.3717,budget,4.4,2471,"Royal/colonial heritage lead; access varies. Located in Kapurthala district, Punjab.",Oct-Feb,https://thumb.wikimedia.org/wikipedia/commons/thumb/b/b5/Jallianwala_Bagh%2C_Amritsar_01.jpg/960px-Jallianwala_Bagh%2C_Amritsar_01.jpg?utm_source=en.wikipedia.org&utm_campaign=api&utm_content=thumbnail
7096,State Gurudwara Sahib Sultanpur Lodhi,Punjab,attraction,31.4242,75.4177,budget,4.8,1488,"Historic Sikh site. Located in Kapurthala district, Punjab.",Oct-Feb,https://upload.wikimedia.org/wikipedia/commons/1/15/AkalTakhtGoldenTempleComplex.jpg?utm_source=en.wikipedia.org&utm_campaign=api&utm_content=thumbnail_unscaled
7097,Maharaja Ranjit Singh War Museum,Punjab,attraction,30.847,75.8313,mid,4.9,18260,"Military-history museum. Located in Ludhiana district, Punjab.",Oct-Mar,https://thumb.wikimedia.org/wikipedia/commons/thumb/0/01/Amritsar_9125.jpg/960px-Amritsar_9125.jpg?utm_source=en.wikipedia.org&utm_campaign=api&utm_content=thumbnail
7098,PAU Rural Museum,Punjab,attraction,30.881,75.8773,mid,4.9,10179,"Punjab rural culture museum. Located in Ludhiana district, Punjab.",Oct-Mar,https://thumb.wikimedia.org/wikipedia/commons/thumb/0/01/Amritsar_9125.jpg/960px-Amritsar_9125.jpg?utm_source=en.wikipedia.org&utm_campaign=api&utm_content=thumbnail
7099,Nehru Rose Garden,Punjab,attraction,30.915,75.9233,budget,4.9,18064,"Large urban rose garden. Located in Ludhiana district, Punjab.",Oct-Feb,https://thumb.wikimedia.org/wikipedia/commons/thumb/1/1a/Buddha_Smriti_Park.jpg/960px-Buddha_Smriti_Park.jpg
7100,Hardy's World,Punjab,attraction,30.949,75.7693,budget,4.9,25951,"Family amusement park. Located in Ludhiana district, Punjab.",Oct-Feb,https://upload.wikimedia.org/wikipedia/commons/6/68/Present-20.jpg?utm_source=en.wikipedia.org&utm_campaign=api&utm_content=thumbnail_unscaled
7101,Tiger Safari Amaltas,Punjab,attraction,30.983,75.8153,luxury,4.8,10836,"Wildlife attraction. Located in Ludhiana district, Punjab.",Oct-Feb,https://thumb.wikimedia.org/wikipedia/commons/thumb/f/fe/Beauty_of_Kaziranga_National_Park.jpg/960px-Beauty_of_Kaziranga_National_Park.jpg?utm_source=en.wikipedia.org&utm_campaign=api&utm_content=thumbnail
7102,F2 Raceway,Punjab,attraction,30.817,75.8613,budget,4.2,2659,"Motorsport attraction. Located in Ludhiana district, Punjab.",Oct-Feb,https://thumb.wikimedia.org/wikipedia/commons/thumb/e/e9/Jagatjit_Club.JPG/960px-Jagatjit_Club.JPG?utm_source=en.wikipedia.org&utm_campaign=api&utm_content=thumbnail
7103,Lodi Fort,Punjab,attraction,30.851,75.9073,mid,4.4,8627,"Historic fort on the Sutlej. Located in Ludhiana district, Punjab.",Oct-Feb,https://thumb.wikimedia.org/wikipedia/commons/thumb/2/2d/Dilli_gate.jpg/960px-Dilli_gate.jpg?utm_source=en.wikipedia.org&utm_campaign=api&utm_content=thumbnail
7104,Phillaur Fort,Punjab,attraction,30.885,75.9533,mid,4.8,22392,"Maharaja Ranjit Singh-era fort. Located in Ludhiana district, Punjab.",Oct-Feb,https://thumb.wikimedia.org/wikipedia/commons/thumb/2/2d/Dilli_gate.jpg/960px-Dilli_gate.jpg?utm_source=en.wikipedia.org&utm_campaign=api&utm_content=thumbnail
7105,Gurdwara Charan Kamal Machhiwara,Punjab,attraction,30.953,75.8453,budget,4.6,3479,"Historic Sikh shrine. Located in Ludhiana district, Punjab.",Oct-Feb,https://upload.wikimedia.org/wikipedia/commons/1/15/AkalTakhtGoldenTempleComplex.jpg?utm_source=en.wikipedia.org&utm_campaign=api&utm_content=thumbnail_unscaled
7106,Gurdwara Alamgir Sahib,Punjab,attraction,30.987,75.8913,budget,4.3,3222,"Historic Sikh shrine. Located in Ludhiana district, Punjab.",Oct-Feb,https://thumb.wikimedia.org/wikipedia/commons/thumb/4/45/Kiratpur_Gurudwara.jpg/960px-Kiratpur_Gurudwara.jpg?utm_source=en.wikipedia.org&utm_campaign=api&utm_content=thumbnail
7107,Kila Raipur Rural Olympics grounds,Punjab,attraction,30.855,75.7833,budget,4.5,13294,"Traditional rural sports festival area. Located in Ludhiana district, Punjab.",Oct-Feb,https://thumb.wikimedia.org/wikipedia/commons/thumb/e/e0/Catla_catla.JPG/960px-Catla_catla.JPG?utm_source=en.wikipedia.org&utm_campaign=imageinfo&utm_content=thumbnail
7108,Mubarak Manzil Palace,Punjab,attraction,30.5176,75.938,mid,4.9,4826,"Historic royal palace. Located in Malerkotla district, Punjab.",Oct-Feb,https://thumb.wikimedia.org/wikipedia/commons/thumb/4/48/FatehBurj_Minar_view_from_ground.jpg/960px-FatehBurj_Minar_view_from_ground.jpg?utm_source=en.wikipedia.org&utm_campaign=api&utm_content=thumbnail
7109,Jama Masjid Malerkotla,Punjab,attraction,30.5516,75.984,budget,4.8,6613,"Historic mosque. Located in Malerkotla district, Punjab.",Oct-Feb,https://thumb.wikimedia.org/wikipedia/commons/thumb/4/4e/Buland_Darwaza_Fatehpur_Sikri.jpg/960px-Buland_Darwaza_Fatehpur_Sikri.jpg
7110,Mukteshwar Mahadev Temple,Punjab,attraction,32.1703,75.6661,budget,4.9,24197,"Hilltop temple with Ravi views. Located in Pathankot district, Punjab.",Oct-Mar,https://thumb.wikimedia.org/wikipedia/commons/thumb/7/7f/Mukteshwar_Mahadev_Mandir.jpg/960px-Mukteshwar_Mahadev_Mandir.jpg?utm_source=en.wikipedia.org&utm_campaign=api&utm_content=thumbnail
7111,Ranjit Sagar Dam / Thein Dam,Punjab,attraction,32.2043,75.7121,budget,4.9,22336,"Large reservoir and scenic landscape; access rules vary. Located in Pathankot district, Punjab.",Oct-Feb,https://thumb.wikimedia.org/wikipedia/commons/thumb/a/a3/Harike.jpg/960px-Harike.jpg?utm_source=en.wikipedia.org&utm_campaign=api&utm_content=thumbnail
7112,Kathlour-Kushlian Wildlife Sanctuary,Punjab,attraction,32.2383,75.5581,budget,4.5,20628,"Wildlife sanctuary near Ravi. Located in Pathankot district, Punjab.",Oct-Feb,https://thumb.wikimedia.org/wikipedia/commons/thumb/f/fe/Beauty_of_Kaziranga_National_Park.jpg/960px-Beauty_of_Kaziranga_National_Park.jpg?utm_source=en.wikipedia.org&utm_campaign=api&utm_content=thumbnail
7113,Shahpurkandi Dam reservoir,Punjab,attraction,32.2723,75.6041,budget,4.8,5248,"Scenic reservoir landscape; verify access zones. Located in Pathankot district, Punjab.",Oct-Feb,https://thumb.wikimedia.org/wikipedia/commons/thumb/a/a3/Harike.jpg/960px-Harike.jpg?utm_source=en.wikipedia.org&utm_campaign=api&utm_content=thumbnail
7114,Pathankot Fort / Nurpur-era heritage remnants,Punjab,attraction,32.3403,75.6961,mid,4.8,4219,"Historic frontier heritage. Located in Pathankot district, Punjab.",Oct-Feb,https://thumb.wikimedia.org/wikipedia/commons/thumb/2/27/Kapurthala_Sainik_School.jpg/960px-Kapurthala_Sainik_School.jpg?utm_source=en.wikipedia.org&utm_campaign=api&utm_content=thumbnail
7115,Qila Mubarak,Punjab,attraction,30.3518,76.4149,budget,4.8,14373,"Major Patiala royal complex. Located in Patiala district, Punjab.",Oct-Feb,https://upload.wikimedia.org/wikipedia/commons/6/65/MotiBaghPalace.jpg?utm_source=en.wikipedia.org&utm_campaign=api&utm_content=thumbnail_unscaled
7116,Sheesh Mahal,Punjab,attraction,30.3858,76.4609,budget,4.9,12000,"Historic royal museum/palace. Located in Patiala district, Punjab.",Oct-Feb,https://thumb.wikimedia.org/wikipedia/commons/thumb/3/37/Gobindgarh_fort%2C_Amritsar%2C_Punjab%2C_India.jpg/960px-Gobindgarh_fort%2C_Amritsar%2C_Punjab%2C_India.jpg?utm_source=en.wikipedia.org&utm_campaign=api&utm_content=thumbnail
7117,Moti Bagh Palace,Punjab,attraction,30.4198,76.3069,mid,4.9,12197,"Royal-era palace complex. Located in Patiala district, Punjab.",Oct-Feb,https://upload.wikimedia.org/wikipedia/commons/6/65/MotiBaghPalace.jpg?utm_source=en.wikipedia.org&utm_campaign=api&utm_content=thumbnail_unscaled
7118,Baradari Gardens,Punjab,attraction,30.2538,76.3529,budget,4.9,6237,"Historic garden. Located in Patiala district, Punjab.",Oct-Feb,https://thumb.wikimedia.org/wikipedia/commons/thumb/e/e9/Jagatjit_Club.JPG/960px-Jagatjit_Club.JPG?utm_source=en.wikipedia.org&utm_campaign=api&utm_content=thumbnail
7119,Bahadurgarh Fort,Punjab,attraction,30.2878,76.3989,mid,4.3,1173,"Historic fort near Patiala. Located in Patiala district, Punjab.",Oct-Feb,https://upload.wikimedia.org/wikipedia/commons/1/11/Bahadurgarh_Fort_1.jpg?utm_source=en.wikipedia.org&utm_campaign=api&utm_content=thumbnail_unscaled
7120,Banur ancient town ruins,Punjab,attraction,30.3558,76.2909,budget,4.4,1042,"Ancient settlement ruins and heritage landscape. Located in Patiala district, Punjab.",Oct-Feb,https://thumb.wikimedia.org/wikipedia/commons/thumb/e/e9/Jagatjit_Club.JPG/960px-Jagatjit_Club.JPG?utm_source=en.wikipedia.org&utm_campaign=api&utm_content=thumbnail
7121,Gurudwara Moti Bagh Sahib,Punjab,attraction,30.3898,76.3369,budget,4.5,9109,"Historic Sikh shrine. Located in Patiala district, Punjab.",Oct-Feb,https://thumb.wikimedia.org/wikipedia/commons/thumb/4/45/Kiratpur_Gurudwara.jpg/960px-Kiratpur_Gurudwara.jpg?utm_source=en.wikipedia.org&utm_campaign=api&utm_content=thumbnail
7122,Qila Androon / royal inner-city heritage,Punjab,hotel,30.2578,76.4289,luxury,4.2,1237,"Royal architectural precinct. Located in Patiala district, Punjab.",Oct-Feb,https://images.unsplash.com/photo-1520250497591-112f2f40a3f4?auto=format&fit=crop&w=1200&q=80
7123,Patiala State Museum,Punjab,attraction,30.2918,76.4749,mid,4.9,23670,"Royal collection and heritage museum. Located in Patiala district, Punjab.",Oct-Mar,https://thumb.wikimedia.org/wikipedia/commons/thumb/0/01/Amritsar_9125.jpg/960px-Amritsar_9125.jpg?utm_source=en.wikipedia.org&utm_campaign=api&utm_content=thumbnail
7124,Baradari Palace area,Punjab,attraction,30.3598,76.3669,mid,4.9,2875,"Historic palace/garden precinct. Located in Patiala district, Punjab.",Oct-Feb,https://upload.wikimedia.org/wikipedia/commons/1/11/Bahadurgarh_Fort_1.jpg?utm_source=en.wikipedia.org&utm_campaign=api&utm_content=thumbnail_unscaled
7125,Kiratpur Sahib,Punjab,attraction,31.0204,76.5491,budget,4.6,24598,"Historic Sikh town. Located in Rupnagar district, Punjab.",Oct-Feb,https://thumb.wikimedia.org/wikipedia/commons/thumb/4/45/Kiratpur_Gurudwara.jpg/960px-Kiratpur_Gurudwara.jpg?utm_source=en.wikipedia.org&utm_campaign=api&utm_content=thumbnail
7126,Chamkaur Sahib,Punjab,attraction,31.0544,76.5951,budget,4.9,29255,"Major Sikh historical town. Located in Rupnagar district, Punjab.",Oct-Feb,https://upload.wikimedia.org/wikipedia/en/f/f7/Gurdwara_Katalgarh_Sahib_in_Chamkaur_Sahib.jpg?utm_source=en.wikipedia.org&utm_campaign=api&utm_content=thumbnail_unscaled
7127,Rupnagar Archaeological Museum/Site,Punjab,attraction,30.9224,76.4871,mid,4.4,16642,"Harappan and ancient archaeological heritage. Located in Rupnagar district, Punjab.",Oct-Mar,https://thumb.wikimedia.org/wikipedia/commons/thumb/0/01/Amritsar_9125.jpg/960px-Amritsar_9125.jpg?utm_source=en.wikipedia.org&utm_campaign=api&utm_content=thumbnail
7128,Archaeological Site Ropar,Punjab,attraction,30.9564,76.5331,budget,4.7,6312,"Important archaeological site. Located in Rupnagar district, Punjab.",Oct-Feb,https://thumb.wikimedia.org/wikipedia/commons/thumb/d/d0/Khalsa_Heritage_Memorial_176_Edit.jpg/960px-Khalsa_Heritage_Memorial_176_Edit.jpg?utm_source=en.wikipedia.org&utm_campaign=api&utm_content=thumbnail
7129,Nangal Wetland,Punjab,attraction,30.9904,76.5791,budget,4.9,10055,"National wetland and reservoir landscape. Located in Rupnagar district, Punjab.",Oct-Feb,https://upload.wikimedia.org/wikipedia/commons/7/77/Water_Lake_in_Northern_India.jpg?utm_source=en.wikipedia.org&utm_campaign=api&utm_content=thumbnail_unscaled
7130,Bhakra-Nangal Dam viewpoint areas,Punjab,attraction,31.0244,76.4251,budget,4.5,22130,"Major engineering and river landscape. Located in Rupnagar district, Punjab.",Oct-Feb,https://thumb.wikimedia.org/wikipedia/commons/thumb/a/a3/Harike.jpg/960px-Harike.jpg?utm_source=en.wikipedia.org&utm_campaign=api&utm_content=thumbnail
7131,Gurudwara Sri Bhatha Sahib,Punjab,attraction,30.8924,76.5171,budget,4.5,5854,"Historic Sikh shrine. Located in Rupnagar district, Punjab.",Oct-Feb,https://thumb.wikimedia.org/wikipedia/commons/thumb/4/45/Kiratpur_Gurudwara.jpg/960px-Kiratpur_Gurudwara.jpg?utm_source=en.wikipedia.org&utm_campaign=api&utm_content=thumbnail
7132,Gurudwara Amb Sahib,Punjab,attraction,30.7326,76.6499,budget,4.9,5806,"Major Sikh shrine. Located in Sahibzada Ajit Singh Nagar (Mohali) district, Punjab.",Oct-Feb,https://upload.wikimedia.org/wikipedia/en/f/f7/Gurdwara_Katalgarh_Sahib_in_Chamkaur_Sahib.jpg?utm_source=en.wikipedia.org&utm_campaign=api&utm_content=thumbnail_unscaled
7133,Siswan Dam / Siswan Forest,Punjab,attraction,30.7666,76.6959,budget,4.4,2924,"Foothill nature and reservoir landscape. Located in Sahibzada Ajit Singh Nagar (Mohali) district, Punjab.",Oct-Feb,https://upload.wikimedia.org/wikipedia/commons/7/77/Water_Lake_in_Northern_India.jpg?utm_source=en.wikipedia.org&utm_campaign=api&utm_content=thumbnail_unscaled
7134,Gurudwara Nada Sahib (nearby Panchkula),Punjab,attraction,30.6686,76.6339,budget,4.4,770,"Outside Punjab; included only as a nearby excursion lead. Located in Sahibzada Ajit Singh Nagar (Mohali) district, Punjab.",Oct-Feb,https://thumb.wikimedia.org/wikipedia/commons/thumb/1/17/The_Sarovar_besides_the_GurudwaraTarn_Taran_Sahib%2C_Punjab%2C_India.jpg/960px-The_Sarovar_besides_the_GurudwaraTarn_Taran_Sahib%2C_Punjab%2C_India.jpg?utm_source=en.wikipedia.org&utm_campaign=api&utm_content=thumbnail
7135,Sunam Udham Singh Memorial/heritage sites,Punjab,attraction,30.3118,75.8961,budget,4.8,7460,"Freedom-struggle heritage circuit. Located in Sangrur district, Punjab.",Oct-Feb,https://upload.wikimedia.org/wikipedia/commons/6/68/Present-20.jpg?utm_source=en.wikipedia.org&utm_campaign=api&utm_content=thumbnail_unscaled
7136,Sangrur old palace/heritage quarter,Punjab,attraction,30.2818,75.9261,mid,4.7,8731,"Princely-state heritage lead. Located in Sangrur district, Punjab.",Oct-Feb,https://upload.wikimedia.org/wikipedia/commons/6/65/MotiBaghPalace.jpg?utm_source=en.wikipedia.org&utm_campaign=api&utm_content=thumbnail_unscaled
7137,Khatkar Kalan Memorial,Punjab,attraction,31.0636,76.1409,budget,4.6,6721,"Bhagat Singh memorial and museum. Located in Shaheed Bhagat Singh Nagar district, Punjab.",Oct-Feb,https://thumb.wikimedia.org/wikipedia/commons/thumb/0/01/Amritsar_9125.jpg/960px-Amritsar_9125.jpg?utm_source=en.wikipedia.org&utm_campaign=api&utm_content=thumbnail
7138,Khatkar Kalan ancestral village,Punjab,attraction,31.0976,76.1869,budget,4.7,27998,"Bhagat Singh heritage village. Located in Shaheed Bhagat Singh Nagar district, Punjab.",Oct-Feb,https://thumb.wikimedia.org/wikipedia/commons/thumb/b/b5/Jallianwala_Bagh%2C_Amritsar_01.jpg/960px-Jallianwala_Bagh%2C_Amritsar_01.jpg?utm_source=en.wikipedia.org&utm_campaign=api&utm_content=thumbnail
7139,Muktsar Sahib old city pilgrimage circuit,Punjab,attraction,30.4164,74.6147,budget,4.6,20826,"Major Sikh pilgrimage circuit. Located in Sri Muktsar Sahib district, Punjab.",Oct-Feb,https://thumb.wikimedia.org/wikipedia/commons/thumb/1/17/The_Sarovar_besides_the_GurudwaraTarn_Taran_Sahib%2C_Punjab%2C_India.jpg/960px-The_Sarovar_besides_the_GurudwaraTarn_Taran_Sahib%2C_Punjab%2C_India.jpg?utm_source=en.wikipedia.org&utm_campaign=api&utm_content=thumbnail
7140,Gurdwara Rakabsar Sahib,Punjab,attraction,30.4844,74.5067,budget,4.4,1376,"Historic Sikh shrine. Located in Sri Muktsar Sahib district, Punjab.",Oct-Feb,https://upload.wikimedia.org/wikipedia/en/f/f7/Gurdwara_Katalgarh_Sahib_in_Chamkaur_Sahib.jpg?utm_source=en.wikipedia.org&utm_campaign=api&utm_content=thumbnail_unscaled
7141,Gurdwara Tuti Gandi Sahib,Punjab,attraction,30.5184,74.5527,budget,4.9,6103,"Historic Sikh shrine. Located in Sri Muktsar Sahib district, Punjab.",Oct-Feb,https://thumb.wikimedia.org/wikipedia/commons/thumb/c/c9/Gurudwara_Goindwal_Sahib.jpg/960px-Gurudwara_Goindwal_Sahib.jpg?utm_source=en.wikipedia.org&utm_campaign=api&utm_content=thumbnail
7142,Gurdwara Shahidganj Sahib,Punjab,attraction,30.5524,74.5987,budget,4.7,2819,"Historic Sikh shrine. Located in Sri Muktsar Sahib district, Punjab.",Oct-Feb,https://thumb.wikimedia.org/wikipedia/commons/thumb/4/45/Kiratpur_Gurudwara.jpg/960px-Kiratpur_Gurudwara.jpg?utm_source=en.wikipedia.org&utm_campaign=api&utm_content=thumbnail
7143,Gurudwara Tutti Gandi Sahib (Battle of Muktsar / 40 Muktas),Punjab,attraction,30.47994,74.50947,budget,4.6,2983,"Gurudwara Tutti Gandi Sahib (Battle of Muktsar / 40 Muktas) is an authentic attraction destination located in ,  district of Punjab. Celebrated for its regional significance and unique ambiance, it offers travelers an immersive experience in the culture, scenic beauty, and heritage of Punjab.",Oct-Feb,https://upload.wikimedia.org/wikipedia/en/f/f7/Gurdwara_Katalgarh_Sahib_in_Chamkaur_Sahib.jpg?utm_source=en.wikipedia.org&utm_campaign=api&utm_content=thumbnail_unscaled
7144,Tarn Taran Sahib,Punjab,attraction,31.5339,74.8834,budget,4.5,23534,"Major Sikh pilgrimage site. Located in Tarn Taran district, Punjab.",Oct-Feb,https://thumb.wikimedia.org/wikipedia/commons/thumb/1/17/The_Sarovar_besides_the_GurudwaraTarn_Taran_Sahib%2C_Punjab%2C_India.jpg/960px-The_Sarovar_besides_the_GurudwaraTarn_Taran_Sahib%2C_Punjab%2C_India.jpg?utm_source=en.wikipedia.org&utm_campaign=api&utm_content=thumbnail
7145,Goindwal Sahib,Punjab,attraction,31.3679,74.9294,budget,4.9,11225,"Major Sikh pilgrimage town. Located in Tarn Taran district, Punjab.",Oct-Feb,https://thumb.wikimedia.org/wikipedia/commons/thumb/c/c9/Gurudwara_Goindwal_Sahib.jpg/960px-Gurudwara_Goindwal_Sahib.jpg?utm_source=en.wikipedia.org&utm_campaign=api&utm_content=thumbnail
7146,Goindwal Baoli,Punjab,attraction,31.4019,74.9754,budget,4.7,18549,"Historic baoli and gurdwara complex. Located in Tarn Taran district, Punjab.",Oct-Feb,https://thumb.wikimedia.org/wikipedia/commons/thumb/c/c9/Gurudwara_Goindwal_Sahib.jpg/960px-Gurudwara_Goindwal_Sahib.jpg?utm_source=en.wikipedia.org&utm_campaign=api&utm_content=thumbnail
7147,Khadur Sahib,Punjab,attraction,31.4359,75.0214,budget,4.9,18215,"Historic Sikh town. Located in Tarn Taran district, Punjab.",Oct-Feb,https://upload.wikimedia.org/wikipedia/commons/1/15/AkalTakhtGoldenTempleComplex.jpg?utm_source=en.wikipedia.org&utm_campaign=api&utm_content=thumbnail_unscaled
7148,Gurudwara Darbar Sahib Tarn Taran,Punjab,attraction,31.4699,74.8674,budget,4.9,25369,"Major Sikh shrine. Located in Tarn Taran district, Punjab.",Oct-Feb,https://thumb.wikimedia.org/wikipedia/commons/thumb/1/17/The_Sarovar_besides_the_GurudwaraTarn_Taran_Sahib%2C_Punjab%2C_India.jpg/960px-The_Sarovar_besides_the_GurudwaraTarn_Taran_Sahib%2C_Punjab%2C_India.jpg?utm_source=en.wikipedia.org&utm_campaign=api&utm_content=thumbnail
7149,Harike Wetland and Bird Sanctuary,Punjab,attraction,31.5379,74.9594,budget,4.9,20307,"Major wetland at Beas-Sutlej confluence. Located in Tarn Taran district, Punjab.",Oct-Feb,https://thumb.wikimedia.org/wikipedia/commons/thumb/f/f1/Sanjay_Gandhi_Jaivik_Udyan.jpg/960px-Sanjay_Gandhi_Jaivik_Udyan.jpg
7150,Patti old fort/heritage remains,Punjab,attraction,31.4399,74.8974,mid,4.6,3501,"Historic town heritage lead; verify access. Located in Tarn Taran district, Punjab.",Oct-Feb,https://thumb.wikimedia.org/wikipedia/commons/thumb/3/37/Gobindgarh_fort%2C_Amritsar%2C_Punjab%2C_India.jpg/960px-Gobindgarh_fort%2C_Amritsar%2C_Punjab%2C_India.jpg?utm_source=en.wikipedia.org&utm_campaign=api&utm_content=thumbnail
7151,Attari-Wagah Border Beating Retreat Ceremony,Punjab,hotel,31.604722,74.571667,mid,4.5,8065,"The international border crossing between India and Pakistan on the Grand Trunk Road, world-famous for the daily electrifying military drill and Beating Retreat ceremony performed at sunset by the Border Security Force (BSF) and Pakistan Rangers.",Oct-Feb,https://thumb.wikimedia.org/wikipedia/commons/thumb/e/e0/Attari-Wagah_border_ceremony_2019.jpg/960px-Attari-Wagah_border_ceremony_2019.jpg
7152,Jallianwala Bagh National Memorial Amritsar,Punjab,attraction,31.620556,74.880278,budget,4.7,23214,"A 7-acre public garden memorial preserved to honor the peaceful Indian civilians massacred on Baisakhi, April 13, 1919, by British troops under General Dyer, featuring the preserved Martyr's Well and bullet marks in red brick walls.",Oct-Feb,https://thumb.wikimedia.org/wikipedia/commons/thumb/3/36/Jallianwala_Bagh%2C_Amritsar%2C_India.jpg/960px-Jallianwala_Bagh%2C_Amritsar%2C_India.jpg
7153,Bathinda Fort,Punjab,attraction,30.23,74.95194,mid,4.5,2197,"Located in the heart of Bathinda, Punjab, the Bathinda Fort boasts an impressive blend of architectural styles - a perfect amalgamation of Mughal and Rajput structures. Founded by the Bhati Rajputs in the 10th century, this ancient fort has witnessed the rise and fall of numerous dynasties. As you step into this historic complex, you are transported back in time, immersing yourself in the stories etched into its walls.",Oct-Feb,https://thumb.wikimedia.org/wikipedia/commons/thumb/a/a1/Qila_Mubarak_in_2015%282%29.jpg/960px-Qila_Mubarak_in_2015%282%29.jpg?utm_source=en.wikipedia.org&utm_campaign=api&utm_content=thumbnail
7154,Jang-e-Azadi Memorial Kartarpur,Punjab,attraction,31.433333,75.5,budget,4.9,11214,"Sprawling across 25 acres on the Grand Trunk Road (NH-3) in Kartarpur near Jalandhar, designed by celebrated architect Raj Rewal and opened in 2016, the Jang-e-Azadi Memorial is a world-class experiential museum and memorial complex dedicated to the monumental contributions of Punjabis in the Indian freedom movement, crowned by a majestic 45-meter high circular dome inspired by the Phulkari motif, housing an immersive 3D circular theatre, eight thematic galleries, an outdoor amphitheatre, and a 45-meter flame-shaped Shaheed Smarak tower.",Oct-Feb,https://thumb.wikimedia.org/wikipedia/commons/thumb/0/01/Amritsar_9125.jpg/960px-Amritsar_9125.jpg?utm_source=en.wikipedia.org&utm_campaign=api&utm_content=thumbnail
7155,Kapurthala,Punjab,attraction,31.38565,75.30533,budget,4.1,912,"Kapurthala, affectionately known as the Paris of Punjab, is a city steeped in a rich princely past, primarily shaped by Maharaja Jagatjit Singh, whose European travels inspired its distinctive Indo-French and Moorish architectural masterpieces. Nestled in the fertile Doaba region of Punjab, the city's geographical setting is characterized by its relatively flat plains, yet it boasts the significant Kanjli Wetland, a vital ecological zone. The local experience is one of stepping back in time, exploring opulent palaces, serene gardens, and experiencing the warm hospitality of Punjabi culture, offering a unique blend of historical grandeur and tranquil natural beauty.",Oct-Feb,https://thumb.wikimedia.org/wikipedia/commons/thumb/e/e9/Jagatjit_Club.JPG/960px-Jagatjit_Club.JPG?utm_source=en.wikipedia.org&utm_campaign=api&utm_content=thumbnail
7156,Kila Raipur,Punjab,attraction,30.76231,75.82287,budget,4.1,895,"Kila Raipur, a vibrant village nestled in the fertile plains of Punjab's Ludhiana district, is globally celebrated as the host of the annual Kila Raipur Sports Festival, affectionately known as the 'Rural Olympics'. Established in 1933, this iconic event was conceptualized to channel the robust energy and competitive zeal of rural Punjabis, evolving into a grand spectacle of traditional sports and feats of strength. The village itself is characterized by vast, verdant stretches of agricultural fields, predominantly cultivating wheat and paddy, irrigated by an intricate network of canals that underscore the region's agricultural prosperity and natural beauty. Beyond the exhilarating roar of the sports festival, Kila Raipur offers an authentic window into traditional Punjabi rural life. Visitors are welcomed with the legendary warmth of village hospitality, given opportunities to observe time-honored farming practices, and invited to savor the rich, rustic flavors of home-cooked Punjabi cuisine. The cadence of life here is deeply interwoven with the agricultural seasons, celebrating community bonds, diligent hard work, and a profound cultural heritage that reveres strength, sport, and boundless generosity. It is a destination where ancient traditions thrive amidst the serene beauty of rural existence, providing a truly immersive cultural and natural adventure.",Oct-Feb,https://thumb.wikimedia.org/wikipedia/commons/thumb/5/5f/KilaRaipurSportsStadium.jpg/960px-KilaRaipurSportsStadium.jpg?utm_source=en.wikipedia.org&utm_campaign=api&utm_content=thumbnail
7157,Gurudwara Dukh Niwaran Sahib,Punjab,attraction,30.34734,76.397004,budget,4.5,25360,"Associated with the ninth Sikh Guru, Guru Tegh Bahadur Ji, who visited Lehal village in 1672 and blessed a pond that miraculously cured villagers of a deadly sickness, now transformed into an immense golden sarovar.",Oct-Feb,https://upload.wikimedia.org/wikipedia/commons/1/15/AkalTakhtGoldenTempleComplex.jpg?utm_source=en.wikipedia.org&utm_campaign=api&utm_content=thumbnail_unscaled
7158,Anandpur Sahib,Punjab,attraction,31.22999,76.50058,budget,4.3,2606,"Perched on the gentle slopes of the Sivalik Hills, Anandpur Sahib is a tranquil haven steeped in history and spirituality. This sacred Sikh town has been the cradle of Gurbani, the Guru's song, since the 17th century. Anandpur Sahib's breathtaking landscape, dotted with lush forests and rolling hills, is a haven for nature lovers and spiritual seekers alike. The town's rich history, vibrant culture, and stunning natural beauty make it an unforgettable destination for discerning travelers.",Oct-Feb,https://thumb.wikimedia.org/wikipedia/commons/thumb/4/45/Kiratpur_Gurudwara.jpg/960px-Kiratpur_Gurudwara.jpg?utm_source=en.wikipedia.org&utm_campaign=api&utm_content=thumbnail
7159,Guru Tegh Bahadur Sikh Museum (Virasat-e-Khalsa),Punjab,attraction,31.23498,76.497787,mid,4.4,15070,"Designed by world-renowned architect Moshe Safdie at the birthplace of the Khalsa, an awe-inspiring museum complex celebrating 500 years of Sikh history and the martyrdom of Guru Tegh Bahadur Ji with 27 immersive storytelling galleries.",Oct-Mar,https://thumb.wikimedia.org/wikipedia/commons/thumb/d/d0/Khalsa_Heritage_Memorial_176_Edit.jpg/960px-Khalsa_Heritage_Memorial_176_Edit.jpg?utm_source=en.wikipedia.org&utm_campaign=api&utm_content=thumbnail
7160,Ropar Wetland,Punjab,attraction,31.02,76.5,budget,4.7,6699,"The Ropar Wetland, also known as the Ropar Lake, is an artificially formed freshwater riverine wetland situated on the Sutlej River in the Rupnagar district of Punjab, India. Created by the construction of headworks for the Bhakra Main Line and Sirhind Canal, this diverse ecosystem was designated a Ramsar Wetland of International Importance in 2002 due to its critical role as a habitat for numerous species. It serves as a vital wintering ground for a multitude of migratory birds, including various waterfowl, raptors, and passerines, making it a paradise for birdwatchers and nature enthusiasts. Beyond its ecological significance, the wetland offers a serene escape, blending natural beauty with historical resonance. The surrounding region of Rupnagar (formerly Ropar) holds deep historical roots, being an ancient Harappan site that reveals layers of India's past. Visitors can experience the tranquility of the wetland's waters and lush vegetation, while also connecting with the rich cultural and archaeological heritage of Punjab.",Oct-Feb,https://upload.wikimedia.org/wikipedia/commons/7/77/Water_Lake_in_Northern_India.jpg?utm_source=en.wikipedia.org&utm_campaign=api&utm_content=thumbnail_unscaled
7161,Chattbir Zoo (Mahendra Chaudhary Zoological Park),Punjab,attraction,30.603652,76.792314,mid,4.9,18173,"Inaugurated in 1977 on the banks of Ghaggar River, one of Northern India's premier zoological parks spanning 505 acres, famous for open lion and deer safaris, royal Bengal tigers, and Asia's longest walk-in aviary.",Oct-Feb,https://thumb.wikimedia.org/wikipedia/commons/thumb/f/f1/Sanjay_Gandhi_Jaivik_Udyan.jpg/960px-Sanjay_Gandhi_Jaivik_Udyan.jpg
7162,Fateh Burj (Chappar Chiri War Memorial),Punjab,attraction,30.702778,76.663889,budget,4.5,10946,"Rising majestically to a height of 100 meters (328 feet) on an expansive 20-acre landscaped battlefield memorial in Chappar Chiri near Mohali, inaugurated in November 2011, Fateh Burj ('Victory Tower') is the tallest victory tower in India—surpassing both the Qutub Minar and the Taj Mahal in height—commemorating the historic victory of Sikh commander Baba Banda Singh Bahadur and his Khalsa army over Mughal Governor Wazir Khan in the Battle of Chappar Chiri in May 1710, featuring three tapering octagonal storeys, six memorial earthen mounds (tibbas), and statues of Sikh warrior generals.",Oct-Feb,https://thumb.wikimedia.org/wikipedia/commons/thumb/4/48/FatehBurj_Minar_view_from_ground.jpg/960px-FatehBurj_Minar_view_from_ground.jpg?utm_source=en.wikipedia.org&utm_campaign=api&utm_content=thumbnail
7163,Gurudwara Singh Shaheedan Sohana,Punjab,attraction,30.688834,76.707544,budget,4.9,16521,A sacred historical Sikh shrine commemorating Jathedar Akali Baba Hanuman Singh Ji (7th Jathedar of Budha Dal) and 500 Sikh warriors who attained martyrdom fighting British forces in 1845.,Oct-Feb,https://upload.wikimedia.org/wikipedia/commons/1/15/AkalTakhtGoldenTempleComplex.jpg?utm_source=en.wikipedia.org&utm_campaign=api&utm_content=thumbnail_unscaled
7164,Harike Wetland,Punjab,attraction,31.15,74.97,budget,4.2,1341,"Located in Tarn Taran district of Punjab, the Harike Wetland is a significant shallow wetland, also known as a 'billabong' or 'oxbow lake'. This natural marvel is a result of the Beas River's course change and has become a vital habitat for numerous species of aquatic animals and birds. Visitors can enjoy nature walks, bird watching, and photography opportunities amidst the serene natural surroundings.",Oct-Feb,https://thumb.wikimedia.org/wikipedia/commons/thumb/a/a3/Harike.jpg/960px-Harike.jpg?utm_source=en.wikipedia.org&utm_campaign=api&utm_content=thumbnail
7165,Sarai Amanat Khan,Punjab,attraction,31.542,74.9243,budget,4.1,327,"Historic Mughal sarai near the Amritsar-Tarn Taran route. Located in Amritsar district, Punjab.",Oct-Feb,https://thumb.wikimedia.org/wikipedia/commons/thumb/e/e6/Sarai_Amanat_Khan_Lahore_Gate.jpg/960px-Sarai_Amanat_Khan_Lahore_Gate.jpg?utm_source=en.wikipedia.org&utm_campaign=api&utm_content=thumbnail
7166,Khair-ud-Din Masjid,Punjab,attraction,31.576,74.9703,budget,4.9,4559,"Historic mosque in old Amritsar. Located in Amritsar district, Punjab.",Oct-Feb,https://thumb.wikimedia.org/wikipedia/commons/thumb/4/4e/Buland_Darwaza_Fatehpur_Sikri.jpg/960px-Buland_Darwaza_Fatehpur_Sikri.jpg
7167,Gurdwara Bibeksar Sahib,Punjab,attraction,31.61,74.8163,budget,4.5,3888,"Historic gurdwara and sarovar. Located in Amritsar district, Punjab.",Oct-Feb,https://upload.wikimedia.org/wikipedia/commons/1/15/AkalTakhtGoldenTempleComplex.jpg?utm_source=en.wikipedia.org&utm_campaign=api&utm_content=thumbnail_unscaled
7168,Maharaja Ranjit Singh Panorama,Punjab,attraction,31.546,74.8003,budget,4.3,1867,"Panorama/museum linked to Sikh history. Located in Amritsar district, Punjab.",Oct-Feb,https://thumb.wikimedia.org/wikipedia/commons/thumb/0/01/Amritsar_9125.jpg/960px-Amritsar_9125.jpg?utm_source=en.wikipedia.org&utm_campaign=api&utm_content=thumbnail
7169,Company Bagh / Ram Bagh,Punjab,attraction,31.58,74.8463,budget,4.7,4309,"Historic garden associated with Maharaja Ranjit Singh. Located in Amritsar district, Punjab.",Oct-Feb,https://thumb.wikimedia.org/wikipedia/commons/thumb/e/e6/Sarai_Amanat_Khan_Lahore_Gate.jpg/960px-Sarai_Amanat_Khan_Lahore_Gate.jpg?utm_source=en.wikipedia.org&utm_campaign=api&utm_content=thumbnail
7170,Gurdwara Chhevin Patshahi Aitiana,Punjab,attraction,31.614,74.8923,budget,4.7,2061,"Less-visited Sikh heritage stop; verify access. Located in Amritsar district, Punjab.",Oct-Feb,https://thumb.wikimedia.org/wikipedia/commons/thumb/4/45/Kiratpur_Gurudwara.jpg/960px-Kiratpur_Gurudwara.jpg?utm_source=en.wikipedia.org&utm_campaign=api&utm_content=thumbnail
7171,Gurdwara Nanaksar Sahib / local Sikh heritage sites,Punjab,attraction,30.3959,75.6123,budget,4.7,5983,"Local pilgrimage and heritage circuit. Located in Barnala district, Punjab.",Oct-Feb,https://thumb.wikimedia.org/wikipedia/commons/thumb/1/17/The_Sarovar_besides_the_GurudwaraTarn_Taran_Sahib%2C_Punjab%2C_India.jpg/960px-The_Sarovar_besides_the_GurudwaraTarn_Taran_Sahib%2C_Punjab%2C_India.jpg?utm_source=en.wikipedia.org&utm_campaign=api&utm_content=thumbnail
7172,Barnala old bazaar,Punjab,attraction,30.4299,75.4583,budget,4.9,9106,"Historic market-town atmosphere. Located in Barnala district, Punjab.",Oct-Feb,https://thumb.wikimedia.org/wikipedia/commons/thumb/e/e0/Catla_catla.JPG/960px-Catla_catla.JPG?utm_source=en.wikipedia.org&utm_campaign=imageinfo&utm_content=thumbnail
7173,Handiaya Heritage / old settlement area,Punjab,attraction,30.4639,75.5043,budget,4.5,5334,"Local heritage lead; verify exact public attractions. Located in Barnala district, Punjab.",Oct-Feb,https://upload.wikimedia.org/wikipedia/commons/6/68/Present-20.jpg?utm_source=en.wikipedia.org&utm_campaign=api&utm_content=thumbnail_unscaled
7174,Gurdwara Patshahi 9,Punjab,attraction,30.2979,75.5503,budget,4.5,2723,"District/community lead. Located in Barnala district, Punjab.",Oct-Feb,https://thumb.wikimedia.org/wikipedia/commons/thumb/4/45/Kiratpur_Gurudwara.jpg/960px-Kiratpur_Gurudwara.jpg?utm_source=en.wikipedia.org&utm_campaign=api&utm_content=thumbnail
7175,Tapa old town and heritage sites,Punjab,attraction,30.3319,75.5963,budget,4.5,5320,"Historic market-town area; explore with local guide. Located in Barnala district, Punjab.",Oct-Feb,https://thumb.wikimedia.org/wikipedia/commons/thumb/b/b5/Jallianwala_Bagh%2C_Amritsar_01.jpg/960px-Jallianwala_Bagh%2C_Amritsar_01.jpg?utm_source=en.wikipedia.org&utm_campaign=api&utm_content=thumbnail
7176,Gurdwara Manji Sahib,Punjab,attraction,30.3659,75.6423,budget,4.5,7304,"District/community lead. Located in Barnala district, Punjab.",Oct-Feb,https://upload.wikimedia.org/wikipedia/commons/1/15/AkalTakhtGoldenTempleComplex.jpg?utm_source=en.wikipedia.org&utm_campaign=api&utm_content=thumbnail_unscaled
7177,Gurdwara Haji Rattan,Punjab,attraction,30.199,74.9175,budget,4.9,2593,"Historic shrine and local landmark. Located in Bathinda district, Punjab.",Oct-Feb,https://thumb.wikimedia.org/wikipedia/commons/thumb/4/45/Kiratpur_Gurudwara.jpg/960px-Kiratpur_Gurudwara.jpg?utm_source=en.wikipedia.org&utm_campaign=api&utm_content=thumbnail
7178,Bahia Fort / Bahia Park area,Punjab,attraction,30.233,74.9635,mid,4.9,7170,"Historic/urban tourism lead; verify present public access. Located in Bathinda district, Punjab.",Oct-Feb,https://thumb.wikimedia.org/wikipedia/commons/thumb/4/48/FatehBurj_Minar_view_from_ground.jpg/960px-FatehBurj_Minar_view_from_ground.jpg?utm_source=en.wikipedia.org&utm_campaign=api&utm_content=thumbnail
7179,Thermal Plant lakeside / Guru Nanak Dev Thermal Plant area,Punjab,attraction,30.301,74.8555,budget,4.7,4696,"Industrial-landscape lead; public access may be restricted. Located in Bathinda district, Punjab.",Oct-Feb,https://thumb.wikimedia.org/wikipedia/commons/thumb/5/5f/KilaRaipurSportsStadium.jpg/960px-KilaRaipurSportsStadium.jpg?utm_source=en.wikipedia.org&utm_campaign=api&utm_content=thumbnail
7180,Gurudwara Tibbi Sahib,Punjab,attraction,30.6389,74.8363,budget,4.6,8070,"Historic Sikh shrine. Located in Faridkot district, Punjab.",Oct-Feb,https://thumb.wikimedia.org/wikipedia/commons/thumb/4/45/Kiratpur_Gurudwara.jpg/960px-Kiratpur_Gurudwara.jpg?utm_source=en.wikipedia.org&utm_campaign=api&utm_content=thumbnail
7181,Gurudwara Gurpalah,Punjab,attraction,30.6729,74.6823,budget,4.3,1075,"Less-visited religious site. Located in Faridkot district, Punjab.",Oct-Feb,https://upload.wikimedia.org/wikipedia/commons/1/15/AkalTakhtGoldenTempleComplex.jpg?utm_source=en.wikipedia.org&utm_campaign=api&utm_content=thumbnail_unscaled
7182,Ustad Di Mazar Sirhind,Punjab,attraction,30.5868,76.3826,budget,4.4,2076,"Historic tomb/heritage lead; verify access. Located in Fatehgarh Sahib district, Punjab.",Oct-Feb,https://thumb.wikimedia.org/wikipedia/commons/thumb/b/b5/Jallianwala_Bagh%2C_Amritsar_01.jpg/960px-Jallianwala_Bagh%2C_Amritsar_01.jpg?utm_source=en.wikipedia.org&utm_campaign=api&utm_content=thumbnail
7183,Asafwala War Memorial,Punjab,attraction,30.4077,74.1014,budget,4.9,1892,"Military-history memorial. Located in Fazilka district, Punjab.",Oct-Feb,https://thumb.wikimedia.org/wikipedia/commons/thumb/e/e0/National_Martyrs_Memorial_Hussainiwala_closeup.jpg/960px-National_Martyrs_Memorial_Hussainiwala_closeup.jpg?utm_source=en.wikipedia.org&utm_campaign=api&utm_content=thumbnail
7184,Fazilka Clock Tower,Punjab,attraction,30.3437,74.0854,budget,4.8,3060,"Historic urban landmark. Located in Fazilka district, Punjab.",Oct-Feb,https://upload.wikimedia.org/wikipedia/commons/6/68/Present-20.jpg?utm_source=en.wikipedia.org&utm_campaign=api&utm_content=thumbnail_unscaled
7185,Seth Ram Nath Jindal Memorial,Punjab,attraction,30.3777,73.9314,budget,4.3,2209,"Local heritage/memorial lead; verify access. Located in Fazilka district, Punjab.",Oct-Feb,https://thumb.wikimedia.org/wikipedia/commons/thumb/e/e6/Sarai_Amanat_Khan_Lahore_Gate.jpg/960px-Sarai_Amanat_Khan_Lahore_Gate.jpg?utm_source=en.wikipedia.org&utm_campaign=api&utm_content=thumbnail
7186,Fazilka old railway heritage,Punjab,attraction,30.4117,73.9774,budget,3.9,1009,"Historic railway-town landscape. Located in Fazilka district, Punjab.",Oct-Feb,https://thumb.wikimedia.org/wikipedia/commons/thumb/5/5f/KilaRaipurSportsStadium.jpg/960px-KilaRaipurSportsStadium.jpg?utm_source=en.wikipedia.org&utm_campaign=api&utm_content=thumbnail
7187,Old Fazilka Bazaar,Punjab,attraction,30.4457,74.0234,budget,4.1,781,"Historic market streets and local culture. Located in Fazilka district, Punjab.",Oct-Feb,https://thumb.wikimedia.org/wikipedia/commons/thumb/e/e6/Sarai_Amanat_Khan_Lahore_Gate.jpg/960px-Sarai_Amanat_Khan_Lahore_Gate.jpg?utm_source=en.wikipedia.org&utm_campaign=api&utm_content=thumbnail
7188,Dera Baba Nanak old town heritage,Punjab,attraction,32.1299,75.4773,budget,4.4,2778,"Old-town and pilgrimage circuit. Located in Gurdaspur district, Punjab.",Oct-Feb,https://upload.wikimedia.org/wikipedia/commons/6/68/Present-20.jpg?utm_source=en.wikipedia.org&utm_campaign=api&utm_content=thumbnail_unscaled
7189,Batala old city heritage,Punjab,attraction,31.9639,75.3233,budget,4.4,1597,"Historic city and religious heritage. Located in Gurdaspur district, Punjab.",Oct-Feb,https://thumb.wikimedia.org/wikipedia/commons/thumb/5/5f/KilaRaipurSportsStadium.jpg/960px-KilaRaipurSportsStadium.jpg?utm_source=en.wikipedia.org&utm_campaign=api&utm_content=thumbnail
7190,Achal Batala archaeological/heritage belt,Punjab,attraction,31.9979,75.3693,budget,4.0,1182,"Historic landscape around Achal Sahib. Located in Gurdaspur district, Punjab.",Oct-Feb,https://upload.wikimedia.org/wikipedia/commons/6/68/Present-20.jpg?utm_source=en.wikipedia.org&utm_campaign=api&utm_content=thumbnail_unscaled
7191,Beas riverside birding areas,Punjab,attraction,31.5553,75.8469,budget,4.2,1823,"Seasonal birding; use local guidance. Located in Hoshiarpur district, Punjab.",Oct-Feb,https://thumb.wikimedia.org/wikipedia/commons/thumb/b/b5/Jallianwala_Bagh%2C_Amritsar_01.jpg/960px-Jallianwala_Bagh%2C_Amritsar_01.jpg?utm_source=en.wikipedia.org&utm_campaign=api&utm_content=thumbnail
7192,Garhshankar-Shivalik foothill villages,Punjab,attraction,31.6233,75.9389,budget,4.4,1860,"Offbeat foothill drive; verify trails locally. Located in Hoshiarpur district, Punjab.",Oct-Feb,https://thumb.wikimedia.org/wikipedia/commons/thumb/e/e0/Catla_catla.JPG/960px-Catla_catla.JPG?utm_source=en.wikipedia.org&utm_campaign=imageinfo&utm_content=thumbnail
7193,Burlton Park,Punjab,attraction,31.324,75.5382,budget,4.5,5307,"Large urban recreation area. Located in Jalandhar district, Punjab.",Oct-Feb,https://upload.wikimedia.org/wikipedia/commons/c/cf/Eco_Park_Patna.jpg
7194,Panch Mandir,Punjab,attraction,31.358,75.5842,budget,4.2,3152,"Historic multi-deity temple. Located in Jalandhar district, Punjab.",Oct-Feb,https://thumb.wikimedia.org/wikipedia/commons/thumb/7/7f/Mukteshwar_Mahadev_Mandir.jpg/960px-Mukteshwar_Mahadev_Mandir.jpg?utm_source=en.wikipedia.org&utm_campaign=api&utm_content=thumbnail
7195,Talhan Sahib,Punjab,attraction,31.392,75.6302,budget,4.3,1423,"Well-known local pilgrimage site. Located in Jalandhar district, Punjab.",Oct-Feb,https://thumb.wikimedia.org/wikipedia/commons/thumb/c/c9/Gurudwara_Goindwal_Sahib.jpg/960px-Gurudwara_Goindwal_Sahib.jpg?utm_source=en.wikipedia.org&utm_campaign=api&utm_content=thumbnail
7196,Surjit Hockey Stadium,Punjab,attraction,31.226,75.4762,budget,4.6,5415,"Important hockey landmark. Located in Jalandhar district, Punjab.",Oct-Feb,https://thumb.wikimedia.org/wikipedia/commons/thumb/b/b5/Jallianwala_Bagh%2C_Amritsar_01.jpg/960px-Jallianwala_Bagh%2C_Amritsar_01.jpg?utm_source=en.wikipedia.org&utm_campaign=api&utm_content=thumbnail
7197,Sadar Bazar / old Jalandhar heritage core,Punjab,attraction,31.26,75.5222,budget,4.4,551,"Old-city market and food walk. Located in Jalandhar district, Punjab.",Oct-Feb,https://thumb.wikimedia.org/wikipedia/commons/thumb/e/e0/National_Martyrs_Memorial_Hussainiwala_closeup.jpg/960px-National_Martyrs_Memorial_Hussainiwala_closeup.jpg?utm_source=en.wikipedia.org&utm_campaign=api&utm_content=thumbnail
7198,Company Bagh Jalandhar,Punjab,attraction,31.328,75.6142,budget,4.4,620,"Historic urban garden. Located in Jalandhar district, Punjab.",Oct-Feb,https://upload.wikimedia.org/wikipedia/commons/6/68/Present-20.jpg?utm_source=en.wikipedia.org&utm_campaign=api&utm_content=thumbnail_unscaled
7199,Kartarpur heritage town,Punjab,attraction,31.362,75.6602,budget,4.1,1230,"Historic town and craft/market circuit. Located in Jalandhar district, Punjab.",Oct-Feb,https://thumb.wikimedia.org/wikipedia/commons/thumb/e/e0/Catla_catla.JPG/960px-Catla_catla.JPG?utm_source=en.wikipedia.org&utm_campaign=imageinfo&utm_content=thumbnail
7200,old cantonment/colonial heritage buildings,Punjab,attraction,31.396,75.5062,budget,4.5,1587,"Urban heritage walk; verify individual buildings. Located in Jalandhar district, Punjab.",Oct-Feb,https://upload.wikimedia.org/wikipedia/commons/6/68/Present-20.jpg?utm_source=en.wikipedia.org&utm_campaign=api&utm_content=thumbnail_unscaled
7201,Gurdwara Kanjli Sahib,Punjab,attraction,31.4542,75.3877,budget,4.3,3398,"Local pilgrimage stop. Located in Kapurthala district, Punjab.",Oct-Feb,https://upload.wikimedia.org/wikipedia/en/f/f7/Gurdwara_Katalgarh_Sahib_in_Chamkaur_Sahib.jpg?utm_source=en.wikipedia.org&utm_campaign=api&utm_content=thumbnail_unscaled
7202,Kapurthala Railway Station heritage,Punjab,attraction,31.3562,75.3257,budget,4.0,677,"Historic railway architecture lead; verify access. Located in Kapurthala district, Punjab.",Oct-Feb,https://thumb.wikimedia.org/wikipedia/commons/thumb/e/e0/Catla_catla.JPG/960px-Catla_catla.JPG?utm_source=en.wikipedia.org&utm_campaign=imageinfo&utm_content=thumbnail
7203,Kanjli rural birding circuit,Punjab,attraction,31.4582,75.4637,budget,3.9,347,"Seasonal birding around wetland. Located in Kapurthala district, Punjab.",Oct-Feb,https://upload.wikimedia.org/wikipedia/commons/6/68/Present-20.jpg?utm_source=en.wikipedia.org&utm_campaign=api&utm_content=thumbnail_unscaled
7204,old Kapurthala bazaars,Punjab,attraction,31.2922,75.3097,budget,4.3,1763,"Royal-era town streets and food. Located in Kapurthala district, Punjab.",Oct-Feb,https://thumb.wikimedia.org/wikipedia/commons/thumb/5/5f/KilaRaipurSportsStadium.jpg/960px-KilaRaipurSportsStadium.jpg?utm_source=en.wikipedia.org&utm_campaign=api&utm_content=thumbnail
7205,Clock Tower Ludhiana,Punjab,attraction,30.919,75.7993,budget,4.4,742,"British-era urban landmark. Located in Ludhiana district, Punjab.",Oct-Feb,https://thumb.wikimedia.org/wikipedia/commons/thumb/e/e6/Sarai_Amanat_Khan_Lahore_Gate.jpg/960px-Sarai_Amanat_Khan_Lahore_Gate.jpg?utm_source=en.wikipedia.org&utm_campaign=api&utm_content=thumbnail
7206,Deer Park Neelon,Punjab,attraction,30.821,75.9373,budget,4.2,3391,"Wildlife/recreation destination. Located in Ludhiana district, Punjab.",Oct-Feb,https://thumb.wikimedia.org/wikipedia/commons/thumb/1/1a/Buddha_Smriti_Park.jpg/960px-Buddha_Smriti_Park.jpg
7207,Rakh Bagh,Punjab,attraction,30.889,75.8293,budget,4.5,6036,"Historic recreational park. Located in Ludhiana district, Punjab.",Oct-Feb,https://thumb.wikimedia.org/wikipedia/commons/thumb/e/e6/Sarai_Amanat_Khan_Lahore_Gate.jpg/960px-Sarai_Amanat_Khan_Lahore_Gate.jpg?utm_source=en.wikipedia.org&utm_campaign=api&utm_content=thumbnail
7208,PAU campus heritage and botanical areas,Punjab,homestay,30.923,75.8753,budget,4.8,5227,"University campus with gardens and museums. Located in Ludhiana district, Punjab.",Oct-Feb,https://images.unsplash.com/photo-1566073771259-6a8506099945?auto=format&fit=crop&w=1200&q=80
7209,Doraha Fort / RDB Fort,Punjab,attraction,30.957,75.9213,mid,4.3,2599,"Historic fort/film location; verify access. Located in Ludhiana district, Punjab.",Oct-Feb,https://upload.wikimedia.org/wikipedia/commons/1/11/Bahadurgarh_Fort_1.jpg?utm_source=en.wikipedia.org&utm_campaign=api&utm_content=thumbnail_unscaled
7210,Bassian Kothi,Punjab,attraction,30.991,75.7673,budget,4.0,838,"Historic kothi associated with colonial-era history. Located in Ludhiana district, Punjab.",Oct-Feb,https://upload.wikimedia.org/wikipedia/commons/6/68/Present-20.jpg?utm_source=en.wikipedia.org&utm_campaign=api&utm_content=thumbnail_unscaled
7211,Neelon Wetland / birding area,Punjab,attraction,30.825,75.8133,budget,4.2,608,"Seasonal birding and nature lead. Located in Ludhiana district, Punjab.",Oct-Feb,https://thumb.wikimedia.org/wikipedia/commons/thumb/5/5f/KilaRaipurSportsStadium.jpg/960px-KilaRaipurSportsStadium.jpg?utm_source=en.wikipedia.org&utm_campaign=api&utm_content=thumbnail
7212,Haider Sheikh shrine,Punjab,attraction,30.5856,75.83,budget,4.2,1506,"Historic Sufi shrine. Located in Malerkotla district, Punjab.",Oct-Feb,https://thumb.wikimedia.org/wikipedia/commons/thumb/7/7f/Mukteshwar_Mahadev_Mandir.jpg/960px-Mukteshwar_Mahadev_Mandir.jpg?utm_source=en.wikipedia.org&utm_campaign=api&utm_content=thumbnail
7213,Malerkotla old bazaars,Punjab,attraction,30.6196,75.876,budget,4.2,2631,"Distinctive old-city cultural and food walk. Located in Malerkotla district, Punjab.",Oct-Feb,https://thumb.wikimedia.org/wikipedia/commons/thumb/5/5f/KilaRaipurSportsStadium.jpg/960px-KilaRaipurSportsStadium.jpg?utm_source=en.wikipedia.org&utm_campaign=api&utm_content=thumbnail
7214,Dargah Abdul Qadir Jilani / local Sufi heritage,Punjab,attraction,30.4536,75.922,budget,4.6,2490,"Local Sufi heritage lead; verify exact site. Located in Malerkotla district, Punjab.",Oct-Feb,https://thumb.wikimedia.org/wikipedia/commons/thumb/3/3f/Maner_Sharif_26.jpg/960px-Maner_Sharif_26.jpg?utm_source=commons.wikimedia.org&utm_campaign=imageinfo&utm_content=thumbnail
7215,Dargah Haider Sheikh,Punjab,attraction,30.4876,75.968,budget,4.8,6714,"Historic shrine. Located in Malerkotla district, Punjab.",Oct-Feb,https://thumb.wikimedia.org/wikipedia/commons/thumb/3/3f/Maner_Sharif_26.jpg/960px-Maner_Sharif_26.jpg?utm_source=commons.wikimedia.org&utm_campaign=imageinfo&utm_content=thumbnail
7216,Royal Malerkotla heritage quarter,Punjab,attraction,30.5216,75.814,budget,3.9,409,"Royal-era urban heritage lead. Located in Malerkotla district, Punjab.",Oct-Feb,https://thumb.wikimedia.org/wikipedia/commons/thumb/e/e9/Jagatjit_Club.JPG/960px-Jagatjit_Club.JPG?utm_source=en.wikipedia.org&utm_campaign=api&utm_content=thumbnail
7217,Old Malerkotla gates and walls,Punjab,attraction,30.5556,75.86,budget,4.4,3361,"Historic urban remains. Located in Malerkotla district, Punjab.",Oct-Feb,https://thumb.wikimedia.org/wikipedia/commons/thumb/5/5f/KilaRaipurSportsStadium.jpg/960px-KilaRaipurSportsStadium.jpg?utm_source=en.wikipedia.org&utm_campaign=api&utm_content=thumbnail
7218,Malerkotla food and craft walk,Punjab,restaurant,30.6236,75.952,mid,4.8,8285,"Distinctive local cuisine and markets. Located in Malerkotla district, Punjab.",Oct-Feb,https://images.unsplash.com/photo-1517248135467-4c7edcad34c4?auto=format&fit=crop&w=1200&q=80
7219,Gurdwara Patshahi 9 Budhlada,Punjab,attraction,29.92,75.293,budget,4.7,4390,"Historic Sikh shrine. Located in Mansa district, Punjab.",Oct-Feb,https://upload.wikimedia.org/wikipedia/commons/1/15/AkalTakhtGoldenTempleComplex.jpg?utm_source=en.wikipedia.org&utm_campaign=api&utm_content=thumbnail_unscaled
7220,Budhlada old market and heritage core,Punjab,attraction,29.954,75.339,budget,4.6,6812,"Small-town heritage walk lead. Located in Mansa district, Punjab.",Oct-Feb,https://thumb.wikimedia.org/wikipedia/commons/thumb/e/e9/Jagatjit_Club.JPG/960px-Jagatjit_Club.JPG?utm_source=en.wikipedia.org&utm_campaign=api&utm_content=thumbnail
7221,Mansa old town heritage,Punjab,attraction,30.022,75.431,budget,4.9,3157,"Local market-town exploration. Located in Mansa district, Punjab.",Oct-Feb,https://thumb.wikimedia.org/wikipedia/commons/thumb/5/5f/KilaRaipurSportsStadium.jpg/960px-KilaRaipurSportsStadium.jpg?utm_source=en.wikipedia.org&utm_campaign=api&utm_content=thumbnail
7222,Nanaksar Sahib Kale Ke,Punjab,attraction,30.725,75.1114,budget,4.4,467,"Historic Sikh pilgrimage site. Located in Moga district, Punjab.",Oct-Feb,https://upload.wikimedia.org/wikipedia/en/f/f7/Gurdwara_Katalgarh_Sahib_in_Chamkaur_Sahib.jpg?utm_source=en.wikipedia.org&utm_campaign=api&utm_content=thumbnail_unscaled
7223,Devi Talab / local temple circuit,Punjab,attraction,30.759,75.1574,budget,4.7,3697,"Local religious circuit; verify exact sites. Located in Moga district, Punjab.",Oct-Mar,https://thumb.wikimedia.org/wikipedia/commons/thumb/7/7f/Mukteshwar_Mahadev_Mandir.jpg/960px-Mukteshwar_Mahadev_Mandir.jpg?utm_source=en.wikipedia.org&utm_campaign=api&utm_content=thumbnail
7224,Moga rural farm experience circuit,Punjab,attraction,30.793,75.2034,budget,4.1,843,"Farm-country experience; arrange with local operators. Located in Moga district, Punjab.",Oct-Feb,https://thumb.wikimedia.org/wikipedia/commons/thumb/e/e0/Catla_catla.JPG/960px-Catla_catla.JPG?utm_source=en.wikipedia.org&utm_campaign=imageinfo&utm_content=thumbnail
7225,Charan Kanwal Sahib / local Sikh heritage sites,Punjab,attraction,30.827,75.2494,budget,4.6,5993,"Local Sikh heritage lead. Located in Moga district, Punjab.",Oct-Feb,https://thumb.wikimedia.org/wikipedia/commons/thumb/1/17/The_Sarovar_besides_the_GurudwaraTarn_Taran_Sahib%2C_Punjab%2C_India.jpg/960px-The_Sarovar_besides_the_GurudwaraTarn_Taran_Sahib%2C_Punjab%2C_India.jpg?utm_source=en.wikipedia.org&utm_campaign=api&utm_content=thumbnail
7226,Bagha Purana heritage/religious circuit,Punjab,attraction,30.895,75.1414,budget,4.7,8093,"Local-town pilgrimage circuit. Located in Moga district, Punjab.",Oct-Feb,https://thumb.wikimedia.org/wikipedia/commons/thumb/e/e0/National_Martyrs_Memorial_Hussainiwala_closeup.jpg/960px-National_Martyrs_Memorial_Hussainiwala_closeup.jpg?utm_source=en.wikipedia.org&utm_campaign=api&utm_content=thumbnail
7227,Ranjit Sagar reservoir birding,Punjab,attraction,32.3063,75.6501,budget,3.9,699,"Seasonal birding and photography lead. Located in Pathankot district, Punjab.",Oct-Feb,https://thumb.wikimedia.org/wikipedia/commons/thumb/a/a3/Harike.jpg/960px-Harike.jpg?utm_source=en.wikipedia.org&utm_campaign=api&utm_content=thumbnail
7228,Pari Gardens / local recreational areas,Punjab,attraction,32.1743,75.7421,budget,4.3,2096,"Local recreation lead; verify current status. Located in Pathankot district, Punjab.",Oct-Feb,https://thumb.wikimedia.org/wikipedia/commons/thumb/e/e0/National_Martyrs_Memorial_Hussainiwala_closeup.jpg/960px-National_Martyrs_Memorial_Hussainiwala_closeup.jpg?utm_source=en.wikipedia.org&utm_campaign=api&utm_content=thumbnail
7229,Ravi riverside viewpoints,Punjab,attraction,32.2083,75.5881,budget,4.0,645,"Scenic river/reservoir views; access varies. Located in Pathankot district, Punjab.",Oct-Feb,https://thumb.wikimedia.org/wikipedia/commons/thumb/a/a3/Harike.jpg/960px-Harike.jpg?utm_source=en.wikipedia.org&utm_campaign=api&utm_content=thumbnail
7230,Dhar Kalan foothill villages,Punjab,attraction,32.2423,75.6341,budget,4.2,1824,"Offbeat foothill landscapes and village tourism. Located in Pathankot district, Punjab.",Oct-Feb,https://thumb.wikimedia.org/wikipedia/commons/thumb/d/d0/Khalsa_Heritage_Memorial_176_Edit.jpg/960px-Khalsa_Heritage_Memorial_176_Edit.jpg?utm_source=en.wikipedia.org&utm_campaign=api&utm_content=thumbnail
7231,Bir Moti Bagh Wildlife Sanctuary,Punjab,attraction,30.3218,76.4449,budget,4.7,7339,"Protected forest/wildlife area. Located in Patiala district, Punjab.",Oct-Feb,https://thumb.wikimedia.org/wikipedia/commons/thumb/f/fe/Beauty_of_Kaziranga_National_Park.jpg/960px-Beauty_of_Kaziranga_National_Park.jpg?utm_source=en.wikipedia.org&utm_campaign=api&utm_content=thumbnail
7232,Old Patiala Chowk and bazaar,Punjab,attraction,30.4238,76.3829,budget,4.7,6069,"Old-city architecture and markets. Located in Patiala district, Punjab.",Oct-Feb,https://thumb.wikimedia.org/wikipedia/commons/thumb/5/5f/KilaRaipurSportsStadium.jpg/960px-KilaRaipurSportsStadium.jpg?utm_source=en.wikipedia.org&utm_campaign=api&utm_content=thumbnail
7233,National Institute of Sports campus heritage,Punjab,homestay,30.3258,76.3209,budget,4.3,3108,"Historic sports institution. Located in Patiala district, Punjab.",Oct-Feb,https://images.unsplash.com/photo-1566073771259-6a8506099945?auto=format&fit=crop&w=1200&q=80
7234,Bharatgarh Fort,Punjab,attraction,30.8884,76.4411,mid,4.9,5848,"Historic fort/heritage destination. Located in Rupnagar district, Punjab.",Oct-Feb,https://thumb.wikimedia.org/wikipedia/commons/thumb/2/2d/Dilli_gate.jpg/960px-Dilli_gate.jpg?utm_source=en.wikipedia.org&utm_campaign=api&utm_content=thumbnail
7235,Bhakra-Nangal Dam & Reservoir,Punjab,attraction,31.39915,76.42705,budget,3.9,219,"Bhakra-Nangal Dam & Reservoir is an authentic attraction destination located in ,  district of Punjab. Celebrated for its regional significance and unique ambiance, it offers travelers an immersive experience in the culture, scenic beauty, and heritage of Punjab.",Oct-Feb,https://thumb.wikimedia.org/wikipedia/commons/thumb/a/a3/Harike.jpg/960px-Harike.jpg?utm_source=en.wikipedia.org&utm_campaign=api&utm_content=thumbnail
7236,Gurudwara Sadavart Sahib,Punjab,attraction,30.9264,76.5631,budget,4.5,3179,"Historic Sikh shrine. Located in Rupnagar district, Punjab.",Oct-Feb,https://thumb.wikimedia.org/wikipedia/commons/thumb/4/45/Kiratpur_Gurudwara.jpg/960px-Kiratpur_Gurudwara.jpg?utm_source=en.wikipedia.org&utm_campaign=api&utm_content=thumbnail
7237,Mataur heritage village circuit,Punjab,attraction,30.8006,76.7419,budget,4.7,1631,"Village heritage lead; verify specific sites. Located in Sahibzada Ajit Singh Nagar (Mohali) district, Punjab.",Oct-Feb,https://thumb.wikimedia.org/wikipedia/commons/thumb/e/e9/Jagatjit_Club.JPG/960px-Jagatjit_Club.JPG?utm_source=en.wikipedia.org&utm_campaign=api&utm_content=thumbnail
7238,Rose Garden Mohali,Punjab,attraction,30.6346,76.7879,budget,4.8,4447,"Urban garden destination. Located in Sahibzada Ajit Singh Nagar (Mohali) district, Punjab.",Oct-Feb,https://upload.wikimedia.org/wikipedia/commons/c/cf/Eco_Park_Patna.jpg
7239,Mullanpur-Siswan foothill belt,Punjab,attraction,30.7026,76.6799,budget,4.7,7566,"Foothill landscape and village tourism. Located in Sahibzada Ajit Singh Nagar (Mohali) district, Punjab.",Oct-Feb,https://thumb.wikimedia.org/wikipedia/commons/thumb/e/e6/Sarai_Amanat_Khan_Lahore_Gate.jpg/960px-Sarai_Amanat_Khan_Lahore_Gate.jpg?utm_source=en.wikipedia.org&utm_campaign=api&utm_content=thumbnail
7240,Sangrur Bansari Tower,Punjab,attraction,30.1458,75.7421,budget,4.9,1688,"Historic urban landmark. Located in Sangrur district, Punjab.",Oct-Feb,https://upload.wikimedia.org/wikipedia/commons/6/68/Present-20.jpg?utm_source=en.wikipedia.org&utm_campaign=api&utm_content=thumbnail_unscaled
7241,Dhuri old railway/market heritage,Punjab,attraction,30.2478,75.8801,budget,4.1,681,"Historic town exploration lead. Located in Sangrur district, Punjab.",Oct-Feb,https://thumb.wikimedia.org/wikipedia/commons/thumb/b/b5/Jallianwala_Bagh%2C_Amritsar_01.jpg/960px-Jallianwala_Bagh%2C_Amritsar_01.jpg?utm_source=en.wikipedia.org&utm_campaign=api&utm_content=thumbnail
7242,Gurdwara Janam Asthan Patshahi 9,Punjab,attraction,30.3158,75.7721,budget,4.7,8565,"Sikh heritage site. Located in Sangrur district, Punjab.",Oct-Feb,https://thumb.wikimedia.org/wikipedia/commons/thumb/c/c9/Gurudwara_Goindwal_Sahib.jpg/960px-Gurudwara_Goindwal_Sahib.jpg?utm_source=en.wikipedia.org&utm_campaign=api&utm_content=thumbnail
7243,Banga old town heritage walk,Punjab,attraction,31.1316,76.0329,budget,4.7,3242,"Historic market-town exploration. Located in Shaheed Bhagat Singh Nagar district, Punjab.",Oct-Feb,https://thumb.wikimedia.org/wikipedia/commons/thumb/e/e0/Catla_catla.JPG/960px-Catla_catla.JPG?utm_source=en.wikipedia.org&utm_campaign=imageinfo&utm_content=thumbnail
7244,Gurdwara Manji Sahib Nawanshahr,Punjab,attraction,31.1656,76.0789,budget,4.8,1786,"Historic Sikh shrine. Located in Shaheed Bhagat Singh Nagar district, Punjab.",Oct-Feb,https://upload.wikimedia.org/wikipedia/commons/1/15/AkalTakhtGoldenTempleComplex.jpg?utm_source=en.wikipedia.org&utm_campaign=api&utm_content=thumbnail_unscaled
7245,Gurdwara Tibbi Sahib,Punjab,attraction,30.4504,74.4607,budget,4.2,2469,"Historic Sikh shrine. Located in Sri Muktsar Sahib district, Punjab.",Oct-Feb,https://upload.wikimedia.org/wikipedia/en/f/f7/Gurdwara_Katalgarh_Sahib_in_Chamkaur_Sahib.jpg?utm_source=en.wikipedia.org&utm_campaign=api&utm_content=thumbnail_unscaled
7246,Gidderbaha old town,Punjab,attraction,30.3864,74.4447,budget,3.9,586,"Local heritage/market walk. Located in Sri Muktsar Sahib district, Punjab.",Oct-Feb,https://thumb.wikimedia.org/wikipedia/commons/thumb/e/e0/National_Martyrs_Memorial_Hussainiwala_closeup.jpg/960px-National_Martyrs_Memorial_Hussainiwala_closeup.jpg?utm_source=en.wikipedia.org&utm_campaign=api&utm_content=thumbnail
7247,Gurudwara Akalgarh Sahib,Punjab,attraction,31.5039,74.9134,budget,4.6,8353,"Historic Sikh shrine. Located in Tarn Taran district, Punjab.",Oct-Feb,https://thumb.wikimedia.org/wikipedia/commons/thumb/c/c9/Gurudwara_Goindwal_Sahib.jpg/960px-Gurudwara_Goindwal_Sahib.jpg?utm_source=en.wikipedia.org&utm_campaign=api&utm_content=thumbnail
7248,Sur Singh heritage village,Punjab,attraction,31.4059,74.8514,budget,4.6,1563,"Village Sikh heritage lead. Located in Tarn Taran district, Punjab.",Oct-Feb,https://thumb.wikimedia.org/wikipedia/commons/thumb/d/d0/Khalsa_Heritage_Memorial_176_Edit.jpg/960px-Khalsa_Heritage_Memorial_176_Edit.jpg?utm_source=en.wikipedia.org&utm_campaign=api&utm_content=thumbnail
7249,Harike riverside birding villages,Punjab,attraction,31.5079,74.9894,budget,4.4,1121,"Offbeat birding around wetland; follow local/environmental rules. Located in Tarn Taran district, Punjab.",Oct-Feb,https://thumb.wikimedia.org/wikipedia/commons/thumb/e/e0/National_Martyrs_Memorial_Hussainiwala_closeup.jpg/960px-National_Martyrs_Memorial_Hussainiwala_closeup.jpg?utm_source=en.wikipedia.org&utm_campaign=api&utm_content=thumbnail
7250,Takht Sri Kesgarh Sahib,Punjab,attraction,30.9964,75.4461,budget,4.9,25898,"Takht Sri Kesgarh Sahib is a premier fort destination in Anandpur Sahib, Punjab. Renowned as a prominent landmark in regional tourism (Religious), it welcomes visitors seeking authentic cultural immersion, picturesque vistas, and rich historic heritage.",Oct-Feb,https://thumb.wikimedia.org/wikipedia/commons/thumb/c/c9/Gurudwara_Goindwal_Sahib.jpg/960px-Gurudwara_Goindwal_Sahib.jpg?utm_source=en.wikipedia.org&utm_campaign=api&utm_content=thumbnail
7251,Virsa Vihar,Punjab,attraction,31.648,74.8523,budget,4.9,5800,"Virsa Vihar is a premier heritage destination in Amritsar, Punjab. Renowned as a prominent landmark in regional tourism (Culture), it welcomes visitors seeking authentic cultural immersion, picturesque vistas, and rich historic heritage.",Oct-Feb,https://thumb.wikimedia.org/wikipedia/commons/thumb/e/e9/Jagatjit_Club.JPG/960px-Jagatjit_Club.JPG?utm_source=en.wikipedia.org&utm_campaign=api&utm_content=thumbnail
7252,Attari Border,Punjab,attraction,31.639,74.8313,budget,4.9,24466,"Attari Border is a premier heritage destination in Amritsar, Punjab. Renowned as a prominent landmark in regional tourism (Landmark), it welcomes visitors seeking authentic cultural immersion, picturesque vistas, and rich historic heritage.",Oct-Feb,https://thumb.wikimedia.org/wikipedia/commons/thumb/e/e0/Attari-Wagah_border_ceremony_2019.jpg/960px-Attari-Wagah_border_ceremony_2019.jpg
7253,Kali Bein,Punjab,attraction,31.0384,75.4941,budget,4.8,4614,"Kali Bein is a premier heritage destination in Sultanpur Lodhi, Punjab. Renowned as a prominent landmark in regional tourism (Nature/Religious), it welcomes visitors seeking authentic cultural immersion, picturesque vistas, and rich historic heritage.",Oct-Feb,https://upload.wikimedia.org/wikipedia/commons/6/68/Present-20.jpg?utm_source=en.wikipedia.org&utm_campaign=api&utm_content=thumbnail_unscaled
7254,Talwandi Sabo old town heritage circuit,Punjab,attraction,30.267,75.0095,budget,4.8,7163,"Damdama Sahib surrounding heritage streets and sites. Located in Bathinda district, Punjab.",Oct-Feb,https://thumb.wikimedia.org/wikipedia/commons/thumb/5/5f/KilaRaipurSportsStadium.jpg/960px-KilaRaipurSportsStadium.jpg?utm_source=en.wikipedia.org&utm_campaign=api&utm_content=thumbnail
7255,Fazilka Border / International Border area,Punjab,attraction,30.4757,73.9934,budget,4.8,3408,"Border landscape; access controlled. Located in Fazilka district, Punjab.",Oct-Feb,https://thumb.wikimedia.org/wikipedia/commons/thumb/b/b5/Jallianwala_Bagh%2C_Amritsar_01.jpg/960px-Jallianwala_Bagh%2C_Amritsar_01.jpg?utm_source=en.wikipedia.org&utm_campaign=api&utm_content=thumbnail
7256,Faridkot old city heritage circuit,Punjab,attraction,30.7069,74.7283,budget,4.0,894,"Old-town exploration lead. Located in Faridkot district, Punjab.",Oct-Feb,https://thumb.wikimedia.org/wikipedia/commons/thumb/e/e6/Sarai_Amanat_Khan_Lahore_Gate.jpg/960px-Sarai_Amanat_Khan_Lahore_Gate.jpg?utm_source=en.wikipedia.org&utm_campaign=api&utm_content=thumbnail
7257,Ferozepur Cantonment heritage area,Punjab,attraction,30.8377,74.5782,budget,4.5,3319,"Colonial-era cantonment landscape; access varies. Located in Ferozepur district, Punjab.",Oct-Feb,https://thumb.wikimedia.org/wikipedia/commons/thumb/e/e9/Jagatjit_Club.JPG/960px-Jagatjit_Club.JPG?utm_source=en.wikipedia.org&utm_campaign=api&utm_content=thumbnail
7258,Dera Santgarh / local religious heritage circuit,Punjab,attraction,31.5213,76.0009,budget,4.0,780,"Local religious heritage lead. Located in Hoshiarpur district, Punjab.",Oct-Feb,https://thumb.wikimedia.org/wikipedia/commons/thumb/e/e0/Catla_catla.JPG/960px-Catla_catla.JPG?utm_source=en.wikipedia.org&utm_campaign=imageinfo&utm_content=thumbnail
7259,Dholbaha Archaeological Excavation Site & Museum,Punjab,attraction,31.73528,75.8972,mid,3.9,324,"Dholbaha Archaeological Excavation Site & Museum is an authentic attraction destination located in ,  district of Punjab. Celebrated for its regional significance and unique ambiance, it offers travelers an immersive experience in the culture, scenic beauty, and heritage of Punjab.",Oct-Mar,https://thumb.wikimedia.org/wikipedia/commons/thumb/0/01/Amritsar_9125.jpg/960px-Amritsar_9125.jpg?utm_source=en.wikipedia.org&utm_campaign=api&utm_content=thumbnail
7260,Gurudwara Charan Kamal (Machhiwara),Punjab,attraction,30.90347,76.19989,budget,4.6,2792,"Gurudwara Charan Kamal (Machhiwara) is an authentic attraction destination located in ,  district of Punjab. Celebrated for its regional significance and unique ambiance, it offers travelers an immersive experience in the culture, scenic beauty, and heritage of Punjab.",Oct-Feb,https://thumb.wikimedia.org/wikipedia/commons/thumb/c/c9/Gurudwara_Goindwal_Sahib.jpg/960px-Gurudwara_Goindwal_Sahib.jpg?utm_source=en.wikipedia.org&utm_campaign=api&utm_content=thumbnail
7261,Sheikh Sadhu / Sufi heritage circuit,Punjab,attraction,30.5896,75.906,budget,4.4,2624,"Local spiritual heritage circuit. Located in Malerkotla district, Punjab.",Oct-Feb,https://upload.wikimedia.org/wikipedia/commons/6/68/Present-20.jpg?utm_source=en.wikipedia.org&utm_campaign=api&utm_content=thumbnail_unscaled
7262,Bhai Behlo Gurudwara (Phaphre Bhaike),Punjab,attraction,31.319,75.5692,budget,4.7,8193,"Bhai Behlo Gurudwara (Phaphre Bhaike) is an authentic attraction destination located in ,  district of Punjab. Celebrated for its regional significance and unique ambiance, it offers travelers an immersive experience in the culture, scenic beauty, and heritage of Punjab.",Oct-Feb,https://upload.wikimedia.org/wikipedia/commons/1/15/AkalTakhtGoldenTempleComplex.jpg?utm_source=en.wikipedia.org&utm_campaign=api&utm_content=thumbnail_unscaled
7263,Ancient Mound of Budhlada,Punjab,attraction,29.92201,75.56005,budget,4.3,2083,"Ancient Mound of Budhlada is an authentic attraction destination located in ,  district of Punjab. Celebrated for its regional significance and unique ambiance, it offers travelers an immersive experience in the culture, scenic beauty, and heritage of Punjab.",Oct-Feb,https://thumb.wikimedia.org/wikipedia/commons/thumb/d/d0/Khalsa_Heritage_Memorial_176_Edit.jpg/960px-Khalsa_Heritage_Memorial_176_Edit.jpg?utm_source=en.wikipedia.org&utm_campaign=api&utm_content=thumbnail
7264,Gurudwara Dina Sahib (Where Guru Gobind Singh wrote Zafarnama),Punjab,attraction,30.31208,76.37479,budget,4.4,1514,"Gurudwara Dina Sahib (Where Guru Gobind Singh wrote Zafarnama) is an authentic attraction destination located in ,  district of Punjab. Celebrated for its regional significance and unique ambiance, it offers travelers an immersive experience in the culture, scenic beauty, and heritage of Punjab.",Oct-Feb,https://upload.wikimedia.org/wikipedia/en/f/f7/Gurdwara_Katalgarh_Sahib_in_Chamkaur_Sahib.jpg?utm_source=en.wikipedia.org&utm_campaign=api&utm_content=thumbnail_unscaled
7265,Ropar Indus Valley Harappan Archaeological Site,Punjab,attraction,30.96244,76.52913,budget,4.3,1114,"Ropar Indus Valley Harappan Archaeological Site is an authentic attraction destination located in ,  district of Punjab. Celebrated for its regional significance and unique ambiance, it offers travelers an immersive experience in the culture, scenic beauty, and heritage of Punjab.",Oct-Feb,https://thumb.wikimedia.org/wikipedia/commons/thumb/7/7a/Dirang_Valley.jpg/960px-Dirang_Valley.jpg
7266,Old Mohali village heritage,Punjab,attraction,30.7366,76.7259,budget,4.4,3420,"Traditional village landscape amid urban expansion. Located in Sahibzada Ajit Singh Nagar (Mohali) district, Punjab.",Oct-Feb,https://thumb.wikimedia.org/wikipedia/commons/thumb/e/e9/Jagatjit_Club.JPG/960px-Jagatjit_Club.JPG?utm_source=en.wikipedia.org&utm_campaign=api&utm_content=thumbnail
7267,Bhawanigarh Fort/heritage area,Punjab,attraction,30.1798,75.7881,mid,4.0,389,"Local heritage lead; verify exact remains/access. Located in Sangrur district, Punjab.",Oct-Feb,https://upload.wikimedia.org/wikipedia/commons/1/11/Bahadurgarh_Fort_1.jpg?utm_source=en.wikipedia.org&utm_campaign=api&utm_content=thumbnail_unscaled
7268,Badrukhan royal/heritage area,Punjab,attraction,30.2138,75.8341,budget,4.7,4945,"Village/town heritage lead. Located in Sangrur district, Punjab.",Oct-Feb,https://thumb.wikimedia.org/wikipedia/commons/thumb/d/d0/Khalsa_Heritage_Memorial_176_Edit.jpg/960px-Khalsa_Heritage_Memorial_176_Edit.jpg?utm_source=en.wikipedia.org&utm_campaign=api&utm_content=thumbnail
7269,Banasar Bagh & Marble Baradari Palace,Punjab,attraction,30.78765,75.16243,mid,4.0,323,"Banasar Bagh & Marble Baradari Palace is an authentic attraction destination located in ,  district of Punjab. Celebrated for its regional significance and unique ambiance, it offers travelers an immersive experience in the culture, scenic beauty, and heritage of Punjab.",Oct-Feb,https://upload.wikimedia.org/wikipedia/commons/1/11/Bahadurgarh_Fort_1.jpg?utm_source=en.wikipedia.org&utm_campaign=api&utm_content=thumbnail_unscaled
7270,Rahind reservoir/foothill,Punjab,attraction,30.18657,74.95124,budget,4.2,723,"Rahind reservoir/foothill is an authentic attraction destination located in ,  district of Punjab. Celebrated for its regional significance and unique ambiance, it offers travelers an immersive experience in the culture, scenic beauty, and heritage of Punjab.",Oct-Feb,https://upload.wikimedia.org/wikipedia/commons/7/77/Water_Lake_in_Northern_India.jpg?utm_source=en.wikipedia.org&utm_campaign=api&utm_content=thumbnail_unscaled
7271,Balewa village heritage,Punjab,attraction,30.46888,74.53025,budget,4.0,374,"Balewa village heritage is an authentic attraction destination located in ,  district of Punjab. Celebrated for its regional significance and unique ambiance, it offers travelers an immersive experience in the culture, scenic beauty, and heritage of Punjab.",Oct-Feb,https://thumb.wikimedia.org/wikipedia/commons/thumb/e/e0/National_Martyrs_Memorial_Hussainiwala_closeup.jpg/960px-National_Martyrs_Memorial_Hussainiwala_closeup.jpg?utm_source=en.wikipedia.org&utm_campaign=api&utm_content=thumbnail
7272,Kabarwalabirding,Punjab,attraction,30.9353,75.87109,budget,4.1,958,"Kabarwalabirding is an authentic attraction destination located in ,  district of Punjab. Celebrated for its regional significance and unique ambiance, it offers travelers an immersive experience in the culture, scenic beauty, and heritage of Punjab.",Oct-Feb,https://upload.wikimedia.org/wikipedia/commons/6/68/Present-20.jpg?utm_source=en.wikipedia.org&utm_campaign=api&utm_content=thumbnail_unscaled
7273,Guru Ki Dhab heritage area,Punjab,attraction,30.4884,74.5827,budget,4.1,409,"Local Sikh heritage lead. Located in Sri Muktsar Sahib district, Punjab.",Oct-Feb,https://thumb.wikimedia.org/wikipedia/commons/thumb/e/e9/Jagatjit_Club.JPG/960px-Jagatjit_Club.JPG?utm_source=en.wikipedia.org&utm_campaign=api&utm_content=thumbnail
7274,Muktsar rural wetlands,Punjab,attraction,30.5224,74.4287,budget,4.3,2647,"Seasonal wetland and migratory bird habitat. Located in Sri Muktsar Sahib district, Punjab.",Oct-Feb,https://thumb.wikimedia.org/wikipedia/commons/thumb/e/e0/National_Martyrs_Memorial_Hussainiwala_closeup.jpg/960px-National_Martyrs_Memorial_Hussainiwala_closeup.jpg?utm_source=en.wikipedia.org&utm_campaign=api&utm_content=thumbnail
7275,Sarai Amanat Khan nearby heritage circuit,Punjab,attraction,31.3719,75.0054,budget,4.8,2887,"Mughal-era sarai near district boundary; verify exact location. Located in Tarn Taran district, Punjab.",Oct-Feb,https://thumb.wikimedia.org/wikipedia/commons/thumb/e/e0/National_Martyrs_Memorial_Hussainiwala_closeup.jpg/960px-National_Martyrs_Memorial_Hussainiwala_closeup.jpg?utm_source=en.wikipedia.org&utm_campaign=api&utm_content=thumbnail
7276,Chabal Kalan religious heritage circuit,Punjab,attraction,31.4739,74.9434,budget,4.5,3594,"Local Sikh heritage circuit. Located in Tarn Taran district, Punjab.",Oct-Feb,https://thumb.wikimedia.org/wikipedia/commons/thumb/e/e0/National_Martyrs_Memorial_Hussainiwala_closeup.jpg/960px-National_Martyrs_Memorial_Hussainiwala_closeup.jpg?utm_source=en.wikipedia.org&utm_campaign=api&utm_content=thumbnail
7277,Sri Harmandir Sahib,Punjab,attraction,31.6291,74.888,budget,4.9,8474,"Sri Harmandir Sahib is a renowned religious landmark situated in Amritsar, Amritsar district of Punjab. The destination attracts visitors seeking authentic regional heritage, architectural grandeur, and picturesque surroundings. It plays an integral role in the cultural landscape and local tourism identity of the region.",Oct-Feb,https://thumb.wikimedia.org/wikipedia/commons/thumb/9/94/The_Golden_Temple_of_Amrithsar_7.jpg/960px-The_Golden_Temple_of_Amrithsar_7.jpg?utm_source=en.wikipedia.org&utm_campaign=api&utm_content=thumbnail
7278,Jallianwala Bagh National Memorial,Punjab,attraction,31.6248,74.88532,budget,4.0,317,"Jallianwala Bagh National Memorial is an authentic attraction destination located in ,  district of Punjab. Celebrated for its regional significance and unique ambiance, it offers travelers an immersive experience in the culture, scenic beauty, and heritage of Punjab.",Oct-Feb,https://thumb.wikimedia.org/wikipedia/commons/thumb/3/36/Jallianwala_Bagh%2C_Amritsar%2C_India.jpg/960px-Jallianwala_Bagh%2C_Amritsar%2C_India.jpg
7279,Attari-Wagah Border Retreat Ceremony,Punjab,hotel,31.61775,74.57585,mid,4.5,5303,"Attari-Wagah Border Retreat Ceremony is an authentic hotel destination located in ,  district of Punjab. Celebrated for its regional significance and unique ambiance, it offers travelers an immersive experience in the culture, scenic beauty, and heritage of Punjab.",Oct-Feb,https://thumb.wikimedia.org/wikipedia/commons/thumb/e/e0/Attari-Wagah_border_ceremony_2019.jpg/960px-Attari-Wagah_border_ceremony_2019.jpg
7280,Partition Museum Town Hall,Punjab,attraction,31.61353,74.87674,mid,4.5,4700,"Partition Museum Town Hall is an authentic attraction destination located in ,  district of Punjab. Celebrated for its regional significance and unique ambiance, it offers travelers an immersive experience in the culture, scenic beauty, and heritage of Punjab.",Oct-Mar,https://thumb.wikimedia.org/wikipedia/commons/thumb/0/01/Amritsar_9125.jpg/960px-Amritsar_9125.jpg?utm_source=en.wikipedia.org&utm_campaign=api&utm_content=thumbnail
7281,Gobindgarh Fort Amritsar,Punjab,attraction,31.63907,74.86966,mid,3.9,890,"Gobindgarh Fort Amritsar is an authentic attraction destination located in ,  district of Punjab. Celebrated for its regional significance and unique ambiance, it offers travelers an immersive experience in the culture, scenic beauty, and heritage of Punjab.",Oct-Feb,https://thumb.wikimedia.org/wikipedia/commons/thumb/2/2d/Dilli_gate.jpg/960px-Dilli_gate.jpg?utm_source=en.wikipedia.org&utm_campaign=api&utm_content=thumbnail
7282,Durgiana Temple (Lakshmi Narayan),Punjab,attraction,29.96299,75.43164,budget,4.3,2704,"Durgiana Temple (Lakshmi Narayan) is an authentic attraction destination located in ,  district of Punjab. Celebrated for its regional significance and unique ambiance, it offers travelers an immersive experience in the culture, scenic beauty, and heritage of Punjab.",Oct-Mar,https://thumb.wikimedia.org/wikipedia/commons/thumb/d/d8/Many_of_the_locals_we_had_spoken_to_were_delighted_that_the_Govt_has_sanctioned_funds_for_renovation_of_this_temple_%2838049489065%29.jpg/960px-Many_of_the_locals_we_had_spoken_to_were_delighted_that_the_Govt_has_sanctioned_funds_for_renovation_of_this_temple_%2838049489065%29.jpg?utm_source=en.wikipedia.org&utm_campaign=api&utm_content=thumbnail
7283,Ram Bagh Palace & Museum Amritsar,Punjab,attraction,31.62251,74.86642,mid,4.5,7451,"Ram Bagh Palace & Museum Amritsar is an authentic attraction destination located in ,  district of Punjab. Celebrated for its regional significance and unique ambiance, it offers travelers an immersive experience in the culture, scenic beauty, and heritage of Punjab.",Oct-Mar,https://thumb.wikimedia.org/wikipedia/commons/thumb/a/a1/Qila_Mubarak_in_2015%282%29.jpg/960px-Qila_Mubarak_in_2015%282%29.jpg?utm_source=en.wikipedia.org&utm_campaign=api&utm_content=thumbnail
7284,Takht Sri Keshgarh Sahib Anandpur Sahib,Punjab,attraction,31.24286,76.49218,budget,4.0,1201,"Takht Sri Keshgarh Sahib Anandpur Sahib is an authentic attraction destination located in ,  district of Punjab. Celebrated for its regional significance and unique ambiance, it offers travelers an immersive experience in the culture, scenic beauty, and heritage of Punjab.",Oct-Feb,https://thumb.wikimedia.org/wikipedia/commons/thumb/4/45/Kiratpur_Gurudwara.jpg/960px-Kiratpur_Gurudwara.jpg?utm_source=en.wikipedia.org&utm_campaign=api&utm_content=thumbnail
7285,Virasat-e-Khalsa Sikh Museum,Punjab,attraction,30.87194,76.43085,mid,4.3,1347,"Virasat-e-Khalsa Sikh Museum is an authentic attraction destination located in ,  district of Punjab. Celebrated for its regional significance and unique ambiance, it offers travelers an immersive experience in the culture, scenic beauty, and heritage of Punjab.",Oct-Mar,https://thumb.wikimedia.org/wikipedia/commons/thumb/0/01/Amritsar_9125.jpg/960px-Amritsar_9125.jpg?utm_source=en.wikipedia.org&utm_campaign=api&utm_content=thumbnail
7286,Qila Mubarak Patiala,Punjab,attraction,30.33155,76.37808,budget,4.3,2159,"Qila Mubarak Patiala is an authentic attraction destination located in ,  district of Punjab. Celebrated for its regional significance and unique ambiance, it offers travelers an immersive experience in the culture, scenic beauty, and heritage of Punjab.",Oct-Feb,https://thumb.wikimedia.org/wikipedia/commons/thumb/2/2d/Dilli_gate.jpg/960px-Dilli_gate.jpg?utm_source=en.wikipedia.org&utm_campaign=api&utm_content=thumbnail
7287,Sheesh Mahal & Medal Gallery Patiala,Punjab,attraction,30.35096,76.39041,budget,4.3,1572,"Sheesh Mahal & Medal Gallery Patiala is an authentic attraction destination located in ,  district of Punjab. Celebrated for its regional significance and unique ambiance, it offers travelers an immersive experience in the culture, scenic beauty, and heritage of Punjab.",Oct-Feb,https://upload.wikimedia.org/wikipedia/commons/1/11/Bahadurgarh_Fort_1.jpg?utm_source=en.wikipedia.org&utm_campaign=api&utm_content=thumbnail_unscaled
7288,Baradari Gardens Patiala,Punjab,attraction,30.33743,76.38123,budget,4.4,852,"Baradari Gardens Patiala is an authentic attraction destination located in ,  district of Punjab. Celebrated for its regional significance and unique ambiance, it offers travelers an immersive experience in the culture, scenic beauty, and heritage of Punjab.",Oct-Feb,https://thumb.wikimedia.org/wikipedia/commons/thumb/e/e0/National_Martyrs_Memorial_Hussainiwala_closeup.jpg/960px-National_Martyrs_Memorial_Hussainiwala_closeup.jpg?utm_source=en.wikipedia.org&utm_campaign=api&utm_content=thumbnail
7289,Jagatjit Palace Kapurthala (Versailles of Punjab),Punjab,attraction,31.38297,75.37487,mid,4.2,2507,"Jagatjit Palace Kapurthala (Versailles of Punjab) is an authentic attraction destination located in ,  district of Punjab. Celebrated for its regional significance and unique ambiance, it offers travelers an immersive experience in the culture, scenic beauty, and heritage of Punjab.",Oct-Feb,https://upload.wikimedia.org/wikipedia/commons/1/11/Bahadurgarh_Fort_1.jpg?utm_source=en.wikipedia.org&utm_campaign=api&utm_content=thumbnail_unscaled
7290,Moorish Mosque Kapurthala,Punjab,attraction,31.37862,75.37229,budget,4.4,564,"Moorish Mosque Kapurthala is an authentic attraction destination located in ,  district of Punjab. Celebrated for its regional significance and unique ambiance, it offers travelers an immersive experience in the culture, scenic beauty, and heritage of Punjab.",Oct-Feb,https://thumb.wikimedia.org/wikipedia/commons/thumb/8/85/Sher_Shah_Suri_Tomb.jpg/960px-Sher_Shah_Suri_Tomb.jpg
7291,Harike Wetland Bird Sanctuary Ramsar,Punjab,attraction,30.99905,76.52839,budget,4.5,5863,"Harike Wetland Bird Sanctuary Ramsar is an authentic attraction destination located in ,  district of Punjab. Celebrated for its regional significance and unique ambiance, it offers travelers an immersive experience in the culture, scenic beauty, and heritage of Punjab.",Oct-Feb,https://thumb.wikimedia.org/wikipedia/commons/thumb/f/f1/Sanjay_Gandhi_Jaivik_Udyan.jpg/960px-Sanjay_Gandhi_Jaivik_Udyan.jpg
7292,Devi Talab Mandir Jalandhar,Punjab,attraction,31.33809,75.5753,budget,4.2,3329,"Devi Talab Mandir Jalandhar is an authentic attraction destination located in ,  district of Punjab. Celebrated for its regional significance and unique ambiance, it offers travelers an immersive experience in the culture, scenic beauty, and heritage of Punjab.",Oct-Feb,https://thumb.wikimedia.org/wikipedia/commons/thumb/a/a5/Devi_Talab_Mandir%2C_Jalandhar%2C_Punjab%2C_19_September_2017_%28cropped%29.jpg/960px-Devi_Talab_Mandir%2C_Jalandhar%2C_Punjab%2C_19_September_2017_%28cropped%29.jpg?utm_source=en.wikipedia.org&utm_campaign=api&utm_content=thumbnail
7293,Pushpa Gujral Science City Kapurthala,Punjab,attraction,31.37325,75.38804,budget,4.0,159,"Pushpa Gujral Science City Kapurthala is an authentic attraction destination located in ,  district of Punjab. Celebrated for its regional significance and unique ambiance, it offers travelers an immersive experience in the culture, scenic beauty, and heritage of Punjab.",Oct-Feb,https://thumb.wikimedia.org/wikipedia/commons/thumb/e/e0/National_Martyrs_Memorial_Hussainiwala_closeup.jpg/960px-National_Martyrs_Memorial_Hussainiwala_closeup.jpg?utm_source=en.wikipedia.org&utm_campaign=api&utm_content=thumbnail
7294,Ropar Archaeological Museum (Indus Valley),Punjab,attraction,30.96682,76.5312,mid,4.2,3410,"Ropar Archaeological Museum (Indus Valley) is an authentic attraction destination located in ,  district of Punjab. Celebrated for its regional significance and unique ambiance, it offers travelers an immersive experience in the culture, scenic beauty, and heritage of Punjab.",Oct-Mar,https://thumb.wikimedia.org/wikipedia/commons/thumb/0/01/Amritsar_9125.jpg/960px-Amritsar_9125.jpg?utm_source=en.wikipedia.org&utm_campaign=api&utm_content=thumbnail
7295,Qila Mubarak Bathinda (Razia Sultana Fort),Punjab,attraction,30.2215,74.95681,mid,4.0,467,"Qila Mubarak Bathinda (Razia Sultana Fort) is an authentic attraction destination located in ,  district of Punjab. Celebrated for its regional significance and unique ambiance, it offers travelers an immersive experience in the culture, scenic beauty, and heritage of Punjab.",Oct-Feb,https://upload.wikimedia.org/wikipedia/commons/6/65/MotiBaghPalace.jpg?utm_source=en.wikipedia.org&utm_campaign=api&utm_content=thumbnail_unscaled
7296,Damdama Sahib Talwandi Sabo,Punjab,attraction,30.22269,74.92653,budget,4.0,376,"Damdama Sahib Talwandi Sabo is an authentic attraction destination located in ,  district of Punjab. Celebrated for its regional significance and unique ambiance, it offers travelers an immersive experience in the culture, scenic beauty, and heritage of Punjab.",Oct-Feb,https://upload.wikimedia.org/wikipedia/en/f/f7/Gurdwara_Katalgarh_Sahib_in_Chamkaur_Sahib.jpg?utm_source=en.wikipedia.org&utm_campaign=api&utm_content=thumbnail_unscaled
