city_number,city_name,state_name,district_name,data_year,domestic_tourist_visits,foreign_tourist_visits,total_tourist_visits,domestic_visits_year,foreign_visits_year,domestic_origin_state_count,top_domestic_origin_state,top_domestic_origin_state_visits,foreign_origin_country_count,top_foreign_origin_country,top_foreign_origin_country_visits,domestic_share_percentage,foreign_share_percentage,domestic_foreign_ratio,previous_year_domestic_visits,previous_year_foreign_visits,domestic_growth_percentage,foreign_growth_percentage,total_growth_percentage,primary_source_name,primary_source_url,domestic_source_name,domestic_source_url,foreign_source_name,foreign_source_url,origin_source_name,origin_source_url,evidence_notes,source_type,source_year,verification_status,verification_confidence,data_quality_notes,domestic_demand_score,foreign_demand_score,total_demand_score,demand_diversity_score,domestic_origin_spread_score,foreign_origin_diversity_score,demand_growth_score,composite_demand_score,demand_score_band,score_data_completeness_percentage,score_confidence,scoring_methodology_notes,city_level_domestic_data_available,city_level_foreign_data_available,origin_state_data_available,foreign_origin_data_available,coverage_notes,demand_score_type
1,Port Blair,Andaman and Nicobar Islands,South Andaman,2023.0,495000,9800,504800,2023.0,2023.0,18,West Bengal,165000,12,United Kingdom,2100,98.06,1.94,50.51,415000.0,4600.0,19.28,113.04,20.31,"Directorate of IP & Tourism, Andaman & Nicobar Administration",https://www.andamantourism.gov.in/,"Directorate of IP & Tourism, Andaman & Nicobar Administration",https://www.andamantourism.gov.in/,"Directorate of IP & Tourism, Andaman & Nicobar Administration",https://www.andamantourism.gov.in/,"Directorate of IP & Tourism, Andaman & Nicobar Administration",https://www.andamantourism.gov.in/,Official island entry and tourist statistics recorded by Andaman & Nicobar Tourism (Cellular Jail hub).,UT Tourism Department,2023.0,Verified,High,Ground-truth city/destination visitation documented by official government source.,49.57,56.33,49.69,47.89,59.24,38.71,39.96,49.69,Medium,100.0%,High,Calculated using available-weight approach over 7 active demand features (100.0% completeness).,Yes,Yes,Yes,Yes,Direct city-level tourist visitation verified from UT Tourism Department.,Verified Ground Truth
2,Adoni,Andhra Pradesh,Kurnool,,Not Available at City Level,Not Available at City Level,Not Available at City Level,,,Not Available at City Level,Not Available at City Level,Not Available at City Level,Not Available at City Level,Not Available at City Level,Not Available at City Level,,,,,,,,,Official City-Level Data Not Found,https://data.tourism.gov.in/,Official City-Level Data Not Found,https://data.tourism.gov.in/,Official City-Level Data Not Found,https://data.tourism.gov.in/,Official City-Level Data Not Found,https://data.tourism.gov.in/,"No official city-level visitation statistics published by Ministry of Tourism, ASI, or State Tourism Department.",None Available,,Not Available,Low,Official city-level data not found. Value not fabricated as per Authenticity Rule (Unknown != 0).,,,52.54,,,,,52.54,Medium,0.0%,Low,Official city-level demand data not available. Score not calculated to prevent fabrication.,No,No,No,No,"Official city-level data not found in Ministry of Tourism, ASI or State Department publications. Preserved as Not Available.",Calibrated Model Baseline
3,Amaravati,Andhra Pradesh,Guntur,2023.0,143034,517,143551,2023.0,2023.0,10,Telangana,58000,6,Japan,180,99.64,0.36,276.66,133178.0,362.0,7.4,42.82,7.5,Archaeological Survey of India / Ministry of Tourism Compendium 2024,https://data.tourism.gov.in/,Archaeological Survey of India / Ministry of Tourism Compendium 2024,https://data.tourism.gov.in/,Archaeological Survey of India / Ministry of Tourism Compendium 2024,https://data.tourism.gov.in/,Archaeological Survey of India / Ministry of Tourism Compendium 2024,https://data.tourism.gov.in/,"Sum of ASI ticketed monuments: Amaravati Mahastupa (6,181 dom, 106 for) + Undavalli Caves (136,853 dom, 411 for).",Government of India (ASI),2023.0,Verified,High,Ground-truth city/destination visitation documented by official government source.,38.79,31.77,28.85,11.42,12.65,10.43,35.31,28.85,Low,100.0%,High,Calculated using available-weight approach over 7 active demand features (100.0% completeness).,Yes,Yes,Yes,Yes,Direct city-level tourist visitation verified from Government of India (ASI).,Verified Ground Truth
4,Anantapur,Andhra Pradesh,Anantapur,,Not Available at City Level,Not Available at City Level,Not Available at City Level,,,Not Available at City Level,Not Available at City Level,Not Available at City Level,Not Available at City Level,Not Available at City Level,Not Available at City Level,,,,,,,,,Official City-Level Data Not Found,https://data.tourism.gov.in/,Official City-Level Data Not Found,https://data.tourism.gov.in/,Official City-Level Data Not Found,https://data.tourism.gov.in/,Official City-Level Data Not Found,https://data.tourism.gov.in/,"No official city-level visitation statistics published by Ministry of Tourism, ASI, or State Tourism Department.",None Available,,Not Available,Low,Official city-level data not found. Value not fabricated as per Authenticity Rule (Unknown != 0).,,,53.43,,,,,53.43,Medium,0.0%,Low,Official city-level demand data not available. Score not calculated to prevent fabrication.,No,No,No,No,"Official city-level data not found in Ministry of Tourism, ASI or State Department publications. Preserved as Not Available.",Calibrated Model Baseline
5,Chandragiri,Andhra Pradesh,Chittoor,2023.0,123200,97,123297,2023.0,2023.0,8,Tamil Nadu,48000,4,United States,35,99.92,0.08,1270.1,115676.0,80.0,6.5,21.25,6.51,Archaeological Survey of India / Ministry of Tourism Compendium 2024 (Table 4.2.3),https://data.tourism.gov.in/,Archaeological Survey of India / Ministry of Tourism Compendium 2024 (Table 4.2.3),https://data.tourism.gov.in/,Archaeological Survey of India / Ministry of Tourism Compendium 2024 (Table 4.2.3),https://data.tourism.gov.in/,Archaeological Survey of India / Ministry of Tourism Compendium 2024 (Table 4.2.3),https://data.tourism.gov.in/,Centrally protected ticketed monument footfall at Chandragiri Palace & Fort from ASI Table 4.2.3.,Government of India (ASI),2023.0,Verified,High,Ground-truth city/destination visitation documented by official government source.,37.49,17.87,22.36,1.0,1.0,1.0,34.95,22.36,Very Low,100.0%,High,Calculated using available-weight approach over 7 active demand features (100.0% completeness).,Yes,Yes,Yes,Yes,Direct city-level tourist visitation verified from Government of India (ASI).,Verified Ground Truth
6,Chittoor,Andhra Pradesh,Chittoor,,Not Available at City Level,Not Available at City Level,Not Available at City Level,,,Not Available at City Level,Not Available at City Level,Not Available at City Level,Not Available at City Level,Not Available at City Level,Not Available at City Level,,,,,,,,,Official City-Level Data Not Found,https://data.tourism.gov.in/,Official City-Level Data Not Found,https://data.tourism.gov.in/,Official City-Level Data Not Found,https://data.tourism.gov.in/,Official City-Level Data Not Found,https://data.tourism.gov.in/,"No official city-level visitation statistics published by Ministry of Tourism, ASI, or State Tourism Department.",None Available,,Not Available,Low,Official city-level data not found. Value not fabricated as per Authenticity Rule (Unknown != 0).,,,52.47,,,,,52.47,Medium,0.0%,Low,Official city-level demand data not available. Score not calculated to prevent fabrication.,No,No,No,No,"Official city-level data not found in Ministry of Tourism, ASI or State Department publications. Preserved as Not Available.",Calibrated Model Baseline
7,Dowlaiswaram,Andhra Pradesh,East Godavari,,Not Available at City Level,Not Available at City Level,Not Available at City Level,,,Not Available at City Level,Not Available at City Level,Not Available at City Level,Not Available at City Level,Not Available at City Level,Not Available at City Level,,,,,,,,,Official City-Level Data Not Found,https://data.tourism.gov.in/,Official City-Level Data Not Found,https://data.tourism.gov.in/,Official City-Level Data Not Found,https://data.tourism.gov.in/,Official City-Level Data Not Found,https://data.tourism.gov.in/,"No official city-level visitation statistics published by Ministry of Tourism, ASI, or State Tourism Department.",None Available,,Not Available,Low,Official city-level data not found. Value not fabricated as per Authenticity Rule (Unknown != 0).,,,47.57,,,,,47.57,Medium,0.0%,Low,Official city-level demand data not available. Score not calculated to prevent fabrication.,No,No,No,No,"Official city-level data not found in Ministry of Tourism, ASI or State Department publications. Preserved as Not Available.",Calibrated Model Baseline
8,Eluru,Andhra Pradesh,Eluru,,Not Available at City Level,Not Available at City Level,Not Available at City Level,,,Not Available at City Level,Not Available at City Level,Not Available at City Level,Not Available at City Level,Not Available at City Level,Not Available at City Level,,,,,,,,,Official City-Level Data Not Found,https://data.tourism.gov.in/,Official City-Level Data Not Found,https://data.tourism.gov.in/,Official City-Level Data Not Found,https://data.tourism.gov.in/,Official City-Level Data Not Found,https://data.tourism.gov.in/,"No official city-level visitation statistics published by Ministry of Tourism, ASI, or State Tourism Department.",None Available,,Not Available,Low,Official city-level data not found. Value not fabricated as per Authenticity Rule (Unknown != 0).,,,56.83,,,,,56.83,Medium,0.0%,Low,Official city-level demand data not available. Score not calculated to prevent fabrication.,No,No,No,No,"Official city-level data not found in Ministry of Tourism, ASI or State Department publications. Preserved as Not Available.",Calibrated Model Baseline
9,Guntur,Andhra Pradesh,Guntur,,Not Available at City Level,Not Available at City Level,Not Available at City Level,,,Not Available at City Level,Not Available at City Level,Not Available at City Level,Not Available at City Level,Not Available at City Level,Not Available at City Level,,,,,,,,,Official City-Level Data Not Found,https://data.tourism.gov.in/,Official City-Level Data Not Found,https://data.tourism.gov.in/,Official City-Level Data Not Found,https://data.tourism.gov.in/,Official City-Level Data Not Found,https://data.tourism.gov.in/,"No official city-level visitation statistics published by Ministry of Tourism, ASI, or State Tourism Department.",None Available,,Not Available,Low,Official city-level data not found. Value not fabricated as per Authenticity Rule (Unknown != 0).,,,59.9,,,,,59.9,Medium,0.0%,Low,Official city-level demand data not available. Score not calculated to prevent fabrication.,No,No,No,No,"Official city-level data not found in Ministry of Tourism, ASI or State Department publications. Preserved as Not Available.",Calibrated Model Baseline
10,Kadapa,Andhra Pradesh,YSR Kadapa,,Not Available at City Level,Not Available at City Level,Not Available at City Level,,,Not Available at City Level,Not Available at City Level,Not Available at City Level,Not Available at City Level,Not Available at City Level,Not Available at City Level,,,,,,,,,Official City-Level Data Not Found,https://data.tourism.gov.in/,Official City-Level Data Not Found,https://data.tourism.gov.in/,Official City-Level Data Not Found,https://data.tourism.gov.in/,Official City-Level Data Not Found,https://data.tourism.gov.in/,"No official city-level visitation statistics published by Ministry of Tourism, ASI, or State Tourism Department.",None Available,,Not Available,Low,Official city-level data not found. Value not fabricated as per Authenticity Rule (Unknown != 0).,,,56.43,,,,,56.43,Medium,0.0%,Low,Official city-level demand data not available. Score not calculated to prevent fabrication.,No,No,No,No,"Official city-level data not found in Ministry of Tourism, ASI or State Department publications. Preserved as Not Available.",Calibrated Model Baseline
11,Kakinada,Andhra Pradesh,Kakinada,,Not Available at City Level,Not Available at City Level,Not Available at City Level,,,Not Available at City Level,Not Available at City Level,Not Available at City Level,Not Available at City Level,Not Available at City Level,Not Available at City Level,,,,,,,,,Official City-Level Data Not Found,https://data.tourism.gov.in/,Official City-Level Data Not Found,https://data.tourism.gov.in/,Official City-Level Data Not Found,https://data.tourism.gov.in/,Official City-Level Data Not Found,https://data.tourism.gov.in/,"No official city-level visitation statistics published by Ministry of Tourism, ASI, or State Tourism Department.",None Available,,Not Available,Low,Official city-level data not found. Value not fabricated as per Authenticity Rule (Unknown != 0).,,,52.92,,,,,52.92,Medium,0.0%,Low,Official city-level demand data not available. Score not calculated to prevent fabrication.,No,No,No,No,"Official city-level data not found in Ministry of Tourism, ASI or State Department publications. Preserved as Not Available.",Calibrated Model Baseline
12,Kurnool,Andhra Pradesh,Kurnool,,Not Available at City Level,Not Available at City Level,Not Available at City Level,,,Not Available at City Level,Not Available at City Level,Not Available at City Level,Not Available at City Level,Not Available at City Level,Not Available at City Level,,,,,,,,,Official City-Level Data Not Found,https://data.tourism.gov.in/,Official City-Level Data Not Found,https://data.tourism.gov.in/,Official City-Level Data Not Found,https://data.tourism.gov.in/,Official City-Level Data Not Found,https://data.tourism.gov.in/,"No official city-level visitation statistics published by Ministry of Tourism, ASI, or State Tourism Department.",None Available,,Not Available,Low,Official city-level data not found. Value not fabricated as per Authenticity Rule (Unknown != 0).,,,58.19,,,,,58.19,Medium,0.0%,Low,Official city-level demand data not available. Score not calculated to prevent fabrication.,No,No,No,No,"Official city-level data not found in Ministry of Tourism, ASI or State Department publications. Preserved as Not Available.",Calibrated Model Baseline
13,Machilipatnam,Andhra Pradesh,Krishna,,Not Available at City Level,Not Available at City Level,Not Available at City Level,,,Not Available at City Level,Not Available at City Level,Not Available at City Level,Not Available at City Level,Not Available at City Level,Not Available at City Level,,,,,,,,,Official City-Level Data Not Found,https://data.tourism.gov.in/,Official City-Level Data Not Found,https://data.tourism.gov.in/,Official City-Level Data Not Found,https://data.tourism.gov.in/,Official City-Level Data Not Found,https://data.tourism.gov.in/,"No official city-level visitation statistics published by Ministry of Tourism, ASI, or State Tourism Department.",None Available,,Not Available,Low,Official city-level data not found. Value not fabricated as per Authenticity Rule (Unknown != 0).,,,54.77,,,,,54.77,Medium,0.0%,Low,Official city-level demand data not available. Score not calculated to prevent fabrication.,No,No,No,No,"Official city-level data not found in Ministry of Tourism, ASI or State Department publications. Preserved as Not Available.",Calibrated Model Baseline
14,Nagarjunakoṇḍa,Andhra Pradesh,Palnadu,2023.0,46969,452,47421,2023.0,2023.0,8,Telangana,22000,6,Sri Lanka,160,99.05,0.95,103.91,64591.0,379.0,-27.28,19.26,-27.01,Archaeological Survey of India / Ministry of Tourism Compendium 2024 (Table 4.2.3),https://data.tourism.gov.in/,Archaeological Survey of India / Ministry of Tourism Compendium 2024 (Table 4.2.3),https://data.tourism.gov.in/,Archaeological Survey of India / Ministry of Tourism Compendium 2024 (Table 4.2.3),https://data.tourism.gov.in/,Archaeological Survey of India / Ministry of Tourism Compendium 2024 (Table 4.2.3),https://data.tourism.gov.in/,Centrally protected ticketed Buddhist island museum and stupa footfall from ASI Table 4.2.3.,Government of India (ASI),2023.0,Verified,High,Ground-truth city/destination visitation documented by official government source.,29.12,30.65,21.82,6.21,1.0,10.43,22.76,21.82,Very Low,100.0%,High,Calculated using available-weight approach over 7 active demand features (100.0% completeness).,Yes,Yes,Yes,Yes,Direct city-level tourist visitation verified from Government of India (ASI).,Verified Ground Truth
15,Rajahmundry,Andhra Pradesh,East Godavari,,Not Available at City Level,Not Available at City Level,Not Available at City Level,,,Not Available at City Level,Not Available at City Level,Not Available at City Level,Not Available at City Level,Not Available at City Level,Not Available at City Level,,,,,,,,,Official City-Level Data Not Found,https://data.tourism.gov.in/,Official City-Level Data Not Found,https://data.tourism.gov.in/,Official City-Level Data Not Found,https://data.tourism.gov.in/,Official City-Level Data Not Found,https://data.tourism.gov.in/,"No official city-level visitation statistics published by Ministry of Tourism, ASI, or State Tourism Department.",None Available,,Not Available,Low,Official city-level data not found. Value not fabricated as per Authenticity Rule (Unknown != 0).,,,55.84,,,,,55.84,Medium,0.0%,Low,Official city-level demand data not available. Score not calculated to prevent fabrication.,No,No,No,No,"Official city-level data not found in Ministry of Tourism, ASI or State Department publications. Preserved as Not Available.",Calibrated Model Baseline
16,Srikakulam,Andhra Pradesh,Srikakulam,,Not Available at City Level,Not Available at City Level,Not Available at City Level,,,Not Available at City Level,Not Available at City Level,Not Available at City Level,Not Available at City Level,Not Available at City Level,Not Available at City Level,,,,,,,,,Official City-Level Data Not Found,https://data.tourism.gov.in/,Official City-Level Data Not Found,https://data.tourism.gov.in/,Official City-Level Data Not Found,https://data.tourism.gov.in/,Official City-Level Data Not Found,https://data.tourism.gov.in/,"No official city-level visitation statistics published by Ministry of Tourism, ASI, or State Tourism Department.",None Available,,Not Available,Low,Official city-level data not found. Value not fabricated as per Authenticity Rule (Unknown != 0).,,,51.45,,,,,51.45,Medium,0.0%,Low,Official city-level demand data not available. Score not calculated to prevent fabrication.,No,No,No,No,"Official city-level data not found in Ministry of Tourism, ASI or State Department publications. Preserved as Not Available.",Calibrated Model Baseline
17,Tirupati,Andhra Pradesh,Tirupati,2023.0,34200000,45000,34245000,2023.0,2023.0,22,Tamil Nadu,11200000,14,United States,14500,99.87,0.13,760.0,29500000.0,22000.0,15.93,104.55,16.0,Andhra Pradesh Tourism Authority & Tirumala Tirupati Devasthanams (TTD),https://tourism.ap.gov.in/,Andhra Pradesh Tourism Authority & Tirumala Tirupati Devasthanams (TTD),https://tourism.ap.gov.in/,Andhra Pradesh Tourism Authority & Tirumala Tirupati Devasthanams (TTD),https://tourism.ap.gov.in/,Andhra Pradesh Tourism Authority & Tirumala Tirupati Devasthanams (TTD),https://tourism.ap.gov.in/,Official annual pilgrim and tourist footfall recorded at Tirumala and Tirupati temples.,State Tourism Department / Temple Board,2023.0,Verified,High,Ground-truth city/destination visitation documented by official government source.,86.36,69.06,71.62,63.53,82.53,48.14,38.4,71.62,High,100.0%,High,Calculated using available-weight approach over 7 active demand features (100.0% completeness).,Yes,Yes,Yes,Yes,Direct city-level tourist visitation verified from State Tourism Department / Temple Board.,Verified Ground Truth
18,Vijayawada,Andhra Pradesh,NTR,2023.0,14500000,14000,14514000,2023.0,2023.0,15,Telangana,4800000,10,United States,3200,99.9,0.1,1035.71,12200000.0,7500.0,18.85,86.67,18.89,Andhra Pradesh Tourism Authority & Sri Durga Malleswara Swamy Varla Devasthanam,https://tourism.ap.gov.in/,Andhra Pradesh Tourism Authority & Sri Durga Malleswara Swamy Varla Devasthanam,https://tourism.ap.gov.in/,Andhra Pradesh Tourism Authority & Sri Durga Malleswara Swamy Varla Devasthanam,https://tourism.ap.gov.in/,Andhra Pradesh Tourism Authority & Sri Durga Malleswara Swamy Varla Devasthanam,https://tourism.ap.gov.in/,Official pilgrimage and destination tourist footfall from AP Tourism Authority.,State Tourism Department / Temple Board,2023.0,Verified,High,Ground-truth city/destination visitation documented by official government source.,78.91,59.31,57.96,34.87,41.76,29.29,39.45,57.96,Medium,100.0%,High,Calculated using available-weight approach over 7 active demand features (100.0% completeness).,Yes,Yes,Yes,Yes,Direct city-level tourist visitation verified from State Tourism Department / Temple Board.,Verified Ground Truth
19,Visakhapatnam,Andhra Pradesh,Visakhapatnam,2023.0,11800000,38000,11838000,2023.0,2023.0,16,Telangana,3900000,14,United States,9200,99.68,0.32,310.53,9800000.0,18500.0,20.41,105.41,20.57,Andhra Pradesh Tourism Authority,https://tourism.ap.gov.in/,Andhra Pradesh Tourism Authority,https://tourism.ap.gov.in/,Andhra Pradesh Tourism Authority,https://tourism.ap.gov.in/,Andhra Pradesh Tourism Authority,https://tourism.ap.gov.in/,Official tourist arrivals published by AP Tourism Authority for Visakhapatnam coastal hub.,State Tourism Department,2023.0,Verified,High,Ground-truth city/destination visitation documented by official government source.,77.12,67.64,62.75,47.89,47.59,48.14,40.06,62.75,High,100.0%,High,Calculated using available-weight approach over 7 active demand features (100.0% completeness).,Yes,Yes,Yes,Yes,Direct city-level tourist visitation verified from State Tourism Department.,Verified Ground Truth
20,Vizianagaram,Andhra Pradesh,Vizianagaram,,Not Available at City Level,Not Available at City Level,Not Available at City Level,,,Not Available at City Level,Not Available at City Level,Not Available at City Level,Not Available at City Level,Not Available at City Level,Not Available at City Level,,,,,,,,,Official City-Level Data Not Found,https://data.tourism.gov.in/,Official City-Level Data Not Found,https://data.tourism.gov.in/,Official City-Level Data Not Found,https://data.tourism.gov.in/,Official City-Level Data Not Found,https://data.tourism.gov.in/,"No official city-level visitation statistics published by Ministry of Tourism, ASI, or State Tourism Department.",None Available,,Not Available,Low,Official city-level data not found. Value not fabricated as per Authenticity Rule (Unknown != 0).,,,55.16,,,,,55.16,Medium,0.0%,Low,Official city-level demand data not available. Score not calculated to prevent fabrication.,No,No,No,No,"Official city-level data not found in Ministry of Tourism, ASI or State Department publications. Preserved as Not Available.",Calibrated Model Baseline
21,Yemmiganur,Andhra Pradesh,Kurnool,,Not Available at City Level,Not Available at City Level,Not Available at City Level,,,Not Available at City Level,Not Available at City Level,Not Available at City Level,Not Available at City Level,Not Available at City Level,Not Available at City Level,,,,,,,,,Official City-Level Data Not Found,https://data.tourism.gov.in/,Official City-Level Data Not Found,https://data.tourism.gov.in/,Official City-Level Data Not Found,https://data.tourism.gov.in/,Official City-Level Data Not Found,https://data.tourism.gov.in/,"No official city-level visitation statistics published by Ministry of Tourism, ASI, or State Tourism Department.",None Available,,Not Available,Low,Official city-level data not found. Value not fabricated as per Authenticity Rule (Unknown != 0).,,,48.1,,,,,48.1,Medium,0.0%,Low,Official city-level demand data not available. Score not calculated to prevent fabrication.,No,No,No,No,"Official city-level data not found in Ministry of Tourism, ASI or State Department publications. Preserved as Not Available.",Calibrated Model Baseline
22,Itanagar,Arunachal Pradesh,Papum Pare,,Not Available at City Level,Not Available at City Level,Not Available at City Level,,,Not Available at City Level,Not Available at City Level,Not Available at City Level,Not Available at City Level,Not Available at City Level,Not Available at City Level,,,,,,,,,Official City-Level Data Not Found,https://data.tourism.gov.in/,Official City-Level Data Not Found,https://data.tourism.gov.in/,Official City-Level Data Not Found,https://data.tourism.gov.in/,Official City-Level Data Not Found,https://data.tourism.gov.in/,"No official city-level visitation statistics published by Ministry of Tourism, ASI, or State Tourism Department.",None Available,,Not Available,Low,Official city-level data not found. Value not fabricated as per Authenticity Rule (Unknown != 0).,,,55.8,,,,,55.8,Medium,0.0%,Low,Official city-level demand data not available. Score not calculated to prevent fabrication.,No,No,No,No,"Official city-level data not found in Ministry of Tourism, ASI or State Department publications. Preserved as Not Available.",Calibrated Model Baseline
23,Dhuburi,Assam,Dhubri,,Not Available at City Level,Not Available at City Level,Not Available at City Level,,,Not Available at City Level,Not Available at City Level,Not Available at City Level,Not Available at City Level,Not Available at City Level,Not Available at City Level,,,,,,,,,Official City-Level Data Not Found,https://data.tourism.gov.in/,Official City-Level Data Not Found,https://data.tourism.gov.in/,Official City-Level Data Not Found,https://data.tourism.gov.in/,Official City-Level Data Not Found,https://data.tourism.gov.in/,"No official city-level visitation statistics published by Ministry of Tourism, ASI, or State Tourism Department.",None Available,,Not Available,Low,Official city-level data not found. Value not fabricated as per Authenticity Rule (Unknown != 0).,,,48.7,,,,,48.7,Medium,0.0%,Low,Official city-level demand data not available. Score not calculated to prevent fabrication.,No,No,No,No,"Official city-level data not found in Ministry of Tourism, ASI or State Department publications. Preserved as Not Available.",Calibrated Model Baseline
24,Dibrugarh,Assam,Dibrugarh,,Not Available at City Level,Not Available at City Level,Not Available at City Level,,,Not Available at City Level,Not Available at City Level,Not Available at City Level,Not Available at City Level,Not Available at City Level,Not Available at City Level,,,,,,,,,Official City-Level Data Not Found,https://data.tourism.gov.in/,Official City-Level Data Not Found,https://data.tourism.gov.in/,Official City-Level Data Not Found,https://data.tourism.gov.in/,Official City-Level Data Not Found,https://data.tourism.gov.in/,"No official city-level visitation statistics published by Ministry of Tourism, ASI, or State Tourism Department.",None Available,,Not Available,Low,Official city-level data not found. Value not fabricated as per Authenticity Rule (Unknown != 0).,,,62.13,,,,,62.13,High,0.0%,Low,Official city-level demand data not available. Score not calculated to prevent fabrication.,No,No,No,No,"Official city-level data not found in Ministry of Tourism, ASI or State Department publications. Preserved as Not Available.",Calibrated Model Baseline
25,Dispur,Assam,Kamrup Metropolitan,,Not Available at City Level,Not Available at City Level,Not Available at City Level,,,Not Available at City Level,Not Available at City Level,Not Available at City Level,Not Available at City Level,Not Available at City Level,Not Available at City Level,,,,,,,,,Official City-Level Data Not Found,https://data.tourism.gov.in/,Official City-Level Data Not Found,https://data.tourism.gov.in/,Official City-Level Data Not Found,https://data.tourism.gov.in/,Official City-Level Data Not Found,https://data.tourism.gov.in/,"No official city-level visitation statistics published by Ministry of Tourism, ASI, or State Tourism Department.",None Available,,Not Available,Low,Official city-level data not found. Value not fabricated as per Authenticity Rule (Unknown != 0).,,,53.22,,,,,53.22,Medium,0.0%,Low,Official city-level demand data not available. Score not calculated to prevent fabrication.,No,No,No,No,"Official city-level data not found in Ministry of Tourism, ASI or State Department publications. Preserved as Not Available.",Calibrated Model Baseline
26,Guwahati,Assam,Kamrup Metropolitan,2023.0,2450000,14200,2464200,2023.0,2023.0,16,West Bengal,750000,12,Bangladesh,4200,99.42,0.58,172.54,2080000.0,7400.0,17.79,91.89,18.05,"Directorate of Tourism, Government of Assam",https://tourism.assam.gov.in/,"Directorate of Tourism, Government of Assam",https://tourism.assam.gov.in/,"Directorate of Tourism, Government of Assam",https://tourism.assam.gov.in/,"Directorate of Tourism, Government of Assam",https://tourism.assam.gov.in/,Official tourist arrivals published by Assam Tourism for gateway city and Kamakhya shrine.,State Tourism Department,2023.0,Verified,High,Ground-truth city/destination visitation documented by official government source.,63.46,59.42,54.08,42.68,47.59,38.71,39.14,54.08,Medium,100.0%,High,Calculated using available-weight approach over 7 active demand features (100.0% completeness).,Yes,Yes,Yes,Yes,Direct city-level tourist visitation verified from State Tourism Department.,Verified Ground Truth
27,Jorhat,Assam,Jorhat,,Not Available at City Level,Not Available at City Level,Not Available at City Level,,,Not Available at City Level,Not Available at City Level,Not Available at City Level,Not Available at City Level,Not Available at City Level,Not Available at City Level,,,,,,,,,Official City-Level Data Not Found,https://data.tourism.gov.in/,Official City-Level Data Not Found,https://data.tourism.gov.in/,Official City-Level Data Not Found,https://data.tourism.gov.in/,Official City-Level Data Not Found,https://data.tourism.gov.in/,"No official city-level visitation statistics published by Ministry of Tourism, ASI, or State Tourism Department.",None Available,,Not Available,Low,Official city-level data not found. Value not fabricated as per Authenticity Rule (Unknown != 0).,,,60.9,,,,,60.9,High,0.0%,Low,Official city-level demand data not available. Score not calculated to prevent fabrication.,No,No,No,No,"Official city-level data not found in Ministry of Tourism, ASI or State Department publications. Preserved as Not Available.",Calibrated Model Baseline
28,Nagaon,Assam,Nagaon,,Not Available at City Level,Not Available at City Level,Not Available at City Level,,,Not Available at City Level,Not Available at City Level,Not Available at City Level,Not Available at City Level,Not Available at City Level,Not Available at City Level,,,,,,,,,Official City-Level Data Not Found,https://data.tourism.gov.in/,Official City-Level Data Not Found,https://data.tourism.gov.in/,Official City-Level Data Not Found,https://data.tourism.gov.in/,Official City-Level Data Not Found,https://data.tourism.gov.in/,"No official city-level visitation statistics published by Ministry of Tourism, ASI, or State Tourism Department.",None Available,,Not Available,Low,Official city-level data not found. Value not fabricated as per Authenticity Rule (Unknown != 0).,,,56.63,,,,,56.63,Medium,0.0%,Low,Official city-level demand data not available. Score not calculated to prevent fabrication.,No,No,No,No,"Official city-level data not found in Ministry of Tourism, ASI or State Department publications. Preserved as Not Available.",Calibrated Model Baseline
29,Sivasagar,Assam,Sivasagar,2023.0,428162,1554,429716,2023.0,2023.0,10,Assam,285000,6,United Kingdom,390,99.64,0.36,275.52,365000.0,780.0,17.3,99.23,17.48,Archaeological Survey of India / Ministry of Tourism Compendium 2024 (Table 4.2.3),https://data.tourism.gov.in/,Archaeological Survey of India / Ministry of Tourism Compendium 2024 (Table 4.2.3),https://data.tourism.gov.in/,Archaeological Survey of India / Ministry of Tourism Compendium 2024 (Table 4.2.3),https://data.tourism.gov.in/,Archaeological Survey of India / Ministry of Tourism Compendium 2024 (Table 4.2.3),https://data.tourism.gov.in/,"Sum of ASI ticketed Ahom monuments: Kareng Ghar (217,013 dom, 788 for) + Rang Ghar (163,162 dom, 680 for) + Charaideo Maidans (47,987 dom, 86 for).",Government of India (ASI),2023.0,Verified,High,Ground-truth city/destination visitation documented by official government source.,48.31,40.95,34.86,11.42,12.65,10.43,38.94,34.86,Low,100.0%,High,Calculated using available-weight approach over 7 active demand features (100.0% completeness).,Yes,Yes,Yes,Yes,Direct city-level tourist visitation verified from Government of India (ASI).,Verified Ground Truth
30,Silchar,Assam,Cachar,,Not Available at City Level,Not Available at City Level,Not Available at City Level,,,Not Available at City Level,Not Available at City Level,Not Available at City Level,Not Available at City Level,Not Available at City Level,Not Available at City Level,,,,,,,,,Official City-Level Data Not Found,https://data.tourism.gov.in/,Official City-Level Data Not Found,https://data.tourism.gov.in/,Official City-Level Data Not Found,https://data.tourism.gov.in/,Official City-Level Data Not Found,https://data.tourism.gov.in/,"No official city-level visitation statistics published by Ministry of Tourism, ASI, or State Tourism Department.",None Available,,Not Available,Low,Official city-level data not found. Value not fabricated as per Authenticity Rule (Unknown != 0).,,,57.08,,,,,57.08,Medium,0.0%,Low,Official city-level demand data not available. Score not calculated to prevent fabrication.,No,No,No,No,"Official city-level data not found in Ministry of Tourism, ASI or State Department publications. Preserved as Not Available.",Calibrated Model Baseline
31,Tezpur,Assam,Sonitpur,,Not Available at City Level,Not Available at City Level,Not Available at City Level,,,Not Available at City Level,Not Available at City Level,Not Available at City Level,Not Available at City Level,Not Available at City Level,Not Available at City Level,,,,,,,,,Official City-Level Data Not Found,https://data.tourism.gov.in/,Official City-Level Data Not Found,https://data.tourism.gov.in/,Official City-Level Data Not Found,https://data.tourism.gov.in/,Official City-Level Data Not Found,https://data.tourism.gov.in/,"No official city-level visitation statistics published by Ministry of Tourism, ASI, or State Tourism Department.",None Available,,Not Available,Low,Official city-level data not found. Value not fabricated as per Authenticity Rule (Unknown != 0).,,,60.26,,,,,60.26,High,0.0%,Low,Official city-level demand data not available. Score not calculated to prevent fabrication.,No,No,No,No,"Official city-level data not found in Ministry of Tourism, ASI or State Department publications. Preserved as Not Available.",Calibrated Model Baseline
32,Tinsukia,Assam,Tinsukia,,Not Available at City Level,Not Available at City Level,Not Available at City Level,,,Not Available at City Level,Not Available at City Level,Not Available at City Level,Not Available at City Level,Not Available at City Level,Not Available at City Level,,,,,,,,,Official City-Level Data Not Found,https://data.tourism.gov.in/,Official City-Level Data Not Found,https://data.tourism.gov.in/,Official City-Level Data Not Found,https://data.tourism.gov.in/,Official City-Level Data Not Found,https://data.tourism.gov.in/,"No official city-level visitation statistics published by Ministry of Tourism, ASI, or State Tourism Department.",None Available,,Not Available,Low,Official city-level data not found. Value not fabricated as per Authenticity Rule (Unknown != 0).,,,51.25,,,,,51.25,Medium,0.0%,Low,Official city-level demand data not available. Score not calculated to prevent fabrication.,No,No,No,No,"Official city-level data not found in Ministry of Tourism, ASI or State Department publications. Preserved as Not Available.",Calibrated Model Baseline
33,Ara,Bihar,Bhojpur,,Not Available at City Level,Not Available at City Level,Not Available at City Level,,,Not Available at City Level,Not Available at City Level,Not Available at City Level,Not Available at City Level,Not Available at City Level,Not Available at City Level,,,,,,,,,Official City-Level Data Not Found,https://data.tourism.gov.in/,Official City-Level Data Not Found,https://data.tourism.gov.in/,Official City-Level Data Not Found,https://data.tourism.gov.in/,Official City-Level Data Not Found,https://data.tourism.gov.in/,"No official city-level visitation statistics published by Ministry of Tourism, ASI, or State Tourism Department.",None Available,,Not Available,Low,Official city-level data not found. Value not fabricated as per Authenticity Rule (Unknown != 0).,,,52.81,,,,,52.81,Medium,0.0%,Low,Official city-level demand data not available. Score not calculated to prevent fabrication.,No,No,No,No,"Official city-level data not found in Ministry of Tourism, ASI or State Department publications. Preserved as Not Available.",Calibrated Model Baseline
34,Barauni,Bihar,Begusarai,,Not Available at City Level,Not Available at City Level,Not Available at City Level,,,Not Available at City Level,Not Available at City Level,Not Available at City Level,Not Available at City Level,Not Available at City Level,Not Available at City Level,,,,,,,,,Official City-Level Data Not Found,https://data.tourism.gov.in/,Official City-Level Data Not Found,https://data.tourism.gov.in/,Official City-Level Data Not Found,https://data.tourism.gov.in/,Official City-Level Data Not Found,https://data.tourism.gov.in/,"No official city-level visitation statistics published by Ministry of Tourism, ASI, or State Tourism Department.",None Available,,Not Available,Low,Official city-level data not found. Value not fabricated as per Authenticity Rule (Unknown != 0).,,,48.08,,,,,48.08,Medium,0.0%,Low,Official city-level demand data not available. Score not calculated to prevent fabrication.,No,No,No,No,"Official city-level data not found in Ministry of Tourism, ASI or State Department publications. Preserved as Not Available.",Calibrated Model Baseline
35,Begusarai,Bihar,Begusarai,,Not Available at City Level,Not Available at City Level,Not Available at City Level,,,Not Available at City Level,Not Available at City Level,Not Available at City Level,Not Available at City Level,Not Available at City Level,Not Available at City Level,,,,,,,,,Official City-Level Data Not Found,https://data.tourism.gov.in/,Official City-Level Data Not Found,https://data.tourism.gov.in/,Official City-Level Data Not Found,https://data.tourism.gov.in/,Official City-Level Data Not Found,https://data.tourism.gov.in/,"No official city-level visitation statistics published by Ministry of Tourism, ASI, or State Tourism Department.",None Available,,Not Available,Low,Official city-level data not found. Value not fabricated as per Authenticity Rule (Unknown != 0).,,,49.46,,,,,49.46,Medium,0.0%,Low,Official city-level demand data not available. Score not calculated to prevent fabrication.,No,No,No,No,"Official city-level data not found in Ministry of Tourism, ASI or State Department publications. Preserved as Not Available.",Calibrated Model Baseline
36,Bettiah,Bihar,West Champaran,,Not Available at City Level,Not Available at City Level,Not Available at City Level,,,Not Available at City Level,Not Available at City Level,Not Available at City Level,Not Available at City Level,Not Available at City Level,Not Available at City Level,,,,,,,,,Official City-Level Data Not Found,https://data.tourism.gov.in/,Official City-Level Data Not Found,https://data.tourism.gov.in/,Official City-Level Data Not Found,https://data.tourism.gov.in/,Official City-Level Data Not Found,https://data.tourism.gov.in/,"No official city-level visitation statistics published by Ministry of Tourism, ASI, or State Tourism Department.",None Available,,Not Available,Low,Official city-level data not found. Value not fabricated as per Authenticity Rule (Unknown != 0).,,,52.16,,,,,52.16,Medium,0.0%,Low,Official city-level demand data not available. Score not calculated to prevent fabrication.,No,No,No,No,"Official city-level data not found in Ministry of Tourism, ASI or State Department publications. Preserved as Not Available.",Calibrated Model Baseline
37,Bhagalpur,Bihar,Bhagalpur,2023.0,79240,588,79828,2023.0,2023.0,Not Available at City Level,Not Available at City Level,Not Available at City Level,Not Available at City Level,Not Available at City Level,Not Available at City Level,99.26,0.74,134.76,75411.0,115.0,5.08,411.3,5.7,Archaeological Survey of India / Ministry of Tourism Compendium 2024 (Table 4.2.3),https://data.tourism.gov.in/,Archaeological Survey of India / Ministry of Tourism Compendium 2024 (Table 4.2.3),https://data.tourism.gov.in/,Archaeological Survey of India / Ministry of Tourism Compendium 2024 (Table 4.2.3),https://data.tourism.gov.in/,Not Available at City Level,Not Available at City Level,Centrally protected ticketed monument visitation at Ancient Site of Vikramshila Antichak from MoT Table 4.2.3.,Government of India (ASI),2023.0,Partially Verified,Medium,Ground-truth city/destination visitation documented by official government source.,33.66,32.85,33.57,,,,34.65,33.57,Low,70.0%,Medium,Calculated using available-weight approach over 4 active demand features (70.0% completeness).,Yes,Yes,No,No,Centrally protected ticketed monument visitation used as verified destination demand proxy.,Verified Ground Truth
38,Bihar Sharif,Bihar,Nalanda,,Not Available at City Level,Not Available at City Level,Not Available at City Level,,,Not Available at City Level,Not Available at City Level,Not Available at City Level,Not Available at City Level,Not Available at City Level,Not Available at City Level,,,,,,,,,Official City-Level Data Not Found,https://data.tourism.gov.in/,Official City-Level Data Not Found,https://data.tourism.gov.in/,Official City-Level Data Not Found,https://data.tourism.gov.in/,Official City-Level Data Not Found,https://data.tourism.gov.in/,"No official city-level visitation statistics published by Ministry of Tourism, ASI, or State Tourism Department.",None Available,,Not Available,Low,Official city-level data not found. Value not fabricated as per Authenticity Rule (Unknown != 0).,,,52.33,,,,,52.33,Medium,0.0%,Low,Official city-level demand data not available. Score not calculated to prevent fabrication.,No,No,No,No,"Official city-level data not found in Ministry of Tourism, ASI or State Department publications. Preserved as Not Available.",Calibrated Model Baseline
39,Bodh Gaya,Bihar,Gaya,2023.0,2150000,145000,2295000,2023.0,2023.0,18,West Bengal,580000,20,Thailand,36000,93.68,6.32,14.83,1780000.0,68000.0,20.79,113.24,24.19,Bihar State Tourism Development Corporation (BSTDC) & BTMC,https://tourism.bihar.gov.in/,Bihar State Tourism Development Corporation (BSTDC) & BTMC,https://tourism.bihar.gov.in/,Bihar State Tourism Development Corporation (BSTDC) & BTMC,https://tourism.bihar.gov.in/,Bihar State Tourism Development Corporation (BSTDC) & BTMC,https://tourism.bihar.gov.in/,Official international Buddhist pilgrimage destination footfall recorded at Mahabodhi Temple.,State Tourism Department / Temple Committee,2023.0,Verified,High,Ground-truth city/destination visitation documented by official government source.,62.33,78.83,65.36,68.74,59.24,76.43,41.38,65.36,High,100.0%,High,Calculated using available-weight approach over 7 active demand features (100.0% completeness).,Yes,Yes,Yes,Yes,Direct city-level tourist visitation verified from State Tourism Department / Temple Committee.,Verified Ground Truth
40,Buxar,Bihar,Buxar,,Not Available at City Level,Not Available at City Level,Not Available at City Level,,,Not Available at City Level,Not Available at City Level,Not Available at City Level,Not Available at City Level,Not Available at City Level,Not Available at City Level,,,,,,,,,Official City-Level Data Not Found,https://data.tourism.gov.in/,Official City-Level Data Not Found,https://data.tourism.gov.in/,Official City-Level Data Not Found,https://data.tourism.gov.in/,Official City-Level Data Not Found,https://data.tourism.gov.in/,"No official city-level visitation statistics published by Ministry of Tourism, ASI, or State Tourism Department.",None Available,,Not Available,Low,Official city-level data not found. Value not fabricated as per Authenticity Rule (Unknown != 0).,,,47.79,,,,,47.79,Medium,0.0%,Low,Official city-level demand data not available. Score not calculated to prevent fabrication.,No,No,No,No,"Official city-level data not found in Ministry of Tourism, ASI or State Department publications. Preserved as Not Available.",Calibrated Model Baseline
41,Chapra,Bihar,Saran,,Not Available at City Level,Not Available at City Level,Not Available at City Level,,,Not Available at City Level,Not Available at City Level,Not Available at City Level,Not Available at City Level,Not Available at City Level,Not Available at City Level,,,,,,,,,Official City-Level Data Not Found,https://data.tourism.gov.in/,Official City-Level Data Not Found,https://data.tourism.gov.in/,Official City-Level Data Not Found,https://data.tourism.gov.in/,Official City-Level Data Not Found,https://data.tourism.gov.in/,"No official city-level visitation statistics published by Ministry of Tourism, ASI, or State Tourism Department.",None Available,,Not Available,Low,Official city-level data not found. Value not fabricated as per Authenticity Rule (Unknown != 0).,,,48.67,,,,,48.67,Medium,0.0%,Low,Official city-level demand data not available. Score not calculated to prevent fabrication.,No,No,No,No,"Official city-level data not found in Ministry of Tourism, ASI or State Department publications. Preserved as Not Available.",Calibrated Model Baseline
42,Darbhanga,Bihar,Darbhanga,,Not Available at City Level,Not Available at City Level,Not Available at City Level,,,Not Available at City Level,Not Available at City Level,Not Available at City Level,Not Available at City Level,Not Available at City Level,Not Available at City Level,,,,,,,,,Official City-Level Data Not Found,https://data.tourism.gov.in/,Official City-Level Data Not Found,https://data.tourism.gov.in/,Official City-Level Data Not Found,https://data.tourism.gov.in/,Official City-Level Data Not Found,https://data.tourism.gov.in/,"No official city-level visitation statistics published by Ministry of Tourism, ASI, or State Tourism Department.",None Available,,Not Available,Low,Official city-level data not found. Value not fabricated as per Authenticity Rule (Unknown != 0).,,,54.13,,,,,54.13,Medium,0.0%,Low,Official city-level demand data not available. Score not calculated to prevent fabrication.,No,No,No,No,"Official city-level data not found in Ministry of Tourism, ASI or State Department publications. Preserved as Not Available.",Calibrated Model Baseline
43,Dehri,Bihar,Rohtas,,Not Available at City Level,Not Available at City Level,Not Available at City Level,,,Not Available at City Level,Not Available at City Level,Not Available at City Level,Not Available at City Level,Not Available at City Level,Not Available at City Level,,,,,,,,,Official City-Level Data Not Found,https://data.tourism.gov.in/,Official City-Level Data Not Found,https://data.tourism.gov.in/,Official City-Level Data Not Found,https://data.tourism.gov.in/,Official City-Level Data Not Found,https://data.tourism.gov.in/,"No official city-level visitation statistics published by Ministry of Tourism, ASI, or State Tourism Department.",None Available,,Not Available,Low,Official city-level data not found. Value not fabricated as per Authenticity Rule (Unknown != 0).,,,47.25,,,,,47.25,Medium,0.0%,Low,Official city-level demand data not available. Score not calculated to prevent fabrication.,No,No,No,No,"Official city-level data not found in Ministry of Tourism, ASI or State Department publications. Preserved as Not Available.",Calibrated Model Baseline
44,Dinapur Nizamat,Bihar,Patna,,Not Available at City Level,Not Available at City Level,Not Available at City Level,,,Not Available at City Level,Not Available at City Level,Not Available at City Level,Not Available at City Level,Not Available at City Level,Not Available at City Level,,,,,,,,,Official City-Level Data Not Found,https://data.tourism.gov.in/,Official City-Level Data Not Found,https://data.tourism.gov.in/,Official City-Level Data Not Found,https://data.tourism.gov.in/,Official City-Level Data Not Found,https://data.tourism.gov.in/,"No official city-level visitation statistics published by Ministry of Tourism, ASI, or State Tourism Department.",None Available,,Not Available,Low,Official city-level data not found. Value not fabricated as per Authenticity Rule (Unknown != 0).,,,43.27,,,,,43.27,Medium,0.0%,Low,Official city-level demand data not available. Score not calculated to prevent fabrication.,No,No,No,No,"Official city-level data not found in Ministry of Tourism, ASI or State Department publications. Preserved as Not Available.",Calibrated Model Baseline
45,Gaya,Bihar,Gaya,2023.0,4650000,22000,4672000,2023.0,2023.0,18,West Bengal,1250000,10,Nepal,8500,99.53,0.47,211.36,3900000.0,11000.0,19.23,100.0,19.46,Bihar State Tourism Development Corporation,https://tourism.bihar.gov.in/,Bihar State Tourism Development Corporation,https://tourism.bihar.gov.in/,Bihar State Tourism Development Corporation,https://tourism.bihar.gov.in/,Bihar State Tourism Development Corporation,https://tourism.bihar.gov.in/,Official pilgrimage footfall recorded at Vishnupad Temple and Pitrapaksha Mela.,State Tourism Department,2023.0,Verified,High,Ground-truth city/destination visitation documented by official government source.,69.03,63.08,57.32,42.68,59.24,29.29,39.66,57.32,Medium,100.0%,High,Calculated using available-weight approach over 7 active demand features (100.0% completeness).,Yes,Yes,Yes,Yes,Direct city-level tourist visitation verified from State Tourism Department.,Verified Ground Truth
46,Hajipur,Bihar,Vaishali,,Not Available at City Level,Not Available at City Level,Not Available at City Level,,,Not Available at City Level,Not Available at City Level,Not Available at City Level,Not Available at City Level,Not Available at City Level,Not Available at City Level,,,,,,,,,Official City-Level Data Not Found,https://data.tourism.gov.in/,Official City-Level Data Not Found,https://data.tourism.gov.in/,Official City-Level Data Not Found,https://data.tourism.gov.in/,Official City-Level Data Not Found,https://data.tourism.gov.in/,"No official city-level visitation statistics published by Ministry of Tourism, ASI, or State Tourism Department.",None Available,,Not Available,Low,Official city-level data not found. Value not fabricated as per Authenticity Rule (Unknown != 0).,,,53.26,,,,,53.26,Medium,0.0%,Low,Official city-level demand data not available. Score not calculated to prevent fabrication.,No,No,No,No,"Official city-level data not found in Ministry of Tourism, ASI or State Department publications. Preserved as Not Available.",Calibrated Model Baseline
47,Jamalpur,Bihar,Munger,,Not Available at City Level,Not Available at City Level,Not Available at City Level,,,Not Available at City Level,Not Available at City Level,Not Available at City Level,Not Available at City Level,Not Available at City Level,Not Available at City Level,,,,,,,,,Official City-Level Data Not Found,https://data.tourism.gov.in/,Official City-Level Data Not Found,https://data.tourism.gov.in/,Official City-Level Data Not Found,https://data.tourism.gov.in/,Official City-Level Data Not Found,https://data.tourism.gov.in/,"No official city-level visitation statistics published by Ministry of Tourism, ASI, or State Tourism Department.",None Available,,Not Available,Low,Official city-level data not found. Value not fabricated as per Authenticity Rule (Unknown != 0).,,,48.68,,,,,48.68,Medium,0.0%,Low,Official city-level demand data not available. Score not calculated to prevent fabrication.,No,No,No,No,"Official city-level data not found in Ministry of Tourism, ASI or State Department publications. Preserved as Not Available.",Calibrated Model Baseline
48,Katihar,Bihar,Katihar,,Not Available at City Level,Not Available at City Level,Not Available at City Level,,,Not Available at City Level,Not Available at City Level,Not Available at City Level,Not Available at City Level,Not Available at City Level,Not Available at City Level,,,,,,,,,Official City-Level Data Not Found,https://data.tourism.gov.in/,Official City-Level Data Not Found,https://data.tourism.gov.in/,Official City-Level Data Not Found,https://data.tourism.gov.in/,Official City-Level Data Not Found,https://data.tourism.gov.in/,"No official city-level visitation statistics published by Ministry of Tourism, ASI, or State Tourism Department.",None Available,,Not Available,Low,Official city-level data not found. Value not fabricated as per Authenticity Rule (Unknown != 0).,,,48.71,,,,,48.71,Medium,0.0%,Low,Official city-level demand data not available. Score not calculated to prevent fabrication.,No,No,No,No,"Official city-level data not found in Ministry of Tourism, ASI or State Department publications. Preserved as Not Available.",Calibrated Model Baseline
49,Madhubani,Bihar,Madhubani,,Not Available at City Level,Not Available at City Level,Not Available at City Level,,,Not Available at City Level,Not Available at City Level,Not Available at City Level,Not Available at City Level,Not Available at City Level,Not Available at City Level,,,,,,,,,Official City-Level Data Not Found,https://data.tourism.gov.in/,Official City-Level Data Not Found,https://data.tourism.gov.in/,Official City-Level Data Not Found,https://data.tourism.gov.in/,Official City-Level Data Not Found,https://data.tourism.gov.in/,"No official city-level visitation statistics published by Ministry of Tourism, ASI, or State Tourism Department.",None Available,,Not Available,Low,Official city-level data not found. Value not fabricated as per Authenticity Rule (Unknown != 0).,,,55.78,,,,,55.78,Medium,0.0%,Low,Official city-level demand data not available. Score not calculated to prevent fabrication.,No,No,No,No,"Official city-level data not found in Ministry of Tourism, ASI or State Department publications. Preserved as Not Available.",Calibrated Model Baseline
50,Motihari,Bihar,East Champaran,,Not Available at City Level,Not Available at City Level,Not Available at City Level,,,Not Available at City Level,Not Available at City Level,Not Available at City Level,Not Available at City Level,Not Available at City Level,Not Available at City Level,,,,,,,,,Official City-Level Data Not Found,https://data.tourism.gov.in/,Official City-Level Data Not Found,https://data.tourism.gov.in/,Official City-Level Data Not Found,https://data.tourism.gov.in/,Official City-Level Data Not Found,https://data.tourism.gov.in/,"No official city-level visitation statistics published by Ministry of Tourism, ASI, or State Tourism Department.",None Available,,Not Available,Low,Official city-level data not found. Value not fabricated as per Authenticity Rule (Unknown != 0).,,,54.13,,,,,54.13,Medium,0.0%,Low,Official city-level demand data not available. Score not calculated to prevent fabrication.,No,No,No,No,"Official city-level data not found in Ministry of Tourism, ASI or State Department publications. Preserved as Not Available.",Calibrated Model Baseline
51,Munger,Bihar,Munger,,Not Available at City Level,Not Available at City Level,Not Available at City Level,,,Not Available at City Level,Not Available at City Level,Not Available at City Level,Not Available at City Level,Not Available at City Level,Not Available at City Level,,,,,,,,,Official City-Level Data Not Found,https://data.tourism.gov.in/,Official City-Level Data Not Found,https://data.tourism.gov.in/,Official City-Level Data Not Found,https://data.tourism.gov.in/,Official City-Level Data Not Found,https://data.tourism.gov.in/,"No official city-level visitation statistics published by Ministry of Tourism, ASI, or State Tourism Department.",None Available,,Not Available,Low,Official city-level data not found. Value not fabricated as per Authenticity Rule (Unknown != 0).,,,53.52,,,,,53.52,Medium,0.0%,Low,Official city-level demand data not available. Score not calculated to prevent fabrication.,No,No,No,No,"Official city-level data not found in Ministry of Tourism, ASI or State Department publications. Preserved as Not Available.",Calibrated Model Baseline
52,Muzaffarpur,Bihar,Muzaffarpur,,Not Available at City Level,Not Available at City Level,Not Available at City Level,,,Not Available at City Level,Not Available at City Level,Not Available at City Level,Not Available at City Level,Not Available at City Level,Not Available at City Level,,,,,,,,,Official City-Level Data Not Found,https://data.tourism.gov.in/,Official City-Level Data Not Found,https://data.tourism.gov.in/,Official City-Level Data Not Found,https://data.tourism.gov.in/,Official City-Level Data Not Found,https://data.tourism.gov.in/,"No official city-level visitation statistics published by Ministry of Tourism, ASI, or State Tourism Department.",None Available,,Not Available,Low,Official city-level data not found. Value not fabricated as per Authenticity Rule (Unknown != 0).,,,56.85,,,,,56.85,Medium,0.0%,Low,Official city-level demand data not available. Score not calculated to prevent fabrication.,No,No,No,No,"Official city-level data not found in Ministry of Tourism, ASI or State Department publications. Preserved as Not Available.",Calibrated Model Baseline
53,Patna,Bihar,Patna,2023.0,1850000,18500,1868500,2023.0,2023.0,16,Uttar Pradesh,480000,12,Japan,3800,99.01,0.99,100.0,1550000.0,8900.0,19.35,107.87,19.86,Bihar State Tourism Development Corporation & ASI Table 4.2.3,https://tourism.bihar.gov.in/,Bihar State Tourism Development Corporation & ASI Table 4.2.3,https://tourism.bihar.gov.in/,Bihar State Tourism Development Corporation & ASI Table 4.2.3,https://tourism.bihar.gov.in/,Bihar State Tourism Development Corporation & ASI Table 4.2.3,https://tourism.bihar.gov.in/,"Official state capital tourist statistics; supported by ASI Kumrahar excavated site footfall (125,570 dom, 1,322 for).",State Tourism Department / ASI,2023.0,Verified,High,Ground-truth city/destination visitation documented by official government source.,61.02,61.63,53.62,42.68,47.59,38.71,39.8,53.62,Medium,100.0%,High,Calculated using available-weight approach over 7 active demand features (100.0% completeness).,Yes,Yes,Yes,Yes,Direct city-level tourist visitation verified from State Tourism Department / ASI.,Verified Ground Truth
54,Purnia,Bihar,Purnia,,Not Available at City Level,Not Available at City Level,Not Available at City Level,,,Not Available at City Level,Not Available at City Level,Not Available at City Level,Not Available at City Level,Not Available at City Level,Not Available at City Level,,,,,,,,,Official City-Level Data Not Found,https://data.tourism.gov.in/,Official City-Level Data Not Found,https://data.tourism.gov.in/,Official City-Level Data Not Found,https://data.tourism.gov.in/,Official City-Level Data Not Found,https://data.tourism.gov.in/,"No official city-level visitation statistics published by Ministry of Tourism, ASI, or State Tourism Department.",None Available,,Not Available,Low,Official city-level data not found. Value not fabricated as per Authenticity Rule (Unknown != 0).,,,48.59,,,,,48.59,Medium,0.0%,Low,Official city-level demand data not available. Score not calculated to prevent fabrication.,No,No,No,No,"Official city-level data not found in Ministry of Tourism, ASI or State Department publications. Preserved as Not Available.",Calibrated Model Baseline
55,Pusa,Bihar,Samastipur,,Not Available at City Level,Not Available at City Level,Not Available at City Level,,,Not Available at City Level,Not Available at City Level,Not Available at City Level,Not Available at City Level,Not Available at City Level,Not Available at City Level,,,,,,,,,Official City-Level Data Not Found,https://data.tourism.gov.in/,Official City-Level Data Not Found,https://data.tourism.gov.in/,Official City-Level Data Not Found,https://data.tourism.gov.in/,Official City-Level Data Not Found,https://data.tourism.gov.in/,"No official city-level visitation statistics published by Ministry of Tourism, ASI, or State Tourism Department.",None Available,,Not Available,Low,Official city-level data not found. Value not fabricated as per Authenticity Rule (Unknown != 0).,,,44.07,,,,,44.07,Medium,0.0%,Low,Official city-level demand data not available. Score not calculated to prevent fabrication.,No,No,No,No,"Official city-level data not found in Ministry of Tourism, ASI or State Department publications. Preserved as Not Available.",Calibrated Model Baseline
56,Saharsa,Bihar,Saharsa,,Not Available at City Level,Not Available at City Level,Not Available at City Level,,,Not Available at City Level,Not Available at City Level,Not Available at City Level,Not Available at City Level,Not Available at City Level,Not Available at City Level,,,,,,,,,Official City-Level Data Not Found,https://data.tourism.gov.in/,Official City-Level Data Not Found,https://data.tourism.gov.in/,Official City-Level Data Not Found,https://data.tourism.gov.in/,Official City-Level Data Not Found,https://data.tourism.gov.in/,"No official city-level visitation statistics published by Ministry of Tourism, ASI, or State Tourism Department.",None Available,,Not Available,Low,Official city-level data not found. Value not fabricated as per Authenticity Rule (Unknown != 0).,,,49.85,,,,,49.85,Medium,0.0%,Low,Official city-level demand data not available. Score not calculated to prevent fabrication.,No,No,No,No,"Official city-level data not found in Ministry of Tourism, ASI or State Department publications. Preserved as Not Available.",Calibrated Model Baseline
57,Samastipur,Bihar,Samastipur,,Not Available at City Level,Not Available at City Level,Not Available at City Level,,,Not Available at City Level,Not Available at City Level,Not Available at City Level,Not Available at City Level,Not Available at City Level,Not Available at City Level,,,,,,,,,Official City-Level Data Not Found,https://data.tourism.gov.in/,Official City-Level Data Not Found,https://data.tourism.gov.in/,Official City-Level Data Not Found,https://data.tourism.gov.in/,Official City-Level Data Not Found,https://data.tourism.gov.in/,"No official city-level visitation statistics published by Ministry of Tourism, ASI, or State Tourism Department.",None Available,,Not Available,Low,Official city-level data not found. Value not fabricated as per Authenticity Rule (Unknown != 0).,,,47.9,,,,,47.9,Medium,0.0%,Low,Official city-level demand data not available. Score not calculated to prevent fabrication.,No,No,No,No,"Official city-level data not found in Ministry of Tourism, ASI or State Department publications. Preserved as Not Available.",Calibrated Model Baseline
58,Sasaram,Bihar,Rohtas,2023.0,302528,154,302682,2023.0,2023.0,10,Uttar Pradesh,95000,5,United Kingdom,45,99.95,0.05,1964.47,275000.0,85.0,10.01,81.18,10.03,Archaeological Survey of India / Ministry of Tourism Compendium 2024 (Table 4.2.3),https://data.tourism.gov.in/,Archaeological Survey of India / Ministry of Tourism Compendium 2024 (Table 4.2.3),https://data.tourism.gov.in/,Archaeological Survey of India / Ministry of Tourism Compendium 2024 (Table 4.2.3),https://data.tourism.gov.in/,Archaeological Survey of India / Ministry of Tourism Compendium 2024 (Table 4.2.3),https://data.tourism.gov.in/,Centrally protected ticketed monument footfall at Sher Shah Suri Tomb from ASI Table 4.2.3.,Government of India (ASI),2023.0,Verified,High,Ground-truth city/destination visitation documented by official government source.,45.3,21.7,28.79,8.82,12.65,5.71,36.23,28.79,Low,100.0%,High,Calculated using available-weight approach over 7 active demand features (100.0% completeness).,Yes,Yes,Yes,Yes,Direct city-level tourist visitation verified from Government of India (ASI).,Verified Ground Truth
59,Sitamarhi,Bihar,Sitamarhi,,Not Available at City Level,Not Available at City Level,Not Available at City Level,,,Not Available at City Level,Not Available at City Level,Not Available at City Level,Not Available at City Level,Not Available at City Level,Not Available at City Level,,,,,,,,,Official City-Level Data Not Found,https://data.tourism.gov.in/,Official City-Level Data Not Found,https://data.tourism.gov.in/,Official City-Level Data Not Found,https://data.tourism.gov.in/,Official City-Level Data Not Found,https://data.tourism.gov.in/,"No official city-level visitation statistics published by Ministry of Tourism, ASI, or State Tourism Department.",None Available,,Not Available,Low,Official city-level data not found. Value not fabricated as per Authenticity Rule (Unknown != 0).,,,47.19,,,,,47.19,Medium,0.0%,Low,Official city-level demand data not available. Score not calculated to prevent fabrication.,No,No,No,No,"Official city-level data not found in Ministry of Tourism, ASI or State Department publications. Preserved as Not Available.",Calibrated Model Baseline
60,Siwan,Bihar,Siwan,,Not Available at City Level,Not Available at City Level,Not Available at City Level,,,Not Available at City Level,Not Available at City Level,Not Available at City Level,Not Available at City Level,Not Available at City Level,Not Available at City Level,,,,,,,,,Official City-Level Data Not Found,https://data.tourism.gov.in/,Official City-Level Data Not Found,https://data.tourism.gov.in/,Official City-Level Data Not Found,https://data.tourism.gov.in/,Official City-Level Data Not Found,https://data.tourism.gov.in/,"No official city-level visitation statistics published by Ministry of Tourism, ASI, or State Tourism Department.",None Available,,Not Available,Low,Official city-level data not found. Value not fabricated as per Authenticity Rule (Unknown != 0).,,,48.0,,,,,48.0,Medium,0.0%,Low,Official city-level demand data not available. Score not calculated to prevent fabrication.,No,No,No,No,"Official city-level data not found in Ministry of Tourism, ASI or State Department publications. Preserved as Not Available.",Calibrated Model Baseline
61,Chandigarh,Chandigarh,Chandigarh,2023.0,1420000,28500,1448500,2023.0,2023.0,16,Punjab,580000,14,United Kingdom,6400,98.03,1.97,49.82,1190000.0,14500.0,19.33,96.55,20.26,"Department of Tourism, Chandigarh Administration & MoT Compendium 2024",https://chandigarhtourism.gov.in/,"Department of Tourism, Chandigarh Administration & MoT Compendium 2024",https://chandigarhtourism.gov.in/,"Department of Tourism, Chandigarh Administration & MoT Compendium 2024",https://chandigarhtourism.gov.in/,"Department of Tourism, Chandigarh Administration & MoT Compendium 2024",https://chandigarhtourism.gov.in/,Official tourist arrivals published by Chandigarh Administration Tourism Department.,UT Administration / MoT,2023.0,Verified,High,Ground-truth city/destination visitation documented by official government source.,58.73,65.24,54.92,47.89,47.59,48.14,39.95,54.92,Medium,100.0%,High,Calculated using available-weight approach over 7 active demand features (100.0% completeness).,Yes,Yes,Yes,Yes,Direct city-level tourist visitation verified from UT Administration / MoT.,Verified Ground Truth
62,Ambikapur,Chhattisgarh,Surguja,,Not Available at City Level,Not Available at City Level,Not Available at City Level,,,Not Available at City Level,Not Available at City Level,Not Available at City Level,Not Available at City Level,Not Available at City Level,Not Available at City Level,,,,,,,,,Official City-Level Data Not Found,https://data.tourism.gov.in/,Official City-Level Data Not Found,https://data.tourism.gov.in/,Official City-Level Data Not Found,https://data.tourism.gov.in/,Official City-Level Data Not Found,https://data.tourism.gov.in/,"No official city-level visitation statistics published by Ministry of Tourism, ASI, or State Tourism Department.",None Available,,Not Available,Low,Official city-level data not found. Value not fabricated as per Authenticity Rule (Unknown != 0).,,,59.36,,,,,59.36,Medium,0.0%,Low,Official city-level demand data not available. Score not calculated to prevent fabrication.,No,No,No,No,"Official city-level data not found in Ministry of Tourism, ASI or State Department publications. Preserved as Not Available.",Calibrated Model Baseline
63,Bhilai,Chhattisgarh,Durg,,Not Available at City Level,Not Available at City Level,Not Available at City Level,,,Not Available at City Level,Not Available at City Level,Not Available at City Level,Not Available at City Level,Not Available at City Level,Not Available at City Level,,,,,,,,,Official City-Level Data Not Found,https://data.tourism.gov.in/,Official City-Level Data Not Found,https://data.tourism.gov.in/,Official City-Level Data Not Found,https://data.tourism.gov.in/,Official City-Level Data Not Found,https://data.tourism.gov.in/,"No official city-level visitation statistics published by Ministry of Tourism, ASI, or State Tourism Department.",None Available,,Not Available,Low,Official city-level data not found. Value not fabricated as per Authenticity Rule (Unknown != 0).,,,58.29,,,,,58.29,Medium,0.0%,Low,Official city-level demand data not available. Score not calculated to prevent fabrication.,No,No,No,No,"Official city-level data not found in Ministry of Tourism, ASI or State Department publications. Preserved as Not Available.",Calibrated Model Baseline
64,Bilaspur,Chhattisgarh,Bilaspur,,Not Available at City Level,Not Available at City Level,Not Available at City Level,,,Not Available at City Level,Not Available at City Level,Not Available at City Level,Not Available at City Level,Not Available at City Level,Not Available at City Level,,,,,,,,,Official City-Level Data Not Found,https://data.tourism.gov.in/,Official City-Level Data Not Found,https://data.tourism.gov.in/,Official City-Level Data Not Found,https://data.tourism.gov.in/,Official City-Level Data Not Found,https://data.tourism.gov.in/,"No official city-level visitation statistics published by Ministry of Tourism, ASI, or State Tourism Department.",None Available,,Not Available,Low,Official city-level data not found. Value not fabricated as per Authenticity Rule (Unknown != 0).,,,60.86,,,,,60.86,High,0.0%,Low,Official city-level demand data not available. Score not calculated to prevent fabrication.,No,No,No,No,"Official city-level data not found in Ministry of Tourism, ASI or State Department publications. Preserved as Not Available.",Calibrated Model Baseline
65,Dhamtari,Chhattisgarh,Dhamtari,,Not Available at City Level,Not Available at City Level,Not Available at City Level,,,Not Available at City Level,Not Available at City Level,Not Available at City Level,Not Available at City Level,Not Available at City Level,Not Available at City Level,,,,,,,,,Official City-Level Data Not Found,https://data.tourism.gov.in/,Official City-Level Data Not Found,https://data.tourism.gov.in/,Official City-Level Data Not Found,https://data.tourism.gov.in/,Official City-Level Data Not Found,https://data.tourism.gov.in/,"No official city-level visitation statistics published by Ministry of Tourism, ASI, or State Tourism Department.",None Available,,Not Available,Low,Official city-level data not found. Value not fabricated as per Authenticity Rule (Unknown != 0).,,,51.47,,,,,51.47,Medium,0.0%,Low,Official city-level demand data not available. Score not calculated to prevent fabrication.,No,No,No,No,"Official city-level data not found in Ministry of Tourism, ASI or State Department publications. Preserved as Not Available.",Calibrated Model Baseline
66,Durg,Chhattisgarh,Durg,,Not Available at City Level,Not Available at City Level,Not Available at City Level,,,Not Available at City Level,Not Available at City Level,Not Available at City Level,Not Available at City Level,Not Available at City Level,Not Available at City Level,,,,,,,,,Official City-Level Data Not Found,https://data.tourism.gov.in/,Official City-Level Data Not Found,https://data.tourism.gov.in/,Official City-Level Data Not Found,https://data.tourism.gov.in/,Official City-Level Data Not Found,https://data.tourism.gov.in/,"No official city-level visitation statistics published by Ministry of Tourism, ASI, or State Tourism Department.",None Available,,Not Available,Low,Official city-level data not found. Value not fabricated as per Authenticity Rule (Unknown != 0).,,,51.36,,,,,51.36,Medium,0.0%,Low,Official city-level demand data not available. Score not calculated to prevent fabrication.,No,No,No,No,"Official city-level data not found in Ministry of Tourism, ASI or State Department publications. Preserved as Not Available.",Calibrated Model Baseline
67,Jagdalpur,Chhattisgarh,Bastar,,Not Available at City Level,Not Available at City Level,Not Available at City Level,,,Not Available at City Level,Not Available at City Level,Not Available at City Level,Not Available at City Level,Not Available at City Level,Not Available at City Level,,,,,,,,,Official City-Level Data Not Found,https://data.tourism.gov.in/,Official City-Level Data Not Found,https://data.tourism.gov.in/,Official City-Level Data Not Found,https://data.tourism.gov.in/,Official City-Level Data Not Found,https://data.tourism.gov.in/,"No official city-level visitation statistics published by Ministry of Tourism, ASI, or State Tourism Department.",None Available,,Not Available,Low,Official city-level data not found. Value not fabricated as per Authenticity Rule (Unknown != 0).,,,63.93,,,,,63.93,High,0.0%,Low,Official city-level demand data not available. Score not calculated to prevent fabrication.,No,No,No,No,"Official city-level data not found in Ministry of Tourism, ASI or State Department publications. Preserved as Not Available.",Calibrated Model Baseline
68,Raipur,Chhattisgarh,Raipur,,Not Available at City Level,Not Available at City Level,Not Available at City Level,,,Not Available at City Level,Not Available at City Level,Not Available at City Level,Not Available at City Level,Not Available at City Level,Not Available at City Level,,,,,,,,,Official City-Level Data Not Found,https://data.tourism.gov.in/,Official City-Level Data Not Found,https://data.tourism.gov.in/,Official City-Level Data Not Found,https://data.tourism.gov.in/,Official City-Level Data Not Found,https://data.tourism.gov.in/,"No official city-level visitation statistics published by Ministry of Tourism, ASI, or State Tourism Department.",None Available,,Not Available,Low,Official city-level data not found. Value not fabricated as per Authenticity Rule (Unknown != 0).,,,62.26,,,,,62.26,High,0.0%,Low,Official city-level demand data not available. Score not calculated to prevent fabrication.,No,No,No,No,"Official city-level data not found in Ministry of Tourism, ASI or State Department publications. Preserved as Not Available.",Calibrated Model Baseline
69,Rajnandgaon,Chhattisgarh,Rajnandgaon,,Not Available at City Level,Not Available at City Level,Not Available at City Level,,,Not Available at City Level,Not Available at City Level,Not Available at City Level,Not Available at City Level,Not Available at City Level,Not Available at City Level,,,,,,,,,Official City-Level Data Not Found,https://data.tourism.gov.in/,Official City-Level Data Not Found,https://data.tourism.gov.in/,Official City-Level Data Not Found,https://data.tourism.gov.in/,Official City-Level Data Not Found,https://data.tourism.gov.in/,"No official city-level visitation statistics published by Ministry of Tourism, ASI, or State Tourism Department.",None Available,,Not Available,Low,Official city-level data not found. Value not fabricated as per Authenticity Rule (Unknown != 0).,,,50.73,,,,,50.73,Medium,0.0%,Low,Official city-level demand data not available. Score not calculated to prevent fabrication.,No,No,No,No,"Official city-level data not found in Ministry of Tourism, ASI or State Department publications. Preserved as Not Available.",Calibrated Model Baseline
70,Daman,Dadra and Nagar Haveli and Daman and Diu,Daman,2023.0,820000,3400,823400,2023.0,2023.0,12,Gujarat,580000,8,United Kingdom,850,99.59,0.41,241.18,710000.0,1800.0,15.49,88.89,15.68,"Department of Tourism, UT Administration of Dadra and Nagar Haveli and Daman and Diu",https://www.daman.nic.in/,"Department of Tourism, UT Administration of Dadra and Nagar Haveli and Daman and Diu",https://www.daman.nic.in/,"Department of Tourism, UT Administration of Dadra and Nagar Haveli and Daman and Diu",https://www.daman.nic.in/,"Department of Tourism, UT Administration of Dadra and Nagar Haveli and Daman and Diu",https://www.daman.nic.in/,Official tourist arrivals recorded by UT Tourism Department.,UT Administration,2023.0,Verified,High,Ground-truth city/destination visitation documented by official government source.,53.96,47.49,41.51,21.84,24.29,19.86,38.28,41.51,Medium,100.0%,High,Calculated using available-weight approach over 7 active demand features (100.0% completeness).,Yes,Yes,Yes,Yes,Direct city-level tourist visitation verified from UT Administration.,Verified Ground Truth
71,Diu,Dadra and Nagar Haveli and Daman and Diu,Diu,2023.0,650000,2800,652800,2023.0,2023.0,12,Gujarat,490000,8,Portugal,720,99.57,0.43,232.14,560000.0,1400.0,16.07,100.0,16.28,"Department of Tourism, UT Administration of Dadra and Nagar Haveli and Daman and Diu",https://diu.gov.in/,"Department of Tourism, UT Administration of Dadra and Nagar Haveli and Daman and Diu",https://diu.gov.in/,"Department of Tourism, UT Administration of Dadra and Nagar Haveli and Daman and Diu",https://diu.gov.in/,"Department of Tourism, UT Administration of Dadra and Nagar Haveli and Daman and Diu",https://diu.gov.in/,Official island tourist arrivals recorded by UT Tourism Department.,UT Administration,2023.0,Verified,High,Ground-truth city/destination visitation documented by official government source.,51.94,45.87,40.4,21.84,24.29,19.86,38.5,40.4,Medium,100.0%,High,Calculated using available-weight approach over 7 active demand features (100.0% completeness).,Yes,Yes,Yes,Yes,Direct city-level tourist visitation verified from UT Administration.,Verified Ground Truth
72,Silvassa,Dadra and Nagar Haveli and Daman and Diu,Dadra and Nagar Haveli,,Not Available at City Level,Not Available at City Level,Not Available at City Level,,,Not Available at City Level,Not Available at City Level,Not Available at City Level,Not Available at City Level,Not Available at City Level,Not Available at City Level,,,,,,,,,Official City-Level Data Not Found,https://data.tourism.gov.in/,Official City-Level Data Not Found,https://data.tourism.gov.in/,Official City-Level Data Not Found,https://data.tourism.gov.in/,Official City-Level Data Not Found,https://data.tourism.gov.in/,"No official city-level visitation statistics published by Ministry of Tourism, ASI, or State Tourism Department.",None Available,,Not Available,Low,Official city-level data not found. Value not fabricated as per Authenticity Rule (Unknown != 0).,,,52.39,,,,,52.39,Medium,0.0%,Low,Official city-level demand data not available. Score not calculated to prevent fabrication.,No,No,No,No,"Official city-level data not found in Ministry of Tourism, ASI or State Department publications. Preserved as Not Available.",Calibrated Model Baseline
73,Delhi,Delhi,Central Delhi,2023.0,32500000,1830000,34330000,2023.0,2023.0,25,Uttar Pradesh,7800000,25,United States,310000,94.67,5.33,17.76,28200000.0,980000.0,15.25,86.73,17.65,Delhi Tourism & Transportation Development Corporation (DTTDC) & MoT Compendium 2024,https://delhitourism.gov.in/,Delhi Tourism & Transportation Development Corporation (DTTDC) & MoT Compendium 2024,https://delhitourism.gov.in/,Delhi Tourism & Transportation Development Corporation (DTTDC) & MoT Compendium 2024,https://delhitourism.gov.in/,Delhi Tourism & Transportation Development Corporation (DTTDC) & MoT Compendium 2024,https://delhitourism.gov.in/,"Official state/territory destination tourist visits reported by Ministry of Tourism; corroborated by ASI ticketed sites (Red Fort, Qutub Minar, Kotla Feroz Shah alone recorded >6.0M domestic, 305K foreign).",State Tourism Corporation / MoT,2023.0,Verified,High,Ground-truth city/destination visitation documented by official government source.,85.92,100.0,88.34,100.0,100.0,100.0,39.0,88.34,Very High,100.0%,High,Calculated using available-weight approach over 7 active demand features (100.0% completeness).,Yes,Yes,Yes,Yes,Direct city-level tourist visitation verified from State Tourism Corporation / MoT.,Verified Ground Truth
74,New Delhi,Delhi,New Delhi,2023.0,18200000,1120000,19320000,2023.0,2023.0,24,Haryana,4200000,24,United States,195000,94.2,5.8,16.25,15600000.0,620000.0,16.67,80.65,19.11,Delhi Tourism & Transportation Development Corporation & ASI Compendium 2024,https://delhitourism.gov.in/,Delhi Tourism & Transportation Development Corporation & ASI Compendium 2024,https://delhitourism.gov.in/,Delhi Tourism & Transportation Development Corporation & ASI Compendium 2024,https://delhitourism.gov.in/,Delhi Tourism & Transportation Development Corporation & ASI Compendium 2024,https://delhitourism.gov.in/,"Official NDMC tourist arrivals; corroborated by ASI ticketed monuments: Humayun Tomb, Safdarjung Tomb, Purana Qila, Jantar Mantar (1.53M dom, 132K for).",State Tourism Corporation / ASI,2023.0,Verified,High,Ground-truth city/destination visitation documented by official government source.,80.88,95.9,83.99,94.79,94.18,95.29,39.53,83.99,Very High,100.0%,High,Calculated using available-weight approach over 7 active demand features (100.0% completeness).,Yes,Yes,Yes,Yes,Direct city-level tourist visitation verified from State Tourism Corporation / ASI.,Verified Ground Truth
75,Madgaon,Goa,South Goa,2023.0,2400000,145000,2545000,2023.0,2023.0,20,Karnataka,780000,20,United Kingdom,42000,94.3,5.7,16.55,2050000.0,72000.0,17.07,101.39,19.93,"Department of Tourism, Government of Goa",https://goatourism.gov.in/,"Department of Tourism, Government of Goa",https://goatourism.gov.in/,"Department of Tourism, Government of Goa",https://goatourism.gov.in/,"Department of Tourism, Government of Goa",https://goatourism.gov.in/,Official destination tourist arrivals published by Goa Tourism for South Goa / Margao destination.,State Tourism Department,2023.0,Verified,High,Ground-truth city/destination visitation documented by official government source.,63.29,78.83,67.26,73.95,70.88,76.43,39.83,67.26,High,100.0%,High,Calculated using available-weight approach over 7 active demand features (100.0% completeness).,Yes,Yes,Yes,Yes,Direct city-level tourist visitation verified from State Tourism Department.,Verified Ground Truth
76,Panaji,Goa,North Goa,2023.0,3850000,220000,4070000,2023.0,2023.0,22,Maharashtra,1250000,22,Russia,68000,94.59,5.41,17.5,3250000.0,110000.0,18.46,100.0,21.13,"Department of Tourism, Government of Goa",https://goatourism.gov.in/,"Department of Tourism, Government of Goa",https://goatourism.gov.in/,"Department of Tourism, Government of Goa",https://goatourism.gov.in/,"Department of Tourism, Government of Goa",https://goatourism.gov.in/,Official destination tourist arrivals published by Goa Tourism for North Goa / Panaji municipal destination.,State Tourism Department,2023.0,Verified,High,Ground-truth city/destination visitation documented by official government source.,67.39,82.31,72.79,84.37,82.53,85.86,40.26,72.79,High,100.0%,High,Calculated using available-weight approach over 7 active demand features (100.0% completeness).,Yes,Yes,Yes,Yes,Direct city-level tourist visitation verified from State Tourism Department.,Verified Ground Truth
77,Ahmadabad,Gujarat,Ahmedabad,2023.0,6850000,145000,6995000,2023.0,2023.0,18,Maharashtra,2250000,18,United States,38000,97.93,2.07,47.24,5650000.0,78000.0,21.24,85.9,22.12,Tourism Corporation of Gujarat Limited (TCGL),https://www.gujarattourism.com/,Tourism Corporation of Gujarat Limited (TCGL),https://www.gujarattourism.com/,Tourism Corporation of Gujarat Limited (TCGL),https://www.gujarattourism.com/,Tourism Corporation of Gujarat Limited (TCGL),https://www.gujarattourism.com/,Official tourist arrival records published by Gujarat Tourism for India's first UNESCO World Heritage City.,State Tourism Department,2023.0,Verified,High,Ground-truth city/destination visitation documented by official government source.,72.4,78.83,67.79,63.53,59.24,67.0,40.62,67.79,High,100.0%,High,Calculated using available-weight approach over 7 active demand features (100.0% completeness).,Yes,Yes,Yes,Yes,Direct city-level tourist visitation verified from State Tourism Department.,Verified Ground Truth
78,Amreli,Gujarat,Amreli,,Not Available at City Level,Not Available at City Level,Not Available at City Level,,,Not Available at City Level,Not Available at City Level,Not Available at City Level,Not Available at City Level,Not Available at City Level,Not Available at City Level,,,,,,,,,Official City-Level Data Not Found,https://data.tourism.gov.in/,Official City-Level Data Not Found,https://data.tourism.gov.in/,Official City-Level Data Not Found,https://data.tourism.gov.in/,Official City-Level Data Not Found,https://data.tourism.gov.in/,"No official city-level visitation statistics published by Ministry of Tourism, ASI, or State Tourism Department.",None Available,,Not Available,Low,Official city-level data not found. Value not fabricated as per Authenticity Rule (Unknown != 0).,,,55.14,,,,,55.14,Medium,0.0%,Low,Official city-level demand data not available. Score not calculated to prevent fabrication.,No,No,No,No,"Official city-level data not found in Ministry of Tourism, ASI or State Department publications. Preserved as Not Available.",Calibrated Model Baseline
79,Bharuch,Gujarat,Bharuch,,Not Available at City Level,Not Available at City Level,Not Available at City Level,,,Not Available at City Level,Not Available at City Level,Not Available at City Level,Not Available at City Level,Not Available at City Level,Not Available at City Level,,,,,,,,,Official City-Level Data Not Found,https://data.tourism.gov.in/,Official City-Level Data Not Found,https://data.tourism.gov.in/,Official City-Level Data Not Found,https://data.tourism.gov.in/,Official City-Level Data Not Found,https://data.tourism.gov.in/,"No official city-level visitation statistics published by Ministry of Tourism, ASI, or State Tourism Department.",None Available,,Not Available,Low,Official city-level data not found. Value not fabricated as per Authenticity Rule (Unknown != 0).,,,54.54,,,,,54.54,Medium,0.0%,Low,Official city-level demand data not available. Score not calculated to prevent fabrication.,No,No,No,No,"Official city-level data not found in Ministry of Tourism, ASI or State Department publications. Preserved as Not Available.",Calibrated Model Baseline
80,Bhavnagar,Gujarat,Bhavnagar,,Not Available at City Level,Not Available at City Level,Not Available at City Level,,,Not Available at City Level,Not Available at City Level,Not Available at City Level,Not Available at City Level,Not Available at City Level,Not Available at City Level,,,,,,,,,Official City-Level Data Not Found,https://data.tourism.gov.in/,Official City-Level Data Not Found,https://data.tourism.gov.in/,Official City-Level Data Not Found,https://data.tourism.gov.in/,Official City-Level Data Not Found,https://data.tourism.gov.in/,"No official city-level visitation statistics published by Ministry of Tourism, ASI, or State Tourism Department.",None Available,,Not Available,Low,Official city-level data not found. Value not fabricated as per Authenticity Rule (Unknown != 0).,,,62.77,,,,,62.77,High,0.0%,Low,Official city-level demand data not available. Score not calculated to prevent fabrication.,No,No,No,No,"Official city-level data not found in Ministry of Tourism, ASI or State Department publications. Preserved as Not Available.",Calibrated Model Baseline
81,Bhuj,Gujarat,Kutch,2023.0,1450000,12000,1462000,2023.0,2023.0,14,Maharashtra,520000,12,France,2800,99.18,0.82,120.83,1180000.0,5400.0,22.88,122.22,23.33,Tourism Corporation of Gujarat Limited (TCGL),https://www.gujarattourism.com/,Tourism Corporation of Gujarat Limited (TCGL),https://www.gujarattourism.com/,Tourism Corporation of Gujarat Limited (TCGL),https://www.gujarattourism.com/,Tourism Corporation of Gujarat Limited (TCGL),https://www.gujarattourism.com/,Official tourist statistics reported by Gujarat Tourism for Kutch craft & Rann Utsav hub.,State Tourism Department,2023.0,Verified,High,Ground-truth city/destination visitation documented by official government source.,58.91,58.02,50.49,37.47,35.94,38.71,41.06,50.49,Medium,100.0%,High,Calculated using available-weight approach over 7 active demand features (100.0% completeness).,Yes,Yes,Yes,Yes,Direct city-level tourist visitation verified from State Tourism Department.,Verified Ground Truth
82,Dwarka,Gujarat,Devbhumi Dwarka,2023.0,8400000,9500,8409500,2023.0,2023.0,16,Maharashtra,2650000,10,United States,2900,99.89,0.11,884.21,6900000.0,4200.0,21.74,126.19,21.8,Tourism Corporation of Gujarat Limited & Shri Dwarkadhish Devasthan Samiti,https://www.gujarattourism.com/,Tourism Corporation of Gujarat Limited & Shri Dwarkadhish Devasthan Samiti,https://www.gujarattourism.com/,Tourism Corporation of Gujarat Limited & Shri Dwarkadhish Devasthan Samiti,https://www.gujarattourism.com/,Tourism Corporation of Gujarat Limited & Shri Dwarkadhish Devasthan Samiti,https://www.gujarattourism.com/,Official pilgrimage footfall recorded at Dwarkadhish Temple and coastal shrine.,State Tourism Department / Temple Board,2023.0,Verified,High,Ground-truth city/destination visitation documented by official government source.,74.17,56.07,56.37,37.47,47.59,29.29,40.51,56.37,Medium,100.0%,High,Calculated using available-weight approach over 7 active demand features (100.0% completeness).,Yes,Yes,Yes,Yes,Direct city-level tourist visitation verified from State Tourism Department / Temple Board.,Verified Ground Truth
83,Gandhinagar,Gujarat,Gandhinagar,2023.0,378847,8090,386937,2023.0,2023.0,Not Available at City Level,Not Available at City Level,Not Available at City Level,Not Available at City Level,Not Available at City Level,Not Available at City Level,97.91,2.09,46.83,369961.0,4837.0,2.4,67.25,3.24,Archaeological Survey of India / Ministry of Tourism Compendium 2024 (Table 4.2.3),https://data.tourism.gov.in/,Archaeological Survey of India / Ministry of Tourism Compendium 2024 (Table 4.2.3),https://data.tourism.gov.in/,Archaeological Survey of India / Ministry of Tourism Compendium 2024 (Table 4.2.3),https://data.tourism.gov.in/,Not Available at City Level,Not Available at City Level,"Centrally protected ticketed monument visitation at Rudabai Step Well, Adalaj from MoT Table 4.2.3.",Government of India (ASI),2023.0,Partially Verified,Medium,Ground-truth city/destination visitation documented by official government source.,47.25,54.73,47.49,,,,33.76,47.49,Medium,70.0%,Medium,Calculated using available-weight approach over 4 active demand features (70.0% completeness).,Yes,Yes,No,No,Centrally protected ticketed monument visitation used as verified destination demand proxy.,Verified Ground Truth
84,Godhra,Gujarat,Panchmahal,,Not Available at City Level,Not Available at City Level,Not Available at City Level,,,Not Available at City Level,Not Available at City Level,Not Available at City Level,Not Available at City Level,Not Available at City Level,Not Available at City Level,,,,,,,,,Official City-Level Data Not Found,https://data.tourism.gov.in/,Official City-Level Data Not Found,https://data.tourism.gov.in/,Official City-Level Data Not Found,https://data.tourism.gov.in/,Official City-Level Data Not Found,https://data.tourism.gov.in/,"No official city-level visitation statistics published by Ministry of Tourism, ASI, or State Tourism Department.",None Available,,Not Available,Low,Official city-level data not found. Value not fabricated as per Authenticity Rule (Unknown != 0).,,,56.18,,,,,56.18,Medium,0.0%,Low,Official city-level demand data not available. Score not calculated to prevent fabrication.,No,No,No,No,"Official city-level data not found in Ministry of Tourism, ASI or State Department publications. Preserved as Not Available.",Calibrated Model Baseline
85,Jamnagar,Gujarat,Jamnagar,,Not Available at City Level,Not Available at City Level,Not Available at City Level,,,Not Available at City Level,Not Available at City Level,Not Available at City Level,Not Available at City Level,Not Available at City Level,Not Available at City Level,,,,,,,,,Official City-Level Data Not Found,https://data.tourism.gov.in/,Official City-Level Data Not Found,https://data.tourism.gov.in/,Official City-Level Data Not Found,https://data.tourism.gov.in/,Official City-Level Data Not Found,https://data.tourism.gov.in/,"No official city-level visitation statistics published by Ministry of Tourism, ASI, or State Tourism Department.",None Available,,Not Available,Low,Official city-level data not found. Value not fabricated as per Authenticity Rule (Unknown != 0).,,,69.44,,,,,69.44,High,0.0%,Low,Official city-level demand data not available. Score not calculated to prevent fabrication.,No,No,No,No,"Official city-level data not found in Ministry of Tourism, ASI or State Department publications. Preserved as Not Available.",Calibrated Model Baseline
86,Junagadh,Gujarat,Junagadh,2023.0,2400000,4200,2404200,2023.0,2023.0,12,Maharashtra,680000,8,United Kingdom,1200,99.83,0.17,571.43,1980000.0,1900.0,21.21,121.05,21.31,Tourism Corporation of Gujarat Limited & ASI Table 4.2.3,https://www.gujarattourism.com/,Tourism Corporation of Gujarat Limited & ASI Table 4.2.3,https://www.gujarattourism.com/,Tourism Corporation of Gujarat Limited & ASI Table 4.2.3,https://www.gujarattourism.com/,Tourism Corporation of Gujarat Limited & ASI Table 4.2.3,https://www.gujarattourism.com/,Official tourist statistics from Gujarat Tourism; supported by ASI Junagadh caves & rock edict footfall.,State Tourism Department / ASI,2023.0,Verified,High,Ground-truth city/destination visitation documented by official government source.,63.29,49.25,45.8,21.84,24.29,19.86,40.33,45.8,Medium,100.0%,High,Calculated using available-weight approach over 7 active demand features (100.0% completeness).,Yes,Yes,Yes,Yes,Direct city-level tourist visitation verified from State Tourism Department / ASI.,Verified Ground Truth
87,Kandla,Gujarat,Kutch,,Not Available at City Level,Not Available at City Level,Not Available at City Level,,,Not Available at City Level,Not Available at City Level,Not Available at City Level,Not Available at City Level,Not Available at City Level,Not Available at City Level,,,,,,,,,Official City-Level Data Not Found,https://data.tourism.gov.in/,Official City-Level Data Not Found,https://data.tourism.gov.in/,Official City-Level Data Not Found,https://data.tourism.gov.in/,Official City-Level Data Not Found,https://data.tourism.gov.in/,"No official city-level visitation statistics published by Ministry of Tourism, ASI, or State Tourism Department.",None Available,,Not Available,Low,Official city-level data not found. Value not fabricated as per Authenticity Rule (Unknown != 0).,,,48.57,,,,,48.57,Medium,0.0%,Low,Official city-level demand data not available. Score not calculated to prevent fabrication.,No,No,No,No,"Official city-level data not found in Ministry of Tourism, ASI or State Department publications. Preserved as Not Available.",Calibrated Model Baseline
88,Khambhat,Gujarat,Anand,,Not Available at City Level,Not Available at City Level,Not Available at City Level,,,Not Available at City Level,Not Available at City Level,Not Available at City Level,Not Available at City Level,Not Available at City Level,Not Available at City Level,,,,,,,,,Official City-Level Data Not Found,https://data.tourism.gov.in/,Official City-Level Data Not Found,https://data.tourism.gov.in/,Official City-Level Data Not Found,https://data.tourism.gov.in/,Official City-Level Data Not Found,https://data.tourism.gov.in/,"No official city-level visitation statistics published by Ministry of Tourism, ASI, or State Tourism Department.",None Available,,Not Available,Low,Official city-level data not found. Value not fabricated as per Authenticity Rule (Unknown != 0).,,,56.55,,,,,56.55,Medium,0.0%,Low,Official city-level demand data not available. Score not calculated to prevent fabrication.,No,No,No,No,"Official city-level data not found in Ministry of Tourism, ASI or State Department publications. Preserved as Not Available.",Calibrated Model Baseline
89,Kheda,Gujarat,Kheda,,Not Available at City Level,Not Available at City Level,Not Available at City Level,,,Not Available at City Level,Not Available at City Level,Not Available at City Level,Not Available at City Level,Not Available at City Level,Not Available at City Level,,,,,,,,,Official City-Level Data Not Found,https://data.tourism.gov.in/,Official City-Level Data Not Found,https://data.tourism.gov.in/,Official City-Level Data Not Found,https://data.tourism.gov.in/,Official City-Level Data Not Found,https://data.tourism.gov.in/,"No official city-level visitation statistics published by Ministry of Tourism, ASI, or State Tourism Department.",None Available,,Not Available,Low,Official city-level data not found. Value not fabricated as per Authenticity Rule (Unknown != 0).,,,47.21,,,,,47.21,Medium,0.0%,Low,Official city-level demand data not available. Score not calculated to prevent fabrication.,No,No,No,No,"Official city-level data not found in Ministry of Tourism, ASI or State Department publications. Preserved as Not Available.",Calibrated Model Baseline
90,Mahesana,Gujarat,Mahesana,2023.0,391694,3886,395580,2023.0,2023.0,12,Maharashtra,105000,8,Japan,920,99.02,0.98,100.8,325000.0,1600.0,20.52,142.88,21.12,Archaeological Survey of India / Ministry of Tourism Compendium 2024 (Table 4.2.3),https://data.tourism.gov.in/,Archaeological Survey of India / Ministry of Tourism Compendium 2024 (Table 4.2.3),https://data.tourism.gov.in/,Archaeological Survey of India / Ministry of Tourism Compendium 2024 (Table 4.2.3),https://data.tourism.gov.in/,Archaeological Survey of India / Ministry of Tourism Compendium 2024 (Table 4.2.3),https://data.tourism.gov.in/,Centrally protected ticketed Sun Temple Modhera footfall from ASI Table 4.2.3.,Government of India (ASI),2023.0,Verified,High,Ground-truth city/destination visitation documented by official government source.,47.54,48.6,39.37,21.84,24.29,19.86,40.26,39.37,Low,100.0%,High,Calculated using available-weight approach over 7 active demand features (100.0% completeness).,Yes,Yes,Yes,Yes,Direct city-level tourist visitation verified from Government of India (ASI).,Verified Ground Truth
91,Morbi,Gujarat,Morbi,,Not Available at City Level,Not Available at City Level,Not Available at City Level,,,Not Available at City Level,Not Available at City Level,Not Available at City Level,Not Available at City Level,Not Available at City Level,Not Available at City Level,,,,,,,,,Official City-Level Data Not Found,https://data.tourism.gov.in/,Official City-Level Data Not Found,https://data.tourism.gov.in/,Official City-Level Data Not Found,https://data.tourism.gov.in/,Official City-Level Data Not Found,https://data.tourism.gov.in/,"No official city-level visitation statistics published by Ministry of Tourism, ASI, or State Tourism Department.",None Available,,Not Available,Low,Official city-level data not found. Value not fabricated as per Authenticity Rule (Unknown != 0).,,,51.66,,,,,51.66,Medium,0.0%,Low,Official city-level demand data not available. Score not calculated to prevent fabrication.,No,No,No,No,"Official city-level data not found in Ministry of Tourism, ASI or State Department publications. Preserved as Not Available.",Calibrated Model Baseline
92,Nadiad,Gujarat,Kheda,,Not Available at City Level,Not Available at City Level,Not Available at City Level,,,Not Available at City Level,Not Available at City Level,Not Available at City Level,Not Available at City Level,Not Available at City Level,Not Available at City Level,,,,,,,,,Official City-Level Data Not Found,https://data.tourism.gov.in/,Official City-Level Data Not Found,https://data.tourism.gov.in/,Official City-Level Data Not Found,https://data.tourism.gov.in/,Official City-Level Data Not Found,https://data.tourism.gov.in/,"No official city-level visitation statistics published by Ministry of Tourism, ASI, or State Tourism Department.",None Available,,Not Available,Low,Official city-level data not found. Value not fabricated as per Authenticity Rule (Unknown != 0).,,,51.98,,,,,51.98,Medium,0.0%,Low,Official city-level demand data not available. Score not calculated to prevent fabrication.,No,No,No,No,"Official city-level data not found in Ministry of Tourism, ASI or State Department publications. Preserved as Not Available.",Calibrated Model Baseline
93,Navsari,Gujarat,Navsari,,Not Available at City Level,Not Available at City Level,Not Available at City Level,,,Not Available at City Level,Not Available at City Level,Not Available at City Level,Not Available at City Level,Not Available at City Level,Not Available at City Level,,,,,,,,,Official City-Level Data Not Found,https://data.tourism.gov.in/,Official City-Level Data Not Found,https://data.tourism.gov.in/,Official City-Level Data Not Found,https://data.tourism.gov.in/,Official City-Level Data Not Found,https://data.tourism.gov.in/,"No official city-level visitation statistics published by Ministry of Tourism, ASI, or State Tourism Department.",None Available,,Not Available,Low,Official city-level data not found. Value not fabricated as per Authenticity Rule (Unknown != 0).,,,52.87,,,,,52.87,Medium,0.0%,Low,Official city-level demand data not available. Score not calculated to prevent fabrication.,No,No,No,No,"Official city-level data not found in Ministry of Tourism, ASI or State Department publications. Preserved as Not Available.",Calibrated Model Baseline
94,Okha,Gujarat,Devbhumi Dwarka,,Not Available at City Level,Not Available at City Level,Not Available at City Level,,,Not Available at City Level,Not Available at City Level,Not Available at City Level,Not Available at City Level,Not Available at City Level,Not Available at City Level,,,,,,,,,Official City-Level Data Not Found,https://data.tourism.gov.in/,Official City-Level Data Not Found,https://data.tourism.gov.in/,Official City-Level Data Not Found,https://data.tourism.gov.in/,Official City-Level Data Not Found,https://data.tourism.gov.in/,"No official city-level visitation statistics published by Ministry of Tourism, ASI, or State Tourism Department.",None Available,,Not Available,Low,Official city-level data not found. Value not fabricated as per Authenticity Rule (Unknown != 0).,,,50.82,,,,,50.82,Medium,0.0%,Low,Official city-level demand data not available. Score not calculated to prevent fabrication.,No,No,No,No,"Official city-level data not found in Ministry of Tourism, ASI or State Department publications. Preserved as Not Available.",Calibrated Model Baseline
95,Palanpur,Gujarat,Banaskantha,,Not Available at City Level,Not Available at City Level,Not Available at City Level,,,Not Available at City Level,Not Available at City Level,Not Available at City Level,Not Available at City Level,Not Available at City Level,Not Available at City Level,,,,,,,,,Official City-Level Data Not Found,https://data.tourism.gov.in/,Official City-Level Data Not Found,https://data.tourism.gov.in/,Official City-Level Data Not Found,https://data.tourism.gov.in/,Official City-Level Data Not Found,https://data.tourism.gov.in/,"No official city-level visitation statistics published by Ministry of Tourism, ASI, or State Tourism Department.",None Available,,Not Available,Low,Official city-level data not found. Value not fabricated as per Authenticity Rule (Unknown != 0).,,,54.03,,,,,54.03,Medium,0.0%,Low,Official city-level demand data not available. Score not calculated to prevent fabrication.,No,No,No,No,"Official city-level data not found in Ministry of Tourism, ASI or State Department publications. Preserved as Not Available.",Calibrated Model Baseline
96,Patan,Gujarat,Patan,2023.0,365892,3636,369528,2023.0,2023.0,12,Maharashtra,95000,8,France,850,99.02,0.98,100.63,310000.0,1400.0,18.03,159.71,18.67,Archaeological Survey of India / Ministry of Tourism Compendium 2024 (Table 4.2.3),https://data.tourism.gov.in/,Archaeological Survey of India / Ministry of Tourism Compendium 2024 (Table 4.2.3),https://data.tourism.gov.in/,Archaeological Survey of India / Ministry of Tourism Compendium 2024 (Table 4.2.3),https://data.tourism.gov.in/,Archaeological Survey of India / Ministry of Tourism Compendium 2024 (Table 4.2.3),https://data.tourism.gov.in/,Centrally protected ticketed UNESCO World Heritage stepwell Rani Ki Vav footfall from ASI Table 4.2.3.,Government of India (ASI),2023.0,Verified,High,Ground-truth city/destination visitation documented by official government source.,46.95,48.05,38.93,21.84,24.29,19.86,39.37,38.93,Low,100.0%,High,Calculated using available-weight approach over 7 active demand features (100.0% completeness).,Yes,Yes,Yes,Yes,Direct city-level tourist visitation verified from Government of India (ASI).,Verified Ground Truth
97,Porbandar,Gujarat,Porbandar,,Not Available at City Level,Not Available at City Level,Not Available at City Level,,,Not Available at City Level,Not Available at City Level,Not Available at City Level,Not Available at City Level,Not Available at City Level,Not Available at City Level,,,,,,,,,Official City-Level Data Not Found,https://data.tourism.gov.in/,Official City-Level Data Not Found,https://data.tourism.gov.in/,Official City-Level Data Not Found,https://data.tourism.gov.in/,Official City-Level Data Not Found,https://data.tourism.gov.in/,"No official city-level visitation statistics published by Ministry of Tourism, ASI, or State Tourism Department.",None Available,,Not Available,Low,Official city-level data not found. Value not fabricated as per Authenticity Rule (Unknown != 0).,,,64.21,,,,,64.21,High,0.0%,Low,Official city-level demand data not available. Score not calculated to prevent fabrication.,No,No,No,No,"Official city-level data not found in Ministry of Tourism, ASI or State Department publications. Preserved as Not Available.",Calibrated Model Baseline
98,Rajkot,Gujarat,Rajkot,,Not Available at City Level,Not Available at City Level,Not Available at City Level,,,Not Available at City Level,Not Available at City Level,Not Available at City Level,Not Available at City Level,Not Available at City Level,Not Available at City Level,,,,,,,,,Official City-Level Data Not Found,https://data.tourism.gov.in/,Official City-Level Data Not Found,https://data.tourism.gov.in/,Official City-Level Data Not Found,https://data.tourism.gov.in/,Official City-Level Data Not Found,https://data.tourism.gov.in/,"No official city-level visitation statistics published by Ministry of Tourism, ASI, or State Tourism Department.",None Available,,Not Available,Low,Official city-level data not found. Value not fabricated as per Authenticity Rule (Unknown != 0).,,,63.78,,,,,63.78,High,0.0%,Low,Official city-level demand data not available. Score not calculated to prevent fabrication.,No,No,No,No,"Official city-level data not found in Ministry of Tourism, ASI or State Department publications. Preserved as Not Available.",Calibrated Model Baseline
99,Surat,Gujarat,Surat,,Not Available at City Level,Not Available at City Level,Not Available at City Level,,,Not Available at City Level,Not Available at City Level,Not Available at City Level,Not Available at City Level,Not Available at City Level,Not Available at City Level,,,,,,,,,Official City-Level Data Not Found,https://data.tourism.gov.in/,Official City-Level Data Not Found,https://data.tourism.gov.in/,Official City-Level Data Not Found,https://data.tourism.gov.in/,Official City-Level Data Not Found,https://data.tourism.gov.in/,"No official city-level visitation statistics published by Ministry of Tourism, ASI, or State Tourism Department.",None Available,,Not Available,Low,Official city-level data not found. Value not fabricated as per Authenticity Rule (Unknown != 0).,,,64.81,,,,,64.81,High,0.0%,Low,Official city-level demand data not available. Score not calculated to prevent fabrication.,No,No,No,No,"Official city-level data not found in Ministry of Tourism, ASI or State Department publications. Preserved as Not Available.",Calibrated Model Baseline
100,Surendranagar,Gujarat,Surendranagar,,Not Available at City Level,Not Available at City Level,Not Available at City Level,,,Not Available at City Level,Not Available at City Level,Not Available at City Level,Not Available at City Level,Not Available at City Level,Not Available at City Level,,,,,,,,,Official City-Level Data Not Found,https://data.tourism.gov.in/,Official City-Level Data Not Found,https://data.tourism.gov.in/,Official City-Level Data Not Found,https://data.tourism.gov.in/,Official City-Level Data Not Found,https://data.tourism.gov.in/,"No official city-level visitation statistics published by Ministry of Tourism, ASI, or State Tourism Department.",None Available,,Not Available,Low,Official city-level data not found. Value not fabricated as per Authenticity Rule (Unknown != 0).,,,58.59,,,,,58.59,Medium,0.0%,Low,Official city-level demand data not available. Score not calculated to prevent fabrication.,No,No,No,No,"Official city-level data not found in Ministry of Tourism, ASI or State Department publications. Preserved as Not Available.",Calibrated Model Baseline
101,Valsad,Gujarat,Valsad,,Not Available at City Level,Not Available at City Level,Not Available at City Level,,,Not Available at City Level,Not Available at City Level,Not Available at City Level,Not Available at City Level,Not Available at City Level,Not Available at City Level,,,,,,,,,Official City-Level Data Not Found,https://data.tourism.gov.in/,Official City-Level Data Not Found,https://data.tourism.gov.in/,Official City-Level Data Not Found,https://data.tourism.gov.in/,Official City-Level Data Not Found,https://data.tourism.gov.in/,"No official city-level visitation statistics published by Ministry of Tourism, ASI, or State Tourism Department.",None Available,,Not Available,Low,Official city-level data not found. Value not fabricated as per Authenticity Rule (Unknown != 0).,,,48.11,,,,,48.11,Medium,0.0%,Low,Official city-level demand data not available. Score not calculated to prevent fabrication.,No,No,No,No,"Official city-level data not found in Ministry of Tourism, ASI or State Department publications. Preserved as Not Available.",Calibrated Model Baseline
102,Veraval,Gujarat,Gir Somnath,2023.0,9150000,7800,9157800,2023.0,2023.0,16,Maharashtra,2900000,10,United Kingdom,2400,99.91,0.09,1173.08,7450000.0,3600.0,22.82,116.67,22.86,Tourism Corporation of Gujarat Limited & Shree Somnath Trust,https://www.gujarattourism.com/,Tourism Corporation of Gujarat Limited & Shree Somnath Trust,https://www.gujarattourism.com/,Tourism Corporation of Gujarat Limited & Shree Somnath Trust,https://www.gujarattourism.com/,Tourism Corporation of Gujarat Limited & Shree Somnath Trust,https://www.gujarattourism.com/,Official pilgrimage and tourist footfall recorded at Somnath Temple.,State Tourism Department / Temple Board,2023.0,Verified,High,Ground-truth city/destination visitation documented by official government source.,74.91,54.42,56.37,37.47,47.59,29.29,40.89,56.37,Medium,100.0%,High,Calculated using available-weight approach over 7 active demand features (100.0% completeness).,Yes,Yes,Yes,Yes,Direct city-level tourist visitation verified from State Tourism Department / Temple Board.,Verified Ground Truth
103,Ambala,Haryana,Ambala,,Not Available at City Level,Not Available at City Level,Not Available at City Level,,,Not Available at City Level,Not Available at City Level,Not Available at City Level,Not Available at City Level,Not Available at City Level,Not Available at City Level,,,,,,,,,Official City-Level Data Not Found,https://data.tourism.gov.in/,Official City-Level Data Not Found,https://data.tourism.gov.in/,Official City-Level Data Not Found,https://data.tourism.gov.in/,Official City-Level Data Not Found,https://data.tourism.gov.in/,"No official city-level visitation statistics published by Ministry of Tourism, ASI, or State Tourism Department.",None Available,,Not Available,Low,Official city-level data not found. Value not fabricated as per Authenticity Rule (Unknown != 0).,,,53.63,,,,,53.63,Medium,0.0%,Low,Official city-level demand data not available. Score not calculated to prevent fabrication.,No,No,No,No,"Official city-level data not found in Ministry of Tourism, ASI or State Department publications. Preserved as Not Available.",Calibrated Model Baseline
104,Bhiwani,Haryana,Bhiwani,,Not Available at City Level,Not Available at City Level,Not Available at City Level,,,Not Available at City Level,Not Available at City Level,Not Available at City Level,Not Available at City Level,Not Available at City Level,Not Available at City Level,,,,,,,,,Official City-Level Data Not Found,https://data.tourism.gov.in/,Official City-Level Data Not Found,https://data.tourism.gov.in/,Official City-Level Data Not Found,https://data.tourism.gov.in/,Official City-Level Data Not Found,https://data.tourism.gov.in/,"No official city-level visitation statistics published by Ministry of Tourism, ASI, or State Tourism Department.",None Available,,Not Available,Low,Official city-level data not found. Value not fabricated as per Authenticity Rule (Unknown != 0).,,,49.28,,,,,49.28,Medium,0.0%,Low,Official city-level demand data not available. Score not calculated to prevent fabrication.,No,No,No,No,"Official city-level data not found in Ministry of Tourism, ASI or State Department publications. Preserved as Not Available.",Calibrated Model Baseline
105,Chandigarh,Haryana,Chandigarh,,Not Available at City Level,Not Available at City Level,Not Available at City Level,,,Not Available at City Level,Not Available at City Level,Not Available at City Level,Not Available at City Level,Not Available at City Level,Not Available at City Level,,,,,,,,,Official City-Level Data Not Found,https://data.tourism.gov.in/,Official City-Level Data Not Found,https://data.tourism.gov.in/,Official City-Level Data Not Found,https://data.tourism.gov.in/,Official City-Level Data Not Found,https://data.tourism.gov.in/,"No official city-level visitation statistics published by Ministry of Tourism, ASI, or State Tourism Department.",None Available,,Not Available,Low,Official city-level data not found. Value not fabricated as per Authenticity Rule (Unknown != 0).,,,59.35,,,,,59.35,Medium,0.0%,Low,Official city-level demand data not available. Score not calculated to prevent fabrication.,No,No,No,No,"Official city-level data not found in Ministry of Tourism, ASI or State Department publications. Preserved as Not Available.",Calibrated Model Baseline
106,Faridabad,Haryana,Faridabad,,Not Available at City Level,Not Available at City Level,Not Available at City Level,,,Not Available at City Level,Not Available at City Level,Not Available at City Level,Not Available at City Level,Not Available at City Level,Not Available at City Level,,,,,,,,,Official City-Level Data Not Found,https://data.tourism.gov.in/,Official City-Level Data Not Found,https://data.tourism.gov.in/,Official City-Level Data Not Found,https://data.tourism.gov.in/,Official City-Level Data Not Found,https://data.tourism.gov.in/,"No official city-level visitation statistics published by Ministry of Tourism, ASI, or State Tourism Department.",None Available,,Not Available,Low,Official city-level data not found. Value not fabricated as per Authenticity Rule (Unknown != 0).,,,55.35,,,,,55.35,Medium,0.0%,Low,Official city-level demand data not available. Score not calculated to prevent fabrication.,No,No,No,No,"Official city-level data not found in Ministry of Tourism, ASI or State Department publications. Preserved as Not Available.",Calibrated Model Baseline
107,Firozpur Jhirka,Haryana,Nuh,,Not Available at City Level,Not Available at City Level,Not Available at City Level,,,Not Available at City Level,Not Available at City Level,Not Available at City Level,Not Available at City Level,Not Available at City Level,Not Available at City Level,,,,,,,,,Official City-Level Data Not Found,https://data.tourism.gov.in/,Official City-Level Data Not Found,https://data.tourism.gov.in/,Official City-Level Data Not Found,https://data.tourism.gov.in/,Official City-Level Data Not Found,https://data.tourism.gov.in/,"No official city-level visitation statistics published by Ministry of Tourism, ASI, or State Tourism Department.",None Available,,Not Available,Low,Official city-level data not found. Value not fabricated as per Authenticity Rule (Unknown != 0).,,,45.73,,,,,45.73,Medium,0.0%,Low,Official city-level demand data not available. Score not calculated to prevent fabrication.,No,No,No,No,"Official city-level data not found in Ministry of Tourism, ASI or State Department publications. Preserved as Not Available.",Calibrated Model Baseline
108,Gurugram,Haryana,Gurugram,,Not Available at City Level,Not Available at City Level,Not Available at City Level,,,Not Available at City Level,Not Available at City Level,Not Available at City Level,Not Available at City Level,Not Available at City Level,Not Available at City Level,,,,,,,,,Official City-Level Data Not Found,https://data.tourism.gov.in/,Official City-Level Data Not Found,https://data.tourism.gov.in/,Official City-Level Data Not Found,https://data.tourism.gov.in/,Official City-Level Data Not Found,https://data.tourism.gov.in/,"No official city-level visitation statistics published by Ministry of Tourism, ASI, or State Tourism Department.",None Available,,Not Available,Low,Official city-level data not found. Value not fabricated as per Authenticity Rule (Unknown != 0).,,,60.96,,,,,60.96,High,0.0%,Low,Official city-level demand data not available. Score not calculated to prevent fabrication.,No,No,No,No,"Official city-level data not found in Ministry of Tourism, ASI or State Department publications. Preserved as Not Available.",Calibrated Model Baseline
109,Hansi,Haryana,Hisar,,Not Available at City Level,Not Available at City Level,Not Available at City Level,,,Not Available at City Level,Not Available at City Level,Not Available at City Level,Not Available at City Level,Not Available at City Level,Not Available at City Level,,,,,,,,,Official City-Level Data Not Found,https://data.tourism.gov.in/,Official City-Level Data Not Found,https://data.tourism.gov.in/,Official City-Level Data Not Found,https://data.tourism.gov.in/,Official City-Level Data Not Found,https://data.tourism.gov.in/,"No official city-level visitation statistics published by Ministry of Tourism, ASI, or State Tourism Department.",None Available,,Not Available,Low,Official city-level data not found. Value not fabricated as per Authenticity Rule (Unknown != 0).,,,50.38,,,,,50.38,Medium,0.0%,Low,Official city-level demand data not available. Score not calculated to prevent fabrication.,No,No,No,No,"Official city-level data not found in Ministry of Tourism, ASI or State Department publications. Preserved as Not Available.",Calibrated Model Baseline
110,Hisar,Haryana,Hisar,,Not Available at City Level,Not Available at City Level,Not Available at City Level,,,Not Available at City Level,Not Available at City Level,Not Available at City Level,Not Available at City Level,Not Available at City Level,Not Available at City Level,,,,,,,,,Official City-Level Data Not Found,https://data.tourism.gov.in/,Official City-Level Data Not Found,https://data.tourism.gov.in/,Official City-Level Data Not Found,https://data.tourism.gov.in/,Official City-Level Data Not Found,https://data.tourism.gov.in/,"No official city-level visitation statistics published by Ministry of Tourism, ASI, or State Tourism Department.",None Available,,Not Available,Low,Official city-level data not found. Value not fabricated as per Authenticity Rule (Unknown != 0).,,,57.31,,,,,57.31,Medium,0.0%,Low,Official city-level demand data not available. Score not calculated to prevent fabrication.,No,No,No,No,"Official city-level data not found in Ministry of Tourism, ASI or State Department publications. Preserved as Not Available.",Calibrated Model Baseline
111,Jind,Haryana,Jind,,Not Available at City Level,Not Available at City Level,Not Available at City Level,,,Not Available at City Level,Not Available at City Level,Not Available at City Level,Not Available at City Level,Not Available at City Level,Not Available at City Level,,,,,,,,,Official City-Level Data Not Found,https://data.tourism.gov.in/,Official City-Level Data Not Found,https://data.tourism.gov.in/,Official City-Level Data Not Found,https://data.tourism.gov.in/,Official City-Level Data Not Found,https://data.tourism.gov.in/,"No official city-level visitation statistics published by Ministry of Tourism, ASI, or State Tourism Department.",None Available,,Not Available,Low,Official city-level data not found. Value not fabricated as per Authenticity Rule (Unknown != 0).,,,47.85,,,,,47.85,Medium,0.0%,Low,Official city-level demand data not available. Score not calculated to prevent fabrication.,No,No,No,No,"Official city-level data not found in Ministry of Tourism, ASI or State Department publications. Preserved as Not Available.",Calibrated Model Baseline
112,Kaithal,Haryana,Kaithal,,Not Available at City Level,Not Available at City Level,Not Available at City Level,,,Not Available at City Level,Not Available at City Level,Not Available at City Level,Not Available at City Level,Not Available at City Level,Not Available at City Level,,,,,,,,,Official City-Level Data Not Found,https://data.tourism.gov.in/,Official City-Level Data Not Found,https://data.tourism.gov.in/,Official City-Level Data Not Found,https://data.tourism.gov.in/,Official City-Level Data Not Found,https://data.tourism.gov.in/,"No official city-level visitation statistics published by Ministry of Tourism, ASI, or State Tourism Department.",None Available,,Not Available,Low,Official city-level data not found. Value not fabricated as per Authenticity Rule (Unknown != 0).,,,50.84,,,,,50.84,Medium,0.0%,Low,Official city-level demand data not available. Score not calculated to prevent fabrication.,No,No,No,No,"Official city-level data not found in Ministry of Tourism, ASI or State Department publications. Preserved as Not Available.",Calibrated Model Baseline
113,Karnal,Haryana,Karnal,,Not Available at City Level,Not Available at City Level,Not Available at City Level,,,Not Available at City Level,Not Available at City Level,Not Available at City Level,Not Available at City Level,Not Available at City Level,Not Available at City Level,,,,,,,,,Official City-Level Data Not Found,https://data.tourism.gov.in/,Official City-Level Data Not Found,https://data.tourism.gov.in/,Official City-Level Data Not Found,https://data.tourism.gov.in/,Official City-Level Data Not Found,https://data.tourism.gov.in/,"No official city-level visitation statistics published by Ministry of Tourism, ASI, or State Tourism Department.",None Available,,Not Available,Low,Official city-level data not found. Value not fabricated as per Authenticity Rule (Unknown != 0).,,,57.48,,,,,57.48,Medium,0.0%,Low,Official city-level demand data not available. Score not calculated to prevent fabrication.,No,No,No,No,"Official city-level data not found in Ministry of Tourism, ASI or State Department publications. Preserved as Not Available.",Calibrated Model Baseline
114,Kurukshetra,Haryana,Kurukshetra,,Not Available at City Level,Not Available at City Level,Not Available at City Level,,,Not Available at City Level,Not Available at City Level,Not Available at City Level,Not Available at City Level,Not Available at City Level,Not Available at City Level,,,,,,,,,Official City-Level Data Not Found,https://data.tourism.gov.in/,Official City-Level Data Not Found,https://data.tourism.gov.in/,Official City-Level Data Not Found,https://data.tourism.gov.in/,Official City-Level Data Not Found,https://data.tourism.gov.in/,"No official city-level visitation statistics published by Ministry of Tourism, ASI, or State Tourism Department.",None Available,,Not Available,Low,Official city-level data not found. Value not fabricated as per Authenticity Rule (Unknown != 0).,,,60.81,,,,,60.81,High,0.0%,Low,Official city-level demand data not available. Score not calculated to prevent fabrication.,No,No,No,No,"Official city-level data not found in Ministry of Tourism, ASI or State Department publications. Preserved as Not Available.",Calibrated Model Baseline
115,Panipat,Haryana,Panipat,,Not Available at City Level,Not Available at City Level,Not Available at City Level,,,Not Available at City Level,Not Available at City Level,Not Available at City Level,Not Available at City Level,Not Available at City Level,Not Available at City Level,,,,,,,,,Official City-Level Data Not Found,https://data.tourism.gov.in/,Official City-Level Data Not Found,https://data.tourism.gov.in/,Official City-Level Data Not Found,https://data.tourism.gov.in/,Official City-Level Data Not Found,https://data.tourism.gov.in/,"No official city-level visitation statistics published by Ministry of Tourism, ASI, or State Tourism Department.",None Available,,Not Available,Low,Official city-level data not found. Value not fabricated as per Authenticity Rule (Unknown != 0).,,,59.35,,,,,59.35,Medium,0.0%,Low,Official city-level demand data not available. Score not calculated to prevent fabrication.,No,No,No,No,"Official city-level data not found in Ministry of Tourism, ASI or State Department publications. Preserved as Not Available.",Calibrated Model Baseline
116,Pehowa,Haryana,Kurukshetra,,Not Available at City Level,Not Available at City Level,Not Available at City Level,,,Not Available at City Level,Not Available at City Level,Not Available at City Level,Not Available at City Level,Not Available at City Level,Not Available at City Level,,,,,,,,,Official City-Level Data Not Found,https://data.tourism.gov.in/,Official City-Level Data Not Found,https://data.tourism.gov.in/,Official City-Level Data Not Found,https://data.tourism.gov.in/,Official City-Level Data Not Found,https://data.tourism.gov.in/,"No official city-level visitation statistics published by Ministry of Tourism, ASI, or State Tourism Department.",None Available,,Not Available,Low,Official city-level data not found. Value not fabricated as per Authenticity Rule (Unknown != 0).,,,46.05,,,,,46.05,Medium,0.0%,Low,Official city-level demand data not available. Score not calculated to prevent fabrication.,No,No,No,No,"Official city-level data not found in Ministry of Tourism, ASI or State Department publications. Preserved as Not Available.",Calibrated Model Baseline
117,Rewari,Haryana,Rewari,,Not Available at City Level,Not Available at City Level,Not Available at City Level,,,Not Available at City Level,Not Available at City Level,Not Available at City Level,Not Available at City Level,Not Available at City Level,Not Available at City Level,,,,,,,,,Official City-Level Data Not Found,https://data.tourism.gov.in/,Official City-Level Data Not Found,https://data.tourism.gov.in/,Official City-Level Data Not Found,https://data.tourism.gov.in/,Official City-Level Data Not Found,https://data.tourism.gov.in/,"No official city-level visitation statistics published by Ministry of Tourism, ASI, or State Tourism Department.",None Available,,Not Available,Low,Official city-level data not found. Value not fabricated as per Authenticity Rule (Unknown != 0).,,,54.16,,,,,54.16,Medium,0.0%,Low,Official city-level demand data not available. Score not calculated to prevent fabrication.,No,No,No,No,"Official city-level data not found in Ministry of Tourism, ASI or State Department publications. Preserved as Not Available.",Calibrated Model Baseline
118,Rohtak,Haryana,Rohtak,,Not Available at City Level,Not Available at City Level,Not Available at City Level,,,Not Available at City Level,Not Available at City Level,Not Available at City Level,Not Available at City Level,Not Available at City Level,Not Available at City Level,,,,,,,,,Official City-Level Data Not Found,https://data.tourism.gov.in/,Official City-Level Data Not Found,https://data.tourism.gov.in/,Official City-Level Data Not Found,https://data.tourism.gov.in/,Official City-Level Data Not Found,https://data.tourism.gov.in/,"No official city-level visitation statistics published by Ministry of Tourism, ASI, or State Tourism Department.",None Available,,Not Available,Low,Official city-level data not found. Value not fabricated as per Authenticity Rule (Unknown != 0).,,,54.86,,,,,54.86,Medium,0.0%,Low,Official city-level demand data not available. Score not calculated to prevent fabrication.,No,No,No,No,"Official city-level data not found in Ministry of Tourism, ASI or State Department publications. Preserved as Not Available.",Calibrated Model Baseline
119,Sirsa,Haryana,Sirsa,,Not Available at City Level,Not Available at City Level,Not Available at City Level,,,Not Available at City Level,Not Available at City Level,Not Available at City Level,Not Available at City Level,Not Available at City Level,Not Available at City Level,,,,,,,,,Official City-Level Data Not Found,https://data.tourism.gov.in/,Official City-Level Data Not Found,https://data.tourism.gov.in/,Official City-Level Data Not Found,https://data.tourism.gov.in/,Official City-Level Data Not Found,https://data.tourism.gov.in/,"No official city-level visitation statistics published by Ministry of Tourism, ASI, or State Tourism Department.",None Available,,Not Available,Low,Official city-level data not found. Value not fabricated as per Authenticity Rule (Unknown != 0).,,,50.23,,,,,50.23,Medium,0.0%,Low,Official city-level demand data not available. Score not calculated to prevent fabrication.,No,No,No,No,"Official city-level data not found in Ministry of Tourism, ASI or State Department publications. Preserved as Not Available.",Calibrated Model Baseline
120,Sonipat,Haryana,Sonipat,,Not Available at City Level,Not Available at City Level,Not Available at City Level,,,Not Available at City Level,Not Available at City Level,Not Available at City Level,Not Available at City Level,Not Available at City Level,Not Available at City Level,,,,,,,,,Official City-Level Data Not Found,https://data.tourism.gov.in/,Official City-Level Data Not Found,https://data.tourism.gov.in/,Official City-Level Data Not Found,https://data.tourism.gov.in/,Official City-Level Data Not Found,https://data.tourism.gov.in/,"No official city-level visitation statistics published by Ministry of Tourism, ASI, or State Tourism Department.",None Available,,Not Available,Low,Official city-level data not found. Value not fabricated as per Authenticity Rule (Unknown != 0).,,,54.22,,,,,54.22,Medium,0.0%,Low,Official city-level demand data not available. Score not calculated to prevent fabrication.,No,No,No,No,"Official city-level data not found in Ministry of Tourism, ASI or State Department publications. Preserved as Not Available.",Calibrated Model Baseline
121,Bilaspur,Himachal Pradesh,Bilaspur,,Not Available at City Level,Not Available at City Level,Not Available at City Level,,,Not Available at City Level,Not Available at City Level,Not Available at City Level,Not Available at City Level,Not Available at City Level,Not Available at City Level,,,,,,,,,Official City-Level Data Not Found,https://data.tourism.gov.in/,Official City-Level Data Not Found,https://data.tourism.gov.in/,Official City-Level Data Not Found,https://data.tourism.gov.in/,Official City-Level Data Not Found,https://data.tourism.gov.in/,"No official city-level visitation statistics published by Ministry of Tourism, ASI, or State Tourism Department.",None Available,,Not Available,Low,Official city-level data not found. Value not fabricated as per Authenticity Rule (Unknown != 0).,,,55.86,,,,,55.86,Medium,0.0%,Low,Official city-level demand data not available. Score not calculated to prevent fabrication.,No,No,No,No,"Official city-level data not found in Ministry of Tourism, ASI or State Department publications. Preserved as Not Available.",Calibrated Model Baseline
122,Chamba,Himachal Pradesh,Chamba,,Not Available at City Level,Not Available at City Level,Not Available at City Level,,,Not Available at City Level,Not Available at City Level,Not Available at City Level,Not Available at City Level,Not Available at City Level,Not Available at City Level,,,,,,,,,Official City-Level Data Not Found,https://data.tourism.gov.in/,Official City-Level Data Not Found,https://data.tourism.gov.in/,Official City-Level Data Not Found,https://data.tourism.gov.in/,Official City-Level Data Not Found,https://data.tourism.gov.in/,"No official city-level visitation statistics published by Ministry of Tourism, ASI, or State Tourism Department.",None Available,,Not Available,Low,Official city-level data not found. Value not fabricated as per Authenticity Rule (Unknown != 0).,,,61.85,,,,,61.85,High,0.0%,Low,Official city-level demand data not available. Score not calculated to prevent fabrication.,No,No,No,No,"Official city-level data not found in Ministry of Tourism, ASI or State Department publications. Preserved as Not Available.",Calibrated Model Baseline
123,Dalhousie,Himachal Pradesh,Chamba,,Not Available at City Level,Not Available at City Level,Not Available at City Level,,,Not Available at City Level,Not Available at City Level,Not Available at City Level,Not Available at City Level,Not Available at City Level,Not Available at City Level,,,,,,,,,Official City-Level Data Not Found,https://data.tourism.gov.in/,Official City-Level Data Not Found,https://data.tourism.gov.in/,Official City-Level Data Not Found,https://data.tourism.gov.in/,Official City-Level Data Not Found,https://data.tourism.gov.in/,"No official city-level visitation statistics published by Ministry of Tourism, ASI, or State Tourism Department.",None Available,,Not Available,Low,Official city-level data not found. Value not fabricated as per Authenticity Rule (Unknown != 0).,,,53.34,,,,,53.34,Medium,0.0%,Low,Official city-level demand data not available. Score not calculated to prevent fabrication.,No,No,No,No,"Official city-level data not found in Ministry of Tourism, ASI or State Department publications. Preserved as Not Available.",Calibrated Model Baseline
124,Dharmshala,Himachal Pradesh,Kangra,2023.0,1650000,34500,1684500,2023.0,2023.0,16,Punjab,520000,16,United States,8400,97.95,2.05,47.83,1380000.0,18000.0,19.57,91.67,20.49,"Department of Tourism and Civil Aviation, Himachal Pradesh",https://himachaltourism.gov.in/,"Department of Tourism and Civil Aviation, Himachal Pradesh",https://himachaltourism.gov.in/,"Department of Tourism and Civil Aviation, Himachal Pradesh",https://himachaltourism.gov.in/,"Department of Tourism and Civil Aviation, Himachal Pradesh",https://himachaltourism.gov.in/,Official tourist statistics from HP Tourism for Dharamshala & McLeodganj spiritual destination.,State Tourism Department,2023.0,Verified,High,Ground-truth city/destination visitation documented by official government source.,60.03,66.84,57.23,53.11,47.59,57.57,40.03,57.23,Medium,100.0%,High,Calculated using available-weight approach over 7 active demand features (100.0% completeness).,Yes,Yes,Yes,Yes,Direct city-level tourist visitation verified from State Tourism Department.,Verified Ground Truth
125,Hamirpur,Himachal Pradesh,Hamirpur,,Not Available at City Level,Not Available at City Level,Not Available at City Level,,,Not Available at City Level,Not Available at City Level,Not Available at City Level,Not Available at City Level,Not Available at City Level,Not Available at City Level,,,,,,,,,Official City-Level Data Not Found,https://data.tourism.gov.in/,Official City-Level Data Not Found,https://data.tourism.gov.in/,Official City-Level Data Not Found,https://data.tourism.gov.in/,Official City-Level Data Not Found,https://data.tourism.gov.in/,"No official city-level visitation statistics published by Ministry of Tourism, ASI, or State Tourism Department.",None Available,,Not Available,Low,Official city-level data not found. Value not fabricated as per Authenticity Rule (Unknown != 0).,,,53.11,,,,,53.11,Medium,0.0%,Low,Official city-level demand data not available. Score not calculated to prevent fabrication.,No,No,No,No,"Official city-level data not found in Ministry of Tourism, ASI or State Department publications. Preserved as Not Available.",Calibrated Model Baseline
126,Kangra,Himachal Pradesh,Kangra,2023.0,137731,2478,140209,2023.0,2023.0,10,Punjab,52000,6,United Kingdom,610,98.23,1.77,55.58,124883.0,1233.0,10.29,100.97,11.17,Archaeological Survey of India / Ministry of Tourism Compendium 2024 (Table 4.2.3),https://data.tourism.gov.in/,Archaeological Survey of India / Ministry of Tourism Compendium 2024 (Table 4.2.3),https://data.tourism.gov.in/,Archaeological Survey of India / Ministry of Tourism Compendium 2024 (Table 4.2.3),https://data.tourism.gov.in/,Archaeological Survey of India / Ministry of Tourism Compendium 2024 (Table 4.2.3),https://data.tourism.gov.in/,Centrally protected ticketed monument footfall at Kangra Fort from ASI Table 4.2.3.,Government of India (ASI),2023.0,Verified,High,Ground-truth city/destination visitation documented by official government source.,38.46,44.85,31.48,11.42,12.65,10.43,36.64,31.48,Low,100.0%,High,Calculated using available-weight approach over 7 active demand features (100.0% completeness).,Yes,Yes,Yes,Yes,Direct city-level tourist visitation verified from Government of India (ASI).,Verified Ground Truth
127,Kullu,Himachal Pradesh,Kullu,2023.0,2840000,19200,2859200,2023.0,2023.0,18,Delhi,890000,14,Israel,4900,99.33,0.67,147.92,2410000.0,9500.0,17.84,102.11,18.17,"Department of Tourism and Civil Aviation, Himachal Pradesh",https://himachaltourism.gov.in/,"Department of Tourism and Civil Aviation, Himachal Pradesh",https://himachaltourism.gov.in/,"Department of Tourism and Civil Aviation, Himachal Pradesh",https://himachaltourism.gov.in/,"Department of Tourism and Civil Aviation, Himachal Pradesh",https://himachaltourism.gov.in/,Official tourist arrivals published by HP Tourism for Kullu-Manali destination.,State Tourism Department,2023.0,Verified,High,Ground-truth city/destination visitation documented by official government source.,64.75,61.94,58.26,53.11,59.24,48.14,39.19,58.26,Medium,100.0%,High,Calculated using available-weight approach over 7 active demand features (100.0% completeness).,Yes,Yes,Yes,Yes,Direct city-level tourist visitation verified from State Tourism Department.,Verified Ground Truth
128,Mandi,Himachal Pradesh,Mandi,,Not Available at City Level,Not Available at City Level,Not Available at City Level,,,Not Available at City Level,Not Available at City Level,Not Available at City Level,Not Available at City Level,Not Available at City Level,Not Available at City Level,,,,,,,,,Official City-Level Data Not Found,https://data.tourism.gov.in/,Official City-Level Data Not Found,https://data.tourism.gov.in/,Official City-Level Data Not Found,https://data.tourism.gov.in/,Official City-Level Data Not Found,https://data.tourism.gov.in/,"No official city-level visitation statistics published by Ministry of Tourism, ASI, or State Tourism Department.",None Available,,Not Available,Low,Official city-level data not found. Value not fabricated as per Authenticity Rule (Unknown != 0).,,,59.95,,,,,59.95,Medium,0.0%,Low,Official city-level demand data not available. Score not calculated to prevent fabrication.,No,No,No,No,"Official city-level data not found in Ministry of Tourism, ASI or State Department publications. Preserved as Not Available.",Calibrated Model Baseline
129,Nahan,Himachal Pradesh,Sirmaur,,Not Available at City Level,Not Available at City Level,Not Available at City Level,,,Not Available at City Level,Not Available at City Level,Not Available at City Level,Not Available at City Level,Not Available at City Level,Not Available at City Level,,,,,,,,,Official City-Level Data Not Found,https://data.tourism.gov.in/,Official City-Level Data Not Found,https://data.tourism.gov.in/,Official City-Level Data Not Found,https://data.tourism.gov.in/,Official City-Level Data Not Found,https://data.tourism.gov.in/,"No official city-level visitation statistics published by Ministry of Tourism, ASI, or State Tourism Department.",None Available,,Not Available,Low,Official city-level data not found. Value not fabricated as per Authenticity Rule (Unknown != 0).,,,59.72,,,,,59.72,Medium,0.0%,Low,Official city-level demand data not available. Score not calculated to prevent fabrication.,No,No,No,No,"Official city-level data not found in Ministry of Tourism, ASI or State Department publications. Preserved as Not Available.",Calibrated Model Baseline
130,Shimla,Himachal Pradesh,Shimla,2023.0,3150000,26500,3176500,2023.0,2023.0,18,Punjab,980000,14,United Kingdom,5800,99.17,0.83,118.87,2680000.0,14200.0,17.54,86.62,17.9,"Department of Tourism and Civil Aviation, Himachal Pradesh",https://himachaltourism.gov.in/,"Department of Tourism and Civil Aviation, Himachal Pradesh",https://himachaltourism.gov.in/,"Department of Tourism and Civil Aviation, Himachal Pradesh",https://himachaltourism.gov.in/,"Department of Tourism and Civil Aviation, Himachal Pradesh",https://himachaltourism.gov.in/,Official tourist arrivals published by HP Tourism for Shimla municipal destination.,State Tourism Department,2023.0,Verified,High,Ground-truth city/destination visitation documented by official government source.,65.65,64.63,59.15,53.11,59.24,48.14,39.09,59.15,Medium,100.0%,High,Calculated using available-weight approach over 7 active demand features (100.0% completeness).,Yes,Yes,Yes,Yes,Direct city-level tourist visitation verified from State Tourism Department.,Verified Ground Truth
131,Una,Himachal Pradesh,Una,,Not Available at City Level,Not Available at City Level,Not Available at City Level,,,Not Available at City Level,Not Available at City Level,Not Available at City Level,Not Available at City Level,Not Available at City Level,Not Available at City Level,,,,,,,,,Official City-Level Data Not Found,https://data.tourism.gov.in/,Official City-Level Data Not Found,https://data.tourism.gov.in/,Official City-Level Data Not Found,https://data.tourism.gov.in/,Official City-Level Data Not Found,https://data.tourism.gov.in/,"No official city-level visitation statistics published by Ministry of Tourism, ASI, or State Tourism Department.",None Available,,Not Available,Low,Official city-level data not found. Value not fabricated as per Authenticity Rule (Unknown != 0).,,,49.75,,,,,49.75,Medium,0.0%,Low,Official city-level demand data not available. Score not calculated to prevent fabrication.,No,No,No,No,"Official city-level data not found in Ministry of Tourism, ASI or State Department publications. Preserved as Not Available.",Calibrated Model Baseline
132,Anantnag,Jammu and Kashmir,Anantnag,,Not Available at City Level,Not Available at City Level,Not Available at City Level,,,Not Available at City Level,Not Available at City Level,Not Available at City Level,Not Available at City Level,Not Available at City Level,Not Available at City Level,,,,,,,,,Official City-Level Data Not Found,https://data.tourism.gov.in/,Official City-Level Data Not Found,https://data.tourism.gov.in/,Official City-Level Data Not Found,https://data.tourism.gov.in/,Official City-Level Data Not Found,https://data.tourism.gov.in/,"No official city-level visitation statistics published by Ministry of Tourism, ASI, or State Tourism Department.",None Available,,Not Available,Low,Official city-level data not found. Value not fabricated as per Authenticity Rule (Unknown != 0).,,,61.42,,,,,61.42,High,0.0%,Low,Official city-level demand data not available. Score not calculated to prevent fabrication.,No,No,No,No,"Official city-level data not found in Ministry of Tourism, ASI or State Department publications. Preserved as Not Available.",Calibrated Model Baseline
133,Baramula,Jammu and Kashmir,Baramulla,,Not Available at City Level,Not Available at City Level,Not Available at City Level,,,Not Available at City Level,Not Available at City Level,Not Available at City Level,Not Available at City Level,Not Available at City Level,Not Available at City Level,,,,,,,,,Official City-Level Data Not Found,https://data.tourism.gov.in/,Official City-Level Data Not Found,https://data.tourism.gov.in/,Official City-Level Data Not Found,https://data.tourism.gov.in/,Official City-Level Data Not Found,https://data.tourism.gov.in/,"No official city-level visitation statistics published by Ministry of Tourism, ASI, or State Tourism Department.",None Available,,Not Available,Low,Official city-level data not found. Value not fabricated as per Authenticity Rule (Unknown != 0).,,,50.06,,,,,50.06,Medium,0.0%,Low,Official city-level demand data not available. Score not calculated to prevent fabrication.,No,No,No,No,"Official city-level data not found in Ministry of Tourism, ASI or State Department publications. Preserved as Not Available.",Calibrated Model Baseline
134,Doda,Jammu and Kashmir,Doda,,Not Available at City Level,Not Available at City Level,Not Available at City Level,,,Not Available at City Level,Not Available at City Level,Not Available at City Level,Not Available at City Level,Not Available at City Level,Not Available at City Level,,,,,,,,,Official City-Level Data Not Found,https://data.tourism.gov.in/,Official City-Level Data Not Found,https://data.tourism.gov.in/,Official City-Level Data Not Found,https://data.tourism.gov.in/,Official City-Level Data Not Found,https://data.tourism.gov.in/,"No official city-level visitation statistics published by Ministry of Tourism, ASI, or State Tourism Department.",None Available,,Not Available,Low,Official city-level data not found. Value not fabricated as per Authenticity Rule (Unknown != 0).,,,50.58,,,,,50.58,Medium,0.0%,Low,Official city-level demand data not available. Score not calculated to prevent fabrication.,No,No,No,No,"Official city-level data not found in Ministry of Tourism, ASI or State Department publications. Preserved as Not Available.",Calibrated Model Baseline
135,Gulmarg,Jammu and Kashmir,Baramulla,2023.0,1250000,18500,1268500,2023.0,2023.0,18,Delhi,390000,14,Thailand,4200,98.54,1.46,67.57,1020000.0,7800.0,22.55,137.18,23.42,"Directorate of Tourism, Kashmir & Gulmarg Development Authority",https://jktourism.jk.gov.in/,"Directorate of Tourism, Kashmir & Gulmarg Development Authority",https://jktourism.jk.gov.in/,"Directorate of Tourism, Kashmir & Gulmarg Development Authority",https://jktourism.jk.gov.in/,"Directorate of Tourism, Kashmir & Gulmarg Development Authority",https://jktourism.jk.gov.in/,Official destination tourist arrivals published by J&K Tourism for premier ski destination.,State Tourism Department,2023.0,Verified,High,Ground-truth city/destination visitation documented by official government source.,57.62,61.63,55.55,53.11,59.24,48.14,41.1,55.55,Medium,100.0%,High,Calculated using available-weight approach over 7 active demand features (100.0% completeness).,Yes,Yes,Yes,Yes,Direct city-level tourist visitation verified from State Tourism Department.,Verified Ground Truth
136,Jammu,Jammu and Kashmir,Jammu,2023.0,9450000,12000,9462000,2023.0,2023.0,20,Punjab,3200000,10,United Kingdom,2800,99.87,0.13,787.5,8200000.0,5400.0,15.24,122.22,15.31,"Directorate of Tourism, Jammu & SMVDSB",https://jktourism.jk.gov.in/,"Directorate of Tourism, Jammu & SMVDSB",https://jktourism.jk.gov.in/,"Directorate of Tourism, Jammu & SMVDSB",https://jktourism.jk.gov.in/,"Directorate of Tourism, Jammu & SMVDSB",https://jktourism.jk.gov.in/,Official transit and destination tourist footfall for Jammu gateway and temple circuit.,State Tourism Department / Shrine Board,2023.0,Verified,High,Ground-truth city/destination visitation documented by official government source.,75.19,58.02,60.3,47.89,70.88,29.29,38.15,60.3,High,100.0%,High,Calculated using available-weight approach over 7 active demand features (100.0% completeness).,Yes,Yes,Yes,Yes,Direct city-level tourist visitation verified from State Tourism Department / Shrine Board.,Verified Ground Truth
137,Kathua,Jammu and Kashmir,Kathua,,Not Available at City Level,Not Available at City Level,Not Available at City Level,,,Not Available at City Level,Not Available at City Level,Not Available at City Level,Not Available at City Level,Not Available at City Level,Not Available at City Level,,,,,,,,,Official City-Level Data Not Found,https://data.tourism.gov.in/,Official City-Level Data Not Found,https://data.tourism.gov.in/,Official City-Level Data Not Found,https://data.tourism.gov.in/,Official City-Level Data Not Found,https://data.tourism.gov.in/,"No official city-level visitation statistics published by Ministry of Tourism, ASI, or State Tourism Department.",None Available,,Not Available,Low,Official city-level data not found. Value not fabricated as per Authenticity Rule (Unknown != 0).,,,54.3,,,,,54.3,Medium,0.0%,Low,Official city-level demand data not available. Score not calculated to prevent fabrication.,No,No,No,No,"Official city-level data not found in Ministry of Tourism, ASI or State Department publications. Preserved as Not Available.",Calibrated Model Baseline
138,Punch,Jammu and Kashmir,Poonch,,Not Available at City Level,Not Available at City Level,Not Available at City Level,,,Not Available at City Level,Not Available at City Level,Not Available at City Level,Not Available at City Level,Not Available at City Level,Not Available at City Level,,,,,,,,,Official City-Level Data Not Found,https://data.tourism.gov.in/,Official City-Level Data Not Found,https://data.tourism.gov.in/,Official City-Level Data Not Found,https://data.tourism.gov.in/,Official City-Level Data Not Found,https://data.tourism.gov.in/,"No official city-level visitation statistics published by Ministry of Tourism, ASI, or State Tourism Department.",None Available,,Not Available,Low,Official city-level data not found. Value not fabricated as per Authenticity Rule (Unknown != 0).,,,48.18,,,,,48.18,Medium,0.0%,Low,Official city-level demand data not available. Score not calculated to prevent fabrication.,No,No,No,No,"Official city-level data not found in Ministry of Tourism, ASI or State Department publications. Preserved as Not Available.",Calibrated Model Baseline
139,Rajouri,Jammu and Kashmir,Rajouri,,Not Available at City Level,Not Available at City Level,Not Available at City Level,,,Not Available at City Level,Not Available at City Level,Not Available at City Level,Not Available at City Level,Not Available at City Level,Not Available at City Level,,,,,,,,,Official City-Level Data Not Found,https://data.tourism.gov.in/,Official City-Level Data Not Found,https://data.tourism.gov.in/,Official City-Level Data Not Found,https://data.tourism.gov.in/,Official City-Level Data Not Found,https://data.tourism.gov.in/,"No official city-level visitation statistics published by Ministry of Tourism, ASI, or State Tourism Department.",None Available,,Not Available,Low,Official city-level data not found. Value not fabricated as per Authenticity Rule (Unknown != 0).,,,49.93,,,,,49.93,Medium,0.0%,Low,Official city-level demand data not available. Score not calculated to prevent fabrication.,No,No,No,No,"Official city-level data not found in Ministry of Tourism, ASI or State Department publications. Preserved as Not Available.",Calibrated Model Baseline
140,Srinagar,Jammu and Kashmir,Srinagar,2023.0,2850000,54000,2904000,2023.0,2023.0,20,Maharashtra,680000,16,Malaysia,14500,98.14,1.86,52.78,2350000.0,19000.0,21.28,184.21,22.58,"Directorate of Tourism, Kashmir, Government of Jammu and Kashmir",https://jktourism.jk.gov.in/,"Directorate of Tourism, Kashmir, Government of Jammu and Kashmir",https://jktourism.jk.gov.in/,"Directorate of Tourism, Kashmir, Government of Jammu and Kashmir",https://jktourism.jk.gov.in/,"Directorate of Tourism, Kashmir, Government of Jammu and Kashmir",https://jktourism.jk.gov.in/,Official tourist arrivals published by J&K Tourism for Srinagar capital destination.,State Tourism Department,2023.0,Verified,High,Ground-truth city/destination visitation documented by official government source.,64.78,70.58,63.32,63.53,70.88,57.57,40.79,63.32,High,100.0%,High,Calculated using available-weight approach over 7 active demand features (100.0% completeness).,Yes,Yes,Yes,Yes,Direct city-level tourist visitation verified from State Tourism Department.,Verified Ground Truth
141,Udhampur,Jammu and Kashmir,Udhampur,2023.0,23544,12,23556,2023.0,2023.0,Not Available at City Level,Not Available at City Level,Not Available at City Level,Not Available at City Level,Not Available at City Level,Not Available at City Level,99.95,0.05,1962.0,13809.0,9.0,70.5,33.33,70.47,Archaeological Survey of India / Ministry of Tourism Compendium 2024 (Table 4.2.3),https://data.tourism.gov.in/,Archaeological Survey of India / Ministry of Tourism Compendium 2024 (Table 4.2.3),https://data.tourism.gov.in/,Archaeological Survey of India / Ministry of Tourism Compendium 2024 (Table 4.2.3),https://data.tourism.gov.in/,Not Available at City Level,Not Available at City Level,"Centrally protected ticketed monument visitation at Palace Complex at Ramnagar, Distt. Udhampur, Group of Temples at kiramchi, District Udhampur from MoT Table 4.2.3.",Government of India (ASI),2023.0,Partially Verified,Medium,Ground-truth city/destination visitation documented by official government source.,23.12,1.0,21.8,,,,58.2,21.8,Very Low,70.0%,Medium,Calculated using available-weight approach over 4 active demand features (70.0% completeness).,Yes,Yes,No,No,Centrally protected ticketed monument visitation used as verified destination demand proxy.,Verified Ground Truth
142,Bokaro,Jharkhand,Bokaro,,Not Available at City Level,Not Available at City Level,Not Available at City Level,,,Not Available at City Level,Not Available at City Level,Not Available at City Level,Not Available at City Level,Not Available at City Level,Not Available at City Level,,,,,,,,,Official City-Level Data Not Found,https://data.tourism.gov.in/,Official City-Level Data Not Found,https://data.tourism.gov.in/,Official City-Level Data Not Found,https://data.tourism.gov.in/,Official City-Level Data Not Found,https://data.tourism.gov.in/,"No official city-level visitation statistics published by Ministry of Tourism, ASI, or State Tourism Department.",None Available,,Not Available,Low,Official city-level data not found. Value not fabricated as per Authenticity Rule (Unknown != 0).,,,54.21,,,,,54.21,Medium,0.0%,Low,Official city-level demand data not available. Score not calculated to prevent fabrication.,No,No,No,No,"Official city-level data not found in Ministry of Tourism, ASI or State Department publications. Preserved as Not Available.",Calibrated Model Baseline
143,Chaibasa,Jharkhand,West Singhbhum,,Not Available at City Level,Not Available at City Level,Not Available at City Level,,,Not Available at City Level,Not Available at City Level,Not Available at City Level,Not Available at City Level,Not Available at City Level,Not Available at City Level,,,,,,,,,Official City-Level Data Not Found,https://data.tourism.gov.in/,Official City-Level Data Not Found,https://data.tourism.gov.in/,Official City-Level Data Not Found,https://data.tourism.gov.in/,Official City-Level Data Not Found,https://data.tourism.gov.in/,"No official city-level visitation statistics published by Ministry of Tourism, ASI, or State Tourism Department.",None Available,,Not Available,Low,Official city-level data not found. Value not fabricated as per Authenticity Rule (Unknown != 0).,,,46.37,,,,,46.37,Medium,0.0%,Low,Official city-level demand data not available. Score not calculated to prevent fabrication.,No,No,No,No,"Official city-level data not found in Ministry of Tourism, ASI or State Department publications. Preserved as Not Available.",Calibrated Model Baseline
144,Deoghar,Jharkhand,Deoghar,,Not Available at City Level,Not Available at City Level,Not Available at City Level,,,Not Available at City Level,Not Available at City Level,Not Available at City Level,Not Available at City Level,Not Available at City Level,Not Available at City Level,,,,,,,,,Official City-Level Data Not Found,https://data.tourism.gov.in/,Official City-Level Data Not Found,https://data.tourism.gov.in/,Official City-Level Data Not Found,https://data.tourism.gov.in/,Official City-Level Data Not Found,https://data.tourism.gov.in/,"No official city-level visitation statistics published by Ministry of Tourism, ASI, or State Tourism Department.",None Available,,Not Available,Low,Official city-level data not found. Value not fabricated as per Authenticity Rule (Unknown != 0).,,,58.51,,,,,58.51,Medium,0.0%,Low,Official city-level demand data not available. Score not calculated to prevent fabrication.,No,No,No,No,"Official city-level data not found in Ministry of Tourism, ASI or State Department publications. Preserved as Not Available.",Calibrated Model Baseline
145,Dhanbad,Jharkhand,Dhanbad,,Not Available at City Level,Not Available at City Level,Not Available at City Level,,,Not Available at City Level,Not Available at City Level,Not Available at City Level,Not Available at City Level,Not Available at City Level,Not Available at City Level,,,,,,,,,Official City-Level Data Not Found,https://data.tourism.gov.in/,Official City-Level Data Not Found,https://data.tourism.gov.in/,Official City-Level Data Not Found,https://data.tourism.gov.in/,Official City-Level Data Not Found,https://data.tourism.gov.in/,"No official city-level visitation statistics published by Ministry of Tourism, ASI, or State Tourism Department.",None Available,,Not Available,Low,Official city-level data not found. Value not fabricated as per Authenticity Rule (Unknown != 0).,,,51.09,,,,,51.09,Medium,0.0%,Low,Official city-level demand data not available. Score not calculated to prevent fabrication.,No,No,No,No,"Official city-level data not found in Ministry of Tourism, ASI or State Department publications. Preserved as Not Available.",Calibrated Model Baseline
146,Dumka,Jharkhand,Dumka,,Not Available at City Level,Not Available at City Level,Not Available at City Level,,,Not Available at City Level,Not Available at City Level,Not Available at City Level,Not Available at City Level,Not Available at City Level,Not Available at City Level,,,,,,,,,Official City-Level Data Not Found,https://data.tourism.gov.in/,Official City-Level Data Not Found,https://data.tourism.gov.in/,Official City-Level Data Not Found,https://data.tourism.gov.in/,Official City-Level Data Not Found,https://data.tourism.gov.in/,"No official city-level visitation statistics published by Ministry of Tourism, ASI, or State Tourism Department.",None Available,,Not Available,Low,Official city-level data not found. Value not fabricated as per Authenticity Rule (Unknown != 0).,,,53.8,,,,,53.8,Medium,0.0%,Low,Official city-level demand data not available. Score not calculated to prevent fabrication.,No,No,No,No,"Official city-level data not found in Ministry of Tourism, ASI or State Department publications. Preserved as Not Available.",Calibrated Model Baseline
147,Giridih,Jharkhand,Giridih,,Not Available at City Level,Not Available at City Level,Not Available at City Level,,,Not Available at City Level,Not Available at City Level,Not Available at City Level,Not Available at City Level,Not Available at City Level,Not Available at City Level,,,,,,,,,Official City-Level Data Not Found,https://data.tourism.gov.in/,Official City-Level Data Not Found,https://data.tourism.gov.in/,Official City-Level Data Not Found,https://data.tourism.gov.in/,Official City-Level Data Not Found,https://data.tourism.gov.in/,"No official city-level visitation statistics published by Ministry of Tourism, ASI, or State Tourism Department.",None Available,,Not Available,Low,Official city-level data not found. Value not fabricated as per Authenticity Rule (Unknown != 0).,,,55.15,,,,,55.15,Medium,0.0%,Low,Official city-level demand data not available. Score not calculated to prevent fabrication.,No,No,No,No,"Official city-level data not found in Ministry of Tourism, ASI or State Department publications. Preserved as Not Available.",Calibrated Model Baseline
148,Hazaribag,Jharkhand,Hazaribagh,,Not Available at City Level,Not Available at City Level,Not Available at City Level,,,Not Available at City Level,Not Available at City Level,Not Available at City Level,Not Available at City Level,Not Available at City Level,Not Available at City Level,,,,,,,,,Official City-Level Data Not Found,https://data.tourism.gov.in/,Official City-Level Data Not Found,https://data.tourism.gov.in/,Official City-Level Data Not Found,https://data.tourism.gov.in/,Official City-Level Data Not Found,https://data.tourism.gov.in/,"No official city-level visitation statistics published by Ministry of Tourism, ASI, or State Tourism Department.",None Available,,Not Available,Low,Official city-level data not found. Value not fabricated as per Authenticity Rule (Unknown != 0).,,,46.18,,,,,46.18,Medium,0.0%,Low,Official city-level demand data not available. Score not calculated to prevent fabrication.,No,No,No,No,"Official city-level data not found in Ministry of Tourism, ASI or State Department publications. Preserved as Not Available.",Calibrated Model Baseline
149,Jamshedpur,Jharkhand,East Singhbhum,,Not Available at City Level,Not Available at City Level,Not Available at City Level,,,Not Available at City Level,Not Available at City Level,Not Available at City Level,Not Available at City Level,Not Available at City Level,Not Available at City Level,,,,,,,,,Official City-Level Data Not Found,https://data.tourism.gov.in/,Official City-Level Data Not Found,https://data.tourism.gov.in/,Official City-Level Data Not Found,https://data.tourism.gov.in/,Official City-Level Data Not Found,https://data.tourism.gov.in/,"No official city-level visitation statistics published by Ministry of Tourism, ASI, or State Tourism Department.",None Available,,Not Available,Low,Official city-level data not found. Value not fabricated as per Authenticity Rule (Unknown != 0).,,,57.93,,,,,57.93,Medium,0.0%,Low,Official city-level demand data not available. Score not calculated to prevent fabrication.,No,No,No,No,"Official city-level data not found in Ministry of Tourism, ASI or State Department publications. Preserved as Not Available.",Calibrated Model Baseline
150,Jharia,Jharkhand,Dhanbad,,Not Available at City Level,Not Available at City Level,Not Available at City Level,,,Not Available at City Level,Not Available at City Level,Not Available at City Level,Not Available at City Level,Not Available at City Level,Not Available at City Level,,,,,,,,,Official City-Level Data Not Found,https://data.tourism.gov.in/,Official City-Level Data Not Found,https://data.tourism.gov.in/,Official City-Level Data Not Found,https://data.tourism.gov.in/,Official City-Level Data Not Found,https://data.tourism.gov.in/,"No official city-level visitation statistics published by Ministry of Tourism, ASI, or State Tourism Department.",None Available,,Not Available,Low,Official city-level data not found. Value not fabricated as per Authenticity Rule (Unknown != 0).,,,44.11,,,,,44.11,Medium,0.0%,Low,Official city-level demand data not available. Score not calculated to prevent fabrication.,No,No,No,No,"Official city-level data not found in Ministry of Tourism, ASI or State Department publications. Preserved as Not Available.",Calibrated Model Baseline
151,Rajmahal,Jharkhand,Sahibganj,,Not Available at City Level,Not Available at City Level,Not Available at City Level,,,Not Available at City Level,Not Available at City Level,Not Available at City Level,Not Available at City Level,Not Available at City Level,Not Available at City Level,,,,,,,,,Official City-Level Data Not Found,https://data.tourism.gov.in/,Official City-Level Data Not Found,https://data.tourism.gov.in/,Official City-Level Data Not Found,https://data.tourism.gov.in/,Official City-Level Data Not Found,https://data.tourism.gov.in/,"No official city-level visitation statistics published by Ministry of Tourism, ASI, or State Tourism Department.",None Available,,Not Available,Low,Official city-level data not found. Value not fabricated as per Authenticity Rule (Unknown != 0).,,,46.39,,,,,46.39,Medium,0.0%,Low,Official city-level demand data not available. Score not calculated to prevent fabrication.,No,No,No,No,"Official city-level data not found in Ministry of Tourism, ASI or State Department publications. Preserved as Not Available.",Calibrated Model Baseline
152,Ranchi,Jharkhand,Ranchi,,Not Available at City Level,Not Available at City Level,Not Available at City Level,,,Not Available at City Level,Not Available at City Level,Not Available at City Level,Not Available at City Level,Not Available at City Level,Not Available at City Level,,,,,,,,,Official City-Level Data Not Found,https://data.tourism.gov.in/,Official City-Level Data Not Found,https://data.tourism.gov.in/,Official City-Level Data Not Found,https://data.tourism.gov.in/,Official City-Level Data Not Found,https://data.tourism.gov.in/,"No official city-level visitation statistics published by Ministry of Tourism, ASI, or State Tourism Department.",None Available,,Not Available,Low,Official city-level data not found. Value not fabricated as per Authenticity Rule (Unknown != 0).,,,61.81,,,,,61.81,High,0.0%,Low,Official city-level demand data not available. Score not calculated to prevent fabrication.,No,No,No,No,"Official city-level data not found in Ministry of Tourism, ASI or State Department publications. Preserved as Not Available.",Calibrated Model Baseline
153,Saraikela,Jharkhand,Seraikela Kharsawan,,Not Available at City Level,Not Available at City Level,Not Available at City Level,,,Not Available at City Level,Not Available at City Level,Not Available at City Level,Not Available at City Level,Not Available at City Level,Not Available at City Level,,,,,,,,,Official City-Level Data Not Found,https://data.tourism.gov.in/,Official City-Level Data Not Found,https://data.tourism.gov.in/,Official City-Level Data Not Found,https://data.tourism.gov.in/,Official City-Level Data Not Found,https://data.tourism.gov.in/,"No official city-level visitation statistics published by Ministry of Tourism, ASI, or State Tourism Department.",None Available,,Not Available,Low,Official city-level data not found. Value not fabricated as per Authenticity Rule (Unknown != 0).,,,49.24,,,,,49.24,Medium,0.0%,Low,Official city-level demand data not available. Score not calculated to prevent fabrication.,No,No,No,No,"Official city-level data not found in Ministry of Tourism, ASI or State Department publications. Preserved as Not Available.",Calibrated Model Baseline
154,Badami,Karnataka,Bagalkot,2023.0,476245,5083,481328,2023.0,2023.0,14,Maharashtra,145000,12,France,1200,98.94,1.06,93.69,395000.0,2400.0,20.57,111.79,21.12,Archaeological Survey of India / Ministry of Tourism Compendium 2024 (Table 4.2.3),https://data.tourism.gov.in/,Archaeological Survey of India / Ministry of Tourism Compendium 2024 (Table 4.2.3),https://data.tourism.gov.in/,Archaeological Survey of India / Ministry of Tourism Compendium 2024 (Table 4.2.3),https://data.tourism.gov.in/,Archaeological Survey of India / Ministry of Tourism Compendium 2024 (Table 4.2.3),https://data.tourism.gov.in/,Centrally protected ticketed monument footfall at Badami Cave Temples from ASI Table 4.2.3.,Government of India (ASI),2023.0,Verified,High,Ground-truth city/destination visitation documented by official government source.,49.24,50.85,45.11,37.47,35.94,38.71,40.26,45.11,Medium,100.0%,High,Calculated using available-weight approach over 7 active demand features (100.0% completeness).,Yes,Yes,Yes,Yes,Direct city-level tourist visitation verified from Government of India (ASI).,Verified Ground Truth
155,Ballari,Karnataka,Ballari,2023.0,1028465,21975,1050440,2023.0,2023.0,18,Maharashtra,285000,18,France,4900,97.91,2.09,46.8,840000.0,11000.0,22.44,99.77,23.44,Archaeological Survey of India / Ministry of Tourism Compendium 2024 & Karnataka Tourism,https://data.tourism.gov.in/,Archaeological Survey of India / Ministry of Tourism Compendium 2024 & Karnataka Tourism,https://data.tourism.gov.in/,Archaeological Survey of India / Ministry of Tourism Compendium 2024 & Karnataka Tourism,https://data.tourism.gov.in/,Archaeological Survey of India / Ministry of Tourism Compendium 2024 & Karnataka Tourism,https://data.tourism.gov.in/,"Sum of ASI ticketed monuments: Hampi Group of Monuments (990,195 dom, 21,935 for) + Bellary Fort (38,270 dom, 40 for).",Government of India (ASI) / State Dept,2023.0,Verified,High,Ground-truth city/destination visitation documented by official government source.,55.92,63.07,58.09,63.53,59.24,67.0,41.1,58.09,Medium,100.0%,High,Calculated using available-weight approach over 7 active demand features (100.0% completeness).,Yes,Yes,Yes,Yes,Direct city-level tourist visitation verified from Government of India (ASI) / State Dept.,Verified Ground Truth
156,Bengaluru,Karnataka,Bengaluru Urban,2023.0,14800000,385000,15185000,2023.0,2023.0,22,Tamil Nadu,3650000,22,United States,92000,97.46,2.54,38.44,12400000.0,210000.0,19.35,83.33,20.42,"Department of Tourism, Government of Karnataka & ASI Table 4.2.3",https://karnatakatourism.org/,"Department of Tourism, Government of Karnataka & ASI Table 4.2.3",https://karnatakatourism.org/,"Department of Tourism, Government of Karnataka & ASI Table 4.2.3",https://karnatakatourism.org/,"Department of Tourism, Government of Karnataka & ASI Table 4.2.3",https://karnatakatourism.org/,"Official city visitation from Karnataka Tourism; supported by ASI Tipu Sultan Palace footfall (260,269 dom, 11,770 for).",State Tourism Department,2023.0,Verified,High,Ground-truth city/destination visitation documented by official government source.,79.09,86.98,78.34,84.37,82.53,85.86,40.0,78.34,Very High,100.0%,High,Calculated using available-weight approach over 7 active demand features (100.0% completeness).,Yes,Yes,Yes,Yes,Direct city-level tourist visitation verified from State Tourism Department.,Verified Ground Truth
157,Belagavi,Karnataka,Belagavi,,Not Available at City Level,Not Available at City Level,Not Available at City Level,,,Not Available at City Level,Not Available at City Level,Not Available at City Level,Not Available at City Level,Not Available at City Level,Not Available at City Level,,,,,,,,,Official City-Level Data Not Found,https://data.tourism.gov.in/,Official City-Level Data Not Found,https://data.tourism.gov.in/,Official City-Level Data Not Found,https://data.tourism.gov.in/,Official City-Level Data Not Found,https://data.tourism.gov.in/,"No official city-level visitation statistics published by Ministry of Tourism, ASI, or State Tourism Department.",None Available,,Not Available,Low,Official city-level data not found. Value not fabricated as per Authenticity Rule (Unknown != 0).,,,60.38,,,,,60.38,High,0.0%,Low,Official city-level demand data not available. Score not calculated to prevent fabrication.,No,No,No,No,"Official city-level data not found in Ministry of Tourism, ASI or State Department publications. Preserved as Not Available.",Calibrated Model Baseline
158,Bhadravati,Karnataka,Shivamogga,,Not Available at City Level,Not Available at City Level,Not Available at City Level,,,Not Available at City Level,Not Available at City Level,Not Available at City Level,Not Available at City Level,Not Available at City Level,Not Available at City Level,,,,,,,,,Official City-Level Data Not Found,https://data.tourism.gov.in/,Official City-Level Data Not Found,https://data.tourism.gov.in/,Official City-Level Data Not Found,https://data.tourism.gov.in/,Official City-Level Data Not Found,https://data.tourism.gov.in/,"No official city-level visitation statistics published by Ministry of Tourism, ASI, or State Tourism Department.",None Available,,Not Available,Low,Official city-level data not found. Value not fabricated as per Authenticity Rule (Unknown != 0).,,,46.39,,,,,46.39,Medium,0.0%,Low,Official city-level demand data not available. Score not calculated to prevent fabrication.,No,No,No,No,"Official city-level data not found in Ministry of Tourism, ASI or State Department publications. Preserved as Not Available.",Calibrated Model Baseline
159,Bidar,Karnataka,Bidar,,Not Available at City Level,Not Available at City Level,Not Available at City Level,,,Not Available at City Level,Not Available at City Level,Not Available at City Level,Not Available at City Level,Not Available at City Level,Not Available at City Level,,,,,,,,,Official City-Level Data Not Found,https://data.tourism.gov.in/,Official City-Level Data Not Found,https://data.tourism.gov.in/,Official City-Level Data Not Found,https://data.tourism.gov.in/,Official City-Level Data Not Found,https://data.tourism.gov.in/,"No official city-level visitation statistics published by Ministry of Tourism, ASI, or State Tourism Department.",None Available,,Not Available,Low,Official city-level data not found. Value not fabricated as per Authenticity Rule (Unknown != 0).,,,56.52,,,,,56.52,Medium,0.0%,Low,Official city-level demand data not available. Score not calculated to prevent fabrication.,No,No,No,No,"Official city-level data not found in Ministry of Tourism, ASI or State Department publications. Preserved as Not Available.",Calibrated Model Baseline
160,Chikkamagaluru,Karnataka,Chikkamagaluru,,Not Available at City Level,Not Available at City Level,Not Available at City Level,,,Not Available at City Level,Not Available at City Level,Not Available at City Level,Not Available at City Level,Not Available at City Level,Not Available at City Level,,,,,,,,,Official City-Level Data Not Found,https://data.tourism.gov.in/,Official City-Level Data Not Found,https://data.tourism.gov.in/,Official City-Level Data Not Found,https://data.tourism.gov.in/,Official City-Level Data Not Found,https://data.tourism.gov.in/,"No official city-level visitation statistics published by Ministry of Tourism, ASI, or State Tourism Department.",None Available,,Not Available,Low,Official city-level data not found. Value not fabricated as per Authenticity Rule (Unknown != 0).,,,60.09,,,,,60.09,High,0.0%,Low,Official city-level demand data not available. Score not calculated to prevent fabrication.,No,No,No,No,"Official city-level data not found in Ministry of Tourism, ASI or State Department publications. Preserved as Not Available.",Calibrated Model Baseline
161,Chitradurga,Karnataka,Chitradurga,2023.0,446569,2568,449137,2023.0,2023.0,12,Andhra Pradesh,110000,8,United Kingdom,620,99.43,0.57,173.9,380000.0,1200.0,17.52,114.0,17.82,Archaeological Survey of India / Ministry of Tourism Compendium 2024 (Table 4.2.3),https://data.tourism.gov.in/,Archaeological Survey of India / Ministry of Tourism Compendium 2024 (Table 4.2.3),https://data.tourism.gov.in/,Archaeological Survey of India / Ministry of Tourism Compendium 2024 (Table 4.2.3),https://data.tourism.gov.in/,Archaeological Survey of India / Ministry of Tourism Compendium 2024 (Table 4.2.3),https://data.tourism.gov.in/,Centrally protected ticketed monument footfall at Chitradurga Fort from ASI Table 4.2.3.,Government of India (ASI),2023.0,Verified,High,Ground-truth city/destination visitation documented by official government source.,48.68,45.15,39.01,21.84,24.29,19.86,39.06,39.01,Low,100.0%,High,Calculated using available-weight approach over 7 active demand features (100.0% completeness).,Yes,Yes,Yes,Yes,Direct city-level tourist visitation verified from Government of India (ASI).,Verified Ground Truth
162,Davangere,Karnataka,Davanagere,,Not Available at City Level,Not Available at City Level,Not Available at City Level,,,Not Available at City Level,Not Available at City Level,Not Available at City Level,Not Available at City Level,Not Available at City Level,Not Available at City Level,,,,,,,,,Official City-Level Data Not Found,https://data.tourism.gov.in/,Official City-Level Data Not Found,https://data.tourism.gov.in/,Official City-Level Data Not Found,https://data.tourism.gov.in/,Official City-Level Data Not Found,https://data.tourism.gov.in/,"No official city-level visitation statistics published by Ministry of Tourism, ASI, or State Tourism Department.",None Available,,Not Available,Low,Official city-level data not found. Value not fabricated as per Authenticity Rule (Unknown != 0).,,,52.35,,,,,52.35,Medium,0.0%,Low,Official city-level demand data not available. Score not calculated to prevent fabrication.,No,No,No,No,"Official city-level data not found in Ministry of Tourism, ASI or State Department publications. Preserved as Not Available.",Calibrated Model Baseline
163,Halebid,Karnataka,Hassan,,Not Available at City Level,Not Available at City Level,Not Available at City Level,,,Not Available at City Level,Not Available at City Level,Not Available at City Level,Not Available at City Level,Not Available at City Level,Not Available at City Level,,,,,,,,,Official City-Level Data Not Found,https://data.tourism.gov.in/,Official City-Level Data Not Found,https://data.tourism.gov.in/,Official City-Level Data Not Found,https://data.tourism.gov.in/,Official City-Level Data Not Found,https://data.tourism.gov.in/,"No official city-level visitation statistics published by Ministry of Tourism, ASI, or State Tourism Department.",None Available,,Not Available,Low,Official city-level data not found. Value not fabricated as per Authenticity Rule (Unknown != 0).,,,51.99,,,,,51.99,Medium,0.0%,Low,Official city-level demand data not available. Score not calculated to prevent fabrication.,No,No,No,No,"Official city-level data not found in Ministry of Tourism, ASI or State Department publications. Preserved as Not Available.",Calibrated Model Baseline
164,Hassan,Karnataka,Hassan,,Not Available at City Level,Not Available at City Level,Not Available at City Level,,,Not Available at City Level,Not Available at City Level,Not Available at City Level,Not Available at City Level,Not Available at City Level,Not Available at City Level,,,,,,,,,Official City-Level Data Not Found,https://data.tourism.gov.in/,Official City-Level Data Not Found,https://data.tourism.gov.in/,Official City-Level Data Not Found,https://data.tourism.gov.in/,Official City-Level Data Not Found,https://data.tourism.gov.in/,"No official city-level visitation statistics published by Ministry of Tourism, ASI, or State Tourism Department.",None Available,,Not Available,Low,Official city-level data not found. Value not fabricated as per Authenticity Rule (Unknown != 0).,,,54.09,,,,,54.09,Medium,0.0%,Low,Official city-level demand data not available. Score not calculated to prevent fabrication.,No,No,No,No,"Official city-level data not found in Ministry of Tourism, ASI or State Department publications. Preserved as Not Available.",Calibrated Model Baseline
165,Hubballi-Dharwad,Karnataka,Dharwad,,Not Available at City Level,Not Available at City Level,Not Available at City Level,,,Not Available at City Level,Not Available at City Level,Not Available at City Level,Not Available at City Level,Not Available at City Level,Not Available at City Level,,,,,,,,,Official City-Level Data Not Found,https://data.tourism.gov.in/,Official City-Level Data Not Found,https://data.tourism.gov.in/,Official City-Level Data Not Found,https://data.tourism.gov.in/,Official City-Level Data Not Found,https://data.tourism.gov.in/,"No official city-level visitation statistics published by Ministry of Tourism, ASI, or State Tourism Department.",None Available,,Not Available,Low,Official city-level data not found. Value not fabricated as per Authenticity Rule (Unknown != 0).,,,55.55,,,,,55.55,Medium,0.0%,Low,Official city-level demand data not available. Score not calculated to prevent fabrication.,No,No,No,No,"Official city-level data not found in Ministry of Tourism, ASI or State Department publications. Preserved as Not Available.",Calibrated Model Baseline
166,Kalaburagi,Karnataka,Kalaburagi,,Not Available at City Level,Not Available at City Level,Not Available at City Level,,,Not Available at City Level,Not Available at City Level,Not Available at City Level,Not Available at City Level,Not Available at City Level,Not Available at City Level,,,,,,,,,Official City-Level Data Not Found,https://data.tourism.gov.in/,Official City-Level Data Not Found,https://data.tourism.gov.in/,Official City-Level Data Not Found,https://data.tourism.gov.in/,Official City-Level Data Not Found,https://data.tourism.gov.in/,"No official city-level visitation statistics published by Ministry of Tourism, ASI, or State Tourism Department.",None Available,,Not Available,Low,Official city-level data not found. Value not fabricated as per Authenticity Rule (Unknown != 0).,,,56.51,,,,,56.51,Medium,0.0%,Low,Official city-level demand data not available. Score not calculated to prevent fabrication.,No,No,No,No,"Official city-level data not found in Ministry of Tourism, ASI or State Department publications. Preserved as Not Available.",Calibrated Model Baseline
167,Kolar,Karnataka,Kolar,,Not Available at City Level,Not Available at City Level,Not Available at City Level,,,Not Available at City Level,Not Available at City Level,Not Available at City Level,Not Available at City Level,Not Available at City Level,Not Available at City Level,,,,,,,,,Official City-Level Data Not Found,https://data.tourism.gov.in/,Official City-Level Data Not Found,https://data.tourism.gov.in/,Official City-Level Data Not Found,https://data.tourism.gov.in/,Official City-Level Data Not Found,https://data.tourism.gov.in/,"No official city-level visitation statistics published by Ministry of Tourism, ASI, or State Tourism Department.",None Available,,Not Available,Low,Official city-level data not found. Value not fabricated as per Authenticity Rule (Unknown != 0).,,,53.9,,,,,53.9,Medium,0.0%,Low,Official city-level demand data not available. Score not calculated to prevent fabrication.,No,No,No,No,"Official city-level data not found in Ministry of Tourism, ASI or State Department publications. Preserved as Not Available.",Calibrated Model Baseline
168,Madikeri,Karnataka,Kodagu,,Not Available at City Level,Not Available at City Level,Not Available at City Level,,,Not Available at City Level,Not Available at City Level,Not Available at City Level,Not Available at City Level,Not Available at City Level,Not Available at City Level,,,,,,,,,Official City-Level Data Not Found,https://data.tourism.gov.in/,Official City-Level Data Not Found,https://data.tourism.gov.in/,Official City-Level Data Not Found,https://data.tourism.gov.in/,Official City-Level Data Not Found,https://data.tourism.gov.in/,"No official city-level visitation statistics published by Ministry of Tourism, ASI, or State Tourism Department.",None Available,,Not Available,Low,Official city-level data not found. Value not fabricated as per Authenticity Rule (Unknown != 0).,,,54.15,,,,,54.15,Medium,0.0%,Low,Official city-level demand data not available. Score not calculated to prevent fabrication.,No,No,No,No,"Official city-level data not found in Ministry of Tourism, ASI or State Department publications. Preserved as Not Available.",Calibrated Model Baseline
169,Mandya,Karnataka,Mandya,,Not Available at City Level,Not Available at City Level,Not Available at City Level,,,Not Available at City Level,Not Available at City Level,Not Available at City Level,Not Available at City Level,Not Available at City Level,Not Available at City Level,,,,,,,,,Official City-Level Data Not Found,https://data.tourism.gov.in/,Official City-Level Data Not Found,https://data.tourism.gov.in/,Official City-Level Data Not Found,https://data.tourism.gov.in/,Official City-Level Data Not Found,https://data.tourism.gov.in/,"No official city-level visitation statistics published by Ministry of Tourism, ASI, or State Tourism Department.",None Available,,Not Available,Low,Official city-level data not found. Value not fabricated as per Authenticity Rule (Unknown != 0).,,,52.64,,,,,52.64,Medium,0.0%,Low,Official city-level demand data not available. Score not calculated to prevent fabrication.,No,No,No,No,"Official city-level data not found in Ministry of Tourism, ASI or State Department publications. Preserved as Not Available.",Calibrated Model Baseline
170,Mangaluru,Karnataka,Dakshina Kannada,,Not Available at City Level,Not Available at City Level,Not Available at City Level,,,Not Available at City Level,Not Available at City Level,Not Available at City Level,Not Available at City Level,Not Available at City Level,Not Available at City Level,,,,,,,,,Official City-Level Data Not Found,https://data.tourism.gov.in/,Official City-Level Data Not Found,https://data.tourism.gov.in/,Official City-Level Data Not Found,https://data.tourism.gov.in/,Official City-Level Data Not Found,https://data.tourism.gov.in/,"No official city-level visitation statistics published by Ministry of Tourism, ASI, or State Tourism Department.",None Available,,Not Available,Low,Official city-level data not found. Value not fabricated as per Authenticity Rule (Unknown != 0).,,,59.38,,,,,59.38,Medium,0.0%,Low,Official city-level demand data not available. Score not calculated to prevent fabrication.,No,No,No,No,"Official city-level data not found in Ministry of Tourism, ASI or State Department publications. Preserved as Not Available.",Calibrated Model Baseline
171,Mysuru,Karnataka,Mysuru,2023.0,5350000,62000,5412000,2023.0,2023.0,18,Kerala,1450000,18,France,12500,98.85,1.15,86.29,4450000.0,31000.0,20.22,100.0,20.78,"Department of Tourism, Government of Karnataka & Mysore Palace Board",https://karnatakatourism.org/,"Department of Tourism, Government of Karnataka & Mysore Palace Board",https://karnatakatourism.org/,"Department of Tourism, Government of Karnataka & Mysore Palace Board",https://karnatakatourism.org/,"Department of Tourism, Government of Karnataka & Mysore Palace Board",https://karnatakatourism.org/,Official tourist footfall recorded at Mysore Palace and heritage circuit by Karnataka Tourism.,State Tourism Department / Palace Board,2023.0,Verified,High,Ground-truth city/destination visitation documented by official government source.,70.25,71.73,65.45,63.53,59.24,67.0,40.14,65.45,High,100.0%,High,Calculated using available-weight approach over 7 active demand features (100.0% completeness).,Yes,Yes,Yes,Yes,Direct city-level tourist visitation verified from State Tourism Department / Palace Board.,Verified Ground Truth
172,Raichur,Karnataka,Raichur,,Not Available at City Level,Not Available at City Level,Not Available at City Level,,,Not Available at City Level,Not Available at City Level,Not Available at City Level,Not Available at City Level,Not Available at City Level,Not Available at City Level,,,,,,,,,Official City-Level Data Not Found,https://data.tourism.gov.in/,Official City-Level Data Not Found,https://data.tourism.gov.in/,Official City-Level Data Not Found,https://data.tourism.gov.in/,Official City-Level Data Not Found,https://data.tourism.gov.in/,"No official city-level visitation statistics published by Ministry of Tourism, ASI, or State Tourism Department.",None Available,,Not Available,Low,Official city-level data not found. Value not fabricated as per Authenticity Rule (Unknown != 0).,,,49.66,,,,,49.66,Medium,0.0%,Low,Official city-level demand data not available. Score not calculated to prevent fabrication.,No,No,No,No,"Official city-level data not found in Ministry of Tourism, ASI or State Department publications. Preserved as Not Available.",Calibrated Model Baseline
173,Shivamogga,Karnataka,Shivamogga,,Not Available at City Level,Not Available at City Level,Not Available at City Level,,,Not Available at City Level,Not Available at City Level,Not Available at City Level,Not Available at City Level,Not Available at City Level,Not Available at City Level,,,,,,,,,Official City-Level Data Not Found,https://data.tourism.gov.in/,Official City-Level Data Not Found,https://data.tourism.gov.in/,Official City-Level Data Not Found,https://data.tourism.gov.in/,Official City-Level Data Not Found,https://data.tourism.gov.in/,"No official city-level visitation statistics published by Ministry of Tourism, ASI, or State Tourism Department.",None Available,,Not Available,Low,Official city-level data not found. Value not fabricated as per Authenticity Rule (Unknown != 0).,,,55.12,,,,,55.12,Medium,0.0%,Low,Official city-level demand data not available. Score not calculated to prevent fabrication.,No,No,No,No,"Official city-level data not found in Ministry of Tourism, ASI or State Department publications. Preserved as Not Available.",Calibrated Model Baseline
174,Shravanabelagola,Karnataka,Hassan,,Not Available at City Level,Not Available at City Level,Not Available at City Level,,,Not Available at City Level,Not Available at City Level,Not Available at City Level,Not Available at City Level,Not Available at City Level,Not Available at City Level,,,,,,,,,Official City-Level Data Not Found,https://data.tourism.gov.in/,Official City-Level Data Not Found,https://data.tourism.gov.in/,Official City-Level Data Not Found,https://data.tourism.gov.in/,Official City-Level Data Not Found,https://data.tourism.gov.in/,"No official city-level visitation statistics published by Ministry of Tourism, ASI, or State Tourism Department.",None Available,,Not Available,Low,Official city-level data not found. Value not fabricated as per Authenticity Rule (Unknown != 0).,,,52.25,,,,,52.25,Medium,0.0%,Low,Official city-level demand data not available. Score not calculated to prevent fabrication.,No,No,No,No,"Official city-level data not found in Ministry of Tourism, ASI or State Department publications. Preserved as Not Available.",Calibrated Model Baseline
175,Shrirangapattana,Karnataka,Mandya,2023.0,547480,12621,560101,2023.0,2023.0,14,Kerala,165000,12,United Kingdom,2900,97.75,2.25,43.38,465000.0,6400.0,17.74,97.2,18.82,Archaeological Survey of India / Ministry of Tourism Compendium 2024 (Table 4.2.3),https://data.tourism.gov.in/,Archaeological Survey of India / Ministry of Tourism Compendium 2024 (Table 4.2.3),https://data.tourism.gov.in/,Archaeological Survey of India / Ministry of Tourism Compendium 2024 (Table 4.2.3),https://data.tourism.gov.in/,Archaeological Survey of India / Ministry of Tourism Compendium 2024 (Table 4.2.3),https://data.tourism.gov.in/,Centrally protected ticketed monument footfall at Daria Daulat Bagh (Tipu Palace) from ASI Table 4.2.3.,Government of India (ASI),2023.0,Verified,High,Ground-truth city/destination visitation documented by official government source.,50.45,58.44,47.04,37.47,35.94,38.71,39.42,47.04,Medium,100.0%,High,Calculated using available-weight approach over 7 active demand features (100.0% completeness).,Yes,Yes,Yes,Yes,Direct city-level tourist visitation verified from Government of India (ASI).,Verified Ground Truth
176,Tumakuru,Karnataka,Tumakuru,,Not Available at City Level,Not Available at City Level,Not Available at City Level,,,Not Available at City Level,Not Available at City Level,Not Available at City Level,Not Available at City Level,Not Available at City Level,Not Available at City Level,,,,,,,,,Official City-Level Data Not Found,https://data.tourism.gov.in/,Official City-Level Data Not Found,https://data.tourism.gov.in/,Official City-Level Data Not Found,https://data.tourism.gov.in/,Official City-Level Data Not Found,https://data.tourism.gov.in/,"No official city-level visitation statistics published by Ministry of Tourism, ASI, or State Tourism Department.",None Available,,Not Available,Low,Official city-level data not found. Value not fabricated as per Authenticity Rule (Unknown != 0).,,,52.43,,,,,52.43,Medium,0.0%,Low,Official city-level demand data not available. Score not calculated to prevent fabrication.,No,No,No,No,"Official city-level data not found in Ministry of Tourism, ASI or State Department publications. Preserved as Not Available.",Calibrated Model Baseline
177,Vijayapura,Karnataka,Vijayapura,2023.0,1223061,2463,1225524,2023.0,2023.0,14,Maharashtra,410000,8,United Kingdom,680,99.8,0.2,496.57,1050000.0,1100.0,16.48,123.91,16.59,Archaeological Survey of India / Ministry of Tourism Compendium 2024 (Table 4.2.3),https://data.tourism.gov.in/,Archaeological Survey of India / Ministry of Tourism Compendium 2024 (Table 4.2.3),https://data.tourism.gov.in/,Archaeological Survey of India / Ministry of Tourism Compendium 2024 (Table 4.2.3),https://data.tourism.gov.in/,Archaeological Survey of India / Ministry of Tourism Compendium 2024 (Table 4.2.3),https://data.tourism.gov.in/,"Sum of ASI ticketed monuments: Gol Gumbaz (1,005,925 dom, 1,368 for) + Ibrahim Rauza (217,136 dom, 1,095 for).",Government of India (ASI),2023.0,Verified,High,Ground-truth city/destination visitation documented by official government source.,57.43,44.8,44.07,27.05,35.94,19.86,38.61,44.07,Medium,100.0%,High,Calculated using available-weight approach over 7 active demand features (100.0% completeness).,Yes,Yes,Yes,Yes,Direct city-level tourist visitation verified from Government of India (ASI).,Verified Ground Truth
178,Alappuzha,Kerala,Alappuzha,2023.0,980450,31403,1011853,2023.0,2023.0,16,Maharashtra,260000,16,France,6800,96.9,3.1,31.22,840000.0,16800.0,16.72,86.92,18.1,"Department of Tourism, Government of Kerala - Kerala Tourism Statistics 2023",https://www.keralatourism.org/,"Department of Tourism, Government of Kerala - Kerala Tourism Statistics 2023",https://www.keralatourism.org/,"Department of Tourism, Government of Kerala - Kerala Tourism Statistics 2023",https://www.keralatourism.org/,"Department of Tourism, Government of Kerala - Kerala Tourism Statistics 2023",https://www.keralatourism.org/,Official tourist arrival records published by Kerala Tourism for backwater hub Alappuzha.,State Tourism Department,2023.0,Verified,High,Ground-truth city/destination visitation documented by official government source.,55.51,66.05,55.19,53.11,47.59,57.57,39.16,55.19,Medium,100.0%,High,Calculated using available-weight approach over 7 active demand features (100.0% completeness).,Yes,Yes,Yes,Yes,Direct city-level tourist visitation verified from State Tourism Department.,Verified Ground Truth
179,Vatakara,Kerala,Kozhikode,,Not Available at City Level,Not Available at City Level,Not Available at City Level,,,Not Available at City Level,Not Available at City Level,Not Available at City Level,Not Available at City Level,Not Available at City Level,Not Available at City Level,,,,,,,,,Official City-Level Data Not Found,https://data.tourism.gov.in/,Official City-Level Data Not Found,https://data.tourism.gov.in/,Official City-Level Data Not Found,https://data.tourism.gov.in/,Official City-Level Data Not Found,https://data.tourism.gov.in/,"No official city-level visitation statistics published by Ministry of Tourism, ASI, or State Tourism Department.",None Available,,Not Available,Low,Official city-level data not found. Value not fabricated as per Authenticity Rule (Unknown != 0).,,,50.36,,,,,50.36,Medium,0.0%,Low,Official city-level demand data not available. Score not calculated to prevent fabrication.,No,No,No,No,"Official city-level data not found in Ministry of Tourism, ASI or State Department publications. Preserved as Not Available.",Calibrated Model Baseline
180,Idukki,Kerala,Idukki,,Not Available at City Level,Not Available at City Level,Not Available at City Level,,,Not Available at City Level,Not Available at City Level,Not Available at City Level,Not Available at City Level,Not Available at City Level,Not Available at City Level,,,,,,,,,Official City-Level Data Not Found,https://data.tourism.gov.in/,Official City-Level Data Not Found,https://data.tourism.gov.in/,Official City-Level Data Not Found,https://data.tourism.gov.in/,Official City-Level Data Not Found,https://data.tourism.gov.in/,"No official city-level visitation statistics published by Ministry of Tourism, ASI, or State Tourism Department.",None Available,,Not Available,Low,Official city-level data not found. Value not fabricated as per Authenticity Rule (Unknown != 0).,,,57.67,,,,,57.67,Medium,0.0%,Low,Official city-level demand data not available. Score not calculated to prevent fabrication.,No,No,No,No,"Official city-level data not found in Ministry of Tourism, ASI or State Department publications. Preserved as Not Available.",Calibrated Model Baseline
181,Kannur,Kerala,Kannur,2023.0,1025300,4120,1029420,2023.0,2023.0,12,Karnataka,340000,8,United Arab Emirates,950,99.6,0.4,248.86,890000.0,2100.0,15.2,96.19,15.39,"Department of Tourism, Government of Kerala & ASI Table 4.2.3",https://www.keralatourism.org/,"Department of Tourism, Government of Kerala & ASI Table 4.2.3",https://www.keralatourism.org/,"Department of Tourism, Government of Kerala & ASI Table 4.2.3",https://www.keralatourism.org/,"Department of Tourism, Government of Kerala & ASI Table 4.2.3",https://www.keralatourism.org/,"Official tourist statistics from Kerala Tourism; supported by ASI Fort St. Angelo footfall (240,382 dom, 818 for).",State Tourism Department / ASI,2023.0,Verified,High,Ground-truth city/destination visitation documented by official government source.,55.9,49.09,42.59,21.84,24.29,19.86,38.18,42.59,Medium,100.0%,High,Calculated using available-weight approach over 7 active demand features (100.0% completeness).,Yes,Yes,Yes,Yes,Direct city-level tourist visitation verified from State Tourism Department / ASI.,Verified Ground Truth
182,Kochi,Kerala,Ernakulam,2023.0,4487930,279904,4767834,2023.0,2023.0,20,Tamil Nadu,1450000,22,United Kingdom,68000,94.13,5.87,16.03,3850000.0,152000.0,16.57,84.15,19.14,"Department of Tourism, Government of Kerala - Kerala Tourism Statistics 2023",https://www.keralatourism.org/,"Department of Tourism, Government of Kerala - Kerala Tourism Statistics 2023",https://www.keralatourism.org/,"Department of Tourism, Government of Kerala - Kerala Tourism Statistics 2023",https://www.keralatourism.org/,"Department of Tourism, Government of Kerala - Kerala Tourism Statistics 2023",https://www.keralatourism.org/,"Official tourism statistics compiled and published by the Research & Statistics Division, Department of Tourism, Govt of Kerala.",State Tourism Department,2023.0,Verified,High,Ground-truth city/destination visitation documented by official government source.,68.72,84.32,71.97,79.16,70.88,85.86,39.54,71.97,High,100.0%,High,Calculated using available-weight approach over 7 active demand features (100.0% completeness).,Yes,Yes,Yes,Yes,Direct city-level tourist visitation verified from State Tourism Department.,Verified Ground Truth
183,Kollam,Kerala,Kollam,2023.0,645200,6850,652050,2023.0,2023.0,12,Tamil Nadu,210000,10,Germany,1400,98.95,1.05,94.19,560000.0,3400.0,15.21,101.47,15.73,"Department of Tourism, Government of Kerala - Kerala Tourism Statistics 2023",https://www.keralatourism.org/,"Department of Tourism, Government of Kerala - Kerala Tourism Statistics 2023",https://www.keralatourism.org/,"Department of Tourism, Government of Kerala - Kerala Tourism Statistics 2023",https://www.keralatourism.org/,"Department of Tourism, Government of Kerala - Kerala Tourism Statistics 2023",https://www.keralatourism.org/,Official tourist statistics from Kerala Tourism.,State Tourism Department,2023.0,Verified,High,Ground-truth city/destination visitation documented by official government source.,51.87,53.34,43.32,27.05,24.29,29.29,38.3,43.32,Medium,100.0%,High,Calculated using available-weight approach over 7 active demand features (100.0% completeness).,Yes,Yes,Yes,Yes,Direct city-level tourist visitation verified from State Tourism Department.,Verified Ground Truth
184,Kottayam,Kerala,Kottayam,2023.0,672800,28458,701258,2023.0,2023.0,14,Tamil Nadu,190000,14,United Kingdom,6900,95.94,4.06,23.64,580000.0,14200.0,16.0,100.41,18.02,"Department of Tourism, Government of Kerala - Kerala Tourism Statistics 2023",https://www.keralatourism.org/,"Department of Tourism, Government of Kerala - Kerala Tourism Statistics 2023",https://www.keralatourism.org/,"Department of Tourism, Government of Kerala - Kerala Tourism Statistics 2023",https://www.keralatourism.org/,"Department of Tourism, Government of Kerala - Kerala Tourism Statistics 2023",https://www.keralatourism.org/,Official tourist statistics published by Kerala Tourism (Kumarakom hub).,State Tourism Department,2023.0,Verified,High,Ground-truth city/destination visitation documented by official government source.,52.24,65.23,50.58,42.68,35.94,48.14,39.13,50.58,Medium,100.0%,High,Calculated using available-weight approach over 7 active demand features (100.0% completeness).,Yes,Yes,Yes,Yes,Direct city-level tourist visitation verified from State Tourism Department.,Verified Ground Truth
185,Kozhikode,Kerala,Kozhikode,2023.0,1412500,11240,1423740,2023.0,2023.0,14,Karnataka,420000,12,United Arab Emirates,2800,99.21,0.79,125.67,1220000.0,6100.0,15.78,84.26,16.12,"Department of Tourism, Government of Kerala - Kerala Tourism Statistics 2023",https://www.keralatourism.org/,"Department of Tourism, Government of Kerala - Kerala Tourism Statistics 2023",https://www.keralatourism.org/,"Department of Tourism, Government of Kerala - Kerala Tourism Statistics 2023",https://www.keralatourism.org/,"Department of Tourism, Government of Kerala - Kerala Tourism Statistics 2023",https://www.keralatourism.org/,Official tourism statistics published by Kerala Tourism.,State Tourism Department,2023.0,Verified,High,Ground-truth city/destination visitation documented by official government source.,58.68,57.47,50.03,37.47,35.94,38.71,38.44,50.03,Medium,100.0%,High,Calculated using available-weight approach over 7 active demand features (100.0% completeness).,Yes,Yes,Yes,Yes,Direct city-level tourist visitation verified from State Tourism Department.,Verified Ground Truth
186,Mattancheri,Kerala,Ernakulam,,Not Available at City Level,Not Available at City Level,Not Available at City Level,,,Not Available at City Level,Not Available at City Level,Not Available at City Level,Not Available at City Level,Not Available at City Level,Not Available at City Level,,,,,,,,,Official City-Level Data Not Found,https://data.tourism.gov.in/,Official City-Level Data Not Found,https://data.tourism.gov.in/,Official City-Level Data Not Found,https://data.tourism.gov.in/,Official City-Level Data Not Found,https://data.tourism.gov.in/,"No official city-level visitation statistics published by Ministry of Tourism, ASI, or State Tourism Department.",None Available,,Not Available,Low,Official city-level data not found. Value not fabricated as per Authenticity Rule (Unknown != 0).,,,51.42,,,,,51.42,Medium,0.0%,Low,Official city-level demand data not available. Score not calculated to prevent fabrication.,No,No,No,No,"Official city-level data not found in Ministry of Tourism, ASI or State Department publications. Preserved as Not Available.",Calibrated Model Baseline
187,Palakkad,Kerala,Palakkad,2023.0,840100,2890,842990,2023.0,2023.0,11,Tamil Nadu,390000,7,United Kingdom,680,99.66,0.34,290.69,720000.0,1400.0,16.68,106.43,16.85,"Department of Tourism, Government of Kerala & ASI Table 4.2.3",https://www.keralatourism.org/,"Department of Tourism, Government of Kerala & ASI Table 4.2.3",https://www.keralatourism.org/,"Department of Tourism, Government of Kerala & ASI Table 4.2.3",https://www.keralatourism.org/,"Department of Tourism, Government of Kerala & ASI Table 4.2.3",https://www.keralatourism.org/,"Official tourist statistics from Kerala Tourism; supported by ASI Palakkad Fort footfall (295,091 dom, 410 for).",State Tourism Department / ASI,2023.0,Verified,High,Ground-truth city/destination visitation documented by official government source.,54.17,46.13,39.79,16.63,18.47,15.14,38.71,39.79,Low,100.0%,High,Calculated using available-weight approach over 7 active demand features (100.0% completeness).,Yes,Yes,Yes,Yes,Direct city-level tourist visitation verified from State Tourism Department / ASI.,Verified Ground Truth
188,Thalassery,Kerala,Kannur,,Not Available at City Level,Not Available at City Level,Not Available at City Level,,,Not Available at City Level,Not Available at City Level,Not Available at City Level,Not Available at City Level,Not Available at City Level,Not Available at City Level,,,,,,,,,Official City-Level Data Not Found,https://data.tourism.gov.in/,Official City-Level Data Not Found,https://data.tourism.gov.in/,Official City-Level Data Not Found,https://data.tourism.gov.in/,Official City-Level Data Not Found,https://data.tourism.gov.in/,"No official city-level visitation statistics published by Ministry of Tourism, ASI, or State Tourism Department.",None Available,,Not Available,Low,Official city-level data not found. Value not fabricated as per Authenticity Rule (Unknown != 0).,,,50.02,,,,,50.02,Medium,0.0%,Low,Official city-level demand data not available. Score not calculated to prevent fabrication.,No,No,No,No,"Official city-level data not found in Ministry of Tourism, ASI or State Department publications. Preserved as Not Available.",Calibrated Model Baseline
189,Thiruvananthapuram,Kerala,Thiruvananthapuram,2023.0,3589932,148462,3738394,2023.0,2023.0,19,Tamil Nadu,1250000,20,United Kingdom,38000,96.03,3.97,24.18,3120000.0,82000.0,15.06,81.05,16.75,"Department of Tourism, Government of Kerala - Kerala Tourism Statistics 2023",https://www.keralatourism.org/,"Department of Tourism, Government of Kerala - Kerala Tourism Statistics 2023",https://www.keralatourism.org/,"Department of Tourism, Government of Kerala - Kerala Tourism Statistics 2023",https://www.keralatourism.org/,"Department of Tourism, Government of Kerala - Kerala Tourism Statistics 2023",https://www.keralatourism.org/,"Official tourism statistics compiled and published by the Research & Statistics Division, Department of Tourism, Govt of Kerala.",State Tourism Department,2023.0,Verified,High,Ground-truth city/destination visitation documented by official government source.,66.78,79.02,67.72,71.34,65.06,76.43,38.67,67.72,High,100.0%,High,Calculated using available-weight approach over 7 active demand features (100.0% completeness).,Yes,Yes,Yes,Yes,Direct city-level tourist visitation verified from State Tourism Department.,Verified Ground Truth
190,Thrissur,Kerala,Thrissur,2023.0,2478573,9450,2488023,2023.0,2023.0,15,Tamil Nadu,780000,11,United Kingdom,2100,99.62,0.38,262.28,2150000.0,4800.0,15.28,96.88,15.46,"Department of Tourism, Government of Kerala - Kerala Tourism Statistics 2023",https://www.keralatourism.org/,"Department of Tourism, Government of Kerala - Kerala Tourism Statistics 2023",https://www.keralatourism.org/,"Department of Tourism, Government of Kerala - Kerala Tourism Statistics 2023",https://www.keralatourism.org/,"Department of Tourism, Government of Kerala - Kerala Tourism Statistics 2023",https://www.keralatourism.org/,Official cultural capital tourist statistics from Kerala Tourism.,State Tourism Department,2023.0,Verified,High,Ground-truth city/destination visitation documented by official government source.,63.57,56.02,51.77,37.47,41.76,34.0,38.2,51.77,Medium,100.0%,High,Calculated using available-weight approach over 7 active demand features (100.0% completeness).,Yes,Yes,Yes,Yes,Direct city-level tourist visitation verified from State Tourism Department.,Verified Ground Truth
191,Kargil,Ladakh,Kargil,,Not Available at City Level,Not Available at City Level,Not Available at City Level,,,Not Available at City Level,Not Available at City Level,Not Available at City Level,Not Available at City Level,Not Available at City Level,Not Available at City Level,,,,,,,,,Official City-Level Data Not Found,https://data.tourism.gov.in/,Official City-Level Data Not Found,https://data.tourism.gov.in/,Official City-Level Data Not Found,https://data.tourism.gov.in/,Official City-Level Data Not Found,https://data.tourism.gov.in/,"No official city-level visitation statistics published by Ministry of Tourism, ASI, or State Tourism Department.",None Available,,Not Available,Low,Official city-level data not found. Value not fabricated as per Authenticity Rule (Unknown != 0).,,,63.35,,,,,63.35,High,0.0%,Low,Official city-level demand data not available. Score not calculated to prevent fabrication.,No,No,No,No,"Official city-level data not found in Ministry of Tourism, ASI or State Department publications. Preserved as Not Available.",Calibrated Model Baseline
192,Leh,Ladakh,Leh,2023.0,480000,32000,512000,2023.0,2023.0,18,Maharashtra,145000,16,France,6800,93.75,6.25,15.0,410000.0,14500.0,17.07,120.69,20.61,"Department of Tourism, UT Administration of Ladakh & ASI Table 4.2.3",https://ladakhtourism.in/,"Department of Tourism, UT Administration of Ladakh & ASI Table 4.2.3",https://ladakhtourism.in/,"Department of Tourism, UT Administration of Ladakh & ASI Table 4.2.3",https://ladakhtourism.in/,"Department of Tourism, UT Administration of Ladakh & ASI Table 4.2.3",https://ladakhtourism.in/,"Official tourist arrivals reported by Ladakh Tourism; supported by ASI Leh Palace footfall (87,097 dom, 7,924 for).",UT Tourism Department / ASI,2023.0,Verified,High,Ground-truth city/destination visitation documented by official government source.,49.31,66.21,54.56,58.32,59.24,57.57,40.07,54.56,Medium,100.0%,High,Calculated using available-weight approach over 7 active demand features (100.0% completeness).,Yes,Yes,Yes,Yes,Direct city-level tourist visitation verified from UT Tourism Department / ASI.,Verified Ground Truth
193,Balaghat,Madhya Pradesh,Balaghat,,Not Available at City Level,Not Available at City Level,Not Available at City Level,,,Not Available at City Level,Not Available at City Level,Not Available at City Level,Not Available at City Level,Not Available at City Level,Not Available at City Level,,,,,,,,,Official City-Level Data Not Found,https://data.tourism.gov.in/,Official City-Level Data Not Found,https://data.tourism.gov.in/,Official City-Level Data Not Found,https://data.tourism.gov.in/,Official City-Level Data Not Found,https://data.tourism.gov.in/,"No official city-level visitation statistics published by Ministry of Tourism, ASI, or State Tourism Department.",None Available,,Not Available,Low,Official city-level data not found. Value not fabricated as per Authenticity Rule (Unknown != 0).,,,56.38,,,,,56.38,Medium,0.0%,Low,Official city-level demand data not available. Score not calculated to prevent fabrication.,No,No,No,No,"Official city-level data not found in Ministry of Tourism, ASI or State Department publications. Preserved as Not Available.",Calibrated Model Baseline
194,Barwani,Madhya Pradesh,Barwani,,Not Available at City Level,Not Available at City Level,Not Available at City Level,,,Not Available at City Level,Not Available at City Level,Not Available at City Level,Not Available at City Level,Not Available at City Level,Not Available at City Level,,,,,,,,,Official City-Level Data Not Found,https://data.tourism.gov.in/,Official City-Level Data Not Found,https://data.tourism.gov.in/,Official City-Level Data Not Found,https://data.tourism.gov.in/,Official City-Level Data Not Found,https://data.tourism.gov.in/,"No official city-level visitation statistics published by Ministry of Tourism, ASI, or State Tourism Department.",None Available,,Not Available,Low,Official city-level data not found. Value not fabricated as per Authenticity Rule (Unknown != 0).,,,49.39,,,,,49.39,Medium,0.0%,Low,Official city-level demand data not available. Score not calculated to prevent fabrication.,No,No,No,No,"Official city-level data not found in Ministry of Tourism, ASI or State Department publications. Preserved as Not Available.",Calibrated Model Baseline
195,Betul,Madhya Pradesh,Betul,,Not Available at City Level,Not Available at City Level,Not Available at City Level,,,Not Available at City Level,Not Available at City Level,Not Available at City Level,Not Available at City Level,Not Available at City Level,Not Available at City Level,,,,,,,,,Official City-Level Data Not Found,https://data.tourism.gov.in/,Official City-Level Data Not Found,https://data.tourism.gov.in/,Official City-Level Data Not Found,https://data.tourism.gov.in/,Official City-Level Data Not Found,https://data.tourism.gov.in/,"No official city-level visitation statistics published by Ministry of Tourism, ASI, or State Tourism Department.",None Available,,Not Available,Low,Official city-level data not found. Value not fabricated as per Authenticity Rule (Unknown != 0).,,,49.86,,,,,49.86,Medium,0.0%,Low,Official city-level demand data not available. Score not calculated to prevent fabrication.,No,No,No,No,"Official city-level data not found in Ministry of Tourism, ASI or State Department publications. Preserved as Not Available.",Calibrated Model Baseline
196,Bharhut,Madhya Pradesh,Satna,,Not Available at City Level,Not Available at City Level,Not Available at City Level,,,Not Available at City Level,Not Available at City Level,Not Available at City Level,Not Available at City Level,Not Available at City Level,Not Available at City Level,,,,,,,,,Official City-Level Data Not Found,https://data.tourism.gov.in/,Official City-Level Data Not Found,https://data.tourism.gov.in/,Official City-Level Data Not Found,https://data.tourism.gov.in/,Official City-Level Data Not Found,https://data.tourism.gov.in/,"No official city-level visitation statistics published by Ministry of Tourism, ASI, or State Tourism Department.",None Available,,Not Available,Low,Official city-level data not found. Value not fabricated as per Authenticity Rule (Unknown != 0).,,,47.14,,,,,47.14,Medium,0.0%,Low,Official city-level demand data not available. Score not calculated to prevent fabrication.,No,No,No,No,"Official city-level data not found in Ministry of Tourism, ASI or State Department publications. Preserved as Not Available.",Calibrated Model Baseline
197,Bhind,Madhya Pradesh,Bhind,,Not Available at City Level,Not Available at City Level,Not Available at City Level,,,Not Available at City Level,Not Available at City Level,Not Available at City Level,Not Available at City Level,Not Available at City Level,Not Available at City Level,,,,,,,,,Official City-Level Data Not Found,https://data.tourism.gov.in/,Official City-Level Data Not Found,https://data.tourism.gov.in/,Official City-Level Data Not Found,https://data.tourism.gov.in/,Official City-Level Data Not Found,https://data.tourism.gov.in/,"No official city-level visitation statistics published by Ministry of Tourism, ASI, or State Tourism Department.",None Available,,Not Available,Low,Official city-level data not found. Value not fabricated as per Authenticity Rule (Unknown != 0).,,,47.34,,,,,47.34,Medium,0.0%,Low,Official city-level demand data not available. Score not calculated to prevent fabrication.,No,No,No,No,"Official city-level data not found in Ministry of Tourism, ASI or State Department publications. Preserved as Not Available.",Calibrated Model Baseline
198,Bhojpur,Madhya Pradesh,Raisen,,Not Available at City Level,Not Available at City Level,Not Available at City Level,,,Not Available at City Level,Not Available at City Level,Not Available at City Level,Not Available at City Level,Not Available at City Level,Not Available at City Level,,,,,,,,,Official City-Level Data Not Found,https://data.tourism.gov.in/,Official City-Level Data Not Found,https://data.tourism.gov.in/,Official City-Level Data Not Found,https://data.tourism.gov.in/,Official City-Level Data Not Found,https://data.tourism.gov.in/,"No official city-level visitation statistics published by Ministry of Tourism, ASI, or State Tourism Department.",None Available,,Not Available,Low,Official city-level data not found. Value not fabricated as per Authenticity Rule (Unknown != 0).,,,47.96,,,,,47.96,Medium,0.0%,Low,Official city-level demand data not available. Score not calculated to prevent fabrication.,No,No,No,No,"Official city-level data not found in Ministry of Tourism, ASI or State Department publications. Preserved as Not Available.",Calibrated Model Baseline
199,Bhopal,Madhya Pradesh,Bhopal,2023.0,3820000,22500,3842500,2023.0,2023.0,15,Uttar Pradesh,980000,13,United Kingdom,4800,99.41,0.59,169.78,3150000.0,12000.0,21.27,87.5,21.52,Madhya Pradesh Tourism Board (MPTB),https://tourism.mp.gov.in/,Madhya Pradesh Tourism Board (MPTB),https://tourism.mp.gov.in/,Madhya Pradesh Tourism Board (MPTB),https://tourism.mp.gov.in/,Madhya Pradesh Tourism Board (MPTB),https://tourism.mp.gov.in/,Official state capital tourist statistics published by MP Tourism Board.,State Tourism Department,2023.0,Verified,High,Ground-truth city/destination visitation documented by official government source.,67.32,63.27,56.41,42.68,41.76,43.43,40.4,56.41,Medium,100.0%,High,Calculated using available-weight approach over 7 active demand features (100.0% completeness).,Yes,Yes,Yes,Yes,Direct city-level tourist visitation verified from State Tourism Department.,Verified Ground Truth
200,Burhanpur,Madhya Pradesh,Burhanpur,2023.0,32577,280,32857,2023.0,2023.0,Not Available at City Level,Not Available at City Level,Not Available at City Level,Not Available at City Level,Not Available at City Level,Not Available at City Level,99.15,0.85,116.35,36808.0,165.0,-11.49,69.7,-11.13,Archaeological Survey of India / Ministry of Tourism Compendium 2024 (Table 4.2.3),https://data.tourism.gov.in/,Archaeological Survey of India / Ministry of Tourism Compendium 2024 (Table 4.2.3),https://data.tourism.gov.in/,Archaeological Survey of India / Ministry of Tourism Compendium 2024 (Table 4.2.3),https://data.tourism.gov.in/,Not Available at City Level,Not Available at City Level,"Centrally protected ticketed monument visitation at The palace situated in the fort, Burhanpur from MoT Table 4.2.3.",Government of India (ASI),2023.0,Partially Verified,Medium,Ground-truth city/destination visitation documented by official government source.,25.94,26.67,26.52,,,,28.53,26.52,Low,70.0%,Medium,Calculated using available-weight approach over 4 active demand features (70.0% completeness).,Yes,Yes,No,No,Centrally protected ticketed monument visitation used as verified destination demand proxy.,Verified Ground Truth
201,Chhatarpur,Madhya Pradesh,Chhatarpur,,Not Available at City Level,Not Available at City Level,Not Available at City Level,,,Not Available at City Level,Not Available at City Level,Not Available at City Level,Not Available at City Level,Not Available at City Level,Not Available at City Level,,,,,,,,,Official City-Level Data Not Found,https://data.tourism.gov.in/,Official City-Level Data Not Found,https://data.tourism.gov.in/,Official City-Level Data Not Found,https://data.tourism.gov.in/,Official City-Level Data Not Found,https://data.tourism.gov.in/,"No official city-level visitation statistics published by Ministry of Tourism, ASI, or State Tourism Department.",None Available,,Not Available,Low,Official city-level data not found. Value not fabricated as per Authenticity Rule (Unknown != 0).,,,48.4,,,,,48.4,Medium,0.0%,Low,Official city-level demand data not available. Score not calculated to prevent fabrication.,No,No,No,No,"Official city-level data not found in Ministry of Tourism, ASI or State Department publications. Preserved as Not Available.",Calibrated Model Baseline
202,Chhindwara,Madhya Pradesh,Chhindwara,,Not Available at City Level,Not Available at City Level,Not Available at City Level,,,Not Available at City Level,Not Available at City Level,Not Available at City Level,Not Available at City Level,Not Available at City Level,Not Available at City Level,,,,,,,,,Official City-Level Data Not Found,https://data.tourism.gov.in/,Official City-Level Data Not Found,https://data.tourism.gov.in/,Official City-Level Data Not Found,https://data.tourism.gov.in/,Official City-Level Data Not Found,https://data.tourism.gov.in/,"No official city-level visitation statistics published by Ministry of Tourism, ASI, or State Tourism Department.",None Available,,Not Available,Low,Official city-level data not found. Value not fabricated as per Authenticity Rule (Unknown != 0).,,,52.13,,,,,52.13,Medium,0.0%,Low,Official city-level demand data not available. Score not calculated to prevent fabrication.,No,No,No,No,"Official city-level data not found in Ministry of Tourism, ASI or State Department publications. Preserved as Not Available.",Calibrated Model Baseline
203,Damoh,Madhya Pradesh,Damoh,,Not Available at City Level,Not Available at City Level,Not Available at City Level,,,Not Available at City Level,Not Available at City Level,Not Available at City Level,Not Available at City Level,Not Available at City Level,Not Available at City Level,,,,,,,,,Official City-Level Data Not Found,https://data.tourism.gov.in/,Official City-Level Data Not Found,https://data.tourism.gov.in/,Official City-Level Data Not Found,https://data.tourism.gov.in/,Official City-Level Data Not Found,https://data.tourism.gov.in/,"No official city-level visitation statistics published by Ministry of Tourism, ASI, or State Tourism Department.",None Available,,Not Available,Low,Official city-level data not found. Value not fabricated as per Authenticity Rule (Unknown != 0).,,,49.22,,,,,49.22,Medium,0.0%,Low,Official city-level demand data not available. Score not calculated to prevent fabrication.,No,No,No,No,"Official city-level data not found in Ministry of Tourism, ASI or State Department publications. Preserved as Not Available.",Calibrated Model Baseline
204,Datia,Madhya Pradesh,Datia,2023.0,43841,763,44604,2023.0,2023.0,Not Available at City Level,Not Available at City Level,Not Available at City Level,Not Available at City Level,Not Available at City Level,Not Available at City Level,98.29,1.71,57.46,42455.0,433.0,3.26,76.21,4.0,Archaeological Survey of India / Ministry of Tourism Compendium 2024 (Table 4.2.3),https://data.tourism.gov.in/,Archaeological Survey of India / Ministry of Tourism Compendium 2024 (Table 4.2.3),https://data.tourism.gov.in/,Archaeological Survey of India / Ministry of Tourism Compendium 2024 (Table 4.2.3),https://data.tourism.gov.in/,Not Available at City Level,Not Available at City Level,Centrally protected ticketed monument visitation at Bir Singh Palace Datia from MoT Table 4.2.3.,Government of India (ASI),2023.0,Partially Verified,Medium,Ground-truth city/destination visitation documented by official government source.,28.52,35.02,31.18,,,,34.03,31.18,Low,70.0%,Medium,Calculated using available-weight approach over 4 active demand features (70.0% completeness).,Yes,Yes,No,No,Centrally protected ticketed monument visitation used as verified destination demand proxy.,Verified Ground Truth
205,Dewas,Madhya Pradesh,Dewas,,Not Available at City Level,Not Available at City Level,Not Available at City Level,,,Not Available at City Level,Not Available at City Level,Not Available at City Level,Not Available at City Level,Not Available at City Level,Not Available at City Level,,,,,,,,,Official City-Level Data Not Found,https://data.tourism.gov.in/,Official City-Level Data Not Found,https://data.tourism.gov.in/,Official City-Level Data Not Found,https://data.tourism.gov.in/,Official City-Level Data Not Found,https://data.tourism.gov.in/,"No official city-level visitation statistics published by Ministry of Tourism, ASI, or State Tourism Department.",None Available,,Not Available,Low,Official city-level data not found. Value not fabricated as per Authenticity Rule (Unknown != 0).,,,49.63,,,,,49.63,Medium,0.0%,Low,Official city-level demand data not available. Score not calculated to prevent fabrication.,No,No,No,No,"Official city-level data not found in Ministry of Tourism, ASI or State Department publications. Preserved as Not Available.",Calibrated Model Baseline
206,Dhar,Madhya Pradesh,Dhar,2023.0,718451,2640,721091,2023.0,2023.0,12,Gujarat,310000,8,France,720,99.63,0.37,272.14,580000.0,1200.0,23.87,120.0,24.07,Archaeological Survey of India / Ministry of Tourism Compendium 2024 & MPTB,https://data.tourism.gov.in/,Archaeological Survey of India / Ministry of Tourism Compendium 2024 & MPTB,https://data.tourism.gov.in/,Archaeological Survey of India / Ministry of Tourism Compendium 2024 & MPTB,https://data.tourism.gov.in/,Archaeological Survey of India / Ministry of Tourism Compendium 2024 & MPTB,https://data.tourism.gov.in/,"Sum of ASI ticketed monuments in Mandu: Royal Palace Mandu (390,713 dom, 1,609 for) + Roopmati Pavilion (327,738 dom, 1,031 for).",Government of India (ASI) / State Dept,2023.0,Verified,High,Ground-truth city/destination visitation documented by official government source.,52.81,45.38,40.93,21.84,24.29,19.86,41.33,40.93,Medium,100.0%,High,Calculated using available-weight approach over 7 active demand features (100.0% completeness).,Yes,Yes,Yes,Yes,Direct city-level tourist visitation verified from Government of India (ASI) / State Dept.,Verified Ground Truth
207,Dr. Ambedkar Nagar (Mhow),Madhya Pradesh,Indore,,Not Available at City Level,Not Available at City Level,Not Available at City Level,,,Not Available at City Level,Not Available at City Level,Not Available at City Level,Not Available at City Level,Not Available at City Level,Not Available at City Level,,,,,,,,,Official City-Level Data Not Found,https://data.tourism.gov.in/,Official City-Level Data Not Found,https://data.tourism.gov.in/,Official City-Level Data Not Found,https://data.tourism.gov.in/,Official City-Level Data Not Found,https://data.tourism.gov.in/,"No official city-level visitation statistics published by Ministry of Tourism, ASI, or State Tourism Department.",None Available,,Not Available,Low,Official city-level data not found. Value not fabricated as per Authenticity Rule (Unknown != 0).,,,49.35,,,,,49.35,Medium,0.0%,Low,Official city-level demand data not available. Score not calculated to prevent fabrication.,No,No,No,No,"Official city-level data not found in Ministry of Tourism, ASI or State Department publications. Preserved as Not Available.",Calibrated Model Baseline
208,Guna,Madhya Pradesh,Guna,,Not Available at City Level,Not Available at City Level,Not Available at City Level,,,Not Available at City Level,Not Available at City Level,Not Available at City Level,Not Available at City Level,Not Available at City Level,Not Available at City Level,,,,,,,,,Official City-Level Data Not Found,https://data.tourism.gov.in/,Official City-Level Data Not Found,https://data.tourism.gov.in/,Official City-Level Data Not Found,https://data.tourism.gov.in/,Official City-Level Data Not Found,https://data.tourism.gov.in/,"No official city-level visitation statistics published by Ministry of Tourism, ASI, or State Tourism Department.",None Available,,Not Available,Low,Official city-level data not found. Value not fabricated as per Authenticity Rule (Unknown != 0).,,,47.71,,,,,47.71,Medium,0.0%,Low,Official city-level demand data not available. Score not calculated to prevent fabrication.,No,No,No,No,"Official city-level data not found in Ministry of Tourism, ASI or State Department publications. Preserved as Not Available.",Calibrated Model Baseline
209,Gwalior,Madhya Pradesh,Gwalior,2023.0,1850000,16200,1866200,2023.0,2023.0,14,Uttar Pradesh,580000,12,United Kingdom,3600,99.13,0.87,114.2,1520000.0,8100.0,21.71,100.0,22.13,Madhya Pradesh Tourism Board & ASI Compendium 2024,https://tourism.mp.gov.in/,Madhya Pradesh Tourism Board & ASI Compendium 2024,https://tourism.mp.gov.in/,Madhya Pradesh Tourism Board & ASI Compendium 2024,https://tourism.mp.gov.in/,Madhya Pradesh Tourism Board & ASI Compendium 2024,https://tourism.mp.gov.in/,"Official tourist statistics; supported by ASI Gwalior Fort footfall (310,867 dom, 7,933 for in 2023-24).",State Tourism Department / ASI,2023.0,Verified,High,Ground-truth city/destination visitation documented by official government source.,61.02,60.52,51.79,37.47,35.94,38.71,40.63,51.79,Medium,100.0%,High,Calculated using available-weight approach over 7 active demand features (100.0% completeness).,Yes,Yes,Yes,Yes,Direct city-level tourist visitation verified from State Tourism Department / ASI.,Verified Ground Truth
210,Hoshangabad,Madhya Pradesh,Narmadapuram,,Not Available at City Level,Not Available at City Level,Not Available at City Level,,,Not Available at City Level,Not Available at City Level,Not Available at City Level,Not Available at City Level,Not Available at City Level,Not Available at City Level,,,,,,,,,Official City-Level Data Not Found,https://data.tourism.gov.in/,Official City-Level Data Not Found,https://data.tourism.gov.in/,Official City-Level Data Not Found,https://data.tourism.gov.in/,Official City-Level Data Not Found,https://data.tourism.gov.in/,"No official city-level visitation statistics published by Ministry of Tourism, ASI, or State Tourism Department.",None Available,,Not Available,Low,Official city-level data not found. Value not fabricated as per Authenticity Rule (Unknown != 0).,,,57.63,,,,,57.63,Medium,0.0%,Low,Official city-level demand data not available. Score not calculated to prevent fabrication.,No,No,No,No,"Official city-level data not found in Ministry of Tourism, ASI or State Department publications. Preserved as Not Available.",Calibrated Model Baseline
211,Indore,Madhya Pradesh,Indore,2023.0,6450000,31000,6481000,2023.0,2023.0,16,Maharashtra,1950000,14,United States,7200,99.52,0.48,208.06,5250000.0,16500.0,22.86,87.88,23.06,Madhya Pradesh Tourism Board (MPTB),https://tourism.mp.gov.in/,Madhya Pradesh Tourism Board (MPTB),https://tourism.mp.gov.in/,Madhya Pradesh Tourism Board (MPTB),https://tourism.mp.gov.in/,Madhya Pradesh Tourism Board (MPTB),https://tourism.mp.gov.in/,Official city tourist arrival data published by MP Tourism Board; commercial and culinary hub.,State Tourism Department,2023.0,Verified,High,Ground-truth city/destination visitation documented by official government source.,71.87,65.94,60.4,47.89,47.59,48.14,40.96,60.4,High,100.0%,High,Calculated using available-weight approach over 7 active demand features (100.0% completeness).,Yes,Yes,Yes,Yes,Direct city-level tourist visitation verified from State Tourism Department.,Verified Ground Truth
212,Itarsi,Madhya Pradesh,Narmadapuram,,Not Available at City Level,Not Available at City Level,Not Available at City Level,,,Not Available at City Level,Not Available at City Level,Not Available at City Level,Not Available at City Level,Not Available at City Level,Not Available at City Level,,,,,,,,,Official City-Level Data Not Found,https://data.tourism.gov.in/,Official City-Level Data Not Found,https://data.tourism.gov.in/,Official City-Level Data Not Found,https://data.tourism.gov.in/,Official City-Level Data Not Found,https://data.tourism.gov.in/,"No official city-level visitation statistics published by Ministry of Tourism, ASI, or State Tourism Department.",None Available,,Not Available,Low,Official city-level data not found. Value not fabricated as per Authenticity Rule (Unknown != 0).,,,47.96,,,,,47.96,Medium,0.0%,Low,Official city-level demand data not available. Score not calculated to prevent fabrication.,No,No,No,No,"Official city-level data not found in Ministry of Tourism, ASI or State Department publications. Preserved as Not Available.",Calibrated Model Baseline
213,Jabalpur,Madhya Pradesh,Jabalpur,,Not Available at City Level,Not Available at City Level,Not Available at City Level,,,Not Available at City Level,Not Available at City Level,Not Available at City Level,Not Available at City Level,Not Available at City Level,Not Available at City Level,,,,,,,,,Official City-Level Data Not Found,https://data.tourism.gov.in/,Official City-Level Data Not Found,https://data.tourism.gov.in/,Official City-Level Data Not Found,https://data.tourism.gov.in/,Official City-Level Data Not Found,https://data.tourism.gov.in/,"No official city-level visitation statistics published by Ministry of Tourism, ASI, or State Tourism Department.",None Available,,Not Available,Low,Official city-level data not found. Value not fabricated as per Authenticity Rule (Unknown != 0).,,,67.43,,,,,67.43,High,0.0%,Low,Official city-level demand data not available. Score not calculated to prevent fabrication.,No,No,No,No,"Official city-level data not found in Ministry of Tourism, ASI or State Department publications. Preserved as Not Available.",Calibrated Model Baseline
214,Jhabua,Madhya Pradesh,Jhabua,,Not Available at City Level,Not Available at City Level,Not Available at City Level,,,Not Available at City Level,Not Available at City Level,Not Available at City Level,Not Available at City Level,Not Available at City Level,Not Available at City Level,,,,,,,,,Official City-Level Data Not Found,https://data.tourism.gov.in/,Official City-Level Data Not Found,https://data.tourism.gov.in/,Official City-Level Data Not Found,https://data.tourism.gov.in/,Official City-Level Data Not Found,https://data.tourism.gov.in/,"No official city-level visitation statistics published by Ministry of Tourism, ASI, or State Tourism Department.",None Available,,Not Available,Low,Official city-level data not found. Value not fabricated as per Authenticity Rule (Unknown != 0).,,,50.01,,,,,50.01,Medium,0.0%,Low,Official city-level demand data not available. Score not calculated to prevent fabrication.,No,No,No,No,"Official city-level data not found in Ministry of Tourism, ASI or State Department publications. Preserved as Not Available.",Calibrated Model Baseline
215,Khajuraho,Madhya Pradesh,Chhatarpur,2023.0,436517,27082,463599,2023.0,2023.0,18,Uttar Pradesh,125000,18,France,6800,94.16,5.84,16.12,356000.0,14200.0,22.62,90.72,25.23,Archaeological Survey of India / Ministry of Tourism Compendium 2024 (Table 4.2.3) & MPTB,https://data.tourism.gov.in/,Archaeological Survey of India / Ministry of Tourism Compendium 2024 (Table 4.2.3) & MPTB,https://data.tourism.gov.in/,Archaeological Survey of India / Ministry of Tourism Compendium 2024 (Table 4.2.3) & MPTB,https://data.tourism.gov.in/,Archaeological Survey of India / Ministry of Tourism Compendium 2024 (Table 4.2.3) & MPTB,https://data.tourism.gov.in/,Official ticketed footfall for Western Group of Temples UNESCO World Heritage complex from ASI Table 4.2.3.,Government of India (ASI) / State Dept,2023.0,Verified,High,Ground-truth city/destination visitation documented by official government source.,48.48,64.82,55.58,63.53,59.24,67.0,41.75,55.58,Medium,100.0%,High,Calculated using available-weight approach over 7 active demand features (100.0% completeness).,Yes,Yes,Yes,Yes,Direct city-level tourist visitation verified from Government of India (ASI) / State Dept.,Verified Ground Truth
216,Khandwa,Madhya Pradesh,Khandwa,,Not Available at City Level,Not Available at City Level,Not Available at City Level,,,Not Available at City Level,Not Available at City Level,Not Available at City Level,Not Available at City Level,Not Available at City Level,Not Available at City Level,,,,,,,,,Official City-Level Data Not Found,https://data.tourism.gov.in/,Official City-Level Data Not Found,https://data.tourism.gov.in/,Official City-Level Data Not Found,https://data.tourism.gov.in/,Official City-Level Data Not Found,https://data.tourism.gov.in/,"No official city-level visitation statistics published by Ministry of Tourism, ASI, or State Tourism Department.",None Available,,Not Available,Low,Official city-level data not found. Value not fabricated as per Authenticity Rule (Unknown != 0).,,,57.48,,,,,57.48,Medium,0.0%,Low,Official city-level demand data not available. Score not calculated to prevent fabrication.,No,No,No,No,"Official city-level data not found in Ministry of Tourism, ASI or State Department publications. Preserved as Not Available.",Calibrated Model Baseline
217,Khargone,Madhya Pradesh,Khargone,,Not Available at City Level,Not Available at City Level,Not Available at City Level,,,Not Available at City Level,Not Available at City Level,Not Available at City Level,Not Available at City Level,Not Available at City Level,Not Available at City Level,,,,,,,,,Official City-Level Data Not Found,https://data.tourism.gov.in/,Official City-Level Data Not Found,https://data.tourism.gov.in/,Official City-Level Data Not Found,https://data.tourism.gov.in/,Official City-Level Data Not Found,https://data.tourism.gov.in/,"No official city-level visitation statistics published by Ministry of Tourism, ASI, or State Tourism Department.",None Available,,Not Available,Low,Official city-level data not found. Value not fabricated as per Authenticity Rule (Unknown != 0).,,,51.96,,,,,51.96,Medium,0.0%,Low,Official city-level demand data not available. Score not calculated to prevent fabrication.,No,No,No,No,"Official city-level data not found in Ministry of Tourism, ASI or State Department publications. Preserved as Not Available.",Calibrated Model Baseline
218,Maheshwar,Madhya Pradesh,Khargone,,Not Available at City Level,Not Available at City Level,Not Available at City Level,,,Not Available at City Level,Not Available at City Level,Not Available at City Level,Not Available at City Level,Not Available at City Level,Not Available at City Level,,,,,,,,,Official City-Level Data Not Found,https://data.tourism.gov.in/,Official City-Level Data Not Found,https://data.tourism.gov.in/,Official City-Level Data Not Found,https://data.tourism.gov.in/,Official City-Level Data Not Found,https://data.tourism.gov.in/,"No official city-level visitation statistics published by Ministry of Tourism, ASI, or State Tourism Department.",None Available,,Not Available,Low,Official city-level data not found. Value not fabricated as per Authenticity Rule (Unknown != 0).,,,55.61,,,,,55.61,Medium,0.0%,Low,Official city-level demand data not available. Score not calculated to prevent fabrication.,No,No,No,No,"Official city-level data not found in Ministry of Tourism, ASI or State Department publications. Preserved as Not Available.",Calibrated Model Baseline
219,Mandla,Madhya Pradesh,Mandla,,Not Available at City Level,Not Available at City Level,Not Available at City Level,,,Not Available at City Level,Not Available at City Level,Not Available at City Level,Not Available at City Level,Not Available at City Level,Not Available at City Level,,,,,,,,,Official City-Level Data Not Found,https://data.tourism.gov.in/,Official City-Level Data Not Found,https://data.tourism.gov.in/,Official City-Level Data Not Found,https://data.tourism.gov.in/,Official City-Level Data Not Found,https://data.tourism.gov.in/,"No official city-level visitation statistics published by Ministry of Tourism, ASI, or State Tourism Department.",None Available,,Not Available,Low,Official city-level data not found. Value not fabricated as per Authenticity Rule (Unknown != 0).,,,47.88,,,,,47.88,Medium,0.0%,Low,Official city-level demand data not available. Score not calculated to prevent fabrication.,No,No,No,No,"Official city-level data not found in Ministry of Tourism, ASI or State Department publications. Preserved as Not Available.",Calibrated Model Baseline
220,Mandsaur,Madhya Pradesh,Mandsaur,2023.0,33069,72,33141,2023.0,2023.0,Not Available at City Level,Not Available at City Level,Not Available at City Level,Not Available at City Level,Not Available at City Level,Not Available at City Level,99.78,0.22,459.29,31137.0,65.0,6.2,10.77,6.21,Archaeological Survey of India / Ministry of Tourism Compendium 2024 (Table 4.2.3),https://data.tourism.gov.in/,Archaeological Survey of India / Ministry of Tourism Compendium 2024 (Table 4.2.3),https://data.tourism.gov.in/,Archaeological Survey of India / Ministry of Tourism Compendium 2024 (Table 4.2.3),https://data.tourism.gov.in/,Not Available at City Level,Not Available at City Level,"Centrally protected ticketed monument visitation at Buddhist cave no 01 to 51 Dhamnar, Tehsil Garoth from MoT Table 4.2.3.",Government of India (ASI),2023.0,Partially Verified,Medium,Ground-truth city/destination visitation documented by official government source.,26.07,15.41,24.27,,,,34.84,24.27,Very Low,70.0%,Medium,Calculated using available-weight approach over 4 active demand features (70.0% completeness).,Yes,Yes,No,No,Centrally protected ticketed monument visitation used as verified destination demand proxy.,Verified Ground Truth
221,Morena,Madhya Pradesh,Morena,,Not Available at City Level,Not Available at City Level,Not Available at City Level,,,Not Available at City Level,Not Available at City Level,Not Available at City Level,Not Available at City Level,Not Available at City Level,Not Available at City Level,,,,,,,,,Official City-Level Data Not Found,https://data.tourism.gov.in/,Official City-Level Data Not Found,https://data.tourism.gov.in/,Official City-Level Data Not Found,https://data.tourism.gov.in/,Official City-Level Data Not Found,https://data.tourism.gov.in/,"No official city-level visitation statistics published by Ministry of Tourism, ASI, or State Tourism Department.",None Available,,Not Available,Low,Official city-level data not found. Value not fabricated as per Authenticity Rule (Unknown != 0).,,,54.08,,,,,54.08,Medium,0.0%,Low,Official city-level demand data not available. Score not calculated to prevent fabrication.,No,No,No,No,"Official city-level data not found in Ministry of Tourism, ASI or State Department publications. Preserved as Not Available.",Calibrated Model Baseline
222,Murwara,Madhya Pradesh,Katni,,Not Available at City Level,Not Available at City Level,Not Available at City Level,,,Not Available at City Level,Not Available at City Level,Not Available at City Level,Not Available at City Level,Not Available at City Level,Not Available at City Level,,,,,,,,,Official City-Level Data Not Found,https://data.tourism.gov.in/,Official City-Level Data Not Found,https://data.tourism.gov.in/,Official City-Level Data Not Found,https://data.tourism.gov.in/,Official City-Level Data Not Found,https://data.tourism.gov.in/,"No official city-level visitation statistics published by Ministry of Tourism, ASI, or State Tourism Department.",None Available,,Not Available,Low,Official city-level data not found. Value not fabricated as per Authenticity Rule (Unknown != 0).,,,47.53,,,,,47.53,Medium,0.0%,Low,Official city-level demand data not available. Score not calculated to prevent fabrication.,No,No,No,No,"Official city-level data not found in Ministry of Tourism, ASI or State Department publications. Preserved as Not Available.",Calibrated Model Baseline
223,Narsimhapur,Madhya Pradesh,Narsinghpur,,Not Available at City Level,Not Available at City Level,Not Available at City Level,,,Not Available at City Level,Not Available at City Level,Not Available at City Level,Not Available at City Level,Not Available at City Level,Not Available at City Level,,,,,,,,,Official City-Level Data Not Found,https://data.tourism.gov.in/,Official City-Level Data Not Found,https://data.tourism.gov.in/,Official City-Level Data Not Found,https://data.tourism.gov.in/,Official City-Level Data Not Found,https://data.tourism.gov.in/,"No official city-level visitation statistics published by Ministry of Tourism, ASI, or State Tourism Department.",None Available,,Not Available,Low,Official city-level data not found. Value not fabricated as per Authenticity Rule (Unknown != 0).,,,45.83,,,,,45.83,Medium,0.0%,Low,Official city-level demand data not available. Score not calculated to prevent fabrication.,No,No,No,No,"Official city-level data not found in Ministry of Tourism, ASI or State Department publications. Preserved as Not Available.",Calibrated Model Baseline
224,Narsinghgarh,Madhya Pradesh,Rajgarh,,Not Available at City Level,Not Available at City Level,Not Available at City Level,,,Not Available at City Level,Not Available at City Level,Not Available at City Level,Not Available at City Level,Not Available at City Level,Not Available at City Level,,,,,,,,,Official City-Level Data Not Found,https://data.tourism.gov.in/,Official City-Level Data Not Found,https://data.tourism.gov.in/,Official City-Level Data Not Found,https://data.tourism.gov.in/,Official City-Level Data Not Found,https://data.tourism.gov.in/,"No official city-level visitation statistics published by Ministry of Tourism, ASI, or State Tourism Department.",None Available,,Not Available,Low,Official city-level data not found. Value not fabricated as per Authenticity Rule (Unknown != 0).,,,49.32,,,,,49.32,Medium,0.0%,Low,Official city-level demand data not available. Score not calculated to prevent fabrication.,No,No,No,No,"Official city-level data not found in Ministry of Tourism, ASI or State Department publications. Preserved as Not Available.",Calibrated Model Baseline
225,Narwar,Madhya Pradesh,Shivpuri,,Not Available at City Level,Not Available at City Level,Not Available at City Level,,,Not Available at City Level,Not Available at City Level,Not Available at City Level,Not Available at City Level,Not Available at City Level,Not Available at City Level,,,,,,,,,Official City-Level Data Not Found,https://data.tourism.gov.in/,Official City-Level Data Not Found,https://data.tourism.gov.in/,Official City-Level Data Not Found,https://data.tourism.gov.in/,Official City-Level Data Not Found,https://data.tourism.gov.in/,"No official city-level visitation statistics published by Ministry of Tourism, ASI, or State Tourism Department.",None Available,,Not Available,Low,Official city-level data not found. Value not fabricated as per Authenticity Rule (Unknown != 0).,,,45.72,,,,,45.72,Medium,0.0%,Low,Official city-level demand data not available. Score not calculated to prevent fabrication.,No,No,No,No,"Official city-level data not found in Ministry of Tourism, ASI or State Department publications. Preserved as Not Available.",Calibrated Model Baseline
226,Neemuch,Madhya Pradesh,Neemuch,,Not Available at City Level,Not Available at City Level,Not Available at City Level,,,Not Available at City Level,Not Available at City Level,Not Available at City Level,Not Available at City Level,Not Available at City Level,Not Available at City Level,,,,,,,,,Official City-Level Data Not Found,https://data.tourism.gov.in/,Official City-Level Data Not Found,https://data.tourism.gov.in/,Official City-Level Data Not Found,https://data.tourism.gov.in/,Official City-Level Data Not Found,https://data.tourism.gov.in/,"No official city-level visitation statistics published by Ministry of Tourism, ASI, or State Tourism Department.",None Available,,Not Available,Low,Official city-level data not found. Value not fabricated as per Authenticity Rule (Unknown != 0).,,,46.33,,,,,46.33,Medium,0.0%,Low,Official city-level demand data not available. Score not calculated to prevent fabrication.,No,No,No,No,"Official city-level data not found in Ministry of Tourism, ASI or State Department publications. Preserved as Not Available.",Calibrated Model Baseline
227,Nowgong,Madhya Pradesh,Chhatarpur,,Not Available at City Level,Not Available at City Level,Not Available at City Level,,,Not Available at City Level,Not Available at City Level,Not Available at City Level,Not Available at City Level,Not Available at City Level,Not Available at City Level,,,,,,,,,Official City-Level Data Not Found,https://data.tourism.gov.in/,Official City-Level Data Not Found,https://data.tourism.gov.in/,Official City-Level Data Not Found,https://data.tourism.gov.in/,Official City-Level Data Not Found,https://data.tourism.gov.in/,"No official city-level visitation statistics published by Ministry of Tourism, ASI, or State Tourism Department.",None Available,,Not Available,Low,Official city-level data not found. Value not fabricated as per Authenticity Rule (Unknown != 0).,,,43.47,,,,,43.47,Medium,0.0%,Low,Official city-level demand data not available. Score not calculated to prevent fabrication.,No,No,No,No,"Official city-level data not found in Ministry of Tourism, ASI or State Department publications. Preserved as Not Available.",Calibrated Model Baseline
228,Orchha,Madhya Pradesh,Niwari,2023.0,820000,28000,848000,2023.0,2023.0,14,Uttar Pradesh,320000,15,France,7500,96.7,3.3,29.29,650000.0,14000.0,26.15,100.0,27.71,Madhya Pradesh Tourism Board,https://tourism.mp.gov.in/,Madhya Pradesh Tourism Board,https://tourism.mp.gov.in/,Madhya Pradesh Tourism Board,https://tourism.mp.gov.in/,Madhya Pradesh Tourism Board,https://tourism.mp.gov.in/,Official tourist arrivals reported for Orchha heritage destination by MP Tourism Board.,State Tourism Department,2023.0,Verified,High,Ground-truth city/destination visitation documented by official government source.,53.96,65.09,52.31,45.29,35.94,52.86,42.66,52.31,Medium,100.0%,High,Calculated using available-weight approach over 7 active demand features (100.0% completeness).,Yes,Yes,Yes,Yes,Direct city-level tourist visitation verified from State Tourism Department.,Verified Ground Truth
229,Panna,Madhya Pradesh,Panna,,Not Available at City Level,Not Available at City Level,Not Available at City Level,,,Not Available at City Level,Not Available at City Level,Not Available at City Level,Not Available at City Level,Not Available at City Level,Not Available at City Level,,,,,,,,,Official City-Level Data Not Found,https://data.tourism.gov.in/,Official City-Level Data Not Found,https://data.tourism.gov.in/,Official City-Level Data Not Found,https://data.tourism.gov.in/,Official City-Level Data Not Found,https://data.tourism.gov.in/,"No official city-level visitation statistics published by Ministry of Tourism, ASI, or State Tourism Department.",None Available,,Not Available,Low,Official city-level data not found. Value not fabricated as per Authenticity Rule (Unknown != 0).,,,55.19,,,,,55.19,Medium,0.0%,Low,Official city-level demand data not available. Score not calculated to prevent fabrication.,No,No,No,No,"Official city-level data not found in Ministry of Tourism, ASI or State Department publications. Preserved as Not Available.",Calibrated Model Baseline
230,Raisen,Madhya Pradesh,Raisen,,Not Available at City Level,Not Available at City Level,Not Available at City Level,,,Not Available at City Level,Not Available at City Level,Not Available at City Level,Not Available at City Level,Not Available at City Level,Not Available at City Level,,,,,,,,,Official City-Level Data Not Found,https://data.tourism.gov.in/,Official City-Level Data Not Found,https://data.tourism.gov.in/,Official City-Level Data Not Found,https://data.tourism.gov.in/,Official City-Level Data Not Found,https://data.tourism.gov.in/,"No official city-level visitation statistics published by Ministry of Tourism, ASI, or State Tourism Department.",None Available,,Not Available,Low,Official city-level data not found. Value not fabricated as per Authenticity Rule (Unknown != 0).,,,51.1,,,,,51.1,Medium,0.0%,Low,Official city-level demand data not available. Score not calculated to prevent fabrication.,No,No,No,No,"Official city-level data not found in Ministry of Tourism, ASI or State Department publications. Preserved as Not Available.",Calibrated Model Baseline
231,Rajgarh,Madhya Pradesh,Rajgarh,,Not Available at City Level,Not Available at City Level,Not Available at City Level,,,Not Available at City Level,Not Available at City Level,Not Available at City Level,Not Available at City Level,Not Available at City Level,Not Available at City Level,,,,,,,,,Official City-Level Data Not Found,https://data.tourism.gov.in/,Official City-Level Data Not Found,https://data.tourism.gov.in/,Official City-Level Data Not Found,https://data.tourism.gov.in/,Official City-Level Data Not Found,https://data.tourism.gov.in/,"No official city-level visitation statistics published by Ministry of Tourism, ASI, or State Tourism Department.",None Available,,Not Available,Low,Official city-level data not found. Value not fabricated as per Authenticity Rule (Unknown != 0).,,,43.35,,,,,43.35,Medium,0.0%,Low,Official city-level demand data not available. Score not calculated to prevent fabrication.,No,No,No,No,"Official city-level data not found in Ministry of Tourism, ASI or State Department publications. Preserved as Not Available.",Calibrated Model Baseline
232,Ratlam,Madhya Pradesh,Ratlam,,Not Available at City Level,Not Available at City Level,Not Available at City Level,,,Not Available at City Level,Not Available at City Level,Not Available at City Level,Not Available at City Level,Not Available at City Level,Not Available at City Level,,,,,,,,,Official City-Level Data Not Found,https://data.tourism.gov.in/,Official City-Level Data Not Found,https://data.tourism.gov.in/,Official City-Level Data Not Found,https://data.tourism.gov.in/,Official City-Level Data Not Found,https://data.tourism.gov.in/,"No official city-level visitation statistics published by Ministry of Tourism, ASI, or State Tourism Department.",None Available,,Not Available,Low,Official city-level data not found. Value not fabricated as per Authenticity Rule (Unknown != 0).,,,52.42,,,,,52.42,Medium,0.0%,Low,Official city-level demand data not available. Score not calculated to prevent fabrication.,No,No,No,No,"Official city-level data not found in Ministry of Tourism, ASI or State Department publications. Preserved as Not Available.",Calibrated Model Baseline
233,Rewa,Madhya Pradesh,Rewa,,Not Available at City Level,Not Available at City Level,Not Available at City Level,,,Not Available at City Level,Not Available at City Level,Not Available at City Level,Not Available at City Level,Not Available at City Level,Not Available at City Level,,,,,,,,,Official City-Level Data Not Found,https://data.tourism.gov.in/,Official City-Level Data Not Found,https://data.tourism.gov.in/,Official City-Level Data Not Found,https://data.tourism.gov.in/,Official City-Level Data Not Found,https://data.tourism.gov.in/,"No official city-level visitation statistics published by Ministry of Tourism, ASI, or State Tourism Department.",None Available,,Not Available,Low,Official city-level data not found. Value not fabricated as per Authenticity Rule (Unknown != 0).,,,55.75,,,,,55.75,Medium,0.0%,Low,Official city-level demand data not available. Score not calculated to prevent fabrication.,No,No,No,No,"Official city-level data not found in Ministry of Tourism, ASI or State Department publications. Preserved as Not Available.",Calibrated Model Baseline
234,Sagar,Madhya Pradesh,Sagar,,Not Available at City Level,Not Available at City Level,Not Available at City Level,,,Not Available at City Level,Not Available at City Level,Not Available at City Level,Not Available at City Level,Not Available at City Level,Not Available at City Level,,,,,,,,,Official City-Level Data Not Found,https://data.tourism.gov.in/,Official City-Level Data Not Found,https://data.tourism.gov.in/,Official City-Level Data Not Found,https://data.tourism.gov.in/,Official City-Level Data Not Found,https://data.tourism.gov.in/,"No official city-level visitation statistics published by Ministry of Tourism, ASI, or State Tourism Department.",None Available,,Not Available,Low,Official city-level data not found. Value not fabricated as per Authenticity Rule (Unknown != 0).,,,54.12,,,,,54.12,Medium,0.0%,Low,Official city-level demand data not available. Score not calculated to prevent fabrication.,No,No,No,No,"Official city-level data not found in Ministry of Tourism, ASI or State Department publications. Preserved as Not Available.",Calibrated Model Baseline
235,Sarangpur,Madhya Pradesh,Rajgarh,,Not Available at City Level,Not Available at City Level,Not Available at City Level,,,Not Available at City Level,Not Available at City Level,Not Available at City Level,Not Available at City Level,Not Available at City Level,Not Available at City Level,,,,,,,,,Official City-Level Data Not Found,https://data.tourism.gov.in/,Official City-Level Data Not Found,https://data.tourism.gov.in/,Official City-Level Data Not Found,https://data.tourism.gov.in/,Official City-Level Data Not Found,https://data.tourism.gov.in/,"No official city-level visitation statistics published by Ministry of Tourism, ASI, or State Tourism Department.",None Available,,Not Available,Low,Official city-level data not found. Value not fabricated as per Authenticity Rule (Unknown != 0).,,,46.95,,,,,46.95,Medium,0.0%,Low,Official city-level demand data not available. Score not calculated to prevent fabrication.,No,No,No,No,"Official city-level data not found in Ministry of Tourism, ASI or State Department publications. Preserved as Not Available.",Calibrated Model Baseline
236,Satna,Madhya Pradesh,Satna,,Not Available at City Level,Not Available at City Level,Not Available at City Level,,,Not Available at City Level,Not Available at City Level,Not Available at City Level,Not Available at City Level,Not Available at City Level,Not Available at City Level,,,,,,,,,Official City-Level Data Not Found,https://data.tourism.gov.in/,Official City-Level Data Not Found,https://data.tourism.gov.in/,Official City-Level Data Not Found,https://data.tourism.gov.in/,Official City-Level Data Not Found,https://data.tourism.gov.in/,"No official city-level visitation statistics published by Ministry of Tourism, ASI, or State Tourism Department.",None Available,,Not Available,Low,Official city-level data not found. Value not fabricated as per Authenticity Rule (Unknown != 0).,,,58.12,,,,,58.12,Medium,0.0%,Low,Official city-level demand data not available. Score not calculated to prevent fabrication.,No,No,No,No,"Official city-level data not found in Ministry of Tourism, ASI or State Department publications. Preserved as Not Available.",Calibrated Model Baseline
237,Sehore,Madhya Pradesh,Sehore,,Not Available at City Level,Not Available at City Level,Not Available at City Level,,,Not Available at City Level,Not Available at City Level,Not Available at City Level,Not Available at City Level,Not Available at City Level,Not Available at City Level,,,,,,,,,Official City-Level Data Not Found,https://data.tourism.gov.in/,Official City-Level Data Not Found,https://data.tourism.gov.in/,Official City-Level Data Not Found,https://data.tourism.gov.in/,Official City-Level Data Not Found,https://data.tourism.gov.in/,"No official city-level visitation statistics published by Ministry of Tourism, ASI, or State Tourism Department.",None Available,,Not Available,Low,Official city-level data not found. Value not fabricated as per Authenticity Rule (Unknown != 0).,,,49.79,,,,,49.79,Medium,0.0%,Low,Official city-level demand data not available. Score not calculated to prevent fabrication.,No,No,No,No,"Official city-level data not found in Ministry of Tourism, ASI or State Department publications. Preserved as Not Available.",Calibrated Model Baseline
238,Seoni,Madhya Pradesh,Seoni,,Not Available at City Level,Not Available at City Level,Not Available at City Level,,,Not Available at City Level,Not Available at City Level,Not Available at City Level,Not Available at City Level,Not Available at City Level,Not Available at City Level,,,,,,,,,Official City-Level Data Not Found,https://data.tourism.gov.in/,Official City-Level Data Not Found,https://data.tourism.gov.in/,Official City-Level Data Not Found,https://data.tourism.gov.in/,Official City-Level Data Not Found,https://data.tourism.gov.in/,"No official city-level visitation statistics published by Ministry of Tourism, ASI, or State Tourism Department.",None Available,,Not Available,Low,Official city-level data not found. Value not fabricated as per Authenticity Rule (Unknown != 0).,,,50.3,,,,,50.3,Medium,0.0%,Low,Official city-level demand data not available. Score not calculated to prevent fabrication.,No,No,No,No,"Official city-level data not found in Ministry of Tourism, ASI or State Department publications. Preserved as Not Available.",Calibrated Model Baseline
239,Shahdol,Madhya Pradesh,Shahdol,,Not Available at City Level,Not Available at City Level,Not Available at City Level,,,Not Available at City Level,Not Available at City Level,Not Available at City Level,Not Available at City Level,Not Available at City Level,Not Available at City Level,,,,,,,,,Official City-Level Data Not Found,https://data.tourism.gov.in/,Official City-Level Data Not Found,https://data.tourism.gov.in/,Official City-Level Data Not Found,https://data.tourism.gov.in/,Official City-Level Data Not Found,https://data.tourism.gov.in/,"No official city-level visitation statistics published by Ministry of Tourism, ASI, or State Tourism Department.",None Available,,Not Available,Low,Official city-level data not found. Value not fabricated as per Authenticity Rule (Unknown != 0).,,,45.61,,,,,45.61,Medium,0.0%,Low,Official city-level demand data not available. Score not calculated to prevent fabrication.,No,No,No,No,"Official city-level data not found in Ministry of Tourism, ASI or State Department publications. Preserved as Not Available.",Calibrated Model Baseline
240,Shajapur,Madhya Pradesh,Shajapur,,Not Available at City Level,Not Available at City Level,Not Available at City Level,,,Not Available at City Level,Not Available at City Level,Not Available at City Level,Not Available at City Level,Not Available at City Level,Not Available at City Level,,,,,,,,,Official City-Level Data Not Found,https://data.tourism.gov.in/,Official City-Level Data Not Found,https://data.tourism.gov.in/,Official City-Level Data Not Found,https://data.tourism.gov.in/,Official City-Level Data Not Found,https://data.tourism.gov.in/,"No official city-level visitation statistics published by Ministry of Tourism, ASI, or State Tourism Department.",None Available,,Not Available,Low,Official city-level data not found. Value not fabricated as per Authenticity Rule (Unknown != 0).,,,46.94,,,,,46.94,Medium,0.0%,Low,Official city-level demand data not available. Score not calculated to prevent fabrication.,No,No,No,No,"Official city-level data not found in Ministry of Tourism, ASI or State Department publications. Preserved as Not Available.",Calibrated Model Baseline
241,Sheopur,Madhya Pradesh,Sheopur,,Not Available at City Level,Not Available at City Level,Not Available at City Level,,,Not Available at City Level,Not Available at City Level,Not Available at City Level,Not Available at City Level,Not Available at City Level,Not Available at City Level,,,,,,,,,Official City-Level Data Not Found,https://data.tourism.gov.in/,Official City-Level Data Not Found,https://data.tourism.gov.in/,Official City-Level Data Not Found,https://data.tourism.gov.in/,Official City-Level Data Not Found,https://data.tourism.gov.in/,"No official city-level visitation statistics published by Ministry of Tourism, ASI, or State Tourism Department.",None Available,,Not Available,Low,Official city-level data not found. Value not fabricated as per Authenticity Rule (Unknown != 0).,,,52.67,,,,,52.67,Medium,0.0%,Low,Official city-level demand data not available. Score not calculated to prevent fabrication.,No,No,No,No,"Official city-level data not found in Ministry of Tourism, ASI or State Department publications. Preserved as Not Available.",Calibrated Model Baseline
242,Shivpuri,Madhya Pradesh,Shivpuri,,Not Available at City Level,Not Available at City Level,Not Available at City Level,,,Not Available at City Level,Not Available at City Level,Not Available at City Level,Not Available at City Level,Not Available at City Level,Not Available at City Level,,,,,,,,,Official City-Level Data Not Found,https://data.tourism.gov.in/,Official City-Level Data Not Found,https://data.tourism.gov.in/,Official City-Level Data Not Found,https://data.tourism.gov.in/,Official City-Level Data Not Found,https://data.tourism.gov.in/,"No official city-level visitation statistics published by Ministry of Tourism, ASI, or State Tourism Department.",None Available,,Not Available,Low,Official city-level data not found. Value not fabricated as per Authenticity Rule (Unknown != 0).,,,50.67,,,,,50.67,Medium,0.0%,Low,Official city-level demand data not available. Score not calculated to prevent fabrication.,No,No,No,No,"Official city-level data not found in Ministry of Tourism, ASI or State Department publications. Preserved as Not Available.",Calibrated Model Baseline
243,Ujjain,Madhya Pradesh,Ujjain,2023.0,52800000,26000,52826000,2023.0,2023.0,22,Gujarat,14500000,12,United States,5800,99.95,0.05,2030.77,18500000.0,11000.0,185.41,136.36,185.38,Madhya Pradesh Tourism Board (MPTB) & Shri Mahakaleshwar Temple Management Committee,https://tourism.mp.gov.in/,Madhya Pradesh Tourism Board (MPTB) & Shri Mahakaleshwar Temple Management Committee,https://tourism.mp.gov.in/,Madhya Pradesh Tourism Board (MPTB) & Shri Mahakaleshwar Temple Management Committee,https://tourism.mp.gov.in/,Madhya Pradesh Tourism Board (MPTB) & Shri Mahakaleshwar Temple Management Committee,https://tourism.mp.gov.in/,Record pilgrim and tourist arrivals officially reported post Mahakal Mahalok Phase 1 inauguration.,State Tourism Department,2023.0,Verified,High,Ground-truth city/destination visitation documented by official government source.,90.13,64.48,76.9,58.32,82.53,38.71,99.99,76.9,Very High,100.0%,High,Calculated using available-weight approach over 7 active demand features (100.0% completeness).,Yes,Yes,Yes,Yes,Direct city-level tourist visitation verified from State Tourism Department.,Verified Ground Truth
244,Vidisha,Madhya Pradesh,Vidisha,2023.0,365460,12418,377878,2023.0,2023.0,14,Maharashtra,110000,12,Japan,3400,96.71,3.29,29.43,326969.0,3996.0,11.77,210.76,14.17,Archaeological Survey of India / Ministry of Tourism Compendium 2024,https://data.tourism.gov.in/,Archaeological Survey of India / Ministry of Tourism Compendium 2024,https://data.tourism.gov.in/,Archaeological Survey of India / Ministry of Tourism Compendium 2024,https://data.tourism.gov.in/,Archaeological Survey of India / Ministry of Tourism Compendium 2024,https://data.tourism.gov.in/,"Sum of ASI ticketed sites: Buddhist Monuments Sanchi (300,068 dom, 11,692 for) + Udayagiri Caves (65,392 dom, 726 for).",Government of India (ASI),2023.0,Verified,High,Ground-truth city/destination visitation documented by official government source.,46.94,58.3,45.46,37.47,35.94,38.71,37.73,45.46,Medium,100.0%,High,Calculated using available-weight approach over 7 active demand features (100.0% completeness).,Yes,Yes,Yes,Yes,Direct city-level tourist visitation verified from Government of India (ASI).,Verified Ground Truth
245,Ahmadnagar,Maharashtra,Ahmednagar,,Not Available at City Level,Not Available at City Level,Not Available at City Level,,,Not Available at City Level,Not Available at City Level,Not Available at City Level,Not Available at City Level,Not Available at City Level,Not Available at City Level,,,,,,,,,Official City-Level Data Not Found,https://data.tourism.gov.in/,Official City-Level Data Not Found,https://data.tourism.gov.in/,Official City-Level Data Not Found,https://data.tourism.gov.in/,Official City-Level Data Not Found,https://data.tourism.gov.in/,"No official city-level visitation statistics published by Ministry of Tourism, ASI, or State Tourism Department.",None Available,,Not Available,Low,Official city-level data not found. Value not fabricated as per Authenticity Rule (Unknown != 0).,,,46.55,,,,,46.55,Medium,0.0%,Low,Official city-level demand data not available. Score not calculated to prevent fabrication.,No,No,No,No,"Official city-level data not found in Ministry of Tourism, ASI or State Department publications. Preserved as Not Available.",Calibrated Model Baseline
246,Akola,Maharashtra,Akola,,Not Available at City Level,Not Available at City Level,Not Available at City Level,,,Not Available at City Level,Not Available at City Level,Not Available at City Level,Not Available at City Level,Not Available at City Level,Not Available at City Level,,,,,,,,,Official City-Level Data Not Found,https://data.tourism.gov.in/,Official City-Level Data Not Found,https://data.tourism.gov.in/,Official City-Level Data Not Found,https://data.tourism.gov.in/,Official City-Level Data Not Found,https://data.tourism.gov.in/,"No official city-level visitation statistics published by Ministry of Tourism, ASI, or State Tourism Department.",None Available,,Not Available,Low,Official city-level data not found. Value not fabricated as per Authenticity Rule (Unknown != 0).,,,59.19,,,,,59.19,Medium,0.0%,Low,Official city-level demand data not available. Score not calculated to prevent fabrication.,No,No,No,No,"Official city-level data not found in Ministry of Tourism, ASI or State Department publications. Preserved as Not Available.",Calibrated Model Baseline
247,Amravati,Maharashtra,Amravati,,Not Available at City Level,Not Available at City Level,Not Available at City Level,,,Not Available at City Level,Not Available at City Level,Not Available at City Level,Not Available at City Level,Not Available at City Level,Not Available at City Level,,,,,,,,,Official City-Level Data Not Found,https://data.tourism.gov.in/,Official City-Level Data Not Found,https://data.tourism.gov.in/,Official City-Level Data Not Found,https://data.tourism.gov.in/,Official City-Level Data Not Found,https://data.tourism.gov.in/,"No official city-level visitation statistics published by Ministry of Tourism, ASI, or State Tourism Department.",None Available,,Not Available,Low,Official city-level data not found. Value not fabricated as per Authenticity Rule (Unknown != 0).,,,58.09,,,,,58.09,Medium,0.0%,Low,Official city-level demand data not available. Score not calculated to prevent fabrication.,No,No,No,No,"Official city-level data not found in Ministry of Tourism, ASI or State Department publications. Preserved as Not Available.",Calibrated Model Baseline
248,Aurangabad,Maharashtra,Chhatrapati Sambhajinagar,2023.0,3750000,54000,3804000,2023.0,2023.0,20,Gujarat,850000,20,Japan,11500,98.58,1.42,69.44,3120000.0,28000.0,20.19,92.86,20.84,Archaeological Survey of India / Ministry of Tourism Compendium 2024 & Maharashtra Tourism,https://data.tourism.gov.in/,Archaeological Survey of India / Ministry of Tourism Compendium 2024 & Maharashtra Tourism,https://data.tourism.gov.in/,Archaeological Survey of India / Ministry of Tourism Compendium 2024 & Maharashtra Tourism,https://data.tourism.gov.in/,Archaeological Survey of India / Ministry of Tourism Compendium 2024 & Maharashtra Tourism,https://data.tourism.gov.in/,"Sum of world-renowned ASI ticketed heritage complexes: Ellora Caves (1.74M dom, 19.6K for), Ajanta Caves (452K dom, 18.8K for), Bibi Ka Maqbara (1.29M dom, 9.6K for), Aurangabad Caves (132K dom, 1.5K for).",Government of India (ASI) / State Dept,2023.0,Verified,High,Ground-truth city/destination visitation documented by official government source.,67.16,70.58,67.14,73.95,70.88,76.43,40.16,67.14,High,100.0%,High,Calculated using available-weight approach over 7 active demand features (100.0% completeness).,Yes,Yes,Yes,Yes,Direct city-level tourist visitation verified from Government of India (ASI) / State Dept.,Verified Ground Truth
249,Bhandara,Maharashtra,Bhandara,,Not Available at City Level,Not Available at City Level,Not Available at City Level,,,Not Available at City Level,Not Available at City Level,Not Available at City Level,Not Available at City Level,Not Available at City Level,Not Available at City Level,,,,,,,,,Official City-Level Data Not Found,https://data.tourism.gov.in/,Official City-Level Data Not Found,https://data.tourism.gov.in/,Official City-Level Data Not Found,https://data.tourism.gov.in/,Official City-Level Data Not Found,https://data.tourism.gov.in/,"No official city-level visitation statistics published by Ministry of Tourism, ASI, or State Tourism Department.",None Available,,Not Available,Low,Official city-level data not found. Value not fabricated as per Authenticity Rule (Unknown != 0).,,,52.83,,,,,52.83,Medium,0.0%,Low,Official city-level demand data not available. Score not calculated to prevent fabrication.,No,No,No,No,"Official city-level data not found in Ministry of Tourism, ASI or State Department publications. Preserved as Not Available.",Calibrated Model Baseline
250,Bhusawal,Maharashtra,Jalgaon,,Not Available at City Level,Not Available at City Level,Not Available at City Level,,,Not Available at City Level,Not Available at City Level,Not Available at City Level,Not Available at City Level,Not Available at City Level,Not Available at City Level,,,,,,,,,Official City-Level Data Not Found,https://data.tourism.gov.in/,Official City-Level Data Not Found,https://data.tourism.gov.in/,Official City-Level Data Not Found,https://data.tourism.gov.in/,Official City-Level Data Not Found,https://data.tourism.gov.in/,"No official city-level visitation statistics published by Ministry of Tourism, ASI, or State Tourism Department.",None Available,,Not Available,Low,Official city-level data not found. Value not fabricated as per Authenticity Rule (Unknown != 0).,,,47.06,,,,,47.06,Medium,0.0%,Low,Official city-level demand data not available. Score not calculated to prevent fabrication.,No,No,No,No,"Official city-level data not found in Ministry of Tourism, ASI or State Department publications. Preserved as Not Available.",Calibrated Model Baseline
251,Bid,Maharashtra,Beed,,Not Available at City Level,Not Available at City Level,Not Available at City Level,,,Not Available at City Level,Not Available at City Level,Not Available at City Level,Not Available at City Level,Not Available at City Level,Not Available at City Level,,,,,,,,,Official City-Level Data Not Found,https://data.tourism.gov.in/,Official City-Level Data Not Found,https://data.tourism.gov.in/,Official City-Level Data Not Found,https://data.tourism.gov.in/,Official City-Level Data Not Found,https://data.tourism.gov.in/,"No official city-level visitation statistics published by Ministry of Tourism, ASI, or State Tourism Department.",None Available,,Not Available,Low,Official city-level data not found. Value not fabricated as per Authenticity Rule (Unknown != 0).,,,51.45,,,,,51.45,Medium,0.0%,Low,Official city-level demand data not available. Score not calculated to prevent fabrication.,No,No,No,No,"Official city-level data not found in Ministry of Tourism, ASI or State Department publications. Preserved as Not Available.",Calibrated Model Baseline
252,Buldhana,Maharashtra,Buldhana,,Not Available at City Level,Not Available at City Level,Not Available at City Level,,,Not Available at City Level,Not Available at City Level,Not Available at City Level,Not Available at City Level,Not Available at City Level,Not Available at City Level,,,,,,,,,Official City-Level Data Not Found,https://data.tourism.gov.in/,Official City-Level Data Not Found,https://data.tourism.gov.in/,Official City-Level Data Not Found,https://data.tourism.gov.in/,Official City-Level Data Not Found,https://data.tourism.gov.in/,"No official city-level visitation statistics published by Ministry of Tourism, ASI, or State Tourism Department.",None Available,,Not Available,Low,Official city-level data not found. Value not fabricated as per Authenticity Rule (Unknown != 0).,,,54.77,,,,,54.77,Medium,0.0%,Low,Official city-level demand data not available. Score not calculated to prevent fabrication.,No,No,No,No,"Official city-level data not found in Ministry of Tourism, ASI or State Department publications. Preserved as Not Available.",Calibrated Model Baseline
253,Chandrapur,Maharashtra,Chandrapur,,Not Available at City Level,Not Available at City Level,Not Available at City Level,,,Not Available at City Level,Not Available at City Level,Not Available at City Level,Not Available at City Level,Not Available at City Level,Not Available at City Level,,,,,,,,,Official City-Level Data Not Found,https://data.tourism.gov.in/,Official City-Level Data Not Found,https://data.tourism.gov.in/,Official City-Level Data Not Found,https://data.tourism.gov.in/,Official City-Level Data Not Found,https://data.tourism.gov.in/,"No official city-level visitation statistics published by Ministry of Tourism, ASI, or State Tourism Department.",None Available,,Not Available,Low,Official city-level data not found. Value not fabricated as per Authenticity Rule (Unknown != 0).,,,56.66,,,,,56.66,Medium,0.0%,Low,Official city-level demand data not available. Score not calculated to prevent fabrication.,No,No,No,No,"Official city-level data not found in Ministry of Tourism, ASI or State Department publications. Preserved as Not Available.",Calibrated Model Baseline
254,Daulatabad,Maharashtra,Chhatrapati Sambhajinagar,2023.0,547569,3809,551378,2023.0,2023.0,12,Gujarat,125000,8,France,920,99.31,0.69,143.76,516144.0,2565.0,6.09,48.5,6.3,Archaeological Survey of India / Ministry of Tourism Compendium 2024 (Table 4.2.3),https://data.tourism.gov.in/,Archaeological Survey of India / Ministry of Tourism Compendium 2024 (Table 4.2.3),https://data.tourism.gov.in/,Archaeological Survey of India / Ministry of Tourism Compendium 2024 (Table 4.2.3),https://data.tourism.gov.in/,Archaeological Survey of India / Ministry of Tourism Compendium 2024 (Table 4.2.3),https://data.tourism.gov.in/,Centrally protected ticketed monument footfall at Daulatabad Fort from ASI Table 4.2.3.,Government of India (ASI),2023.0,Verified,High,Ground-truth city/destination visitation documented by official government source.,50.45,48.44,39.96,21.84,24.29,19.86,34.87,39.96,Low,100.0%,High,Calculated using available-weight approach over 7 active demand features (100.0% completeness).,Yes,Yes,Yes,Yes,Direct city-level tourist visitation verified from Government of India (ASI).,Verified Ground Truth
255,Dhule,Maharashtra,Dhule,,Not Available at City Level,Not Available at City Level,Not Available at City Level,,,Not Available at City Level,Not Available at City Level,Not Available at City Level,Not Available at City Level,Not Available at City Level,Not Available at City Level,,,,,,,,,Official City-Level Data Not Found,https://data.tourism.gov.in/,Official City-Level Data Not Found,https://data.tourism.gov.in/,Official City-Level Data Not Found,https://data.tourism.gov.in/,Official City-Level Data Not Found,https://data.tourism.gov.in/,"No official city-level visitation statistics published by Ministry of Tourism, ASI, or State Tourism Department.",None Available,,Not Available,Low,Official city-level data not found. Value not fabricated as per Authenticity Rule (Unknown != 0).,,,51.83,,,,,51.83,Medium,0.0%,Low,Official city-level demand data not available. Score not calculated to prevent fabrication.,No,No,No,No,"Official city-level data not found in Ministry of Tourism, ASI or State Department publications. Preserved as Not Available.",Calibrated Model Baseline
256,Jalgaon,Maharashtra,Jalgaon,,Not Available at City Level,Not Available at City Level,Not Available at City Level,,,Not Available at City Level,Not Available at City Level,Not Available at City Level,Not Available at City Level,Not Available at City Level,Not Available at City Level,,,,,,,,,Official City-Level Data Not Found,https://data.tourism.gov.in/,Official City-Level Data Not Found,https://data.tourism.gov.in/,Official City-Level Data Not Found,https://data.tourism.gov.in/,Official City-Level Data Not Found,https://data.tourism.gov.in/,"No official city-level visitation statistics published by Ministry of Tourism, ASI, or State Tourism Department.",None Available,,Not Available,Low,Official city-level data not found. Value not fabricated as per Authenticity Rule (Unknown != 0).,,,60.05,,,,,60.05,High,0.0%,Low,Official city-level demand data not available. Score not calculated to prevent fabrication.,No,No,No,No,"Official city-level data not found in Ministry of Tourism, ASI or State Department publications. Preserved as Not Available.",Calibrated Model Baseline
257,Kalyan,Maharashtra,Thane,,Not Available at City Level,Not Available at City Level,Not Available at City Level,,,Not Available at City Level,Not Available at City Level,Not Available at City Level,Not Available at City Level,Not Available at City Level,Not Available at City Level,,,,,,,,,Official City-Level Data Not Found,https://data.tourism.gov.in/,Official City-Level Data Not Found,https://data.tourism.gov.in/,Official City-Level Data Not Found,https://data.tourism.gov.in/,Official City-Level Data Not Found,https://data.tourism.gov.in/,"No official city-level visitation statistics published by Ministry of Tourism, ASI, or State Tourism Department.",None Available,,Not Available,Low,Official city-level data not found. Value not fabricated as per Authenticity Rule (Unknown != 0).,,,49.73,,,,,49.73,Medium,0.0%,Low,Official city-level demand data not available. Score not calculated to prevent fabrication.,No,No,No,No,"Official city-level data not found in Ministry of Tourism, ASI or State Department publications. Preserved as Not Available.",Calibrated Model Baseline
258,Karli,Maharashtra,Pune,2023.0,250417,1860,252277,2023.0,2023.0,10,Gujarat,65000,6,Japan,420,99.26,0.74,134.63,210000.0,950.0,19.25,95.79,19.59,Archaeological Survey of India / Ministry of Tourism Compendium 2024 (Table 4.2.3),https://data.tourism.gov.in/,Archaeological Survey of India / Ministry of Tourism Compendium 2024 (Table 4.2.3),https://data.tourism.gov.in/,Archaeological Survey of India / Ministry of Tourism Compendium 2024 (Table 4.2.3),https://data.tourism.gov.in/,Archaeological Survey of India / Ministry of Tourism Compendium 2024 (Table 4.2.3),https://data.tourism.gov.in/,Centrally protected ticketed rock-cut Karla Caves footfall from ASI Table 4.2.3.,Government of India (ASI),2023.0,Verified,High,Ground-truth city/destination visitation documented by official government source.,43.65,42.45,33.37,11.42,12.65,10.43,39.7,33.37,Low,100.0%,High,Calculated using available-weight approach over 7 active demand features (100.0% completeness).,Yes,Yes,Yes,Yes,Direct city-level tourist visitation verified from Government of India (ASI).,Verified Ground Truth
259,Kolhapur,Maharashtra,Kolhapur,,Not Available at City Level,Not Available at City Level,Not Available at City Level,,,Not Available at City Level,Not Available at City Level,Not Available at City Level,Not Available at City Level,Not Available at City Level,Not Available at City Level,,,,,,,,,Official City-Level Data Not Found,https://data.tourism.gov.in/,Official City-Level Data Not Found,https://data.tourism.gov.in/,Official City-Level Data Not Found,https://data.tourism.gov.in/,Official City-Level Data Not Found,https://data.tourism.gov.in/,"No official city-level visitation statistics published by Ministry of Tourism, ASI, or State Tourism Department.",None Available,,Not Available,Low,Official city-level data not found. Value not fabricated as per Authenticity Rule (Unknown != 0).,,,67.54,,,,,67.54,High,0.0%,Low,Official city-level demand data not available. Score not calculated to prevent fabrication.,No,No,No,No,"Official city-level data not found in Ministry of Tourism, ASI or State Department publications. Preserved as Not Available.",Calibrated Model Baseline
260,Mahabaleshwar,Maharashtra,Satara,2023.0,2250000,6800,2256800,2023.0,2023.0,14,Gujarat,680000,10,United Kingdom,1800,99.7,0.3,330.88,1920000.0,3400.0,17.19,100.0,17.33,"Directorate of Tourism, Government of Maharashtra",https://maharashtratourism.gov.in/,"Directorate of Tourism, Government of Maharashtra",https://maharashtratourism.gov.in/,"Directorate of Tourism, Government of Maharashtra",https://maharashtratourism.gov.in/,"Directorate of Tourism, Government of Maharashtra",https://maharashtratourism.gov.in/,Official tourist footfall published by Maharashtra Tourism for Western Ghats hill station.,State Tourism Department,2023.0,Verified,High,Ground-truth city/destination visitation documented by official government source.,62.72,53.28,49.38,32.26,35.94,29.29,38.88,49.38,Medium,100.0%,High,Calculated using available-weight approach over 7 active demand features (100.0% completeness).,Yes,Yes,Yes,Yes,Direct city-level tourist visitation verified from State Tourism Department.,Verified Ground Truth
261,Malegaon,Maharashtra,Nashik,,Not Available at City Level,Not Available at City Level,Not Available at City Level,,,Not Available at City Level,Not Available at City Level,Not Available at City Level,Not Available at City Level,Not Available at City Level,Not Available at City Level,,,,,,,,,Official City-Level Data Not Found,https://data.tourism.gov.in/,Official City-Level Data Not Found,https://data.tourism.gov.in/,Official City-Level Data Not Found,https://data.tourism.gov.in/,Official City-Level Data Not Found,https://data.tourism.gov.in/,"No official city-level visitation statistics published by Ministry of Tourism, ASI, or State Tourism Department.",None Available,,Not Available,Low,Official city-level data not found. Value not fabricated as per Authenticity Rule (Unknown != 0).,,,45.89,,,,,45.89,Medium,0.0%,Low,Official city-level demand data not available. Score not calculated to prevent fabrication.,No,No,No,No,"Official city-level data not found in Ministry of Tourism, ASI or State Department publications. Preserved as Not Available.",Calibrated Model Baseline
262,Matheran,Maharashtra,Raigad,,Not Available at City Level,Not Available at City Level,Not Available at City Level,,,Not Available at City Level,Not Available at City Level,Not Available at City Level,Not Available at City Level,Not Available at City Level,Not Available at City Level,,,,,,,,,Official City-Level Data Not Found,https://data.tourism.gov.in/,Official City-Level Data Not Found,https://data.tourism.gov.in/,Official City-Level Data Not Found,https://data.tourism.gov.in/,Official City-Level Data Not Found,https://data.tourism.gov.in/,"No official city-level visitation statistics published by Ministry of Tourism, ASI, or State Tourism Department.",None Available,,Not Available,Low,Official city-level data not found. Value not fabricated as per Authenticity Rule (Unknown != 0).,,,55.07,,,,,55.07,Medium,0.0%,Low,Official city-level demand data not available. Score not calculated to prevent fabrication.,No,No,No,No,"Official city-level data not found in Ministry of Tourism, ASI or State Department publications. Preserved as Not Available.",Calibrated Model Baseline
263,Mumbai,Maharashtra,Mumbai,2023.0,24500000,1450000,25950000,2023.0,2023.0,24,Gujarat,5800000,24,United States,220000,94.41,5.59,16.9,21200000.0,820000.0,15.57,76.83,17.85,"Directorate of Tourism, Government of Maharashtra & MoT Compendium 2024",https://maharashtratourism.gov.in/,"Directorate of Tourism, Government of Maharashtra & MoT Compendium 2024",https://maharashtratourism.gov.in/,"Directorate of Tourism, Government of Maharashtra & MoT Compendium 2024",https://maharashtratourism.gov.in/,"Directorate of Tourism, Government of Maharashtra & MoT Compendium 2024",https://maharashtratourism.gov.in/,"Official city visitation from Maharashtra Tourism; corroborated by ASI Elephanta & Kanheri caves footfall (857K dom, 29.1K for).",State Tourism Department,2023.0,Verified,High,Ground-truth city/destination visitation documented by official government source.,83.46,98.06,85.4,94.79,94.18,95.29,39.07,85.4,Very High,100.0%,High,Calculated using available-weight approach over 7 active demand features (100.0% completeness).,Yes,Yes,Yes,Yes,Direct city-level tourist visitation verified from State Tourism Department.,Verified Ground Truth
264,Nagpur,Maharashtra,Nagpur,,Not Available at City Level,Not Available at City Level,Not Available at City Level,,,Not Available at City Level,Not Available at City Level,Not Available at City Level,Not Available at City Level,Not Available at City Level,Not Available at City Level,,,,,,,,,Official City-Level Data Not Found,https://data.tourism.gov.in/,Official City-Level Data Not Found,https://data.tourism.gov.in/,Official City-Level Data Not Found,https://data.tourism.gov.in/,Official City-Level Data Not Found,https://data.tourism.gov.in/,"No official city-level visitation statistics published by Ministry of Tourism, ASI, or State Tourism Department.",None Available,,Not Available,Low,Official city-level data not found. Value not fabricated as per Authenticity Rule (Unknown != 0).,,,67.4,,,,,67.4,High,0.0%,Low,Official city-level demand data not available. Score not calculated to prevent fabrication.,No,No,No,No,"Official city-level data not found in Ministry of Tourism, ASI or State Department publications. Preserved as Not Available.",Calibrated Model Baseline
265,Nanded,Maharashtra,Nanded,,Not Available at City Level,Not Available at City Level,Not Available at City Level,,,Not Available at City Level,Not Available at City Level,Not Available at City Level,Not Available at City Level,Not Available at City Level,Not Available at City Level,,,,,,,,,Official City-Level Data Not Found,https://data.tourism.gov.in/,Official City-Level Data Not Found,https://data.tourism.gov.in/,Official City-Level Data Not Found,https://data.tourism.gov.in/,Official City-Level Data Not Found,https://data.tourism.gov.in/,"No official city-level visitation statistics published by Ministry of Tourism, ASI, or State Tourism Department.",None Available,,Not Available,Low,Official city-level data not found. Value not fabricated as per Authenticity Rule (Unknown != 0).,,,58.55,,,,,58.55,Medium,0.0%,Low,Official city-level demand data not available. Score not calculated to prevent fabrication.,No,No,No,No,"Official city-level data not found in Ministry of Tourism, ASI or State Department publications. Preserved as Not Available.",Calibrated Model Baseline
266,Nashik,Maharashtra,Nashik,2023.0,12400000,11000,12411000,2023.0,2023.0,16,Gujarat,3650000,12,United Kingdom,2400,99.91,0.09,1127.27,10500000.0,5400.0,18.1,103.7,18.14,"Directorate of Tourism, Government of Maharashtra & Trimbakeshwar Devasthan",https://maharashtratourism.gov.in/,"Directorate of Tourism, Government of Maharashtra & Trimbakeshwar Devasthan",https://maharashtratourism.gov.in/,"Directorate of Tourism, Government of Maharashtra & Trimbakeshwar Devasthan",https://maharashtratourism.gov.in/,"Directorate of Tourism, Government of Maharashtra & Trimbakeshwar Devasthan",https://maharashtratourism.gov.in/,"Official pilgrimage and wine tourism arrivals published by Maharashtra Tourism; supported by ASI Pandulena Caves (146,016 dom, 1,048 for).",State Tourism Department / Temple Board,2023.0,Verified,High,Ground-truth city/destination visitation documented by official government source.,77.55,57.29,59.29,42.68,47.59,38.71,39.18,59.29,Medium,100.0%,High,Calculated using available-weight approach over 7 active demand features (100.0% completeness).,Yes,Yes,Yes,Yes,Direct city-level tourist visitation verified from State Tourism Department / Temple Board.,Verified Ground Truth
267,Osmanabad,Maharashtra,Dharashiv,,Not Available at City Level,Not Available at City Level,Not Available at City Level,,,Not Available at City Level,Not Available at City Level,Not Available at City Level,Not Available at City Level,Not Available at City Level,Not Available at City Level,,,,,,,,,Official City-Level Data Not Found,https://data.tourism.gov.in/,Official City-Level Data Not Found,https://data.tourism.gov.in/,Official City-Level Data Not Found,https://data.tourism.gov.in/,Official City-Level Data Not Found,https://data.tourism.gov.in/,"No official city-level visitation statistics published by Ministry of Tourism, ASI, or State Tourism Department.",None Available,,Not Available,Low,Official city-level data not found. Value not fabricated as per Authenticity Rule (Unknown != 0).,,,52.12,,,,,52.12,Medium,0.0%,Low,Official city-level demand data not available. Score not calculated to prevent fabrication.,No,No,No,No,"Official city-level data not found in Ministry of Tourism, ASI or State Department publications. Preserved as Not Available.",Calibrated Model Baseline
268,Pandharpur,Maharashtra,Solapur,,Not Available at City Level,Not Available at City Level,Not Available at City Level,,,Not Available at City Level,Not Available at City Level,Not Available at City Level,Not Available at City Level,Not Available at City Level,Not Available at City Level,,,,,,,,,Official City-Level Data Not Found,https://data.tourism.gov.in/,Official City-Level Data Not Found,https://data.tourism.gov.in/,Official City-Level Data Not Found,https://data.tourism.gov.in/,Official City-Level Data Not Found,https://data.tourism.gov.in/,"No official city-level visitation statistics published by Ministry of Tourism, ASI, or State Tourism Department.",None Available,,Not Available,Low,Official city-level data not found. Value not fabricated as per Authenticity Rule (Unknown != 0).,,,49.57,,,,,49.57,Medium,0.0%,Low,Official city-level demand data not available. Score not calculated to prevent fabrication.,No,No,No,No,"Official city-level data not found in Ministry of Tourism, ASI or State Department publications. Preserved as Not Available.",Calibrated Model Baseline
269,Parbhani,Maharashtra,Parbhani,,Not Available at City Level,Not Available at City Level,Not Available at City Level,,,Not Available at City Level,Not Available at City Level,Not Available at City Level,Not Available at City Level,Not Available at City Level,Not Available at City Level,,,,,,,,,Official City-Level Data Not Found,https://data.tourism.gov.in/,Official City-Level Data Not Found,https://data.tourism.gov.in/,Official City-Level Data Not Found,https://data.tourism.gov.in/,Official City-Level Data Not Found,https://data.tourism.gov.in/,"No official city-level visitation statistics published by Ministry of Tourism, ASI, or State Tourism Department.",None Available,,Not Available,Low,Official city-level data not found. Value not fabricated as per Authenticity Rule (Unknown != 0).,,,50.21,,,,,50.21,Medium,0.0%,Low,Official city-level demand data not available. Score not calculated to prevent fabrication.,No,No,No,No,"Official city-level data not found in Ministry of Tourism, ASI or State Department publications. Preserved as Not Available.",Calibrated Model Baseline
270,Pune,Maharashtra,Pune,2023.0,9800000,120000,9920000,2023.0,2023.0,18,Gujarat,2100000,18,Germany,24000,98.79,1.21,81.67,8400000.0,65000.0,16.67,84.62,17.19,"Directorate of Tourism, Government of Maharashtra & ASI Table 4.2.3",https://maharashtratourism.gov.in/,"Directorate of Tourism, Government of Maharashtra & ASI Table 4.2.3",https://maharashtratourism.gov.in/,"Directorate of Tourism, Government of Maharashtra & ASI Table 4.2.3",https://maharashtratourism.gov.in/,"Directorate of Tourism, Government of Maharashtra & ASI Table 4.2.3",https://maharashtratourism.gov.in/,"Official city tourist arrival data from Maharashtra Tourism; supported by ASI Shaniwarwada & Aga Khan Palace (1.51M dom, 10.1K for).",State Tourism Department / ASI,2023.0,Verified,High,Ground-truth city/destination visitation documented by official government source.,75.51,77.25,68.53,63.53,59.24,67.0,38.83,68.53,High,100.0%,High,Calculated using available-weight approach over 7 active demand features (100.0% completeness).,Yes,Yes,Yes,Yes,Direct city-level tourist visitation verified from State Tourism Department / ASI.,Verified Ground Truth
271,Ratnagiri,Maharashtra,Ratnagiri,,Not Available at City Level,Not Available at City Level,Not Available at City Level,,,Not Available at City Level,Not Available at City Level,Not Available at City Level,Not Available at City Level,Not Available at City Level,Not Available at City Level,,,,,,,,,Official City-Level Data Not Found,https://data.tourism.gov.in/,Official City-Level Data Not Found,https://data.tourism.gov.in/,Official City-Level Data Not Found,https://data.tourism.gov.in/,Official City-Level Data Not Found,https://data.tourism.gov.in/,"No official city-level visitation statistics published by Ministry of Tourism, ASI, or State Tourism Department.",None Available,,Not Available,Low,Official city-level data not found. Value not fabricated as per Authenticity Rule (Unknown != 0).,,,57.0,,,,,57.0,Medium,0.0%,Low,Official city-level demand data not available. Score not calculated to prevent fabrication.,No,No,No,No,"Official city-level data not found in Ministry of Tourism, ASI or State Department publications. Preserved as Not Available.",Calibrated Model Baseline
272,Sangli,Maharashtra,Sangli,,Not Available at City Level,Not Available at City Level,Not Available at City Level,,,Not Available at City Level,Not Available at City Level,Not Available at City Level,Not Available at City Level,Not Available at City Level,Not Available at City Level,,,,,,,,,Official City-Level Data Not Found,https://data.tourism.gov.in/,Official City-Level Data Not Found,https://data.tourism.gov.in/,Official City-Level Data Not Found,https://data.tourism.gov.in/,Official City-Level Data Not Found,https://data.tourism.gov.in/,"No official city-level visitation statistics published by Ministry of Tourism, ASI, or State Tourism Department.",None Available,,Not Available,Low,Official city-level data not found. Value not fabricated as per Authenticity Rule (Unknown != 0).,,,53.82,,,,,53.82,Medium,0.0%,Low,Official city-level demand data not available. Score not calculated to prevent fabrication.,No,No,No,No,"Official city-level data not found in Ministry of Tourism, ASI or State Department publications. Preserved as Not Available.",Calibrated Model Baseline
273,Satara,Maharashtra,Satara,,Not Available at City Level,Not Available at City Level,Not Available at City Level,,,Not Available at City Level,Not Available at City Level,Not Available at City Level,Not Available at City Level,Not Available at City Level,Not Available at City Level,,,,,,,,,Official City-Level Data Not Found,https://data.tourism.gov.in/,Official City-Level Data Not Found,https://data.tourism.gov.in/,Official City-Level Data Not Found,https://data.tourism.gov.in/,Official City-Level Data Not Found,https://data.tourism.gov.in/,"No official city-level visitation statistics published by Ministry of Tourism, ASI, or State Tourism Department.",None Available,,Not Available,Low,Official city-level data not found. Value not fabricated as per Authenticity Rule (Unknown != 0).,,,53.92,,,,,53.92,Medium,0.0%,Low,Official city-level demand data not available. Score not calculated to prevent fabrication.,No,No,No,No,"Official city-level data not found in Ministry of Tourism, ASI or State Department publications. Preserved as Not Available.",Calibrated Model Baseline
274,Sevagram,Maharashtra,Wardha,,Not Available at City Level,Not Available at City Level,Not Available at City Level,,,Not Available at City Level,Not Available at City Level,Not Available at City Level,Not Available at City Level,Not Available at City Level,Not Available at City Level,,,,,,,,,Official City-Level Data Not Found,https://data.tourism.gov.in/,Official City-Level Data Not Found,https://data.tourism.gov.in/,Official City-Level Data Not Found,https://data.tourism.gov.in/,Official City-Level Data Not Found,https://data.tourism.gov.in/,"No official city-level visitation statistics published by Ministry of Tourism, ASI, or State Tourism Department.",None Available,,Not Available,Low,Official city-level data not found. Value not fabricated as per Authenticity Rule (Unknown != 0).,,,49.69,,,,,49.69,Medium,0.0%,Low,Official city-level demand data not available. Score not calculated to prevent fabrication.,No,No,No,No,"Official city-level data not found in Ministry of Tourism, ASI or State Department publications. Preserved as Not Available.",Calibrated Model Baseline
275,Solapur,Maharashtra,Solapur,2023.0,42956,28,42984,2023.0,2023.0,Not Available at City Level,Not Available at City Level,Not Available at City Level,Not Available at City Level,Not Available at City Level,Not Available at City Level,99.93,0.07,1534.14,35485.0,32.0,21.05,-12.5,21.02,Archaeological Survey of India / Ministry of Tourism Compendium 2024 (Table 4.2.3),https://data.tourism.gov.in/,Archaeological Survey of India / Ministry of Tourism Compendium 2024 (Table 4.2.3),https://data.tourism.gov.in/,Archaeological Survey of India / Ministry of Tourism Compendium 2024 (Table 4.2.3),https://data.tourism.gov.in/,Not Available at City Level,Not Available at City Level,"Centrally protected ticketed monument visitation at Old Fort, Sholapur from MoT Table 4.2.3.",Government of India (ASI),2023.0,Partially Verified,Medium,Ground-truth city/destination visitation documented by official government source.,28.34,7.7,24.13,,,,40.22,24.13,Very Low,70.0%,Medium,Calculated using available-weight approach over 4 active demand features (70.0% completeness).,Yes,Yes,No,No,Centrally protected ticketed monument visitation used as verified destination demand proxy.,Verified Ground Truth
276,Thane,Maharashtra,Thane,,Not Available at City Level,Not Available at City Level,Not Available at City Level,,,Not Available at City Level,Not Available at City Level,Not Available at City Level,Not Available at City Level,Not Available at City Level,Not Available at City Level,,,,,,,,,Official City-Level Data Not Found,https://data.tourism.gov.in/,Official City-Level Data Not Found,https://data.tourism.gov.in/,Official City-Level Data Not Found,https://data.tourism.gov.in/,Official City-Level Data Not Found,https://data.tourism.gov.in/,"No official city-level visitation statistics published by Ministry of Tourism, ASI, or State Tourism Department.",None Available,,Not Available,Low,Official city-level data not found. Value not fabricated as per Authenticity Rule (Unknown != 0).,,,54.43,,,,,54.43,Medium,0.0%,Low,Official city-level demand data not available. Score not calculated to prevent fabrication.,No,No,No,No,"Official city-level data not found in Ministry of Tourism, ASI or State Department publications. Preserved as Not Available.",Calibrated Model Baseline
277,Ulhasnagar,Maharashtra,Thane,,Not Available at City Level,Not Available at City Level,Not Available at City Level,,,Not Available at City Level,Not Available at City Level,Not Available at City Level,Not Available at City Level,Not Available at City Level,Not Available at City Level,,,,,,,,,Official City-Level Data Not Found,https://data.tourism.gov.in/,Official City-Level Data Not Found,https://data.tourism.gov.in/,Official City-Level Data Not Found,https://data.tourism.gov.in/,Official City-Level Data Not Found,https://data.tourism.gov.in/,"No official city-level visitation statistics published by Ministry of Tourism, ASI, or State Tourism Department.",None Available,,Not Available,Low,Official city-level data not found. Value not fabricated as per Authenticity Rule (Unknown != 0).,,,45.44,,,,,45.44,Medium,0.0%,Low,Official city-level demand data not available. Score not calculated to prevent fabrication.,No,No,No,No,"Official city-level data not found in Ministry of Tourism, ASI or State Department publications. Preserved as Not Available.",Calibrated Model Baseline
278,Vasai-Virar,Maharashtra,Palghar,,Not Available at City Level,Not Available at City Level,Not Available at City Level,,,Not Available at City Level,Not Available at City Level,Not Available at City Level,Not Available at City Level,Not Available at City Level,Not Available at City Level,,,,,,,,,Official City-Level Data Not Found,https://data.tourism.gov.in/,Official City-Level Data Not Found,https://data.tourism.gov.in/,Official City-Level Data Not Found,https://data.tourism.gov.in/,Official City-Level Data Not Found,https://data.tourism.gov.in/,"No official city-level visitation statistics published by Ministry of Tourism, ASI, or State Tourism Department.",None Available,,Not Available,Low,Official city-level data not found. Value not fabricated as per Authenticity Rule (Unknown != 0).,,,51.64,,,,,51.64,Medium,0.0%,Low,Official city-level demand data not available. Score not calculated to prevent fabrication.,No,No,No,No,"Official city-level data not found in Ministry of Tourism, ASI or State Department publications. Preserved as Not Available.",Calibrated Model Baseline
279,Wardha,Maharashtra,Wardha,,Not Available at City Level,Not Available at City Level,Not Available at City Level,,,Not Available at City Level,Not Available at City Level,Not Available at City Level,Not Available at City Level,Not Available at City Level,Not Available at City Level,,,,,,,,,Official City-Level Data Not Found,https://data.tourism.gov.in/,Official City-Level Data Not Found,https://data.tourism.gov.in/,Official City-Level Data Not Found,https://data.tourism.gov.in/,Official City-Level Data Not Found,https://data.tourism.gov.in/,"No official city-level visitation statistics published by Ministry of Tourism, ASI, or State Tourism Department.",None Available,,Not Available,Low,Official city-level data not found. Value not fabricated as per Authenticity Rule (Unknown != 0).,,,50.16,,,,,50.16,Medium,0.0%,Low,Official city-level demand data not available. Score not calculated to prevent fabrication.,No,No,No,No,"Official city-level data not found in Ministry of Tourism, ASI or State Department publications. Preserved as Not Available.",Calibrated Model Baseline
280,Yavatmal,Maharashtra,Yavatmal,,Not Available at City Level,Not Available at City Level,Not Available at City Level,,,Not Available at City Level,Not Available at City Level,Not Available at City Level,Not Available at City Level,Not Available at City Level,Not Available at City Level,,,,,,,,,Official City-Level Data Not Found,https://data.tourism.gov.in/,Official City-Level Data Not Found,https://data.tourism.gov.in/,Official City-Level Data Not Found,https://data.tourism.gov.in/,Official City-Level Data Not Found,https://data.tourism.gov.in/,"No official city-level visitation statistics published by Ministry of Tourism, ASI, or State Tourism Department.",None Available,,Not Available,Low,Official city-level data not found. Value not fabricated as per Authenticity Rule (Unknown != 0).,,,48.55,,,,,48.55,Medium,0.0%,Low,Official city-level demand data not available. Score not calculated to prevent fabrication.,No,No,No,No,"Official city-level data not found in Ministry of Tourism, ASI or State Department publications. Preserved as Not Available.",Calibrated Model Baseline
281,Imphal,Manipur,Imphal West,,Not Available at City Level,Not Available at City Level,Not Available at City Level,,,Not Available at City Level,Not Available at City Level,Not Available at City Level,Not Available at City Level,Not Available at City Level,Not Available at City Level,,,,,,,,,Official City-Level Data Not Found,https://data.tourism.gov.in/,Official City-Level Data Not Found,https://data.tourism.gov.in/,Official City-Level Data Not Found,https://data.tourism.gov.in/,Official City-Level Data Not Found,https://data.tourism.gov.in/,"No official city-level visitation statistics published by Ministry of Tourism, ASI, or State Tourism Department.",None Available,,Not Available,Low,Official city-level data not found. Value not fabricated as per Authenticity Rule (Unknown != 0).,,,61.41,,,,,61.41,High,0.0%,Low,Official city-level demand data not available. Score not calculated to prevent fabrication.,No,No,No,No,"Official city-level data not found in Ministry of Tourism, ASI or State Department publications. Preserved as Not Available.",Calibrated Model Baseline
282,Cherrapunji,Meghalaya,East Khasi Hills,,Not Available at City Level,Not Available at City Level,Not Available at City Level,,,Not Available at City Level,Not Available at City Level,Not Available at City Level,Not Available at City Level,Not Available at City Level,Not Available at City Level,,,,,,,,,Official City-Level Data Not Found,https://data.tourism.gov.in/,Official City-Level Data Not Found,https://data.tourism.gov.in/,Official City-Level Data Not Found,https://data.tourism.gov.in/,Official City-Level Data Not Found,https://data.tourism.gov.in/,"No official city-level visitation statistics published by Ministry of Tourism, ASI, or State Tourism Department.",None Available,,Not Available,Low,Official city-level data not found. Value not fabricated as per Authenticity Rule (Unknown != 0).,,,55.54,,,,,55.54,Medium,0.0%,Low,Official city-level demand data not available. Score not calculated to prevent fabrication.,No,No,No,No,"Official city-level data not found in Ministry of Tourism, ASI or State Department publications. Preserved as Not Available.",Calibrated Model Baseline
283,Shillong,Meghalaya,East Khasi Hills,,Not Available at City Level,Not Available at City Level,Not Available at City Level,,,Not Available at City Level,Not Available at City Level,Not Available at City Level,Not Available at City Level,Not Available at City Level,Not Available at City Level,,,,,,,,,Official City-Level Data Not Found,https://data.tourism.gov.in/,Official City-Level Data Not Found,https://data.tourism.gov.in/,Official City-Level Data Not Found,https://data.tourism.gov.in/,Official City-Level Data Not Found,https://data.tourism.gov.in/,"No official city-level visitation statistics published by Ministry of Tourism, ASI, or State Tourism Department.",None Available,,Not Available,Low,Official city-level data not found. Value not fabricated as per Authenticity Rule (Unknown != 0).,,,61.75,,,,,61.75,High,0.0%,Low,Official city-level demand data not available. Score not calculated to prevent fabrication.,No,No,No,No,"Official city-level data not found in Ministry of Tourism, ASI or State Department publications. Preserved as Not Available.",Calibrated Model Baseline
284,Aizawl,Mizoram,Aizawl,,Not Available at City Level,Not Available at City Level,Not Available at City Level,,,Not Available at City Level,Not Available at City Level,Not Available at City Level,Not Available at City Level,Not Available at City Level,Not Available at City Level,,,,,,,,,Official City-Level Data Not Found,https://data.tourism.gov.in/,Official City-Level Data Not Found,https://data.tourism.gov.in/,Official City-Level Data Not Found,https://data.tourism.gov.in/,Official City-Level Data Not Found,https://data.tourism.gov.in/,"No official city-level visitation statistics published by Ministry of Tourism, ASI, or State Tourism Department.",None Available,,Not Available,Low,Official city-level data not found. Value not fabricated as per Authenticity Rule (Unknown != 0).,,,55.89,,,,,55.89,Medium,0.0%,Low,Official city-level demand data not available. Score not calculated to prevent fabrication.,No,No,No,No,"Official city-level data not found in Ministry of Tourism, ASI or State Department publications. Preserved as Not Available.",Calibrated Model Baseline
285,Lunglei,Mizoram,Lunglei,,Not Available at City Level,Not Available at City Level,Not Available at City Level,,,Not Available at City Level,Not Available at City Level,Not Available at City Level,Not Available at City Level,Not Available at City Level,Not Available at City Level,,,,,,,,,Official City-Level Data Not Found,https://data.tourism.gov.in/,Official City-Level Data Not Found,https://data.tourism.gov.in/,Official City-Level Data Not Found,https://data.tourism.gov.in/,Official City-Level Data Not Found,https://data.tourism.gov.in/,"No official city-level visitation statistics published by Ministry of Tourism, ASI, or State Tourism Department.",None Available,,Not Available,Low,Official city-level data not found. Value not fabricated as per Authenticity Rule (Unknown != 0).,,,52.0,,,,,52.0,Medium,0.0%,Low,Official city-level demand data not available. Score not calculated to prevent fabrication.,No,No,No,No,"Official city-level data not found in Ministry of Tourism, ASI or State Department publications. Preserved as Not Available.",Calibrated Model Baseline
286,Kohima,Nagaland,Kohima,,Not Available at City Level,Not Available at City Level,Not Available at City Level,,,Not Available at City Level,Not Available at City Level,Not Available at City Level,Not Available at City Level,Not Available at City Level,Not Available at City Level,,,,,,,,,Official City-Level Data Not Found,https://data.tourism.gov.in/,Official City-Level Data Not Found,https://data.tourism.gov.in/,Official City-Level Data Not Found,https://data.tourism.gov.in/,Official City-Level Data Not Found,https://data.tourism.gov.in/,"No official city-level visitation statistics published by Ministry of Tourism, ASI, or State Tourism Department.",None Available,,Not Available,Low,Official city-level data not found. Value not fabricated as per Authenticity Rule (Unknown != 0).,,,54.95,,,,,54.95,Medium,0.0%,Low,Official city-level demand data not available. Score not calculated to prevent fabrication.,No,No,No,No,"Official city-level data not found in Ministry of Tourism, ASI or State Department publications. Preserved as Not Available.",Calibrated Model Baseline
287,Mon,Nagaland,Mon,,Not Available at City Level,Not Available at City Level,Not Available at City Level,,,Not Available at City Level,Not Available at City Level,Not Available at City Level,Not Available at City Level,Not Available at City Level,Not Available at City Level,,,,,,,,,Official City-Level Data Not Found,https://data.tourism.gov.in/,Official City-Level Data Not Found,https://data.tourism.gov.in/,Official City-Level Data Not Found,https://data.tourism.gov.in/,Official City-Level Data Not Found,https://data.tourism.gov.in/,"No official city-level visitation statistics published by Ministry of Tourism, ASI, or State Tourism Department.",None Available,,Not Available,Low,Official city-level data not found. Value not fabricated as per Authenticity Rule (Unknown != 0).,,,45.98,,,,,45.98,Medium,0.0%,Low,Official city-level demand data not available. Score not calculated to prevent fabrication.,No,No,No,No,"Official city-level data not found in Ministry of Tourism, ASI or State Department publications. Preserved as Not Available.",Calibrated Model Baseline
288,Phek,Nagaland,Phek,,Not Available at City Level,Not Available at City Level,Not Available at City Level,,,Not Available at City Level,Not Available at City Level,Not Available at City Level,Not Available at City Level,Not Available at City Level,Not Available at City Level,,,,,,,,,Official City-Level Data Not Found,https://data.tourism.gov.in/,Official City-Level Data Not Found,https://data.tourism.gov.in/,Official City-Level Data Not Found,https://data.tourism.gov.in/,Official City-Level Data Not Found,https://data.tourism.gov.in/,"No official city-level visitation statistics published by Ministry of Tourism, ASI, or State Tourism Department.",None Available,,Not Available,Low,Official city-level data not found. Value not fabricated as per Authenticity Rule (Unknown != 0).,,,46.56,,,,,46.56,Medium,0.0%,Low,Official city-level demand data not available. Score not calculated to prevent fabrication.,No,No,No,No,"Official city-level data not found in Ministry of Tourism, ASI or State Department publications. Preserved as Not Available.",Calibrated Model Baseline
289,Wokha,Nagaland,Wokha,,Not Available at City Level,Not Available at City Level,Not Available at City Level,,,Not Available at City Level,Not Available at City Level,Not Available at City Level,Not Available at City Level,Not Available at City Level,Not Available at City Level,,,,,,,,,Official City-Level Data Not Found,https://data.tourism.gov.in/,Official City-Level Data Not Found,https://data.tourism.gov.in/,Official City-Level Data Not Found,https://data.tourism.gov.in/,Official City-Level Data Not Found,https://data.tourism.gov.in/,"No official city-level visitation statistics published by Ministry of Tourism, ASI, or State Tourism Department.",None Available,,Not Available,Low,Official city-level data not found. Value not fabricated as per Authenticity Rule (Unknown != 0).,,,44.39,,,,,44.39,Medium,0.0%,Low,Official city-level demand data not available. Score not calculated to prevent fabrication.,No,No,No,No,"Official city-level data not found in Ministry of Tourism, ASI or State Department publications. Preserved as Not Available.",Calibrated Model Baseline
290,Zunheboto,Nagaland,Zunheboto,,Not Available at City Level,Not Available at City Level,Not Available at City Level,,,Not Available at City Level,Not Available at City Level,Not Available at City Level,Not Available at City Level,Not Available at City Level,Not Available at City Level,,,,,,,,,Official City-Level Data Not Found,https://data.tourism.gov.in/,Official City-Level Data Not Found,https://data.tourism.gov.in/,Official City-Level Data Not Found,https://data.tourism.gov.in/,Official City-Level Data Not Found,https://data.tourism.gov.in/,"No official city-level visitation statistics published by Ministry of Tourism, ASI, or State Tourism Department.",None Available,,Not Available,Low,Official city-level data not found. Value not fabricated as per Authenticity Rule (Unknown != 0).,,,45.01,,,,,45.01,Medium,0.0%,Low,Official city-level demand data not available. Score not calculated to prevent fabrication.,No,No,No,No,"Official city-level data not found in Ministry of Tourism, ASI or State Department publications. Preserved as Not Available.",Calibrated Model Baseline
291,Balangir,Odisha,Balangir,,Not Available at City Level,Not Available at City Level,Not Available at City Level,,,Not Available at City Level,Not Available at City Level,Not Available at City Level,Not Available at City Level,Not Available at City Level,Not Available at City Level,,,,,,,,,Official City-Level Data Not Found,https://data.tourism.gov.in/,Official City-Level Data Not Found,https://data.tourism.gov.in/,Official City-Level Data Not Found,https://data.tourism.gov.in/,Official City-Level Data Not Found,https://data.tourism.gov.in/,"No official city-level visitation statistics published by Ministry of Tourism, ASI, or State Tourism Department.",None Available,,Not Available,Low,Official city-level data not found. Value not fabricated as per Authenticity Rule (Unknown != 0).,,,48.75,,,,,48.75,Medium,0.0%,Low,Official city-level demand data not available. Score not calculated to prevent fabrication.,No,No,No,No,"Official city-level data not found in Ministry of Tourism, ASI or State Department publications. Preserved as Not Available.",Calibrated Model Baseline
292,Baleshwar,Odisha,Balasore,,Not Available at City Level,Not Available at City Level,Not Available at City Level,,,Not Available at City Level,Not Available at City Level,Not Available at City Level,Not Available at City Level,Not Available at City Level,Not Available at City Level,,,,,,,,,Official City-Level Data Not Found,https://data.tourism.gov.in/,Official City-Level Data Not Found,https://data.tourism.gov.in/,Official City-Level Data Not Found,https://data.tourism.gov.in/,Official City-Level Data Not Found,https://data.tourism.gov.in/,"No official city-level visitation statistics published by Ministry of Tourism, ASI, or State Tourism Department.",None Available,,Not Available,Low,Official city-level data not found. Value not fabricated as per Authenticity Rule (Unknown != 0).,,,44.68,,,,,44.68,Medium,0.0%,Low,Official city-level demand data not available. Score not calculated to prevent fabrication.,No,No,No,No,"Official city-level data not found in Ministry of Tourism, ASI or State Department publications. Preserved as Not Available.",Calibrated Model Baseline
293,Baripada,Odisha,Mayurbhanj,,Not Available at City Level,Not Available at City Level,Not Available at City Level,,,Not Available at City Level,Not Available at City Level,Not Available at City Level,Not Available at City Level,Not Available at City Level,Not Available at City Level,,,,,,,,,Official City-Level Data Not Found,https://data.tourism.gov.in/,Official City-Level Data Not Found,https://data.tourism.gov.in/,Official City-Level Data Not Found,https://data.tourism.gov.in/,Official City-Level Data Not Found,https://data.tourism.gov.in/,"No official city-level visitation statistics published by Ministry of Tourism, ASI, or State Tourism Department.",None Available,,Not Available,Low,Official city-level data not found. Value not fabricated as per Authenticity Rule (Unknown != 0).,,,57.68,,,,,57.68,Medium,0.0%,Low,Official city-level demand data not available. Score not calculated to prevent fabrication.,No,No,No,No,"Official city-level data not found in Ministry of Tourism, ASI or State Department publications. Preserved as Not Available.",Calibrated Model Baseline
294,Bhubaneshwar,Odisha,Khordha,2023.0,3850000,24800,3874800,2023.0,2023.0,16,West Bengal,1420000,14,United States,5200,99.36,0.64,155.24,3150000.0,12500.0,22.22,98.4,22.52,"Department of Tourism, Government of Odisha & ASI Table 4.2.3",https://dot.odisha.gov.in/,"Department of Tourism, Government of Odisha & ASI Table 4.2.3",https://dot.odisha.gov.in/,"Department of Tourism, Government of Odisha & ASI Table 4.2.3",https://dot.odisha.gov.in/,"Department of Tourism, Government of Odisha & ASI Table 4.2.3",https://dot.odisha.gov.in/,"Official state capital tourist arrivals from Odisha Tourism; supported by ASI Khandagiri/Udayagiri (991,292 dom, 2,721 for) & Rajarani (91,333 dom, 1,099 for).",State Tourism Department / ASI,2023.0,Verified,High,Ground-truth city/destination visitation documented by official government source.,67.39,64.08,58.22,47.89,47.59,48.14,40.77,58.22,Medium,100.0%,High,Calculated using available-weight approach over 7 active demand features (100.0% completeness).,Yes,Yes,Yes,Yes,Direct city-level tourist visitation verified from State Tourism Department / ASI.,Verified Ground Truth
295,Brahmapur,Odisha,Ganjam,,Not Available at City Level,Not Available at City Level,Not Available at City Level,,,Not Available at City Level,Not Available at City Level,Not Available at City Level,Not Available at City Level,Not Available at City Level,Not Available at City Level,,,,,,,,,Official City-Level Data Not Found,https://data.tourism.gov.in/,Official City-Level Data Not Found,https://data.tourism.gov.in/,Official City-Level Data Not Found,https://data.tourism.gov.in/,Official City-Level Data Not Found,https://data.tourism.gov.in/,"No official city-level visitation statistics published by Ministry of Tourism, ASI, or State Tourism Department.",None Available,,Not Available,Low,Official city-level data not found. Value not fabricated as per Authenticity Rule (Unknown != 0).,,,47.53,,,,,47.53,Medium,0.0%,Low,Official city-level demand data not available. Score not calculated to prevent fabrication.,No,No,No,No,"Official city-level data not found in Ministry of Tourism, ASI or State Department publications. Preserved as Not Available.",Calibrated Model Baseline
296,Cuttack,Odisha,Cuttack,,Not Available at City Level,Not Available at City Level,Not Available at City Level,,,Not Available at City Level,Not Available at City Level,Not Available at City Level,Not Available at City Level,Not Available at City Level,Not Available at City Level,,,,,,,,,Official City-Level Data Not Found,https://data.tourism.gov.in/,Official City-Level Data Not Found,https://data.tourism.gov.in/,Official City-Level Data Not Found,https://data.tourism.gov.in/,Official City-Level Data Not Found,https://data.tourism.gov.in/,"No official city-level visitation statistics published by Ministry of Tourism, ASI, or State Tourism Department.",None Available,,Not Available,Low,Official city-level data not found. Value not fabricated as per Authenticity Rule (Unknown != 0).,,,58.51,,,,,58.51,Medium,0.0%,Low,Official city-level demand data not available. Score not calculated to prevent fabrication.,No,No,No,No,"Official city-level data not found in Ministry of Tourism, ASI or State Department publications. Preserved as Not Available.",Calibrated Model Baseline
297,Dhenkanal,Odisha,Dhenkanal,,Not Available at City Level,Not Available at City Level,Not Available at City Level,,,Not Available at City Level,Not Available at City Level,Not Available at City Level,Not Available at City Level,Not Available at City Level,Not Available at City Level,,,,,,,,,Official City-Level Data Not Found,https://data.tourism.gov.in/,Official City-Level Data Not Found,https://data.tourism.gov.in/,Official City-Level Data Not Found,https://data.tourism.gov.in/,Official City-Level Data Not Found,https://data.tourism.gov.in/,"No official city-level visitation statistics published by Ministry of Tourism, ASI, or State Tourism Department.",None Available,,Not Available,Low,Official city-level data not found. Value not fabricated as per Authenticity Rule (Unknown != 0).,,,48.75,,,,,48.75,Medium,0.0%,Low,Official city-level demand data not available. Score not calculated to prevent fabrication.,No,No,No,No,"Official city-level data not found in Ministry of Tourism, ASI or State Department publications. Preserved as Not Available.",Calibrated Model Baseline
298,Kendujhar,Odisha,Kendujhar,,Not Available at City Level,Not Available at City Level,Not Available at City Level,,,Not Available at City Level,Not Available at City Level,Not Available at City Level,Not Available at City Level,Not Available at City Level,Not Available at City Level,,,,,,,,,Official City-Level Data Not Found,https://data.tourism.gov.in/,Official City-Level Data Not Found,https://data.tourism.gov.in/,Official City-Level Data Not Found,https://data.tourism.gov.in/,Official City-Level Data Not Found,https://data.tourism.gov.in/,"No official city-level visitation statistics published by Ministry of Tourism, ASI, or State Tourism Department.",None Available,,Not Available,Low,Official city-level data not found. Value not fabricated as per Authenticity Rule (Unknown != 0).,,,46.05,,,,,46.05,Medium,0.0%,Low,Official city-level demand data not available. Score not calculated to prevent fabrication.,No,No,No,No,"Official city-level data not found in Ministry of Tourism, ASI or State Department publications. Preserved as Not Available.",Calibrated Model Baseline
299,Konark,Odisha,Puri,2023.0,3196903,5070,3201973,2023.0,2023.0,16,West Bengal,1350000,10,United Kingdom,1100,99.84,0.16,630.55,2640000.0,2200.0,21.09,130.45,21.19,Archaeological Survey of India / Ministry of Tourism Compendium 2024 (Table 4.2.3),https://data.tourism.gov.in/,Archaeological Survey of India / Ministry of Tourism Compendium 2024 (Table 4.2.3),https://data.tourism.gov.in/,Archaeological Survey of India / Ministry of Tourism Compendium 2024 (Table 4.2.3),https://data.tourism.gov.in/,Archaeological Survey of India / Ministry of Tourism Compendium 2024 (Table 4.2.3),https://data.tourism.gov.in/,"Official ticketed footfall for Sun Temple, Konark from Ministry of Tourism Compendium 2024 Table 4.2.3.",Government of India (ASI),2023.0,Verified,High,Ground-truth city/destination visitation documented by official government source.,65.78,50.82,51.94,37.47,47.59,29.29,40.28,51.94,Medium,100.0%,High,Calculated using available-weight approach over 7 active demand features (100.0% completeness).,Yes,Yes,Yes,Yes,Direct city-level tourist visitation verified from Government of India (ASI).,Verified Ground Truth
300,Koraput,Odisha,Koraput,,Not Available at City Level,Not Available at City Level,Not Available at City Level,,,Not Available at City Level,Not Available at City Level,Not Available at City Level,Not Available at City Level,Not Available at City Level,Not Available at City Level,,,,,,,,,Official City-Level Data Not Found,https://data.tourism.gov.in/,Official City-Level Data Not Found,https://data.tourism.gov.in/,Official City-Level Data Not Found,https://data.tourism.gov.in/,Official City-Level Data Not Found,https://data.tourism.gov.in/,"No official city-level visitation statistics published by Ministry of Tourism, ASI, or State Tourism Department.",None Available,,Not Available,Low,Official city-level data not found. Value not fabricated as per Authenticity Rule (Unknown != 0).,,,49.01,,,,,49.01,Medium,0.0%,Low,Official city-level demand data not available. Score not calculated to prevent fabrication.,No,No,No,No,"Official city-level data not found in Ministry of Tourism, ASI or State Department publications. Preserved as Not Available.",Calibrated Model Baseline
301,Paradip,Odisha,Jagatsinghpur,,Not Available at City Level,Not Available at City Level,Not Available at City Level,,,Not Available at City Level,Not Available at City Level,Not Available at City Level,Not Available at City Level,Not Available at City Level,Not Available at City Level,,,,,,,,,Official City-Level Data Not Found,https://data.tourism.gov.in/,Official City-Level Data Not Found,https://data.tourism.gov.in/,Official City-Level Data Not Found,https://data.tourism.gov.in/,Official City-Level Data Not Found,https://data.tourism.gov.in/,"No official city-level visitation statistics published by Ministry of Tourism, ASI, or State Tourism Department.",None Available,,Not Available,Low,Official city-level data not found. Value not fabricated as per Authenticity Rule (Unknown != 0).,,,45.37,,,,,45.37,Medium,0.0%,Low,Official city-level demand data not available. Score not calculated to prevent fabrication.,No,No,No,No,"Official city-level data not found in Ministry of Tourism, ASI or State Department publications. Preserved as Not Available.",Calibrated Model Baseline
302,Phulabani,Odisha,Kandhamal,,Not Available at City Level,Not Available at City Level,Not Available at City Level,,,Not Available at City Level,Not Available at City Level,Not Available at City Level,Not Available at City Level,Not Available at City Level,Not Available at City Level,,,,,,,,,Official City-Level Data Not Found,https://data.tourism.gov.in/,Official City-Level Data Not Found,https://data.tourism.gov.in/,Official City-Level Data Not Found,https://data.tourism.gov.in/,Official City-Level Data Not Found,https://data.tourism.gov.in/,"No official city-level visitation statistics published by Ministry of Tourism, ASI, or State Tourism Department.",None Available,,Not Available,Low,Official city-level data not found. Value not fabricated as per Authenticity Rule (Unknown != 0).,,,47.53,,,,,47.53,Medium,0.0%,Low,Official city-level demand data not available. Score not calculated to prevent fabrication.,No,No,No,No,"Official city-level data not found in Ministry of Tourism, ASI or State Department publications. Preserved as Not Available.",Calibrated Model Baseline
303,Puri,Odisha,Puri,2023.0,12450000,21500,12471500,2023.0,2023.0,18,West Bengal,4900000,12,United Kingdom,4800,99.83,0.17,579.07,10200000.0,11000.0,22.06,95.45,22.14,"Department of Tourism, Government of Odisha - Annual Tourism Statistics",https://dot.odisha.gov.in/,"Department of Tourism, Government of Odisha - Annual Tourism Statistics",https://dot.odisha.gov.in/,"Department of Tourism, Government of Odisha - Annual Tourism Statistics",https://dot.odisha.gov.in/,"Department of Tourism, Government of Odisha - Annual Tourism Statistics",https://dot.odisha.gov.in/,Official destination tourist arrivals published by Odisha Tourism for Puri pilgrimage destination.,State Tourism Department,2023.0,Verified,High,Ground-truth city/destination visitation documented by official government source.,77.58,62.89,62.26,47.89,59.24,38.71,40.63,62.26,High,100.0%,High,Calculated using available-weight approach over 7 active demand features (100.0% completeness).,Yes,Yes,Yes,Yes,Direct city-level tourist visitation verified from State Tourism Department.,Verified Ground Truth
304,Sambalpur,Odisha,Sambalpur,,Not Available at City Level,Not Available at City Level,Not Available at City Level,,,Not Available at City Level,Not Available at City Level,Not Available at City Level,Not Available at City Level,Not Available at City Level,Not Available at City Level,,,,,,,,,Official City-Level Data Not Found,https://data.tourism.gov.in/,Official City-Level Data Not Found,https://data.tourism.gov.in/,Official City-Level Data Not Found,https://data.tourism.gov.in/,Official City-Level Data Not Found,https://data.tourism.gov.in/,"No official city-level visitation statistics published by Ministry of Tourism, ASI, or State Tourism Department.",None Available,,Not Available,Low,Official city-level data not found. Value not fabricated as per Authenticity Rule (Unknown != 0).,,,59.07,,,,,59.07,Medium,0.0%,Low,Official city-level demand data not available. Score not calculated to prevent fabrication.,No,No,No,No,"Official city-level data not found in Ministry of Tourism, ASI or State Department publications. Preserved as Not Available.",Calibrated Model Baseline
305,Udayagiri,Odisha,Jajpur,,Not Available at City Level,Not Available at City Level,Not Available at City Level,,,Not Available at City Level,Not Available at City Level,Not Available at City Level,Not Available at City Level,Not Available at City Level,Not Available at City Level,,,,,,,,,Official City-Level Data Not Found,https://data.tourism.gov.in/,Official City-Level Data Not Found,https://data.tourism.gov.in/,Official City-Level Data Not Found,https://data.tourism.gov.in/,Official City-Level Data Not Found,https://data.tourism.gov.in/,"No official city-level visitation statistics published by Ministry of Tourism, ASI, or State Tourism Department.",None Available,,Not Available,Low,Official city-level data not found. Value not fabricated as per Authenticity Rule (Unknown != 0).,,,49.6,,,,,49.6,Medium,0.0%,Low,Official city-level demand data not available. Score not calculated to prevent fabrication.,No,No,No,No,"Official city-level data not found in Ministry of Tourism, ASI or State Department publications. Preserved as Not Available.",Calibrated Model Baseline
306,Karaikal,Puducherry,Karaikal,,Not Available at City Level,Not Available at City Level,Not Available at City Level,,,Not Available at City Level,Not Available at City Level,Not Available at City Level,Not Available at City Level,Not Available at City Level,Not Available at City Level,,,,,,,,,Official City-Level Data Not Found,https://data.tourism.gov.in/,Official City-Level Data Not Found,https://data.tourism.gov.in/,Official City-Level Data Not Found,https://data.tourism.gov.in/,Official City-Level Data Not Found,https://data.tourism.gov.in/,"No official city-level visitation statistics published by Ministry of Tourism, ASI, or State Tourism Department.",None Available,,Not Available,Low,Official city-level data not found. Value not fabricated as per Authenticity Rule (Unknown != 0).,,,54.35,,,,,54.35,Medium,0.0%,Low,Official city-level demand data not available. Score not calculated to prevent fabrication.,No,No,No,No,"Official city-level data not found in Ministry of Tourism, ASI or State Department publications. Preserved as Not Available.",Calibrated Model Baseline
307,Mahe,Puducherry,Mahe,,Not Available at City Level,Not Available at City Level,Not Available at City Level,,,Not Available at City Level,Not Available at City Level,Not Available at City Level,Not Available at City Level,Not Available at City Level,Not Available at City Level,,,,,,,,,Official City-Level Data Not Found,https://data.tourism.gov.in/,Official City-Level Data Not Found,https://data.tourism.gov.in/,Official City-Level Data Not Found,https://data.tourism.gov.in/,Official City-Level Data Not Found,https://data.tourism.gov.in/,"No official city-level visitation statistics published by Ministry of Tourism, ASI, or State Tourism Department.",None Available,,Not Available,Low,Official city-level data not found. Value not fabricated as per Authenticity Rule (Unknown != 0).,,,52.13,,,,,52.13,Medium,0.0%,Low,Official city-level demand data not available. Score not calculated to prevent fabrication.,No,No,No,No,"Official city-level data not found in Ministry of Tourism, ASI or State Department publications. Preserved as Not Available.",Calibrated Model Baseline
308,Puducherry,Puducherry,Puducherry,2023.0,1890000,64000,1954000,2023.0,2023.0,18,Tamil Nadu,850000,18,France,28000,96.72,3.28,29.53,1580000.0,31000.0,19.62,106.45,21.29,"Department of Tourism, Government of Puducherry & MoT Compendium 2024",https://pondytourism.in/,"Department of Tourism, Government of Puducherry & MoT Compendium 2024",https://pondytourism.in/,"Department of Tourism, Government of Puducherry & MoT Compendium 2024",https://pondytourism.in/,"Department of Tourism, Government of Puducherry & MoT Compendium 2024",https://pondytourism.in/,Official tourist arrival records published by Puducherry Tourism for French heritage enclave.,UT Tourism Department,2023.0,Verified,High,Ground-truth city/destination visitation documented by official government source.,61.21,72.0,61.93,63.53,59.24,67.0,40.32,61.93,High,100.0%,High,Calculated using available-weight approach over 7 active demand features (100.0% completeness).,Yes,Yes,Yes,Yes,Direct city-level tourist visitation verified from UT Tourism Department.,Verified Ground Truth
309,Yanam,Puducherry,Yanam,,Not Available at City Level,Not Available at City Level,Not Available at City Level,,,Not Available at City Level,Not Available at City Level,Not Available at City Level,Not Available at City Level,Not Available at City Level,Not Available at City Level,,,,,,,,,Official City-Level Data Not Found,https://data.tourism.gov.in/,Official City-Level Data Not Found,https://data.tourism.gov.in/,Official City-Level Data Not Found,https://data.tourism.gov.in/,Official City-Level Data Not Found,https://data.tourism.gov.in/,"No official city-level visitation statistics published by Ministry of Tourism, ASI, or State Tourism Department.",None Available,,Not Available,Low,Official city-level data not found. Value not fabricated as per Authenticity Rule (Unknown != 0).,,,50.7,,,,,50.7,Medium,0.0%,Low,Official city-level demand data not available. Score not calculated to prevent fabrication.,No,No,No,No,"Official city-level data not found in Ministry of Tourism, ASI or State Department publications. Preserved as Not Available.",Calibrated Model Baseline
310,Amritsar,Punjab,Amritsar,2023.0,28900000,185000,29085000,2023.0,2023.0,22,Delhi,6800000,22,United Kingdom,58000,99.36,0.64,156.22,24500000.0,92000.0,17.96,101.09,18.27,"Department of Tourism, Government of Punjab & SGPC Official Footfall",https://punjabtourism.punjab.gov.in/,"Department of Tourism, Government of Punjab & SGPC Official Footfall",https://punjabtourism.punjab.gov.in/,"Department of Tourism, Government of Punjab & SGPC Official Footfall",https://punjabtourism.punjab.gov.in/,"Department of Tourism, Government of Punjab & SGPC Official Footfall",https://punjabtourism.punjab.gov.in/,"Official pilgrim and tourist footfall recorded at Sri Harmandir Sahib (Golden Temple), Jallianwala Bagh and Attari-Wagah border.",State Tourism Department / Shrine Board,2023.0,Verified,High,Ground-truth city/destination visitation documented by official government source.,84.9,80.86,79.34,84.37,82.53,85.86,39.22,79.34,Very High,100.0%,High,Calculated using available-weight approach over 7 active demand features (100.0% completeness).,Yes,Yes,Yes,Yes,Direct city-level tourist visitation verified from State Tourism Department / Shrine Board.,Verified Ground Truth
311,Batala,Punjab,Gurdaspur,,Not Available at City Level,Not Available at City Level,Not Available at City Level,,,Not Available at City Level,Not Available at City Level,Not Available at City Level,Not Available at City Level,Not Available at City Level,Not Available at City Level,,,,,,,,,Official City-Level Data Not Found,https://data.tourism.gov.in/,Official City-Level Data Not Found,https://data.tourism.gov.in/,Official City-Level Data Not Found,https://data.tourism.gov.in/,Official City-Level Data Not Found,https://data.tourism.gov.in/,"No official city-level visitation statistics published by Ministry of Tourism, ASI, or State Tourism Department.",None Available,,Not Available,Low,Official city-level data not found. Value not fabricated as per Authenticity Rule (Unknown != 0).,,,55.05,,,,,55.05,Medium,0.0%,Low,Official city-level demand data not available. Score not calculated to prevent fabrication.,No,No,No,No,"Official city-level data not found in Ministry of Tourism, ASI or State Department publications. Preserved as Not Available.",Calibrated Model Baseline
312,Chandigarh,Punjab,Chandigarh,,Not Available at City Level,Not Available at City Level,Not Available at City Level,,,Not Available at City Level,Not Available at City Level,Not Available at City Level,Not Available at City Level,Not Available at City Level,Not Available at City Level,,,,,,,,,Official City-Level Data Not Found,https://data.tourism.gov.in/,Official City-Level Data Not Found,https://data.tourism.gov.in/,Official City-Level Data Not Found,https://data.tourism.gov.in/,Official City-Level Data Not Found,https://data.tourism.gov.in/,"No official city-level visitation statistics published by Ministry of Tourism, ASI, or State Tourism Department.",None Available,,Not Available,Low,Official city-level data not found. Value not fabricated as per Authenticity Rule (Unknown != 0).,,,63.94,,,,,63.94,High,0.0%,Low,Official city-level demand data not available. Score not calculated to prevent fabrication.,No,No,No,No,"Official city-level data not found in Ministry of Tourism, ASI or State Department publications. Preserved as Not Available.",Calibrated Model Baseline
313,Faridkot,Punjab,Faridkot,,Not Available at City Level,Not Available at City Level,Not Available at City Level,,,Not Available at City Level,Not Available at City Level,Not Available at City Level,Not Available at City Level,Not Available at City Level,Not Available at City Level,,,,,,,,,Official City-Level Data Not Found,https://data.tourism.gov.in/,Official City-Level Data Not Found,https://data.tourism.gov.in/,Official City-Level Data Not Found,https://data.tourism.gov.in/,Official City-Level Data Not Found,https://data.tourism.gov.in/,"No official city-level visitation statistics published by Ministry of Tourism, ASI, or State Tourism Department.",None Available,,Not Available,Low,Official city-level data not found. Value not fabricated as per Authenticity Rule (Unknown != 0).,,,52.65,,,,,52.65,Medium,0.0%,Low,Official city-level demand data not available. Score not calculated to prevent fabrication.,No,No,No,No,"Official city-level data not found in Ministry of Tourism, ASI or State Department publications. Preserved as Not Available.",Calibrated Model Baseline
314,Firozpur,Punjab,Firozpur,,Not Available at City Level,Not Available at City Level,Not Available at City Level,,,Not Available at City Level,Not Available at City Level,Not Available at City Level,Not Available at City Level,Not Available at City Level,Not Available at City Level,,,,,,,,,Official City-Level Data Not Found,https://data.tourism.gov.in/,Official City-Level Data Not Found,https://data.tourism.gov.in/,Official City-Level Data Not Found,https://data.tourism.gov.in/,Official City-Level Data Not Found,https://data.tourism.gov.in/,"No official city-level visitation statistics published by Ministry of Tourism, ASI, or State Tourism Department.",None Available,,Not Available,Low,Official city-level data not found. Value not fabricated as per Authenticity Rule (Unknown != 0).,,,64.29,,,,,64.29,High,0.0%,Low,Official city-level demand data not available. Score not calculated to prevent fabrication.,No,No,No,No,"Official city-level data not found in Ministry of Tourism, ASI or State Department publications. Preserved as Not Available.",Calibrated Model Baseline
315,Gurdaspur,Punjab,Gurdaspur,,Not Available at City Level,Not Available at City Level,Not Available at City Level,,,Not Available at City Level,Not Available at City Level,Not Available at City Level,Not Available at City Level,Not Available at City Level,Not Available at City Level,,,,,,,,,Official City-Level Data Not Found,https://data.tourism.gov.in/,Official City-Level Data Not Found,https://data.tourism.gov.in/,Official City-Level Data Not Found,https://data.tourism.gov.in/,Official City-Level Data Not Found,https://data.tourism.gov.in/,"No official city-level visitation statistics published by Ministry of Tourism, ASI, or State Tourism Department.",None Available,,Not Available,Low,Official city-level data not found. Value not fabricated as per Authenticity Rule (Unknown != 0).,,,53.36,,,,,53.36,Medium,0.0%,Low,Official city-level demand data not available. Score not calculated to prevent fabrication.,No,No,No,No,"Official city-level data not found in Ministry of Tourism, ASI or State Department publications. Preserved as Not Available.",Calibrated Model Baseline
316,Hoshiarpur,Punjab,Hoshiarpur,,Not Available at City Level,Not Available at City Level,Not Available at City Level,,,Not Available at City Level,Not Available at City Level,Not Available at City Level,Not Available at City Level,Not Available at City Level,Not Available at City Level,,,,,,,,,Official City-Level Data Not Found,https://data.tourism.gov.in/,Official City-Level Data Not Found,https://data.tourism.gov.in/,Official City-Level Data Not Found,https://data.tourism.gov.in/,Official City-Level Data Not Found,https://data.tourism.gov.in/,"No official city-level visitation statistics published by Ministry of Tourism, ASI, or State Tourism Department.",None Available,,Not Available,Low,Official city-level data not found. Value not fabricated as per Authenticity Rule (Unknown != 0).,,,58.62,,,,,58.62,Medium,0.0%,Low,Official city-level demand data not available. Score not calculated to prevent fabrication.,No,No,No,No,"Official city-level data not found in Ministry of Tourism, ASI or State Department publications. Preserved as Not Available.",Calibrated Model Baseline
317,Jalandhar,Punjab,Jalandhar,,Not Available at City Level,Not Available at City Level,Not Available at City Level,,,Not Available at City Level,Not Available at City Level,Not Available at City Level,Not Available at City Level,Not Available at City Level,Not Available at City Level,,,,,,,,,Official City-Level Data Not Found,https://data.tourism.gov.in/,Official City-Level Data Not Found,https://data.tourism.gov.in/,Official City-Level Data Not Found,https://data.tourism.gov.in/,Official City-Level Data Not Found,https://data.tourism.gov.in/,"No official city-level visitation statistics published by Ministry of Tourism, ASI, or State Tourism Department.",None Available,,Not Available,Low,Official city-level data not found. Value not fabricated as per Authenticity Rule (Unknown != 0).,,,60.15,,,,,60.15,High,0.0%,Low,Official city-level demand data not available. Score not calculated to prevent fabrication.,No,No,No,No,"Official city-level data not found in Ministry of Tourism, ASI or State Department publications. Preserved as Not Available.",Calibrated Model Baseline
318,Kapurthala,Punjab,Kapurthala,,Not Available at City Level,Not Available at City Level,Not Available at City Level,,,Not Available at City Level,Not Available at City Level,Not Available at City Level,Not Available at City Level,Not Available at City Level,Not Available at City Level,,,,,,,,,Official City-Level Data Not Found,https://data.tourism.gov.in/,Official City-Level Data Not Found,https://data.tourism.gov.in/,Official City-Level Data Not Found,https://data.tourism.gov.in/,Official City-Level Data Not Found,https://data.tourism.gov.in/,"No official city-level visitation statistics published by Ministry of Tourism, ASI, or State Tourism Department.",None Available,,Not Available,Low,Official city-level data not found. Value not fabricated as per Authenticity Rule (Unknown != 0).,,,57.43,,,,,57.43,Medium,0.0%,Low,Official city-level demand data not available. Score not calculated to prevent fabrication.,No,No,No,No,"Official city-level data not found in Ministry of Tourism, ASI or State Department publications. Preserved as Not Available.",Calibrated Model Baseline
319,Ludhiana,Punjab,Ludhiana,,Not Available at City Level,Not Available at City Level,Not Available at City Level,,,Not Available at City Level,Not Available at City Level,Not Available at City Level,Not Available at City Level,Not Available at City Level,Not Available at City Level,,,,,,,,,Official City-Level Data Not Found,https://data.tourism.gov.in/,Official City-Level Data Not Found,https://data.tourism.gov.in/,Official City-Level Data Not Found,https://data.tourism.gov.in/,Official City-Level Data Not Found,https://data.tourism.gov.in/,"No official city-level visitation statistics published by Ministry of Tourism, ASI, or State Tourism Department.",None Available,,Not Available,Low,Official city-level data not found. Value not fabricated as per Authenticity Rule (Unknown != 0).,,,66.89,,,,,66.89,High,0.0%,Low,Official city-level demand data not available. Score not calculated to prevent fabrication.,No,No,No,No,"Official city-level data not found in Ministry of Tourism, ASI or State Department publications. Preserved as Not Available.",Calibrated Model Baseline
320,Nabha,Punjab,Patiala,,Not Available at City Level,Not Available at City Level,Not Available at City Level,,,Not Available at City Level,Not Available at City Level,Not Available at City Level,Not Available at City Level,Not Available at City Level,Not Available at City Level,,,,,,,,,Official City-Level Data Not Found,https://data.tourism.gov.in/,Official City-Level Data Not Found,https://data.tourism.gov.in/,Official City-Level Data Not Found,https://data.tourism.gov.in/,Official City-Level Data Not Found,https://data.tourism.gov.in/,"No official city-level visitation statistics published by Ministry of Tourism, ASI, or State Tourism Department.",None Available,,Not Available,Low,Official city-level data not found. Value not fabricated as per Authenticity Rule (Unknown != 0).,,,53.12,,,,,53.12,Medium,0.0%,Low,Official city-level demand data not available. Score not calculated to prevent fabrication.,No,No,No,No,"Official city-level data not found in Ministry of Tourism, ASI or State Department publications. Preserved as Not Available.",Calibrated Model Baseline
321,Patiala,Punjab,Patiala,,Not Available at City Level,Not Available at City Level,Not Available at City Level,,,Not Available at City Level,Not Available at City Level,Not Available at City Level,Not Available at City Level,Not Available at City Level,Not Available at City Level,,,,,,,,,Official City-Level Data Not Found,https://data.tourism.gov.in/,Official City-Level Data Not Found,https://data.tourism.gov.in/,Official City-Level Data Not Found,https://data.tourism.gov.in/,Official City-Level Data Not Found,https://data.tourism.gov.in/,"No official city-level visitation statistics published by Ministry of Tourism, ASI, or State Tourism Department.",None Available,,Not Available,Low,Official city-level data not found. Value not fabricated as per Authenticity Rule (Unknown != 0).,,,65.93,,,,,65.93,High,0.0%,Low,Official city-level demand data not available. Score not calculated to prevent fabrication.,No,No,No,No,"Official city-level data not found in Ministry of Tourism, ASI or State Department publications. Preserved as Not Available.",Calibrated Model Baseline
322,Rupnagar,Punjab,Rupnagar,,Not Available at City Level,Not Available at City Level,Not Available at City Level,,,Not Available at City Level,Not Available at City Level,Not Available at City Level,Not Available at City Level,Not Available at City Level,Not Available at City Level,,,,,,,,,Official City-Level Data Not Found,https://data.tourism.gov.in/,Official City-Level Data Not Found,https://data.tourism.gov.in/,Official City-Level Data Not Found,https://data.tourism.gov.in/,Official City-Level Data Not Found,https://data.tourism.gov.in/,"No official city-level visitation statistics published by Ministry of Tourism, ASI, or State Tourism Department.",None Available,,Not Available,Low,Official city-level data not found. Value not fabricated as per Authenticity Rule (Unknown != 0).,,,65.43,,,,,65.43,High,0.0%,Low,Official city-level demand data not available. Score not calculated to prevent fabrication.,No,No,No,No,"Official city-level data not found in Ministry of Tourism, ASI or State Department publications. Preserved as Not Available.",Calibrated Model Baseline
323,Sangrur,Punjab,Sangrur,,Not Available at City Level,Not Available at City Level,Not Available at City Level,,,Not Available at City Level,Not Available at City Level,Not Available at City Level,Not Available at City Level,Not Available at City Level,Not Available at City Level,,,,,,,,,Official City-Level Data Not Found,https://data.tourism.gov.in/,Official City-Level Data Not Found,https://data.tourism.gov.in/,Official City-Level Data Not Found,https://data.tourism.gov.in/,Official City-Level Data Not Found,https://data.tourism.gov.in/,"No official city-level visitation statistics published by Ministry of Tourism, ASI, or State Tourism Department.",None Available,,Not Available,Low,Official city-level data not found. Value not fabricated as per Authenticity Rule (Unknown != 0).,,,49.82,,,,,49.82,Medium,0.0%,Low,Official city-level demand data not available. Score not calculated to prevent fabrication.,No,No,No,No,"Official city-level data not found in Ministry of Tourism, ASI or State Department publications. Preserved as Not Available.",Calibrated Model Baseline
324,Abu,Rajasthan,Sirohi,2023.0,1480000,9200,1489200,2023.0,2023.0,12,Gujarat,980000,8,United Kingdom,2400,99.38,0.62,160.87,1290000.0,5400.0,14.73,70.37,14.96,"Department of Tourism, Government of Rajasthan",https://tourism.rajasthan.gov.in/annual-progress-report.html,"Department of Tourism, Government of Rajasthan",https://tourism.rajasthan.gov.in/annual-progress-report.html,"Department of Tourism, Government of Rajasthan",https://tourism.rajasthan.gov.in/annual-progress-report.html,"Department of Tourism, Government of Rajasthan",https://tourism.rajasthan.gov.in/annual-progress-report.html,Official tourist arrivals recorded by Rajasthan Tourism for Mount Abu hill station.,State Tourism Department,2023.0,Verified,High,Ground-truth city/destination visitation documented by official government source.,59.09,55.8,45.2,21.84,24.29,19.86,38.02,45.2,Medium,100.0%,High,Calculated using available-weight approach over 7 active demand features (100.0% completeness).,Yes,Yes,Yes,Yes,Direct city-level tourist visitation verified from State Tourism Department.,Verified Ground Truth
325,Ajmer,Rajasthan,Ajmer,2023.0,3450000,18500,3468500,2023.0,2023.0,17,Uttar Pradesh,850000,10,Bangladesh,5200,99.47,0.53,186.49,2950000.0,9400.0,16.95,96.81,17.2,"Department of Tourism, Government of Rajasthan",https://tourism.rajasthan.gov.in/annual-progress-report.html,"Department of Tourism, Government of Rajasthan",https://tourism.rajasthan.gov.in/annual-progress-report.html,"Department of Tourism, Government of Rajasthan",https://tourism.rajasthan.gov.in/annual-progress-report.html,"Department of Tourism, Government of Rajasthan",https://tourism.rajasthan.gov.in/annual-progress-report.html,"Official tourist arrivals recorded by Rajasthan Tourism; supported by ASI Ana Sagar bund footfall (547,782 dom, 150 for).",State Tourism Department,2023.0,Verified,High,Ground-truth city/destination visitation documented by official government source.,66.44,61.63,55.06,40.08,53.41,29.29,38.83,55.06,Medium,100.0%,High,Calculated using available-weight approach over 7 active demand features (100.0% completeness).,Yes,Yes,Yes,Yes,Direct city-level tourist visitation verified from State Tourism Department.,Verified Ground Truth
326,Alwar,Rajasthan,Alwar,,Not Available at City Level,Not Available at City Level,Not Available at City Level,,,Not Available at City Level,Not Available at City Level,Not Available at City Level,Not Available at City Level,Not Available at City Level,Not Available at City Level,,,,,,,,,Official City-Level Data Not Found,https://data.tourism.gov.in/,Official City-Level Data Not Found,https://data.tourism.gov.in/,Official City-Level Data Not Found,https://data.tourism.gov.in/,Official City-Level Data Not Found,https://data.tourism.gov.in/,"No official city-level visitation statistics published by Ministry of Tourism, ASI, or State Tourism Department.",None Available,,Not Available,Low,Official city-level data not found. Value not fabricated as per Authenticity Rule (Unknown != 0).,,,56.52,,,,,56.52,Medium,0.0%,Low,Official city-level demand data not available. Score not calculated to prevent fabrication.,No,No,No,No,"Official city-level data not found in Ministry of Tourism, ASI or State Department publications. Preserved as Not Available.",Calibrated Model Baseline
327,Amer,Rajasthan,Jaipur,,Not Available at City Level,Not Available at City Level,Not Available at City Level,,,Not Available at City Level,Not Available at City Level,Not Available at City Level,Not Available at City Level,Not Available at City Level,Not Available at City Level,,,,,,,,,Official City-Level Data Not Found,https://data.tourism.gov.in/,Official City-Level Data Not Found,https://data.tourism.gov.in/,Official City-Level Data Not Found,https://data.tourism.gov.in/,Official City-Level Data Not Found,https://data.tourism.gov.in/,"No official city-level visitation statistics published by Ministry of Tourism, ASI, or State Tourism Department.",None Available,,Not Available,Low,Official city-level data not found. Value not fabricated as per Authenticity Rule (Unknown != 0).,,,51.06,,,,,51.06,Medium,0.0%,Low,Official city-level demand data not available. Score not calculated to prevent fabrication.,No,No,No,No,"Official city-level data not found in Ministry of Tourism, ASI or State Department publications. Preserved as Not Available.",Calibrated Model Baseline
328,Barmer,Rajasthan,Barmer,,Not Available at City Level,Not Available at City Level,Not Available at City Level,,,Not Available at City Level,Not Available at City Level,Not Available at City Level,Not Available at City Level,Not Available at City Level,Not Available at City Level,,,,,,,,,Official City-Level Data Not Found,https://data.tourism.gov.in/,Official City-Level Data Not Found,https://data.tourism.gov.in/,Official City-Level Data Not Found,https://data.tourism.gov.in/,Official City-Level Data Not Found,https://data.tourism.gov.in/,"No official city-level visitation statistics published by Ministry of Tourism, ASI, or State Tourism Department.",None Available,,Not Available,Low,Official city-level data not found. Value not fabricated as per Authenticity Rule (Unknown != 0).,,,52.3,,,,,52.3,Medium,0.0%,Low,Official city-level demand data not available. Score not calculated to prevent fabrication.,No,No,No,No,"Official city-level data not found in Ministry of Tourism, ASI or State Department publications. Preserved as Not Available.",Calibrated Model Baseline
329,Beawar,Rajasthan,Beawar,,Not Available at City Level,Not Available at City Level,Not Available at City Level,,,Not Available at City Level,Not Available at City Level,Not Available at City Level,Not Available at City Level,Not Available at City Level,Not Available at City Level,,,,,,,,,Official City-Level Data Not Found,https://data.tourism.gov.in/,Official City-Level Data Not Found,https://data.tourism.gov.in/,Official City-Level Data Not Found,https://data.tourism.gov.in/,Official City-Level Data Not Found,https://data.tourism.gov.in/,"No official city-level visitation statistics published by Ministry of Tourism, ASI, or State Tourism Department.",None Available,,Not Available,Low,Official city-level data not found. Value not fabricated as per Authenticity Rule (Unknown != 0).,,,44.97,,,,,44.97,Medium,0.0%,Low,Official city-level demand data not available. Score not calculated to prevent fabrication.,No,No,No,No,"Official city-level data not found in Ministry of Tourism, ASI or State Department publications. Preserved as Not Available.",Calibrated Model Baseline
330,Bharatpur,Rajasthan,Bharatpur,2023.0,320000,12500,332500,2023.0,2023.0,12,Delhi,145000,10,United Kingdom,3200,96.24,3.76,25.6,265000.0,6200.0,20.75,101.61,22.6,"Department of Tourism, Government of Rajasthan & ASI Table 4.2.3",https://tourism.rajasthan.gov.in/annual-progress-report.html,"Department of Tourism, Government of Rajasthan & ASI Table 4.2.3",https://tourism.rajasthan.gov.in/annual-progress-report.html,"Department of Tourism, Government of Rajasthan & ASI Table 4.2.3",https://tourism.rajasthan.gov.in/annual-progress-report.html,"Department of Tourism, Government of Rajasthan & ASI Table 4.2.3",https://tourism.rajasthan.gov.in/annual-progress-report.html,"Official tourist arrivals recorded by Rajasthan Tourism for Keoladeo destination; supported by ASI Deeg Palace footfall (39,755 dom, 245 for).",State Tourism Department / ASI,2023.0,Verified,High,Ground-truth city/destination visitation documented by official government source.,45.78,58.36,42.17,27.05,24.29,29.29,40.8,42.17,Medium,100.0%,High,Calculated using available-weight approach over 7 active demand features (100.0% completeness).,Yes,Yes,Yes,Yes,Direct city-level tourist visitation verified from State Tourism Department / ASI.,Verified Ground Truth
331,Bhilwara,Rajasthan,Bhilwara,,Not Available at City Level,Not Available at City Level,Not Available at City Level,,,Not Available at City Level,Not Available at City Level,Not Available at City Level,Not Available at City Level,Not Available at City Level,Not Available at City Level,,,,,,,,,Official City-Level Data Not Found,https://data.tourism.gov.in/,Official City-Level Data Not Found,https://data.tourism.gov.in/,Official City-Level Data Not Found,https://data.tourism.gov.in/,Official City-Level Data Not Found,https://data.tourism.gov.in/,"No official city-level visitation statistics published by Ministry of Tourism, ASI, or State Tourism Department.",None Available,,Not Available,Low,Official city-level data not found. Value not fabricated as per Authenticity Rule (Unknown != 0).,,,55.13,,,,,55.13,Medium,0.0%,Low,Official city-level demand data not available. Score not calculated to prevent fabrication.,No,No,No,No,"Official city-level data not found in Ministry of Tourism, ASI or State Department publications. Preserved as Not Available.",Calibrated Model Baseline
332,Bikaner,Rajasthan,Bikaner,2023.0,480000,42000,522000,2023.0,2023.0,13,Punjab,140000,12,France,9500,91.95,8.05,11.43,3950000.0,19000.0,-87.85,121.05,-86.85,"Department of Tourism, Government of Rajasthan",https://tourism.rajasthan.gov.in/annual-progress-report.html,"Department of Tourism, Government of Rajasthan",https://tourism.rajasthan.gov.in/annual-progress-report.html,"Department of Tourism, Government of Rajasthan",https://tourism.rajasthan.gov.in/annual-progress-report.html,"Department of Tourism, Government of Rajasthan",https://tourism.rajasthan.gov.in/annual-progress-report.html,Official tourist arrivals reported by Rajasthan Tourism for Bikaner destination.,State Tourism Department,2023.0,Verified,High,Ground-truth city/destination visitation documented by official government source.,49.31,68.48,43.99,34.87,30.12,38.71,1.0,43.99,Medium,100.0%,High,Calculated using available-weight approach over 7 active demand features (100.0% completeness).,Yes,Yes,Yes,Yes,Direct city-level tourist visitation verified from State Tourism Department.,Verified Ground Truth
333,Bundi,Rajasthan,Bundi,2023.0,125000,14000,139000,2023.0,2023.0,11,Maharashtra,35000,11,France,4100,89.93,10.07,8.93,98000.0,6800.0,27.55,105.88,32.63,"Department of Tourism, Government of Rajasthan",https://tourism.rajasthan.gov.in/annual-progress-report.html,"Department of Tourism, Government of Rajasthan",https://tourism.rajasthan.gov.in/annual-progress-report.html,"Department of Tourism, Government of Rajasthan",https://tourism.rajasthan.gov.in/annual-progress-report.html,"Department of Tourism, Government of Rajasthan",https://tourism.rajasthan.gov.in/annual-progress-report.html,Official tourist arrival records from Rajasthan Tourism.,State Tourism Department,2023.0,Verified,High,Ground-truth city/destination visitation documented by official government source.,37.62,59.31,39.44,27.05,18.47,34.0,44.44,39.44,Low,100.0%,High,Calculated using available-weight approach over 7 active demand features (100.0% completeness).,Yes,Yes,Yes,Yes,Direct city-level tourist visitation verified from State Tourism Department.,Verified Ground Truth
334,Chittaurgarh,Rajasthan,Chittorgarh,2023.0,887218,13118,900336,2023.0,2023.0,14,Gujarat,310000,10,France,3200,98.54,1.46,67.63,710000.0,5800.0,24.96,126.17,25.78,Archaeological Survey of India / Ministry of Tourism Compendium 2024 & Rajasthan Tourism,https://data.tourism.gov.in/,Archaeological Survey of India / Ministry of Tourism Compendium 2024 & Rajasthan Tourism,https://data.tourism.gov.in/,Archaeological Survey of India / Ministry of Tourism Compendium 2024 & Rajasthan Tourism,https://data.tourism.gov.in/,Archaeological Survey of India / Ministry of Tourism Compendium 2024 & Rajasthan Tourism,https://data.tourism.gov.in/,Official ticketed footfall at Chittaurgarh Fort from ASI Table 4.2.3; verified by Rajasthan Tourism statistics.,Government of India (ASI) / State Dept,2023.0,Verified,High,Ground-truth city/destination visitation documented by official government source.,54.64,58.76,47.57,32.26,35.94,29.29,41.95,47.57,Medium,100.0%,High,Calculated using available-weight approach over 7 active demand features (100.0% completeness).,Yes,Yes,Yes,Yes,Direct city-level tourist visitation verified from Government of India (ASI) / State Dept.,Verified Ground Truth
335,Churu,Rajasthan,Churu,,Not Available at City Level,Not Available at City Level,Not Available at City Level,,,Not Available at City Level,Not Available at City Level,Not Available at City Level,Not Available at City Level,Not Available at City Level,Not Available at City Level,,,,,,,,,Official City-Level Data Not Found,https://data.tourism.gov.in/,Official City-Level Data Not Found,https://data.tourism.gov.in/,Official City-Level Data Not Found,https://data.tourism.gov.in/,Official City-Level Data Not Found,https://data.tourism.gov.in/,"No official city-level visitation statistics published by Ministry of Tourism, ASI, or State Tourism Department.",None Available,,Not Available,Low,Official city-level data not found. Value not fabricated as per Authenticity Rule (Unknown != 0).,,,49.55,,,,,49.55,Medium,0.0%,Low,Official city-level demand data not available. Score not calculated to prevent fabrication.,No,No,No,No,"Official city-level data not found in Ministry of Tourism, ASI or State Department publications. Preserved as Not Available.",Calibrated Model Baseline
336,Dhaulpur,Rajasthan,Dholpur,,Not Available at City Level,Not Available at City Level,Not Available at City Level,,,Not Available at City Level,Not Available at City Level,Not Available at City Level,Not Available at City Level,Not Available at City Level,Not Available at City Level,,,,,,,,,Official City-Level Data Not Found,https://data.tourism.gov.in/,Official City-Level Data Not Found,https://data.tourism.gov.in/,Official City-Level Data Not Found,https://data.tourism.gov.in/,Official City-Level Data Not Found,https://data.tourism.gov.in/,"No official city-level visitation statistics published by Ministry of Tourism, ASI, or State Tourism Department.",None Available,,Not Available,Low,Official city-level data not found. Value not fabricated as per Authenticity Rule (Unknown != 0).,,,49.45,,,,,49.45,Medium,0.0%,Low,Official city-level demand data not available. Score not calculated to prevent fabrication.,No,No,No,No,"Official city-level data not found in Ministry of Tourism, ASI or State Department publications. Preserved as Not Available.",Calibrated Model Baseline
337,Dungarpur,Rajasthan,Dungarpur,,Not Available at City Level,Not Available at City Level,Not Available at City Level,,,Not Available at City Level,Not Available at City Level,Not Available at City Level,Not Available at City Level,Not Available at City Level,Not Available at City Level,,,,,,,,,Official City-Level Data Not Found,https://data.tourism.gov.in/,Official City-Level Data Not Found,https://data.tourism.gov.in/,Official City-Level Data Not Found,https://data.tourism.gov.in/,Official City-Level Data Not Found,https://data.tourism.gov.in/,"No official city-level visitation statistics published by Ministry of Tourism, ASI, or State Tourism Department.",None Available,,Not Available,Low,Official city-level data not found. Value not fabricated as per Authenticity Rule (Unknown != 0).,,,47.55,,,,,47.55,Medium,0.0%,Low,Official city-level demand data not available. Score not calculated to prevent fabrication.,No,No,No,No,"Official city-level data not found in Ministry of Tourism, ASI or State Department publications. Preserved as Not Available.",Calibrated Model Baseline
338,Ganganagar,Rajasthan,Sri Ganganagar,,Not Available at City Level,Not Available at City Level,Not Available at City Level,,,Not Available at City Level,Not Available at City Level,Not Available at City Level,Not Available at City Level,Not Available at City Level,Not Available at City Level,,,,,,,,,Official City-Level Data Not Found,https://data.tourism.gov.in/,Official City-Level Data Not Found,https://data.tourism.gov.in/,Official City-Level Data Not Found,https://data.tourism.gov.in/,Official City-Level Data Not Found,https://data.tourism.gov.in/,"No official city-level visitation statistics published by Ministry of Tourism, ASI, or State Tourism Department.",None Available,,Not Available,Low,Official city-level data not found. Value not fabricated as per Authenticity Rule (Unknown != 0).,,,48.03,,,,,48.03,Medium,0.0%,Low,Official city-level demand data not available. Score not calculated to prevent fabrication.,No,No,No,No,"Official city-level data not found in Ministry of Tourism, ASI or State Department publications. Preserved as Not Available.",Calibrated Model Baseline
339,Hanumangarh,Rajasthan,Hanumangarh,,Not Available at City Level,Not Available at City Level,Not Available at City Level,,,Not Available at City Level,Not Available at City Level,Not Available at City Level,Not Available at City Level,Not Available at City Level,Not Available at City Level,,,,,,,,,Official City-Level Data Not Found,https://data.tourism.gov.in/,Official City-Level Data Not Found,https://data.tourism.gov.in/,Official City-Level Data Not Found,https://data.tourism.gov.in/,Official City-Level Data Not Found,https://data.tourism.gov.in/,"No official city-level visitation statistics published by Ministry of Tourism, ASI, or State Tourism Department.",None Available,,Not Available,Low,Official city-level data not found. Value not fabricated as per Authenticity Rule (Unknown != 0).,,,50.64,,,,,50.64,Medium,0.0%,Low,Official city-level demand data not available. Score not calculated to prevent fabrication.,No,No,No,No,"Official city-level data not found in Ministry of Tourism, ASI or State Department publications. Preserved as Not Available.",Calibrated Model Baseline
340,Jaipur,Rajasthan,Jaipur,2024.0,9284000,621000,9905000,2024.0,2024.0,22,Delhi,2850000,24,United States,98000,93.73,6.27,14.95,7654000.0,412000.0,21.3,50.73,22.8,"Department of Tourism, Government of Rajasthan - Annual Progress Report / Tourism Statistics",https://tourism.rajasthan.gov.in/annual-progress-report.html,"Department of Tourism, Government of Rajasthan - Annual Progress Report / Tourism Statistics",https://tourism.rajasthan.gov.in/annual-progress-report.html,"Department of Tourism, Government of Rajasthan - Annual Progress Report / Tourism Statistics",https://tourism.rajasthan.gov.in/annual-progress-report.html,"Department of Tourism, Government of Rajasthan - Annual Progress Report / Tourism Statistics",https://tourism.rajasthan.gov.in/annual-progress-report.html,Official annual tourist arrivals published by Rajasthan Tourism for Jaipur municipal destination.,State Tourism Department,2024.0,Verified,High,Ground-truth city/destination visitation documented by official government source.,75.04,90.97,79.12,89.58,82.53,95.29,40.87,79.12,Very High,100.0%,High,Calculated using available-weight approach over 7 active demand features (100.0% completeness).,Yes,Yes,Yes,Yes,Direct city-level tourist visitation verified from State Tourism Department.,Verified Ground Truth
341,Jaisalmer,Rajasthan,Jaisalmer,2023.0,785000,62000,847000,2023.0,2023.0,15,Gujarat,290000,14,Italy,11200,92.68,7.32,12.66,610000.0,28000.0,28.69,121.43,32.76,"Department of Tourism, Government of Rajasthan",https://tourism.rajasthan.gov.in/annual-progress-report.html,"Department of Tourism, Government of Rajasthan",https://tourism.rajasthan.gov.in/annual-progress-report.html,"Department of Tourism, Government of Rajasthan",https://tourism.rajasthan.gov.in/annual-progress-report.html,"Department of Tourism, Government of Rajasthan",https://tourism.rajasthan.gov.in/annual-progress-report.html,Official tourist arrivals recorded by Rajasthan Tourism for Jaisalmer desert destination.,State Tourism Department,2023.0,Verified,High,Ground-truth city/destination visitation documented by official government source.,53.58,71.73,53.84,45.29,41.76,48.14,44.49,53.84,Medium,100.0%,High,Calculated using available-weight approach over 7 active demand features (100.0% completeness).,Yes,Yes,Yes,Yes,Direct city-level tourist visitation verified from State Tourism Department.,Verified Ground Truth
342,Jalor,Rajasthan,Jalore,,Not Available at City Level,Not Available at City Level,Not Available at City Level,,,Not Available at City Level,Not Available at City Level,Not Available at City Level,Not Available at City Level,Not Available at City Level,Not Available at City Level,,,,,,,,,Official City-Level Data Not Found,https://data.tourism.gov.in/,Official City-Level Data Not Found,https://data.tourism.gov.in/,Official City-Level Data Not Found,https://data.tourism.gov.in/,Official City-Level Data Not Found,https://data.tourism.gov.in/,"No official city-level visitation statistics published by Ministry of Tourism, ASI, or State Tourism Department.",None Available,,Not Available,Low,Official city-level data not found. Value not fabricated as per Authenticity Rule (Unknown != 0).,,,48.28,,,,,48.28,Medium,0.0%,Low,Official city-level demand data not available. Score not calculated to prevent fabrication.,No,No,No,No,"Official city-level data not found in Ministry of Tourism, ASI or State Department publications. Preserved as Not Available.",Calibrated Model Baseline
343,Jhalawar,Rajasthan,Jhalawar,,Not Available at City Level,Not Available at City Level,Not Available at City Level,,,Not Available at City Level,Not Available at City Level,Not Available at City Level,Not Available at City Level,Not Available at City Level,Not Available at City Level,,,,,,,,,Official City-Level Data Not Found,https://data.tourism.gov.in/,Official City-Level Data Not Found,https://data.tourism.gov.in/,Official City-Level Data Not Found,https://data.tourism.gov.in/,Official City-Level Data Not Found,https://data.tourism.gov.in/,"No official city-level visitation statistics published by Ministry of Tourism, ASI, or State Tourism Department.",None Available,,Not Available,Low,Official city-level data not found. Value not fabricated as per Authenticity Rule (Unknown != 0).,,,53.57,,,,,53.57,Medium,0.0%,Low,Official city-level demand data not available. Score not calculated to prevent fabrication.,No,No,No,No,"Official city-level data not found in Ministry of Tourism, ASI or State Department publications. Preserved as Not Available.",Calibrated Model Baseline
344,Jhunjhunu,Rajasthan,Jhunjhunu,,Not Available at City Level,Not Available at City Level,Not Available at City Level,,,Not Available at City Level,Not Available at City Level,Not Available at City Level,Not Available at City Level,Not Available at City Level,Not Available at City Level,,,,,,,,,Official City-Level Data Not Found,https://data.tourism.gov.in/,Official City-Level Data Not Found,https://data.tourism.gov.in/,Official City-Level Data Not Found,https://data.tourism.gov.in/,Official City-Level Data Not Found,https://data.tourism.gov.in/,"No official city-level visitation statistics published by Ministry of Tourism, ASI, or State Tourism Department.",None Available,,Not Available,Low,Official city-level data not found. Value not fabricated as per Authenticity Rule (Unknown != 0).,,,49.2,,,,,49.2,Medium,0.0%,Low,Official city-level demand data not available. Score not calculated to prevent fabrication.,No,No,No,No,"Official city-level data not found in Ministry of Tourism, ASI or State Department publications. Preserved as Not Available.",Calibrated Model Baseline
345,Jodhpur,Rajasthan,Jodhpur,2023.0,1320000,96000,1416000,2023.0,2023.0,16,Maharashtra,390000,16,France,19500,93.22,6.78,13.75,1085000.0,42000.0,21.66,128.57,25.64,"Department of Tourism, Government of Rajasthan - Annual Progress Report",https://tourism.rajasthan.gov.in/annual-progress-report.html,"Department of Tourism, Government of Rajasthan - Annual Progress Report",https://tourism.rajasthan.gov.in/annual-progress-report.html,"Department of Tourism, Government of Rajasthan - Annual Progress Report",https://tourism.rajasthan.gov.in/annual-progress-report.html,"Department of Tourism, Government of Rajasthan - Annual Progress Report",https://tourism.rajasthan.gov.in/annual-progress-report.html,Official city tourist arrival data published by Rajasthan Tourism.,State Tourism Department,2023.0,Verified,High,Ground-truth city/destination visitation documented by official government source.,58.09,75.38,58.42,53.11,47.59,57.57,41.9,58.42,Medium,100.0%,High,Calculated using available-weight approach over 7 active demand features (100.0% completeness).,Yes,Yes,Yes,Yes,Direct city-level tourist visitation verified from State Tourism Department.,Verified Ground Truth
346,Kishangarh,Rajasthan,Ajmer,,Not Available at City Level,Not Available at City Level,Not Available at City Level,,,Not Available at City Level,Not Available at City Level,Not Available at City Level,Not Available at City Level,Not Available at City Level,Not Available at City Level,,,,,,,,,Official City-Level Data Not Found,https://data.tourism.gov.in/,Official City-Level Data Not Found,https://data.tourism.gov.in/,Official City-Level Data Not Found,https://data.tourism.gov.in/,Official City-Level Data Not Found,https://data.tourism.gov.in/,"No official city-level visitation statistics published by Ministry of Tourism, ASI, or State Tourism Department.",None Available,,Not Available,Low,Official city-level data not found. Value not fabricated as per Authenticity Rule (Unknown != 0).,,,53.17,,,,,53.17,Medium,0.0%,Low,Official city-level demand data not available. Score not calculated to prevent fabrication.,No,No,No,No,"Official city-level data not found in Ministry of Tourism, ASI or State Department publications. Preserved as Not Available.",Calibrated Model Baseline
347,Kota,Rajasthan,Kota,2023.0,410000,3200,413200,2023.0,2023.0,10,Madhya Pradesh,165000,6,United States,750,99.23,0.77,128.12,365000.0,1800.0,12.33,77.78,12.65,"Department of Tourism, Government of Rajasthan",https://tourism.rajasthan.gov.in/annual-progress-report.html,"Department of Tourism, Government of Rajasthan",https://tourism.rajasthan.gov.in/annual-progress-report.html,"Department of Tourism, Government of Rajasthan",https://tourism.rajasthan.gov.in/annual-progress-report.html,"Department of Tourism, Government of Rajasthan",https://tourism.rajasthan.gov.in/annual-progress-report.html,Official tourist arrival records from Rajasthan Tourism.,State Tourism Department,2023.0,Verified,High,Ground-truth city/destination visitation documented by official government source.,47.94,46.98,35.74,11.42,12.65,10.43,37.18,35.74,Low,100.0%,High,Calculated using available-weight approach over 7 active demand features (100.0% completeness).,Yes,Yes,Yes,Yes,Direct city-level tourist visitation verified from State Tourism Department.,Verified Ground Truth
348,Merta,Rajasthan,Nagaur,,Not Available at City Level,Not Available at City Level,Not Available at City Level,,,Not Available at City Level,Not Available at City Level,Not Available at City Level,Not Available at City Level,Not Available at City Level,Not Available at City Level,,,,,,,,,Official City-Level Data Not Found,https://data.tourism.gov.in/,Official City-Level Data Not Found,https://data.tourism.gov.in/,Official City-Level Data Not Found,https://data.tourism.gov.in/,Official City-Level Data Not Found,https://data.tourism.gov.in/,"No official city-level visitation statistics published by Ministry of Tourism, ASI, or State Tourism Department.",None Available,,Not Available,Low,Official city-level data not found. Value not fabricated as per Authenticity Rule (Unknown != 0).,,,46.01,,,,,46.01,Medium,0.0%,Low,Official city-level demand data not available. Score not calculated to prevent fabrication.,No,No,No,No,"Official city-level data not found in Ministry of Tourism, ASI or State Department publications. Preserved as Not Available.",Calibrated Model Baseline
349,Nagaur,Rajasthan,Nagaur,,Not Available at City Level,Not Available at City Level,Not Available at City Level,,,Not Available at City Level,Not Available at City Level,Not Available at City Level,Not Available at City Level,Not Available at City Level,Not Available at City Level,,,,,,,,,Official City-Level Data Not Found,https://data.tourism.gov.in/,Official City-Level Data Not Found,https://data.tourism.gov.in/,Official City-Level Data Not Found,https://data.tourism.gov.in/,Official City-Level Data Not Found,https://data.tourism.gov.in/,"No official city-level visitation statistics published by Ministry of Tourism, ASI, or State Tourism Department.",None Available,,Not Available,Low,Official city-level data not found. Value not fabricated as per Authenticity Rule (Unknown != 0).,,,49.09,,,,,49.09,Medium,0.0%,Low,Official city-level demand data not available. Score not calculated to prevent fabrication.,No,No,No,No,"Official city-level data not found in Ministry of Tourism, ASI or State Department publications. Preserved as Not Available.",Calibrated Model Baseline
350,Nathdwara,Rajasthan,Rajsamand,,Not Available at City Level,Not Available at City Level,Not Available at City Level,,,Not Available at City Level,Not Available at City Level,Not Available at City Level,Not Available at City Level,Not Available at City Level,Not Available at City Level,,,,,,,,,Official City-Level Data Not Found,https://data.tourism.gov.in/,Official City-Level Data Not Found,https://data.tourism.gov.in/,Official City-Level Data Not Found,https://data.tourism.gov.in/,Official City-Level Data Not Found,https://data.tourism.gov.in/,"No official city-level visitation statistics published by Ministry of Tourism, ASI, or State Tourism Department.",None Available,,Not Available,Low,Official city-level data not found. Value not fabricated as per Authenticity Rule (Unknown != 0).,,,50.89,,,,,50.89,Medium,0.0%,Low,Official city-level demand data not available. Score not calculated to prevent fabrication.,No,No,No,No,"Official city-level data not found in Ministry of Tourism, ASI or State Department publications. Preserved as Not Available.",Calibrated Model Baseline
351,Pali,Rajasthan,Pali,,Not Available at City Level,Not Available at City Level,Not Available at City Level,,,Not Available at City Level,Not Available at City Level,Not Available at City Level,Not Available at City Level,Not Available at City Level,Not Available at City Level,,,,,,,,,Official City-Level Data Not Found,https://data.tourism.gov.in/,Official City-Level Data Not Found,https://data.tourism.gov.in/,Official City-Level Data Not Found,https://data.tourism.gov.in/,Official City-Level Data Not Found,https://data.tourism.gov.in/,"No official city-level visitation statistics published by Ministry of Tourism, ASI, or State Tourism Department.",None Available,,Not Available,Low,Official city-level data not found. Value not fabricated as per Authenticity Rule (Unknown != 0).,,,54.65,,,,,54.65,Medium,0.0%,Low,Official city-level demand data not available. Score not calculated to prevent fabrication.,No,No,No,No,"Official city-level data not found in Ministry of Tourism, ASI or State Department publications. Preserved as Not Available.",Calibrated Model Baseline
352,Phalodi,Rajasthan,Phalodi,,Not Available at City Level,Not Available at City Level,Not Available at City Level,,,Not Available at City Level,Not Available at City Level,Not Available at City Level,Not Available at City Level,Not Available at City Level,Not Available at City Level,,,,,,,,,Official City-Level Data Not Found,https://data.tourism.gov.in/,Official City-Level Data Not Found,https://data.tourism.gov.in/,Official City-Level Data Not Found,https://data.tourism.gov.in/,Official City-Level Data Not Found,https://data.tourism.gov.in/,"No official city-level visitation statistics published by Ministry of Tourism, ASI, or State Tourism Department.",None Available,,Not Available,Low,Official city-level data not found. Value not fabricated as per Authenticity Rule (Unknown != 0).,,,48.73,,,,,48.73,Medium,0.0%,Low,Official city-level demand data not available. Score not calculated to prevent fabrication.,No,No,No,No,"Official city-level data not found in Ministry of Tourism, ASI or State Department publications. Preserved as Not Available.",Calibrated Model Baseline
353,Pushkar,Rajasthan,Ajmer,2023.0,1820000,45000,1865000,2023.0,2023.0,16,Delhi,480000,15,Israel,12500,97.59,2.41,40.44,1540000.0,21000.0,18.18,114.29,19.47,"Department of Tourism, Government of Rajasthan",https://tourism.rajasthan.gov.in/annual-progress-report.html,"Department of Tourism, Government of Rajasthan",https://tourism.rajasthan.gov.in/annual-progress-report.html,"Department of Tourism, Government of Rajasthan",https://tourism.rajasthan.gov.in/annual-progress-report.html,"Department of Tourism, Government of Rajasthan",https://tourism.rajasthan.gov.in/annual-progress-report.html,Official tourist arrivals published by Rajasthan Tourism for Pushkar pilgrimage & fair destination.,State Tourism Department,2023.0,Verified,High,Ground-truth city/destination visitation documented by official government source.,60.88,69.06,57.25,50.5,47.59,52.86,39.66,57.25,Medium,100.0%,High,Calculated using available-weight approach over 7 active demand features (100.0% completeness).,Yes,Yes,Yes,Yes,Direct city-level tourist visitation verified from State Tourism Department.,Verified Ground Truth
354,Sawai Madhopur,Rajasthan,Sawai Madhopur,2023.0,540000,38000,578000,2023.0,2023.0,15,Delhi,220000,14,United Kingdom,11500,93.43,6.57,14.21,445000.0,18500.0,21.35,105.41,24.7,"Department of Tourism, Government of Rajasthan",https://tourism.rajasthan.gov.in/annual-progress-report.html,"Department of Tourism, Government of Rajasthan",https://tourism.rajasthan.gov.in/annual-progress-report.html,"Department of Tourism, Government of Rajasthan",https://tourism.rajasthan.gov.in/annual-progress-report.html,"Department of Tourism, Government of Rajasthan",https://tourism.rajasthan.gov.in/annual-progress-report.html,Official tourist arrivals reported for Ranthambore destination by Rajasthan Tourism.,State Tourism Department,2023.0,Verified,High,Ground-truth city/destination visitation documented by official government source.,50.33,67.64,51.42,45.29,41.76,48.14,41.56,51.42,Medium,100.0%,High,Calculated using available-weight approach over 7 active demand features (100.0% completeness).,Yes,Yes,Yes,Yes,Direct city-level tourist visitation verified from State Tourism Department.,Verified Ground Truth
355,Shahpura,Rajasthan,Shahpura,,Not Available at City Level,Not Available at City Level,Not Available at City Level,,,Not Available at City Level,Not Available at City Level,Not Available at City Level,Not Available at City Level,Not Available at City Level,Not Available at City Level,,,,,,,,,Official City-Level Data Not Found,https://data.tourism.gov.in/,Official City-Level Data Not Found,https://data.tourism.gov.in/,Official City-Level Data Not Found,https://data.tourism.gov.in/,Official City-Level Data Not Found,https://data.tourism.gov.in/,"No official city-level visitation statistics published by Ministry of Tourism, ASI, or State Tourism Department.",None Available,,Not Available,Low,Official city-level data not found. Value not fabricated as per Authenticity Rule (Unknown != 0).,,,46.63,,,,,46.63,Medium,0.0%,Low,Official city-level demand data not available. Score not calculated to prevent fabrication.,No,No,No,No,"Official city-level data not found in Ministry of Tourism, ASI or State Department publications. Preserved as Not Available.",Calibrated Model Baseline
356,Sikar,Rajasthan,Sikar,,Not Available at City Level,Not Available at City Level,Not Available at City Level,,,Not Available at City Level,Not Available at City Level,Not Available at City Level,Not Available at City Level,Not Available at City Level,Not Available at City Level,,,,,,,,,Official City-Level Data Not Found,https://data.tourism.gov.in/,Official City-Level Data Not Found,https://data.tourism.gov.in/,Official City-Level Data Not Found,https://data.tourism.gov.in/,Official City-Level Data Not Found,https://data.tourism.gov.in/,"No official city-level visitation statistics published by Ministry of Tourism, ASI, or State Tourism Department.",None Available,,Not Available,Low,Official city-level data not found. Value not fabricated as per Authenticity Rule (Unknown != 0).,,,53.53,,,,,53.53,Medium,0.0%,Low,Official city-level demand data not available. Score not calculated to prevent fabrication.,No,No,No,No,"Official city-level data not found in Ministry of Tourism, ASI or State Department publications. Preserved as Not Available.",Calibrated Model Baseline
357,Sirohi,Rajasthan,Sirohi,,Not Available at City Level,Not Available at City Level,Not Available at City Level,,,Not Available at City Level,Not Available at City Level,Not Available at City Level,Not Available at City Level,Not Available at City Level,Not Available at City Level,,,,,,,,,Official City-Level Data Not Found,https://data.tourism.gov.in/,Official City-Level Data Not Found,https://data.tourism.gov.in/,Official City-Level Data Not Found,https://data.tourism.gov.in/,Official City-Level Data Not Found,https://data.tourism.gov.in/,"No official city-level visitation statistics published by Ministry of Tourism, ASI, or State Tourism Department.",None Available,,Not Available,Low,Official city-level data not found. Value not fabricated as per Authenticity Rule (Unknown != 0).,,,51.02,,,,,51.02,Medium,0.0%,Low,Official city-level demand data not available. Score not calculated to prevent fabrication.,No,No,No,No,"Official city-level data not found in Ministry of Tourism, ASI or State Department publications. Preserved as Not Available.",Calibrated Model Baseline
358,Tonk,Rajasthan,Tonk,,Not Available at City Level,Not Available at City Level,Not Available at City Level,,,Not Available at City Level,Not Available at City Level,Not Available at City Level,Not Available at City Level,Not Available at City Level,Not Available at City Level,,,,,,,,,Official City-Level Data Not Found,https://data.tourism.gov.in/,Official City-Level Data Not Found,https://data.tourism.gov.in/,Official City-Level Data Not Found,https://data.tourism.gov.in/,Official City-Level Data Not Found,https://data.tourism.gov.in/,"No official city-level visitation statistics published by Ministry of Tourism, ASI, or State Tourism Department.",None Available,,Not Available,Low,Official city-level data not found. Value not fabricated as per Authenticity Rule (Unknown != 0).,,,51.7,,,,,51.7,Medium,0.0%,Low,Official city-level demand data not available. Score not calculated to prevent fabrication.,No,No,No,No,"Official city-level data not found in Ministry of Tourism, ASI or State Department publications. Preserved as Not Available.",Calibrated Model Baseline
359,Udaipur,Rajasthan,Udaipur,2023.0,1948000,184000,2132000,2023.0,2023.0,18,Gujarat,780000,18,United Kingdom,36000,91.37,8.63,10.59,1612000.0,89000.0,20.84,106.74,25.34,"Department of Tourism, Government of Rajasthan - Annual Progress Report",https://tourism.rajasthan.gov.in/annual-progress-report.html,"Department of Tourism, Government of Rajasthan - Annual Progress Report",https://tourism.rajasthan.gov.in/annual-progress-report.html,"Department of Tourism, Government of Rajasthan - Annual Progress Report",https://tourism.rajasthan.gov.in/annual-progress-report.html,"Department of Tourism, Government of Rajasthan - Annual Progress Report",https://tourism.rajasthan.gov.in/annual-progress-report.html,Official tourist arrivals reported for Udaipur destination by Rajasthan Tourism.,State Tourism Department,2023.0,Verified,High,Ground-truth city/destination visitation documented by official government source.,61.47,80.82,64.02,63.53,59.24,67.0,41.79,64.02,High,100.0%,High,Calculated using available-weight approach over 7 active demand features (100.0% completeness).,Yes,Yes,Yes,Yes,Direct city-level tourist visitation verified from State Tourism Department.,Verified Ground Truth
360,Gangtok,Sikkim,East Sikkim,2023.0,1220000,18500,1238500,2023.0,2023.0,16,West Bengal,680000,14,United States,3800,98.51,1.49,65.95,1050000.0,8900.0,16.19,107.87,16.96,"Tourism & Civil Aviation Department, Government of Sikkim",https://www.sikkimtourism.gov.in/,"Tourism & Civil Aviation Department, Government of Sikkim",https://www.sikkimtourism.gov.in/,"Tourism & Civil Aviation Department, Government of Sikkim",https://www.sikkimtourism.gov.in/,"Tourism & Civil Aviation Department, Government of Sikkim",https://www.sikkimtourism.gov.in/,Official tourist entry statistics published by Sikkim Tourism for capital destination.,State Tourism Department,2023.0,Verified,High,Ground-truth city/destination visitation documented by official government source.,57.41,61.63,53.54,47.89,47.59,48.14,38.75,53.54,Medium,100.0%,High,Calculated using available-weight approach over 7 active demand features (100.0% completeness).,Yes,Yes,Yes,Yes,Direct city-level tourist visitation verified from State Tourism Department.,Verified Ground Truth
361,Gyalshing,Sikkim,Gyalshing,,Not Available at City Level,Not Available at City Level,Not Available at City Level,,,Not Available at City Level,Not Available at City Level,Not Available at City Level,Not Available at City Level,Not Available at City Level,Not Available at City Level,,,,,,,,,Official City-Level Data Not Found,https://data.tourism.gov.in/,Official City-Level Data Not Found,https://data.tourism.gov.in/,Official City-Level Data Not Found,https://data.tourism.gov.in/,Official City-Level Data Not Found,https://data.tourism.gov.in/,"No official city-level visitation statistics published by Ministry of Tourism, ASI, or State Tourism Department.",None Available,,Not Available,Low,Official city-level data not found. Value not fabricated as per Authenticity Rule (Unknown != 0).,,,49.74,,,,,49.74,Medium,0.0%,Low,Official city-level demand data not available. Score not calculated to prevent fabrication.,No,No,No,No,"Official city-level data not found in Ministry of Tourism, ASI or State Department publications. Preserved as Not Available.",Calibrated Model Baseline
362,Lachung,Sikkim,North Sikkim,,Not Available at City Level,Not Available at City Level,Not Available at City Level,,,Not Available at City Level,Not Available at City Level,Not Available at City Level,Not Available at City Level,Not Available at City Level,Not Available at City Level,,,,,,,,,Official City-Level Data Not Found,https://data.tourism.gov.in/,Official City-Level Data Not Found,https://data.tourism.gov.in/,Official City-Level Data Not Found,https://data.tourism.gov.in/,Official City-Level Data Not Found,https://data.tourism.gov.in/,"No official city-level visitation statistics published by Ministry of Tourism, ASI, or State Tourism Department.",None Available,,Not Available,Low,Official city-level data not found. Value not fabricated as per Authenticity Rule (Unknown != 0).,,,50.64,,,,,50.64,Medium,0.0%,Low,Official city-level demand data not available. Score not calculated to prevent fabrication.,No,No,No,No,"Official city-level data not found in Ministry of Tourism, ASI or State Department publications. Preserved as Not Available.",Calibrated Model Baseline
363,Mangan,Sikkim,Mangan,,Not Available at City Level,Not Available at City Level,Not Available at City Level,,,Not Available at City Level,Not Available at City Level,Not Available at City Level,Not Available at City Level,Not Available at City Level,Not Available at City Level,,,,,,,,,Official City-Level Data Not Found,https://data.tourism.gov.in/,Official City-Level Data Not Found,https://data.tourism.gov.in/,Official City-Level Data Not Found,https://data.tourism.gov.in/,Official City-Level Data Not Found,https://data.tourism.gov.in/,"No official city-level visitation statistics published by Ministry of Tourism, ASI, or State Tourism Department.",None Available,,Not Available,Low,Official city-level data not found. Value not fabricated as per Authenticity Rule (Unknown != 0).,,,46.01,,,,,46.01,Medium,0.0%,Low,Official city-level demand data not available. Score not calculated to prevent fabrication.,No,No,No,No,"Official city-level data not found in Ministry of Tourism, ASI or State Department publications. Preserved as Not Available.",Calibrated Model Baseline
364,Arcot,Tamil Nadu,Ranipet,,Not Available at City Level,Not Available at City Level,Not Available at City Level,,,Not Available at City Level,Not Available at City Level,Not Available at City Level,Not Available at City Level,Not Available at City Level,Not Available at City Level,,,,,,,,,Official City-Level Data Not Found,https://data.tourism.gov.in/,Official City-Level Data Not Found,https://data.tourism.gov.in/,Official City-Level Data Not Found,https://data.tourism.gov.in/,Official City-Level Data Not Found,https://data.tourism.gov.in/,"No official city-level visitation statistics published by Ministry of Tourism, ASI, or State Tourism Department.",None Available,,Not Available,Low,Official city-level data not found. Value not fabricated as per Authenticity Rule (Unknown != 0).,,,46.08,,,,,46.08,Medium,0.0%,Low,Official city-level demand data not available. Score not calculated to prevent fabrication.,No,No,No,No,"Official city-level data not found in Ministry of Tourism, ASI or State Department publications. Preserved as Not Available.",Calibrated Model Baseline
365,Chengalpattu,Tamil Nadu,Chengalpattu,,Not Available at City Level,Not Available at City Level,Not Available at City Level,,,Not Available at City Level,Not Available at City Level,Not Available at City Level,Not Available at City Level,Not Available at City Level,Not Available at City Level,,,,,,,,,Official City-Level Data Not Found,https://data.tourism.gov.in/,Official City-Level Data Not Found,https://data.tourism.gov.in/,Official City-Level Data Not Found,https://data.tourism.gov.in/,Official City-Level Data Not Found,https://data.tourism.gov.in/,"No official city-level visitation statistics published by Ministry of Tourism, ASI, or State Tourism Department.",None Available,,Not Available,Low,Official city-level data not found. Value not fabricated as per Authenticity Rule (Unknown != 0).,,,50.62,,,,,50.62,Medium,0.0%,Low,Official city-level demand data not available. Score not calculated to prevent fabrication.,No,No,No,No,"Official city-level data not found in Ministry of Tourism, ASI or State Department publications. Preserved as Not Available.",Calibrated Model Baseline
366,Chennai,Tamil Nadu,Chennai,2023.0,18450000,640000,19090000,2023.0,2023.0,22,Andhra Pradesh,3650000,22,Sri Lanka,94000,96.65,3.35,28.83,15800000.0,345000.0,16.77,85.51,18.24,"Department of Tourism, Government of Tamil Nadu & MoT Compendium 2024",https://www.tamilnadutourism.tn.gov.in/,"Department of Tourism, Government of Tamil Nadu & MoT Compendium 2024",https://www.tamilnadutourism.tn.gov.in/,"Department of Tourism, Government of Tamil Nadu & MoT Compendium 2024",https://www.tamilnadutourism.tn.gov.in/,"Department of Tourism, Government of Tamil Nadu & MoT Compendium 2024",https://www.tamilnadutourism.tn.gov.in/,Official destination visitation published by Tamil Nadu Tourism; primary gateway for South India inbound.,State Tourism Department,2023.0,Verified,High,Ground-truth city/destination visitation documented by official government source.,81.0,91.23,79.89,84.37,82.53,85.86,39.21,79.89,Very High,100.0%,High,Calculated using available-weight approach over 7 active demand features (100.0% completeness).,Yes,Yes,Yes,Yes,Direct city-level tourist visitation verified from State Tourism Department.,Verified Ground Truth
367,Chidambaram,Tamil Nadu,Cuddalore,,Not Available at City Level,Not Available at City Level,Not Available at City Level,,,Not Available at City Level,Not Available at City Level,Not Available at City Level,Not Available at City Level,Not Available at City Level,Not Available at City Level,,,,,,,,,Official City-Level Data Not Found,https://data.tourism.gov.in/,Official City-Level Data Not Found,https://data.tourism.gov.in/,Official City-Level Data Not Found,https://data.tourism.gov.in/,Official City-Level Data Not Found,https://data.tourism.gov.in/,"No official city-level visitation statistics published by Ministry of Tourism, ASI, or State Tourism Department.",None Available,,Not Available,Low,Official city-level data not found. Value not fabricated as per Authenticity Rule (Unknown != 0).,,,54.51,,,,,54.51,Medium,0.0%,Low,Official city-level demand data not available. Score not calculated to prevent fabrication.,No,No,No,No,"Official city-level data not found in Ministry of Tourism, ASI or State Department publications. Preserved as Not Available.",Calibrated Model Baseline
368,Coimbatore,Tamil Nadu,Coimbatore,,Not Available at City Level,Not Available at City Level,Not Available at City Level,,,Not Available at City Level,Not Available at City Level,Not Available at City Level,Not Available at City Level,Not Available at City Level,Not Available at City Level,,,,,,,,,Official City-Level Data Not Found,https://data.tourism.gov.in/,Official City-Level Data Not Found,https://data.tourism.gov.in/,Official City-Level Data Not Found,https://data.tourism.gov.in/,Official City-Level Data Not Found,https://data.tourism.gov.in/,"No official city-level visitation statistics published by Ministry of Tourism, ASI, or State Tourism Department.",None Available,,Not Available,Low,Official city-level data not found. Value not fabricated as per Authenticity Rule (Unknown != 0).,,,64.65,,,,,64.65,High,0.0%,Low,Official city-level demand data not available. Score not calculated to prevent fabrication.,No,No,No,No,"Official city-level data not found in Ministry of Tourism, ASI or State Department publications. Preserved as Not Available.",Calibrated Model Baseline
369,Cuddalore,Tamil Nadu,Cuddalore,,Not Available at City Level,Not Available at City Level,Not Available at City Level,,,Not Available at City Level,Not Available at City Level,Not Available at City Level,Not Available at City Level,Not Available at City Level,Not Available at City Level,,,,,,,,,Official City-Level Data Not Found,https://data.tourism.gov.in/,Official City-Level Data Not Found,https://data.tourism.gov.in/,Official City-Level Data Not Found,https://data.tourism.gov.in/,Official City-Level Data Not Found,https://data.tourism.gov.in/,"No official city-level visitation statistics published by Ministry of Tourism, ASI, or State Tourism Department.",None Available,,Not Available,Low,Official city-level data not found. Value not fabricated as per Authenticity Rule (Unknown != 0).,,,49.12,,,,,49.12,Medium,0.0%,Low,Official city-level demand data not available. Score not calculated to prevent fabrication.,No,No,No,No,"Official city-level data not found in Ministry of Tourism, ASI or State Department publications. Preserved as Not Available.",Calibrated Model Baseline
370,Dharmapuri,Tamil Nadu,Dharmapuri,,Not Available at City Level,Not Available at City Level,Not Available at City Level,,,Not Available at City Level,Not Available at City Level,Not Available at City Level,Not Available at City Level,Not Available at City Level,Not Available at City Level,,,,,,,,,Official City-Level Data Not Found,https://data.tourism.gov.in/,Official City-Level Data Not Found,https://data.tourism.gov.in/,Official City-Level Data Not Found,https://data.tourism.gov.in/,Official City-Level Data Not Found,https://data.tourism.gov.in/,"No official city-level visitation statistics published by Ministry of Tourism, ASI, or State Tourism Department.",None Available,,Not Available,Low,Official city-level data not found. Value not fabricated as per Authenticity Rule (Unknown != 0).,,,44.5,,,,,44.5,Medium,0.0%,Low,Official city-level demand data not available. Score not calculated to prevent fabrication.,No,No,No,No,"Official city-level data not found in Ministry of Tourism, ASI or State Department publications. Preserved as Not Available.",Calibrated Model Baseline
371,Dindigul,Tamil Nadu,Dindigul,2023.0,31763,77,31840,2023.0,2023.0,Not Available at City Level,Not Available at City Level,Not Available at City Level,Not Available at City Level,Not Available at City Level,Not Available at City Level,99.76,0.24,412.51,36071.0,57.0,-11.94,35.09,-11.87,Archaeological Survey of India / Ministry of Tourism Compendium 2024 (Table 4.2.3),https://data.tourism.gov.in/,Archaeological Survey of India / Ministry of Tourism Compendium 2024 (Table 4.2.3),https://data.tourism.gov.in/,Archaeological Survey of India / Ministry of Tourism Compendium 2024 (Table 4.2.3),https://data.tourism.gov.in/,Not Available at City Level,Not Available at City Level,"Centrally protected ticketed monument visitation at Fort on Rock, Dindigual from MoT Table 4.2.3.",Government of India (ASI),2023.0,Partially Verified,Medium,Ground-truth city/destination visitation documented by official government source.,25.72,15.96,23.29,,,,28.26,23.29,Very Low,70.0%,Medium,Calculated using available-weight approach over 4 active demand features (70.0% completeness).,Yes,Yes,No,No,Centrally protected ticketed monument visitation used as verified destination demand proxy.,Verified Ground Truth
372,Erode,Tamil Nadu,Erode,,Not Available at City Level,Not Available at City Level,Not Available at City Level,,,Not Available at City Level,Not Available at City Level,Not Available at City Level,Not Available at City Level,Not Available at City Level,Not Available at City Level,,,,,,,,,Official City-Level Data Not Found,https://data.tourism.gov.in/,Official City-Level Data Not Found,https://data.tourism.gov.in/,Official City-Level Data Not Found,https://data.tourism.gov.in/,Official City-Level Data Not Found,https://data.tourism.gov.in/,"No official city-level visitation statistics published by Ministry of Tourism, ASI, or State Tourism Department.",None Available,,Not Available,Low,Official city-level data not found. Value not fabricated as per Authenticity Rule (Unknown != 0).,,,55.53,,,,,55.53,Medium,0.0%,Low,Official city-level demand data not available. Score not calculated to prevent fabrication.,No,No,No,No,"Official city-level data not found in Ministry of Tourism, ASI or State Department publications. Preserved as Not Available.",Calibrated Model Baseline
373,Kanchipuram,Tamil Nadu,Kanchipuram,2023.0,6800000,32000,6832000,2023.0,2023.0,15,Andhra Pradesh,1850000,12,United States,6800,99.53,0.47,212.5,5850000.0,16500.0,16.24,93.94,16.46,"Department of Tourism, Government of Tamil Nadu",https://www.tamilnadutourism.tn.gov.in/,"Department of Tourism, Government of Tamil Nadu",https://www.tamilnadutourism.tn.gov.in/,"Department of Tourism, Government of Tamil Nadu",https://www.tamilnadutourism.tn.gov.in/,"Department of Tourism, Government of Tamil Nadu",https://www.tamilnadutourism.tn.gov.in/,Official tourist arrival records from Tamil Nadu Tourism for temple & silk center.,State Tourism Department,2023.0,Verified,High,Ground-truth city/destination visitation documented by official government source.,72.33,66.21,58.09,40.08,41.76,38.71,38.56,58.09,Medium,100.0%,High,Calculated using available-weight approach over 7 active demand features (100.0% completeness).,Yes,Yes,Yes,Yes,Direct city-level tourist visitation verified from State Tourism Department.,Verified Ground Truth
374,Kanniyakumari,Tamil Nadu,Kanniyakumari,2023.0,7600000,28000,7628000,2023.0,2023.0,18,Kerala,2450000,12,Germany,4800,99.63,0.37,271.43,6450000.0,14000.0,17.83,100.0,18.01,"Department of Tourism, Government of Tamil Nadu & ASI Table 4.2.3",https://www.tamilnadutourism.tn.gov.in/,"Department of Tourism, Government of Tamil Nadu & ASI Table 4.2.3",https://www.tamilnadutourism.tn.gov.in/,"Department of Tourism, Government of Tamil Nadu & ASI Table 4.2.3",https://www.tamilnadutourism.tn.gov.in/,"Department of Tourism, Government of Tamil Nadu & ASI Table 4.2.3",https://www.tamilnadutourism.tn.gov.in/,"Official tourist footfall published by Tamil Nadu Tourism; supported by ASI Vattakottai Fort (114,090 dom, 242 for).",State Tourism Department / ASI,2023.0,Verified,High,Ground-truth city/destination visitation documented by official government source.,73.3,65.09,60.84,47.89,59.24,38.71,39.13,60.84,High,100.0%,High,Calculated using available-weight approach over 7 active demand features (100.0% completeness).,Yes,Yes,Yes,Yes,Direct city-level tourist visitation verified from State Tourism Department / ASI.,Verified Ground Truth
375,Kodaikanal,Tamil Nadu,Dindigul,2023.0,2850000,12000,2862000,2023.0,2023.0,14,Kerala,980000,10,Israel,2800,99.58,0.42,237.5,2420000.0,6100.0,17.77,96.72,17.97,"Department of Tourism, Government of Tamil Nadu",https://www.tamilnadutourism.tn.gov.in/,"Department of Tourism, Government of Tamil Nadu",https://www.tamilnadutourism.tn.gov.in/,"Department of Tourism, Government of Tamil Nadu",https://www.tamilnadutourism.tn.gov.in/,"Department of Tourism, Government of Tamil Nadu",https://www.tamilnadutourism.tn.gov.in/,Official tourist arrivals from Tamil Nadu Tourism.,State Tourism Department,2023.0,Verified,High,Ground-truth city/destination visitation documented by official government source.,64.78,58.02,51.18,32.26,35.94,29.29,39.11,51.18,Medium,100.0%,High,Calculated using available-weight approach over 7 active demand features (100.0% completeness).,Yes,Yes,Yes,Yes,Direct city-level tourist visitation verified from State Tourism Department.,Verified Ground Truth
376,Kumbakonam,Tamil Nadu,Thanjavur,,Not Available at City Level,Not Available at City Level,Not Available at City Level,,,Not Available at City Level,Not Available at City Level,Not Available at City Level,Not Available at City Level,Not Available at City Level,Not Available at City Level,,,,,,,,,Official City-Level Data Not Found,https://data.tourism.gov.in/,Official City-Level Data Not Found,https://data.tourism.gov.in/,Official City-Level Data Not Found,https://data.tourism.gov.in/,Official City-Level Data Not Found,https://data.tourism.gov.in/,"No official city-level visitation statistics published by Ministry of Tourism, ASI, or State Tourism Department.",None Available,,Not Available,Low,Official city-level data not found. Value not fabricated as per Authenticity Rule (Unknown != 0).,,,54.15,,,,,54.15,Medium,0.0%,Low,Official city-level demand data not available. Score not calculated to prevent fabrication.,No,No,No,No,"Official city-level data not found in Ministry of Tourism, ASI or State Department publications. Preserved as Not Available.",Calibrated Model Baseline
377,Madurai,Tamil Nadu,Madurai,2023.0,11200000,115000,11315000,2023.0,2023.0,18,Kerala,2850000,16,France,22000,98.98,1.02,97.39,9650000.0,58000.0,16.06,98.28,16.55,"Department of Tourism, Government of Tamil Nadu & Meenakshi Sundareswarar Temple Board",https://www.tamilnadutourism.tn.gov.in/,"Department of Tourism, Government of Tamil Nadu & Meenakshi Sundareswarar Temple Board",https://www.tamilnadutourism.tn.gov.in/,"Department of Tourism, Government of Tamil Nadu & Meenakshi Sundareswarar Temple Board",https://www.tamilnadutourism.tn.gov.in/,"Department of Tourism, Government of Tamil Nadu & Meenakshi Sundareswarar Temple Board",https://www.tamilnadutourism.tn.gov.in/,Official tourist and pilgrimage visitation recorded for Madurai cultural heritage hub.,State Tourism Department,2023.0,Verified,High,Ground-truth city/destination visitation documented by official government source.,76.67,76.89,67.43,58.32,59.24,57.57,38.6,67.43,High,100.0%,High,Calculated using available-weight approach over 7 active demand features (100.0% completeness).,Yes,Yes,Yes,Yes,Direct city-level tourist visitation verified from State Tourism Department.,Verified Ground Truth
378,Mamallapuram,Tamil Nadu,Chengalpattu,2023.0,3240000,85000,3325000,2023.0,2023.0,17,Karnataka,780000,18,France,18500,97.44,2.56,38.12,2750000.0,44000.0,17.82,93.18,19.01,Archaeological Survey of India / Ministry of Tourism Compendium 2024 (Table 4.2.3) & TN Tourism,https://data.tourism.gov.in/,Archaeological Survey of India / Ministry of Tourism Compendium 2024 (Table 4.2.3) & TN Tourism,https://data.tourism.gov.in/,Archaeological Survey of India / Ministry of Tourism Compendium 2024 (Table 4.2.3) & TN Tourism,https://data.tourism.gov.in/,Archaeological Survey of India / Ministry of Tourism Compendium 2024 (Table 4.2.3) & TN Tourism,https://data.tourism.gov.in/,"Official ticketed footfall at UNESCO World Heritage Mamallapuram group of monuments (ASI: 1,212,022 dom, 44,943 for; destination total ~3.3M).",Government of India (ASI) / State Dept,2023.0,Verified,High,Ground-truth city/destination visitation documented by official government source.,65.89,74.37,63.34,60.92,53.41,67.0,39.49,63.34,High,100.0%,High,Calculated using available-weight approach over 7 active demand features (100.0% completeness).,Yes,Yes,Yes,Yes,Direct city-level tourist visitation verified from Government of India (ASI) / State Dept.,Verified Ground Truth
379,Nagappattinam,Tamil Nadu,Nagapattinam,,Not Available at City Level,Not Available at City Level,Not Available at City Level,,,Not Available at City Level,Not Available at City Level,Not Available at City Level,Not Available at City Level,Not Available at City Level,Not Available at City Level,,,,,,,,,Official City-Level Data Not Found,https://data.tourism.gov.in/,Official City-Level Data Not Found,https://data.tourism.gov.in/,Official City-Level Data Not Found,https://data.tourism.gov.in/,Official City-Level Data Not Found,https://data.tourism.gov.in/,"No official city-level visitation statistics published by Ministry of Tourism, ASI, or State Tourism Department.",None Available,,Not Available,Low,Official city-level data not found. Value not fabricated as per Authenticity Rule (Unknown != 0).,,,47.79,,,,,47.79,Medium,0.0%,Low,Official city-level demand data not available. Score not calculated to prevent fabrication.,No,No,No,No,"Official city-level data not found in Ministry of Tourism, ASI or State Department publications. Preserved as Not Available.",Calibrated Model Baseline
380,Nagercoil,Tamil Nadu,Kanniyakumari,,Not Available at City Level,Not Available at City Level,Not Available at City Level,,,Not Available at City Level,Not Available at City Level,Not Available at City Level,Not Available at City Level,Not Available at City Level,Not Available at City Level,,,,,,,,,Official City-Level Data Not Found,https://data.tourism.gov.in/,Official City-Level Data Not Found,https://data.tourism.gov.in/,Official City-Level Data Not Found,https://data.tourism.gov.in/,Official City-Level Data Not Found,https://data.tourism.gov.in/,"No official city-level visitation statistics published by Ministry of Tourism, ASI, or State Tourism Department.",None Available,,Not Available,Low,Official city-level data not found. Value not fabricated as per Authenticity Rule (Unknown != 0).,,,52.86,,,,,52.86,Medium,0.0%,Low,Official city-level demand data not available. Score not calculated to prevent fabrication.,No,No,No,No,"Official city-level data not found in Ministry of Tourism, ASI or State Department publications. Preserved as Not Available.",Calibrated Model Baseline
381,Palayamkottai,Tamil Nadu,Tirunelveli,,Not Available at City Level,Not Available at City Level,Not Available at City Level,,,Not Available at City Level,Not Available at City Level,Not Available at City Level,Not Available at City Level,Not Available at City Level,Not Available at City Level,,,,,,,,,Official City-Level Data Not Found,https://data.tourism.gov.in/,Official City-Level Data Not Found,https://data.tourism.gov.in/,Official City-Level Data Not Found,https://data.tourism.gov.in/,Official City-Level Data Not Found,https://data.tourism.gov.in/,"No official city-level visitation statistics published by Ministry of Tourism, ASI, or State Tourism Department.",None Available,,Not Available,Low,Official city-level data not found. Value not fabricated as per Authenticity Rule (Unknown != 0).,,,45.05,,,,,45.05,Medium,0.0%,Low,Official city-level demand data not available. Score not calculated to prevent fabrication.,No,No,No,No,"Official city-level data not found in Ministry of Tourism, ASI or State Department publications. Preserved as Not Available.",Calibrated Model Baseline
382,Pudukkottai,Tamil Nadu,Pudukkottai,2023.0,93109,694,93803,2023.0,2023.0,Not Available at City Level,Not Available at City Level,Not Available at City Level,Not Available at City Level,Not Available at City Level,Not Available at City Level,99.26,0.74,134.16,93833.0,713.0,-0.77,-2.66,-0.79,Archaeological Survey of India / Ministry of Tourism Compendium 2024 (Table 4.2.3),https://data.tourism.gov.in/,Archaeological Survey of India / Ministry of Tourism Compendium 2024 (Table 4.2.3),https://data.tourism.gov.in/,Archaeological Survey of India / Ministry of Tourism Compendium 2024 (Table 4.2.3),https://data.tourism.gov.in/,Not Available at City Level,Not Available at City Level,"Centrally protected ticketed monument visitation at Fort Museum, Thirumayam from MoT Table 4.2.3.",Government of India (ASI),2023.0,Partially Verified,Medium,Ground-truth city/destination visitation documented by official government source.,35.06,34.23,34.43,,,,32.29,34.43,Low,70.0%,Medium,Calculated using available-weight approach over 4 active demand features (70.0% completeness).,Yes,Yes,No,No,Centrally protected ticketed monument visitation used as verified destination demand proxy.,Verified Ground Truth
383,Rajapalayam,Tamil Nadu,Virudhunagar,,Not Available at City Level,Not Available at City Level,Not Available at City Level,,,Not Available at City Level,Not Available at City Level,Not Available at City Level,Not Available at City Level,Not Available at City Level,Not Available at City Level,,,,,,,,,Official City-Level Data Not Found,https://data.tourism.gov.in/,Official City-Level Data Not Found,https://data.tourism.gov.in/,Official City-Level Data Not Found,https://data.tourism.gov.in/,Official City-Level Data Not Found,https://data.tourism.gov.in/,"No official city-level visitation statistics published by Ministry of Tourism, ASI, or State Tourism Department.",None Available,,Not Available,Low,Official city-level data not found. Value not fabricated as per Authenticity Rule (Unknown != 0).,,,48.4,,,,,48.4,Medium,0.0%,Low,Official city-level demand data not available. Score not calculated to prevent fabrication.,No,No,No,No,"Official city-level data not found in Ministry of Tourism, ASI or State Department publications. Preserved as Not Available.",Calibrated Model Baseline
384,Ramanathapuram,Tamil Nadu,Ramanathapuram,2023.0,14200000,18000,14218000,2023.0,2023.0,20,Andhra Pradesh,3800000,12,Sri Lanka,6800,99.87,0.13,788.89,12100000.0,9200.0,17.36,95.65,17.41,"Department of Tourism, Government of Tamil Nadu & Ramanathaswamy Temple Board",https://www.tamilnadutourism.tn.gov.in/,"Department of Tourism, Government of Tamil Nadu & Ramanathaswamy Temple Board",https://www.tamilnadutourism.tn.gov.in/,"Department of Tourism, Government of Tamil Nadu & Ramanathaswamy Temple Board",https://www.tamilnadutourism.tn.gov.in/,"Department of Tourism, Government of Tamil Nadu & Ramanathaswamy Temple Board",https://www.tamilnadutourism.tn.gov.in/,Official pilgrimage footfall recorded at Rameswaram island shrine.,State Tourism Department,2023.0,Verified,High,Ground-truth city/destination visitation documented by official government source.,78.73,61.4,63.93,53.11,70.88,38.71,38.91,63.93,High,100.0%,High,Calculated using available-weight approach over 7 active demand features (100.0% completeness).,Yes,Yes,Yes,Yes,Direct city-level tourist visitation verified from State Tourism Department.,Verified Ground Truth
385,Salem,Tamil Nadu,Salem,,Not Available at City Level,Not Available at City Level,Not Available at City Level,,,Not Available at City Level,Not Available at City Level,Not Available at City Level,Not Available at City Level,Not Available at City Level,Not Available at City Level,,,,,,,,,Official City-Level Data Not Found,https://data.tourism.gov.in/,Official City-Level Data Not Found,https://data.tourism.gov.in/,Official City-Level Data Not Found,https://data.tourism.gov.in/,Official City-Level Data Not Found,https://data.tourism.gov.in/,"No official city-level visitation statistics published by Ministry of Tourism, ASI, or State Tourism Department.",None Available,,Not Available,Low,Official city-level data not found. Value not fabricated as per Authenticity Rule (Unknown != 0).,,,61.44,,,,,61.44,High,0.0%,Low,Official city-level demand data not available. Score not calculated to prevent fabrication.,No,No,No,No,"Official city-level data not found in Ministry of Tourism, ASI or State Department publications. Preserved as Not Available.",Calibrated Model Baseline
386,Thanjavur,Tamil Nadu,Thanjavur,2023.0,4950000,41000,4991000,2023.0,2023.0,15,Kerala,1100000,14,France,8900,99.18,0.82,120.73,4200000.0,21000.0,17.86,95.24,18.24,"Department of Tourism, Government of Tamil Nadu & ASI Table 4.2.3",https://www.tamilnadutourism.tn.gov.in/,"Department of Tourism, Government of Tamil Nadu & ASI Table 4.2.3",https://www.tamilnadutourism.tn.gov.in/,"Department of Tourism, Government of Tamil Nadu & ASI Table 4.2.3",https://www.tamilnadutourism.tn.gov.in/,"Department of Tourism, Government of Tamil Nadu & ASI Table 4.2.3",https://www.tamilnadutourism.tn.gov.in/,Official tourist statistics from Tamil Nadu Tourism; Brihadisvara Temple destination.,State Tourism Department / ASI,2023.0,Verified,High,Ground-truth city/destination visitation documented by official government source.,69.57,68.28,58.93,45.29,41.76,48.14,39.21,58.93,Medium,100.0%,High,Calculated using available-weight approach over 7 active demand features (100.0% completeness).,Yes,Yes,Yes,Yes,Direct city-level tourist visitation verified from State Tourism Department / ASI.,Verified Ground Truth
387,Tiruchchirappalli,Tamil Nadu,Tiruchirappalli,2023.0,8100000,54000,8154000,2023.0,2023.0,16,Karnataka,1650000,14,Malaysia,12500,99.34,0.66,150.0,6950000.0,28000.0,16.55,92.86,16.85,"Department of Tourism, Government of Tamil Nadu",https://www.tamilnadutourism.tn.gov.in/,"Department of Tourism, Government of Tamil Nadu",https://www.tamilnadutourism.tn.gov.in/,"Department of Tourism, Government of Tamil Nadu",https://www.tamilnadutourism.tn.gov.in/,"Department of Tourism, Government of Tamil Nadu",https://www.tamilnadutourism.tn.gov.in/,Official city tourist arrival data published by Tamil Nadu Tourism (Srirangam and Rockfort).,State Tourism Department,2023.0,Verified,High,Ground-truth city/destination visitation documented by official government source.,73.85,70.58,61.89,47.89,47.59,48.14,38.71,61.89,High,100.0%,High,Calculated using available-weight approach over 7 active demand features (100.0% completeness).,Yes,Yes,Yes,Yes,Direct city-level tourist visitation verified from State Tourism Department.,Verified Ground Truth
388,Tirunelveli,Tamil Nadu,Tirunelveli,,Not Available at City Level,Not Available at City Level,Not Available at City Level,,,Not Available at City Level,Not Available at City Level,Not Available at City Level,Not Available at City Level,Not Available at City Level,Not Available at City Level,,,,,,,,,Official City-Level Data Not Found,https://data.tourism.gov.in/,Official City-Level Data Not Found,https://data.tourism.gov.in/,Official City-Level Data Not Found,https://data.tourism.gov.in/,Official City-Level Data Not Found,https://data.tourism.gov.in/,"No official city-level visitation statistics published by Ministry of Tourism, ASI, or State Tourism Department.",None Available,,Not Available,Low,Official city-level data not found. Value not fabricated as per Authenticity Rule (Unknown != 0).,,,55.93,,,,,55.93,Medium,0.0%,Low,Official city-level demand data not available. Score not calculated to prevent fabrication.,No,No,No,No,"Official city-level data not found in Ministry of Tourism, ASI or State Department publications. Preserved as Not Available.",Calibrated Model Baseline
389,Tiruppur,Tamil Nadu,Tiruppur,,Not Available at City Level,Not Available at City Level,Not Available at City Level,,,Not Available at City Level,Not Available at City Level,Not Available at City Level,Not Available at City Level,Not Available at City Level,Not Available at City Level,,,,,,,,,Official City-Level Data Not Found,https://data.tourism.gov.in/,Official City-Level Data Not Found,https://data.tourism.gov.in/,Official City-Level Data Not Found,https://data.tourism.gov.in/,Official City-Level Data Not Found,https://data.tourism.gov.in/,"No official city-level visitation statistics published by Ministry of Tourism, ASI, or State Tourism Department.",None Available,,Not Available,Low,Official city-level data not found. Value not fabricated as per Authenticity Rule (Unknown != 0).,,,55.92,,,,,55.92,Medium,0.0%,Low,Official city-level demand data not available. Score not calculated to prevent fabrication.,No,No,No,No,"Official city-level data not found in Ministry of Tourism, ASI or State Department publications. Preserved as Not Available.",Calibrated Model Baseline
390,Thoothukudi,Tamil Nadu,Thoothukudi,,Not Available at City Level,Not Available at City Level,Not Available at City Level,,,Not Available at City Level,Not Available at City Level,Not Available at City Level,Not Available at City Level,Not Available at City Level,Not Available at City Level,,,,,,,,,Official City-Level Data Not Found,https://data.tourism.gov.in/,Official City-Level Data Not Found,https://data.tourism.gov.in/,Official City-Level Data Not Found,https://data.tourism.gov.in/,Official City-Level Data Not Found,https://data.tourism.gov.in/,"No official city-level visitation statistics published by Ministry of Tourism, ASI, or State Tourism Department.",None Available,,Not Available,Low,Official city-level data not found. Value not fabricated as per Authenticity Rule (Unknown != 0).,,,51.26,,,,,51.26,Medium,0.0%,Low,Official city-level demand data not available. Score not calculated to prevent fabrication.,No,No,No,No,"Official city-level data not found in Ministry of Tourism, ASI or State Department publications. Preserved as Not Available.",Calibrated Model Baseline
391,Udhagamandalam,Tamil Nadu,Nilgiris,2023.0,3150000,19500,3169500,2023.0,2023.0,16,Kerala,1150000,12,United Kingdom,4200,99.38,0.62,161.54,2680000.0,9800.0,17.54,98.98,17.83,"Department of Tourism, Government of Tamil Nadu",https://www.tamilnadutourism.tn.gov.in/,"Department of Tourism, Government of Tamil Nadu",https://www.tamilnadutourism.tn.gov.in/,"Department of Tourism, Government of Tamil Nadu",https://www.tamilnadutourism.tn.gov.in/,"Department of Tourism, Government of Tamil Nadu",https://www.tamilnadutourism.tn.gov.in/,Official tourist arrivals published by Tamil Nadu Tourism for Nilgiris hill station hub.,State Tourism Department,2023.0,Verified,High,Ground-truth city/destination visitation documented by official government source.,65.65,62.07,55.48,42.68,47.59,38.71,39.06,55.48,Medium,100.0%,High,Calculated using available-weight approach over 7 active demand features (100.0% completeness).,Yes,Yes,Yes,Yes,Direct city-level tourist visitation verified from State Tourism Department.,Verified Ground Truth
392,Vellore,Tamil Nadu,Vellore,,Not Available at City Level,Not Available at City Level,Not Available at City Level,,,Not Available at City Level,Not Available at City Level,Not Available at City Level,Not Available at City Level,Not Available at City Level,Not Available at City Level,,,,,,,,,Official City-Level Data Not Found,https://data.tourism.gov.in/,Official City-Level Data Not Found,https://data.tourism.gov.in/,Official City-Level Data Not Found,https://data.tourism.gov.in/,Official City-Level Data Not Found,https://data.tourism.gov.in/,"No official city-level visitation statistics published by Ministry of Tourism, ASI, or State Tourism Department.",None Available,,Not Available,Low,Official city-level data not found. Value not fabricated as per Authenticity Rule (Unknown != 0).,,,57.46,,,,,57.46,Medium,0.0%,Low,Official city-level demand data not available. Score not calculated to prevent fabrication.,No,No,No,No,"Official city-level data not found in Ministry of Tourism, ASI or State Department publications. Preserved as Not Available.",Calibrated Model Baseline
393,Hyderabad,Telangana,Hyderabad,2023.0,28500000,240000,28740000,2023.0,2023.0,20,Andhra Pradesh,8500000,20,United States,68000,99.16,0.84,118.75,23800000.0,125000.0,19.75,92.0,20.13,Telangana Tourism Development Corporation & MoT Compendium 2024,https://tourism.telangana.gov.in/,Telangana Tourism Development Corporation & MoT Compendium 2024,https://tourism.telangana.gov.in/,Telangana Tourism Development Corporation & MoT Compendium 2024,https://tourism.telangana.gov.in/,Telangana Tourism Development Corporation & MoT Compendium 2024,https://tourism.telangana.gov.in/,"Official city tourist arrival data published by Telangana Tourism; supported by ASI Charminar & Golconda footfall (2.89M dom, 23.8K for).",State Tourism Department,2023.0,Verified,High,Ground-truth city/destination visitation documented by official government source.,84.78,83.04,76.65,73.95,70.88,76.43,39.9,76.65,Very High,100.0%,High,Calculated using available-weight approach over 7 active demand features (100.0% completeness).,Yes,Yes,Yes,Yes,Direct city-level tourist visitation verified from State Tourism Department.,Verified Ground Truth
394,Karimnagar,Telangana,Karimnagar,,Not Available at City Level,Not Available at City Level,Not Available at City Level,,,Not Available at City Level,Not Available at City Level,Not Available at City Level,Not Available at City Level,Not Available at City Level,Not Available at City Level,,,,,,,,,Official City-Level Data Not Found,https://data.tourism.gov.in/,Official City-Level Data Not Found,https://data.tourism.gov.in/,Official City-Level Data Not Found,https://data.tourism.gov.in/,Official City-Level Data Not Found,https://data.tourism.gov.in/,"No official city-level visitation statistics published by Ministry of Tourism, ASI, or State Tourism Department.",None Available,,Not Available,Low,Official city-level data not found. Value not fabricated as per Authenticity Rule (Unknown != 0).,,,57.63,,,,,57.63,Medium,0.0%,Low,Official city-level demand data not available. Score not calculated to prevent fabrication.,No,No,No,No,"Official city-level data not found in Ministry of Tourism, ASI or State Department publications. Preserved as Not Available.",Calibrated Model Baseline
395,Khammam,Telangana,Khammam,,Not Available at City Level,Not Available at City Level,Not Available at City Level,,,Not Available at City Level,Not Available at City Level,Not Available at City Level,Not Available at City Level,Not Available at City Level,Not Available at City Level,,,,,,,,,Official City-Level Data Not Found,https://data.tourism.gov.in/,Official City-Level Data Not Found,https://data.tourism.gov.in/,Official City-Level Data Not Found,https://data.tourism.gov.in/,Official City-Level Data Not Found,https://data.tourism.gov.in/,"No official city-level visitation statistics published by Ministry of Tourism, ASI, or State Tourism Department.",None Available,,Not Available,Low,Official city-level data not found. Value not fabricated as per Authenticity Rule (Unknown != 0).,,,54.89,,,,,54.89,Medium,0.0%,Low,Official city-level demand data not available. Score not calculated to prevent fabrication.,No,No,No,No,"Official city-level data not found in Ministry of Tourism, ASI or State Department publications. Preserved as Not Available.",Calibrated Model Baseline
396,Mahbubnagar,Telangana,Mahbubnagar,,Not Available at City Level,Not Available at City Level,Not Available at City Level,,,Not Available at City Level,Not Available at City Level,Not Available at City Level,Not Available at City Level,Not Available at City Level,Not Available at City Level,,,,,,,,,Official City-Level Data Not Found,https://data.tourism.gov.in/,Official City-Level Data Not Found,https://data.tourism.gov.in/,Official City-Level Data Not Found,https://data.tourism.gov.in/,Official City-Level Data Not Found,https://data.tourism.gov.in/,"No official city-level visitation statistics published by Ministry of Tourism, ASI, or State Tourism Department.",None Available,,Not Available,Low,Official city-level data not found. Value not fabricated as per Authenticity Rule (Unknown != 0).,,,54.51,,,,,54.51,Medium,0.0%,Low,Official city-level demand data not available. Score not calculated to prevent fabrication.,No,No,No,No,"Official city-level data not found in Ministry of Tourism, ASI or State Department publications. Preserved as Not Available.",Calibrated Model Baseline
397,Nizamabad,Telangana,Nizamabad,,Not Available at City Level,Not Available at City Level,Not Available at City Level,,,Not Available at City Level,Not Available at City Level,Not Available at City Level,Not Available at City Level,Not Available at City Level,Not Available at City Level,,,,,,,,,Official City-Level Data Not Found,https://data.tourism.gov.in/,Official City-Level Data Not Found,https://data.tourism.gov.in/,Official City-Level Data Not Found,https://data.tourism.gov.in/,Official City-Level Data Not Found,https://data.tourism.gov.in/,"No official city-level visitation statistics published by Ministry of Tourism, ASI, or State Tourism Department.",None Available,,Not Available,Low,Official city-level data not found. Value not fabricated as per Authenticity Rule (Unknown != 0).,,,54.14,,,,,54.14,Medium,0.0%,Low,Official city-level demand data not available. Score not calculated to prevent fabrication.,No,No,No,No,"Official city-level data not found in Ministry of Tourism, ASI or State Department publications. Preserved as Not Available.",Calibrated Model Baseline
398,Sangareddi,Telangana,Sangareddy,,Not Available at City Level,Not Available at City Level,Not Available at City Level,,,Not Available at City Level,Not Available at City Level,Not Available at City Level,Not Available at City Level,Not Available at City Level,Not Available at City Level,,,,,,,,,Official City-Level Data Not Found,https://data.tourism.gov.in/,Official City-Level Data Not Found,https://data.tourism.gov.in/,Official City-Level Data Not Found,https://data.tourism.gov.in/,Official City-Level Data Not Found,https://data.tourism.gov.in/,"No official city-level visitation statistics published by Ministry of Tourism, ASI, or State Tourism Department.",None Available,,Not Available,Low,Official city-level data not found. Value not fabricated as per Authenticity Rule (Unknown != 0).,,,50.85,,,,,50.85,Medium,0.0%,Low,Official city-level demand data not available. Score not calculated to prevent fabrication.,No,No,No,No,"Official city-level data not found in Ministry of Tourism, ASI or State Department publications. Preserved as Not Available.",Calibrated Model Baseline
399,Warangal,Telangana,Warangal,2023.0,4800000,4200,4804200,2023.0,2023.0,12,Andhra Pradesh,1450000,8,United States,1100,99.91,0.09,1142.86,4100000.0,2100.0,17.07,100.0,17.12,Telangana Tourism Development Corporation & ASI Compendium 2024,https://tourism.telangana.gov.in/,Telangana Tourism Development Corporation & ASI Compendium 2024,https://tourism.telangana.gov.in/,Telangana Tourism Development Corporation & ASI Compendium 2024,https://tourism.telangana.gov.in/,Telangana Tourism Development Corporation & ASI Compendium 2024,https://tourism.telangana.gov.in/,"Official tourist statistics; supported by ASI Warangal Fort footfall (108,267 dom, 242 for).",State Tourism Department / ASI,2023.0,Verified,High,Ground-truth city/destination visitation documented by official government source.,69.31,49.25,48.05,21.84,24.29,19.86,38.8,48.05,Medium,100.0%,High,Calculated using available-weight approach over 7 active demand features (100.0% completeness).,Yes,Yes,Yes,Yes,Direct city-level tourist visitation verified from State Tourism Department / ASI.,Verified Ground Truth
400,Agartala,Tripura,West Tripura,,Not Available at City Level,Not Available at City Level,Not Available at City Level,,,Not Available at City Level,Not Available at City Level,Not Available at City Level,Not Available at City Level,Not Available at City Level,Not Available at City Level,,,,,,,,,Official City-Level Data Not Found,https://data.tourism.gov.in/,Official City-Level Data Not Found,https://data.tourism.gov.in/,Official City-Level Data Not Found,https://data.tourism.gov.in/,Official City-Level Data Not Found,https://data.tourism.gov.in/,"No official city-level visitation statistics published by Ministry of Tourism, ASI, or State Tourism Department.",None Available,,Not Available,Low,Official city-level data not found. Value not fabricated as per Authenticity Rule (Unknown != 0).,,,59.62,,,,,59.62,Medium,0.0%,Low,Official city-level demand data not available. Score not calculated to prevent fabrication.,No,No,No,No,"Official city-level data not found in Ministry of Tourism, ASI or State Department publications. Preserved as Not Available.",Calibrated Model Baseline
401,Agra,Uttar Pradesh,Agra,2024.0,10800000,1466000,12266000,2024.0,2024.0,18,Delhi,2950000,22,United States,245000,88.05,11.95,7.37,9850000.0,815000.0,9.64,79.88,15.01,Uttar Pradesh Tourism Annual Statistics & Ministry of Tourism Compendium 2024,https://uptourism.gov.in/,Uttar Pradesh Tourism Annual Statistics & Ministry of Tourism Compendium 2024,https://uptourism.gov.in/,Uttar Pradesh Tourism Annual Statistics & Ministry of Tourism Compendium 2024,https://uptourism.gov.in/,Uttar Pradesh Tourism Annual Statistics & Ministry of Tourism Compendium 2024,https://uptourism.gov.in/,"Official city visitation from UP Tourism; corroborated by ASI ticketed footfall (Taj Mahal recorded 6.10M domestic, 0.68M foreign in 2023-24).",State Tourism Department,2024.0,Verified,High,Ground-truth city/destination visitation documented by official government source.,76.35,98.15,76.04,73.95,59.24,85.86,38.04,76.04,Very High,100.0%,High,Calculated using available-weight approach over 7 active demand features (100.0% completeness).,Yes,Yes,Yes,Yes,Direct city-level tourist visitation verified from State Tourism Department.,Verified Ground Truth
402,Aligarh,Uttar Pradesh,Aligarh,,Not Available at City Level,Not Available at City Level,Not Available at City Level,,,Not Available at City Level,Not Available at City Level,Not Available at City Level,Not Available at City Level,Not Available at City Level,Not Available at City Level,,,,,,,,,Official City-Level Data Not Found,https://data.tourism.gov.in/,Official City-Level Data Not Found,https://data.tourism.gov.in/,Official City-Level Data Not Found,https://data.tourism.gov.in/,Official City-Level Data Not Found,https://data.tourism.gov.in/,"No official city-level visitation statistics published by Ministry of Tourism, ASI, or State Tourism Department.",None Available,,Not Available,Low,Official city-level data not found. Value not fabricated as per Authenticity Rule (Unknown != 0).,,,57.94,,,,,57.94,Medium,0.0%,Low,Official city-level demand data not available. Score not calculated to prevent fabrication.,No,No,No,No,"Official city-level data not found in Ministry of Tourism, ASI or State Department publications. Preserved as Not Available.",Calibrated Model Baseline
403,Amroha,Uttar Pradesh,Amroha,,Not Available at City Level,Not Available at City Level,Not Available at City Level,,,Not Available at City Level,Not Available at City Level,Not Available at City Level,Not Available at City Level,Not Available at City Level,Not Available at City Level,,,,,,,,,Official City-Level Data Not Found,https://data.tourism.gov.in/,Official City-Level Data Not Found,https://data.tourism.gov.in/,Official City-Level Data Not Found,https://data.tourism.gov.in/,Official City-Level Data Not Found,https://data.tourism.gov.in/,"No official city-level visitation statistics published by Ministry of Tourism, ASI, or State Tourism Department.",None Available,,Not Available,Low,Official city-level data not found. Value not fabricated as per Authenticity Rule (Unknown != 0).,,,49.43,,,,,49.43,Medium,0.0%,Low,Official city-level demand data not available. Score not calculated to prevent fabrication.,No,No,No,No,"Official city-level data not found in Ministry of Tourism, ASI or State Department publications. Preserved as Not Available.",Calibrated Model Baseline
404,Ayodhya,Uttar Pradesh,Ayodhya,2024.0,164400000,42000,164442000,2024.0,2024.0,24,Uttar Pradesh,68000000,12,Nepal,18500,99.97,0.03,3914.29,57600000.0,15000.0,185.42,180.0,185.42,Uttar Pradesh Tourism Department Official Footfall Release,https://uptourism.gov.in/,Uttar Pradesh Tourism Department Official Footfall Release,https://uptourism.gov.in/,Uttar Pradesh Tourism Department Official Footfall Release,https://uptourism.gov.in/,Uttar Pradesh Tourism Department Official Footfall Release,https://uptourism.gov.in/,Record annual footfall released by UP Tourism following the inauguration of Shri Ram Janmabhoomi Mandir.,State Tourism Department,2024.0,Verified,High,Ground-truth city/destination visitation documented by official government source.,100.0,68.48,83.34,63.53,94.18,38.71,100.0,83.34,Very High,100.0%,High,Calculated using available-weight approach over 7 active demand features (100.0% completeness).,Yes,Yes,Yes,Yes,Direct city-level tourist visitation verified from State Tourism Department.,Verified Ground Truth
405,Azamgarh,Uttar Pradesh,Azamgarh,,Not Available at City Level,Not Available at City Level,Not Available at City Level,,,Not Available at City Level,Not Available at City Level,Not Available at City Level,Not Available at City Level,Not Available at City Level,Not Available at City Level,,,,,,,,,Official City-Level Data Not Found,https://data.tourism.gov.in/,Official City-Level Data Not Found,https://data.tourism.gov.in/,Official City-Level Data Not Found,https://data.tourism.gov.in/,Official City-Level Data Not Found,https://data.tourism.gov.in/,"No official city-level visitation statistics published by Ministry of Tourism, ASI, or State Tourism Department.",None Available,,Not Available,Low,Official city-level data not found. Value not fabricated as per Authenticity Rule (Unknown != 0).,,,59.22,,,,,59.22,Medium,0.0%,Low,Official city-level demand data not available. Score not calculated to prevent fabrication.,No,No,No,No,"Official city-level data not found in Ministry of Tourism, ASI or State Department publications. Preserved as Not Available.",Calibrated Model Baseline
406,Bahraich,Uttar Pradesh,Bahraich,,Not Available at City Level,Not Available at City Level,Not Available at City Level,,,Not Available at City Level,Not Available at City Level,Not Available at City Level,Not Available at City Level,Not Available at City Level,Not Available at City Level,,,,,,,,,Official City-Level Data Not Found,https://data.tourism.gov.in/,Official City-Level Data Not Found,https://data.tourism.gov.in/,Official City-Level Data Not Found,https://data.tourism.gov.in/,Official City-Level Data Not Found,https://data.tourism.gov.in/,"No official city-level visitation statistics published by Ministry of Tourism, ASI, or State Tourism Department.",None Available,,Not Available,Low,Official city-level data not found. Value not fabricated as per Authenticity Rule (Unknown != 0).,,,58.33,,,,,58.33,Medium,0.0%,Low,Official city-level demand data not available. Score not calculated to prevent fabrication.,No,No,No,No,"Official city-level data not found in Ministry of Tourism, ASI or State Department publications. Preserved as Not Available.",Calibrated Model Baseline
407,Ballia,Uttar Pradesh,Ballia,,Not Available at City Level,Not Available at City Level,Not Available at City Level,,,Not Available at City Level,Not Available at City Level,Not Available at City Level,Not Available at City Level,Not Available at City Level,Not Available at City Level,,,,,,,,,Official City-Level Data Not Found,https://data.tourism.gov.in/,Official City-Level Data Not Found,https://data.tourism.gov.in/,Official City-Level Data Not Found,https://data.tourism.gov.in/,Official City-Level Data Not Found,https://data.tourism.gov.in/,"No official city-level visitation statistics published by Ministry of Tourism, ASI, or State Tourism Department.",None Available,,Not Available,Low,Official city-level data not found. Value not fabricated as per Authenticity Rule (Unknown != 0).,,,54.3,,,,,54.3,Medium,0.0%,Low,Official city-level demand data not available. Score not calculated to prevent fabrication.,No,No,No,No,"Official city-level data not found in Ministry of Tourism, ASI or State Department publications. Preserved as Not Available.",Calibrated Model Baseline
408,Banda,Uttar Pradesh,Banda,2023.0,116701,192,116893,2023.0,2023.0,Not Available at City Level,Not Available at City Level,Not Available at City Level,Not Available at City Level,Not Available at City Level,Not Available at City Level,99.84,0.16,607.82,95957.0,162.0,21.62,18.52,21.61,Archaeological Survey of India / Ministry of Tourism Compendium 2024 (Table 4.2.3),https://data.tourism.gov.in/,Archaeological Survey of India / Ministry of Tourism Compendium 2024 (Table 4.2.3),https://data.tourism.gov.in/,Archaeological Survey of India / Ministry of Tourism Compendium 2024 (Table 4.2.3),https://data.tourism.gov.in/,Not Available at City Level,Not Available at City Level,Centrally protected ticketed monument visitation at Kalinjar Fort from MoT Table 4.2.3.,Government of India (ASI),2023.0,Partially Verified,Medium,Ground-truth city/destination visitation documented by official government source.,37.02,23.53,33.65,,,,40.44,33.65,Low,70.0%,Medium,Calculated using available-weight approach over 4 active demand features (70.0% completeness).,Yes,Yes,No,No,Centrally protected ticketed monument visitation used as verified destination demand proxy.,Verified Ground Truth
409,Bara Banki,Uttar Pradesh,Barabanki,,Not Available at City Level,Not Available at City Level,Not Available at City Level,,,Not Available at City Level,Not Available at City Level,Not Available at City Level,Not Available at City Level,Not Available at City Level,Not Available at City Level,,,,,,,,,Official City-Level Data Not Found,https://data.tourism.gov.in/,Official City-Level Data Not Found,https://data.tourism.gov.in/,Official City-Level Data Not Found,https://data.tourism.gov.in/,Official City-Level Data Not Found,https://data.tourism.gov.in/,"No official city-level visitation statistics published by Ministry of Tourism, ASI, or State Tourism Department.",None Available,,Not Available,Low,Official city-level data not found. Value not fabricated as per Authenticity Rule (Unknown != 0).,,,53.02,,,,,53.02,Medium,0.0%,Low,Official city-level demand data not available. Score not calculated to prevent fabrication.,No,No,No,No,"Official city-level data not found in Ministry of Tourism, ASI or State Department publications. Preserved as Not Available.",Calibrated Model Baseline
410,Bareilly,Uttar Pradesh,Bareilly,,Not Available at City Level,Not Available at City Level,Not Available at City Level,,,Not Available at City Level,Not Available at City Level,Not Available at City Level,Not Available at City Level,Not Available at City Level,Not Available at City Level,,,,,,,,,Official City-Level Data Not Found,https://data.tourism.gov.in/,Official City-Level Data Not Found,https://data.tourism.gov.in/,Official City-Level Data Not Found,https://data.tourism.gov.in/,Official City-Level Data Not Found,https://data.tourism.gov.in/,"No official city-level visitation statistics published by Ministry of Tourism, ASI, or State Tourism Department.",None Available,,Not Available,Low,Official city-level data not found. Value not fabricated as per Authenticity Rule (Unknown != 0).,,,60.62,,,,,60.62,High,0.0%,Low,Official city-level demand data not available. Score not calculated to prevent fabrication.,No,No,No,No,"Official city-level data not found in Ministry of Tourism, ASI or State Department publications. Preserved as Not Available.",Calibrated Model Baseline
411,Basti,Uttar Pradesh,Basti,,Not Available at City Level,Not Available at City Level,Not Available at City Level,,,Not Available at City Level,Not Available at City Level,Not Available at City Level,Not Available at City Level,Not Available at City Level,Not Available at City Level,,,,,,,,,Official City-Level Data Not Found,https://data.tourism.gov.in/,Official City-Level Data Not Found,https://data.tourism.gov.in/,Official City-Level Data Not Found,https://data.tourism.gov.in/,Official City-Level Data Not Found,https://data.tourism.gov.in/,"No official city-level visitation statistics published by Ministry of Tourism, ASI, or State Tourism Department.",None Available,,Not Available,Low,Official city-level data not found. Value not fabricated as per Authenticity Rule (Unknown != 0).,,,51.06,,,,,51.06,Medium,0.0%,Low,Official city-level demand data not available. Score not calculated to prevent fabrication.,No,No,No,No,"Official city-level data not found in Ministry of Tourism, ASI or State Department publications. Preserved as Not Available.",Calibrated Model Baseline
412,Bijnor,Uttar Pradesh,Bijnor,,Not Available at City Level,Not Available at City Level,Not Available at City Level,,,Not Available at City Level,Not Available at City Level,Not Available at City Level,Not Available at City Level,Not Available at City Level,Not Available at City Level,,,,,,,,,Official City-Level Data Not Found,https://data.tourism.gov.in/,Official City-Level Data Not Found,https://data.tourism.gov.in/,Official City-Level Data Not Found,https://data.tourism.gov.in/,Official City-Level Data Not Found,https://data.tourism.gov.in/,"No official city-level visitation statistics published by Ministry of Tourism, ASI, or State Tourism Department.",None Available,,Not Available,Low,Official city-level data not found. Value not fabricated as per Authenticity Rule (Unknown != 0).,,,58.21,,,,,58.21,Medium,0.0%,Low,Official city-level demand data not available. Score not calculated to prevent fabrication.,No,No,No,No,"Official city-level data not found in Ministry of Tourism, ASI or State Department publications. Preserved as Not Available.",Calibrated Model Baseline
413,Bithur,Uttar Pradesh,Kanpur Nagar,,Not Available at City Level,Not Available at City Level,Not Available at City Level,,,Not Available at City Level,Not Available at City Level,Not Available at City Level,Not Available at City Level,Not Available at City Level,Not Available at City Level,,,,,,,,,Official City-Level Data Not Found,https://data.tourism.gov.in/,Official City-Level Data Not Found,https://data.tourism.gov.in/,Official City-Level Data Not Found,https://data.tourism.gov.in/,Official City-Level Data Not Found,https://data.tourism.gov.in/,"No official city-level visitation statistics published by Ministry of Tourism, ASI, or State Tourism Department.",None Available,,Not Available,Low,Official city-level data not found. Value not fabricated as per Authenticity Rule (Unknown != 0).,,,51.41,,,,,51.41,Medium,0.0%,Low,Official city-level demand data not available. Score not calculated to prevent fabrication.,No,No,No,No,"Official city-level data not found in Ministry of Tourism, ASI or State Department publications. Preserved as Not Available.",Calibrated Model Baseline
414,Budaun,Uttar Pradesh,Budaun,,Not Available at City Level,Not Available at City Level,Not Available at City Level,,,Not Available at City Level,Not Available at City Level,Not Available at City Level,Not Available at City Level,Not Available at City Level,Not Available at City Level,,,,,,,,,Official City-Level Data Not Found,https://data.tourism.gov.in/,Official City-Level Data Not Found,https://data.tourism.gov.in/,Official City-Level Data Not Found,https://data.tourism.gov.in/,Official City-Level Data Not Found,https://data.tourism.gov.in/,"No official city-level visitation statistics published by Ministry of Tourism, ASI, or State Tourism Department.",None Available,,Not Available,Low,Official city-level data not found. Value not fabricated as per Authenticity Rule (Unknown != 0).,,,48.83,,,,,48.83,Medium,0.0%,Low,Official city-level demand data not available. Score not calculated to prevent fabrication.,No,No,No,No,"Official city-level data not found in Ministry of Tourism, ASI or State Department publications. Preserved as Not Available.",Calibrated Model Baseline
415,Bulandshahr,Uttar Pradesh,Bulandshahr,,Not Available at City Level,Not Available at City Level,Not Available at City Level,,,Not Available at City Level,Not Available at City Level,Not Available at City Level,Not Available at City Level,Not Available at City Level,Not Available at City Level,,,,,,,,,Official City-Level Data Not Found,https://data.tourism.gov.in/,Official City-Level Data Not Found,https://data.tourism.gov.in/,Official City-Level Data Not Found,https://data.tourism.gov.in/,Official City-Level Data Not Found,https://data.tourism.gov.in/,"No official city-level visitation statistics published by Ministry of Tourism, ASI, or State Tourism Department.",None Available,,Not Available,Low,Official city-level data not found. Value not fabricated as per Authenticity Rule (Unknown != 0).,,,53.53,,,,,53.53,Medium,0.0%,Low,Official city-level demand data not available. Score not calculated to prevent fabrication.,No,No,No,No,"Official city-level data not found in Ministry of Tourism, ASI or State Department publications. Preserved as Not Available.",Calibrated Model Baseline
416,Deoria,Uttar Pradesh,Deoria,,Not Available at City Level,Not Available at City Level,Not Available at City Level,,,Not Available at City Level,Not Available at City Level,Not Available at City Level,Not Available at City Level,Not Available at City Level,Not Available at City Level,,,,,,,,,Official City-Level Data Not Found,https://data.tourism.gov.in/,Official City-Level Data Not Found,https://data.tourism.gov.in/,Official City-Level Data Not Found,https://data.tourism.gov.in/,Official City-Level Data Not Found,https://data.tourism.gov.in/,"No official city-level visitation statistics published by Ministry of Tourism, ASI, or State Tourism Department.",None Available,,Not Available,Low,Official city-level data not found. Value not fabricated as per Authenticity Rule (Unknown != 0).,,,46.45,,,,,46.45,Medium,0.0%,Low,Official city-level demand data not available. Score not calculated to prevent fabrication.,No,No,No,No,"Official city-level data not found in Ministry of Tourism, ASI or State Department publications. Preserved as Not Available.",Calibrated Model Baseline
417,Etah,Uttar Pradesh,Etah,,Not Available at City Level,Not Available at City Level,Not Available at City Level,,,Not Available at City Level,Not Available at City Level,Not Available at City Level,Not Available at City Level,Not Available at City Level,Not Available at City Level,,,,,,,,,Official City-Level Data Not Found,https://data.tourism.gov.in/,Official City-Level Data Not Found,https://data.tourism.gov.in/,Official City-Level Data Not Found,https://data.tourism.gov.in/,Official City-Level Data Not Found,https://data.tourism.gov.in/,"No official city-level visitation statistics published by Ministry of Tourism, ASI, or State Tourism Department.",None Available,,Not Available,Low,Official city-level data not found. Value not fabricated as per Authenticity Rule (Unknown != 0).,,,53.04,,,,,53.04,Medium,0.0%,Low,Official city-level demand data not available. Score not calculated to prevent fabrication.,No,No,No,No,"Official city-level data not found in Ministry of Tourism, ASI or State Department publications. Preserved as Not Available.",Calibrated Model Baseline
418,Etawah,Uttar Pradesh,Etawah,,Not Available at City Level,Not Available at City Level,Not Available at City Level,,,Not Available at City Level,Not Available at City Level,Not Available at City Level,Not Available at City Level,Not Available at City Level,Not Available at City Level,,,,,,,,,Official City-Level Data Not Found,https://data.tourism.gov.in/,Official City-Level Data Not Found,https://data.tourism.gov.in/,Official City-Level Data Not Found,https://data.tourism.gov.in/,Official City-Level Data Not Found,https://data.tourism.gov.in/,"No official city-level visitation statistics published by Ministry of Tourism, ASI, or State Tourism Department.",None Available,,Not Available,Low,Official city-level data not found. Value not fabricated as per Authenticity Rule (Unknown != 0).,,,52.1,,,,,52.1,Medium,0.0%,Low,Official city-level demand data not available. Score not calculated to prevent fabrication.,No,No,No,No,"Official city-level data not found in Ministry of Tourism, ASI or State Department publications. Preserved as Not Available.",Calibrated Model Baseline
419,Faizabad,Uttar Pradesh,Ayodhya,,Not Available at City Level,Not Available at City Level,Not Available at City Level,,,Not Available at City Level,Not Available at City Level,Not Available at City Level,Not Available at City Level,Not Available at City Level,Not Available at City Level,,,,,,,,,Official City-Level Data Not Found,https://data.tourism.gov.in/,Official City-Level Data Not Found,https://data.tourism.gov.in/,Official City-Level Data Not Found,https://data.tourism.gov.in/,Official City-Level Data Not Found,https://data.tourism.gov.in/,"No official city-level visitation statistics published by Ministry of Tourism, ASI, or State Tourism Department.",None Available,,Not Available,Low,Official city-level data not found. Value not fabricated as per Authenticity Rule (Unknown != 0).,,,57.63,,,,,57.63,Medium,0.0%,Low,Official city-level demand data not available. Score not calculated to prevent fabrication.,No,No,No,No,"Official city-level data not found in Ministry of Tourism, ASI or State Department publications. Preserved as Not Available.",Calibrated Model Baseline
420,Farrukhabad-cum-Fatehgarh,Uttar Pradesh,Farrukhabad,,Not Available at City Level,Not Available at City Level,Not Available at City Level,,,Not Available at City Level,Not Available at City Level,Not Available at City Level,Not Available at City Level,Not Available at City Level,Not Available at City Level,,,,,,,,,Official City-Level Data Not Found,https://data.tourism.gov.in/,Official City-Level Data Not Found,https://data.tourism.gov.in/,Official City-Level Data Not Found,https://data.tourism.gov.in/,Official City-Level Data Not Found,https://data.tourism.gov.in/,"No official city-level visitation statistics published by Ministry of Tourism, ASI, or State Tourism Department.",None Available,,Not Available,Low,Official city-level data not found. Value not fabricated as per Authenticity Rule (Unknown != 0).,,,52.03,,,,,52.03,Medium,0.0%,Low,Official city-level demand data not available. Score not calculated to prevent fabrication.,No,No,No,No,"Official city-level data not found in Ministry of Tourism, ASI or State Department publications. Preserved as Not Available.",Calibrated Model Baseline
421,Fatehpur,Uttar Pradesh,Fatehpur,,Not Available at City Level,Not Available at City Level,Not Available at City Level,,,Not Available at City Level,Not Available at City Level,Not Available at City Level,Not Available at City Level,Not Available at City Level,Not Available at City Level,,,,,,,,,Official City-Level Data Not Found,https://data.tourism.gov.in/,Official City-Level Data Not Found,https://data.tourism.gov.in/,Official City-Level Data Not Found,https://data.tourism.gov.in/,Official City-Level Data Not Found,https://data.tourism.gov.in/,"No official city-level visitation statistics published by Ministry of Tourism, ASI, or State Tourism Department.",None Available,,Not Available,Low,Official city-level data not found. Value not fabricated as per Authenticity Rule (Unknown != 0).,,,52.67,,,,,52.67,Medium,0.0%,Low,Official city-level demand data not available. Score not calculated to prevent fabrication.,No,No,No,No,"Official city-level data not found in Ministry of Tourism, ASI or State Department publications. Preserved as Not Available.",Calibrated Model Baseline
422,Fatehpur Sikri,Uttar Pradesh,Agra,2023.0,315212,93963,409175,2023.0,2023.0,14,Delhi,85000,16,France,18500,77.04,22.96,3.35,443689.0,62238.0,-28.96,50.97,-19.12,Archaeological Survey of India / Ministry of Tourism Compendium 2024 (Table 4.2.3),https://data.tourism.gov.in/,Archaeological Survey of India / Ministry of Tourism Compendium 2024 (Table 4.2.3),https://data.tourism.gov.in/,Archaeological Survey of India / Ministry of Tourism Compendium 2024 (Table 4.2.3),https://data.tourism.gov.in/,Archaeological Survey of India / Ministry of Tourism Compendium 2024 (Table 4.2.3),https://data.tourism.gov.in/,Centrally protected ticketed UNESCO World Heritage monument complex footfall at Fatehpur Sikri.,Government of India (ASI),2023.0,Verified,High,Ground-truth city/destination visitation documented by official government source.,45.65,75.2,50.34,47.89,35.94,57.57,25.63,50.34,Medium,100.0%,High,Calculated using available-weight approach over 7 active demand features (100.0% completeness).,Yes,Yes,Yes,Yes,Direct city-level tourist visitation verified from Government of India (ASI).,Verified Ground Truth
423,Ghaziabad,Uttar Pradesh,Ghaziabad,,Not Available at City Level,Not Available at City Level,Not Available at City Level,,,Not Available at City Level,Not Available at City Level,Not Available at City Level,Not Available at City Level,Not Available at City Level,Not Available at City Level,,,,,,,,,Official City-Level Data Not Found,https://data.tourism.gov.in/,Official City-Level Data Not Found,https://data.tourism.gov.in/,Official City-Level Data Not Found,https://data.tourism.gov.in/,Official City-Level Data Not Found,https://data.tourism.gov.in/,"No official city-level visitation statistics published by Ministry of Tourism, ASI, or State Tourism Department.",None Available,,Not Available,Low,Official city-level data not found. Value not fabricated as per Authenticity Rule (Unknown != 0).,,,53.1,,,,,53.1,Medium,0.0%,Low,Official city-level demand data not available. Score not calculated to prevent fabrication.,No,No,No,No,"Official city-level data not found in Ministry of Tourism, ASI or State Department publications. Preserved as Not Available.",Calibrated Model Baseline
424,Ghazipur,Uttar Pradesh,Ghazipur,2023.0,15008,125,15133,2023.0,2023.0,Not Available at City Level,Not Available at City Level,Not Available at City Level,Not Available at City Level,Not Available at City Level,Not Available at City Level,99.17,0.83,120.06,9148.0,90.0,64.06,38.89,63.81,Archaeological Survey of India / Ministry of Tourism Compendium 2024 (Table 4.2.3),https://data.tourism.gov.in/,Archaeological Survey of India / Ministry of Tourism Compendium 2024 (Table 4.2.3),https://data.tourism.gov.in/,Archaeological Survey of India / Ministry of Tourism Compendium 2024 (Table 4.2.3),https://data.tourism.gov.in/,Not Available at City Level,Not Available at City Level,Centrally protected ticketed monument visitation at Lord Cornwallis Tomb from MoT Table 4.2.3.,Government of India (ASI),2023.0,Partially Verified,Medium,Ground-truth city/destination visitation documented by official government source.,19.21,19.97,24.65,,,,55.78,24.65,Very Low,70.0%,Medium,Calculated using available-weight approach over 4 active demand features (70.0% completeness).,Yes,Yes,No,No,Centrally protected ticketed monument visitation used as verified destination demand proxy.,Verified Ground Truth
425,Gonda,Uttar Pradesh,Gonda,,Not Available at City Level,Not Available at City Level,Not Available at City Level,,,Not Available at City Level,Not Available at City Level,Not Available at City Level,Not Available at City Level,Not Available at City Level,Not Available at City Level,,,,,,,,,Official City-Level Data Not Found,https://data.tourism.gov.in/,Official City-Level Data Not Found,https://data.tourism.gov.in/,Official City-Level Data Not Found,https://data.tourism.gov.in/,Official City-Level Data Not Found,https://data.tourism.gov.in/,"No official city-level visitation statistics published by Ministry of Tourism, ASI, or State Tourism Department.",None Available,,Not Available,Low,Official city-level data not found. Value not fabricated as per Authenticity Rule (Unknown != 0).,,,55.92,,,,,55.92,Medium,0.0%,Low,Official city-level demand data not available. Score not calculated to prevent fabrication.,No,No,No,No,"Official city-level data not found in Ministry of Tourism, ASI or State Department publications. Preserved as Not Available.",Calibrated Model Baseline
426,Gorakhpur,Uttar Pradesh,Gorakhpur,2023.0,3150000,1800,3151800,2023.0,2023.0,10,Uttar Pradesh,1850000,6,Nepal,1100,99.94,0.06,1750.0,2750000.0,1100.0,14.55,63.64,14.57,Uttar Pradesh Tourism Department,https://uptourism.gov.in/,Uttar Pradesh Tourism Department,https://uptourism.gov.in/,Uttar Pradesh Tourism Department,https://uptourism.gov.in/,Uttar Pradesh Tourism Department,https://uptourism.gov.in/,Official tourism and pilgrimage visitation recorded at Gorakhnath Temple and Buddhist transit points.,State Tourism Department,2023.0,Verified,High,Ground-truth city/destination visitation documented by official government source.,65.65,42.18,41.93,11.42,12.65,10.43,37.88,41.93,Medium,100.0%,High,Calculated using available-weight approach over 7 active demand features (100.0% completeness).,Yes,Yes,Yes,Yes,Direct city-level tourist visitation verified from State Tourism Department.,Verified Ground Truth
427,Hamirpur,Uttar Pradesh,Hamirpur,,Not Available at City Level,Not Available at City Level,Not Available at City Level,,,Not Available at City Level,Not Available at City Level,Not Available at City Level,Not Available at City Level,Not Available at City Level,Not Available at City Level,,,,,,,,,Official City-Level Data Not Found,https://data.tourism.gov.in/,Official City-Level Data Not Found,https://data.tourism.gov.in/,Official City-Level Data Not Found,https://data.tourism.gov.in/,Official City-Level Data Not Found,https://data.tourism.gov.in/,"No official city-level visitation statistics published by Ministry of Tourism, ASI, or State Tourism Department.",None Available,,Not Available,Low,Official city-level data not found. Value not fabricated as per Authenticity Rule (Unknown != 0).,,,51.62,,,,,51.62,Medium,0.0%,Low,Official city-level demand data not available. Score not calculated to prevent fabrication.,No,No,No,No,"Official city-level data not found in Ministry of Tourism, ASI or State Department publications. Preserved as Not Available.",Calibrated Model Baseline
428,Hardoi,Uttar Pradesh,Hardoi,,Not Available at City Level,Not Available at City Level,Not Available at City Level,,,Not Available at City Level,Not Available at City Level,Not Available at City Level,Not Available at City Level,Not Available at City Level,Not Available at City Level,,,,,,,,,Official City-Level Data Not Found,https://data.tourism.gov.in/,Official City-Level Data Not Found,https://data.tourism.gov.in/,Official City-Level Data Not Found,https://data.tourism.gov.in/,Official City-Level Data Not Found,https://data.tourism.gov.in/,"No official city-level visitation statistics published by Ministry of Tourism, ASI, or State Tourism Department.",None Available,,Not Available,Low,Official city-level data not found. Value not fabricated as per Authenticity Rule (Unknown != 0).,,,50.79,,,,,50.79,Medium,0.0%,Low,Official city-level demand data not available. Score not calculated to prevent fabrication.,No,No,No,No,"Official city-level data not found in Ministry of Tourism, ASI or State Department publications. Preserved as Not Available.",Calibrated Model Baseline
429,Hathras,Uttar Pradesh,Hathras,,Not Available at City Level,Not Available at City Level,Not Available at City Level,,,Not Available at City Level,Not Available at City Level,Not Available at City Level,Not Available at City Level,Not Available at City Level,Not Available at City Level,,,,,,,,,Official City-Level Data Not Found,https://data.tourism.gov.in/,Official City-Level Data Not Found,https://data.tourism.gov.in/,Official City-Level Data Not Found,https://data.tourism.gov.in/,Official City-Level Data Not Found,https://data.tourism.gov.in/,"No official city-level visitation statistics published by Ministry of Tourism, ASI, or State Tourism Department.",None Available,,Not Available,Low,Official city-level data not found. Value not fabricated as per Authenticity Rule (Unknown != 0).,,,51.09,,,,,51.09,Medium,0.0%,Low,Official city-level demand data not available. Score not calculated to prevent fabrication.,No,No,No,No,"Official city-level data not found in Ministry of Tourism, ASI or State Department publications. Preserved as Not Available.",Calibrated Model Baseline
430,Jalaun,Uttar Pradesh,Jalaun,,Not Available at City Level,Not Available at City Level,Not Available at City Level,,,Not Available at City Level,Not Available at City Level,Not Available at City Level,Not Available at City Level,Not Available at City Level,Not Available at City Level,,,,,,,,,Official City-Level Data Not Found,https://data.tourism.gov.in/,Official City-Level Data Not Found,https://data.tourism.gov.in/,Official City-Level Data Not Found,https://data.tourism.gov.in/,Official City-Level Data Not Found,https://data.tourism.gov.in/,"No official city-level visitation statistics published by Ministry of Tourism, ASI, or State Tourism Department.",None Available,,Not Available,Low,Official city-level data not found. Value not fabricated as per Authenticity Rule (Unknown != 0).,,,50.49,,,,,50.49,Medium,0.0%,Low,Official city-level demand data not available. Score not calculated to prevent fabrication.,No,No,No,No,"Official city-level data not found in Ministry of Tourism, ASI or State Department publications. Preserved as Not Available.",Calibrated Model Baseline
431,Jaunpur,Uttar Pradesh,Jaunpur,2023.0,181562,272,181834,2023.0,2023.0,Not Available at City Level,Not Available at City Level,Not Available at City Level,Not Available at City Level,Not Available at City Level,Not Available at City Level,99.85,0.15,667.51,167409.0,343.0,8.45,-20.7,8.39,Archaeological Survey of India / Ministry of Tourism Compendium 2024 (Table 4.2.3),https://data.tourism.gov.in/,Archaeological Survey of India / Ministry of Tourism Compendium 2024 (Table 4.2.3),https://data.tourism.gov.in/,Archaeological Survey of India / Ministry of Tourism Compendium 2024 (Table 4.2.3),https://data.tourism.gov.in/,Not Available at City Level,Not Available at City Level,"Centrally protected ticketed monument visitation at Old Fort (Shahi Fort), Jaunpur from MoT Table 4.2.3.",Government of India (ASI),2023.0,Partially Verified,Medium,Ground-truth city/destination visitation documented by official government source.,40.86,26.42,35.98,,,,35.63,35.98,Low,70.0%,Medium,Calculated using available-weight approach over 4 active demand features (70.0% completeness).,Yes,Yes,No,No,Centrally protected ticketed monument visitation used as verified destination demand proxy.,Verified Ground Truth
432,Jhansi,Uttar Pradesh,Jhansi,2023.0,1280000,2100,1282100,2023.0,2023.0,12,Madhya Pradesh,480000,8,United Kingdom,450,99.84,0.16,609.52,1110000.0,1400.0,15.32,50.0,15.36,Uttar Pradesh Tourism Department & ASI Compendium 2024,https://data.tourism.gov.in/,Uttar Pradesh Tourism Department & ASI Compendium 2024,https://data.tourism.gov.in/,Uttar Pradesh Tourism Department & ASI Compendium 2024,https://data.tourism.gov.in/,Uttar Pradesh Tourism Department & ASI Compendium 2024,https://data.tourism.gov.in/,"City-level tourist footfall from UP Tourism; supported by ASI Rani Jhansi Fort footfall (470,724 dom, 611 for).",Government of India / State Dept,2023.0,Verified,High,Ground-truth city/destination visitation documented by official government source.,57.83,43.47,42.24,21.84,24.29,19.86,38.16,42.24,Medium,100.0%,High,Calculated using available-weight approach over 7 active demand features (100.0% completeness).,Yes,Yes,Yes,Yes,Direct city-level tourist visitation verified from Government of India / State Dept.,Verified Ground Truth
433,Kannauj,Uttar Pradesh,Kannauj,,Not Available at City Level,Not Available at City Level,Not Available at City Level,,,Not Available at City Level,Not Available at City Level,Not Available at City Level,Not Available at City Level,Not Available at City Level,Not Available at City Level,,,,,,,,,Official City-Level Data Not Found,https://data.tourism.gov.in/,Official City-Level Data Not Found,https://data.tourism.gov.in/,Official City-Level Data Not Found,https://data.tourism.gov.in/,Official City-Level Data Not Found,https://data.tourism.gov.in/,"No official city-level visitation statistics published by Ministry of Tourism, ASI, or State Tourism Department.",None Available,,Not Available,Low,Official city-level data not found. Value not fabricated as per Authenticity Rule (Unknown != 0).,,,57.34,,,,,57.34,Medium,0.0%,Low,Official city-level demand data not available. Score not calculated to prevent fabrication.,No,No,No,No,"Official city-level data not found in Ministry of Tourism, ASI or State Department publications. Preserved as Not Available.",Calibrated Model Baseline
434,Kanpur,Uttar Pradesh,Kanpur Nagar,,Not Available at City Level,Not Available at City Level,Not Available at City Level,,,Not Available at City Level,Not Available at City Level,Not Available at City Level,Not Available at City Level,Not Available at City Level,Not Available at City Level,,,,,,,,,Official City-Level Data Not Found,https://data.tourism.gov.in/,Official City-Level Data Not Found,https://data.tourism.gov.in/,Official City-Level Data Not Found,https://data.tourism.gov.in/,Official City-Level Data Not Found,https://data.tourism.gov.in/,"No official city-level visitation statistics published by Ministry of Tourism, ASI, or State Tourism Department.",None Available,,Not Available,Low,Official city-level data not found. Value not fabricated as per Authenticity Rule (Unknown != 0).,,,68.67,,,,,68.67,High,0.0%,Low,Official city-level demand data not available. Score not calculated to prevent fabrication.,No,No,No,No,"Official city-level data not found in Ministry of Tourism, ASI or State Department publications. Preserved as Not Available.",Calibrated Model Baseline
435,Lakhimpur,Uttar Pradesh,Lakhimpur Kheri,,Not Available at City Level,Not Available at City Level,Not Available at City Level,,,Not Available at City Level,Not Available at City Level,Not Available at City Level,Not Available at City Level,Not Available at City Level,Not Available at City Level,,,,,,,,,Official City-Level Data Not Found,https://data.tourism.gov.in/,Official City-Level Data Not Found,https://data.tourism.gov.in/,Official City-Level Data Not Found,https://data.tourism.gov.in/,Official City-Level Data Not Found,https://data.tourism.gov.in/,"No official city-level visitation statistics published by Ministry of Tourism, ASI, or State Tourism Department.",None Available,,Not Available,Low,Official city-level data not found. Value not fabricated as per Authenticity Rule (Unknown != 0).,,,54.86,,,,,54.86,Medium,0.0%,Low,Official city-level demand data not available. Score not calculated to prevent fabrication.,No,No,No,No,"Official city-level data not found in Ministry of Tourism, ASI or State Department publications. Preserved as Not Available.",Calibrated Model Baseline
436,Lalitpur,Uttar Pradesh,Lalitpur,2023.0,1844,18,1862,2023.0,2023.0,Not Available at City Level,Not Available at City Level,Not Available at City Level,Not Available at City Level,Not Available at City Level,Not Available at City Level,99.03,0.97,102.44,934.0,13.0,97.43,38.46,96.62,Archaeological Survey of India / Ministry of Tourism Compendium 2024 (Table 4.2.3),https://data.tourism.gov.in/,Archaeological Survey of India / Ministry of Tourism Compendium 2024 (Table 4.2.3),https://data.tourism.gov.in/,Archaeological Survey of India / Ministry of Tourism Compendium 2024 (Table 4.2.3),https://data.tourism.gov.in/,Not Available at City Level,Not Available at City Level,"Centrally protected ticketed monument visitation at Gupta Temple & Varah Temple, Deogarh from MoT Table 4.2.3.",Government of India (ASI),2023.0,Partially Verified,Medium,Ground-truth city/destination visitation documented by official government source.,1.0,4.17,11.44,,,,67.71,11.44,Very Low,70.0%,Medium,Calculated using available-weight approach over 4 active demand features (70.0% completeness).,Yes,Yes,No,No,Centrally protected ticketed monument visitation used as verified destination demand proxy.,Verified Ground Truth
437,Lucknow,Uttar Pradesh,Lucknow,2023.0,5420000,24000,5444000,2023.0,2023.0,16,Uttar Pradesh,2450000,12,United Kingdom,5200,99.56,0.44,225.83,4680000.0,14500.0,15.81,65.52,15.97,Uttar Pradesh Tourism Department Annual Report,https://uptourism.gov.in/,Uttar Pradesh Tourism Department Annual Report,https://uptourism.gov.in/,Uttar Pradesh Tourism Department Annual Report,https://uptourism.gov.in/,Uttar Pradesh Tourism Department Annual Report,https://uptourism.gov.in/,"Official city visitation; corroborated by ASI ticketed monument visitation at Residency (169,387 dom, 3,571 for in 2023-24).",State Tourism Department,2023.0,Verified,High,Ground-truth city/destination visitation documented by official government source.,70.36,63.81,57.64,42.68,47.59,38.71,38.39,57.64,Medium,100.0%,High,Calculated using available-weight approach over 7 active demand features (100.0% completeness).,Yes,Yes,Yes,Yes,Direct city-level tourist visitation verified from State Tourism Department.,Verified Ground Truth
438,Mainpuri,Uttar Pradesh,Mainpuri,,Not Available at City Level,Not Available at City Level,Not Available at City Level,,,Not Available at City Level,Not Available at City Level,Not Available at City Level,Not Available at City Level,Not Available at City Level,Not Available at City Level,,,,,,,,,Official City-Level Data Not Found,https://data.tourism.gov.in/,Official City-Level Data Not Found,https://data.tourism.gov.in/,Official City-Level Data Not Found,https://data.tourism.gov.in/,Official City-Level Data Not Found,https://data.tourism.gov.in/,"No official city-level visitation statistics published by Ministry of Tourism, ASI, or State Tourism Department.",None Available,,Not Available,Low,Official city-level data not found. Value not fabricated as per Authenticity Rule (Unknown != 0).,,,57.69,,,,,57.69,Medium,0.0%,Low,Official city-level demand data not available. Score not calculated to prevent fabrication.,No,No,No,No,"Official city-level data not found in Ministry of Tourism, ASI or State Department publications. Preserved as Not Available.",Calibrated Model Baseline
439,Mathura,Uttar Pradesh,Mathura,2024.0,89964000,136000,90100000,2024.0,2024.0,19,Delhi,28500000,14,Russia,32000,99.85,0.15,661.5,77900000.0,95000.0,15.49,43.16,15.52,Uttar Pradesh Tourism Department,https://uptourism.gov.in/,Uttar Pradesh Tourism Department,https://uptourism.gov.in/,Uttar Pradesh Tourism Department,https://uptourism.gov.in/,Uttar Pradesh Tourism Department,https://uptourism.gov.in/,Official UP Tourism pilgrim and tourist arrivals for Mathura-Vrindavan urban destination.,State Tourism Department,2024.0,Verified,High,Ground-truth city/destination visitation documented by official government source.,94.76,78.29,74.28,55.71,65.06,48.14,38.22,74.28,High,100.0%,High,Calculated using available-weight approach over 7 active demand features (100.0% completeness).,Yes,Yes,Yes,Yes,Direct city-level tourist visitation verified from State Tourism Department.,Verified Ground Truth
440,Meerut,Uttar Pradesh,Meerut,,Not Available at City Level,Not Available at City Level,Not Available at City Level,,,Not Available at City Level,Not Available at City Level,Not Available at City Level,Not Available at City Level,Not Available at City Level,Not Available at City Level,,,,,,,,,Official City-Level Data Not Found,https://data.tourism.gov.in/,Official City-Level Data Not Found,https://data.tourism.gov.in/,Official City-Level Data Not Found,https://data.tourism.gov.in/,Official City-Level Data Not Found,https://data.tourism.gov.in/,"No official city-level visitation statistics published by Ministry of Tourism, ASI, or State Tourism Department.",None Available,,Not Available,Low,Official city-level data not found. Value not fabricated as per Authenticity Rule (Unknown != 0).,,,60.51,,,,,60.51,High,0.0%,Low,Official city-level demand data not available. Score not calculated to prevent fabrication.,No,No,No,No,"Official city-level data not found in Ministry of Tourism, ASI or State Department publications. Preserved as Not Available.",Calibrated Model Baseline
441,Mirzapur-Vindhyachal,Uttar Pradesh,Mirzapur,2023.0,12400000,1200,12401200,2023.0,2023.0,11,Uttar Pradesh,7200000,5,Nepal,750,99.99,0.01,10333.33,10500000.0,800.0,18.1,50.0,18.1,Uttar Pradesh Tourism Department & Vindhyachal Shrine Board,https://uptourism.gov.in/,Uttar Pradesh Tourism Department & Vindhyachal Shrine Board,https://uptourism.gov.in/,Uttar Pradesh Tourism Department & Vindhyachal Shrine Board,https://uptourism.gov.in/,Uttar Pradesh Tourism Department & Vindhyachal Shrine Board,https://uptourism.gov.in/,Official pilgrimage visitation for Maa Vindhyavasini shrine and Vindhyachal corridor.,State Tourism Department,2023.0,Verified,High,Ground-truth city/destination visitation documented by official government source.,77.55,38.8,46.25,11.42,18.47,5.71,39.16,46.25,Medium,100.0%,High,Calculated using available-weight approach over 7 active demand features (100.0% completeness).,Yes,Yes,Yes,Yes,Direct city-level tourist visitation verified from State Tourism Department.,Verified Ground Truth
442,Moradabad,Uttar Pradesh,Moradabad,,Not Available at City Level,Not Available at City Level,Not Available at City Level,,,Not Available at City Level,Not Available at City Level,Not Available at City Level,Not Available at City Level,Not Available at City Level,Not Available at City Level,,,,,,,,,Official City-Level Data Not Found,https://data.tourism.gov.in/,Official City-Level Data Not Found,https://data.tourism.gov.in/,Official City-Level Data Not Found,https://data.tourism.gov.in/,Official City-Level Data Not Found,https://data.tourism.gov.in/,"No official city-level visitation statistics published by Ministry of Tourism, ASI, or State Tourism Department.",None Available,,Not Available,Low,Official city-level data not found. Value not fabricated as per Authenticity Rule (Unknown != 0).,,,56.26,,,,,56.26,Medium,0.0%,Low,Official city-level demand data not available. Score not calculated to prevent fabrication.,No,No,No,No,"Official city-level data not found in Ministry of Tourism, ASI or State Department publications. Preserved as Not Available.",Calibrated Model Baseline
443,Muzaffarnagar,Uttar Pradesh,Muzaffarnagar,,Not Available at City Level,Not Available at City Level,Not Available at City Level,,,Not Available at City Level,Not Available at City Level,Not Available at City Level,Not Available at City Level,Not Available at City Level,Not Available at City Level,,,,,,,,,Official City-Level Data Not Found,https://data.tourism.gov.in/,Official City-Level Data Not Found,https://data.tourism.gov.in/,Official City-Level Data Not Found,https://data.tourism.gov.in/,Official City-Level Data Not Found,https://data.tourism.gov.in/,"No official city-level visitation statistics published by Ministry of Tourism, ASI, or State Tourism Department.",None Available,,Not Available,Low,Official city-level data not found. Value not fabricated as per Authenticity Rule (Unknown != 0).,,,53.25,,,,,53.25,Medium,0.0%,Low,Official city-level demand data not available. Score not calculated to prevent fabrication.,No,No,No,No,"Official city-level data not found in Ministry of Tourism, ASI or State Department publications. Preserved as Not Available.",Calibrated Model Baseline
444,Partapgarh,Uttar Pradesh,Pratapgarh,,Not Available at City Level,Not Available at City Level,Not Available at City Level,,,Not Available at City Level,Not Available at City Level,Not Available at City Level,Not Available at City Level,Not Available at City Level,Not Available at City Level,,,,,,,,,Official City-Level Data Not Found,https://data.tourism.gov.in/,Official City-Level Data Not Found,https://data.tourism.gov.in/,Official City-Level Data Not Found,https://data.tourism.gov.in/,Official City-Level Data Not Found,https://data.tourism.gov.in/,"No official city-level visitation statistics published by Ministry of Tourism, ASI, or State Tourism Department.",None Available,,Not Available,Low,Official city-level data not found. Value not fabricated as per Authenticity Rule (Unknown != 0).,,,49.11,,,,,49.11,Medium,0.0%,Low,Official city-level demand data not available. Score not calculated to prevent fabrication.,No,No,No,No,"Official city-level data not found in Ministry of Tourism, ASI or State Department publications. Preserved as Not Available.",Calibrated Model Baseline
445,Pilibhit,Uttar Pradesh,Pilibhit,,Not Available at City Level,Not Available at City Level,Not Available at City Level,,,Not Available at City Level,Not Available at City Level,Not Available at City Level,Not Available at City Level,Not Available at City Level,Not Available at City Level,,,,,,,,,Official City-Level Data Not Found,https://data.tourism.gov.in/,Official City-Level Data Not Found,https://data.tourism.gov.in/,Official City-Level Data Not Found,https://data.tourism.gov.in/,Official City-Level Data Not Found,https://data.tourism.gov.in/,"No official city-level visitation statistics published by Ministry of Tourism, ASI, or State Tourism Department.",None Available,,Not Available,Low,Official city-level data not found. Value not fabricated as per Authenticity Rule (Unknown != 0).,,,61.03,,,,,61.03,High,0.0%,Low,Official city-level demand data not available. Score not calculated to prevent fabrication.,No,No,No,No,"Official city-level data not found in Ministry of Tourism, ASI or State Department publications. Preserved as Not Available.",Calibrated Model Baseline
446,Prayagraj,Uttar Pradesh,Prayagraj,2023.0,44900000,3800,44903800,2023.0,2023.0,18,Uttar Pradesh,18500000,8,Nepal,1400,99.99,0.01,11815.79,38200000.0,2100.0,17.54,80.95,17.54,Uttar Pradesh Tourism Department & Prayagraj Mela Authority,https://uptourism.gov.in/,Uttar Pradesh Tourism Department & Prayagraj Mela Authority,https://uptourism.gov.in/,Uttar Pradesh Tourism Department & Prayagraj Mela Authority,https://uptourism.gov.in/,Uttar Pradesh Tourism Department & Prayagraj Mela Authority,https://uptourism.gov.in/,Official annual pilgrim and tourist footfall recorded at Sangam and city shrines.,State Tourism Department,2023.0,Verified,High,Ground-truth city/destination visitation documented by official government source.,88.73,48.42,60.73,37.47,59.24,19.86,38.96,60.73,High,100.0%,High,Calculated using available-weight approach over 7 active demand features (100.0% completeness).,Yes,Yes,Yes,Yes,Direct city-level tourist visitation verified from State Tourism Department.,Verified Ground Truth
447,Rae Bareli,Uttar Pradesh,Rae Bareli,,Not Available at City Level,Not Available at City Level,Not Available at City Level,,,Not Available at City Level,Not Available at City Level,Not Available at City Level,Not Available at City Level,Not Available at City Level,Not Available at City Level,,,,,,,,,Official City-Level Data Not Found,https://data.tourism.gov.in/,Official City-Level Data Not Found,https://data.tourism.gov.in/,Official City-Level Data Not Found,https://data.tourism.gov.in/,Official City-Level Data Not Found,https://data.tourism.gov.in/,"No official city-level visitation statistics published by Ministry of Tourism, ASI, or State Tourism Department.",None Available,,Not Available,Low,Official city-level data not found. Value not fabricated as per Authenticity Rule (Unknown != 0).,,,50.23,,,,,50.23,Medium,0.0%,Low,Official city-level demand data not available. Score not calculated to prevent fabrication.,No,No,No,No,"Official city-level data not found in Ministry of Tourism, ASI or State Department publications. Preserved as Not Available.",Calibrated Model Baseline
448,Rampur,Uttar Pradesh,Rampur,,Not Available at City Level,Not Available at City Level,Not Available at City Level,,,Not Available at City Level,Not Available at City Level,Not Available at City Level,Not Available at City Level,Not Available at City Level,Not Available at City Level,,,,,,,,,Official City-Level Data Not Found,https://data.tourism.gov.in/,Official City-Level Data Not Found,https://data.tourism.gov.in/,Official City-Level Data Not Found,https://data.tourism.gov.in/,Official City-Level Data Not Found,https://data.tourism.gov.in/,"No official city-level visitation statistics published by Ministry of Tourism, ASI, or State Tourism Department.",None Available,,Not Available,Low,Official city-level data not found. Value not fabricated as per Authenticity Rule (Unknown != 0).,,,53.11,,,,,53.11,Medium,0.0%,Low,Official city-level demand data not available. Score not calculated to prevent fabrication.,No,No,No,No,"Official city-level data not found in Ministry of Tourism, ASI or State Department publications. Preserved as Not Available.",Calibrated Model Baseline
449,Saharanpur,Uttar Pradesh,Saharanpur,,Not Available at City Level,Not Available at City Level,Not Available at City Level,,,Not Available at City Level,Not Available at City Level,Not Available at City Level,Not Available at City Level,Not Available at City Level,Not Available at City Level,,,,,,,,,Official City-Level Data Not Found,https://data.tourism.gov.in/,Official City-Level Data Not Found,https://data.tourism.gov.in/,Official City-Level Data Not Found,https://data.tourism.gov.in/,Official City-Level Data Not Found,https://data.tourism.gov.in/,"No official city-level visitation statistics published by Ministry of Tourism, ASI, or State Tourism Department.",None Available,,Not Available,Low,Official city-level data not found. Value not fabricated as per Authenticity Rule (Unknown != 0).,,,56.68,,,,,56.68,Medium,0.0%,Low,Official city-level demand data not available. Score not calculated to prevent fabrication.,No,No,No,No,"Official city-level data not found in Ministry of Tourism, ASI or State Department publications. Preserved as Not Available.",Calibrated Model Baseline
450,Sambhal,Uttar Pradesh,Sambhal,,Not Available at City Level,Not Available at City Level,Not Available at City Level,,,Not Available at City Level,Not Available at City Level,Not Available at City Level,Not Available at City Level,Not Available at City Level,Not Available at City Level,,,,,,,,,Official City-Level Data Not Found,https://data.tourism.gov.in/,Official City-Level Data Not Found,https://data.tourism.gov.in/,Official City-Level Data Not Found,https://data.tourism.gov.in/,Official City-Level Data Not Found,https://data.tourism.gov.in/,"No official city-level visitation statistics published by Ministry of Tourism, ASI, or State Tourism Department.",None Available,,Not Available,Low,Official city-level data not found. Value not fabricated as per Authenticity Rule (Unknown != 0).,,,52.17,,,,,52.17,Medium,0.0%,Low,Official city-level demand data not available. Score not calculated to prevent fabrication.,No,No,No,No,"Official city-level data not found in Ministry of Tourism, ASI or State Department publications. Preserved as Not Available.",Calibrated Model Baseline
451,Shahjahanpur,Uttar Pradesh,Shahjahanpur,,Not Available at City Level,Not Available at City Level,Not Available at City Level,,,Not Available at City Level,Not Available at City Level,Not Available at City Level,Not Available at City Level,Not Available at City Level,Not Available at City Level,,,,,,,,,Official City-Level Data Not Found,https://data.tourism.gov.in/,Official City-Level Data Not Found,https://data.tourism.gov.in/,Official City-Level Data Not Found,https://data.tourism.gov.in/,Official City-Level Data Not Found,https://data.tourism.gov.in/,"No official city-level visitation statistics published by Ministry of Tourism, ASI, or State Tourism Department.",None Available,,Not Available,Low,Official city-level data not found. Value not fabricated as per Authenticity Rule (Unknown != 0).,,,52.13,,,,,52.13,Medium,0.0%,Low,Official city-level demand data not available. Score not calculated to prevent fabrication.,No,No,No,No,"Official city-level data not found in Ministry of Tourism, ASI or State Department publications. Preserved as Not Available.",Calibrated Model Baseline
452,Sitapur,Uttar Pradesh,Sitapur,,Not Available at City Level,Not Available at City Level,Not Available at City Level,,,Not Available at City Level,Not Available at City Level,Not Available at City Level,Not Available at City Level,Not Available at City Level,Not Available at City Level,,,,,,,,,Official City-Level Data Not Found,https://data.tourism.gov.in/,Official City-Level Data Not Found,https://data.tourism.gov.in/,Official City-Level Data Not Found,https://data.tourism.gov.in/,Official City-Level Data Not Found,https://data.tourism.gov.in/,"No official city-level visitation statistics published by Ministry of Tourism, ASI, or State Tourism Department.",None Available,,Not Available,Low,Official city-level data not found. Value not fabricated as per Authenticity Rule (Unknown != 0).,,,51.72,,,,,51.72,Medium,0.0%,Low,Official city-level demand data not available. Score not calculated to prevent fabrication.,No,No,No,No,"Official city-level data not found in Ministry of Tourism, ASI or State Department publications. Preserved as Not Available.",Calibrated Model Baseline
453,Sultanpur,Uttar Pradesh,Sultanpur,,Not Available at City Level,Not Available at City Level,Not Available at City Level,,,Not Available at City Level,Not Available at City Level,Not Available at City Level,Not Available at City Level,Not Available at City Level,Not Available at City Level,,,,,,,,,Official City-Level Data Not Found,https://data.tourism.gov.in/,Official City-Level Data Not Found,https://data.tourism.gov.in/,Official City-Level Data Not Found,https://data.tourism.gov.in/,Official City-Level Data Not Found,https://data.tourism.gov.in/,"No official city-level visitation statistics published by Ministry of Tourism, ASI, or State Tourism Department.",None Available,,Not Available,Low,Official city-level data not found. Value not fabricated as per Authenticity Rule (Unknown != 0).,,,51.34,,,,,51.34,Medium,0.0%,Low,Official city-level demand data not available. Score not calculated to prevent fabrication.,No,No,No,No,"Official city-level data not found in Ministry of Tourism, ASI or State Department publications. Preserved as Not Available.",Calibrated Model Baseline
454,Tehri,Uttar Pradesh,Tehri Garhwal,,Not Available at City Level,Not Available at City Level,Not Available at City Level,,,Not Available at City Level,Not Available at City Level,Not Available at City Level,Not Available at City Level,Not Available at City Level,Not Available at City Level,,,,,,,,,Official City-Level Data Not Found,https://data.tourism.gov.in/,Official City-Level Data Not Found,https://data.tourism.gov.in/,Official City-Level Data Not Found,https://data.tourism.gov.in/,Official City-Level Data Not Found,https://data.tourism.gov.in/,"No official city-level visitation statistics published by Ministry of Tourism, ASI, or State Tourism Department.",None Available,,Not Available,Low,Official city-level data not found. Value not fabricated as per Authenticity Rule (Unknown != 0).,,,51.11,,,,,51.11,Medium,0.0%,Low,Official city-level demand data not available. Score not calculated to prevent fabrication.,No,No,No,No,"Official city-level data not found in Ministry of Tourism, ASI or State Department publications. Preserved as Not Available.",Calibrated Model Baseline
455,Varanasi,Uttar Pradesh,Varanasi,2024.0,109791000,309000,110100000,2024.0,2024.0,25,Uttar Pradesh,38500000,20,Japan,52000,99.72,0.28,355.31,101890000.0,185000.0,7.75,67.03,7.86,Uttar Pradesh Tourism Department & MoT Market Research,https://uptourism.gov.in/,Uttar Pradesh Tourism Department & MoT Market Research,https://uptourism.gov.in/,Uttar Pradesh Tourism Department & MoT Market Research,https://uptourism.gov.in/,Uttar Pradesh Tourism Department & MoT Market Research,https://uptourism.gov.in/,Official annual city tourist visits released by UP Tourism; reflects post-Kashi Vishwanath Corridor expansion.,State Tourism Department,2024.0,Verified,High,Ground-truth city/destination visitation documented by official government source.,96.49,85.15,85.51,86.97,100.0,76.43,35.44,85.51,Very High,100.0%,High,Calculated using available-weight approach over 7 active demand features (100.0% completeness).,Yes,Yes,Yes,Yes,Direct city-level tourist visitation verified from State Tourism Department.,Verified Ground Truth
456,Almora,Uttarakhand,Almora,,Not Available at City Level,Not Available at City Level,Not Available at City Level,,,Not Available at City Level,Not Available at City Level,Not Available at City Level,Not Available at City Level,Not Available at City Level,Not Available at City Level,,,,,,,,,Official City-Level Data Not Found,https://data.tourism.gov.in/,Official City-Level Data Not Found,https://data.tourism.gov.in/,Official City-Level Data Not Found,https://data.tourism.gov.in/,Official City-Level Data Not Found,https://data.tourism.gov.in/,"No official city-level visitation statistics published by Ministry of Tourism, ASI, or State Tourism Department.",None Available,,Not Available,Low,Official city-level data not found. Value not fabricated as per Authenticity Rule (Unknown != 0).,,,65.18,,,,,65.18,High,0.0%,Low,Official city-level demand data not available. Score not calculated to prevent fabrication.,No,No,No,No,"Official city-level data not found in Ministry of Tourism, ASI or State Department publications. Preserved as Not Available.",Calibrated Model Baseline
457,Dehra Dun,Uttarakhand,Dehradun,2023.0,3250000,24000,3274000,2023.0,2023.0,16,Delhi,1250000,12,United Kingdom,5400,99.27,0.73,135.42,2750000.0,12000.0,18.18,100.0,18.54,Uttarakhand Tourism Development Board (UTDB),https://uttarakhandtourism.gov.in/,Uttarakhand Tourism Development Board (UTDB),https://uttarakhandtourism.gov.in/,Uttarakhand Tourism Development Board (UTDB),https://uttarakhandtourism.gov.in/,Uttarakhand Tourism Development Board (UTDB),https://uttarakhandtourism.gov.in/,Official tourist arrivals published by UTDB for state capital gateway.,State Tourism Department,2023.0,Verified,High,Ground-truth city/destination visitation documented by official government source.,65.92,63.81,55.96,42.68,47.59,38.71,39.32,55.96,Medium,100.0%,High,Calculated using available-weight approach over 7 active demand features (100.0% completeness).,Yes,Yes,Yes,Yes,Direct city-level tourist visitation verified from State Tourism Department.,Verified Ground Truth
458,Haridwar,Uttarakhand,Haridwar,2023.0,26400000,18200,26418200,2023.0,2023.0,22,Uttar Pradesh,9200000,12,United States,4200,99.93,0.07,1450.55,22500000.0,9500.0,17.33,91.58,17.36,Uttarakhand Tourism Development Board (UTDB),https://uttarakhandtourism.gov.in/,Uttarakhand Tourism Development Board (UTDB),https://uttarakhandtourism.gov.in/,Uttarakhand Tourism Development Board (UTDB),https://uttarakhandtourism.gov.in/,Uttarakhand Tourism Development Board (UTDB),https://uttarakhandtourism.gov.in/,Official annual pilgrim and tourist footfall recorded at Har Ki Pauri and Haridwar shrines.,State Tourism Department,2023.0,Verified,High,Ground-truth city/destination visitation documented by official government source.,84.11,61.5,67.79,58.32,82.53,38.71,38.89,67.79,High,100.0%,High,Calculated using available-weight approach over 7 active demand features (100.0% completeness).,Yes,Yes,Yes,Yes,Direct city-level tourist visitation verified from State Tourism Department.,Verified Ground Truth
459,Mussoorie,Uttarakhand,Dehradun,2023.0,2650000,12500,2662500,2023.0,2023.0,16,Delhi,1100000,10,United Kingdom,3100,99.53,0.47,212.0,2280000.0,6200.0,16.23,101.61,16.46,Uttarakhand Tourism Development Board (UTDB),https://uttarakhandtourism.gov.in/,Uttarakhand Tourism Development Board (UTDB),https://uttarakhandtourism.gov.in/,Uttarakhand Tourism Development Board (UTDB),https://uttarakhandtourism.gov.in/,Uttarakhand Tourism Development Board (UTDB),https://uttarakhandtourism.gov.in/,Official tourist footfall published by UTDB for 'Queen of the Hills'.,State Tourism Department,2023.0,Verified,High,Ground-truth city/destination visitation documented by official government source.,64.15,58.36,52.62,37.47,47.59,29.29,38.56,52.62,Medium,100.0%,High,Calculated using available-weight approach over 7 active demand features (100.0% completeness).,Yes,Yes,Yes,Yes,Direct city-level tourist visitation verified from State Tourism Department.,Verified Ground Truth
460,Nainital,Uttarakhand,Nainital,2023.0,2100000,8900,2108900,2023.0,2023.0,15,Uttar Pradesh,850000,9,United Kingdom,2100,99.58,0.42,235.96,1820000.0,4100.0,15.38,117.07,15.61,Uttarakhand Tourism Development Board (UTDB),https://uttarakhandtourism.gov.in/,Uttarakhand Tourism Development Board (UTDB),https://uttarakhandtourism.gov.in/,Uttarakhand Tourism Development Board (UTDB),https://uttarakhandtourism.gov.in/,Uttarakhand Tourism Development Board (UTDB),https://uttarakhandtourism.gov.in/,Official tourist arrivals published by UTDB for Lake District.,State Tourism Department,2023.0,Verified,High,Ground-truth city/destination visitation documented by official government source.,62.13,55.52,49.64,32.26,41.76,24.57,38.26,49.64,Medium,100.0%,High,Calculated using available-weight approach over 7 active demand features (100.0% completeness).,Yes,Yes,Yes,Yes,Direct city-level tourist visitation verified from State Tourism Department.,Verified Ground Truth
461,Pithoragarh,Uttarakhand,Pithoragarh,,Not Available at City Level,Not Available at City Level,Not Available at City Level,,,Not Available at City Level,Not Available at City Level,Not Available at City Level,Not Available at City Level,Not Available at City Level,Not Available at City Level,,,,,,,,,Official City-Level Data Not Found,https://data.tourism.gov.in/,Official City-Level Data Not Found,https://data.tourism.gov.in/,Official City-Level Data Not Found,https://data.tourism.gov.in/,Official City-Level Data Not Found,https://data.tourism.gov.in/,"No official city-level visitation statistics published by Ministry of Tourism, ASI, or State Tourism Department.",None Available,,Not Available,Low,Official city-level data not found. Value not fabricated as per Authenticity Rule (Unknown != 0).,,,57.59,,,,,57.59,Medium,0.0%,Low,Official city-level demand data not available. Score not calculated to prevent fabrication.,No,No,No,No,"Official city-level data not found in Ministry of Tourism, ASI or State Department publications. Preserved as Not Available.",Calibrated Model Baseline
462,Alipore,West Bengal,South 24 Parganas,,Not Available at City Level,Not Available at City Level,Not Available at City Level,,,Not Available at City Level,Not Available at City Level,Not Available at City Level,Not Available at City Level,Not Available at City Level,Not Available at City Level,,,,,,,,,Official City-Level Data Not Found,https://data.tourism.gov.in/,Official City-Level Data Not Found,https://data.tourism.gov.in/,Official City-Level Data Not Found,https://data.tourism.gov.in/,Official City-Level Data Not Found,https://data.tourism.gov.in/,"No official city-level visitation statistics published by Ministry of Tourism, ASI, or State Tourism Department.",None Available,,Not Available,Low,Official city-level data not found. Value not fabricated as per Authenticity Rule (Unknown != 0).,,,51.39,,,,,51.39,Medium,0.0%,Low,Official city-level demand data not available. Score not calculated to prevent fabrication.,No,No,No,No,"Official city-level data not found in Ministry of Tourism, ASI or State Department publications. Preserved as Not Available.",Calibrated Model Baseline
463,Alipur Duar,West Bengal,Alipurduar,,Not Available at City Level,Not Available at City Level,Not Available at City Level,,,Not Available at City Level,Not Available at City Level,Not Available at City Level,Not Available at City Level,Not Available at City Level,Not Available at City Level,,,,,,,,,Official City-Level Data Not Found,https://data.tourism.gov.in/,Official City-Level Data Not Found,https://data.tourism.gov.in/,Official City-Level Data Not Found,https://data.tourism.gov.in/,Official City-Level Data Not Found,https://data.tourism.gov.in/,"No official city-level visitation statistics published by Ministry of Tourism, ASI, or State Tourism Department.",None Available,,Not Available,Low,Official city-level data not found. Value not fabricated as per Authenticity Rule (Unknown != 0).,,,50.85,,,,,50.85,Medium,0.0%,Low,Official city-level demand data not available. Score not calculated to prevent fabrication.,No,No,No,No,"Official city-level data not found in Ministry of Tourism, ASI or State Department publications. Preserved as Not Available.",Calibrated Model Baseline
464,Asansol,West Bengal,Paschim Bardhaman,,Not Available at City Level,Not Available at City Level,Not Available at City Level,,,Not Available at City Level,Not Available at City Level,Not Available at City Level,Not Available at City Level,Not Available at City Level,Not Available at City Level,,,,,,,,,Official City-Level Data Not Found,https://data.tourism.gov.in/,Official City-Level Data Not Found,https://data.tourism.gov.in/,Official City-Level Data Not Found,https://data.tourism.gov.in/,Official City-Level Data Not Found,https://data.tourism.gov.in/,"No official city-level visitation statistics published by Ministry of Tourism, ASI, or State Tourism Department.",None Available,,Not Available,Low,Official city-level data not found. Value not fabricated as per Authenticity Rule (Unknown != 0).,,,52.94,,,,,52.94,Medium,0.0%,Low,Official city-level demand data not available. Score not calculated to prevent fabrication.,No,No,No,No,"Official city-level data not found in Ministry of Tourism, ASI or State Department publications. Preserved as Not Available.",Calibrated Model Baseline
465,Baharampur,West Bengal,Murshidabad,,Not Available at City Level,Not Available at City Level,Not Available at City Level,,,Not Available at City Level,Not Available at City Level,Not Available at City Level,Not Available at City Level,Not Available at City Level,Not Available at City Level,,,,,,,,,Official City-Level Data Not Found,https://data.tourism.gov.in/,Official City-Level Data Not Found,https://data.tourism.gov.in/,Official City-Level Data Not Found,https://data.tourism.gov.in/,Official City-Level Data Not Found,https://data.tourism.gov.in/,"No official city-level visitation statistics published by Ministry of Tourism, ASI, or State Tourism Department.",None Available,,Not Available,Low,Official city-level data not found. Value not fabricated as per Authenticity Rule (Unknown != 0).,,,46.31,,,,,46.31,Medium,0.0%,Low,Official city-level demand data not available. Score not calculated to prevent fabrication.,No,No,No,No,"Official city-level data not found in Ministry of Tourism, ASI or State Department publications. Preserved as Not Available.",Calibrated Model Baseline
466,Bally,West Bengal,Howrah,,Not Available at City Level,Not Available at City Level,Not Available at City Level,,,Not Available at City Level,Not Available at City Level,Not Available at City Level,Not Available at City Level,Not Available at City Level,Not Available at City Level,,,,,,,,,Official City-Level Data Not Found,https://data.tourism.gov.in/,Official City-Level Data Not Found,https://data.tourism.gov.in/,Official City-Level Data Not Found,https://data.tourism.gov.in/,Official City-Level Data Not Found,https://data.tourism.gov.in/,"No official city-level visitation statistics published by Ministry of Tourism, ASI, or State Tourism Department.",None Available,,Not Available,Low,Official city-level data not found. Value not fabricated as per Authenticity Rule (Unknown != 0).,,,44.56,,,,,44.56,Medium,0.0%,Low,Official city-level demand data not available. Score not calculated to prevent fabrication.,No,No,No,No,"Official city-level data not found in Ministry of Tourism, ASI or State Department publications. Preserved as Not Available.",Calibrated Model Baseline
467,Balurghat,West Bengal,Dakshin Dinajpur,,Not Available at City Level,Not Available at City Level,Not Available at City Level,,,Not Available at City Level,Not Available at City Level,Not Available at City Level,Not Available at City Level,Not Available at City Level,Not Available at City Level,,,,,,,,,Official City-Level Data Not Found,https://data.tourism.gov.in/,Official City-Level Data Not Found,https://data.tourism.gov.in/,Official City-Level Data Not Found,https://data.tourism.gov.in/,Official City-Level Data Not Found,https://data.tourism.gov.in/,"No official city-level visitation statistics published by Ministry of Tourism, ASI, or State Tourism Department.",None Available,,Not Available,Low,Official city-level data not found. Value not fabricated as per Authenticity Rule (Unknown != 0).,,,46.7,,,,,46.7,Medium,0.0%,Low,Official city-level demand data not available. Score not calculated to prevent fabrication.,No,No,No,No,"Official city-level data not found in Ministry of Tourism, ASI or State Department publications. Preserved as Not Available.",Calibrated Model Baseline
468,Bankura,West Bengal,Bankura,,Not Available at City Level,Not Available at City Level,Not Available at City Level,,,Not Available at City Level,Not Available at City Level,Not Available at City Level,Not Available at City Level,Not Available at City Level,Not Available at City Level,,,,,,,,,Official City-Level Data Not Found,https://data.tourism.gov.in/,Official City-Level Data Not Found,https://data.tourism.gov.in/,Official City-Level Data Not Found,https://data.tourism.gov.in/,Official City-Level Data Not Found,https://data.tourism.gov.in/,"No official city-level visitation statistics published by Ministry of Tourism, ASI, or State Tourism Department.",None Available,,Not Available,Low,Official city-level data not found. Value not fabricated as per Authenticity Rule (Unknown != 0).,,,53.1,,,,,53.1,Medium,0.0%,Low,Official city-level demand data not available. Score not calculated to prevent fabrication.,No,No,No,No,"Official city-level data not found in Ministry of Tourism, ASI or State Department publications. Preserved as Not Available.",Calibrated Model Baseline
469,Baranagar,West Bengal,North 24 Parganas,,Not Available at City Level,Not Available at City Level,Not Available at City Level,,,Not Available at City Level,Not Available at City Level,Not Available at City Level,Not Available at City Level,Not Available at City Level,Not Available at City Level,,,,,,,,,Official City-Level Data Not Found,https://data.tourism.gov.in/,Official City-Level Data Not Found,https://data.tourism.gov.in/,Official City-Level Data Not Found,https://data.tourism.gov.in/,Official City-Level Data Not Found,https://data.tourism.gov.in/,"No official city-level visitation statistics published by Ministry of Tourism, ASI, or State Tourism Department.",None Available,,Not Available,Low,Official city-level data not found. Value not fabricated as per Authenticity Rule (Unknown != 0).,,,44.41,,,,,44.41,Medium,0.0%,Low,Official city-level demand data not available. Score not calculated to prevent fabrication.,No,No,No,No,"Official city-level data not found in Ministry of Tourism, ASI or State Department publications. Preserved as Not Available.",Calibrated Model Baseline
470,Barasat,West Bengal,North 24 Parganas,,Not Available at City Level,Not Available at City Level,Not Available at City Level,,,Not Available at City Level,Not Available at City Level,Not Available at City Level,Not Available at City Level,Not Available at City Level,Not Available at City Level,,,,,,,,,Official City-Level Data Not Found,https://data.tourism.gov.in/,Official City-Level Data Not Found,https://data.tourism.gov.in/,Official City-Level Data Not Found,https://data.tourism.gov.in/,Official City-Level Data Not Found,https://data.tourism.gov.in/,"No official city-level visitation statistics published by Ministry of Tourism, ASI, or State Tourism Department.",None Available,,Not Available,Low,Official city-level data not found. Value not fabricated as per Authenticity Rule (Unknown != 0).,,,46.25,,,,,46.25,Medium,0.0%,Low,Official city-level demand data not available. Score not calculated to prevent fabrication.,No,No,No,No,"Official city-level data not found in Ministry of Tourism, ASI or State Department publications. Preserved as Not Available.",Calibrated Model Baseline
471,Barrackpore,West Bengal,North 24 Parganas,,Not Available at City Level,Not Available at City Level,Not Available at City Level,,,Not Available at City Level,Not Available at City Level,Not Available at City Level,Not Available at City Level,Not Available at City Level,Not Available at City Level,,,,,,,,,Official City-Level Data Not Found,https://data.tourism.gov.in/,Official City-Level Data Not Found,https://data.tourism.gov.in/,Official City-Level Data Not Found,https://data.tourism.gov.in/,Official City-Level Data Not Found,https://data.tourism.gov.in/,"No official city-level visitation statistics published by Ministry of Tourism, ASI, or State Tourism Department.",None Available,,Not Available,Low,Official city-level data not found. Value not fabricated as per Authenticity Rule (Unknown != 0).,,,48.04,,,,,48.04,Medium,0.0%,Low,Official city-level demand data not available. Score not calculated to prevent fabrication.,No,No,No,No,"Official city-level data not found in Ministry of Tourism, ASI or State Department publications. Preserved as Not Available.",Calibrated Model Baseline
472,Basirhat,West Bengal,North 24 Parganas,,Not Available at City Level,Not Available at City Level,Not Available at City Level,,,Not Available at City Level,Not Available at City Level,Not Available at City Level,Not Available at City Level,Not Available at City Level,Not Available at City Level,,,,,,,,,Official City-Level Data Not Found,https://data.tourism.gov.in/,Official City-Level Data Not Found,https://data.tourism.gov.in/,Official City-Level Data Not Found,https://data.tourism.gov.in/,Official City-Level Data Not Found,https://data.tourism.gov.in/,"No official city-level visitation statistics published by Ministry of Tourism, ASI, or State Tourism Department.",None Available,,Not Available,Low,Official city-level data not found. Value not fabricated as per Authenticity Rule (Unknown != 0).,,,44.97,,,,,44.97,Medium,0.0%,Low,Official city-level demand data not available. Score not calculated to prevent fabrication.,No,No,No,No,"Official city-level data not found in Ministry of Tourism, ASI or State Department publications. Preserved as Not Available.",Calibrated Model Baseline
473,Bhatpara,West Bengal,North 24 Parganas,,Not Available at City Level,Not Available at City Level,Not Available at City Level,,,Not Available at City Level,Not Available at City Level,Not Available at City Level,Not Available at City Level,Not Available at City Level,Not Available at City Level,,,,,,,,,Official City-Level Data Not Found,https://data.tourism.gov.in/,Official City-Level Data Not Found,https://data.tourism.gov.in/,Official City-Level Data Not Found,https://data.tourism.gov.in/,Official City-Level Data Not Found,https://data.tourism.gov.in/,"No official city-level visitation statistics published by Ministry of Tourism, ASI, or State Tourism Department.",None Available,,Not Available,Low,Official city-level data not found. Value not fabricated as per Authenticity Rule (Unknown != 0).,,,45.02,,,,,45.02,Medium,0.0%,Low,Official city-level demand data not available. Score not calculated to prevent fabrication.,No,No,No,No,"Official city-level data not found in Ministry of Tourism, ASI or State Department publications. Preserved as Not Available.",Calibrated Model Baseline
474,Bishnupur,West Bengal,Bankura,2023.0,196991,464,197455,2023.0,2023.0,10,West Bengal,145000,6,France,140,99.77,0.23,424.55,165000.0,210.0,19.39,120.95,19.52,Archaeological Survey of India / Ministry of Tourism Compendium 2024 (Table 4.2.3),https://data.tourism.gov.in/,Archaeological Survey of India / Ministry of Tourism Compendium 2024 (Table 4.2.3),https://data.tourism.gov.in/,Archaeological Survey of India / Ministry of Tourism Compendium 2024 (Table 4.2.3),https://data.tourism.gov.in/,Archaeological Survey of India / Ministry of Tourism Compendium 2024 (Table 4.2.3),https://data.tourism.gov.in/,Centrally protected ticketed terracotta temples footfall at Bishnupur from ASI Table 4.2.3.,Government of India (ASI),2023.0,Verified,High,Ground-truth city/destination visitation documented by official government source.,41.57,30.87,30.22,11.42,12.65,10.43,39.68,30.22,Low,100.0%,High,Calculated using available-weight approach over 7 active demand features (100.0% completeness).,Yes,Yes,Yes,Yes,Direct city-level tourist visitation verified from Government of India (ASI).,Verified Ground Truth
475,Budge Budge,West Bengal,South 24 Parganas,,Not Available at City Level,Not Available at City Level,Not Available at City Level,,,Not Available at City Level,Not Available at City Level,Not Available at City Level,Not Available at City Level,Not Available at City Level,Not Available at City Level,,,,,,,,,Official City-Level Data Not Found,https://data.tourism.gov.in/,Official City-Level Data Not Found,https://data.tourism.gov.in/,Official City-Level Data Not Found,https://data.tourism.gov.in/,Official City-Level Data Not Found,https://data.tourism.gov.in/,"No official city-level visitation statistics published by Ministry of Tourism, ASI, or State Tourism Department.",None Available,,Not Available,Low,Official city-level data not found. Value not fabricated as per Authenticity Rule (Unknown != 0).,,,44.69,,,,,44.69,Medium,0.0%,Low,Official city-level demand data not available. Score not calculated to prevent fabrication.,No,No,No,No,"Official city-level data not found in Ministry of Tourism, ASI or State Department publications. Preserved as Not Available.",Calibrated Model Baseline
476,Burdwan,West Bengal,Purba Bardhaman,,Not Available at City Level,Not Available at City Level,Not Available at City Level,,,Not Available at City Level,Not Available at City Level,Not Available at City Level,Not Available at City Level,Not Available at City Level,Not Available at City Level,,,,,,,,,Official City-Level Data Not Found,https://data.tourism.gov.in/,Official City-Level Data Not Found,https://data.tourism.gov.in/,Official City-Level Data Not Found,https://data.tourism.gov.in/,Official City-Level Data Not Found,https://data.tourism.gov.in/,"No official city-level visitation statistics published by Ministry of Tourism, ASI, or State Tourism Department.",None Available,,Not Available,Low,Official city-level data not found. Value not fabricated as per Authenticity Rule (Unknown != 0).,,,50.5,,,,,50.5,Medium,0.0%,Low,Official city-level demand data not available. Score not calculated to prevent fabrication.,No,No,No,No,"Official city-level data not found in Ministry of Tourism, ASI or State Department publications. Preserved as Not Available.",Calibrated Model Baseline
477,Chandernagore,West Bengal,Hooghly,,Not Available at City Level,Not Available at City Level,Not Available at City Level,,,Not Available at City Level,Not Available at City Level,Not Available at City Level,Not Available at City Level,Not Available at City Level,Not Available at City Level,,,,,,,,,Official City-Level Data Not Found,https://data.tourism.gov.in/,Official City-Level Data Not Found,https://data.tourism.gov.in/,Official City-Level Data Not Found,https://data.tourism.gov.in/,Official City-Level Data Not Found,https://data.tourism.gov.in/,"No official city-level visitation statistics published by Ministry of Tourism, ASI, or State Tourism Department.",None Available,,Not Available,Low,Official city-level data not found. Value not fabricated as per Authenticity Rule (Unknown != 0).,,,48.49,,,,,48.49,Medium,0.0%,Low,Official city-level demand data not available. Score not calculated to prevent fabrication.,No,No,No,No,"Official city-level data not found in Ministry of Tourism, ASI or State Department publications. Preserved as Not Available.",Calibrated Model Baseline
478,Darjeeling,West Bengal,Darjeeling,2023.0,1450000,38000,1488000,2023.0,2023.0,18,West Bengal,780000,16,United Kingdom,8500,97.45,2.55,38.16,1220000.0,18500.0,18.85,105.41,20.15,"Department of Tourism, Government of West Bengal & GTA",https://wbtourism.gov.in/,"Department of Tourism, Government of West Bengal & GTA",https://wbtourism.gov.in/,"Department of Tourism, Government of West Bengal & GTA",https://wbtourism.gov.in/,"Department of Tourism, Government of West Bengal & GTA",https://wbtourism.gov.in/,Official tourist arrivals published for Darjeeling hill destination.,State Tourism Department / GTA,2023.0,Verified,High,Ground-truth city/destination visitation documented by official government source.,58.91,67.64,58.62,58.32,59.24,57.57,39.91,58.62,Medium,100.0%,High,Calculated using available-weight approach over 7 active demand features (100.0% completeness).,Yes,Yes,Yes,Yes,Direct city-level tourist visitation verified from State Tourism Department / GTA.,Verified Ground Truth
479,Diamond Harbour,West Bengal,South 24 Parganas,,Not Available at City Level,Not Available at City Level,Not Available at City Level,,,Not Available at City Level,Not Available at City Level,Not Available at City Level,Not Available at City Level,Not Available at City Level,Not Available at City Level,,,,,,,,,Official City-Level Data Not Found,https://data.tourism.gov.in/,Official City-Level Data Not Found,https://data.tourism.gov.in/,Official City-Level Data Not Found,https://data.tourism.gov.in/,Official City-Level Data Not Found,https://data.tourism.gov.in/,"No official city-level visitation statistics published by Ministry of Tourism, ASI, or State Tourism Department.",None Available,,Not Available,Low,Official city-level data not found. Value not fabricated as per Authenticity Rule (Unknown != 0).,,,44.07,,,,,44.07,Medium,0.0%,Low,Official city-level demand data not available. Score not calculated to prevent fabrication.,No,No,No,No,"Official city-level data not found in Ministry of Tourism, ASI or State Department publications. Preserved as Not Available.",Calibrated Model Baseline
480,Dum Dum,West Bengal,North 24 Parganas,,Not Available at City Level,Not Available at City Level,Not Available at City Level,,,Not Available at City Level,Not Available at City Level,Not Available at City Level,Not Available at City Level,Not Available at City Level,Not Available at City Level,,,,,,,,,Official City-Level Data Not Found,https://data.tourism.gov.in/,Official City-Level Data Not Found,https://data.tourism.gov.in/,Official City-Level Data Not Found,https://data.tourism.gov.in/,Official City-Level Data Not Found,https://data.tourism.gov.in/,"No official city-level visitation statistics published by Ministry of Tourism, ASI, or State Tourism Department.",None Available,,Not Available,Low,Official city-level data not found. Value not fabricated as per Authenticity Rule (Unknown != 0).,,,47.01,,,,,47.01,Medium,0.0%,Low,Official city-level demand data not available. Score not calculated to prevent fabrication.,No,No,No,No,"Official city-level data not found in Ministry of Tourism, ASI or State Department publications. Preserved as Not Available.",Calibrated Model Baseline
481,Durgapur,West Bengal,Paschim Bardhaman,,Not Available at City Level,Not Available at City Level,Not Available at City Level,,,Not Available at City Level,Not Available at City Level,Not Available at City Level,Not Available at City Level,Not Available at City Level,Not Available at City Level,,,,,,,,,Official City-Level Data Not Found,https://data.tourism.gov.in/,Official City-Level Data Not Found,https://data.tourism.gov.in/,Official City-Level Data Not Found,https://data.tourism.gov.in/,Official City-Level Data Not Found,https://data.tourism.gov.in/,"No official city-level visitation statistics published by Ministry of Tourism, ASI, or State Tourism Department.",None Available,,Not Available,Low,Official city-level data not found. Value not fabricated as per Authenticity Rule (Unknown != 0).,,,49.0,,,,,49.0,Medium,0.0%,Low,Official city-level demand data not available. Score not calculated to prevent fabrication.,No,No,No,No,"Official city-level data not found in Ministry of Tourism, ASI or State Department publications. Preserved as Not Available.",Calibrated Model Baseline
482,Halisahar,West Bengal,North 24 Parganas,,Not Available at City Level,Not Available at City Level,Not Available at City Level,,,Not Available at City Level,Not Available at City Level,Not Available at City Level,Not Available at City Level,Not Available at City Level,Not Available at City Level,,,,,,,,,Official City-Level Data Not Found,https://data.tourism.gov.in/,Official City-Level Data Not Found,https://data.tourism.gov.in/,Official City-Level Data Not Found,https://data.tourism.gov.in/,Official City-Level Data Not Found,https://data.tourism.gov.in/,"No official city-level visitation statistics published by Ministry of Tourism, ASI, or State Tourism Department.",None Available,,Not Available,Low,Official city-level data not found. Value not fabricated as per Authenticity Rule (Unknown != 0).,,,44.36,,,,,44.36,Medium,0.0%,Low,Official city-level demand data not available. Score not calculated to prevent fabrication.,No,No,No,No,"Official city-level data not found in Ministry of Tourism, ASI or State Department publications. Preserved as Not Available.",Calibrated Model Baseline
483,Haora,West Bengal,Howrah,,Not Available at City Level,Not Available at City Level,Not Available at City Level,,,Not Available at City Level,Not Available at City Level,Not Available at City Level,Not Available at City Level,Not Available at City Level,Not Available at City Level,,,,,,,,,Official City-Level Data Not Found,https://data.tourism.gov.in/,Official City-Level Data Not Found,https://data.tourism.gov.in/,Official City-Level Data Not Found,https://data.tourism.gov.in/,Official City-Level Data Not Found,https://data.tourism.gov.in/,"No official city-level visitation statistics published by Ministry of Tourism, ASI, or State Tourism Department.",None Available,,Not Available,Low,Official city-level data not found. Value not fabricated as per Authenticity Rule (Unknown != 0).,,,48.76,,,,,48.76,Medium,0.0%,Low,Official city-level demand data not available. Score not calculated to prevent fabrication.,No,No,No,No,"Official city-level data not found in Ministry of Tourism, ASI or State Department publications. Preserved as Not Available.",Calibrated Model Baseline
484,Hugli,West Bengal,Hooghly,,Not Available at City Level,Not Available at City Level,Not Available at City Level,,,Not Available at City Level,Not Available at City Level,Not Available at City Level,Not Available at City Level,Not Available at City Level,Not Available at City Level,,,,,,,,,Official City-Level Data Not Found,https://data.tourism.gov.in/,Official City-Level Data Not Found,https://data.tourism.gov.in/,Official City-Level Data Not Found,https://data.tourism.gov.in/,Official City-Level Data Not Found,https://data.tourism.gov.in/,"No official city-level visitation statistics published by Ministry of Tourism, ASI, or State Tourism Department.",None Available,,Not Available,Low,Official city-level data not found. Value not fabricated as per Authenticity Rule (Unknown != 0).,,,48.8,,,,,48.8,Medium,0.0%,Low,Official city-level demand data not available. Score not calculated to prevent fabrication.,No,No,No,No,"Official city-level data not found in Ministry of Tourism, ASI or State Department publications. Preserved as Not Available.",Calibrated Model Baseline
485,Ingraj Bazar,West Bengal,Malda,,Not Available at City Level,Not Available at City Level,Not Available at City Level,,,Not Available at City Level,Not Available at City Level,Not Available at City Level,Not Available at City Level,Not Available at City Level,Not Available at City Level,,,,,,,,,Official City-Level Data Not Found,https://data.tourism.gov.in/,Official City-Level Data Not Found,https://data.tourism.gov.in/,Official City-Level Data Not Found,https://data.tourism.gov.in/,Official City-Level Data Not Found,https://data.tourism.gov.in/,"No official city-level visitation statistics published by Ministry of Tourism, ASI, or State Tourism Department.",None Available,,Not Available,Low,Official city-level data not found. Value not fabricated as per Authenticity Rule (Unknown != 0).,,,47.75,,,,,47.75,Medium,0.0%,Low,Official city-level demand data not available. Score not calculated to prevent fabrication.,No,No,No,No,"Official city-level data not found in Ministry of Tourism, ASI or State Department publications. Preserved as Not Available.",Calibrated Model Baseline
486,Jalpaiguri,West Bengal,Jalpaiguri,,Not Available at City Level,Not Available at City Level,Not Available at City Level,,,Not Available at City Level,Not Available at City Level,Not Available at City Level,Not Available at City Level,Not Available at City Level,Not Available at City Level,,,,,,,,,Official City-Level Data Not Found,https://data.tourism.gov.in/,Official City-Level Data Not Found,https://data.tourism.gov.in/,Official City-Level Data Not Found,https://data.tourism.gov.in/,Official City-Level Data Not Found,https://data.tourism.gov.in/,"No official city-level visitation statistics published by Ministry of Tourism, ASI, or State Tourism Department.",None Available,,Not Available,Low,Official city-level data not found. Value not fabricated as per Authenticity Rule (Unknown != 0).,,,54.6,,,,,54.6,Medium,0.0%,Low,Official city-level demand data not available. Score not calculated to prevent fabrication.,No,No,No,No,"Official city-level data not found in Ministry of Tourism, ASI or State Department publications. Preserved as Not Available.",Calibrated Model Baseline
487,Kalimpong,West Bengal,Kalimpong,2023.0,480000,8500,488500,2023.0,2023.0,14,West Bengal,260000,10,France,1800,98.26,1.74,56.47,410000.0,4200.0,17.07,102.38,17.94,"Department of Tourism, Government of West Bengal",https://wbtourism.gov.in/,"Department of Tourism, Government of West Bengal",https://wbtourism.gov.in/,"Department of Tourism, Government of West Bengal",https://wbtourism.gov.in/,"Department of Tourism, Government of West Bengal",https://wbtourism.gov.in/,Official tourist arrival records from West Bengal Tourism.,State Tourism Department,2023.0,Verified,High,Ground-truth city/destination visitation documented by official government source.,49.31,55.14,44.43,32.26,35.94,29.29,39.1,44.43,Medium,100.0%,High,Calculated using available-weight approach over 7 active demand features (100.0% completeness).,Yes,Yes,Yes,Yes,Direct city-level tourist visitation verified from State Tourism Department.,Verified Ground Truth
488,Kamarhati,West Bengal,North 24 Parganas,,Not Available at City Level,Not Available at City Level,Not Available at City Level,,,Not Available at City Level,Not Available at City Level,Not Available at City Level,Not Available at City Level,Not Available at City Level,Not Available at City Level,,,,,,,,,Official City-Level Data Not Found,https://data.tourism.gov.in/,Official City-Level Data Not Found,https://data.tourism.gov.in/,Official City-Level Data Not Found,https://data.tourism.gov.in/,Official City-Level Data Not Found,https://data.tourism.gov.in/,"No official city-level visitation statistics published by Ministry of Tourism, ASI, or State Tourism Department.",None Available,,Not Available,Low,Official city-level data not found. Value not fabricated as per Authenticity Rule (Unknown != 0).,,,44.54,,,,,44.54,Medium,0.0%,Low,Official city-level demand data not available. Score not calculated to prevent fabrication.,No,No,No,No,"Official city-level data not found in Ministry of Tourism, ASI or State Department publications. Preserved as Not Available.",Calibrated Model Baseline
489,Kanchrapara,West Bengal,North 24 Parganas,,Not Available at City Level,Not Available at City Level,Not Available at City Level,,,Not Available at City Level,Not Available at City Level,Not Available at City Level,Not Available at City Level,Not Available at City Level,Not Available at City Level,,,,,,,,,Official City-Level Data Not Found,https://data.tourism.gov.in/,Official City-Level Data Not Found,https://data.tourism.gov.in/,Official City-Level Data Not Found,https://data.tourism.gov.in/,Official City-Level Data Not Found,https://data.tourism.gov.in/,"No official city-level visitation statistics published by Ministry of Tourism, ASI, or State Tourism Department.",None Available,,Not Available,Low,Official city-level data not found. Value not fabricated as per Authenticity Rule (Unknown != 0).,,,41.7,,,,,41.7,Medium,0.0%,Low,Official city-level demand data not available. Score not calculated to prevent fabrication.,No,No,No,No,"Official city-level data not found in Ministry of Tourism, ASI or State Department publications. Preserved as Not Available.",Calibrated Model Baseline
490,Kharagpur,West Bengal,Paschim Medinipur,,Not Available at City Level,Not Available at City Level,Not Available at City Level,,,Not Available at City Level,Not Available at City Level,Not Available at City Level,Not Available at City Level,Not Available at City Level,Not Available at City Level,,,,,,,,,Official City-Level Data Not Found,https://data.tourism.gov.in/,Official City-Level Data Not Found,https://data.tourism.gov.in/,Official City-Level Data Not Found,https://data.tourism.gov.in/,Official City-Level Data Not Found,https://data.tourism.gov.in/,"No official city-level visitation statistics published by Ministry of Tourism, ASI, or State Tourism Department.",None Available,,Not Available,Low,Official city-level data not found. Value not fabricated as per Authenticity Rule (Unknown != 0).,,,51.0,,,,,51.0,Medium,0.0%,Low,Official city-level demand data not available. Score not calculated to prevent fabrication.,No,No,No,No,"Official city-level data not found in Ministry of Tourism, ASI or State Department publications. Preserved as Not Available.",Calibrated Model Baseline
491,Cooch Behar,West Bengal,Cooch Behar,2023.0,685216,150,685366,2023.0,2023.0,10,Assam,290000,5,Bangladesh,85,99.98,0.02,4568.11,580000.0,75.0,18.14,100.0,18.15,Archaeological Survey of India / Ministry of Tourism Compendium 2024 (Table 4.2.3),https://data.tourism.gov.in/,Archaeological Survey of India / Ministry of Tourism Compendium 2024 (Table 4.2.3),https://data.tourism.gov.in/,Archaeological Survey of India / Ministry of Tourism Compendium 2024 (Table 4.2.3),https://data.tourism.gov.in/,Archaeological Survey of India / Ministry of Tourism Compendium 2024 (Table 4.2.3),https://data.tourism.gov.in/,Centrally protected ticketed monument footfall at Cooch Behar Palace from ASI Table 4.2.3.,Government of India (ASI),2023.0,Verified,High,Ground-truth city/destination visitation documented by official government source.,52.4,21.48,31.89,8.82,12.65,5.71,39.18,31.89,Low,100.0%,High,Calculated using available-weight approach over 7 active demand features (100.0% completeness).,Yes,Yes,Yes,Yes,Direct city-level tourist visitation verified from Government of India (ASI).,Verified Ground Truth
492,Kolkata,West Bengal,Kolkata,2023.0,14800000,1250000,16050000,2023.0,2023.0,22,Bihar,3200000,22,Bangladesh,580000,92.21,7.79,11.84,12600000.0,680000.0,17.46,83.82,20.86,"Department of Tourism, Government of West Bengal & MoT Compendium 2024",https://wbtourism.gov.in/,"Department of Tourism, Government of West Bengal & MoT Compendium 2024",https://wbtourism.gov.in/,"Department of Tourism, Government of West Bengal & MoT Compendium 2024",https://wbtourism.gov.in/,"Department of Tourism, Government of West Bengal & MoT Compendium 2024",https://wbtourism.gov.in/,Official city tourist arrival statistics from West Bengal Tourism; major international port and cultural center.,State Tourism Department,2023.0,Verified,High,Ground-truth city/destination visitation documented by official government source.,79.09,96.82,80.39,84.37,82.53,85.86,40.16,80.39,Very High,100.0%,High,Calculated using available-weight approach over 7 active demand features (100.0% completeness).,Yes,Yes,Yes,Yes,Direct city-level tourist visitation verified from State Tourism Department.,Verified Ground Truth
493,Krishnanagar,West Bengal,Nadia,,Not Available at City Level,Not Available at City Level,Not Available at City Level,,,Not Available at City Level,Not Available at City Level,Not Available at City Level,Not Available at City Level,Not Available at City Level,Not Available at City Level,,,,,,,,,Official City-Level Data Not Found,https://data.tourism.gov.in/,Official City-Level Data Not Found,https://data.tourism.gov.in/,Official City-Level Data Not Found,https://data.tourism.gov.in/,Official City-Level Data Not Found,https://data.tourism.gov.in/,"No official city-level visitation statistics published by Ministry of Tourism, ASI, or State Tourism Department.",None Available,,Not Available,Low,Official city-level data not found. Value not fabricated as per Authenticity Rule (Unknown != 0).,,,46.41,,,,,46.41,Medium,0.0%,Low,Official city-level demand data not available. Score not calculated to prevent fabrication.,No,No,No,No,"Official city-level data not found in Ministry of Tourism, ASI or State Department publications. Preserved as Not Available.",Calibrated Model Baseline
494,Malda,West Bengal,Malda,,Not Available at City Level,Not Available at City Level,Not Available at City Level,,,Not Available at City Level,Not Available at City Level,Not Available at City Level,Not Available at City Level,Not Available at City Level,Not Available at City Level,,,,,,,,,Official City-Level Data Not Found,https://data.tourism.gov.in/,Official City-Level Data Not Found,https://data.tourism.gov.in/,Official City-Level Data Not Found,https://data.tourism.gov.in/,Official City-Level Data Not Found,https://data.tourism.gov.in/,"No official city-level visitation statistics published by Ministry of Tourism, ASI, or State Tourism Department.",None Available,,Not Available,Low,Official city-level data not found. Value not fabricated as per Authenticity Rule (Unknown != 0).,,,60.15,,,,,60.15,High,0.0%,Low,Official city-level demand data not available. Score not calculated to prevent fabrication.,No,No,No,No,"Official city-level data not found in Ministry of Tourism, ASI or State Department publications. Preserved as Not Available.",Calibrated Model Baseline
495,Midnapore,West Bengal,Paschim Medinipur,,Not Available at City Level,Not Available at City Level,Not Available at City Level,,,Not Available at City Level,Not Available at City Level,Not Available at City Level,Not Available at City Level,Not Available at City Level,Not Available at City Level,,,,,,,,,Official City-Level Data Not Found,https://data.tourism.gov.in/,Official City-Level Data Not Found,https://data.tourism.gov.in/,Official City-Level Data Not Found,https://data.tourism.gov.in/,Official City-Level Data Not Found,https://data.tourism.gov.in/,"No official city-level visitation statistics published by Ministry of Tourism, ASI, or State Tourism Department.",None Available,,Not Available,Low,Official city-level data not found. Value not fabricated as per Authenticity Rule (Unknown != 0).,,,46.41,,,,,46.41,Medium,0.0%,Low,Official city-level demand data not available. Score not calculated to prevent fabrication.,No,No,No,No,"Official city-level data not found in Ministry of Tourism, ASI or State Department publications. Preserved as Not Available.",Calibrated Model Baseline
496,Murshidabad,West Bengal,Murshidabad,2023.0,983025,1454,984479,2023.0,2023.0,14,West Bengal,680000,8,Bangladesh,520,99.85,0.15,676.08,820000.0,650.0,19.88,123.69,19.96,Archaeological Survey of India / Ministry of Tourism Compendium 2024 (Table 4.2.3),https://data.tourism.gov.in/,Archaeological Survey of India / Ministry of Tourism Compendium 2024 (Table 4.2.3),https://data.tourism.gov.in/,Archaeological Survey of India / Ministry of Tourism Compendium 2024 (Table 4.2.3),https://data.tourism.gov.in/,Archaeological Survey of India / Ministry of Tourism Compendium 2024 (Table 4.2.3),https://data.tourism.gov.in/,Centrally protected ticketed monument footfall at Hazarduari Palace from ASI Table 4.2.3.,Government of India (ASI),2023.0,Verified,High,Ground-truth city/destination visitation documented by official government source.,55.53,40.4,42.56,27.05,35.94,19.86,39.84,42.56,Medium,100.0%,High,Calculated using available-weight approach over 7 active demand features (100.0% completeness).,Yes,Yes,Yes,Yes,Direct city-level tourist visitation verified from Government of India (ASI).,Verified Ground Truth
497,Nabadwip,West Bengal,Nadia,,Not Available at City Level,Not Available at City Level,Not Available at City Level,,,Not Available at City Level,Not Available at City Level,Not Available at City Level,Not Available at City Level,Not Available at City Level,Not Available at City Level,,,,,,,,,Official City-Level Data Not Found,https://data.tourism.gov.in/,Official City-Level Data Not Found,https://data.tourism.gov.in/,Official City-Level Data Not Found,https://data.tourism.gov.in/,Official City-Level Data Not Found,https://data.tourism.gov.in/,"No official city-level visitation statistics published by Ministry of Tourism, ASI, or State Tourism Department.",None Available,,Not Available,Low,Official city-level data not found. Value not fabricated as per Authenticity Rule (Unknown != 0).,,,45.26,,,,,45.26,Medium,0.0%,Low,Official city-level demand data not available. Score not calculated to prevent fabrication.,No,No,No,No,"Official city-level data not found in Ministry of Tourism, ASI or State Department publications. Preserved as Not Available.",Calibrated Model Baseline
498,Palashi,West Bengal,Nadia,,Not Available at City Level,Not Available at City Level,Not Available at City Level,,,Not Available at City Level,Not Available at City Level,Not Available at City Level,Not Available at City Level,Not Available at City Level,Not Available at City Level,,,,,,,,,Official City-Level Data Not Found,https://data.tourism.gov.in/,Official City-Level Data Not Found,https://data.tourism.gov.in/,Official City-Level Data Not Found,https://data.tourism.gov.in/,Official City-Level Data Not Found,https://data.tourism.gov.in/,"No official city-level visitation statistics published by Ministry of Tourism, ASI, or State Tourism Department.",None Available,,Not Available,Low,Official city-level data not found. Value not fabricated as per Authenticity Rule (Unknown != 0).,,,46.57,,,,,46.57,Medium,0.0%,Low,Official city-level demand data not available. Score not calculated to prevent fabrication.,No,No,No,No,"Official city-level data not found in Ministry of Tourism, ASI or State Department publications. Preserved as Not Available.",Calibrated Model Baseline
499,Panihati,West Bengal,North 24 Parganas,,Not Available at City Level,Not Available at City Level,Not Available at City Level,,,Not Available at City Level,Not Available at City Level,Not Available at City Level,Not Available at City Level,Not Available at City Level,Not Available at City Level,,,,,,,,,Official City-Level Data Not Found,https://data.tourism.gov.in/,Official City-Level Data Not Found,https://data.tourism.gov.in/,Official City-Level Data Not Found,https://data.tourism.gov.in/,Official City-Level Data Not Found,https://data.tourism.gov.in/,"No official city-level visitation statistics published by Ministry of Tourism, ASI, or State Tourism Department.",None Available,,Not Available,Low,Official city-level data not found. Value not fabricated as per Authenticity Rule (Unknown != 0).,,,44.24,,,,,44.24,Medium,0.0%,Low,Official city-level demand data not available. Score not calculated to prevent fabrication.,No,No,No,No,"Official city-level data not found in Ministry of Tourism, ASI or State Department publications. Preserved as Not Available.",Calibrated Model Baseline
500,Purulia,West Bengal,Purulia,,Not Available at City Level,Not Available at City Level,Not Available at City Level,,,Not Available at City Level,Not Available at City Level,Not Available at City Level,Not Available at City Level,Not Available at City Level,Not Available at City Level,,,,,,,,,Official City-Level Data Not Found,https://data.tourism.gov.in/,Official City-Level Data Not Found,https://data.tourism.gov.in/,Official City-Level Data Not Found,https://data.tourism.gov.in/,Official City-Level Data Not Found,https://data.tourism.gov.in/,"No official city-level visitation statistics published by Ministry of Tourism, ASI, or State Tourism Department.",None Available,,Not Available,Low,Official city-level data not found. Value not fabricated as per Authenticity Rule (Unknown != 0).,,,49.72,,,,,49.72,Medium,0.0%,Low,Official city-level demand data not available. Score not calculated to prevent fabrication.,No,No,No,No,"Official city-level data not found in Ministry of Tourism, ASI or State Department publications. Preserved as Not Available.",Calibrated Model Baseline
501,Raiganj,West Bengal,Uttar Dinajpur,,Not Available at City Level,Not Available at City Level,Not Available at City Level,,,Not Available at City Level,Not Available at City Level,Not Available at City Level,Not Available at City Level,Not Available at City Level,Not Available at City Level,,,,,,,,,Official City-Level Data Not Found,https://data.tourism.gov.in/,Official City-Level Data Not Found,https://data.tourism.gov.in/,Official City-Level Data Not Found,https://data.tourism.gov.in/,Official City-Level Data Not Found,https://data.tourism.gov.in/,"No official city-level visitation statistics published by Ministry of Tourism, ASI, or State Tourism Department.",None Available,,Not Available,Low,Official city-level data not found. Value not fabricated as per Authenticity Rule (Unknown != 0).,,,48.21,,,,,48.21,Medium,0.0%,Low,Official city-level demand data not available. Score not calculated to prevent fabrication.,No,No,No,No,"Official city-level data not found in Ministry of Tourism, ASI or State Department publications. Preserved as Not Available.",Calibrated Model Baseline
502,Santipur,West Bengal,Nadia,,Not Available at City Level,Not Available at City Level,Not Available at City Level,,,Not Available at City Level,Not Available at City Level,Not Available at City Level,Not Available at City Level,Not Available at City Level,Not Available at City Level,,,,,,,,,Official City-Level Data Not Found,https://data.tourism.gov.in/,Official City-Level Data Not Found,https://data.tourism.gov.in/,Official City-Level Data Not Found,https://data.tourism.gov.in/,Official City-Level Data Not Found,https://data.tourism.gov.in/,"No official city-level visitation statistics published by Ministry of Tourism, ASI, or State Tourism Department.",None Available,,Not Available,Low,Official city-level data not found. Value not fabricated as per Authenticity Rule (Unknown != 0).,,,47.3,,,,,47.3,Medium,0.0%,Low,Official city-level demand data not available. Score not calculated to prevent fabrication.,No,No,No,No,"Official city-level data not found in Ministry of Tourism, ASI or State Department publications. Preserved as Not Available.",Calibrated Model Baseline
503,Shantiniketan,West Bengal,Birbhum,,Not Available at City Level,Not Available at City Level,Not Available at City Level,,,Not Available at City Level,Not Available at City Level,Not Available at City Level,Not Available at City Level,Not Available at City Level,Not Available at City Level,,,,,,,,,Official City-Level Data Not Found,https://data.tourism.gov.in/,Official City-Level Data Not Found,https://data.tourism.gov.in/,Official City-Level Data Not Found,https://data.tourism.gov.in/,Official City-Level Data Not Found,https://data.tourism.gov.in/,"No official city-level visitation statistics published by Ministry of Tourism, ASI, or State Tourism Department.",None Available,,Not Available,Low,Official city-level data not found. Value not fabricated as per Authenticity Rule (Unknown != 0).,,,54.24,,,,,54.24,Medium,0.0%,Low,Official city-level demand data not available. Score not calculated to prevent fabrication.,No,No,No,No,"Official city-level data not found in Ministry of Tourism, ASI or State Department publications. Preserved as Not Available.",Calibrated Model Baseline
504,Shrirampur,West Bengal,Hooghly,,Not Available at City Level,Not Available at City Level,Not Available at City Level,,,Not Available at City Level,Not Available at City Level,Not Available at City Level,Not Available at City Level,Not Available at City Level,Not Available at City Level,,,,,,,,,Official City-Level Data Not Found,https://data.tourism.gov.in/,Official City-Level Data Not Found,https://data.tourism.gov.in/,Official City-Level Data Not Found,https://data.tourism.gov.in/,Official City-Level Data Not Found,https://data.tourism.gov.in/,"No official city-level visitation statistics published by Ministry of Tourism, ASI, or State Tourism Department.",None Available,,Not Available,Low,Official city-level data not found. Value not fabricated as per Authenticity Rule (Unknown != 0).,,,47.51,,,,,47.51,Medium,0.0%,Low,Official city-level demand data not available. Score not calculated to prevent fabrication.,No,No,No,No,"Official city-level data not found in Ministry of Tourism, ASI or State Department publications. Preserved as Not Available.",Calibrated Model Baseline
505,Siliguri,West Bengal,Darjeeling,,Not Available at City Level,Not Available at City Level,Not Available at City Level,,,Not Available at City Level,Not Available at City Level,Not Available at City Level,Not Available at City Level,Not Available at City Level,Not Available at City Level,,,,,,,,,Official City-Level Data Not Found,https://data.tourism.gov.in/,Official City-Level Data Not Found,https://data.tourism.gov.in/,Official City-Level Data Not Found,https://data.tourism.gov.in/,Official City-Level Data Not Found,https://data.tourism.gov.in/,"No official city-level visitation statistics published by Ministry of Tourism, ASI, or State Tourism Department.",None Available,,Not Available,Low,Official city-level data not found. Value not fabricated as per Authenticity Rule (Unknown != 0).,,,54.05,,,,,54.05,Medium,0.0%,Low,Official city-level demand data not available. Score not calculated to prevent fabrication.,No,No,No,No,"Official city-level data not found in Ministry of Tourism, ASI or State Department publications. Preserved as Not Available.",Calibrated Model Baseline
506,Siuri,West Bengal,Birbhum,,Not Available at City Level,Not Available at City Level,Not Available at City Level,,,Not Available at City Level,Not Available at City Level,Not Available at City Level,Not Available at City Level,Not Available at City Level,Not Available at City Level,,,,,,,,,Official City-Level Data Not Found,https://data.tourism.gov.in/,Official City-Level Data Not Found,https://data.tourism.gov.in/,Official City-Level Data Not Found,https://data.tourism.gov.in/,Official City-Level Data Not Found,https://data.tourism.gov.in/,"No official city-level visitation statistics published by Ministry of Tourism, ASI, or State Tourism Department.",None Available,,Not Available,Low,Official city-level data not found. Value not fabricated as per Authenticity Rule (Unknown != 0).,,,46.95,,,,,46.95,Medium,0.0%,Low,Official city-level demand data not available. Score not calculated to prevent fabrication.,No,No,No,No,"Official city-level data not found in Ministry of Tourism, ASI or State Department publications. Preserved as Not Available.",Calibrated Model Baseline
507,Tamluk,West Bengal,Purba Medinipur,,Not Available at City Level,Not Available at City Level,Not Available at City Level,,,Not Available at City Level,Not Available at City Level,Not Available at City Level,Not Available at City Level,Not Available at City Level,Not Available at City Level,,,,,,,,,Official City-Level Data Not Found,https://data.tourism.gov.in/,Official City-Level Data Not Found,https://data.tourism.gov.in/,Official City-Level Data Not Found,https://data.tourism.gov.in/,Official City-Level Data Not Found,https://data.tourism.gov.in/,"No official city-level visitation statistics published by Ministry of Tourism, ASI, or State Tourism Department.",None Available,,Not Available,Low,Official city-level data not found. Value not fabricated as per Authenticity Rule (Unknown != 0).,,,49.7,,,,,49.7,Medium,0.0%,Low,Official city-level demand data not available. Score not calculated to prevent fabrication.,No,No,No,No,"Official city-level data not found in Ministry of Tourism, ASI or State Department publications. Preserved as Not Available.",Calibrated Model Baseline
508,Titagarh,West Bengal,North 24 Parganas,,Not Available at City Level,Not Available at City Level,Not Available at City Level,,,Not Available at City Level,Not Available at City Level,Not Available at City Level,Not Available at City Level,Not Available at City Level,Not Available at City Level,,,,,,,,,Official City-Level Data Not Found,https://data.tourism.gov.in/,Official City-Level Data Not Found,https://data.tourism.gov.in/,Official City-Level Data Not Found,https://data.tourism.gov.in/,Official City-Level Data Not Found,https://data.tourism.gov.in/,"No official city-level visitation statistics published by Ministry of Tourism, ASI, or State Tourism Department.",None Available,,Not Available,Low,Official city-level data not found. Value not fabricated as per Authenticity Rule (Unknown != 0).,,,43.4,,,,,43.4,Medium,0.0%,Low,Official city-level demand data not available. Score not calculated to prevent fabrication.,No,No,No,No,"Official city-level data not found in Ministry of Tourism, ASI or State Department publications. Preserved as Not Available.",Calibrated Model Baseline
