id,name,state,category,latitude,longitude,price_range,rating,review_count,description,best_season,image_url
11201,Attawa Village (Sector 42),Chandigarh,attraction,30.722,76.753,budget,4.3,2518,"Attawa is an ancient pre-city village enclave integrated into Sector 42 right next to the New Lake and Beant Singh Memorial. It maintains old multi-story brick havelis, traditional grain grinding facilities, and vibrant neighbourhood sweet shops.",Oct-Feb,https://thumb.wikimedia.org/wikipedia/commons/thumb/7/72/Overzicht_van_de_palmentuin_-_Paramaribo_-_20417693_-_RCE.jpg/960px-Overzicht_van_de_palmentuin_-_Paramaribo_-_20417693_-_RCE.jpg?utm_source=en.wikipedia.org&utm_campaign=api&utm_content=thumbnail
11202,Badheri Village (Sector 41),Chandigarh,attraction,30.728,76.748,budget,4.6,3388,"Badheri is an ancient settlement incorporated into Sector 41 that retains narrow brick alleys, 150-year-old wooden haveli doorways, community shrines, and bustling traditional sweetmeat and spice shops that operated long before Chandigarh was drafted on paper.",Oct-Feb,https://thumb.wikimedia.org/wikipedia/commons/thumb/9/95/Leisure_valley%2C_Chandigarh.jpg/960px-Leisure_valley%2C_Chandigarh.jpg?utm_source=en.wikipedia.org&utm_campaign=api&utm_content=thumbnail
11203,Bamboo Garden,Chandigarh,attraction,30.734,76.7695,budget,4.1,227,"Located in Sector 23 along the southern Leisure Valley belt, the Bamboo Garden is a specialized 10-acre botanical sanctuary cultivating over 16 distinct species of bamboo and canes including giant timber bamboo, golden bamboo, and Buddha belly bamboo.",Oct-Feb,https://thumb.wikimedia.org/wikipedia/commons/thumb/8/88/Saihouji-kokedera01.jpg/960px-Saihouji-kokedera01.jpg?utm_source=en.wikipedia.org&utm_campaign=api&utm_content=thumbnail
11204,Beant Singh Memorial,Chandigarh,attraction,30.725,76.745,budget,4.1,1112,"Spread over 14 acres in Sector 42, the Beant Singh Memorial commemorates former Punjab Chief Minister Sardar Beant Singh. The complex features an elegant memorial dome, an open-air amphitheatre, sprawling lawns, and an extensive public library and art gallery.",Oct-Feb,https://thumb.wikimedia.org/wikipedia/commons/thumb/2/22/Rose_Garden_%2CChandigarh%2CIndia.jpg/960px-Rose_Garden_%2CChandigarh%2CIndia.jpg?utm_source=en.wikipedia.org&utm_campaign=api&utm_content=thumbnail
11205,Behlana Village,Chandigarh,attraction,30.686,76.799,budget,4.2,1931,"Located in south-eastern Chandigarh adjacent to the Chandigarh Air Force Station and international airport runway, Behlana is an old rural village surrounded by agricultural fields, village ponds, and folk shrines where aircraft roar overhead across rustic pastoral fields.",Oct-Feb,https://upload.wikimedia.org/wikipedia/commons/0/05/Chandigarh_Capitol_Complex_-_Le_Corbusier_-_Open_hand_monument.jpg?utm_source=en.wikipedia.org&utm_campaign=api&utm_content=thumbnail_unscaled
11206,Botanical Garden Lakes Sarangpur,Chandigarh,attraction,30.771,76.756,mid,4.5,6603,"Located within the sprawling 176-acre Chandigarh Botanical Garden & Nature Reserve at Sarangpur, this cluster of five interconnected artificial lakes features aquatic lotus beds, water lily lagoons, arched wooden walkways, and resident moorhens.",Oct-Feb,https://upload.wikimedia.org/wikipedia/commons/3/3b/Peacock_Park%2C_Miami.jpg?utm_source=en.wikipedia.org&utm_campaign=api&utm_content=thumbnail_unscaled
11207,Botanical Garden Panjab University,Chandigarh,attraction,30.7602,76.7688,mid,4.2,2454,"Established in 1960 within Panjab University Sector 14, this 16-acre academic botanical garden houses an extensive collection of rare gymnosperms, ferns, medicinal plants, a lotus pond, and a historic glasshouse conservatory used for advanced botanical research.",Oct-Feb,https://upload.wikimedia.org/wikipedia/commons/0/05/Chandigarh_Capitol_Complex_-_Le_Corbusier_-_Open_hand_monument.jpg?utm_source=en.wikipedia.org&utm_campaign=api&utm_content=thumbnail_unscaled
11208,Botanical Garden Sector 1,Chandigarh,attraction,30.7592,76.8045,mid,4.0,890,"Positioned near the high-security northern perimeter of the Capitol Complex in Sector 1, this botanical sanctuary protects native dry-deciduous flora of the Shivalik hills, medicinal herbs, and rare perennial species in landscaped rockeries and micro-ponds.",Oct-Feb,https://upload.wikimedia.org/wikipedia/commons/3/3b/Peacock_Park%2C_Miami.jpg?utm_source=en.wikipedia.org&utm_campaign=api&utm_content=thumbnail_unscaled
11209,Bougainvillea Park,Chandigarh,attraction,30.757863,76.796672,budget,4.6,5212,"Bougainvillea Park is a renowned recreation landmark situated in Chandigarh, Chandigarh district of Chandigarh. The destination attracts visitors seeking authentic regional heritage, architectural grandeur, and picturesque surroundings. It plays an integral role in the cultural landscape and local tourism identity of the region.",Oct-Feb,https://thumb.wikimedia.org/wikipedia/commons/thumb/e/e6/Sukhna_Lake_Chandigarh_India.jpg/960px-Sukhna_Lake_Chandigarh_India.jpg?utm_source=en.wikipedia.org&utm_campaign=api&utm_content=thumbnail
11210,Burail Fort & Village (Sector 45),Chandigarh,attraction,30.7125,76.769,mid,4.3,3369,"Burail is an ancient fortified settlement located in Sector 45 that predates Chandigarh by over four centuries. It preserves remnants of an old Mughal and Sikh period brick fort (Burail Fort), an ancient stepwell site, historic gurudwaras, and one of the liveliest traditional fabric and garment bazaars in the union territory.",Oct-Feb,https://upload.wikimedia.org/wikipedia/commons/3/3b/Peacock_Park%2C_Miami.jpg?utm_source=en.wikipedia.org&utm_campaign=api&utm_content=thumbnail_unscaled
11211,Butrela Village (Sector 41),Chandigarh,attraction,30.725,76.751,budget,4.3,3087,"Adjacent to Badheri in Sector 41, Butrela preserves an authentic community choupal (village hall) where community elders gather, ancient brick havelis, and traditional flour mills (chakkis) preserving the rural social rhythm amidst modern residential sectors.",Oct-Feb,https://thumb.wikimedia.org/wikipedia/commons/thumb/8/85/CCA_02.JPG/960px-CCA_02.JPG?utm_source=en.wikipedia.org&utm_campaign=api&utm_content=thumbnail
11212,Butterfly Park (Sector 26 Conservatory),Chandigarh,attraction,30.730556,76.811111,budget,4.4,3246,"Spread over 7 lush acres in Sector 26 opposite the Chandigarh College of Engineering and Technology, created by the Department of Forests & Wildlife, the Butterfly Park is a dedicated ecological sanctuary specifically designed to nurture and conserve butterflies, planted with hundreds of host and nectar-rich larval plants (including citrus, passiflora, lantana, and calotropis) that attract over 35 vibrant indigenous butterfly species, including the Common Mormon, Plain Tiger, Lime Butterfly, and Peacock Pansy.",Oct-Feb,https://thumb.wikimedia.org/wikipedia/commons/thumb/8/80/Butterfly_Park_Portland.jpg/960px-Butterfly_Park_Portland.jpg?utm_source=en.wikipedia.org&utm_campaign=api&utm_content=thumbnail
11213,Cactus Park Ram Darbar,Chandigarh,attraction,30.6995,76.791,budget,4.4,1920,"Located in Ram Darbar in southern Chandigarh, this specialized xerophytic park showcases cold and drought-hardy cacti, agaves, and succulents arranged in artistic rock mounds and sand beds.",Oct-Feb,https://thumb.wikimedia.org/wikipedia/commons/thumb/9/9e/Mani_Majra_Fort%2C_North_side_view_Chandigarh%2C_India_03.JPG/960px-Mani_Majra_Fort%2C_North_side_view_Chandigarh%2C_India_03.JPG?utm_source=en.wikipedia.org&utm_campaign=api&utm_content=thumbnail
11214,Central Park Modern Housing Complex Manimajra,Chandigarh,attraction,30.722,76.844,budget,4.6,5997,"A spacious, meticulously landscaped public park located at the centre of the Modern Housing Complex (MHC) in Manimajra. It features winding tiled walkways, flowering bougainvillea hedges, community gathering gazebos, and well-maintained children play areas.",Oct-Feb,https://thumb.wikimedia.org/wikipedia/commons/thumb/8/85/CCA_02.JPG/960px-CCA_02.JPG?utm_source=en.wikipedia.org&utm_campaign=api&utm_content=thumbnail
11215,Chandigarh College of Architecture (CCA),Chandigarh,attraction,30.765,76.7875,budget,4.6,2549,"Established in 1961 inside the PEC campus in Sector 12, the Chandigarh College of Architecture was designed under the direct guidance of Le Corbusier. Built in exposed concrete and brick with deep light-wells and pilotis, it has nurtured generations of India's leading architects.",Oct-Feb,https://thumb.wikimedia.org/wikipedia/commons/thumb/8/85/CCA_02.JPG/960px-CCA_02.JPG?utm_source=en.wikipedia.org&utm_campaign=api&utm_content=thumbnail
11216,Chandigarh Golf Club,Chandigarh,attraction,30.746,76.808,budget,4.7,5094,"Established in 1962 adjacent to the Sukhna Lake and Capitol Complex in Sector 6, the Chandigarh Golf Club is an internationally acclaimed 7,202-yard, 18-hole championship golf course. Renowned for its tight tree-lined fairways of mango, eucalyptus, and jamun, it has nurtured golf legends like Jeev Milkha Singh.",Oct-Feb,https://thumb.wikimedia.org/wikipedia/commons/thumb/8/85/CCA_02.JPG/960px-CCA_02.JPG?utm_source=en.wikipedia.org&utm_campaign=api&utm_content=thumbnail
11217,Chandigarh Golf Range,Chandigarh,attraction,30.744,76.805,budget,4.4,779,"Located across the road from the Golf Club in Sector 6, this modern municipal driving range features night floodlighting, 72 automated driving bays, dedicated putting greens, and a professional golf training academy accessible to the general public.",Oct-Feb,https://thumb.wikimedia.org/wikipedia/commons/thumb/5/59/Topiary_Park%2C_Columbus%2C_OH.jpg/960px-Topiary_Park%2C_Columbus%2C_OH.jpg?utm_source=en.wikipedia.org&utm_campaign=api&utm_content=thumbnail
11218,Children Park Ram Darbar,Chandigarh,attraction,30.698,76.793,budget,4.1,970,"A dedicated children park in Ram Darbar offering green play lawns, swings, climbing frames, sand pits, and shaded seating pavilions under neem and amaltas trees for parents and families.",Oct-Feb,https://thumb.wikimedia.org/wikipedia/commons/thumb/a/a6/Entrance_of_Sukhna_Wildlife_Sanctuary%2CChandigarh%2C_India.JPG/960px-Entrance_of_Sukhna_Wildlife_Sanctuary%2CChandigarh%2C_India.JPG?utm_source=en.wikipedia.org&utm_campaign=api&utm_content=thumbnail
11219,Chrysanthemum Garden,Chandigarh,attraction,30.7185,76.7725,budget,4.5,2694,An extension within Sector 33's Terraced Garden complex dedicated exclusively to cultivating hundreds of exotic potted and bedded Chrysanthemum varieties. It serves as the primary exhibition ground for the famed annual Chandigarh Chrysanthemum Show every December.,Oct-Feb,https://thumb.wikimedia.org/wikipedia/commons/thumb/9/9e/Mani_Majra_Fort%2C_North_side_view_Chandigarh%2C_India_03.JPG/960px-Mani_Majra_Fort%2C_North_side_view_Chandigarh%2C_India_03.JPG?utm_source=en.wikipedia.org&utm_campaign=api&utm_content=thumbnail
11220,Commemorative Stone Jawahar Park,Chandigarh,attraction,30.7425,76.78,budget,4.2,728,"An engraved red sandstone commemorative monument erected in Jawahar Park (Sector 16) bearing Prime Minister Jawaharlal Nehru's visionary 1952 quote dedicating Chandigarh as 'unfettered by the traditions of the past, a symbol of the nation's faith in the future.'",Oct-Feb,https://thumb.wikimedia.org/wikipedia/commons/thumb/7/72/Overzicht_van_de_palmentuin_-_Paramaribo_-_20417693_-_RCE.jpg/960px-Overzicht_van_de_palmentuin_-_Paramaribo_-_20417693_-_RCE.jpg?utm_source=en.wikipedia.org&utm_campaign=api&utm_content=thumbnail
11221,Commemorative Stone Sector 9,Chandigarh,attraction,30.745,76.791,budget,4.0,817,An important historical commemorative obelisk marker located in Sector 9 commemorating the civic demarcation and development milestones of Chandigarh's administrative sectors by the original planning team.,Oct-Feb,https://upload.wikimedia.org/wikipedia/commons/3/3b/Peacock_Park%2C_Miami.jpg?utm_source=en.wikipedia.org&utm_campaign=api&utm_content=thumbnail_unscaled
11222,Dadu Majra Village,Chandigarh,attraction,30.747,76.733,budget,3.9,950,Dadu Majra is an old rural settlement in western Chandigarh renowned across the region for its traditional mud wrestling pit (akhara) where generations of Punjabi pehlwans (wrestlers) have trained. It hosts vibrant annual rural wrestling tournaments (dangals).,Oct-Feb,https://thumb.wikimedia.org/wikipedia/commons/thumb/e/e6/Sukhna_Lake_Chandigarh_India.jpg/960px-Sukhna_Lake_Chandigarh_India.jpg?utm_source=en.wikipedia.org&utm_campaign=api&utm_content=thumbnail
11223,Dhanas Heritage Village,Chandigarh,attraction,30.765,76.751,budget,4.4,569,"Dhanas is an ancient pre-modernist settlement famous for its historic white marble Shiva temple, traditional terracotta pottery clusters, and village water body that has now become Dhanas Lake. Local potters continue to craft traditional earthenware pots on hand-turned wheels.",Oct-Feb,https://upload.wikimedia.org/wikipedia/commons/3/3b/Peacock_Park%2C_Miami.jpg?utm_source=en.wikipedia.org&utm_campaign=api&utm_content=thumbnail_unscaled
11224,Dhanas Lake,Chandigarh,attraction,30.768,76.749,budget,4.9,4857,"A picturesque natural lake situated on the north-western rim of Chandigarh near Dhanas village. It hosts northern India's largest floating solar plant, solar-powered aeration fountains, and wetland reeds that attract wintering waterfowl, bar-headed geese, and painted storks.",Oct-Feb,https://thumb.wikimedia.org/wikipedia/commons/thumb/5/5e/Garden_of_Silence%2C_Chandigarh.jpg/960px-Garden_of_Silence%2C_Chandigarh.jpg?utm_source=en.wikipedia.org&utm_campaign=api&utm_content=thumbnail
11225,Dream Park Sector 23,Chandigarh,attraction,30.736,76.7725,budget,4.5,6855,"A whimsical community garden in Sector 23 designed with playful landscaping, colourful fiberglass animal sculptures, open green mounded lawns, and recreational equipment for young children.",Oct-Feb,https://thumb.wikimedia.org/wikipedia/commons/thumb/2/22/Rose_Garden_%2CChandigarh%2CIndia.jpg/960px-Rose_Garden_%2CChandigarh%2CIndia.jpg?utm_source=en.wikipedia.org&utm_campaign=api&utm_content=thumbnail
11226,Eiffel Tower Replica,Chandigarh,attraction,30.7071,76.7354,budget,4.1,414,"Eiffel Tower Replica is a renowned recreation landmark situated in Mohali, Chandigarh district of Chandigarh. The destination attracts visitors seeking authentic regional heritage, architectural grandeur, and picturesque surroundings. It plays an integral role in the cultural landscape and local tourism identity of the region.",Oct-Feb,https://thumb.wikimedia.org/wikipedia/commons/thumb/a/a5/Eiffel_Tower_from_the_Seine%2C_17_July_2007.jpg/960px-Eiffel_Tower_from_the_Seine%2C_17_July_2007.jpg?utm_source=en.wikipedia.org&utm_campaign=api&utm_content=thumbnail
11227,Fitness Trails & Flower Garden (Sector 10),Chandigarh,attraction,30.7482,76.787,budget,4.2,2668,"Part of the Sector 10 Leisure Valley sector opposite the Government Museum, this specialized garden combines manicured seasonal flower beds with paved open-air fitness tracks, outdoor gym stations, and shaded benches under jacaranda and amaltas trees.",Oct-Feb,https://thumb.wikimedia.org/wikipedia/commons/thumb/a/a5/Eiffel_Tower_from_the_Seine%2C_17_July_2007.jpg/960px-Eiffel_Tower_from_the_Seine%2C_17_July_2007.jpg?utm_source=en.wikipedia.org&utm_campaign=api&utm_content=thumbnail
11228,Floral Garden Sector 15,Chandigarh,attraction,30.751,76.7745,budget,4.6,5160,"Situated in Sector 15, this floral sanctuary is landscaped with circular geometric flowerbeds, seasonal borders of chrysanthemums and dahlias, rose trellises, and an ornamental central gazebo.",Oct-Feb,https://thumb.wikimedia.org/wikipedia/commons/thumb/9/95/Leisure_valley%2C_Chandigarh.jpg/960px-Leisure_valley%2C_Chandigarh.jpg?utm_source=en.wikipedia.org&utm_campaign=api&utm_content=thumbnail
11229,Garden of Annuals,Chandigarh,attraction,30.718,76.755,budget,4.5,6533,"Situated in Sector 44, this picturesque garden is specifically planned to celebrate seasonal annual flowering plants. Rotating beds feature petunias, pansies, marigolds, phlox, and salvias that create spectacular concentric geometric color patterns throughout winter and spring.",Oct-Feb,https://thumb.wikimedia.org/wikipedia/commons/thumb/a/a5/Chandigarh_Museum_and_Art_Gallery.jpg/960px-Chandigarh_Museum_and_Art_Gallery.jpg?utm_source=en.wikipedia.org&utm_campaign=api&utm_content=thumbnail
11230,Garden of Fragrance (Sector 36 Aromatic Plants),Chandigarh,attraction,30.727778,76.755556,budget,4.7,6205,"Situated in Sector 36 along the southern reach of the Leisure Valley green corridor, the Garden of Fragrance is a sensory horticultural wonderland dedicated to sweet-smelling, aromatic flowering plants and shrubs, planted with exquisite varieties of Raat ki Rani (Night-blooming Jasmine), Motia, Champa, Damask Rose, Mehndi, Har Shringar, and Jasmine that release enchanting fragrances into the evening breeze, accompanied by winding fitness pathways and manicured rolling lawns.",Oct-Feb,https://thumb.wikimedia.org/wikipedia/commons/thumb/e/e6/Sukhna_Lake_Chandigarh_India.jpg/960px-Sukhna_Lake_Chandigarh_India.jpg?utm_source=en.wikipedia.org&utm_campaign=api&utm_content=thumbnail
11231,Garden of Shrubs,Chandigarh,attraction,30.7165,76.757,budget,4.1,671,"Also located in Sector 44, the Garden of Shrubs is an arboricultural park displaying over 50 varieties of evergreen and deciduous flowering shrubs, clipped topiaries, and ornamental hedges that provide year-round greenery and structural landscape beauty.",Oct-Feb,https://thumb.wikimedia.org/wikipedia/commons/thumb/8/80/Butterfly_Park_Portland.jpg/960px-Butterfly_Park_Portland.jpg?utm_source=en.wikipedia.org&utm_campaign=api&utm_content=thumbnail
11232,Garden of Silence (Buddha Peace Garden at Sukhna Lake),Chandigarh,attraction,30.749722,76.829167,budget,4.9,14683,"Situated at the regulatory end of Sukhna Lake near Kishangarh and Bhagwanpura, developed by the Chandigarh Tourism Department, the Garden of Silence is a deeply serene meditative sanctuary centered around a monumental white seated statue of Gautama Buddha on a stepped circular granite plinth, surrounded by concentric paved stone pathways, Roman-style light bollards, and rolling green lawns facing the Shivalik mountains and the lake waters.",Oct-Feb,https://thumb.wikimedia.org/wikipedia/commons/thumb/5/5e/Garden_of_Silence%2C_Chandigarh.jpg/960px-Garden_of_Silence%2C_Chandigarh.jpg?utm_source=en.wikipedia.org&utm_campaign=api&utm_content=thumbnail
11233,Garden of Springs,Chandigarh,attraction,30.712,76.738,budget,4.6,4452,"Nestled in Sector 53, the Garden of Springs is a magnificent 8-acre landscaped park characterised by artificial natural stone springs, stepped cascading waterfalls, meandering water rivulets, and wooden footbridges bordered by weeping willows and irises.",Oct-Feb,https://thumb.wikimedia.org/wikipedia/commons/thumb/7/7e/Muscovy_duck_beside_a_pond.jpg/960px-Muscovy_duck_beside_a_pond.jpg?utm_source=en.wikipedia.org&utm_campaign=api&utm_content=thumbnail
11234,Government College of Art,Chandigarh,attraction,30.7495,76.7865,budget,4.2,1034,"Established in 1875 in Lahore as the Mayo School of Art and re-established in Chandigarh in Sector 10, this premier institution was housed in an iconic exposed-brick and concrete modernist building designed by Le Corbusier. It features student art galleries, outdoor sculpture courtyards, and regular visual arts exhibitions.",Oct-Feb,https://thumb.wikimedia.org/wikipedia/commons/thumb/5/59/Topiary_Park%2C_Columbus%2C_OH.jpg/960px-Topiary_Park%2C_Columbus%2C_OH.jpg?utm_source=en.wikipedia.org&utm_campaign=api&utm_content=thumbnail
11235,Green Park Dadumajra,Chandigarh,attraction,30.748,76.736,budget,4.6,6112,"An open green belt park in Dadumajra with broad grassy fields, indigenous shade trees, jogging paths, and benches that serve as an environmental green buffer for the western sector.",Oct-Feb,https://thumb.wikimedia.org/wikipedia/commons/thumb/9/95/Leisure_valley%2C_Chandigarh.jpg/960px-Leisure_valley%2C_Chandigarh.jpg?utm_source=en.wikipedia.org&utm_campaign=api&utm_content=thumbnail
11236,Gulmohar Garden,Chandigarh,attraction,30.7538,76.772,budget,4.4,798,"A thematic garden located in Sector 15 planted predominantly with Delonix regia (Gulmohar or Royal Poinciana). In late spring and summer, the entire canopy erupts into a sea of fiery scarlet and orange blossoms, creating an enchanting floral ceiling.",Oct-Feb,https://thumb.wikimedia.org/wikipedia/commons/thumb/3/36/Elante_Mall%2C_Chandigarh.jpg/960px-Elante_Mall%2C_Chandigarh.jpg?utm_source=en.wikipedia.org&utm_campaign=api&utm_content=thumbnail
11237,Gurudwara Amb Sahib,Chandigarh,attraction,30.706,76.721,budget,4.5,7700,"Situated on the immediate border of Chandigarh in Mohali (Phase 8), Gurudwara Amb Sahib is associated with the 7th Sikh Guru, Guru Har Rai Ji, and his devout follower Bhai Kooram. According to Sikh tradition, Guru Har Rai blessed the site where an out-of-season mango tree bore ripe fruit. A sacred ancient mango tree continues to be venerated inside the complex.",Oct-Feb,https://thumb.wikimedia.org/wikipedia/commons/thumb/a/a8/ShankarsInternationalDollsMuseum.jpg/960px-ShankarsInternationalDollsMuseum.jpg?utm_source=en.wikipedia.org&utm_campaign=api&utm_content=thumbnail
11238,Gurudwara Nada Sahib,Chandigarh,attraction,30.6975,76.872,budget,4.2,2147,"Situated on the banks of the Ghaggar River on the Chandigarh-Panchkula border, Gurudwara Nada Sahib marks the sacred site where the tenth Sikh Guru, Guru Gobind Singh Ji, stayed with his warriors after victorious Battle of Bhangani in 1688. It features a towering white marble sanctum, peaceful river vistas, and massive 24-hour community langar.",Oct-Feb,https://thumb.wikimedia.org/wikipedia/commons/thumb/9/9e/Mani_Majra_Fort%2C_North_side_view_Chandigarh%2C_India_03.JPG/960px-Mani_Majra_Fort%2C_North_side_view_Chandigarh%2C_India_03.JPG?utm_source=en.wikipedia.org&utm_campaign=api&utm_content=thumbnail
11239,Gurudwara Shri Guru Tegh Bahadur Sahib (Sector 34),Chandigarh,attraction,30.7225,76.772,budget,4.4,3248,"Located in Sector 34, this grand white-domed gurudwara commemorates the holy memory of the ninth Sikh Guru, Guru Tegh Bahadur Ji. It features an exquisite gold-embellished darbar sahib, a tranquil sarovar (holy pool), and continuous Gurbani recitations.",Oct-Feb,https://thumb.wikimedia.org/wikipedia/commons/thumb/5/5e/Garden_of_Silence%2C_Chandigarh.jpg/960px-Garden_of_Silence%2C_Chandigarh.jpg?utm_source=en.wikipedia.org&utm_campaign=api&utm_content=thumbnail
11240,Hibiscus Garden (Sector 36 Flowering Shrub Collection),Chandigarh,attraction,30.730556,76.758333,budget,4.0,804,"Spanning 8 acres in Sector 36 adjoining the Garden of Fragrance, opened in 1974 by the Chandigarh Administration, the Hibiscus Garden is a specialized floral park celebrating the genus Hibiscus, featuring over 40 distinct colorful hybrid and native varieties of hibiscus shrubs bearing striking red, pink, yellow, orange, and white blossoms, interplanted with blooming bottle-brush and gulmohar trees that provide year-round floral color.",Oct-Feb,https://thumb.wikimedia.org/wikipedia/commons/thumb/9/9e/Mani_Majra_Fort%2C_North_side_view_Chandigarh%2C_India_03.JPG/960px-Mani_Majra_Fort%2C_North_side_view_Chandigarh%2C_India_03.JPG?utm_source=en.wikipedia.org&utm_campaign=api&utm_content=thumbnail
11241,Housing Cluster Sector 22,Chandigarh,attraction,30.727,76.7745,budget,4.0,685,"Built between 1951 and 1953 in Sector 22-A and 22-B, this cluster represents the very first physical housing units erected in Chandigarh. Designed as prototypes to demonstrate that low-cost vernacular brick could be transformed into modern climatic homes, they established the template for the entire city.",Oct-Feb,https://thumb.wikimedia.org/wikipedia/commons/thumb/5/5e/Garden_of_Silence%2C_Chandigarh.jpg/960px-Garden_of_Silence%2C_Chandigarh.jpg?utm_source=en.wikipedia.org&utm_campaign=api&utm_content=thumbnail
11242,Japanese Garden (Sector 31 Zen Pagodas & Torii Gate),Chandigarh,attraction,30.702778,76.791667,budget,4.8,24380,"Sprawling across 13 beautifully landscaped acres in Sector 31, developed in two interconnected phases linked by an underground decorated tunnel, the Japanese Garden is the first authentic Japanese theme park in the region, designed with traditional Zen aesthetics featuring vermilion Torii gates, multi-tiered pagoda towers, arched red wooden bridges spanning koi ponds, cascading waterfalls, stone lanterns (tōrō), bamboo groves, and statues of Samurai warriors and laughing Buddhas.",Oct-Feb,https://thumb.wikimedia.org/wikipedia/commons/thumb/8/88/Saihouji-kokedera01.jpg/960px-Saihouji-kokedera01.jpg?utm_source=en.wikipedia.org&utm_campaign=api&utm_content=thumbnail
11243,Jasmine Garden,Chandigarh,attraction,30.725,76.786,budget,4.0,175,"Situated in Sector 20, the Jasmine Garden is devoted to cultivating diverse species of Jasminum (Chameli, Mogra, Juhi, Bela). The park is landscaped with arched trellises and pergolas, filling the evening air with intoxicating natural fragrance.",Oct-Feb,https://thumb.wikimedia.org/wikipedia/commons/thumb/a/a5/Eiffel_Tower_from_the_Seine%2C_17_July_2007.jpg/960px-Eiffel_Tower_from_the_Seine%2C_17_July_2007.jpg?utm_source=en.wikipedia.org&utm_campaign=api&utm_content=thumbnail
11244,Jawahar Park,Chandigarh,attraction,30.742,76.7795,budget,4.5,8655,"Situated between Sector 16 and Sector 17 along the Leisure Valley green spine, Jawahar Park is dedicated to India's first Prime Minister, Jawaharlal Nehru, who championed Chandigarh's creation. The park features lush rolling lawns, commemorative inscriptions, and blooming rose beds.",Oct-Feb,https://thumb.wikimedia.org/wikipedia/commons/thumb/7/72/Overzicht_van_de_palmentuin_-_Paramaribo_-_20417693_-_RCE.jpg/960px-Overzicht_van_de_palmentuin_-_Paramaribo_-_20417693_-_RCE.jpg?utm_source=en.wikipedia.org&utm_campaign=api&utm_content=thumbnail
11245,Kaimbwala Heritage Village,Chandigarh,attraction,30.764,76.818,budget,4.4,1744,"Nestled at the northern foothills of the Shivaliks just behind the Rock Garden and Sukhna Lake, Kaimbwala is one of the original 28 agrarian villages that predated Chandigarh. It retains rustic brick homesteads, cattle yards, ancient peepal trees, and provides views of the forested hills.",Oct-Feb,https://thumb.wikimedia.org/wikipedia/commons/thumb/8/88/Saihouji-kokedera01.jpg/960px-Saihouji-kokedera01.jpg?utm_source=en.wikipedia.org&utm_campaign=api&utm_content=thumbnail
11246,Kala Sagar Sanitary Garden,Chandigarh,attraction,30.7315,76.7565,budget,4.6,7644,"An unusual civic theme garden in Sector 36 showcasing public health, sanitation, water conservation, and eco-friendly landscaping through creative sculptures and environmental installations made of reclaimed pipes and plumbing materials.",Oct-Feb,https://thumb.wikimedia.org/wikipedia/commons/thumb/8/80/Butterfly_Park_Portland.jpg/960px-Butterfly_Park_Portland.jpg?utm_source=en.wikipedia.org&utm_campaign=api&utm_content=thumbnail
11247,Khudda Ali Sher Village,Chandigarh,attraction,30.772,76.775,budget,4.1,669,"Located on the northern boundary adjacent to the Punjab border, Khudda Ali Sher is an ancient agricultural settlement known for its historic community wells, centuries-old banyan trees, and rustic mud-and-brick dharamsalas.",Oct-Feb,https://thumb.wikimedia.org/wikipedia/commons/thumb/9/9e/Mani_Majra_Fort%2C_North_side_view_Chandigarh%2C_India_03.JPG/960px-Mani_Majra_Fort%2C_North_side_view_Chandigarh%2C_India_03.JPG?utm_source=en.wikipedia.org&utm_campaign=api&utm_content=thumbnail
11248,Lake View Park Dhanas,Chandigarh,attraction,30.7675,76.7485,budget,4.2,2585,"Adjacent to the scenic Dhanas Lake, this waterfront park features grassy terraces sloping towards the water, paved viewing decks, solar fountain vistas, and weeping willow canopies providing perches for kingfishers and cormorants.",Oct-Feb,https://thumb.wikimedia.org/wikipedia/commons/thumb/8/88/Saihouji-kokedera01.jpg/960px-Saihouji-kokedera01.jpg?utm_source=en.wikipedia.org&utm_campaign=api&utm_content=thumbnail
11249,Le Corbusier Centre (Sector 19),Chandigarh,attraction,30.730556,76.791667,budget,4.9,21033,"Housed in the original single-storey brick and concrete site office in Sector 19B where Le Corbusier, Pierre Jeanneret, Maxwell Fry, and Jane Drew conceptualized and drafted the city plan of Chandigarh starting in 1951, transformed into a public memorial museum in 2008 on Le Corbusier's 121st birth anniversary, the Le Corbusier Centre preserves historic blueprints, original correspondence with Jawaharlal Nehru, authentic handwritten notes, vintage photographs, architectural sketches, and models tracing the birth of the City Beautiful.",Oct-Feb,https://thumb.wikimedia.org/wikipedia/commons/thumb/9/95/Leisure_valley%2C_Chandigarh.jpg/960px-Leisure_valley%2C_Chandigarh.jpg?utm_source=en.wikipedia.org&utm_campaign=api&utm_content=thumbnail
11250,Leisure Valley,Chandigarh,attraction,30.7472,76.7767,budget,4.9,1358,"Leisure Valley is a renowned recreation landmark situated in Chandigarh, Chandigarh district of Chandigarh. The destination attracts visitors seeking authentic regional heritage, architectural grandeur, and picturesque surroundings. It plays an integral role in the cultural landscape and local tourism identity of the region.",Oct-Feb,https://thumb.wikimedia.org/wikipedia/commons/thumb/9/95/Leisure_valley%2C_Chandigarh.jpg/960px-Leisure_valley%2C_Chandigarh.jpg?utm_source=en.wikipedia.org&utm_campaign=api&utm_content=thumbnail
11251,Maloya Village,Chandigarh,attraction,30.731,76.726,budget,4.3,2413,"Situated in south-western Chandigarh, Maloya is an authentic rural heritage village where traditional agrarian lifestyles, pastoral cattle folds, community wrestling arenas (akharas), and ancient village shrines have persisted alongside modern housing developments.",Oct-Feb,https://thumb.wikimedia.org/wikipedia/commons/thumb/5/5e/Garden_of_Silence%2C_Chandigarh.jpg/960px-Garden_of_Silence%2C_Chandigarh.jpg?utm_source=en.wikipedia.org&utm_campaign=api&utm_content=thumbnail
11252,Mango Garden Sector 1,Chandigarh,attraction,30.757,76.801,budget,4.5,2835,"A preserved green heritage orchard located in Sector 1 adjacent to the Shivalik backdrop and Rajendra Park. It preserves centuries-old indigenous Desi mango trees that pre-date the construction of Chandigarh, serving as a tranquil green lung and bird roosting zone.",Oct-Feb,https://upload.wikimedia.org/wikipedia/commons/3/3b/Peacock_Park%2C_Miami.jpg?utm_source=en.wikipedia.org&utm_campaign=api&utm_content=thumbnail_unscaled
11253,Manimajra Fort,Chandigarh,attraction,30.7205,76.852,mid,4.4,2025,"Constructed around 1760 by Raja Bhagwan Singh, Manimajra Fort is an ancient 360-year-old fortified brick citadel pre-dating Chandigarh by centuries. It features high bastions, arched gateways, ancient wells, and was featured in Hollywood director Kathryn Bigelow's film Zero Dark Thirty.",Oct-Feb,https://thumb.wikimedia.org/wikipedia/commons/thumb/9/9e/Mani_Majra_Fort%2C_North_side_view_Chandigarh%2C_India_03.JPG/960px-Mani_Majra_Fort%2C_North_side_view_Chandigarh%2C_India_03.JPG?utm_source=en.wikipedia.org&utm_campaign=api&utm_content=thumbnail
11254,Mauli Jagran Village,Chandigarh,attraction,30.699,76.832,budget,4.5,4443,"An ancient settlement situated on the eastern flank of Chandigarh near the railway junction and the Shivalik foothills. It boasts ancient temple shrines, folk deities, banyan trees, and lively local weekly street bazaars.",Oct-Feb,https://thumb.wikimedia.org/wikipedia/commons/thumb/8/80/Butterfly_Park_Portland.jpg/960px-Butterfly_Park_Portland.jpg?utm_source=en.wikipedia.org&utm_campaign=api&utm_content=thumbnail
11255,Mini Rose Garden Sector 24,Chandigarh,attraction,30.744,76.762,budget,4.5,7308,"A community rose garden in Sector 24 established to bring the charm of the world-famous Zakir Hussain Rose Garden to local neighborhood doorsteps. It features dozens of hybrid tea, floribunda, and miniature rose varieties in raised circular beds.",Oct-Feb,https://thumb.wikimedia.org/wikipedia/commons/thumb/a/a5/Eiffel_Tower_from_the_Seine%2C_17_July_2007.jpg/960px-Eiffel_Tower_from_the_Seine%2C_17_July_2007.jpg?utm_source=en.wikipedia.org&utm_campaign=api&utm_content=thumbnail
11256,Moonlit Park Sector 22,Chandigarh,attraction,30.73,76.778,budget,4.6,2661,"A poetic theme garden in Sector 22 specifically planted with night-blooming white and pale flowers including Night Jasmine (Raat ki Rani), Moonflowers (Ipomoea alba), white oleanders, and silver-foliage shrubs designed to shimmer under moonlight.",Oct-Feb,https://thumb.wikimedia.org/wikipedia/commons/thumb/a/a5/Chandigarh_Museum_and_Art_Gallery.jpg/960px-Chandigarh_Museum_and_Art_Gallery.jpg?utm_source=en.wikipedia.org&utm_campaign=api&utm_content=thumbnail
11257,Nagar Van City Forest,Chandigarh,attraction,30.7485,76.812,budget,4.3,2619,"Spanning over 100 hectares near the Sukhna Lake catchment in Sector 8, Nagar Van (City Forest) is an unblemished urban woodland conservation project. It features dense canopy paths, wooden boardwalks, natural rain-fed water bodies, and watchtowers for spotting sambar deer, barking deer, peacocks, and migratory birds.",Oct-Feb,https://upload.wikimedia.org/wikipedia/commons/0/05/Chandigarh_Capitol_Complex_-_Le_Corbusier_-_Open_hand_monument.jpg?utm_source=en.wikipedia.org&utm_campaign=api&utm_content=thumbnail_unscaled
11258,Nagar Van Nature Trail,Chandigarh,attraction,30.749,76.811,budget,4.6,8468,"A 3-kilometer unpaved, rustic trail traversing the interior woodlands of Nagar Van (City Forest) in Sector 8. The path winds beneath dense canopies of shisham, bamboo, and amaltas, crossing timber bridges over seasonal ponds with viewing gazebos for birdwatchers.",Oct-Feb,https://thumb.wikimedia.org/wikipedia/commons/thumb/a/a5/Eiffel_Tower_from_the_Seine%2C_17_July_2007.jpg/960px-Eiffel_Tower_from_the_Seine%2C_17_July_2007.jpg?utm_source=en.wikipedia.org&utm_campaign=api&utm_content=thumbnail
11259,Nehru Centre for Performing Arts,Chandigarh,attraction,30.7228,76.7681,budget,4.9,2335,"Located in the institutional hub of Sector 34, the Nehru Centre for Performing Arts is a state-of-the-art multi-auditorium complex designed to promote Indian classical music, dance, theatrical plays, and regional folk arts. It regularly hosts national drama festivals, musical recitals, and cultural symposiums.",Oct-Feb,https://thumb.wikimedia.org/wikipedia/commons/thumb/a/a5/Eiffel_Tower_from_the_Seine%2C_17_July_2007.jpg/960px-Eiffel_Tower_from_the_Seine%2C_17_July_2007.jpg?utm_source=en.wikipedia.org&utm_campaign=api&utm_content=thumbnail
11260,Nepli-Kansal Nature Trail,Chandigarh,attraction,30.778,76.845,budget,4.3,3028,"A protected 12-kilometer eco-trekking corridor cutting through the heart of Sukhna Wildlife Sanctuary, connecting the historic Kansal Forest Inspection Hut with the deep Nepli Forest block. Trekkers traverse dense khair-sissoo jungles, dried stream gullies, and wildlife salt-licks.",Oct-Feb,https://thumb.wikimedia.org/wikipedia/commons/thumb/7/72/Overzicht_van_de_palmentuin_-_Paramaribo_-_20417693_-_RCE.jpg/960px-Overzicht_van_de_palmentuin_-_Paramaribo_-_20417693_-_RCE.jpg?utm_source=en.wikipedia.org&utm_campaign=api&utm_content=thumbnail
11261,Open Hand Monument (La Main Ouverte),Chandigarh,attraction,30.760278,76.806667,mid,4.7,25969,"Standing majestically within the Capitol Complex in Sector 1, rising 26 meters (85 feet) above a sunken trench of consideration, the Open Hand Monument ('La Main Ouverte') is the official emblem of the Chandigarh Administration and Le Corbusier's most profound philosophical symbol, designed as a giant wind-vane rotating hand made of painted sheet metal over an internal steel frame that rotates gracefully with the direction of the breeze, expressing the universal message of peace: 'open to receive and open to give'.",Oct-Mar,https://upload.wikimedia.org/wikipedia/commons/0/05/Chandigarh_Capitol_Complex_-_Le_Corbusier_-_Open_hand_monument.jpg?utm_source=en.wikipedia.org&utm_campaign=api&utm_content=thumbnail_unscaled
11262,PEC Heritage Campus (Punjab Engineering College),Chandigarh,homestay,30.7635,76.786,budget,4.8,5749,"Founded in 1921 in Lahore as the Mughalpura Technical College and relocated to Sector 12 in 1953, the Punjab Engineering College (PEC) heritage campus features monumental red-brick academic blocks, exposed concrete arches, lush auditoriums, and aeronautical engineering labs.",Oct-Feb,https://thumb.wikimedia.org/wikipedia/commons/thumb/9/95/Leisure_valley%2C_Chandigarh.jpg/960px-Leisure_valley%2C_Chandigarh.jpg?utm_source=en.wikipedia.org&utm_campaign=api&utm_content=thumbnail
11263,Palm Park Dadumajra,Chandigarh,attraction,30.7495,76.7345,budget,4.7,2778,"A dedicated suburban arboretum in Dadumajra featuring towering varieties of indigenous and exotic palm trees including date palms, royal palms, and areca palms lining wide circular pathways.",Oct-Feb,https://thumb.wikimedia.org/wikipedia/commons/thumb/e/e6/Sukhna_Lake_Chandigarh_India.jpg/960px-Sukhna_Lake_Chandigarh_India.jpg?utm_source=en.wikipedia.org&utm_campaign=api&utm_content=thumbnail
11264,Palsora Village (Sector 55),Chandigarh,attraction,30.718,76.729,budget,4.2,1870,"Located on the westernmost boundary in Sector 55 abutting Mohali, Palsora is an old farming settlement characterized by rustic farmsteads, community gurdwaras, and village cattle ponds surrounded by old shisham and eucalyptus groves.",Oct-Feb,https://upload.wikimedia.org/wikipedia/commons/0/05/Chandigarh_Capitol_Complex_-_Le_Corbusier_-_Open_hand_monument.jpg?utm_source=en.wikipedia.org&utm_campaign=api&utm_content=thumbnail_unscaled
11265,Patiala-ki-Rao Choe Ecological Corridor,Chandigarh,attraction,30.76,76.735,budget,4.1,363,"Bordering the western limits of Chandigarh, Patiala-ki-Rao Choe is a seasonal torrent river corridor that forms a natural boundary between Chandigarh and Punjab. Its floodplains feature wild tall grasses, acacia woodlands, and check-dams supporting diverse migratory wading birds.",Oct-Feb,https://thumb.wikimedia.org/wikipedia/commons/thumb/7/72/Overzicht_van_de_palmentuin_-_Paramaribo_-_20417693_-_RCE.jpg/960px-Overzicht_van_de_palmentuin_-_Paramaribo_-_20417693_-_RCE.jpg?utm_source=en.wikipedia.org&utm_campaign=api&utm_content=thumbnail
11266,Patiala-ki-Rao Lakes & Wetland,Chandigarh,attraction,30.762,76.732,budget,4.6,4687,"A chain of artificial silt retention ponds and wetland water bodies created along the course of the Patiala-ki-Rao stream in western Chandigarh. These bodies recharge groundwater, prevent flash floods, and create vital marshland habitat for kingfishers, herons, and amphibians.",Oct-Feb,https://thumb.wikimedia.org/wikipedia/commons/thumb/a/a5/Eiffel_Tower_from_the_Seine%2C_17_July_2007.jpg/960px-Eiffel_Tower_from_the_Seine%2C_17_July_2007.jpg?utm_source=en.wikipedia.org&utm_campaign=api&utm_content=thumbnail
11267,Peacock Park (Sector 39),Chandigarh,attraction,30.741,76.738,budget,4.7,7873,"A protected green wilderness in Sector 39 serving as a thriving natural sanctuary for India's national bird, the Indian Peafowl (Pavo cristatus). Hundreds of peacocks and peahens roam freely amidst dense keekar, eucalyptus, and mulberry trees, particularly active at dawn and dusk.",Oct-Feb,https://upload.wikimedia.org/wikipedia/commons/3/3b/Peacock_Park%2C_Miami.jpg?utm_source=en.wikipedia.org&utm_campaign=api&utm_content=thumbnail_unscaled
11268,Pinkcassia Garden Sector 29,Chandigarh,attraction,30.713,76.797,budget,4.1,1044,"Located in Sector 29, this thematic arboricultural garden is dedicated to Cassia javanica (Apple Blossom Tree or Pink Shower). During spring and early summer, the park transforms into a spectacular canopy of delicate pink, white, and rose-tinted blossoms.",Oct-Feb,https://thumb.wikimedia.org/wikipedia/commons/thumb/8/85/CCA_02.JPG/960px-CCA_02.JPG?utm_source=en.wikipedia.org&utm_campaign=api&utm_content=thumbnail
11269,Poinsettia and Ixora Garden,Chandigarh,attraction,30.7215,76.801,budget,4.4,3105,"Located in Sector 27, this specialized ornamental park showcases vibrant red and crimson Poinsettia beds alongside multi-hued Ixora shrub borders. During the winter months, the garden becomes a vivid red carpet of bracts and cluster blossoms.",Oct-Feb,https://upload.wikimedia.org/wikipedia/commons/3/3b/Peacock_Park%2C_Miami.jpg?utm_source=en.wikipedia.org&utm_campaign=api&utm_content=thumbnail_unscaled
11270,"Rag Doll museum, Rock garden",Chandigarh,attraction,30.752688,76.808422,mid,4.1,289,"Rag Doll museum, Rock garden is a renowned cultural landmark situated in Chandigarh, Chandigarh district of Chandigarh. The destination attracts visitors seeking authentic regional heritage, architectural grandeur, and picturesque surroundings. It plays an integral role in the cultural landscape and local tourism identity of the region.",Oct-Mar,https://thumb.wikimedia.org/wikipedia/commons/thumb/e/e0/Rock_Garden_Chandigarh.jpg/960px-Rock_Garden_Chandigarh.jpg
11271,Sanatan Dharam Mandir Sector 22,Chandigarh,attraction,30.729,76.777,budget,4.9,3093,"Established in 1958 in Sector 22, this is one of the oldest Hindu temples constructed in newly-founded Chandigarh. Built in traditional North Indian temple architecture with a soaring carved shikhara, it enshrines deities of Shiva, Vishnu, Durga, and Hanuman.",Oct-Feb,https://thumb.wikimedia.org/wikipedia/commons/thumb/3/36/Elante_Mall%2C_Chandigarh.jpg/960px-Elante_Mall%2C_Chandigarh.jpg?utm_source=en.wikipedia.org&utm_campaign=api&utm_content=thumbnail
11272,Sector 1 Heritage Zone,Chandigarh,attraction,30.758,76.804,budget,4.0,583,"Sector 1 forms the monumental crown of Chandigarh, encompassing the UNESCO World Heritage Capitol Complex, the Open Hand Monument, Martyrs' Memorial, and sprawling Rajendra Park. It represents the purest realization of Le Corbusier's 'head' in his anthropomorphic city plan.",Oct-Feb,https://thumb.wikimedia.org/wikipedia/commons/thumb/a/a5/Eiffel_Tower_from_the_Seine%2C_17_July_2007.jpg/960px-Eiffel_Tower_from_the_Seine%2C_17_July_2007.jpg?utm_source=en.wikipedia.org&utm_campaign=api&utm_content=thumbnail
11273,Sector 10 Cultural Zone,Chandigarh,attraction,30.7485,76.786,budget,3.9,1192,"Envisioned by Le Corbusier as the cultural heart of Chandigarh, Sector 10 is an expansive tree-shaded precinct that integrates the Government Museum and Art Gallery, the Natural History Museum, the Architecture Museum, and the Government College of Art around open sculpture courts.",Oct-Feb,https://upload.wikimedia.org/wikipedia/commons/0/05/Chandigarh_Capitol_Complex_-_Le_Corbusier_-_Open_hand_monument.jpg?utm_source=en.wikipedia.org&utm_campaign=api&utm_content=thumbnail_unscaled
11274,Sector 19 Heritage Houses,Chandigarh,attraction,30.731,76.792,budget,4.6,7570,"Sector 19 was planned as an early mixed-density neighborhood where Pierre Jeanneret and Le Corbusier experimented with row housing and two-story flat configurations. The sector features distinctive curved brick stairwells, geometric balconies, and lush central community greens.",Oct-Feb,https://thumb.wikimedia.org/wikipedia/commons/thumb/a/a5/Chandigarh_Museum_and_Art_Gallery.jpg/960px-Chandigarh_Museum_and_Art_Gallery.jpg?utm_source=en.wikipedia.org&utm_campaign=api&utm_content=thumbnail
11275,Sector 2 Heritage Zone,Chandigarh,attraction,30.756,76.792,budget,4.3,1497,"One of the earliest VIP residential sectors planned by Le Corbusier and Pierre Jeanneret, Sector 2 is renowned for its sprawling heritage villas with deep brise-soleil (sun-breaker) concrete louvers, local grey quartzite walls, and lush private arboretums.",Oct-Feb,https://thumb.wikimedia.org/wikipedia/commons/thumb/8/88/Saihouji-kokedera01.jpg/960px-Saihouji-kokedera01.jpg?utm_source=en.wikipedia.org&utm_campaign=api&utm_content=thumbnail
11276,Sector 22 Heritage Zone,Chandigarh,attraction,30.7285,76.776,budget,4.7,1961,"Sector 22 holds historic significance as the very first residential sector constructed in Chandigarh, inaugurated by Prime Minister Jawaharlal Nehru in 1953. It showcased prototype government quarters, neighborhood shopping streets, schools, and health centres, establishing the 'self-contained sector' concept.",Oct-Feb,https://thumb.wikimedia.org/wikipedia/commons/thumb/8/85/CCA_02.JPG/960px-CCA_02.JPG?utm_source=en.wikipedia.org&utm_campaign=api&utm_content=thumbnail
11277,Sector 23 Heritage Houses,Chandigarh,attraction,30.735,76.768,budget,4.7,8070,"Sector 23 contains a famous cluster of government housing designed by pioneering British modernist architect Jane Drew. These compact, functional houses feature signature curved brick parapets, deep-set ventilation louvers, and private rear courtyards that revolutionised low-cost public housing in post-independence India.",Oct-Feb,https://thumb.wikimedia.org/wikipedia/commons/thumb/8/88/Saihouji-kokedera01.jpg/960px-Saihouji-kokedera01.jpg?utm_source=en.wikipedia.org&utm_campaign=api&utm_content=thumbnail
11278,Sector 27 Heritage Houses,Chandigarh,attraction,30.722,76.8025,budget,4.5,4504,"Sector 27 preserves distinctive middle-income housing typologies designed by Pierre Jeanneret, featuring rhythmic brick jali patterns, cantilevered concrete sunshades, and linear internal green courtyards that keep interiors cool without artificial air-conditioning.",Oct-Feb,https://thumb.wikimedia.org/wikipedia/commons/thumb/9/95/Leisure_valley%2C_Chandigarh.jpg/960px-Leisure_valley%2C_Chandigarh.jpg?utm_source=en.wikipedia.org&utm_campaign=api&utm_content=thumbnail
11279,Sector 28 Heritage Houses,Chandigarh,attraction,30.718,76.808,budget,4.1,295,"Designed by Maxwell Fry and Pierre Jeanneret, the Sector 28 heritage housing precinct is characterized by low-cost government clerk quarters built with exposed local bricks, minimal concrete lintels, and integrated chimney shafts for winter heating.",Oct-Feb,https://thumb.wikimedia.org/wikipedia/commons/thumb/a/a8/ShankarsInternationalDollsMuseum.jpg/960px-ShankarsInternationalDollsMuseum.jpg?utm_source=en.wikipedia.org&utm_campaign=api&utm_content=thumbnail
11280,Sector 7 Heritage Zone,Chandigarh,attraction,30.741,76.802,budget,4.1,980,"Sector 7 is an emblematic early phase-1 sector featuring exposed red brick housing designed by Pierre Jeanneret and Maxwell Fry. Its signature features include recessed balconies, perforated brick jali screens, and internal green courtyards that foster close-knit community life.",Oct-Feb,https://thumb.wikimedia.org/wikipedia/commons/thumb/7/7e/Muscovy_duck_beside_a_pond.jpg/960px-Muscovy_duck_beside_a_pond.jpg?utm_source=en.wikipedia.org&utm_campaign=api&utm_content=thumbnail
11281,Sensory Park,Chandigarh,attraction,30.728,76.762,budget,4.0,646,"Specially designed in Sector 35 for visually impaired, differently-abled, and senior citizens, the Sensory Park features braille signboards, tactile walking pavers, herb garden beds at wheelchair height, aromatic healing plants, and gentle chimes.",Oct-Feb,https://thumb.wikimedia.org/wikipedia/commons/thumb/a/a5/Chandigarh_Museum_and_Art_Gallery.jpg/960px-Chandigarh_Museum_and_Art_Gallery.jpg?utm_source=en.wikipedia.org&utm_campaign=api&utm_content=thumbnail
11282,Shanti Kunj Park,Chandigarh,attraction,30.743862,76.776203,budget,4.8,1601,"Shanti Kunj Park is a renowned recreation landmark situated in Chandigarh, Chandigarh district of Chandigarh. The destination attracts visitors seeking authentic regional heritage, architectural grandeur, and picturesque surroundings. It plays an integral role in the cultural landscape and local tourism identity of the region.",Oct-Feb,https://thumb.wikimedia.org/wikipedia/commons/thumb/9/95/Leisure_valley%2C_Chandigarh.jpg/960px-Leisure_valley%2C_Chandigarh.jpg?utm_source=en.wikipedia.org&utm_campaign=api&utm_content=thumbnail
11283,Shanti Kutir,Chandigarh,attraction,30.723,76.7995,budget,4.7,5548,"A secluded, tranquil pavilion and garden enclave in Sector 27 surrounded by weeping willows, aromatic plumeria trees, and stone meditation benches designed for silent contemplation and mindfulness.",Oct-Feb,https://thumb.wikimedia.org/wikipedia/commons/thumb/9/95/Leisure_valley%2C_Chandigarh.jpg/960px-Leisure_valley%2C_Chandigarh.jpg?utm_source=en.wikipedia.org&utm_campaign=api&utm_content=thumbnail
11284,Shivalik Arboretum,Chandigarh,attraction,30.737,76.8125,budget,3.9,1294,"Situated in Sector 26 along the northern reserve belt, the Shivalik Arboretum is an eco-conservation facility preserving over 80 species of native trees, shrubs, and climbers characteristic of the Shivalik lower Himalayan range including Dhak, Khair, Semal, and Amaltas.",Oct-Feb,https://thumb.wikimedia.org/wikipedia/commons/thumb/a/a5/Chandigarh_Museum_and_Art_Gallery.jpg/960px-Chandigarh_Museum_and_Art_Gallery.jpg?utm_source=en.wikipedia.org&utm_campaign=api&utm_content=thumbnail
11285,Shivalik Arboretum Nature Trail,Chandigarh,attraction,30.738,76.8135,budget,4.5,2441,"An interpretive self-guided nature walking track winding through the Shivalik Arboretum in Sector 26. The trail features educational signs identifying sub-Himalayan native flora, natural mulch walkways, and shaded bird blinds.",Oct-Feb,https://thumb.wikimedia.org/wikipedia/commons/thumb/c/c2/Chandigarh_Rock_Garden_4.jpg/960px-Chandigarh_Rock_Garden_4.jpg?utm_source=en.wikipedia.org&utm_campaign=api&utm_content=thumbnail
11286,Shivalik Garden Manimajra,Chandigarh,attraction,30.7175,76.848,budget,4.6,4725,"Spanning over 20 acres in Manimajra, Shivalik Garden is the premier leisure and recreational park of eastern Chandigarh. It boasts rolling green mounded lawns, an artificial lake with pedal boating, illuminated musical dancing fountains, and tree-lined jogging avenues.",Oct-Feb,https://thumb.wikimedia.org/wikipedia/commons/thumb/7/7e/Muscovy_duck_beside_a_pond.jpg/960px-Muscovy_duck_beside_a_pond.jpg?utm_source=en.wikipedia.org&utm_campaign=api&utm_content=thumbnail
11287,Shri Ram Darbar Temple,Chandigarh,attraction,30.697,76.794,budget,4.7,2699,"Located in the Ram Darbar locality of southern Chandigarh, this traditional Hindu temple is dedicated to Lord Rama, Sita, Lakshmana, and Hanuman. It features ornate marble idols, a soaring shikhara spire, and lively festive celebrations during Ram Navami and Diwali.",Oct-Mar,https://thumb.wikimedia.org/wikipedia/commons/thumb/e/e6/Sukhna_Lake_Chandigarh_India.jpg/960px-Sukhna_Lake_Chandigarh_India.jpg?utm_source=en.wikipedia.org&utm_campaign=api&utm_content=thumbnail
11288,Sukhna Choe Nature Corridor,Chandigarh,attraction,30.73,76.828,budget,4.5,8904,"The Sukhna Choe is a seasonal natural stream that originates in the Shivalik foothills and skirts eastern Chandigarh. Its riparian banks have been conserved as an unbroken wildlife corridor with dense bamboo, shisham, and aquatic vegetation that channels excess storm runoff to the Ghaggar river.",Oct-Feb,https://thumb.wikimedia.org/wikipedia/commons/thumb/7/7e/Muscovy_duck_beside_a_pond.jpg/960px-Muscovy_duck_beside_a_pond.jpg?utm_source=en.wikipedia.org&utm_campaign=api&utm_content=thumbnail
11289,Sukhna Choe Water Bodies & Silt Dams,Chandigarh,attraction,30.742,76.832,budget,4.6,3264,"A series of stone masonry silt retention dams and water reservoirs constructed by forest engineers along the Sukhna Choe feeder nullahs. These check-dams have evolved into secluded marshland ponds that support aquatic insects, amphibians, and resident egrets.",Oct-Feb,https://thumb.wikimedia.org/wikipedia/commons/thumb/8/80/Butterfly_Park_Portland.jpg/960px-Butterfly_Park_Portland.jpg?utm_source=en.wikipedia.org&utm_campaign=api&utm_content=thumbnail
11290,Sukhna Forest Reserve,Chandigarh,attraction,30.755,76.835,budget,4.2,1989,"Encompassing the dense northern catchment hills framing Sukhna Lake, Sukhna Forest Reserve protects over 2,500 hectares of dry deciduous forest. It acts as the primary hydrological buffer preventing silt accumulation in the lake and shelters leopards, wild boars, sambar, and pangolins.",Oct-Feb,https://thumb.wikimedia.org/wikipedia/commons/thumb/2/22/Rose_Garden_%2CChandigarh%2CIndia.jpg/960px-Rose_Garden_%2CChandigarh%2CIndia.jpg?utm_source=en.wikipedia.org&utm_campaign=api&utm_content=thumbnail
11291,Sukhna Lake Illuminated Cycling Track,Chandigarh,attraction,30.7415,76.821,budget,4.4,2096,"A dedicated, smooth asphalt 5-kilometer cycling pathway encircling the southern perimeter of Sukhna Lake and winding through the adjoining Sukhna Choe forest. Illuminated by energy-efficient solar LED lights, it offers a safe, traffic-free corridor for cyclists and runners.",Oct-Feb,https://thumb.wikimedia.org/wikipedia/commons/thumb/3/36/Elante_Mall%2C_Chandigarh.jpg/960px-Elante_Mall%2C_Chandigarh.jpg?utm_source=en.wikipedia.org&utm_campaign=api&utm_content=thumbnail
11292,Sukhna Lake Museum & Gallery,Chandigarh,attraction,30.7423,76.8182,mid,4.7,1308,"Perched along the primary waterfront promenade of Sukhna Lake, this heritage gallery showcases the fascinating engineering and social history of the 1958 dam construction. It displays archival photographs of Le Corbusier, P.L. Verma, and chief engineer B.S. Sahi, along with historical hydrological equipment and migration logs of Shivalik migratory birds.",Oct-Mar,https://thumb.wikimedia.org/wikipedia/commons/thumb/7/7e/Muscovy_duck_beside_a_pond.jpg/960px-Muscovy_duck_beside_a_pond.jpg?utm_source=en.wikipedia.org&utm_campaign=api&utm_content=thumbnail
11293,Sukhna Lake Water Sports Regatta Complex,Chandigarh,attraction,30.7445,76.815,mid,4.9,1683,"A world-class national rowing and water sports course integrated into the waters of Sukhna Lake. Equipped with international Olympic-standard 2,000-metre rowing lanes, pontoon docks, and boathouses, it has hosted numerous national regattas and trained Asian Games medalists.",Oct-Feb,https://thumb.wikimedia.org/wikipedia/commons/thumb/a/a8/ShankarsInternationalDollsMuseum.jpg/960px-ShankarsInternationalDollsMuseum.jpg?utm_source=en.wikipedia.org&utm_campaign=api&utm_content=thumbnail
11294,Sukhna Nature Interpretation Centre,Chandigarh,attraction,30.736,76.8235,budget,4.5,1819,"Located near the regulatory sluice gates at the southern end of Sukhna Lake, this interpretation centre educates visitors on the Shivalik ecosystem, wetland biodiversity, and soil conservation techniques through interactive dioramas, specimens, and documentary screenings.",Oct-Feb,https://thumb.wikimedia.org/wikipedia/commons/thumb/8/88/Saihouji-kokedera01.jpg/960px-Saihouji-kokedera01.jpg?utm_source=en.wikipedia.org&utm_campaign=api&utm_content=thumbnail
11295,Sukhna Wildlife Sanctuary (Shivalik Foothills),Chandigarh,attraction,30.766667,76.841667,budget,3.9,726,"Sprawling across 2,600 hectares (over 6,400 acres) of rugged undulating terrain in the Shivalik foothills directly adjoining Sukhna Lake to the northeast, notified as a protected wildlife sanctuary in 1998, this vital catchment forest protects the lake from siltation and preserves pristine dry deciduous forest, sheltering breeding populations of wild leopards, sambar deer (the state animal of Chandigarh), barking deer, wild boars, pangolins, monitor lizards, and over 250 species of birds.",Oct-Feb,https://thumb.wikimedia.org/wikipedia/commons/thumb/a/a6/Entrance_of_Sukhna_Wildlife_Sanctuary%2CChandigarh%2C_India.JPG/960px-Entrance_of_Sukhna_Wildlife_Sanctuary%2CChandigarh%2C_India.JPG?utm_source=en.wikipedia.org&utm_campaign=api&utm_content=thumbnail
11296,Tank Monument,Chandigarh,attraction,30.749613,76.786766,mid,4.3,553,"Tank Monument is a renowned heritage landmark situated in Chandigarh, Chandigarh district of Chandigarh. The destination attracts visitors seeking authentic regional heritage, architectural grandeur, and picturesque surroundings. It plays an integral role in the cultural landscape and local tourism identity of the region.",Oct-Mar,https://upload.wikimedia.org/wikipedia/commons/3/3b/Peacock_Park%2C_Miami.jpg?utm_source=en.wikipedia.org&utm_campaign=api&utm_content=thumbnail_unscaled
11297,Theme Park Dadumajra,Chandigarh,attraction,30.751,76.732,mid,4.4,2341,"Developed by the municipal corporation in Dadumajra, this modern recreational theme park features children play zones, paved jogging tracks, ornamental shrubberies, and an open-air amphitheatre serving the western sectors.",Oct-Feb,https://thumb.wikimedia.org/wikipedia/commons/thumb/a/a8/ShankarsInternationalDollsMuseum.jpg/960px-ShankarsInternationalDollsMuseum.jpg?utm_source=en.wikipedia.org&utm_campaign=api&utm_content=thumbnail
11298,Topiary Park (Sector 35 Animal Topiaries),Chandigarh,attraction,30.725,76.761111,budget,4.5,25872,"Situated in Sector 35, created in 1987 especially for children and families, the Topiary Park is a delightful horticultural park renowned for its whimsical ornamental bush sculptures, where dense shrubs, hedges, and creepers have been meticulously trained and clipped by master gardeners into lifelike green topiary figures of elephants, bears, giraffes, dinosaurs, and decorative urns, surrounded by blooming flowerbeds and playground swings.",Oct-Feb,https://thumb.wikimedia.org/wikipedia/commons/thumb/5/59/Topiary_Park%2C_Columbus%2C_OH.jpg/960px-Topiary_Park%2C_Columbus%2C_OH.jpg?utm_source=en.wikipedia.org&utm_campaign=api&utm_content=thumbnail
11299,Valley Park I Dhanas,Chandigarh,attraction,30.763,76.745,budget,4.1,585,"Set in the village and residential extension of Dhanas, Valley Park I is a sunken green recreational park landscaped with natural contours, flowering shrubs, and walking loops overlooking pastoral grasslands.",Oct-Feb,https://thumb.wikimedia.org/wikipedia/commons/thumb/a/a8/ShankarsInternationalDollsMuseum.jpg/960px-ShankarsInternationalDollsMuseum.jpg?utm_source=en.wikipedia.org&utm_campaign=api&utm_content=thumbnail
11300,1965 War Patton Tank Memorial (Leisure Valley Sector 10),Chandigarh,attraction,30.749167,76.786111,budget,4.3,2730,"Mounted prominently on a raised concrete pedestal within the Leisure Valley park near the Government Museum in Sector 10, this authentic M47 Patton main battle tank of the Pakistan Army was captured by the brave 4th Mountain Division and 2nd Independent Armoured Brigade of the Indian Army during the historic Battle of Asal Uttar (Khemkaran sector) in September 1965, presented to the city of Chandigarh as an enduring war trophy celebrating the triumph of Indian armor and infantry.",Oct-Feb,https://thumb.wikimedia.org/wikipedia/commons/thumb/9/9e/Mani_Majra_Fort%2C_North_side_view_Chandigarh%2C_India_03.JPG/960px-Mani_Majra_Fort%2C_North_side_view_Chandigarh%2C_India_03.JPG?utm_source=en.wikipedia.org&utm_campaign=api&utm_content=thumbnail
11301,Aeroplane Landmark (Sector 31 Indian Air Force Memorial),Chandigarh,attraction,30.705556,76.794444,budget,4.3,1978,"Standing as a prominent urban landmark at the roundabout intersection of Dakshin Marg and Aerodrome Road near 3 BRD (Base Repair Depot) Air Force Station in Sector 31, this striking military monument features an actual decommissioned fighter aircraft of the Indian Air Force mounted in a dynamic climbing banking angle atop a soaring concrete pylon, honoring the valiant aviators and airmen of Chandigarh's Air Force Station who protected northern skies during the Indo-Pakistani wars.",Oct-Feb,https://upload.wikimedia.org/wikipedia/commons/3/3b/Peacock_Park%2C_Miami.jpg?utm_source=en.wikipedia.org&utm_campaign=api&utm_content=thumbnail_unscaled
11302,Bougainvillea Garden,Chandigarh,attraction,30.75831,76.796159,budget,4.8,19891,"A 20-acre landscaped park in Sector 3 showcasing over 65 vibrant varieties of bougainvillea trained over arches, pavilions, and bowers, housing the National War Memorial honoring martyrs of the armed forces.",Oct-Feb,https://upload.wikimedia.org/wikipedia/commons/0/05/Chandigarh_Capitol_Complex_-_Le_Corbusier_-_Open_hand_monument.jpg?utm_source=en.wikipedia.org&utm_campaign=api&utm_content=thumbnail_unscaled
11303,Capitol Complex Chandigarh (UNESCO World Heritage Site),Chandigarh,attraction,30.758889,76.805556,budget,4.8,9634,"Sprawling across 100 monumental acres at the northern apex of Chandigarh against the backdrop of the Shivalik hills in Sector 1, inscribed as a UNESCO World Heritage Site in 2016 under 'The Architectural Work of Le Corbusier', the Capitol Complex is the supreme crown of modern urban architecture in India, conceived by French-Swiss master architect Le Corbusier between 1951 and 1965 as the monumental administrative center of post-partition Punjab and Haryana, comprising the High Court, the Secretariat, the Legislative Assembly, the Open Hand Monument, the Geometric Hill, and the Tower of Shadows.",Oct-Feb,https://thumb.wikimedia.org/wikipedia/commons/thumb/8/85/CCA_02.JPG/960px-CCA_02.JPG?utm_source=en.wikipedia.org&utm_campaign=api&utm_content=thumbnail
11304,Chandigarh Architecture Museum (Sector 10),Chandigarh,attraction,30.748056,76.786944,mid,4.2,511,"Located adjacent to the Government Museum and Art Gallery in the Cultural Complex of Sector 10, set up in 1997 on the 50th anniversary of Indian Independence in a building replicating Le Corbusier's 1937 Exhibition Pavilion design, the Chandigarh Architecture Museum is India's only museum dedicated exclusively to urban planning and architecture, housing rare historical documents, Albert Mayer and Matthew Nowicki's preliminary sketches, Partition refugee settlement data, rare scale models of Capitol Complex buildings, and Corbusier's Modulor proportions.",Oct-Mar,https://thumb.wikimedia.org/wikipedia/commons/thumb/a/a5/Eiffel_Tower_from_the_Seine%2C_17_July_2007.jpg/960px-Eiffel_Tower_from_the_Seine%2C_17_July_2007.jpg?utm_source=en.wikipedia.org&utm_campaign=api&utm_content=thumbnail
11305,Chandigarh Bird Park (Exotic & Aquatic Aviaries),Chandigarh,attraction,30.748889,76.818889,budget,4.5,23478,"Sprawling across 6.5 scenic acres behind Sukhna Lake in Sector 1, inaugurated in November 2021 by the Department of Forests & Wildlife, Chandigarh Bird Park is a state-of-the-art walk-through aviary complex designed with soaring 58-foot-tall lightweight structural steel mesh domes that allow birds to fly freely in semi-natural forested surroundings, housing over 550 exotic and aquatic birds across 40 species, including African Grey Parrots, Macaws, Rainbow Lorikeets, Golden Pheasants, Swans, and Wood Ducks.",Oct-Feb,https://thumb.wikimedia.org/wikipedia/commons/thumb/7/7e/Muscovy_duck_beside_a_pond.jpg/960px-Muscovy_duck_beside_a_pond.jpg?utm_source=en.wikipedia.org&utm_campaign=api&utm_content=thumbnail
11306,Chandigarh Botanical Garden & Nature Reserve Sarangpur,Chandigarh,attraction,30.769444,76.744444,mid,4.9,10450,"Sprawling across an impressive 176 acres near Sarangpur village on the northwestern periphery of Chandigarh, developed in 2007 by the Department of Forests & Wildlife, this vast botanical garden is one of North India's premier plant conservation reserves, organized into 15 thematic botanical sections including a Medicinal Plants Garden (Ayurvedic herbs), Palmetum, Bamboo Forest, Arboretum, Aquatic Plants and Water Lily Ponds, Cactus and Succulent House, and Shivalik Foothills Native Flora Section.",Oct-Feb,https://thumb.wikimedia.org/wikipedia/commons/thumb/5/59/Topiary_Park%2C_Columbus%2C_OH.jpg/960px-Topiary_Park%2C_Columbus%2C_OH.jpg?utm_source=en.wikipedia.org&utm_campaign=api&utm_content=thumbnail
11307,Chandigarh War Memorial (Bougainvillea Garden Sector 3),Chandigarh,attraction,30.751389,76.791667,budget,4.4,9118,"Set gracefully within the lush Bougainvillea Garden in Sector 3, inaugurated in August 2006 by President Dr. A.P.J. Abdul Kalam, the Chandigarh War Memorial is the largest post-independence war memorial in the country built through public citizens' initiative, centered around a 22-foot black granite monolith obelisk inscribed with the immortal words 'They Shall Not Grow Old', flanked by curved black granite walls etched with the gold-embossed names of over 8,400 fallen soldiers, sailors, and airmen from Punjab, Haryana, Himachal Pradesh, and Chandigarh.",Oct-Feb,https://thumb.wikimedia.org/wikipedia/commons/thumb/a/a5/Eiffel_Tower_from_the_Seine%2C_17_July_2007.jpg/960px-Eiffel_Tower_from_the_Seine%2C_17_July_2007.jpg?utm_source=en.wikipedia.org&utm_campaign=api&utm_content=thumbnail
11308,Children Traffic Park & Toy Train Park (Sector 23),Chandigarh,attraction,30.736111,76.769444,budget,4.6,12426,"Sprawling across 12 lush acres in Sector 23A, established by the Chandigarh Traffic Police in coordination with the Municipal Corporation, the Children Traffic Park is India's pioneer educational theme park designed to teach children and young learners road safety rules in a fun, realistic environment, featuring miniature asphalt roadways with functional traffic lights, road signs, pedestrian zebra crossings, simulated railway level crossings, driving test tracks, and an operational miniature toy train.",Oct-Feb,https://thumb.wikimedia.org/wikipedia/commons/thumb/a/a8/ShankarsInternationalDollsMuseum.jpg/960px-ShankarsInternationalDollsMuseum.jpg?utm_source=en.wikipedia.org&utm_campaign=api&utm_content=thumbnail
11309,City Bird Sanctuary (Parrot Bird Sanctuary Sector 21),Chandigarh,attraction,30.725,76.779167,budget,4.3,3225,"Occupying a dense, mature green park of 2.9 hectares in the heart of residential Sector 21, notified as a wildlife sanctuary in 1998 following citizen conservation campaigns, the City Bird Sanctuary (popularly known as the Parrot Bird Sanctuary) is India's second unique urban sanctuary dedicated primarily to avifauna, serving as the communal evening roosting and nesting haven for over 20,000 wild Rose-ringed and Alexandrine parakeets who converge here at dusk in a breathtaking swirling emerald cloud.",Oct-Feb,https://thumb.wikimedia.org/wikipedia/commons/thumb/e/e6/Sukhna_Lake_Chandigarh_India.jpg/960px-Sukhna_Lake_Chandigarh_India.jpg?utm_source=en.wikipedia.org&utm_campaign=api&utm_content=thumbnail
11310,Gandhi Bhawan (Panjab University Sector 14),Chandigarh,attraction,30.76,76.768611,budget,4.4,28920,"Rising gracefully from the center of a tranquil water pool on the Panjab University campus in Sector 14, inaugurated in 1962 by President Dr. S. Radhakrishnan, Gandhi Bhawan is one of modern India's most celebrated architectural gems designed by Swiss architect Pierre Jeanneret, shaped in the sculptural form of an abstract white lotus blossom or three-winged pod floating upon water, housing a library dedicated to Gandhian literature, a circular seminar hall, and peace study archives.",Oct-Feb,https://thumb.wikimedia.org/wikipedia/commons/thumb/a/a5/Chandigarh_Museum_and_Art_Gallery.jpg/960px-Chandigarh_Museum_and_Art_Gallery.jpg?utm_source=en.wikipedia.org&utm_campaign=api&utm_content=thumbnail
11311,Garden of Conifers (Sector 52 Gymnosperm Forest),Chandigarh,attraction,30.708333,76.738889,budget,4.7,4091,"Occupying a tranquil green sector on the southern boundary of Chandigarh in Sector 52, the Garden of Conifers is a rare specialized botanical garden devoted to gymnosperms and non-flowering evergreen trees, preserving dozens of rare coniferous species including Himalayan Cedar (Deodar), Chir Pine, Blue Pine, Araucaria, Juniper, Cycads, and Thuja, providing an evergreen woodland ambience and fresh pine scent reminiscent of Himalayan hill stations.",Oct-Feb,https://thumb.wikimedia.org/wikipedia/commons/thumb/8/80/Butterfly_Park_Portland.jpg/960px-Butterfly_Park_Portland.jpg?utm_source=en.wikipedia.org&utm_campaign=api&utm_content=thumbnail
11312,Garden of Palms (Sector 42 Palm Arboretum),Chandigarh,attraction,30.725,76.744444,budget,4.2,1891,"Situated in Sector 42 adjacent to the Beant Singh Memorial, established by the Chandigarh Tourism Department, the Garden of Palms is a specialized botanical park dedicated exclusively to the Arecaceae (palm) family, showcasing over 21 distinct indigenous and exotic palm species (including Royal Palms, Foxtail Palms, Areca, Fishtail, and Date Palms) planted along wide paved promenades, wooden pergolas, artificial water channels, a dedicated children's activity area, and a cycling track.",Oct-Feb,https://thumb.wikimedia.org/wikipedia/commons/thumb/7/72/Overzicht_van_de_palmentuin_-_Paramaribo_-_20417693_-_RCE.jpg/960px-Overzicht_van_de_palmentuin_-_Paramaribo_-_20417693_-_RCE.jpg?utm_source=en.wikipedia.org&utm_campaign=api&utm_content=thumbnail
11313,Geometric Hill & Trench of Considerations,Chandigarh,attraction,30.759167,76.804167,budget,4.7,1443,"Constructed in the Capitol Complex plaza between the Assembly and the High Court, the Geometric Hill (Colline Géométrique) is a carefully sculpted 12-meter high earthwork mound covered in turf and white triangular concrete lines, designed by Le Corbusier from the soil excavated during basement construction to visually shield the view between buildings and conceal the service yards, while the adjoining Trench of Considerations (Fosse des Considérations) provides a sunken, sheltered outdoor democratic agora for intellectual discourse free from vehicular noise.",Oct-Feb,https://thumb.wikimedia.org/wikipedia/commons/thumb/a/a5/Eiffel_Tower_from_the_Seine%2C_17_July_2007.jpg/960px-Eiffel_Tower_from_the_Seine%2C_17_July_2007.jpg?utm_source=en.wikipedia.org&utm_campaign=api&utm_content=thumbnail
11314,Government Museum and Art Gallery,Chandigarh,attraction,30.749665,76.787941,mid,4.6,7969,"Designed by master architect Le Corbusier and opened in 1968, housing a world-class collection of 2nd-century Gandharan Buddhist stone sculptures, Pahari and Rajasthani miniature paintings, and contemporary Indian art.",Oct-Mar,https://thumb.wikimedia.org/wikipedia/commons/thumb/a/a5/Chandigarh_Museum_and_Art_Gallery.jpg/960px-Chandigarh_Museum_and_Art_Gallery.jpg?utm_source=en.wikipedia.org&utm_campaign=api&utm_content=thumbnail
11315,Heritage Trees Circuit of Chandigarh,Chandigarh,attraction,30.733333,76.788889,budget,3.9,335,"Formally notified and protected by the Department of Forests & Wildlife, Chandigarh Administration, this citywide botanical heritage trail comprises 31 monumental 'Heritage Trees' of exceptional botanical, historical, and ecological significance, each tagged with commemorative metal plaques detailing its age, species, and historical lore, including majestic 300-year-old sacred banyan trees (Ficus benghalensis), ancient peepal trees (Ficus religiosa), and grand mango and mahua trees predating the construction of Chandigarh.",Oct-Feb,https://thumb.wikimedia.org/wikipedia/commons/thumb/9/9e/Mani_Majra_Fort%2C_North_side_view_Chandigarh%2C_India_03.JPG/960px-Mani_Majra_Fort%2C_North_side_view_Chandigarh%2C_India_03.JPG?utm_source=en.wikipedia.org&utm_campaign=api&utm_content=thumbnail
11316,High Court Museum (Capitol Complex),Chandigarh,attraction,30.757222,76.807778,mid,4.3,3022,"Housed within the High Court complex in Sector 1, established in 2006, the High Court Museum preserves the rich judicial heritage of the Punjab and Haryana High Court (formerly Lahore High Court), displaying priceless historic judicial artifacts including the original trial records of Shaheed Bhagat Singh and his comrades from the 1930 Lahore Conspiracy Case, the original court copy of the Constitution of India signed by the Constituent Assembly members, arrest warrants of historical freedom fighters, and vintage legal regalia.",Oct-Mar,https://thumb.wikimedia.org/wikipedia/commons/thumb/c/c2/Chandigarh_Rock_Garden_4.jpg/960px-Chandigarh_Rock_Garden_4.jpg?utm_source=en.wikipedia.org&utm_campaign=api&utm_content=thumbnail
11317,Historic Chandi Mandir / Chandi Devi Temple (Root of Chandigarh's Name),Chandigarh,attraction,30.738889,76.883333,budget,4.9,26219,"Perched on a scenic ridge overlooking the Ghaggar River valley in the Shivalik foothills along the Chandigarh-Kalka highway, this ancient sacred temple dedicated to Goddess Chandi (the fierce warrior manifestation of Durga) is the revered historic namesake of the city: 'Chandigarh' literally means 'The Fort (Garh) of Goddess Chandi', featuring an ancient sanctum housing self-manifested stone idols of Goddess Chandi, Lord Shiva, Radha Krishna, and Lord Hanuman, commanding breathtaking panoramic views of the Himalayan foothills.",Oct-Mar,https://thumb.wikimedia.org/wikipedia/commons/thumb/3/36/Elante_Mall%2C_Chandigarh.jpg/960px-Elante_Mall%2C_Chandigarh.jpg?utm_source=en.wikipedia.org&utm_campaign=api&utm_content=thumbnail
11318,ISKCON Temple Chandigarh (Sector 36),Chandigarh,attraction,30.730556,76.752778,budget,4.9,23164,"Situated in Sector 36B near the Garden of Fragrance, ISKCON Temple Chandigarh (Hare Krishna Dham) is a major spiritual and cultural center dedicated to Lord Krishna and Srimati Radharani, featuring a beautifully carved marble sanctum housing the radiant deities of Sri Sri Radha Madhava and Lord Chaitanya Mahaprabhu, an active Vedic library, daily ecstatic kirtan assemblies, Govinda's pure vegetarian restaurant, and vibrant annual celebrations of Janmashtami and Ratha Yatra.",Oct-Mar,https://thumb.wikimedia.org/wikipedia/commons/thumb/9/95/Leisure_valley%2C_Chandigarh.jpg/960px-Leisure_valley%2C_Chandigarh.jpg?utm_source=en.wikipedia.org&utm_campaign=api&utm_content=thumbnail
11319,Indian Air Force Heritage Centre (Sector 18 Vintage Aviation),Chandigarh,attraction,30.738889,76.791667,budget,4.9,5552,"Inaugurated in May 2023 by Defence Minister Rajnath Singh on Madhya Marg in Sector 18, set up jointly by the Indian Air Force and the Chandigarh Administration, the IAF Heritage Centre is India's first dedicated air force heritage center in the region, featuring an actual decommissioned supersonic MiG-21 fighter aircraft mounted on the forecourt, an authentic Gnat 'Sabre Slayer' cockpit, motion-based flight simulators, holographic displays of historic air campaigns, and memorial galleries honoring Param Vir Chakra and Maha Vir Chakra recipients.",Oct-Feb,https://thumb.wikimedia.org/wikipedia/commons/thumb/a/a8/ShankarsInternationalDollsMuseum.jpg/960px-ShankarsInternationalDollsMuseum.jpg?utm_source=en.wikipedia.org&utm_campaign=api&utm_content=thumbnail
11320,International Dolls Museum (Bal Bhawan Sector 23),Chandigarh,attraction,30.730556,76.772222,mid,4.7,15263,"Located inside the Bal Bhawan complex in Sector 23B, established in 1985 by the Chandigarh Administration in collaboration with the Rotary Club, the International Dolls Museum is a whimsical wonderland displaying over 250 exquisitely handcrafted costume dolls collected from 32 countries across Europe, the Americas, Asia, and Africa (including Germany, Russia, Korea, Spain, and Denmark), alongside dolls dressed in the traditional bridal and folk attire of various Indian states, and an operating model toy train display.",Oct-Mar,https://thumb.wikimedia.org/wikipedia/commons/thumb/a/a8/ShankarsInternationalDollsMuseum.jpg/960px-ShankarsInternationalDollsMuseum.jpg?utm_source=en.wikipedia.org&utm_campaign=api&utm_content=thumbnail
11321,Kalagram Cultural Village & Arts Centre (Manimajra),Chandigarh,attraction,30.716667,76.844444,budget,4.9,29761,"Sprawling across 14 rural-themed acres on the Chandigarh-Panchkula road in Manimajra, functioning as the headquarters of the North Zone Cultural Centre (NZCC, Ministry of Culture), Kalagram is a vibrant cultural village dedicated to preserving and promoting traditional Indian folk arts, featuring open-air terracotta workshops, artisan huts, an art gallery, an outdoor sculpture garden, an amphitheatre, and hosting the prestigious annual 10-day Chandigarh National Crafts Mela every autumn.",Oct-Feb,https://thumb.wikimedia.org/wikipedia/commons/thumb/a/a8/ShankarsInternationalDollsMuseum.jpg/960px-ShankarsInternationalDollsMuseum.jpg?utm_source=en.wikipedia.org&utm_campaign=api&utm_content=thumbnail
11322,Kansal Forest & Historic Inspection Log Hut,Chandigarh,attraction,30.777778,76.819444,budget,4.1,691,"Situated within the northern sector of the Sukhna catchment near Kansal village on the outskirts of Chandigarh, Kansal Forest is a picturesque, dense reserve forest dominated by dhau, khair, and shisham trees, renowned for its charming historic wooden Inspection Log Hut constructed in 1917 during the British era, an observation watchtower overlooking natural watering holes frequented by nilgai, sambar, and wild boars, and shaded nature trails that offer total forest tranquility.",Oct-Feb,https://thumb.wikimedia.org/wikipedia/commons/thumb/c/c2/Chandigarh_Rock_Garden_4.jpg/960px-Chandigarh_Rock_Garden_4.jpg?utm_source=en.wikipedia.org&utm_campaign=api&utm_content=thumbnail
11323,Leisure Valley Chandigarh,Chandigarh,attraction,30.753195,76.792995,budget,4.9,25744,"An 8-kilometer continuous emerald green belt envisioned by Le Corbusier as the 'Lungs of Chandigarh', connecting 12 themed parks (Bougainvillea, Rose Garden, Shanti Kunj) along a seasonal eroded valley.",Oct-Feb,https://upload.wikimedia.org/wikipedia/commons/0/05/Chandigarh_Capitol_Complex_-_Le_Corbusier_-_Open_hand_monument.jpg?utm_source=en.wikipedia.org&utm_campaign=api&utm_content=thumbnail_unscaled
11324,Martyrs' Memorial Capitol Complex,Chandigarh,attraction,30.758611,76.804444,budget,4.5,4065,"Situated in the central esplanade of the Capitol Complex between the Assembly and the High Court, designed by Le Corbusier as an integral component of the monumental plaza, the Martyrs' Memorial honors the victims and martyrs of the traumatic 1947 Partition of India that cleaved Punjab, consisting of a square concrete enclosure with a ramp leading past abstract symbolic sculptures representing the slain body, the weeping mother, and the triumphant column of human spirit rising toward the sky.",Oct-Feb,https://thumb.wikimedia.org/wikipedia/commons/thumb/8/85/CCA_02.JPG/960px-CCA_02.JPG?utm_source=en.wikipedia.org&utm_campaign=api&utm_content=thumbnail
11325,Museum of Evolution of Life (Sector 10 Cenozoic Galleries),Chandigarh,attraction,30.748611,76.7875,mid,4.3,2138,"Operating as a distinguished wing of the Natural History Museum complex in Sector 10C, designed under the guidance of renowned scientist Dr. M.S. Randhawa, the Museum of Evolution of Life presents a visual journey through geological eras, showcasing detailed evolutionary scale dioramas, fossil casts of Cambrian marine invertebrates, Carboniferous giant ferns, Jurassic marine reptiles, and detailed scientific reconstructions of Early Man's stone-tool toolmaking traditions.",Oct-Mar,https://thumb.wikimedia.org/wikipedia/commons/thumb/8/88/Saihouji-kokedera01.jpg/960px-Saihouji-kokedera01.jpg?utm_source=en.wikipedia.org&utm_campaign=api&utm_content=thumbnail
11326,National Gallery of Portraits (Sector 17),Chandigarh,attraction,30.738889,76.783333,budget,4.2,685,"Situated on the second floor of the Central State Library building in Sector 17B, established in 1977, the National Gallery of Portraits is a reverent historical institution chronicling India's heroic struggle for independence from the 1857 First War of Independence to 1947, displaying rare archival photographs, authentic handwritten letters, original arrest records, sculptured busts, and vibrant oil portraits of national heroes including Mahatma Gandhi, Bhagat Singh, Subhas Chandra Bose, and Lala Lajpat Rai.",Oct-Feb,https://thumb.wikimedia.org/wikipedia/commons/thumb/5/59/Topiary_Park%2C_Columbus%2C_OH.jpg/960px-Topiary_Park%2C_Columbus%2C_OH.jpg?utm_source=en.wikipedia.org&utm_campaign=api&utm_content=thumbnail
11327,Natural History Museum (Sector 10 Dinosaurs & Human Evolution),Chandigarh,attraction,30.748333,76.787778,mid,4.7,24291,"Situated in the Cultural Complex of Sector 10 adjoining the Government Museum, established in 1973 by the Chandigarh Administration, the Natural History Museum is a premier educational institution devoted to paleontological science and human origin, displaying authentic million-year-old fossilized skulls of prehistoric mastodons and sabre-toothed cats unearthed from the nearby Shivalik hills, life-size animatronic dinosaur models, and a panoramic Cyclorama painted with scenes from the Big Bang to the rise of Homo sapiens.",Oct-Mar,https://thumb.wikimedia.org/wikipedia/commons/thumb/5/59/Topiary_Park%2C_Columbus%2C_OH.jpg/960px-Topiary_Park%2C_Columbus%2C_OH.jpg?utm_source=en.wikipedia.org&utm_campaign=api&utm_content=thumbnail
11328,Neelam Theatre & Sector 17 Modernist Urban Arcade,Chandigarh,attraction,30.740278,76.786667,budget,4.9,6327,"Standing as the monumental architectural focal point on the central plaza of Sector 17, designed in the late 1950s by legendary British architects Maxwell Fry and Jane Drew in close consultation with Le Corbusier, Neelam Theatre is an iconic single-screen cinema building celebrated for its soaring curved brick-and-concrete facade, bold typography, sweeping exterior cantilevered ramp, and massive blind facade that commands the central open pedestrian concourse of the City Center.",Oct-Feb,https://thumb.wikimedia.org/wikipedia/commons/thumb/2/22/Rose_Garden_%2CChandigarh%2CIndia.jpg/960px-Rose_Garden_%2CChandigarh%2CIndia.jpg?utm_source=en.wikipedia.org&utm_campaign=api&utm_content=thumbnail
11329,Nepli Forest Reserve & Deep Forest Trails,Chandigarh,attraction,30.783333,76.85,budget,3.9,600,"Tucked away in the eastern reaches of the Sukhna Wildlife Sanctuary surrounded by steep sub-Himalayan ridges, Nepli Forest is the wildest and most heavily wooded forest block in the Union Territory, featuring an idyllic colonial-era forest rest house, an elevated panoramic watchtower providing sweeping vistas of the Shivalik hills and catchment reservoirs, seasonal mountain rivulets, and rugged hiking tracks that shelter leopards, barking deer, pythons, and rare woodland birds.",Oct-Feb,https://thumb.wikimedia.org/wikipedia/commons/thumb/2/22/Rose_Garden_%2CChandigarh%2CIndia.jpg/960px-Rose_Garden_%2CChandigarh%2CIndia.jpg?utm_source=en.wikipedia.org&utm_campaign=api&utm_content=thumbnail
11330,New Lake Sector 42 (Waterfront Jogging Track),Chandigarh,attraction,30.727778,76.741667,budget,4.4,2092,"Constructed in Sector 42 near Attawa and the Beant Singh Memorial to serve the expanding southern sectors of the city, New Lake is a peaceful artificial water body surrounded by a paved walking and jogging promenade, terraced grassy banks, dedicated stepped ghats used for the annual Chhath Puja celebrations, shaded gazebos, and serene sunset viewpoints overlooking calm waters reflecting evening skies.",Oct-Feb,https://thumb.wikimedia.org/wikipedia/commons/thumb/a/a6/Entrance_of_Sukhna_Wildlife_Sanctuary%2CChandigarh%2C_India.JPG/960px-Entrance_of_Sukhna_Wildlife_Sanctuary%2CChandigarh%2C_India.JPG?utm_source=en.wikipedia.org&utm_campaign=api&utm_content=thumbnail
11331,Palace of Justice (Punjab & Haryana High Court),Chandigarh,attraction,30.757778,76.808056,mid,4.8,29326,"Constructed between 1951 and 1955 as the first major building erected in the Capitol Complex, the Palace of Justice (Punjab and Haryana High Court) is a masterpiece of modern climatic architecture designed by Le Corbusier, featuring a monumental parasol roof with rhythmic concrete arches providing shade from the scorching sub-Himalayan sun, an open rhythmic portico supported by three giant 60-foot vertical concrete pylons painted in brilliant primary red, yellow, and green, and courtrooms hung with vibrant wool tapestries designed by Corbusier himself.",Oct-Feb,https://thumb.wikimedia.org/wikipedia/commons/thumb/8/88/Saihouji-kokedera01.jpg/960px-Saihouji-kokedera01.jpg?utm_source=en.wikipedia.org&utm_campaign=api&utm_content=thumbnail
11332,Panjab University Heritage Campus & Student Centre,Chandigarh,homestay,30.758333,76.769444,budget,4.6,16365,"Sprawling across 550 green, tree-shaded acres in Sector 14, established in 1956 to house the historic university displaced from Lahore following the 1947 Partition, the Panjab University campus is an architectural tour de force master-planned by Swiss architect Pierre Jeanneret and B.P. Mathur, featuring red-brick modernist residential hostels, the iconic cylindrical Student Centre ('Stu-C') with its spiral ramps and bustling open-air food hub, the Museum of Fine Arts, the Department of Indian Theatre, and wide avenues shaded by flowering Jacaranda and Cassia trees.",Oct-Feb,https://upload.wikimedia.org/wikipedia/commons/0/05/Chandigarh_Capitol_Complex_-_Le_Corbusier_-_Open_hand_monument.jpg?utm_source=en.wikipedia.org&utm_campaign=api&utm_content=thumbnail_unscaled
11333,Patiala Ki Rao Nature Area & Forest Reserve,Chandigarh,attraction,30.763889,76.758333,budget,4.4,1071,"Forming the natural western geographic boundary of Chandigarh adjoining Panjab University and Sarangpur, Patiala Ki Rao is an extensive seasonal sub-Himalayan stream corridor bordered by hundreds of acres of conserved riverine scrub forest, seasonal wetlands, and indigenous flora, functioning as a vital ecological wildlife corridor connecting the Shivalik hills with the Punjab plains and offering serene unpaved nature trails for morning walks, cycling, and bird observation.",Oct-Feb,https://upload.wikimedia.org/wikipedia/commons/0/05/Chandigarh_Capitol_Complex_-_Le_Corbusier_-_Open_hand_monument.jpg?utm_source=en.wikipedia.org&utm_campaign=api&utm_content=thumbnail_unscaled
11334,Pierre Jeanneret Museum (Maison Jeanneret Sector 5),Chandigarh,attraction,30.748611,76.797222,mid,4.2,467,"Situated at House No. 57 in leafy Sector 5, this charming mid-century modernist residence was the home and personal laboratory of Swiss architect Pierre Jeanneret (cousin of Le Corbusier and Chief Architect of Chandigarh who lived and worked here from 1954 to 1965), converted in 2017 into an atmospheric house museum that preserves Jeanneret's personal bedroom, study, drafting tables, and iconic handcrafted cane-and-teak furniture designs (the famous 'Chandigarh Chairs' and V-leg tables now globally prized by art collectors).",Oct-Mar,https://thumb.wikimedia.org/wikipedia/commons/thumb/8/85/CCA_02.JPG/960px-CCA_02.JPG?utm_source=en.wikipedia.org&utm_campaign=api&utm_content=thumbnail
11335,Punjab and Haryana Vidhan Sabha (Legislative Assembly),Chandigarh,attraction,30.758333,76.802778,budget,4.6,15256,"Standing on the southwestern side of the Capitol Complex opposite the High Court, completed in 1962, the Palace of the Assembly (Vidhan Sabha) is Le Corbusier's structural tour de force, housing both the Punjab and Haryana legislative chambers beneath a dramatic silhouette featuring a soaring concrete hyperboloid tower inspired by industrial cooling towers and a pyramidal assembly hall skylight, entered via a monumental 25-foot square ceremonial enamel door hand-painted by Le Corbusier with allegorical cosmic symbols, solar cycles, and constellations.",Oct-Feb,https://thumb.wikimedia.org/wikipedia/commons/thumb/5/59/Topiary_Park%2C_Columbus%2C_OH.jpg/960px-Topiary_Park%2C_Columbus%2C_OH.jpg?utm_source=en.wikipedia.org&utm_campaign=api&utm_content=thumbnail
11336,Rag Dolls Museum (Nek Chand Village Collection),Chandigarh,attraction,30.753333,76.808056,mid,4.9,19196,"Situated in Phase 3 of the Rock Garden complex, inaugurated in memory of visionary artist Nek Chand Saini, the Rag Dolls Museum houses an extraordinary, emotive collection of over 200 life-size and miniature handmade cloth dolls created by Nek Chand from discarded fabric scraps, rags, and waste yarn, arranged in lively ethnographic dioramas depicting traditional Punjabi village life, bullock cart caravans, village elders smoking hookahs, spinning wheels, wedding processions, and folk dancers.",Oct-Mar,https://upload.wikimedia.org/wikipedia/commons/0/05/Chandigarh_Capitol_Complex_-_Le_Corbusier_-_Open_hand_monument.jpg?utm_source=en.wikipedia.org&utm_campaign=api&utm_content=thumbnail_unscaled
11337,Rajendra Park (Sector 1 Mango Grove & Equestrian Grounds),Chandigarh,attraction,30.761111,76.797222,budget,4.2,3254,"Encompassing a colossal 400 acres adjacent to the Secretariat and Capitol Complex in Sector 1, named after India's first President Dr. Rajendra Prasad, Rajendra Park was conceived by Le Corbusier as an open green landscape buffer connecting the monumental government buildings to the open Shivalik countryside, featuring thousands of mature mango trees, weeping willows, a designated horse-riding and polo trail, and endless vistas of the mountain foothills.",Oct-Feb,https://thumb.wikimedia.org/wikipedia/commons/thumb/5/59/Topiary_Park%2C_Columbus%2C_OH.jpg/960px-Topiary_Park%2C_Columbus%2C_OH.jpg?utm_source=en.wikipedia.org&utm_campaign=api&utm_content=thumbnail
11338,Rock Garden Open-Air Amphitheatre & Courtyards,Chandigarh,attraction,30.753889,76.808889,budget,4.9,20257,"Occupying the expansive, sweeping terminal arena of Phase 3 of the Rock Garden, this monumental open-air amphitheatre is flanked by towering stone arcades and colossal Roman-style aqueducts, featuring life-size terracotta and ceramic sculptures of dancing village women, caparisoned camels, elephants, and courtly musicians, accompanied by rows of giant rope-hung wooden swings, open performance platforms, and hidden courtyards where cultural festivals and folk music events take place.",Oct-Feb,https://thumb.wikimedia.org/wikipedia/commons/thumb/e/e0/Rock_Garden_Chandigarh.jpg/960px-Rock_Garden_Chandigarh.jpg
11339,Rock Garden Waterfalls & Subterranean Archways,Chandigarh,attraction,30.7525,76.806944,budget,4.9,11484,"Forming the dramatic central nexus of Phase 1 and Phase 2 of Nek Chand's Rock Garden in Sector 1, this enchanting sequence of artificial waterfalls, cavernous rock grottoes, low-clearance stone doorways, and vaulted aqueducts was crafted entirely from recycled urban rubble, broken sanitary ceramics, porcelain electrical insulators, and slag rocks from local brick kilns, creating a mystical dreamscape where cool sheets of cascading water crash over stone steps into reflecting pools surrounded by animal sculptures.",Jul-Oct,https://thumb.wikimedia.org/wikipedia/commons/thumb/e/e0/Rock_Garden_Chandigarh.jpg/960px-Rock_Garden_Chandigarh.jpg
11340,Rock Garden of Chandigarh,Chandigarh,attraction,30.75291,76.805224,budget,4.8,5248,"Secretly created by government road inspector Nek Chand starting in 1957, a surreal 40-acre visionary kingdom of winding courtyards, gorges, waterfalls, and thousands of sculptures made entirely from industrial, ceramic, and domestic urban waste.",Oct-Feb,https://thumb.wikimedia.org/wikipedia/commons/thumb/e/e0/Rock_Garden_Chandigarh.jpg/960px-Rock_Garden_Chandigarh.jpg
11341,Secretariat Building Chandigarh (Le Corbusier),Chandigarh,attraction,30.76,76.801111,budget,4.5,20015,"Forming the imposing western flank of the Capitol Complex, constructed between 1953 and 1959, the Secretariat Building is the largest structure designed by Le Corbusier in Chandigarh, spanning 254 meters (833 feet) in length and rising 8 storeys (42 meters) in exposed raw concrete, featuring an intricate facade of over 800 sun-breaker balconies (brise-soleil) organized rhythmically into six administrative blocks, topped by an avant-garde rooftop sculpture garden, cafeteria pavilions, and an observation terrace offering breathtaking panoramic vistas of the entire planned city and the Shivalik range.",Oct-Feb,https://thumb.wikimedia.org/wikipedia/commons/thumb/7/7e/Muscovy_duck_beside_a_pond.jpg/960px-Muscovy_duck_beside_a_pond.jpg?utm_source=en.wikipedia.org&utm_campaign=api&utm_content=thumbnail
11342,Sector 17 Shopping Plaza & Musical Dancing Fountain,Chandigarh,attraction,30.741667,76.786111,budget,4.9,8967,"Conceived by Le Corbusier as the commercial 'heart' of Chandigarh, Sector 17 Shopping Plaza is an iconic 240-acre pedestrian-only urban esplanade lined with uniform 4-storey exposed concrete colonnades, multi-level pedestrian bridges, tree-shaded paved piazzas, international brand showrooms, traditional Phulkari textile emporiums, street food kiosks, and a central illuminated musical dancing fountain where colorful water jets dance to Bollywood and classical melodies every evening.",Oct-Feb,https://thumb.wikimedia.org/wikipedia/commons/thumb/a/a5/Eiffel_Tower_from_the_Seine%2C_17_July_2007.jpg/960px-Eiffel_Tower_from_the_Seine%2C_17_July_2007.jpg?utm_source=en.wikipedia.org&utm_campaign=api&utm_content=thumbnail
11343,Shanti Kunj (Sector 16 Serene Green Oasis),Chandigarh,attraction,30.741667,76.780556,budget,4.5,8192,"Nestled between the Rose Garden and the Cricket Stadium in Sector 16, Shanti Kunj ('Abode of Peace') is one of Chandigarh's most tranquil, car-free green sanctuaries, divided into five distinct thematic zones by an ancient natural freshwater stream, densely planted with therapeutic, aromatic, and medicinal trees that provide soothing acoustic shade from all urban street noise, with quiet stone bridges crossing the running brook.",Oct-Feb,https://thumb.wikimedia.org/wikipedia/commons/thumb/9/95/Leisure_valley%2C_Chandigarh.jpg/960px-Leisure_valley%2C_Chandigarh.jpg?utm_source=en.wikipedia.org&utm_campaign=api&utm_content=thumbnail
11344,Shirdi Sai Baba Temple (Sector 29),Chandigarh,attraction,30.716667,76.794444,budget,4.9,25980,"Located on Iron Market Road in Sector 29A, the Shirdi Sai Baba Temple is one of the most revered and peaceful spiritual shrines in Chandigarh, centered around an exquisitely sculpted life-size white Italian marble idol of Sai Baba of Shirdi seated on a silver throne, surrounded by spacious prayer halls where devotees of all religions and communities gather daily for kakad aarti, noon bhog, evening dhoop aarti, and weekly community Thursday langar.",Oct-Mar,https://thumb.wikimedia.org/wikipedia/commons/thumb/5/5e/Garden_of_Silence%2C_Chandigarh.jpg/960px-Garden_of_Silence%2C_Chandigarh.jpg?utm_source=en.wikipedia.org&utm_campaign=api&utm_content=thumbnail
11345,Shri Karthikeya Swami Temple (Sector 31),Chandigarh,attraction,30.705556,76.788889,budget,4.7,7539,"Situated in Sector 31D near the Japanese Garden, constructed by the South Indian cultural community of the tri-city region, the Shri Karthikeya Swami Temple is an authentic Dravidian architectural marvel in North India, featuring a brightly painted tiered Rajagopuram tower adorned with sculpted Hindu deities, granite sanctums dedicated to Lord Murugan (Karthikeya), Lord Ganesha, and Goddess Meenakshi, and resonant with traditional Nadaswaram and Thavil temple music during festivals like Skanda Sashti and Thaipusam.",Oct-Mar,https://thumb.wikimedia.org/wikipedia/commons/thumb/7/7e/Muscovy_duck_beside_a_pond.jpg/960px-Muscovy_duck_beside_a_pond.jpg?utm_source=en.wikipedia.org&utm_campaign=api&utm_content=thumbnail
11346,Smriti Upavan (Sector 1 Memorial Grove),Chandigarh,attraction,30.75,76.811111,budget,4.1,777,"Situated between the Rock Garden and Sukhna Lake along the Sukhna Choe in Sector 1, established in 1998, Smriti Upavan ('Memorial Garden') is a serene and moving memorial arboretum where citizens and dignitaries plant living trees in solemn memory of departed family members, freedom fighters, and loved ones, inaugurating a unique living tradition where hundreds of named banyan, neem, amaltas, and peepal trees have grown into a dense, whispering forest sanctuary.",Oct-Feb,https://thumb.wikimedia.org/wikipedia/commons/thumb/a/a6/Entrance_of_Sukhna_Wildlife_Sanctuary%2CChandigarh%2C_India.JPG/960px-Entrance_of_Sukhna_Wildlife_Sanctuary%2CChandigarh%2C_India.JPG?utm_source=en.wikipedia.org&utm_campaign=api&utm_content=thumbnail
11347,Sukhna Lake (Man-Made Rainwater Lake & Promenade),Chandigarh,attraction,30.742222,76.818056,budget,4.6,5208,"Nestled idyllically at the foothills of the Shivalik range in Sector 1, created in 1958 by damming the seasonal Sukhna Choe stream flowing down from the hills, Sukhna Lake is the scenic, serene jewel of Chandigarh envisioned by Le Corbusier and Chief Engineer P.L. Verma as a tranquil urban sanctuary where citizens can connect with untouched nature, featuring a broad 2-km paved pedestrian promenade lined with weeping willows and eucalyptus, sunrise yoga zones, and breathtaking views of purple Shivalik peaks reflected on mirror waters.",Oct-Feb,https://thumb.wikimedia.org/wikipedia/commons/thumb/e/e6/Sukhna_Lake_Chandigarh_India.jpg/960px-Sukhna_Lake_Chandigarh_India.jpg?utm_source=en.wikipedia.org&utm_campaign=api&utm_content=thumbnail
11348,Sukhna Lake Boating & Solar Cruise Pier,Chandigarh,attraction,30.743611,76.816667,mid,4.7,17049,"Situated at the central jetty along the main Sukhna Lake promenade in Sector 1, operated by the Chandigarh Industrial and Tourism Development Corporation (CITCO), this bustling waterfront activity hub provides pedal boats (2-seater and 4-seater), classic wooden rowing skiffs, and quiet, eco-friendly solar-powered passenger cruise boats that glide smoothly across the open waters of the 3-sq-km lake, accompanied by a lakeside fast-food court, souvenir kiosks, and an amusement area for children.",Oct-Feb,https://thumb.wikimedia.org/wikipedia/commons/thumb/9/95/Leisure_valley%2C_Chandigarh.jpg/960px-Leisure_valley%2C_Chandigarh.jpg?utm_source=en.wikipedia.org&utm_campaign=api&utm_content=thumbnail
11349,Sukhna Lake Nature Trail (Catchment Forest Track),Chandigarh,attraction,30.746111,76.828889,budget,4.7,1946,"Beginning near the regulatory sluice gates at the eastern end of Sukhna Lake and winding for 5 kilometers deep along the shoreline into the protected Lake Reserve Forest toward the Shivalik hills, the Sukhna Lake Nature Trail is a secluded earthen walking track shaded by dense canopies of dhau, khair, kikar, and bamboo, celebrated by birdwatchers and nature enthusiasts as an undisturbed ecological haven for over 150 resident and winter migratory bird species, barking deer, and golden jackals.",Oct-Feb,https://thumb.wikimedia.org/wikipedia/commons/thumb/c/c2/Chandigarh_Rock_Garden_4.jpg/960px-Chandigarh_Rock_Garden_4.jpg?utm_source=en.wikipedia.org&utm_campaign=api&utm_content=thumbnail
11350,Tagore Theatre (Sector 18 Cultural Auditorium),Chandigarh,attraction,30.733333,76.786111,budget,4.7,6332,"Located in Sector 18 along Sarovar Path, constructed in 1961 to commemorate the birth centenary of Nobel laureate Rabindranath Tagore and designed by visionary Indian architect Aditya Prakash (a core member of Le Corbusier's team), Tagore Theatre is the beating cultural heart of Chandigarh, featuring a striking folded-plate concrete roof, an acoustically optimized 900-seat state-of-the-art auditorium, open-air rehearsal courtyards, and hosting international drama festivals, Sufi music concerts, and classical recitals.",Oct-Feb,https://thumb.wikimedia.org/wikipedia/commons/thumb/9/95/Leisure_valley%2C_Chandigarh.jpg/960px-Leisure_valley%2C_Chandigarh.jpg?utm_source=en.wikipedia.org&utm_campaign=api&utm_content=thumbnail
11351,Terraced Garden (Sector 33 Chrysanthemum Pavilions),Chandigarh,attraction,30.713889,76.772222,budget,4.9,10324,"Covering 10 gracefully terraced acres in Sector 33, established in 1979, the Terraced Garden is one of Chandigarh's most popular horticultural parks, featuring multi-tiered grassy knolls, an illuminated musical dancing fountain, a charming wooden bridge, formal rose-beds, shaded walking tracks, and serving as the prestigious official venue for the grand annual Chrysanthemum Show held every December showcasing hundreds of spectacular flower cultivars and floral topiary sculptures.",Oct-Feb,https://thumb.wikimedia.org/wikipedia/commons/thumb/2/22/Rose_Garden_%2CChandigarh%2CIndia.jpg/960px-Rose_Garden_%2CChandigarh%2CIndia.jpg?utm_source=en.wikipedia.org&utm_campaign=api&utm_content=thumbnail
11352,Tower of Shadows (Capitol Complex),Chandigarh,attraction,30.75972,76.8042,budget,4.7,20674,"Designed by master architect Le Corbusier as part of the UNESCO World Heritage Capitol Complex, an open-sided concrete brise-soleil pavilion constructed so that no ray of sunlight penetrates its interior throughout the year.",Oct-Feb,https://thumb.wikimedia.org/wikipedia/commons/thumb/9/9e/Mani_Majra_Fort%2C_North_side_view_Chandigarh%2C_India_03.JPG/960px-Mani_Majra_Fort%2C_North_side_view_Chandigarh%2C_India_03.JPG?utm_source=en.wikipedia.org&utm_campaign=api&utm_content=thumbnail
11353,Valley of Animals & Fitness Trail (Sector 49),Chandigarh,attraction,30.697222,76.758333,budget,4.0,366,"Situated in southern Chandigarh in Sector 49, the Valley of Animals is a vibrant community theme park and green fitness corridor featuring large concrete and stone animal sculptures—including life-size replicas of rhinos, hippos, bears, and tigers—embedded along winding walking and jogging tracks, equipped with modern open-air gym fitness equipment, manicured lawns, and children's recreation spaces.",Oct-Feb,https://thumb.wikimedia.org/wikipedia/commons/thumb/3/36/Elante_Mall%2C_Chandigarh.jpg/960px-Elante_Mall%2C_Chandigarh.jpg?utm_source=en.wikipedia.org&utm_campaign=api&utm_content=thumbnail
11354,Zakir Hussain Rose Garden,Chandigarh,attraction,30.74498,76.77852,budget,4.9,18031,"Spread over 30 acres in Sector 16, Asia's largest rose garden established in 1967 named after India's third President, showcasing over 50,000 rose bushes across 1,600 unique species alongside medicinal tree groves.",Oct-Feb,https://thumb.wikimedia.org/wikipedia/commons/thumb/2/22/Rose_Garden_%2CChandigarh%2CIndia.jpg/960px-Rose_Garden_%2CChandigarh%2CIndia.jpg?utm_source=en.wikipedia.org&utm_campaign=api&utm_content=thumbnail
11355,Elante Mall,Chandigarh,attraction,30.6935,76.8115,budget,4.5,26341,"Elante Mall is a premier heritage destination in Chandigarh, Chandigarh. Renowned as a prominent landmark in regional tourism (Shopping), it welcomes visitors seeking authentic cultural immersion, picturesque vistas, and rich historic heritage.",Oct-Feb,https://thumb.wikimedia.org/wikipedia/commons/thumb/3/36/Elante_Mall%2C_Chandigarh.jpg/960px-Elante_Mall%2C_Chandigarh.jpg?utm_source=en.wikipedia.org&utm_campaign=api&utm_content=thumbnail
11356,Butterfly Park,Chandigarh,attraction,30.729588,76.810516,budget,4.7,8691,"Butterfly Park is a renowned recreation landmark situated in Chandigarh, Chandigarh district of Chandigarh. The destination attracts visitors seeking authentic regional heritage, architectural grandeur, and picturesque surroundings. It plays an integral role in the cultural landscape and local tourism identity of the region.",Oct-Feb,https://thumb.wikimedia.org/wikipedia/commons/thumb/8/80/Butterfly_Park_Portland.jpg/960px-Butterfly_Park_Portland.jpg?utm_source=en.wikipedia.org&utm_campaign=api&utm_content=thumbnail
11357,Garden of Fragrance,Chandigarh,attraction,30.7305,76.7598,budget,4.1,968,"Garden of Fragrance is a renowned recreation landmark situated in Chandigarh, Chandigarh district of Chandigarh. The destination attracts visitors seeking authentic regional heritage, architectural grandeur, and picturesque surroundings. It plays an integral role in the cultural landscape and local tourism identity of the region.",Oct-Feb,https://thumb.wikimedia.org/wikipedia/commons/thumb/9/9e/Mani_Majra_Fort%2C_North_side_view_Chandigarh%2C_India_03.JPG/960px-Mani_Majra_Fort%2C_North_side_view_Chandigarh%2C_India_03.JPG?utm_source=en.wikipedia.org&utm_campaign=api&utm_content=thumbnail
11358,Garden of Silence,Chandigarh,attraction,30.74865,76.78685,budget,4.0,1189,"Garden of Silence is a renowned recreation landmark situated in Chandigarh, Chandigarh district of Chandigarh. The destination attracts visitors seeking authentic regional heritage, architectural grandeur, and picturesque surroundings. It plays an integral role in the cultural landscape and local tourism identity of the region.",Oct-Feb,https://thumb.wikimedia.org/wikipedia/commons/thumb/5/5e/Garden_of_Silence%2C_Chandigarh.jpg/960px-Garden_of_Silence%2C_Chandigarh.jpg?utm_source=en.wikipedia.org&utm_campaign=api&utm_content=thumbnail
11359,Hibiscus Garden,Chandigarh,attraction,30.7438,76.8029,budget,4.2,1230,"Hibiscus Garden is a renowned recreation landmark situated in Chandigarh, Chandigarh district of Chandigarh. The destination attracts visitors seeking authentic regional heritage, architectural grandeur, and picturesque surroundings. It plays an integral role in the cultural landscape and local tourism identity of the region.",Oct-Feb,https://thumb.wikimedia.org/wikipedia/commons/thumb/a/a6/Entrance_of_Sukhna_Wildlife_Sanctuary%2CChandigarh%2C_India.JPG/960px-Entrance_of_Sukhna_Wildlife_Sanctuary%2CChandigarh%2C_India.JPG?utm_source=en.wikipedia.org&utm_campaign=api&utm_content=thumbnail
11360,Japanese Garden,Chandigarh,attraction,30.704538,76.784266,budget,4.2,2920,"Japanese Garden is a renowned recreation landmark situated in Mohali, Chandigarh district of Chandigarh. The destination attracts visitors seeking authentic regional heritage, architectural grandeur, and picturesque surroundings. It plays an integral role in the cultural landscape and local tourism identity of the region.",Oct-Feb,https://thumb.wikimedia.org/wikipedia/commons/thumb/8/88/Saihouji-kokedera01.jpg/960px-Saihouji-kokedera01.jpg?utm_source=en.wikipedia.org&utm_campaign=api&utm_content=thumbnail
11361,Le Corbusier Centre,Chandigarh,attraction,30.72225,76.80205,budget,4.7,3827,"Le Corbusier Centre is a renowned cultural landmark situated in Chandigarh, Chandigarh district of Chandigarh. The destination attracts visitors seeking authentic regional heritage, architectural grandeur, and picturesque surroundings. It plays an integral role in the cultural landscape and local tourism identity of the region.",Oct-Feb,https://thumb.wikimedia.org/wikipedia/commons/thumb/5/5e/Garden_of_Silence%2C_Chandigarh.jpg/960px-Garden_of_Silence%2C_Chandigarh.jpg?utm_source=en.wikipedia.org&utm_campaign=api&utm_content=thumbnail
11362,Open Hand Monument,Chandigarh,attraction,30.7454,76.7641,mid,4.5,3867,"Open Hand Monument is a renowned heritage landmark situated in Chandigarh, Chandigarh district of Chandigarh. The destination attracts visitors seeking authentic regional heritage, architectural grandeur, and picturesque surroundings. It plays an integral role in the cultural landscape and local tourism identity of the region.",Oct-Mar,https://upload.wikimedia.org/wikipedia/commons/0/05/Chandigarh_Capitol_Complex_-_Le_Corbusier_-_Open_hand_monument.jpg?utm_source=en.wikipedia.org&utm_campaign=api&utm_content=thumbnail_unscaled
11363,Sukhna Wildlife Sanctuary,Chandigarh,attraction,30.772938,76.857141,budget,4.8,6386,"Sukhna Wildlife Sanctuary is a renowned wildlife landmark situated in Mohali, Chandigarh district of Chandigarh. The destination attracts visitors seeking authentic regional heritage, architectural grandeur, and picturesque surroundings. It plays an integral role in the cultural landscape and local tourism identity of the region.",Oct-Feb,https://thumb.wikimedia.org/wikipedia/commons/thumb/a/a6/Entrance_of_Sukhna_Wildlife_Sanctuary%2CChandigarh%2C_India.JPG/960px-Entrance_of_Sukhna_Wildlife_Sanctuary%2CChandigarh%2C_India.JPG?utm_source=en.wikipedia.org&utm_campaign=api&utm_content=thumbnail
11364,Topiary Park,Chandigarh,attraction,30.712,76.7803,budget,4.1,271,"Topiary Park is a renowned recreation landmark situated in Chandigarh, Chandigarh district of Chandigarh. The destination attracts visitors seeking authentic regional heritage, architectural grandeur, and picturesque surroundings. It plays an integral role in the cultural landscape and local tourism identity of the region.",Oct-Feb,https://thumb.wikimedia.org/wikipedia/commons/thumb/5/59/Topiary_Park%2C_Columbus%2C_OH.jpg/960px-Topiary_Park%2C_Columbus%2C_OH.jpg?utm_source=en.wikipedia.org&utm_campaign=api&utm_content=thumbnail
11365,Rock Garden of Chandigarh (Nek Chand),Chandigarh,attraction,22.6241,78.9261,budget,4.2,2149,"Rock Garden of Chandigarh (Nek Chand) is an authentic attraction destination located in ,  district of Chandigarh. Celebrated for its regional significance and unique ambiance, it offers travelers an immersive experience in the culture, scenic beauty, and heritage of Chandigarh.",Oct-Feb,https://thumb.wikimedia.org/wikipedia/commons/thumb/e/e0/Rock_Garden_Chandigarh.jpg/960px-Rock_Garden_Chandigarh.jpg
11366,Sukhna Lake Promenade & Shivalik Views,Chandigarh,attraction,22.5809,78.9477,budget,4.3,2153,"Sukhna Lake Promenade & Shivalik Views is an authentic attraction destination located in ,  district of Chandigarh. Celebrated for its regional significance and unique ambiance, it offers travelers an immersive experience in the culture, scenic beauty, and heritage of Chandigarh.",Oct-Feb,https://thumb.wikimedia.org/wikipedia/commons/thumb/2/22/Rose_Garden_%2CChandigarh%2CIndia.jpg/960px-Rose_Garden_%2CChandigarh%2CIndia.jpg?utm_source=en.wikipedia.org&utm_campaign=api&utm_content=thumbnail
11367,Zakir Hussain Rose Garden (Largest in Asia),Chandigarh,attraction,22.5561,78.9277,budget,3.9,972,"Zakir Hussain Rose Garden (Largest in Asia) is an authentic attraction destination located in ,  district of Chandigarh. Celebrated for its regional significance and unique ambiance, it offers travelers an immersive experience in the culture, scenic beauty, and heritage of Chandigarh.",Oct-Feb,https://thumb.wikimedia.org/wikipedia/commons/thumb/2/22/Rose_Garden_%2CChandigarh%2CIndia.jpg/960px-Rose_Garden_%2CChandigarh%2CIndia.jpg?utm_source=en.wikipedia.org&utm_campaign=api&utm_content=thumbnail
11368,Capitol Complex UNESCO Le Corbusier,Chandigarh,attraction,22.5841,78.9261,budget,4.1,291,"Capitol Complex UNESCO Le Corbusier is an authentic attraction destination located in ,  district of Chandigarh. Celebrated for its regional significance and unique ambiance, it offers travelers an immersive experience in the culture, scenic beauty, and heritage of Chandigarh.",Oct-Feb,https://thumb.wikimedia.org/wikipedia/commons/thumb/8/85/CCA_02.JPG/960px-CCA_02.JPG?utm_source=en.wikipedia.org&utm_campaign=api&utm_content=thumbnail
11369,Open Hand Monument Capitol Complex,Chandigarh,attraction,22.6033,78.9245,mid,4.5,1559,"Open Hand Monument Capitol Complex is an authentic attraction destination located in ,  district of Chandigarh. Celebrated for its regional significance and unique ambiance, it offers travelers an immersive experience in the culture, scenic beauty, and heritage of Chandigarh.",Oct-Mar,https://thumb.wikimedia.org/wikipedia/commons/thumb/8/85/CCA_02.JPG/960px-CCA_02.JPG?utm_source=en.wikipedia.org&utm_campaign=api&utm_content=thumbnail
11370,Chandigarh Architecture Museum,Chandigarh,attraction,22.6065,78.9453,mid,4.4,1245,"Chandigarh Architecture Museum is an authentic attraction destination located in ,  district of Chandigarh. Celebrated for its regional significance and unique ambiance, it offers travelers an immersive experience in the culture, scenic beauty, and heritage of Chandigarh.",Oct-Mar,https://thumb.wikimedia.org/wikipedia/commons/thumb/5/59/Topiary_Park%2C_Columbus%2C_OH.jpg/960px-Topiary_Park%2C_Columbus%2C_OH.jpg?utm_source=en.wikipedia.org&utm_campaign=api&utm_content=thumbnail
11371,Terraced Garden Sector 33,Chandigarh,attraction,22.5929,78.9629,budget,4.4,2794,"Terraced Garden Sector 33 is an authentic attraction destination located in ,  district of Chandigarh. Celebrated for its regional significance and unique ambiance, it offers travelers an immersive experience in the culture, scenic beauty, and heritage of Chandigarh.",Oct-Feb,https://thumb.wikimedia.org/wikipedia/commons/thumb/8/88/Saihouji-kokedera01.jpg/960px-Saihouji-kokedera01.jpg?utm_source=en.wikipedia.org&utm_campaign=api&utm_content=thumbnail
11372,Japanese Garden Sector 31,Chandigarh,attraction,22.6289,78.9229,budget,4.0,541,"Japanese Garden Sector 31 is an authentic attraction destination located in ,  district of Chandigarh. Celebrated for its regional significance and unique ambiance, it offers travelers an immersive experience in the culture, scenic beauty, and heritage of Chandigarh.",Oct-Feb,https://thumb.wikimedia.org/wikipedia/commons/thumb/a/a8/ShankarsInternationalDollsMuseum.jpg/960px-ShankarsInternationalDollsMuseum.jpg?utm_source=en.wikipedia.org&utm_campaign=api&utm_content=thumbnail
11373,Garden of Fragrance Sector 36,Chandigarh,attraction,22.5913,78.9485,budget,3.9,1263,"Garden of Fragrance Sector 36 is an authentic attraction destination located in ,  district of Chandigarh. Celebrated for its regional significance and unique ambiance, it offers travelers an immersive experience in the culture, scenic beauty, and heritage of Chandigarh.",Oct-Feb,https://thumb.wikimedia.org/wikipedia/commons/thumb/5/59/Topiary_Park%2C_Columbus%2C_OH.jpg/960px-Topiary_Park%2C_Columbus%2C_OH.jpg?utm_source=en.wikipedia.org&utm_campaign=api&utm_content=thumbnail
11374,Butterfly Park Sector 26,Chandigarh,attraction,22.6049,78.9533,budget,4.7,2057,"Butterfly Park Sector 26 is an authentic attraction destination located in ,  district of Chandigarh. Celebrated for its regional significance and unique ambiance, it offers travelers an immersive experience in the culture, scenic beauty, and heritage of Chandigarh.",Oct-Feb,https://thumb.wikimedia.org/wikipedia/commons/thumb/a/a5/Chandigarh_Museum_and_Art_Gallery.jpg/960px-Chandigarh_Museum_and_Art_Gallery.jpg?utm_source=en.wikipedia.org&utm_campaign=api&utm_content=thumbnail
11375,Sukhna Wildlife Sanctuary Shivalik Trails,Chandigarh,attraction,22.6153,78.9357,budget,4.7,6261,"Sukhna Wildlife Sanctuary Shivalik Trails is an authentic attraction destination located in ,  district of Chandigarh. Celebrated for its regional significance and unique ambiance, it offers travelers an immersive experience in the culture, scenic beauty, and heritage of Chandigarh.",Oct-Feb,https://upload.wikimedia.org/wikipedia/commons/3/3b/Peacock_Park%2C_Miami.jpg?utm_source=en.wikipedia.org&utm_campaign=api&utm_content=thumbnail_unscaled
