id,name,state,category,latitude,longitude,price_range,rating,review_count,description,best_season,image_url
2169,Sardar Patel Park,Haryana,attraction,28.359388,76.853359,budget,4.4,1565,"Sardar Patel Park is a renowned recreation landmark situated in Faridabad, Ambala district of Haryana. The destination attracts visitors seeking authentic regional heritage, architectural grandeur, and picturesque surroundings. It plays an integral role in the cultural landscape and local tourism identity of the region.",Oct-Feb,https://thumb.wikimedia.org/wikipedia/commons/thumb/9/98/Elephas_maximus_%28Bandipur%29.jpg/960px-Elephas_maximus_%28Bandipur%29.jpg?utm_source=en.wikipedia.org&utm_campaign=imageinfo&utm_content=thumbnail
2170,"Yadavindra Gardens, Pinjore",Haryana,attraction,28.429,77.3085,budget,4.7,14210,"Yadavindra Gardens, Pinjore is a renowned recreation landmark situated in Faridabad, Ambala district of Haryana. The destination attracts visitors seeking authentic regional heritage, architectural grandeur, and picturesque surroundings. It plays an integral role in the cultural landscape and local tourism identity of the region.",Oct-Feb,https://thumb.wikimedia.org/wikipedia/commons/thumb/5/58/Sultanpur_Bird_Sanctuary%2C_Gurgaon.jpg/960px-Sultanpur_Bird_Sanctuary%2C_Gurgaon.jpg?utm_source=en.wikipedia.org&utm_campaign=api&utm_content=thumbnail
2171,Tosham Lake,Haryana,attraction,28.875387,76.917172,budget,4.6,5427,"Tosham Lake is a renowned recreation landmark situated in Faridabad, Bhiwani district of Haryana. The destination attracts visitors seeking authentic regional heritage, architectural grandeur, and picturesque surroundings. It plays an integral role in the cultural landscape and local tourism identity of the region.",Oct-Feb,https://thumb.wikimedia.org/wikipedia/commons/thumb/7/7c/Khwaja_Khizr.jpg/960px-Khwaja_Khizr.jpg?utm_source=en.wikipedia.org&utm_campaign=api&utm_content=thumbnail
2172,Bhondsi Nature Park,Haryana,attraction,28.363012,77.044984,budget,4.1,365,"Bhondsi Nature Park is a renowned recreation landmark situated in Faridabad, Faridabad district of Haryana. The destination attracts visitors seeking authentic regional heritage, architectural grandeur, and picturesque surroundings. It plays an integral role in the cultural landscape and local tourism identity of the region.",Oct-Feb,https://thumb.wikimedia.org/wikipedia/commons/thumb/d/d6/Sthaneshwar_mahadev_mandir.jpg/960px-Sthaneshwar_mahadev_mandir.jpg?utm_source=en.wikipedia.org&utm_campaign=api&utm_content=thumbnail
2173,City Park,Haryana,attraction,28.337087,77.319891,budget,4.7,4964,"City Park is a renowned recreation landmark situated in Faridabad, Faridabad district of Haryana. The destination attracts visitors seeking authentic regional heritage, architectural grandeur, and picturesque surroundings. It plays an integral role in the cultural landscape and local tourism identity of the region.",Oct-Feb,https://upload.wikimedia.org/wikipedia/en/7/71/Jyotisar_Banyan.gif?utm_source=en.wikipedia.org&utm_campaign=api&utm_content=thumbnail_unscaled
2174,ISKCON Faridabad,Haryana,attraction,28.38875,77.32675,budget,4.1,1050,"ISKCON Faridabad is a renowned religious landmark situated in Faridabad, Faridabad district of Haryana. The destination attracts visitors seeking authentic regional heritage, architectural grandeur, and picturesque surroundings. It plays an integral role in the cultural landscape and local tourism identity of the region.",Oct-Feb,https://thumb.wikimedia.org/wikipedia/commons/thumb/b/be/Kurukshetra_Panorama_and_Science_Centre.JPG/960px-Kurukshetra_Panorama_and_Science_Centre.JPG?utm_source=en.wikipedia.org&utm_campaign=api&utm_content=thumbnail
2175,Juta sewa,Haryana,attraction,28.393563,77.324984,budget,3.9,326,"Juta sewa is a renowned religious landmark situated in Faridabad, Faridabad district of Haryana. The destination attracts visitors seeking authentic regional heritage, architectural grandeur, and picturesque surroundings. It plays an integral role in the cultural landscape and local tourism identity of the region.",Oct-Feb,https://thumb.wikimedia.org/wikipedia/commons/thumb/6/68/Culture_Gully_and_Nautanki_Mahal_auditorium%2C_Kingdom_of_Dreams%2C_Gurgaon.jpg/960px-Culture_Gully_and_Nautanki_Mahal_auditorium%2C_Kingdom_of_Dreams%2C_Gurgaon.jpg?utm_source=en.wikipedia.org&utm_campaign=api&utm_content=thumbnail
2176,Kalibari Temple,Haryana,attraction,28.39855,77.29535,budget,4.5,2835,"Kalibari Temple is a renowned religious landmark situated in Faridabad, Faridabad district of Haryana. The destination attracts visitors seeking authentic regional heritage, architectural grandeur, and picturesque surroundings. It plays an integral role in the cultural landscape and local tourism identity of the region.",Oct-Mar,https://thumb.wikimedia.org/wikipedia/commons/thumb/c/c4/The_holy_bhram_sarovar.jpg/960px-The_holy_bhram_sarovar.jpg?utm_source=en.wikipedia.org&utm_campaign=api&utm_content=thumbnail
2177,Laxmi Narayan Mandir,Haryana,attraction,28.400638,77.329859,budget,4.4,2518,"Laxmi Narayan Mandir is a renowned religious landmark situated in Faridabad, Faridabad district of Haryana. The destination attracts visitors seeking authentic regional heritage, architectural grandeur, and picturesque surroundings. It plays an integral role in the cultural landscape and local tourism identity of the region.",Oct-Feb,https://thumb.wikimedia.org/wikipedia/commons/thumb/6/68/Culture_Gully_and_Nautanki_Mahal_auditorium%2C_Kingdom_of_Dreams%2C_Gurgaon.jpg/960px-Culture_Gully_and_Nautanki_Mahal_auditorium%2C_Kingdom_of_Dreams%2C_Gurgaon.jpg?utm_source=en.wikipedia.org&utm_campaign=api&utm_content=thumbnail
2178,Leisure Valley park,Haryana,attraction,28.441412,77.284109,budget,4.7,8141,"Leisure Valley park is a renowned recreation landmark situated in Faridabad, Faridabad district of Haryana. The destination attracts visitors seeking authentic regional heritage, architectural grandeur, and picturesque surroundings. It plays an integral role in the cultural landscape and local tourism identity of the region.",Oct-Feb,https://thumb.wikimedia.org/wikipedia/commons/thumb/5/58/Sultanpur_Bird_Sanctuary%2C_Gurgaon.jpg/960px-Sultanpur_Bird_Sanctuary%2C_Gurgaon.jpg?utm_source=en.wikipedia.org&utm_campaign=api&utm_content=thumbnail
2179,Mata Vaishno Devi Mandir Faridabad,Haryana,attraction,28.39085,77.34145,budget,4.0,369,"Mata Vaishno Devi Mandir Faridabad is a renowned religious landmark situated in Faridabad, Faridabad district of Haryana. The destination attracts visitors seeking authentic regional heritage, architectural grandeur, and picturesque surroundings. It plays an integral role in the cultural landscape and local tourism identity of the region.",Oct-Feb,https://upload.wikimedia.org/wikipedia/commons/e/e9/Haryana.png?utm_source=en.wikipedia.org&utm_campaign=imageinfo&utm_content=thumbnail_unscaled
2180,Panchwati Mandir,Haryana,attraction,28.132562,77.321953,budget,4.7,3554,"Panchwati Mandir is a renowned religious landmark situated in Faridabad, Faridabad district of Haryana. The destination attracts visitors seeking authentic regional heritage, architectural grandeur, and picturesque surroundings. It plays an integral role in the cultural landscape and local tourism identity of the region.",Oct-Feb,https://thumb.wikimedia.org/wikipedia/commons/thumb/c/c4/The_holy_bhram_sarovar.jpg/960px-The_holy_bhram_sarovar.jpg?utm_source=en.wikipedia.org&utm_campaign=api&utm_content=thumbnail
2181,"Parson Temple, Faridabad",Haryana,attraction,28.423562,77.270266,budget,4.0,1177,"Parson Temple, Faridabad is a renowned religious landmark situated in Faridabad, Faridabad district of Haryana. The destination attracts visitors seeking authentic regional heritage, architectural grandeur, and picturesque surroundings. It plays an integral role in the cultural landscape and local tourism identity of the region.",Oct-Mar,https://thumb.wikimedia.org/wikipedia/commons/thumb/4/4f/Surajkund_dam_%22downstream%22_side.jpg/960px-Surajkund_dam_%22downstream%22_side.jpg?utm_source=en.wikipedia.org&utm_campaign=api&utm_content=thumbnail
2182,Rose Garden Faridabad,Haryana,attraction,28.4292,77.3099,budget,3.9,699,"Rose Garden Faridabad is a renowned recreation landmark situated in Faridabad, Faridabad district of Haryana. The destination attracts visitors seeking authentic regional heritage, architectural grandeur, and picturesque surroundings. It plays an integral role in the cultural landscape and local tourism identity of the region.",Oct-Feb,https://thumb.wikimedia.org/wikipedia/commons/thumb/d/d6/Sthaneshwar_mahadev_mandir.jpg/960px-Sthaneshwar_mahadev_mandir.jpg?utm_source=en.wikipedia.org&utm_campaign=api&utm_content=thumbnail
2183,Satkunda Mandir,Haryana,attraction,28.481037,77.279328,budget,4.0,1004,"Satkunda Mandir is a renowned religious landmark situated in Faridabad, Faridabad district of Haryana. The destination attracts visitors seeking authentic regional heritage, architectural grandeur, and picturesque surroundings. It plays an integral role in the cultural landscape and local tourism identity of the region.",Oct-Feb,https://thumb.wikimedia.org/wikipedia/commons/thumb/d/da/Antelope_enclosure_at_Mini_zoo_in_Tilyar_lake_complex.jpg/960px-Antelope_enclosure_at_Mini_zoo_in_Tilyar_lake_complex.jpg?utm_source=en.wikipedia.org&utm_campaign=api&utm_content=thumbnail
2184,Sheetla Mata Mandir,Haryana,attraction,28.357012,77.333516,budget,4.2,1824,"Sheetla Mata Mandir is a renowned religious landmark situated in Faridabad, Faridabad district of Haryana. The destination attracts visitors seeking authentic regional heritage, architectural grandeur, and picturesque surroundings. It plays an integral role in the cultural landscape and local tourism identity of the region.",Oct-Feb,https://upload.wikimedia.org/wikipedia/commons/d/d4/Barsi_Gate_in_Hansi_India_2022.png?utm_source=en.wikipedia.org&utm_campaign=api&utm_content=thumbnail_unscaled
2185,Shirdi Sai Baba Temple,Haryana,attraction,28.4334,77.3393,budget,4.4,1256,"Shirdi Sai Baba Temple is a renowned religious landmark situated in Faridabad, Faridabad district of Haryana. The destination attracts visitors seeking authentic regional heritage, architectural grandeur, and picturesque surroundings. It plays an integral role in the cultural landscape and local tourism identity of the region.",Oct-Mar,https://thumb.wikimedia.org/wikipedia/commons/thumb/c/c4/The_holy_bhram_sarovar.jpg/960px-The_holy_bhram_sarovar.jpg?utm_source=en.wikipedia.org&utm_campaign=api&utm_content=thumbnail
2186,Shiv Mandir,Haryana,attraction,28.382863,77.278797,budget,4.6,2641,"Shiv Mandir is a renowned religious landmark situated in Faridabad, Faridabad district of Haryana. The destination attracts visitors seeking authentic regional heritage, architectural grandeur, and picturesque surroundings. It plays an integral role in the cultural landscape and local tourism identity of the region.",Oct-Feb,https://thumb.wikimedia.org/wikipedia/commons/thumb/4/41/Pinjore_Garden_Panchkula.jpg/960px-Pinjore_Garden_Panchkula.jpg?utm_source=en.wikipedia.org&utm_campaign=api&utm_content=thumbnail
2187,Shri Maharani Vaishno Devi Mandir,Haryana,attraction,28.384638,77.297922,budget,4.7,2249,"Shri Maharani Vaishno Devi Mandir is a renowned religious landmark situated in Faridabad, Faridabad district of Haryana. The destination attracts visitors seeking authentic regional heritage, architectural grandeur, and picturesque surroundings. It plays an integral role in the cultural landscape and local tourism identity of the region.",Oct-Feb,https://upload.wikimedia.org/wikipedia/commons/2/28/Dhosi_Hill.jpg?utm_source=en.wikipedia.org&utm_campaign=api&utm_content=thumbnail_unscaled
2188,Tau Devilal Town Park Faridabad (Haryana),Haryana,attraction,28.4091,77.3192,budget,4.2,598,"Tau Devilal Town Park Faridabad (Haryana) is a renowned recreation landmark situated in Faridabad, Faridabad district of Haryana. The destination attracts visitors seeking authentic regional heritage, architectural grandeur, and picturesque surroundings. It plays an integral role in the cultural landscape and local tourism identity of the region.",Oct-Feb,https://thumb.wikimedia.org/wikipedia/commons/thumb/d/da/Antelope_enclosure_at_Mini_zoo_in_Tilyar_lake_complex.jpg/960px-Antelope_enclosure_at_Mini_zoo_in_Tilyar_lake_complex.jpg?utm_source=en.wikipedia.org&utm_campaign=api&utm_content=thumbnail
2189,Z Park,Haryana,attraction,28.405712,77.322203,budget,4.8,5594,"Z Park is a renowned recreation landmark situated in Faridabad, Faridabad district of Haryana. The destination attracts visitors seeking authentic regional heritage, architectural grandeur, and picturesque surroundings. It plays an integral role in the cultural landscape and local tourism identity of the region.",Oct-Feb,https://thumb.wikimedia.org/wikipedia/commons/thumb/9/93/Mornihills.jpg/960px-Mornihills.jpg?utm_source=en.wikipedia.org&utm_campaign=api&utm_content=thumbnail
2190,Tau Devi Lal Park,Haryana,attraction,28.41125,77.33425,budget,4.7,5220,"Tau Devi Lal Park is a renowned recreation landmark situated in Faridabad, Gurugram district of Haryana. The destination attracts visitors seeking authentic regional heritage, architectural grandeur, and picturesque surroundings. It plays an integral role in the cultural landscape and local tourism identity of the region.",Oct-Feb,https://upload.wikimedia.org/wikipedia/commons/7/7a/An_Indian_monkey_%28bandar%29_in_Malsi_Deer_Park_%28photo_-_Jim_Ankan_Deka%29.jpg?utm_source=en.wikipedia.org&utm_campaign=imageinfo&utm_content=thumbnail_unscaled
2191,Barsi Gate,Haryana,attraction,28.098662,76.964391,budget,4.9,8324,"Barsi Gate is a renowned heritage landmark situated in Faridabad, Hisar district of Haryana. The destination attracts visitors seeking authentic regional heritage, architectural grandeur, and picturesque surroundings. It plays an integral role in the cultural landscape and local tourism identity of the region.",Oct-Feb,https://upload.wikimedia.org/wikipedia/commons/d/d4/Barsi_Gate_in_Hansi_India_2022.png?utm_source=en.wikipedia.org&utm_campaign=api&utm_content=thumbnail_unscaled
2192,O P Jindal Gyan Kendra,Haryana,attraction,28.41105,77.33285,budget,4.3,1970,"O P Jindal Gyan Kendra is a renowned cultural landmark situated in Faridabad, Hisar district of Haryana. The destination attracts visitors seeking authentic regional heritage, architectural grandeur, and picturesque surroundings. It plays an integral role in the cultural landscape and local tourism identity of the region.",Oct-Feb,https://upload.wikimedia.org/wikipedia/commons/7/7a/An_Indian_monkey_%28bandar%29_in_Malsi_Deer_Park_%28photo_-_Jim_Ankan_Deka%29.jpg?utm_source=en.wikipedia.org&utm_campaign=imageinfo&utm_content=thumbnail_unscaled
2193,Bhindawas Bird Sanctuary - RAMSAR Wetland,Haryana,attraction,28.4213,77.3046,budget,4.3,2034,"Bhindawas Bird Sanctuary - RAMSAR Wetland is a renowned wildlife landmark situated in Faridabad, Jhajjar district of Haryana. The destination attracts visitors seeking authentic regional heritage, architectural grandeur, and picturesque surroundings. It plays an integral role in the cultural landscape and local tourism identity of the region.",Oct-Feb,https://thumb.wikimedia.org/wikipedia/commons/thumb/d/da/Antelope_enclosure_at_Mini_zoo_in_Tilyar_lake_complex.jpg/960px-Antelope_enclosure_at_Mini_zoo_in_Tilyar_lake_complex.jpg?utm_source=en.wikipedia.org&utm_campaign=api&utm_content=thumbnail
2194,Karna Lake Karnal,Haryana,attraction,28.743388,76.976203,budget,4.6,6262,"Karna Lake Karnal is a renowned recreation landmark situated in Faridabad, Karnal district of Haryana. The destination attracts visitors seeking authentic regional heritage, architectural grandeur, and picturesque surroundings. It plays an integral role in the cultural landscape and local tourism identity of the region.",Oct-Feb,https://thumb.wikimedia.org/wikipedia/commons/thumb/6/68/Culture_Gully_and_Nautanki_Mahal_auditorium%2C_Kingdom_of_Dreams%2C_Gurgaon.jpg/960px-Culture_Gully_and_Nautanki_Mahal_auditorium%2C_Kingdom_of_Dreams%2C_Gurgaon.jpg?utm_source=en.wikipedia.org&utm_campaign=api&utm_content=thumbnail
2195,Harsh Ka Tila,Haryana,attraction,27.976063,76.826422,budget,4.7,5073,"Harsh Ka Tila is a renowned cultural landmark situated in Faridabad, Kurukshetra district of Haryana. The destination attracts visitors seeking authentic regional heritage, architectural grandeur, and picturesque surroundings. It plays an integral role in the cultural landscape and local tourism identity of the region.",Oct-Feb,https://thumb.wikimedia.org/wikipedia/commons/thumb/d/d3/Archaeological_site_Harsh_ka_Tila_Information_board.jpg/960px-Archaeological_site_Harsh_ka_Tila_Information_board.jpg?utm_source=en.wikipedia.org&utm_campaign=imageinfo&utm_content=thumbnail
2196,Srikrishna Museum,Haryana,attraction,28.41325,77.29825,mid,4.0,731,"Srikrishna Museum is a renowned cultural landmark situated in Faridabad, Kurukshetra district of Haryana. The destination attracts visitors seeking authentic regional heritage, architectural grandeur, and picturesque surroundings. It plays an integral role in the cultural landscape and local tourism identity of the region.",Oct-Mar,https://thumb.wikimedia.org/wikipedia/commons/thumb/d/d3/Archaeological_site_Harsh_ka_Tila_Information_board.jpg/960px-Archaeological_site_Harsh_ka_Tila_Information_board.jpg?utm_source=en.wikipedia.org&utm_campaign=imageinfo&utm_content=thumbnail
2197,Deer Park,Haryana,attraction,28.719288,76.864172,budget,4.4,2904,"Deer Park is a renowned recreation landmark situated in Faridabad, Panchkula district of Haryana. The destination attracts visitors seeking authentic regional heritage, architectural grandeur, and picturesque surroundings. It plays an integral role in the cultural landscape and local tourism identity of the region.",Oct-Feb,https://thumb.wikimedia.org/wikipedia/commons/thumb/d/d6/Sthaneshwar_mahadev_mandir.jpg/960px-Sthaneshwar_mahadev_mandir.jpg?utm_source=en.wikipedia.org&utm_campaign=api&utm_content=thumbnail
2198,"Gurudwara 10th Paatshahi Sri Nada Sahib, Panchkula",Haryana,attraction,28.40675,77.30275,budget,4.7,23319,"Gurudwara 10th Paatshahi Sri Nada Sahib, Panchkula is a renowned religious landmark situated in Faridabad, Panchkula district of Haryana. The destination attracts visitors seeking authentic regional heritage, architectural grandeur, and picturesque surroundings. It plays an integral role in the cultural landscape and local tourism identity of the region.",Oct-Feb,https://thumb.wikimedia.org/wikipedia/commons/thumb/c/c4/The_holy_bhram_sarovar.jpg/960px-The_holy_bhram_sarovar.jpg?utm_source=en.wikipedia.org&utm_campaign=api&utm_content=thumbnail
2199,Ganga Park,Haryana,attraction,29.381712,76.983516,budget,4.4,3194,"Ganga Park is a renowned recreation landmark situated in Panipat, Panipat district of Haryana. The destination attracts visitors seeking authentic regional heritage, architectural grandeur, and picturesque surroundings. It plays an integral role in the cultural landscape and local tourism identity of the region.",Oct-Feb,https://thumb.wikimedia.org/wikipedia/commons/thumb/d/d6/Sthaneshwar_mahadev_mandir.jpg/960px-Sthaneshwar_mahadev_mandir.jpg?utm_source=en.wikipedia.org&utm_campaign=api&utm_content=thumbnail
2200,Kala Amb Park,Haryana,attraction,28.431,77.3225,budget,4.3,2527,"Kala Amb Park is a renowned recreation landmark situated in Faridabad, Panipat district of Haryana. The destination attracts visitors seeking authentic regional heritage, architectural grandeur, and picturesque surroundings. It plays an integral role in the cultural landscape and local tourism identity of the region.",Oct-Feb,https://upload.wikimedia.org/wikipedia/commons/e/e9/Haryana.png?utm_source=en.wikipedia.org&utm_campaign=imageinfo&utm_content=thumbnail_unscaled
2201,Mela Ram Park,Haryana,attraction,29.407238,76.973797,budget,4.1,673,"Mela Ram Park is a renowned recreation landmark situated in Panipat, Panipat district of Haryana. The destination attracts visitors seeking authentic regional heritage, architectural grandeur, and picturesque surroundings. It plays an integral role in the cultural landscape and local tourism identity of the region.",Oct-Feb,https://thumb.wikimedia.org/wikipedia/commons/thumb/6/65/Baoli_Ghaus_Ali_Shah%2C_Farrukhnagar.jpg/960px-Baoli_Ghaus_Ali_Shah%2C_Farrukhnagar.jpg?utm_source=en.wikipedia.org&utm_campaign=imageinfo&utm_content=thumbnail
2202,"Ugra Kheri, Park",Haryana,attraction,29.380187,77.010328,budget,4.3,1448,"Ugra Kheri, Park is a renowned recreation landmark situated in Panipat, Panipat district of Haryana. The destination attracts visitors seeking authentic regional heritage, architectural grandeur, and picturesque surroundings. It plays an integral role in the cultural landscape and local tourism identity of the region.",Oct-Feb,https://thumb.wikimedia.org/wikipedia/commons/thumb/9/98/Elephas_maximus_%28Bandipur%29.jpg/960px-Elephas_maximus_%28Bandipur%29.jpg?utm_source=en.wikipedia.org&utm_campaign=imageinfo&utm_content=thumbnail
2203,Mansarovar Park,Haryana,attraction,28.895688,77.597578,budget,4.2,2874,"Mansarovar Park is a renowned recreation landmark situated in Faridabad, Rohtak district of Haryana. The destination attracts visitors seeking authentic regional heritage, architectural grandeur, and picturesque surroundings. It plays an integral role in the cultural landscape and local tourism identity of the region.",Oct-Feb,https://thumb.wikimedia.org/wikipedia/commons/thumb/b/be/Kurukshetra_Panorama_and_Science_Centre.JPG/960px-Kurukshetra_Panorama_and_Science_Centre.JPG?utm_source=en.wikipedia.org&utm_campaign=api&utm_content=thumbnail
2204,Khwaja Khizr Tomb,Haryana,attraction,28.006963,77.014078,budget,3.9,297,"Khwaja Khizr Tomb is a renowned cultural landmark situated in Faridabad, Sonipat district of Haryana. The destination attracts visitors seeking authentic regional heritage, architectural grandeur, and picturesque surroundings. It plays an integral role in the cultural landscape and local tourism identity of the region.",Oct-Feb,https://thumb.wikimedia.org/wikipedia/commons/thumb/7/7c/Khwaja_Khizr.jpg/960px-Khwaja_Khizr.jpg?utm_source=en.wikipedia.org&utm_campaign=api&utm_content=thumbnail
2205,Bhawani Amba Temple Ambala,Haryana,attraction,30.38,76.775,budget,4.9,9393,"Located in the heart of old Ambala City, an ancient Hindu temple dedicated to Goddess Bhawani Amba (Mata Ambika), from whom the historic city of Ambala derives its name, revered for centuries by rulers and citizens as the protector goddess of the region, featuring an ancient sanctum, decorative silver shikhara, and bustling Navratri celebrations.",Oct-Mar,https://upload.wikimedia.org/wikipedia/commons/7/7a/An_Indian_monkey_%28bandar%29_in_Malsi_Deer_Park_%28photo_-_Jim_Ankan_Deka%29.jpg?utm_source=en.wikipedia.org&utm_campaign=imageinfo&utm_content=thumbnail_unscaled
2206,Gurudwara Panjokhara Sahib Ambala,Haryana,attraction,30.383333,76.866667,budget,4.9,6699,"Situated 8 km from Ambala on the Ambala-Naraingarh road, the historic gurudwara where the eighth Sikh Guru, Guru Har Krishan Ji (aged seven), stayed in 1664 on his way to Delhi, renowned for the miracle where the child Guru bestowed profound spiritual wisdom upon an illiterate village deaf-mute water carrier Chhajju Ram, who then recited deep philosophical commentaries on the Bhagavad Gita to humble the proud scholar Pandit Lal Chand.",Oct-Feb,https://thumb.wikimedia.org/wikipedia/commons/thumb/b/be/Kurukshetra_Panorama_and_Science_Centre.JPG/960px-Kurukshetra_Panorama_and_Science_Centre.JPG?utm_source=en.wikipedia.org&utm_campaign=api&utm_content=thumbnail
2207,Fort of Loharu & Rawatsar Haveli,Haryana,attraction,28.433333,75.816667,mid,4.3,621,"Constructed in 1570 CE by Thakur Arjun Singh and later seat of the princely State of Loharu under Nawab Ahmad Baksh Khan, a historic mud-and-stone fortress with royal baradaris, sheesh mahal rooms, and arched gateways, culturally renowned as the ancestral home of Nawabzada Mirza Ghalib's wife Umrao Begum and Urdu literary patron Nawab Ziauddin Ahmad Khan.",Oct-Feb,https://thumb.wikimedia.org/wikipedia/commons/thumb/9/98/Elephas_maximus_%28Bandipur%29.jpg/960px-Elephas_maximus_%28Bandipur%29.jpg?utm_source=en.wikipedia.org&utm_campaign=imageinfo&utm_content=thumbnail
2208,Star Monument Bhiwani (Tara Maqbara),Haryana,attraction,28.733333,76.083333,mid,4.1,368,"Situated 12 km from Bhiwani at Dinod village, an astonishing hexagonal six-pointed star-shaped marble monument rising 88 feet, built to enshrine the samadhi of spiritual master Param Sant Huzur Tara Chand Ji Maharaj (Bade Maharaj Ji), engineered without a single supporting pillar or column using innovative geometric cantilevered architecture, surrounded by lush landscaped star-patterned fountains.",Oct-Mar,https://thumb.wikimedia.org/wikipedia/commons/thumb/9/98/Elephas_maximus_%28Bandipur%29.jpg/960px-Elephas_maximus_%28Bandipur%29.jpg?utm_source=en.wikipedia.org&utm_campaign=imageinfo&utm_content=thumbnail
2209,Tosham Hill & Rock Inscriptions,Haryana,attraction,28.883333,75.916667,budget,4.7,6397,"Rising 800 feet abruptly from the flat plains of Bhiwani, an isolated igneous rocky hill featuring historic 5th-century CE Sanskrit rock inscriptions carved on vertical basalt faces documenting the lineage of Acharya Somatrata, rock-cut water reservoirs (kunds) built by Prithviraj Chauhan, and ancient temples dedicated to Baba Mungipa and Lord Vishnu.",Oct-Feb,https://thumb.wikimedia.org/wikipedia/commons/thumb/5/58/Sultanpur_Bird_Sanctuary%2C_Gurgaon.jpg/960px-Sultanpur_Bird_Sanctuary%2C_Gurgaon.jpg?utm_source=en.wikipedia.org&utm_campaign=api&utm_content=thumbnail
2210,Palace of Dadri (Charkhi Dadri Fort),Haryana,attraction,28.583333,76.266667,mid,3.9,834,"Built in the 18th century by the Phulkian rulers of Jind State on a high mound in Charkhi Dadri, a stately brick and stone palace-fortress featuring high defensive ramparts, ornamental wooden balconies, royal darbar courtyards, and ancient cenotaphs, associated with Dadri's legendary folk wrestling and Rajput valor.",Oct-Feb,https://upload.wikimedia.org/wikipedia/en/7/71/Jyotisar_Banyan.gif?utm_source=en.wikipedia.org&utm_campaign=api&utm_content=thumbnail_unscaled
2211,Anangpur Dam,Haryana,attraction,28.46,77.27,budget,4.4,1470,"Constructed in the 8th century CE during the reign of King Anangpal I of the Tomar dynasty near Anangpur village, an extraordinary ancient hydraulic engineering marvel consisting of a 50-meter-wide gravity dam built of massive quartzite stone blocks, designed to trap rain torrents flowing through an Aravalli gully into a stepped reservoir.",Oct-Feb,https://thumb.wikimedia.org/wikipedia/commons/thumb/4/4f/Surajkund_dam_%22downstream%22_side.jpg/960px-Surajkund_dam_%22downstream%22_side.jpg?utm_source=en.wikipedia.org&utm_campaign=api&utm_content=thumbnail
2212,Ancient Site of Tilpat (Tilaprastha of Mahabharata),Haryana,attraction,28.466667,77.333333,budget,4.0,1254,"Situated near the Yamuna River in northern Faridabad, an ancient archaeological mound identified with 'Tilaprastha', one of the five historic villages (along with Indraprastha, Paniprastha, Sonaprastha, and Baghpat) demanded by Yudhishthira from Duryodhana to avert the catastrophic Mahabharata war, excavated by ASI to reveal Painted Grey Ware (PGW) dating to 1000 BCE.",Oct-Feb,https://upload.wikimedia.org/wikipedia/commons/7/7a/An_Indian_monkey_%28bandar%29_in_Malsi_Deer_Park_%28photo_-_Jim_Ankan_Deka%29.jpg?utm_source=en.wikipedia.org&utm_campaign=imageinfo&utm_content=thumbnail_unscaled
2213,Badkhal Lake & Eco-Restoration Promenade,Haryana,attraction,28.416667,77.283333,budget,4.5,8855,"Constructed in 1947 shortly after independence by building an earthen bund between two Aravalli hill ridges to hold rainwater runoff, an iconic recreational lake in Faridabad undergoing comprehensive ecological rejuvenation with a modern lakefront promenade, boating jetties, and lush tree plantations.",Oct-Feb,https://upload.wikimedia.org/wikipedia/commons/2/28/Dhosi_Hill.jpg?utm_source=en.wikipedia.org&utm_campaign=api&utm_content=thumbnail_unscaled
2214,Mangar Bani Sacred Grove & Palaeolithic Aravallis,Haryana,attraction,28.383333,77.183333,budget,4.1,1024,"Nestled in a pristine Aravalli valley bordering Gurugram and Faridabad, an ancient 677-acre climax virgin forest dominated by pure stands of Dhau trees (Anogeissus pendula), preserved for centuries by local Gujjar villagers under the sacred protection of hermit Gudariya Baba, discovered in 2021 as the largest Stone Age Palaeolithic cave and stone-tool factory in the Indian subcontinent dating back 100,000 years.",Oct-Feb,https://upload.wikimedia.org/wikipedia/commons/d/d4/Barsi_Gate_in_Hansi_India_2022.png?utm_source=en.wikipedia.org&utm_campaign=api&utm_content=thumbnail_unscaled
2215,Raja Nahar Singh Palace Ballabgarh,Haryana,attraction,28.34,77.33,mid,4.8,26099,"Constructed in 1739 CE by Rao Balram and embellished by the 1857 martyr Raja Nahar Singh, an imposing double-storeyed Jat palace featuring ornamental sand-cast battlements, intricate cusped archways, a Darbar Hall, carved jharokhas, and a dazzling Sheesh Mahal (Mirror Palace), converted by Haryana Tourism into a heritage palace hotel.",Oct-Feb,https://thumb.wikimedia.org/wikipedia/commons/thumb/6/68/Culture_Gully_and_Nautanki_Mahal_auditorium%2C_Kingdom_of_Dreams%2C_Gurgaon.jpg/960px-Culture_Gully_and_Nautanki_Mahal_auditorium%2C_Kingdom_of_Dreams%2C_Gurgaon.jpg?utm_source=en.wikipedia.org&utm_campaign=api&utm_content=thumbnail
2216,Surajkund & Ancient Sun Temple Ruins,Haryana,attraction,28.483333,77.283333,budget,4.5,25844,"Built in the 10th century CE by King Suraj Pal of the Tomar dynasty who worshiped the Sun God, a monumental semicircular stepped stone amphitheatre (Pool of the Sun) backed by the Aravalli hills, engineered to collect torrential rainwater runoff from the surrounding rocky catchment, famous globally for hosting the annual Surajkund International Crafts Mela in February.",Oct-Mar,https://upload.wikimedia.org/wikipedia/commons/7/7a/An_Indian_monkey_%28bandar%29_in_Malsi_Deer_Park_%28photo_-_Jim_Ankan_Deka%29.jpg?utm_source=en.wikipedia.org&utm_campaign=imageinfo&utm_content=thumbnail_unscaled
2217,Banawali Harappan Archaeological Site,Haryana,attraction,29.583333,75.4,budget,4.3,2542,"Situated on the dried bed of the ancient sacred Saraswati River in Fatehabad district, an exceptional fortified Harappan city excavated by Dr. R. S. Bisht of the ASI, internationally noted for its unique radial street planning (unlike the typical gridiron), pre-Harappan defensive ramparts, terracotta plough models confirming early agriculture, and a lapidary bead factory.",Oct-Feb,https://thumb.wikimedia.org/wikipedia/commons/thumb/d/d6/Sthaneshwar_mahadev_mandir.jpg/960px-Sthaneshwar_mahadev_mandir.jpg?utm_source=en.wikipedia.org&utm_campaign=api&utm_content=thumbnail
2218,Bhirrana Archaeological Site,Haryana,attraction,29.55,75.55,budget,4.0,828,"Located on the banks of the dried palaeochannel of the Saraswati River, recognized by carbon-14 radiometric dating by IIT Kharagpur and ASI as the oldest Indus Valley / Saraswati Civilization settlement discovered in the Indian subcontinent, with cultural strata extending from the pre-Harappan Hakra phase (7500-6000 BCE) continuously through the mature Harappan period.",Oct-Feb,https://thumb.wikimedia.org/wikipedia/commons/thumb/7/7c/Khwaja_Khizr.jpg/960px-Khwaja_Khizr.jpg?utm_source=en.wikipedia.org&utm_campaign=api&utm_content=thumbnail
2219,Kunal Archaeological Site,Haryana,attraction,29.716667,75.65,budget,4.4,1597,"Situated on the dried bed of the Saraswati River in Ratia tehsil, a vital early Harappan Hakra ware archaeological site excavated by the Haryana Department of Archaeology, famous for the discovery of two royal silver diadems (crowns), 12,000 micro-beads, and gold ornaments proving the existence of an organized royal elite before the mature Harappan phase.",Oct-Feb,https://thumb.wikimedia.org/wikipedia/commons/thumb/d/d3/Archaeological_site_Harsh_ka_Tila_Information_board.jpg/960px-Archaeological_site_Harsh_ka_Tila_Information_board.jpg?utm_source=en.wikipedia.org&utm_campaign=imageinfo&utm_content=thumbnail
2220,Badshahpur Fort & Baoli Gurugram,Haryana,attraction,28.383333,77.05,mid,4.0,1273,"Situated in Badshahpur in southern Gurugram, a historic 18th-century stone-and-brick fort and multi-storeyed arched stepwell (baoli) associated with the legendary warrior-queen Begum Samru of Sardhana, featuring arched galleries, subterranean chambers, and defensive gateways that guarded the southern trade route to Delhi.",Oct-Feb,https://thumb.wikimedia.org/wikipedia/commons/thumb/c/c4/The_holy_bhram_sarovar.jpg/960px-The_holy_bhram_sarovar.jpg?utm_source=en.wikipedia.org&utm_campaign=api&utm_content=thumbnail
2221,Damdama Lake & Adventure Valley,Haryana,attraction,28.3,77.083333,budget,4.6,26373,"Formed in 1947 by the British by commissioning an earthen embankment to harvest rainwater in a hollow between ancient Aravalli ridges, the largest natural lake in Haryana covering over 3,000 acres, famed for row and paddle boating, adventure camping, ziplining, rock climbing on natural Aravalli crags, and winter migratory birdwatching.",Oct-Feb,https://thumb.wikimedia.org/wikipedia/commons/thumb/6/65/Baoli_Ghaus_Ali_Shah%2C_Farrukhnagar.jpg/960px-Baoli_Ghaus_Ali_Shah%2C_Farrukhnagar.jpg?utm_source=en.wikipedia.org&utm_campaign=imageinfo&utm_content=thumbnail
2222,DLF CyberHub Gurugram,Haryana,restaurant,28.495,77.088611,mid,4.4,18100,"Spanning 200,000 square feet in the heart of Gurugram's corporate cyber city, India's premier integrated social, dining, and retail promenade, housing over 80 gourmet restaurants, microbreweries, and an open amphitheatre.",Oct-Feb,https://upload.wikimedia.org/wikipedia/commons/7/7a/An_Indian_monkey_%28bandar%29_in_Malsi_Deer_Park_%28photo_-_Jim_Ankan_Deka%29.jpg?utm_source=en.wikipedia.org&utm_campaign=imageinfo&utm_content=thumbnail_unscaled
2223,Farrukhnagar,Haryana,attraction,28.46722,76.82537,budget,4.4,1683,"Farrukhnagar, a historic town in Haryana's Gurugram district, presents a captivating blend of Mughal-era heritage and the rustic beauty of the Aravalli foothills. Founded in 1732 by Faujdar Khan, the first Nawab, the town was named after Emperor Farrukhsiyar and still boasts impressive structures from its past. While primarily celebrated for its architectural marvels like the exquisite Sheesh Mahal and a magnificent stepwell, Farrukhnagar also serves as a gateway to explore the surrounding semi-arid natural landscape. The local culture is deeply rooted in traditional Haryanvi life, with a strong agricultural base, providing visitors an authentic glimpse into rural customs, cuisine, and the unhurried pace of the countryside. Its strategic location at the edge of the Aravallis allows for unique opportunities to connect with nature and engage in outdoor activities beyond its historical core.",Oct-Feb,https://thumb.wikimedia.org/wikipedia/commons/thumb/6/65/Baoli_Ghaus_Ali_Shah%2C_Farrukhnagar.jpg/960px-Baoli_Ghaus_Ali_Shah%2C_Farrukhnagar.jpg?utm_source=en.wikipedia.org&utm_campaign=imageinfo&utm_content=thumbnail
2224,Leisure Valley Park Gurugram,Haryana,attraction,28.469574,77.06596,budget,4.9,16811,"A 25-acre landscaped urban green park in the heart of millennium city Gurugram, featuring jogging tracks, musical fountains, a rose garden, and open-air concert grounds adjacent to the Kingdom of Dreams.",Oct-Feb,https://thumb.wikimedia.org/wikipedia/commons/thumb/d/d3/Archaeological_site_Harsh_ka_Tila_Information_board.jpg/960px-Archaeological_site_Harsh_ka_Tila_Information_board.jpg?utm_source=en.wikipedia.org&utm_campaign=imageinfo&utm_content=thumbnail
2225,Museo Camera Centre for Photographic Arts,Haryana,attraction,28.468056,77.086944,budget,4.5,22479,"Established as a unique public-private partnership between photographer Aditya Arya and the Municipal Corporation of Gurugram across 18,000 square feet, the largest non-profit museum dedicated to photography in South Asia, displaying over 2,500 vintage cameras from the 1850s to the 1990s, original daguerreotypes, darkrooms, and contemporary photo art galleries.",Oct-Feb,https://thumb.wikimedia.org/wikipedia/commons/thumb/4/4f/Surajkund_dam_%22downstream%22_side.jpg/960px-Surajkund_dam_%22downstream%22_side.jpg?utm_source=en.wikipedia.org&utm_campaign=api&utm_content=thumbnail
2226,Sheetala Mata Temple Gurugram,Haryana,attraction,28.473056,77.028056,budget,4.8,11619,"Located in the heart of old Gurugram (the ancient village of Guru Dronacharya), an immensely revered Hindu pilgrimage shrine dedicated to Mata Sheetala Devi (Mata Kripi, wife of Dronacharya, revered for curing smallpox, measles, and childhood diseases), attracting millions of devotees especially for children's first hair-cleansing ceremonies (mundan).",Oct-Mar,https://thumb.wikimedia.org/wikipedia/commons/thumb/4/41/Pinjore_Garden_Panchkula.jpg/960px-Pinjore_Garden_Panchkula.jpg?utm_source=en.wikipedia.org&utm_campaign=api&utm_content=thumbnail
2227,Sohna Sulphur Hot Springs & Shiva Temple,Haryana,attraction,28.25,77.066667,budget,4.9,15712,"Perched at the foot of the Aravalli hills in Sohna, natural volcanic thermal sulphur springs that bubble out of the ground at a steady temperature between 46°C and 51°C, celebrated since Vedic times for their therapeutic and medicinal properties that cure skin diseases, arthritis, and rheumatism, featuring indoor bath cubicles and an ancient Shiva temple.",Oct-Mar,https://upload.wikimedia.org/wikipedia/en/7/71/Jyotisar_Banyan.gif?utm_source=en.wikipedia.org&utm_campaign=api&utm_content=thumbnail_unscaled
2228,Sultanpur National Park,Haryana,attraction,28.464536,76.886309,budget,4.7,6192,"A designated Ramsar wetland and national park spread over 350 acres of freshwater marshes, serving as one of Northern India's premier birdwatching havens hosting over 250 bird species including Siberian cranes and flamingos.",Oct-Feb,https://thumb.wikimedia.org/wikipedia/commons/thumb/5/58/Sultanpur_Bird_Sanctuary%2C_Gurgaon.jpg/960px-Sultanpur_Bird_Sanctuary%2C_Gurgaon.jpg?utm_source=en.wikipedia.org&utm_campaign=api&utm_content=thumbnail
2229,Tau Devi Lal Biodiversity Park Gurugram,Haryana,attraction,28.433333,77.083333,budget,4.4,24583,"Spread across 32 lush green acres in Sector 52 of Gurugram, developed by the Haryana Urban Development Authority as the city's premier green lung and urban biodiversity park, featuring over 150 species of native Aravalli trees, medicinal plant gardens, butterfly zones, and a world-class 1-kilometer cushioned clay jogging track.",Oct-Feb,https://thumb.wikimedia.org/wikipedia/commons/thumb/5/58/Sultanpur_Bird_Sanctuary%2C_Gurgaon.jpg/960px-Sultanpur_Bird_Sanctuary%2C_Gurgaon.jpg?utm_source=en.wikipedia.org&utm_campaign=api&utm_content=thumbnail
2230,Ancient Mound Agroha & Agroha Dham,Haryana,attraction,29.333333,75.616667,budget,4.8,23129,"Sprawling across 650 acres on the National Highway 20 km from Hisar, the ancient capital of the legendary King Agrasen of the Agroha Republic mentioned in the Mahabharata, featuring an ASI-excavated 87-foot-high archaeological mound revealing ancient Buddhist stupas, Roman coins, and terracotta plaques, complemented by the grand modern red-and-white marble temple complex of Agroha Dham.",Oct-Feb,https://thumb.wikimedia.org/wikipedia/commons/thumb/6/65/Baoli_Ghaus_Ali_Shah%2C_Farrukhnagar.jpg/960px-Baoli_Ghaus_Ali_Shah%2C_Farrukhnagar.jpg?utm_source=en.wikipedia.org&utm_campaign=imageinfo&utm_content=thumbnail
2231,Asigarh Fort Hansi (Fort of Prithviraj Chauhan),Haryana,attraction,29.1,75.966667,mid,4.5,17394,"Perched on a high archaeological mound in Hansi dating back to the Kushan era, reconstructed in the 12th century by Rajput Emperor Prithviraj Chauhan to secure the frontier against invasions, famous for its 30-acre ramparts, 1303 CE Sultanate Barsi Gate with intricate Arabic inscriptions, and George Thomas's 18th-century royal mint.",Oct-Feb,https://thumb.wikimedia.org/wikipedia/commons/thumb/4/41/Pinjore_Garden_Panchkula.jpg/960px-Pinjore_Garden_Panchkula.jpg?utm_source=en.wikipedia.org&utm_campaign=api&utm_content=thumbnail
2232,Blue Bird Lake & Tourist Complex Hisar,Haryana,attraction,29.141667,75.75,budget,4.4,13714,"Spanning 52 acres on National Highway 9 near Hisar, a scenic artificial lake and wetland park operated by Haryana Tourism, featuring boating, a floating restaurant, walking tracks, and seasonal marshlands that attract over 100 species of winter migratory waterfowl from Siberia.",Oct-Feb,https://thumb.wikimedia.org/wikipedia/commons/thumb/d/dc/Main_gate_from_front_side.jpg/960px-Main_gate_from_front_side.jpg?utm_source=en.wikipedia.org&utm_campaign=api&utm_content=thumbnail
2233,Dargah Char Qutab Hansi,Haryana,attraction,29.09,75.96,budget,4.6,23789,"A magnificent 800-year-old Sufi pilgrimage complex in Hansi enshrining four legendary Chishti Sufi mystics (Qutabs: Jamal-ud-din Hanswi, Burhan-ud-din, Qutb-ud-din Munawwar, and Nur-ud-din), featuring a monumental red-sandstone mosque built by Firoz Shah Tughlaq, domed pavilions, and centuries of syncretic spiritual reverence.",Oct-Feb,https://thumb.wikimedia.org/wikipedia/commons/thumb/6/65/Baoli_Ghaus_Ali_Shah%2C_Farrukhnagar.jpg/960px-Baoli_Ghaus_Ali_Shah%2C_Farrukhnagar.jpg?utm_source=en.wikipedia.org&utm_campaign=imageinfo&utm_content=thumbnail
2234,Firoz Shah Palace & Lat Ki Masjid Hisar,Haryana,attraction,29.155556,75.725,mid,4.6,25206,"Constructed in 1354 CE by Sultan Firoz Shah Tughlaq as the fortified citadel of 'Hisar-e-Firoza', built of massive rubble stone and lime mortar, featuring extensive underground cool subterranean chambers (Tahkhanas), the Lat Ki Masjid with a 3rd-century BCE polished sandstone Ashokan pillar shaft, and an intricate stepwell (Baoli).",Oct-Feb,https://thumb.wikimedia.org/wikipedia/commons/thumb/d/d6/Sthaneshwar_mahadev_mandir.jpg/960px-Sthaneshwar_mahadev_mandir.jpg?utm_source=en.wikipedia.org&utm_campaign=api&utm_content=thumbnail
2235,Gujari Mahal Hisar,Haryana,attraction,29.156667,75.728333,budget,4.8,12477,"Constructed in 1356 CE by Sultan Firoz Shah Tughlaq for his beloved tribal Gujar peasant consort Gujari who refused to leave her native land for Delhi, a striking two-storey palace built on a high stone plinth outside the fort walls, featuring nine grand domes, open pavilions (baradaris), and underground living chambers.",Oct-Feb,https://upload.wikimedia.org/wikipedia/en/7/71/Jyotisar_Banyan.gif?utm_source=en.wikipedia.org&utm_campaign=api&utm_content=thumbnail_unscaled
2236,Rakhigarhi Archaeological Site & National Museum,Haryana,attraction,29.283333,76.116667,mid,4.9,20630,"Spanning over 350 hectares across seven massive mounds in the ancient Drishadvati river basin, officially proven to be the largest city of the Harappan / Indus Valley Civilization (surpassing Mohenjo-daro and Harappa in size), continuously inhabited from 5500 BCE to 1900 BCE, featuring planned mud-brick grid streets, covered drainage networks, lapidary workshops, and a state-of-the-art National Archaeological Site Museum.",Oct-Mar,https://thumb.wikimedia.org/wikipedia/commons/thumb/b/be/Kurukshetra_Panorama_and_Science_Centre.JPG/960px-Kurukshetra_Panorama_and_Science_Centre.JPG?utm_source=en.wikipedia.org&utm_campaign=api&utm_content=thumbnail
2237,Bhimeshwari Devi Temple Beri (Beri Wali Mata),Haryana,attraction,28.7,76.583333,budget,4.4,19001,"Situated in Beri town 15 km from Jhajjar, an immensely revered Shakti shrine dedicated to Goddess Bhimeshwari Devi, believed to have been installed by Pandava warrior Bhima while returning from the Hinglaj Shakti Peetha with the idol of the Goddess before the Kurukshetra war, featuring dual sanctums and monumental Navratri fairs attracting millions of devotees.",Oct-Mar,https://thumb.wikimedia.org/wikipedia/commons/thumb/d/dc/Main_gate_from_front_side.jpg/960px-Main_gate_from_front_side.jpg?utm_source=en.wikipedia.org&utm_campaign=api&utm_content=thumbnail
2238,Bhindawas Wildlife Sanctuary & Lake,Haryana,attraction,28.533333,76.533333,budget,4.7,6058,"Designated as a Ramsar Site of International Importance in 2021 spanning 1,016 acres of freshwater wetland and lake surrounded by a 12-kilometer earthen embankment, the largest human-made wetland in Haryana, hosting over 250 species of birds and more than 30,000 winter migratory waterfowl including painted storks, bar-headed geese, and sarus cranes.",Oct-Feb,https://thumb.wikimedia.org/wikipedia/commons/thumb/d/dc/Main_gate_from_front_side.jpg/960px-Main_gate_from_front_side.jpg?utm_source=en.wikipedia.org&utm_campaign=api&utm_content=thumbnail
2239,Gurukul Jhajjar Archaeological Museum,Haryana,attraction,28.6,76.65,mid,3.9,536,"Founded in 1959 by Swami Omanand Saraswati within the historic Gurukul Jhajjar campus, the largest private archaeological and numismatic museum in Haryana, holding over 200,000 ancient artifacts including rare Indus Valley terracotta seals, Gupta and Kushan coins, ancient bronze sculptures, medieval weapons, and handwritten palm-leaf manuscripts.",Oct-Mar,https://thumb.wikimedia.org/wikipedia/commons/thumb/4/4f/Surajkund_dam_%22downstream%22_side.jpg/960px-Surajkund_dam_%22downstream%22_side.jpg?utm_source=en.wikipedia.org&utm_campaign=api&utm_content=thumbnail
2240,Khaparwas Wildlife Sanctuary,Haryana,attraction,28.516667,76.516667,budget,4.4,2479,"Covering 204 acres of shallow freshwater marshland and reeds in Jhajjar district just 1.5 km from the Bhindawas Ramsar site, a tranquil avian sanctuary attracting thousands of migratory waterfowl including bar-headed geese, shovelers, common teals, and sarus cranes.",Oct-Feb,https://upload.wikimedia.org/wikipedia/commons/e/e9/Haryana.png?utm_source=en.wikipedia.org&utm_campaign=imageinfo&utm_content=thumbnail_unscaled
2241,Pratapgarh Farms Jhajjar,Haryana,attraction,28.616667,76.65,budget,4.9,19538,"Set across sprawling agricultural acres in Gwalison village near Jhajjar, an acclaimed ethnic rural holiday resort and cultural village offering complete immersion in traditional Haryanvi and Rajasthani rural life, featuring authentic mud cottages, pottery making, camel and tractor rides, folk dances (Ghoomar, Been-Jogi), and unlimited traditional culinary feasting.",Oct-Feb,https://thumb.wikimedia.org/wikipedia/commons/thumb/d/dc/Main_gate_from_front_side.jpg/960px-Main_gate_from_front_side.jpg?utm_source=en.wikipedia.org&utm_campaign=api&utm_content=thumbnail
2242,Dhamtan Sahib Gurudwara,Haryana,attraction,29.7,76.016667,budget,4.9,6138,"Located in Dhamtan village near Narwana, a monumental historic gurudwara built like a walled fortress with massive bastions, commemorating the visit of the ninth Sikh Guru, Guru Tegh Bahadur Ji, who stayed here with his disciples in 1675 on his way to Delhi before his supreme martyrdom at Chandni Chowk, also associated with the Vedic hermitage of Sage Valmiki.",Oct-Feb,https://upload.wikimedia.org/wikipedia/commons/d/d4/Barsi_Gate_in_Hansi_India_2022.png?utm_source=en.wikipedia.org&utm_campaign=api&utm_content=thumbnail_unscaled
2243,Jayanti Devi Temple & Fort of Jind,Haryana,attraction,29.316667,76.316667,mid,4.6,25346,"The historic origin of Jind town (ancient Jaintapuri), established by the Pandavas who erected a temple to Goddess Jayanti (Goddess of Victory) to seek blessings before the battle of Kurukshetra, complemented by the 18th-century royal fortress of Jind and the picturesque Rani Talab lake with its central Shiva temple (Bhuteshwar Temple) built by Raja Raghbir Singh in the late 19th century.",Oct-Mar,https://thumb.wikimedia.org/wikipedia/commons/thumb/d/dc/Main_gate_from_front_side.jpg/960px-Main_gate_from_front_side.jpg?utm_source=en.wikipedia.org&utm_campaign=api&utm_content=thumbnail
2244,Pandu Pindara Tirth,Haryana,attraction,29.3,76.366667,budget,4.5,24223,"Located 6 km from Jind, an immensely sacred water tank (Pindar Tirth) where according to the Mahabharata the Pandavas spent 12 long years waiting for Somavati Amavasya (no-moon day falling on a Monday) to perform the salvation rites and Pinda Daan for their slain relatives and soldiers following the catastrophic 18-day Kurukshetra war.",Oct-Feb,https://upload.wikimedia.org/wikipedia/en/7/71/Jyotisar_Banyan.gif?utm_source=en.wikipedia.org&utm_campaign=api&utm_content=thumbnail_unscaled
2245,Safidon Nag Kshetra Tirth,Haryana,attraction,29.416667,76.666667,budget,4.5,9188,"Anciently known as Sarpadevi, the historic holy city where King Janamejaya (son of Parikshit and great-grandson of Arjuna) performed the colossal Sarpa Satra snake-sacrifice yajna to avenge his father's death by the serpent Takshaka, featuring the sacred stepped tank of Nag Kshetra and the ancient Nageshwar Mahadev Temple.",Oct-Feb,https://thumb.wikimedia.org/wikipedia/commons/thumb/9/98/Elephas_maximus_%28Bandipur%29.jpg/960px-Elephas_maximus_%28Bandipur%29.jpg?utm_source=en.wikipedia.org&utm_campaign=imageinfo&utm_content=thumbnail
2246,Saraswati Wildlife Sanctuary (Seonsar Forest),Haryana,attraction,29.95,76.483333,budget,4.7,8848,"Spanning 11,000 acres (4,482 hectares) across Kaithal and Kurukshetra districts along the ancient dried bed of the Saraswati River, the third largest forest reserve in Haryana, renowned for its dense canopy of Kikar and Dhak (Flame of the Forest) trees sheltering leopards, nilgai, wild boars, rhesus macaques, and Indian peafowls.",Oct-Feb,https://thumb.wikimedia.org/wikipedia/commons/thumb/4/4f/Surajkund_dam_%22downstream%22_side.jpg/960px-Surajkund_dam_%22downstream%22_side.jpg?utm_source=en.wikipedia.org&utm_campaign=api&utm_content=thumbnail
2247,Tomb of Razia Sultan Kaithal,Haryana,attraction,29.8,76.4,budget,4.6,25004,"Situated in a peaceful walled enclosure near the Siwan Gate in Kaithal, the historical brick-and-mortar tomb marking the burial place of Jalalat-ud-Din Razia (Razia Sultan), the first and only woman monarch to rule the throne of Delhi, who was defeated and assassinated here along with her husband Malik Altunia on 14 October 1240 CE.",Oct-Feb,https://upload.wikimedia.org/wikipedia/commons/2/28/Dhosi_Hill.jpg?utm_source=en.wikipedia.org&utm_campaign=api&utm_content=thumbnail_unscaled
2248,Kalpana Chawla Memorial Planetarium Karnal,Haryana,attraction,29.691667,76.991667,budget,4.5,10387,"Constructed by the Haryana Department of Science and Technology in Karnal (the birthplace of astronaut Kalpana Chawla), a futuristic planetarium and space science museum featuring a full-dome digital planetarium, life-sized scale models of space shuttles and satellites, and an inspirational exhibition gallery tracing Kalpana's life journey from Karnal to NASA.",Oct-Feb,https://upload.wikimedia.org/wikipedia/commons/e/e9/Haryana.png?utm_source=en.wikipedia.org&utm_campaign=imageinfo&utm_content=thumbnail_unscaled
2249,Karna Lake Tourist Resort Karnal,Haryana,hotel,29.683333,76.983333,mid,4.7,22555,"Located alongside National Highway 44 near Karnal (named after Raja Karna of Mahabharata fame), a serene recreational lake and flagship Haryana Tourism resort complex surrounded by lush gardens, where King Karna is believed to have bathed and donated his impenetrable golden armor (Kavach and Kundal) to Lord Indra in charity.",Oct-Feb,https://thumb.wikimedia.org/wikipedia/commons/thumb/5/58/Sultanpur_Bird_Sanctuary%2C_Gurgaon.jpg/960px-Sultanpur_Bird_Sanctuary%2C_Gurgaon.jpg?utm_source=en.wikipedia.org&utm_campaign=api&utm_content=thumbnail
2250,Ancient Mound Amin (Abhimanyu's Chakravyuha Site),Haryana,attraction,29.916667,76.883333,budget,3.9,1218,"Located in Amin village 8 km from Kurukshetra, an ancient 60-foot-high archaeological mound traditionally identified with the site of the lethal multi-tiered Chakravyuha battle formation where 16-year-old warrior Abhimanyu (son of Arjuna) was trapped and valiantly attained martyrdom on the 13th day of the Mahabharata war.",Oct-Feb,https://thumb.wikimedia.org/wikipedia/commons/thumb/d/d6/Sthaneshwar_mahadev_mandir.jpg/960px-Sthaneshwar_mahadev_mandir.jpg?utm_source=en.wikipedia.org&utm_campaign=api&utm_content=thumbnail
2251,Bhishma Kund Narkatari,Haryana,attraction,29.94,76.81,budget,4.6,12362,"Situated in Narkatari village 5 km from Thanesar, the historic battlefield site where the patriarch Bhishma Pitamah lay on a bed of arrows (Sharsaiyya) awaiting Uttarayana, where Arjuna shot a celestial arrow into the earth to unleash a fresh geyser spring of holy Ganga water to quench his dying grandfather's thirst.",Oct-Feb,https://upload.wikimedia.org/wikipedia/commons/e/e9/Haryana.png?utm_source=en.wikipedia.org&utm_campaign=imageinfo&utm_content=thumbnail_unscaled
2252,Birla Gita Mandir Kurukshetra,Haryana,attraction,29.966667,76.833333,budget,4.7,10876,"Constructed in 1952 by industrialist Jugal Kishore Birla, a magnificent white marble temple dedicated to Lord Krishna and Arjuna, featuring all 18 chapters and 700 verses of the Shrimad Bhagavad Gita meticulously engraved in Devanagari script along its interior marble walls, fronted by a monumental bronze chariot driven by four horses.",Oct-Feb,https://upload.wikimedia.org/wikipedia/commons/2/28/Dhosi_Hill.jpg?utm_source=en.wikipedia.org&utm_campaign=api&utm_content=thumbnail_unscaled
2253,Brahma Sarovar Kurukshetra,Haryana,attraction,29.961389,76.833889,budget,4.8,25254,"One of the largest man-made water tanks in Asia measuring 3,600 feet long and 1,500 feet wide, dedicated to Lord Brahma who is believed to have created the universe from this spot, mentioned by Mughal court historian Abul Fazl in Ain-i-Akbari as 'the miniature sea', and epicentre of solar eclipse sacred dips attracting over a million pilgrims.",Oct-Feb,https://thumb.wikimedia.org/wikipedia/commons/thumb/d/d3/Archaeological_site_Harsh_ka_Tila_Information_board.jpg/960px-Archaeological_site_Harsh_ka_Tila_Information_board.jpg?utm_source=en.wikipedia.org&utm_campaign=imageinfo&utm_content=thumbnail
2254,Chhilchhila Wildlife Sanctuary Pehowa,Haryana,attraction,29.983333,76.633333,budget,4.4,2418,"Covering 71 acres around an ancient depression on the Saraswati river plain near Pehowa, a vital protected bird wetland designated in 1986, celebrated as a crucial breeding and wintering refuge for over 4,000 birds and 29 species of waterfowl, including the vulnerable Indian Spot-billed Duck, Gadwall, and Northern Pintail.",Oct-Feb,https://thumb.wikimedia.org/wikipedia/commons/thumb/4/41/Pinjore_Garden_Panchkula.jpg/960px-Pinjore_Garden_Panchkula.jpg?utm_source=en.wikipedia.org&utm_campaign=api&utm_content=thumbnail
2255,Dharohar Museum Kurukshetra University,Haryana,attraction,29.958333,76.816667,mid,4.6,3953,"Established within the lush green campus of Kurukshetra University, a premier folk and ethnographic living heritage museum spanning multiple galleries that meticulously recreates the traditional rural lifestyle, architecture, crafts, cattle shelters, traditional attire, and folk musical instruments of authentic rural Haryana.",Oct-Mar,https://thumb.wikimedia.org/wikipedia/commons/thumb/d/da/Antelope_enclosure_at_Mini_zoo_in_Tilyar_lake_complex.jpg/960px-Antelope_enclosure_at_Mini_zoo_in_Tilyar_lake_complex.jpg?utm_source=en.wikipedia.org&utm_campaign=api&utm_content=thumbnail
2256,Jyotisar (Birthplace of the Bhagavad Gita),Haryana,attraction,29.965833,76.764444,budget,4.9,17296,"The venerated ground where Lord Krishna delivered the celestial song of the Shrimad Bhagavad Gita to the despondent warrior Arjuna at the commencement of the 18-day Mahabharata war, anchored by an offshoot of the immortal 5,000-year-old banyan tree (Akshay Vat) that bore witness to the celestial sermon.",Oct-Feb,https://upload.wikimedia.org/wikipedia/en/7/71/Jyotisar_Banyan.gif?utm_source=en.wikipedia.org&utm_campaign=api&utm_content=thumbnail_unscaled
2257,Kurukshetra Panorama and Science Centre,Haryana,attraction,29.963889,76.837222,budget,4.9,11766,"Inaugurated in 2001 adjacent to Brahma Sarovar by the National Council of Science Museums, featuring a colossal 34-foot-high cylindrical auditorium with a 360-degree lifelike three-dimensional panoramic painting and diorama depicting the 18-day epic Mahabharata war with authentic battlefield sound and lighting effects, alongside hands-on science galleries exploring ancient Indian scientific heritage.",Oct-Feb,https://thumb.wikimedia.org/wikipedia/commons/thumb/b/be/Kurukshetra_Panorama_and_Science_Centre.JPG/960px-Kurukshetra_Panorama_and_Science_Centre.JPG?utm_source=en.wikipedia.org&utm_campaign=api&utm_content=thumbnail
2258,Maa Bhadrakali Temple Kurukshetra,Haryana,attraction,29.983333,76.833333,budget,4.5,5873,"Recognized as one of the 51 ancient Shakti Peethas of Goddess Sati, where according to Hindu mythology the right ankle of Sati fell during Shiva's cosmic dance of destruction, and where the Pandavas offered black royal horses to Goddess Bhadrakali after emerging victorious in the Mahabharata war.",Oct-Mar,https://thumb.wikimedia.org/wikipedia/commons/thumb/d/dc/Main_gate_from_front_side.jpg/960px-Main_gate_from_front_side.jpg?utm_source=en.wikipedia.org&utm_campaign=api&utm_content=thumbnail
2259,Mahabharata Anubhav Kendra & Light-and-Sound Complex,Haryana,attraction,29.965,76.763889,budget,4.7,26722,"A state-of-the-art experiential multimedia museum complex developed by Haryana Tourism and the Ministry of Tourism under the Krishna Circuit at Jyotisar, utilizing augmented reality, 3D holographic projections, animatronic installations, and digital storytelling to immerse visitors in the events, philosophy, and characters of the Mahabharata.",Oct-Feb,https://thumb.wikimedia.org/wikipedia/commons/thumb/6/65/Baoli_Ghaus_Ali_Shah%2C_Farrukhnagar.jpg/960px-Baoli_Ghaus_Ali_Shah%2C_Farrukhnagar.jpg?utm_source=en.wikipedia.org&utm_campaign=imageinfo&utm_content=thumbnail
2260,Prithudak Tirth Pehowa,Haryana,attraction,29.983333,76.583333,budget,4.9,23901,"Situated on the banks of the sacred Saraswati River 27 km from Kurukshetra, named after legendary King Prithu who performed shraddha rites for his father King Vena here, revered across northern India on par with Gaya for performing ancestral Pinda Daan and Tarpan rituals, featuring the ancient Saraswati Temple and Kartikeya Temple.",Oct-Feb,https://thumb.wikimedia.org/wikipedia/commons/thumb/4/4f/Surajkund_dam_%22downstream%22_side.jpg/960px-Surajkund_dam_%22downstream%22_side.jpg?utm_source=en.wikipedia.org&utm_campaign=api&utm_content=thumbnail
2261,Sannihit Sarovar Kurukshetra,Haryana,attraction,29.97,76.83,budget,4.9,12686,"Measuring 1,500 feet by 450 feet, revered as the confluence point of the seven sacred streams of the ancient Saraswati River and the cosmic abode of Lord Vishnu, believed to hold the sanctity of all pilgrimages combined during solar eclipses and Amavasya days.",Oct-Feb,https://thumb.wikimedia.org/wikipedia/commons/thumb/4/41/Pinjore_Garden_Panchkula.jpg/960px-Pinjore_Garden_Panchkula.jpg?utm_source=en.wikipedia.org&utm_campaign=api&utm_content=thumbnail
2262,Sheikh Chilli's Tomb & Madrasa,Haryana,attraction,29.980556,76.824722,budget,4.7,15961,"Constructed in 1650 CE atop an archaeological mound in Thanesar, an exquisite Mughal octagonal mausoleum built of pure white marble over a sandstone terrace, enshrining the Sufi saint Abd-ur-Rahim (popularly known as Sheikh Chilli, spiritual mentor of Mughal prince Dara Shikoh), featuring a pear-shaped dome, charbagh gardens, and an adjacent red sandstone madrasa and ASI archaeological museum.",Oct-Feb,https://upload.wikimedia.org/wikipedia/commons/d/d4/Barsi_Gate_in_Hansi_India_2022.png?utm_source=en.wikipedia.org&utm_campaign=api&utm_content=thumbnail_unscaled
2263,Sthaneshwar Mahadev Temple,Haryana,attraction,29.98,76.82,budget,4.9,27567,"The presiding deity temple of Thanesar (historically Sthanishvara, capital of Emperor Harshavardhana in the 7th century), housing an ancient self-manifested Shiva Lingam worshiped by the Pandavas in the presence of Lord Krishna before the Kurukshetra war to secure victory, complemented by a sacred water tank with healing powers.",Oct-Mar,https://thumb.wikimedia.org/wikipedia/commons/thumb/d/d6/Sthaneshwar_mahadev_mandir.jpg/960px-Sthaneshwar_mahadev_mandir.jpg?utm_source=en.wikipedia.org&utm_campaign=api&utm_content=thumbnail
2264,Birbal Ka Chhatta Narnaul,Haryana,attraction,28.041667,76.105556,budget,4.9,29860,"Constructed during the reign of Mughal Emperor Shah Jahan by Ray-i-Rayan Rai Bal Mukund Das (Diwan of Narnaul), a monumental five-storeyed red stone mansion (haveli) featuring three underground basement levels (tahkhanas) with skylights, subterranean water conduits, marble courtyards, and ornate jharokhas, popularly associated with Akbar's wazir Birbal.",Oct-Feb,https://thumb.wikimedia.org/wikipedia/commons/thumb/d/d3/Archaeological_site_Harsh_ka_Tila_Information_board.jpg/960px-Archaeological_site_Harsh_ka_Tila_Information_board.jpg?utm_source=en.wikipedia.org&utm_campaign=imageinfo&utm_content=thumbnail
2265,Chor Gumbad Narnaul,Haryana,attraction,28.05,76.1,budget,4.6,1547,"Standing proudly on an isolated rocky outcrop overlooking Narnaul, an impressive square Afghan-style tomb constructed by Afghan nobleman Jamal Khan during the reign of Firoz Shah Tughlaq, featuring four corner minaret-style towers, twenty arched openings, and a massive central dome, historically known as 'Chor Gumbad' (Thieves' Dome) because desert bandits used it as a hideout.",Oct-Feb,https://thumb.wikimedia.org/wikipedia/commons/thumb/d/dc/Main_gate_from_front_side.jpg/960px-Main_gate_from_front_side.jpg?utm_source=en.wikipedia.org&utm_campaign=api&utm_content=thumbnail
2266,Dhosi Hill (Vedic Chyavan Rishi Ashram),Haryana,attraction,28.066667,76.033333,budget,4.0,476,"Rising to 2,430 feet on the Haryana-Rajasthan border, an isolated extinct volcanic hill featuring a prominent crater lake at the summit, famous in Vedic antiquity as the hermitage of Sage Chyavana who formulated the legendary Ayurvedic health formulation 'Chyavanprash' here using wild Amla and forest herbs, featuring ancient Shiva temples, stepped pathways, and volcanic sulfur vents.",Oct-Feb,https://upload.wikimedia.org/wikipedia/commons/2/28/Dhosi_Hill.jpg?utm_source=en.wikipedia.org&utm_campaign=api&utm_content=thumbnail_unscaled
2267,Jal Mahal Narnaul,Haryana,attraction,28.046667,76.108333,budget,4.4,9141,"Constructed in 1591 CE by Shah Quli Khan (governor of Narnaul who captured Hemu at the Second Battle of Panipat), a stunning floating pleasure water palace set squarely in the middle of a massive 11-acre artificial lake (Khan Sarovar), accessible via an ornate arched causeway with 16 fluted pillars and domed corner kiosks (chhatris).",Oct-Feb,https://thumb.wikimedia.org/wikipedia/commons/thumb/d/dc/Main_gate_from_front_side.jpg/960px-Main_gate_from_front_side.jpg?utm_source=en.wikipedia.org&utm_campaign=api&utm_content=thumbnail
2268,Tomb of Ibrahim Khan Suri Narnaul,Haryana,attraction,28.045,76.101667,budget,4.4,25276,"Constructed in 1540 CE by Emperor Sher Shah Suri (founder of the Sur Empire) over the grave of his grandfather Ibrahim Khan Suri who was a military jagirdar in Narnaul, an architectural masterpiece of the Sur / Pathan style built of square grey sandstone blocks, featuring carved red stone brackets, deep arched recesses, and a lofty dome.",Oct-Feb,https://thumb.wikimedia.org/wikipedia/commons/thumb/9/98/Elephas_maximus_%28Bandipur%29.jpg/960px-Elephas_maximus_%28Bandipur%29.jpg?utm_source=en.wikipedia.org&utm_campaign=imageinfo&utm_content=thumbnail
2269,Tripolia Gateway & Tomb of Shah Wilayat,Haryana,attraction,28.043333,76.103333,budget,4.5,22620,"Constructed in 1589 CE by Shah Quli Khan in Narnaul, the monumental 'Tripolia Gateway' built of red and grey sandstone leading to the serene tomb complex of 14th-century Sufi saint Hazrat Shah Wilayat, featuring exquisite Islamic calligraphy, painted floral arabesques, and tranquil courtyards.",Oct-Feb,https://upload.wikimedia.org/wikipedia/commons/d/d4/Barsi_Gate_in_Hansi_India_2022.png?utm_source=en.wikipedia.org&utm_campaign=api&utm_content=thumbnail_unscaled
2270,Heritage Transport Museum Taoru,Haryana,attraction,28.25,76.916667,mid,4.7,25422,"Spread over 90,000 square feet across four multi-tiered air-conditioned galleries in Taoru near Gurugram, India's first and only comprehensive transport museum, showcasing over 2,500 curated artifacts chronicling the evolution of transportation in India, including vintage cars, steam locomotives, restored railway saloons, antique palanquins, vintage aircraft, and tribal bullock carts.",Oct-Mar,https://thumb.wikimedia.org/wikipedia/commons/thumb/d/da/Antelope_enclosure_at_Mini_zoo_in_Tilyar_lake_complex.jpg/960px-Antelope_enclosure_at_Mini_zoo_in_Tilyar_lake_complex.jpg?utm_source=en.wikipedia.org&utm_campaign=api&utm_content=thumbnail
2271,Gandhi Ashram & Historical Railway Station Palwal,Haryana,attraction,28.145,77.325,budget,4.5,5852,"Situated at the historic Palwal Railway Station and Gandhi Seva Ashram, an indelible national heritage monument commemorating 10 April 1919, when Mahatma Gandhi was arrested on Indian soil for the very first time by the British while traveling to Punjab to oppose the draconian Rowlatt Act, featuring a memorial pillar, museum, and spinning charkha gallery inaugurated by Netaji Subhash Chandra Bose in 1938.",Oct-Feb,https://upload.wikimedia.org/wikipedia/commons/7/7a/An_Indian_monkey_%28bandar%29_in_Malsi_Deer_Park_%28photo_-_Jim_Ankan_Deka%29.jpg?utm_source=en.wikipedia.org&utm_campaign=imageinfo&utm_content=thumbnail_unscaled
2272,Panchvati Temple Palwal,Haryana,attraction,28.14,77.33,budget,4.9,7291,"Situated in the ancient holy city of Palwal (associated with demon Palwasura slain by Balarama), a revered temple nestled within five sacred banyan trees (Panch Vata) where the Pandavas are believed to have spent part of their 12-year exile (Vanvas) in meditation, featuring an ancient stepped kund and shrines dedicated to Lord Krishna, Shiva, and Hanuman.",Oct-Mar,https://upload.wikimedia.org/wikipedia/commons/e/e9/Haryana.png?utm_source=en.wikipedia.org&utm_campaign=imageinfo&utm_content=thumbnail_unscaled
2273,Bhima Devi Temple Complex Pinjore,Haryana,attraction,30.796667,76.916667,budget,4.9,16845,"Dating from the 8th to the 11th century CE during the Gurjara-Pratihara empire, a magnificent Panchayatana-style stone temple complex and open-air sculpture museum located just 500 meters from Pinjore Gardens, widely hailed as the 'Khajuraho of North India' for its hundreds of exquisitely carved sandstone sculptures of celestial apsaras, deities, musicians, and erotic mithuna couples.",Oct-Mar,https://upload.wikimedia.org/wikipedia/commons/7/7a/An_Indian_monkey_%28bandar%29_in_Malsi_Deer_Park_%28photo_-_Jim_Ankan_Deka%29.jpg?utm_source=en.wikipedia.org&utm_campaign=imageinfo&utm_content=thumbnail_unscaled
2274,Bir Shikargah Wildlife Sanctuary Pinjore,Haryana,attraction,30.816667,76.95,budget,4.4,1445,"Covering 1,893 acres of deciduous Shivalik foothill forest near Pinjore, originally the royal hunting preserve of the Maharaja of Patiala, home to leopards, sambar, barking deer, wild boars, and the internationally celebrated Jatayu Vulture Conservation Breeding Centre (VCBC), Asia's premier facility dedicated to saving critically endangered Indian vulture species from extinction.",Oct-Feb,https://thumb.wikimedia.org/wikipedia/commons/thumb/9/98/Elephas_maximus_%28Bandipur%29.jpg/960px-Elephas_maximus_%28Bandipur%29.jpg?utm_source=en.wikipedia.org&utm_campaign=imageinfo&utm_content=thumbnail
2275,Khol Hi-Raitan Wildlife Sanctuary,Haryana,attraction,30.733333,76.933333,budget,4.5,4331,"Spanning 12,000 acres (4,883 hectares) of rugged Shivalik foothill forest contiguous with Bir Shikargah and the Morni Hills, a crucial ecological corridor for leopards, Indian gaurs, sambar, barking deer, wild boars, and jungle cats, featuring deep ravines, seasonal waterholes, and dense chir pine and bamboo canopies.",Oct-Feb,https://thumb.wikimedia.org/wikipedia/commons/thumb/9/98/Elephas_maximus_%28Bandipur%29.jpg/960px-Elephas_maximus_%28Bandipur%29.jpg?utm_source=en.wikipedia.org&utm_campaign=imageinfo&utm_content=thumbnail
2276,Mata Mansa Devi Temple Panchkula,Haryana,attraction,30.716667,76.883333,budget,4.6,14083,"Nestled in the scenic Shivalik foothills of Bilaspur village near Panchkula, constructed between 1811 and 1815 CE by Maharaja Gopal Singh of Mani Majra, an extraordinarily revered Shakti shrine dedicated to Goddess Mansa Devi (an incarnation of Durga who fulfills all wishes), featuring 38 miniature wall frescoes and grand nine-day Navratri fairs drawing over a million pilgrims.",Oct-Mar,https://thumb.wikimedia.org/wikipedia/commons/thumb/d/da/Antelope_enclosure_at_Mini_zoo_in_Tilyar_lake_complex.jpg/960px-Antelope_enclosure_at_Mini_zoo_in_Tilyar_lake_complex.jpg?utm_source=en.wikipedia.org&utm_campaign=api&utm_content=thumbnail
2277,Morni Hills,Haryana,attraction,30.70466,76.95447,budget,4.2,2076,"Perched amidst the lush Shivalik range in Haryana, the picturesque Morni Hills offers a respite from the urban chaos. This lesser-explored destination is a haven for nature enthusiasts, photographers, and adventure seekers. The hill station boasts of lush forests, scenic valleys, and rolling hills that beckon visitors to indulge in a range of activities. As you wander through the misty forests, listen to the sweet melodies of birds and breathe in the crisp mountain air, you'll begin to unravel the charms of this hidden gem. The perfect blend of natural beauty, rich history, and thrilling experiences makes Morni Hills a must-visit destination for those seeking an offbeat escape.",Oct-Feb,https://thumb.wikimedia.org/wikipedia/commons/thumb/9/93/Mornihills.jpg/960px-Mornihills.jpg?utm_source=en.wikipedia.org&utm_campaign=api&utm_content=thumbnail
2278,Nada Sahib Gurudwara Panchkula,Haryana,attraction,30.693333,76.883333,budget,4.8,10500,"Situated on the banks of the Ghaggar River against the backdrop of the Shivalik hills, the historical gurudwara where the tenth Sikh Guru, Guru Gobind Singh Ji, halted with his victorious army in 1688 after the Battle of Bhangani, welcomed and served with deep devotion by local disciple Nadu Shah Lubana.",Oct-Feb,https://thumb.wikimedia.org/wikipedia/commons/thumb/7/7c/Khwaja_Khizr.jpg/960px-Khwaja_Khizr.jpg?utm_source=en.wikipedia.org&utm_campaign=api&utm_content=thumbnail
2279,National Cactus and Succulent Botanical Garden,Haryana,attraction,30.696667,76.853333,mid,4.9,14250,"Established in 1987 in Sector 5 of Panchkula by noted botanist Dr. J. S. Sarkaria across 7 acres, recognized as the largest outdoor cactus and succulent botanical garden in Asia, dedicated to conserving endangered desert flora and housing over 3,500 rare species of cacti and succulents from the Americas, Africa, and India, including giant columnar Carnegias and medicinal Aloes.",Oct-Feb,https://thumb.wikimedia.org/wikipedia/commons/thumb/6/68/Culture_Gully_and_Nautanki_Mahal_auditorium%2C_Kingdom_of_Dreams%2C_Gurgaon.jpg/960px-Culture_Gully_and_Nautanki_Mahal_auditorium%2C_Kingdom_of_Dreams%2C_Gurgaon.jpg?utm_source=en.wikipedia.org&utm_campaign=api&utm_content=thumbnail
2280,Tikkar Taal,Haryana,attraction,30.65672,77.08026,budget,4.3,1836,"Tikkar Taal, comprising two picturesque lakes known as Big Tikkar and Small Tikkar, is a hidden gem tucked away in the lower Shivalik ranges of the Morni Hills in Haryana's Panchkula district. This peaceful village destination offers a refreshing escape from urban life, characterized by its lush green surroundings, diverse avian life, and gentle rolling hills. The local culture here is deeply intertwined with the natural landscape, with villagers often engaged in agriculture and maintaining a close-knit community spirit. It's a place where time slows down, allowing visitors to connect with pristine nature and experience authentic rural Haryanvi hospitality, making it ideal for those seeking tranquility and natural beauty away from the bustling city.",Oct-Feb,https://thumb.wikimedia.org/wikipedia/commons/thumb/6/68/Culture_Gully_and_Nautanki_Mahal_auditorium%2C_Kingdom_of_Dreams%2C_Gurgaon.jpg/960px-Culture_Gully_and_Nautanki_Mahal_auditorium%2C_Kingdom_of_Dreams%2C_Gurgaon.jpg?utm_source=en.wikipedia.org&utm_campaign=api&utm_content=thumbnail
2281,Yadavindra Gardens (Pinjore Gardens),Haryana,attraction,30.793137,76.912643,budget,4.6,29495,"Created in the 17th century by Nawab Fidai Khan (architect brother of Emperor Aurangzeb), a magnificent 100-acre terraced garden featuring seven descending canal terraces, Shish Mahal, Rang Mahal, and illuminated fountains.",Oct-Feb,https://thumb.wikimedia.org/wikipedia/commons/thumb/4/41/Pinjore_Garden_Panchkula.jpg/960px-Pinjore_Garden_Panchkula.jpg?utm_source=en.wikipedia.org&utm_campaign=api&utm_content=thumbnail
2282,Dargah of Bu-Ali-Shah Qalandar,Haryana,attraction,29.391667,76.975,budget,4.7,22001,"Built in the early 14th century in red sandstone by Mahabat Khan (general of Mughal Emperor Jahangir), enshrining the 13th-century Sufi saint and poet Sheikh Sharaf-ud-din Bu-Ali-Shah Qalandar, revered by devotees across northern India for unity, communal harmony, and ecstatic Thursday Qawwali sessions.",Oct-Feb,https://thumb.wikimedia.org/wikipedia/commons/thumb/6/68/Culture_Gully_and_Nautanki_Mahal_auditorium%2C_Kingdom_of_Dreams%2C_Gurgaon.jpg/960px-Culture_Gully_and_Nautanki_Mahal_auditorium%2C_Kingdom_of_Dreams%2C_Gurgaon.jpg?utm_source=en.wikipedia.org&utm_campaign=api&utm_content=thumbnail
2283,Ibrahim Lodhi's Tomb Panipat,Haryana,attraction,29.394444,76.966667,budget,4.8,24849,"Situated near the tehsil office in Panipat, a dignified rectangular red stone tomb set upon a high brick platform with arched niches, marking the burial place of Sultan Ibrahim Lodhi, the last ruler of the Lodhi Dynasty and the Delhi Sultanate, who was killed on 21 April 1526 in the First Battle of Panipat against Babur.",Oct-Feb,https://thumb.wikimedia.org/wikipedia/commons/thumb/5/58/Sultanpur_Bird_Sanctuary%2C_Gurgaon.jpg/960px-Sultanpur_Bird_Sanctuary%2C_Gurgaon.jpg?utm_source=en.wikipedia.org&utm_campaign=api&utm_content=thumbnail
2284,Kabuli Bagh Mosque Panipat,Haryana,attraction,29.4,76.983333,budget,4.7,29474,"Constructed in 1526 CE by the first Mughal Emperor Babur to commemorate his decisive victory over Sultan Ibrahim Lodhi in the First Battle of Panipat, celebrated as the very first Mughal architectural monument erected in India, named after Babur's wife Kabuli Begum, featuring a grand central dome, prayer hall with Persian inscriptions, and charbagh gardens.",Oct-Feb,https://thumb.wikimedia.org/wikipedia/commons/thumb/d/da/Antelope_enclosure_at_Mini_zoo_in_Tilyar_lake_complex.jpg/960px-Antelope_enclosure_at_Mini_zoo_in_Tilyar_lake_complex.jpg?utm_source=en.wikipedia.org&utm_campaign=api&utm_content=thumbnail
2285,Kala Amb & Third Battle of Panipat Memorial,Haryana,attraction,29.39,77.016667,budget,4.9,21974,"Marked by a black stone obelisk pillar amidst a landscaped park, the historic epicenter of the fateful Third Battle of Panipat fought on 14 January 1761 between the Maratha Empire under Sadashivrao Bhau and the Afghan forces of Ahmad Shah Durrani, named after a giant black mango tree (Kala Amb) under which Sadashivrao Bhau made his heroic final stand.",Oct-Feb,https://upload.wikimedia.org/wikipedia/commons/e/e9/Haryana.png?utm_source=en.wikipedia.org&utm_campaign=imageinfo&utm_content=thumbnail_unscaled
2286,Panipat Battle Museum & Memorial,Haryana,attraction,29.395,77.01,mid,4.8,19599,"Established by the Panipat Historical Society and Haryana Tourism, a specialized military museum dedicated exclusively to the history, armaments, military tactics, and artifacts of the three world-changing Battles of Panipat (1526, 1556, and 1761), exhibiting authentic medieval armor, matchlock guns, swords, maps, miniature paintings, and dioramas.",Oct-Mar,https://thumb.wikimedia.org/wikipedia/commons/thumb/7/7c/Khwaja_Khizr.jpg/960px-Khwaja_Khizr.jpg?utm_source=en.wikipedia.org&utm_campaign=api&utm_content=thumbnail
2287,Bada Talab (Rao Tej Singh Talab) Rewari,Haryana,attraction,28.191667,76.616667,budget,4.6,3864,"Constructed between 1810 and 1815 CE by Rao Tej Singh of the Rewari royal dynasty, an imposing sandstone stepped water reservoir measuring over 200 feet on each side, equipped with intricate underground inlet channels, decorative chhatris, bathing ghats for women, and an adjacent historic Hanuman Mandir.",Oct-Feb,https://thumb.wikimedia.org/wikipedia/commons/thumb/7/7c/Khwaja_Khizr.jpg/960px-Khwaja_Khizr.jpg?utm_source=en.wikipedia.org&utm_campaign=api&utm_content=thumbnail
2288,Fort of Bawal Rewari,Haryana,attraction,28.083333,76.583333,mid,4.4,3124,"Constructed in the 18th century by Raja Sawai Hira Singh of the princely Phulkian Nabha State, a sturdy rectangular brick and stone fortress featuring high crenellated battlements, massive circular corner bastions, royal baradaris, and a historic stepwell, serving as the southern administrative seat of Nabha rulers.",Oct-Feb,https://thumb.wikimedia.org/wikipedia/commons/thumb/9/98/Elephas_maximus_%28Bandipur%29.jpg/960px-Elephas_maximus_%28Bandipur%29.jpg?utm_source=en.wikipedia.org&utm_campaign=imageinfo&utm_content=thumbnail
2289,Nahar Wildlife Sanctuary Kosli,Haryana,attraction,28.4,76.45,budget,4.1,886,"Spanning 522 acres of mixed deciduous thorn and scrub woodland in Kosli taluka of Rewari district, originally preserved as the private royal pasture of the Nawab of Dujana, officially designated as a wildlife sanctuary in 1987 to protect wild populations of Indian Blackbuck, monitor lizards, jackals, and desert foxes.",Oct-Feb,https://thumb.wikimedia.org/wikipedia/commons/thumb/4/4f/Surajkund_dam_%22downstream%22_side.jpg/960px-Surajkund_dam_%22downstream%22_side.jpg?utm_source=en.wikipedia.org&utm_campaign=api&utm_content=thumbnail
2290,Rewari Railway Heritage Museum & Steam Shed,Haryana,attraction,28.2,76.616667,mid,4.6,24570,"Constructed in 1893 on the Delhi-Rewari metre gauge line, the only operational steam locomotive shed remaining in India, revitalized in 2002 by Indian Railways as a premier national railway heritage museum, housing 11 operational vintage broad-gauge and metre-gauge steam engines, including the legendary 1855 'Fairy Queen' (Guinness World Record holder as the world's oldest working steam locomotive) and the 1953 'Akbar'.",Oct-Mar,https://upload.wikimedia.org/wikipedia/commons/e/e9/Haryana.png?utm_source=en.wikipedia.org&utm_campaign=imageinfo&utm_content=thumbnail_unscaled
2291,Farmana Archaeological Site (Daksh Khera),Haryana,attraction,28.983333,76.3,budget,4.7,1583,"Spanning 18.5 hectares in the Yamuna-Ghaggar interfluve, excavated jointly by the Maharshi Dayanand University and the Research Institute for Humanity and Nature (Japan), famous for uncovering 70 Harappan skeletons in the largest burial ground of the Indus Valley Civilization in Haryana, complete with organized residential blocks, copper bangles, steatite seals, and carbonized botanical seeds.",Oct-Feb,https://thumb.wikimedia.org/wikipedia/commons/thumb/4/41/Pinjore_Garden_Panchkula.jpg/960px-Pinjore_Garden_Panchkula.jpg?utm_source=en.wikipedia.org&utm_campaign=api&utm_content=thumbnail
2292,Khokhrakot Mound Rohtak,Haryana,attraction,28.9,76.583333,budget,4.4,2289,"Sprawling across a 50-foot-high archaeological mound in Rohtak city, the ancient capital of Rohitaka mentioned in the Mahabharata's Sabhaparva as conquered by Nakula, and capital of the martial Yaudheya Republic (2nd century BCE to 4th century CE), famous for unearthing thousands of Yaudheya coin moulds, Kushan seals, and terracotta figurines.",Oct-Feb,https://thumb.wikimedia.org/wikipedia/commons/thumb/7/7c/Khwaja_Khizr.jpg/960px-Khwaja_Khizr.jpg?utm_source=en.wikipedia.org&utm_campaign=api&utm_content=thumbnail
2293,Tilyar Lake,Haryana,attraction,28.87889,76.63583,budget,4.6,4682,"Tilyar Lake, a prominent tourist complex managed by Haryana Tourism, is nestled near the city of Rohtak. This man-made lake is a beloved recreational hub, renowned for its lush green surroundings, calm waters, and family-friendly amenities. While Haryana is largely characterized by its flat plains, Tilyar Lake provides a refreshing natural escape, attracting both locals and tourists seeking a peaceful retreat from urban life. It has evolved into a significant leisure destination, offering a blend of natural tranquility and recreational activities. The geographical setting of Tilyar Lake is defined by its expansive water body surrounded by well-maintained gardens and open spaces, making it an ideal spot for picnics and leisurely strolls. The local experience revolves around enjoying the outdoors, with opportunities for boating, wildlife observation, and simply relaxing amidst nature. The complex also houses a mini zoo, further enhancing its appeal as a wholesome family destination where visitors can connect with the local flora and fauna.",Oct-Feb,https://thumb.wikimedia.org/wikipedia/commons/thumb/d/da/Antelope_enclosure_at_Mini_zoo_in_Tilyar_lake_complex.jpg/960px-Antelope_enclosure_at_Mini_zoo_in_Tilyar_lake_complex.jpg?utm_source=en.wikipedia.org&utm_campaign=api&utm_content=thumbnail
2294,Abubshahar Wildlife Sanctuary,Haryana,attraction,29.966667,74.75,budget,4.6,6004,"Sprawling across 28,400 acres (115 sq km) near Mandi Dabwali in the extreme western corner of Haryana bordering Punjab and Rajasthan, a massive open acacia-scrub and sand-dune wildlife sanctuary sheltering the largest wild population of Blackbuck antelopes in the state, alongside chinkara, desert foxes, and blue bulls.",Oct-Feb,https://upload.wikimedia.org/wikipedia/commons/7/7a/An_Indian_monkey_%28bandar%29_in_Malsi_Deer_Park_%28photo_-_Jim_Ankan_Deka%29.jpg?utm_source=en.wikipedia.org&utm_campaign=imageinfo&utm_content=thumbnail_unscaled
2295,Dera Baba Sarsai Nath Sirsa,Haryana,attraction,29.533333,75.033333,budget,4.9,14321,"Constructed in the 13th century by Saint Sarsai Nath of the Kanphata Nath yogi tradition (from whom Sirsa derives its ancient name 'Sarsuti'), an immensely venerated spiritual monastic complex featuring ancient Shiva temples, a continuous eternal sacred fire (Dhuni), and historical relics documenting visits by Guru Nanak Dev Ji and Mughal Emperor Shah Jahan.",Oct-Feb,https://thumb.wikimedia.org/wikipedia/commons/thumb/9/93/Mornihills.jpg/960px-Mornihills.jpg?utm_source=en.wikipedia.org&utm_campaign=api&utm_content=thumbnail
2296,Ther Mound Sirsa,Haryana,attraction,29.54,75.02,budget,4.4,996,"Covering over 80 acres and rising to a height of 50 feet in Sirsa town, a colossal archaeological citadel mound overlooking the dry valley of the Ghaggar-Saraswati River, excavated by the Archaeological Survey of India to reveal continuous human occupation spanning 1,500 years from the early historic Rang Mahal culture to the medieval Sultanate era.",Oct-Feb,https://thumb.wikimedia.org/wikipedia/commons/thumb/5/58/Sultanpur_Bird_Sanctuary%2C_Gurgaon.jpg/960px-Sultanpur_Bird_Sanctuary%2C_Gurgaon.jpg?utm_source=en.wikipedia.org&utm_campaign=api&utm_content=thumbnail
2297,Murthal Culinary Heritage Highway,Haryana,restaurant,29.030556,77.072222,mid,4.9,16385,"Situated on National Highway 44 (the historic Sher Shah Suri Marg / Grand Trunk Road) 50 km north of Delhi, world-famous as the ultimate culinary pilgrimage corridor of North India, home to legendary round-the-clock dhabas (Amrik Sukhdev, Gulshan, Pahalwan, Mannat) renowned for piping-hot tandoori stuffed paranthas served with massive dollops of homemade white butter (safed makkhan).",Oct-Feb,https://thumb.wikimedia.org/wikipedia/commons/thumb/4/41/Pinjore_Garden_Panchkula.jpg/960px-Pinjore_Garden_Panchkula.jpg?utm_source=en.wikipedia.org&utm_campaign=api&utm_content=thumbnail
2298,Tomb of Khwaja Khizr Sonipat,Haryana,attraction,28.983333,77.033333,budget,4.2,3251,"Constructed in 1522-1524 CE by Langar Khan during the reign of Sultan Ibrahim Lodhi, a masterwork of late Delhi Sultanate Pathan architecture built of dressed red sandstone and kankar blocks on a high stone terrace, enshrining local saint Khwaja Khizr, featuring an ornamental arched gateway with Arabic calligraphy and a fluted dome.",Oct-Feb,https://thumb.wikimedia.org/wikipedia/commons/thumb/d/d6/Sthaneshwar_mahadev_mandir.jpg/960px-Sthaneshwar_mahadev_mandir.jpg?utm_source=en.wikipedia.org&utm_campaign=api&utm_content=thumbnail
2299,Adi Badri & Saraswati Udgam Sthal,Haryana,attraction,30.45,77.35,budget,4.1,553,"Perched at an elevation of 1,000 meters in the dense sal forests of the Shivalik foothills on the Haryana-Himachal border, revered as the sacred origin point (Udgam Sthal) where the Vedic Saraswati River descends from the Himalayas into the plains, home to the ancient Adi Badri Narayana Temple, Kedar Temple, and archaeological remains dating to the Buddhist and Gurjara-Pratihara eras.",Oct-Feb,https://upload.wikimedia.org/wikipedia/en/7/71/Jyotisar_Banyan.gif?utm_source=en.wikipedia.org&utm_campaign=api&utm_content=thumbnail_unscaled
2300,Ancient Site of Sugh (Srughna) & Topra Ashokan Pillar Site,Haryana,attraction,30.133333,77.3,budget,4.0,652,"Covering a massive archaeological mound on the old bed of the Yamuna River, the ancient metropolis of Srughna (Sugh) mentioned by Panini, Patanjali, and Xuanzang as a flourishing centre of Buddhism and trade, encompassing nearby Topra Kalan where Emperor Ashoka erected the famous polished sandstone pillar with seven major edicts that Sultan Firoz Shah Tughlaq transported to Feroz Shah Kotla in Delhi in 1356.",Oct-Feb,https://thumb.wikimedia.org/wikipedia/commons/thumb/d/d3/Archaeological_site_Harsh_ka_Tila_Information_board.jpg/960px-Archaeological_site_Harsh_ka_Tila_Information_board.jpg?utm_source=en.wikipedia.org&utm_campaign=imageinfo&utm_content=thumbnail
2301,Buddhist Stupa Chaneti,Haryana,attraction,30.15,77.316667,budget,3.9,1195,"Constructed in the 3rd century BCE during the Mauryan Empire by Emperor Ashoka, an ancient hemispherical Buddhist stupa built of concentric burnt bricks layered in mud mortar, identified with the monumental stupas described by 7th-century Chinese pilgrim Xuanzang (Hiuen Tsang) at the ancient capital of Srughna (Sugh).",Oct-Feb,https://thumb.wikimedia.org/wikipedia/commons/thumb/d/da/Antelope_enclosure_at_Mini_zoo_in_Tilyar_lake_complex.jpg/960px-Antelope_enclosure_at_Mini_zoo_in_Tilyar_lake_complex.jpg?utm_source=en.wikipedia.org&utm_campaign=api&utm_content=thumbnail
2302,Ch. Devi Lal Herbal Nature Park Chuharpur,Haryana,attraction,30.333333,77.3,budget,4.7,2557,"Spread across 184 lush acres in Chuharpur village near Bilaspur, developed by the Haryana Forest Department as a premier national herbal sanctuary conserving over 400 species of rare Ayurvedic, Unani, and Siddha medicinal trees and herbs, featuring an illuminated Navagraha Vatika, bamboo groves, medicinal nurseries, and a serene boating lake.",Oct-Feb,https://thumb.wikimedia.org/wikipedia/commons/thumb/4/41/Pinjore_Garden_Panchkula.jpg/960px-Pinjore_Garden_Panchkula.jpg?utm_source=en.wikipedia.org&utm_campaign=api&utm_content=thumbnail
2303,Chhachhrauli Fort & Kalsia State Heritage,Haryana,attraction,30.25,77.366667,mid,4.1,1112,"The capital of the princely Sikh State of Kalsia founded in 1760 by Sardar Gurbaksh Singh, celebrated locally as the 'Cherrapunji of Haryana' due to recording the highest annual rainfall in the state, featuring the imposing 18th-century red-brick Chhachhrauli Fort with high circular bastions, clock tower, royal courthouse (Diwan-i-Am), and the picturesque Ravi Mahal.",Oct-Feb,https://thumb.wikimedia.org/wikipedia/commons/thumb/9/98/Elephas_maximus_%28Bandipur%29.jpg/960px-Elephas_maximus_%28Bandipur%29.jpg?utm_source=en.wikipedia.org&utm_campaign=imageinfo&utm_content=thumbnail
2304,Kalesar National Park & Forest Reserve,Haryana,attraction,30.366667,77.533333,budget,4.9,9343,"Covering 11,570 acres in the Shivalik foothills contiguous with Rajaji National Park (Uttarakhand) and Simbalbara National Park (Himachal Pradesh), the only dense natural Sal and Khair forest national park in Haryana, sheltering Asian wild elephants, leopards, sambar, barking deer, King Cobras, and the critically endangered Red Junglefowl.",Oct-Feb,https://thumb.wikimedia.org/wikipedia/commons/thumb/d/dc/Main_gate_from_front_side.jpg/960px-Main_gate_from_front_side.jpg?utm_source=en.wikipedia.org&utm_campaign=api&utm_content=thumbnail
2305,Kapal Mochan & Rin Mochan Tirth Bilaspur,Haryana,attraction,30.3,77.316667,budget,4.5,21215,"Situated 18 km from Jagadhri, an ancient pilgrimage centre with three sacred tanks (Kapal Mochan, Rin Mochan, and Suraj Kund) mentioned in the Mahabharata, where Lord Shiva cleansed himself of the sin of Brahma-hatya, where the Pandavas bathed after the Mahabharata war, and where Guru Gobind Singh Ji stayed for 52 days in 1688 after the Battle of Bhangani washing his warriors' weapons.",Oct-Feb,https://thumb.wikimedia.org/wikipedia/commons/thumb/6/65/Baoli_Ghaus_Ali_Shah%2C_Farrukhnagar.jpg/960px-Baoli_Ghaus_Ali_Shah%2C_Farrukhnagar.jpg?utm_source=en.wikipedia.org&utm_campaign=imageinfo&utm_content=thumbnail
2306,Sheikh Chilli Tomb,Haryana,attraction,29.0625,76.8355,budget,4.9,24020,"Sheikh Chilli Tomb is a premier heritage destination in Thanesar, Haryana. Renowned as a prominent landmark in regional tourism (Heritage), it welcomes visitors seeking authentic cultural immersion, picturesque vistas, and rich historic heritage.",Oct-Feb,https://thumb.wikimedia.org/wikipedia/commons/thumb/7/7c/Khwaja_Khizr.jpg/960px-Khwaja_Khizr.jpg?utm_source=en.wikipedia.org&utm_campaign=api&utm_content=thumbnail
2307,Panipat Museum,Haryana,attraction,29.3937,76.9115,mid,4.9,29081,"Panipat Museum is a premier museum destination in Panipat, Haryana. Renowned as a prominent landmark in regional tourism (Museum), it welcomes visitors seeking authentic cultural immersion, picturesque vistas, and rich historic heritage.",Oct-Mar,https://upload.wikimedia.org/wikipedia/commons/e/e9/Haryana.png?utm_source=en.wikipedia.org&utm_campaign=imageinfo&utm_content=thumbnail_unscaled
2308,Thanesar,Haryana,attraction,28.0136,76.7889,budget,4.9,23974,"Thanesar is a premier heritage destination in Kurukshetra, Haryana. Renowned as a prominent landmark in regional tourism (Heritage), it welcomes visitors seeking authentic cultural immersion, picturesque vistas, and rich historic heritage.",Oct-Feb,https://thumb.wikimedia.org/wikipedia/commons/thumb/c/c4/The_holy_bhram_sarovar.jpg/960px-The_holy_bhram_sarovar.jpg?utm_source=en.wikipedia.org&utm_campaign=api&utm_content=thumbnail
2309,Prithviraj Chauhan Memorial,Haryana,attraction,29.139,76.789,budget,4.8,8459,"Prithviraj Chauhan Memorial is a premier museum destination in Ajmer?, Haryana. Renowned as a prominent landmark in regional tourism (Heritage), it welcomes visitors seeking authentic cultural immersion, picturesque vistas, and rich historic heritage.",Oct-Feb,https://thumb.wikimedia.org/wikipedia/commons/thumb/4/4f/Surajkund_dam_%22downstream%22_side.jpg/960px-Surajkund_dam_%22downstream%22_side.jpg?utm_source=en.wikipedia.org&utm_campaign=api&utm_content=thumbnail
2310,Panipat Battlefield,Haryana,attraction,29.3382,77.057,budget,4.8,7773,"Panipat Battlefield is a premier heritage destination in Panipat, Haryana. Renowned as a prominent landmark in regional tourism (Heritage), it welcomes visitors seeking authentic cultural immersion, picturesque vistas, and rich historic heritage.",Oct-Feb,https://thumb.wikimedia.org/wikipedia/commons/thumb/6/68/Culture_Gully_and_Nautanki_Mahal_auditorium%2C_Kingdom_of_Dreams%2C_Gurgaon.jpg/960px-Culture_Gully_and_Nautanki_Mahal_auditorium%2C_Kingdom_of_Dreams%2C_Gurgaon.jpg?utm_source=en.wikipedia.org&utm_campaign=api&utm_content=thumbnail
2311,Hansi,Haryana,attraction,28.0807,76.9224,budget,4.6,9361,"Hansi is a premier heritage destination in Hisar, Haryana. Renowned as a prominent landmark in regional tourism (Heritage), it welcomes visitors seeking authentic cultural immersion, picturesque vistas, and rich historic heritage.",Oct-Feb,https://thumb.wikimedia.org/wikipedia/commons/thumb/d/dc/Main_gate_from_front_side.jpg/960px-Main_gate_from_front_side.jpg?utm_source=en.wikipedia.org&utm_campaign=api&utm_content=thumbnail
2312,Karoh Peak,Haryana,attraction,29.0835,76.7845,budget,4.9,20725,"Karoh Peak is a premier hill station destination in Morni Hills, Haryana. Renowned as a prominent landmark in regional tourism (Mountain), it welcomes visitors seeking authentic cultural immersion, picturesque vistas, and rich historic heritage.",Oct-Feb,https://upload.wikimedia.org/wikipedia/commons/e/e9/Haryana.png?utm_source=en.wikipedia.org&utm_campaign=imageinfo&utm_content=thumbnail_unscaled
2313,Surajkund International Crafts Fair,Haryana,attraction,28.3435,76.9745,budget,4.9,6680,"Surajkund International Crafts Fair is a premier heritage destination in Faridabad, Haryana. Renowned as a prominent landmark in regional tourism (Fair), it welcomes visitors seeking authentic cultural immersion, picturesque vistas, and rich historic heritage.",Oct-Feb,https://thumb.wikimedia.org/wikipedia/commons/thumb/d/d3/Archaeological_site_Harsh_ka_Tila_Information_board.jpg/960px-Archaeological_site_Harsh_ka_Tila_Information_board.jpg?utm_source=en.wikipedia.org&utm_campaign=imageinfo&utm_content=thumbnail
2314,Kingdom of Dreams,Haryana,attraction,28.4172,77.2982,budget,4.4,26497,"Kingdom of Dreams is a premier heritage destination in Gurugram, Haryana. Renowned as a prominent landmark in regional tourism (Entertainment), it welcomes visitors seeking authentic cultural immersion, picturesque vistas, and rich historic heritage.",Oct-Feb,https://thumb.wikimedia.org/wikipedia/commons/thumb/6/68/Culture_Gully_and_Nautanki_Mahal_auditorium%2C_Kingdom_of_Dreams%2C_Gurgaon.jpg/960px-Culture_Gully_and_Nautanki_Mahal_auditorium%2C_Kingdom_of_Dreams%2C_Gurgaon.jpg?utm_source=en.wikipedia.org&utm_campaign=api&utm_content=thumbnail
2315,Surajkund Crafts Fair,Haryana,attraction,28.3765,77.0015,budget,4.8,26902,"Surajkund Crafts Fair is a premier heritage destination in Faridabad, Haryana. Renowned as a prominent landmark in regional tourism (Fair), it welcomes visitors seeking authentic cultural immersion, picturesque vistas, and rich historic heritage.",Oct-Feb,https://upload.wikimedia.org/wikipedia/commons/7/7a/An_Indian_monkey_%28bandar%29_in_Malsi_Deer_Park_%28photo_-_Jim_Ankan_Deka%29.jpg?utm_source=en.wikipedia.org&utm_campaign=imageinfo&utm_content=thumbnail_unscaled
2316,Brahma Sarovar Sacred Tank Kurukshetra,Haryana,attraction,22.6001,78.9813,budget,3.9,419,"Brahma Sarovar Sacred Tank Kurukshetra is an authentic attraction destination located in ,  district of Haryana. Celebrated for its regional significance and unique ambiance, it offers travelers an immersive experience in the culture, scenic beauty, and heritage of Haryana.",Oct-Feb,https://thumb.wikimedia.org/wikipedia/commons/thumb/d/dc/Main_gate_from_front_side.jpg/960px-Main_gate_from_front_side.jpg?utm_source=en.wikipedia.org&utm_campaign=api&utm_content=thumbnail
2317,Jyotisar Birthplace of Bhagavad Gita,Haryana,attraction,22.5889,78.9365,budget,4.0,544,"Jyotisar Birthplace of Bhagavad Gita is an authentic attraction destination located in ,  district of Haryana. Celebrated for its regional significance and unique ambiance, it offers travelers an immersive experience in the culture, scenic beauty, and heritage of Haryana.",Oct-Feb,https://thumb.wikimedia.org/wikipedia/commons/thumb/9/98/Elephas_maximus_%28Bandipur%29.jpg/960px-Elephas_maximus_%28Bandipur%29.jpg?utm_source=en.wikipedia.org&utm_campaign=imageinfo&utm_content=thumbnail
2318,Sheikh Chilli's Tomb & Archaeological Museum,Haryana,attraction,22.5873,78.9685,mid,4.5,2626,"Sheikh Chilli's Tomb & Archaeological Museum is an authentic attraction destination located in ,  district of Haryana. Celebrated for its regional significance and unique ambiance, it offers travelers an immersive experience in the culture, scenic beauty, and heritage of Haryana.",Oct-Mar,https://upload.wikimedia.org/wikipedia/commons/e/e9/Haryana.png?utm_source=en.wikipedia.org&utm_campaign=imageinfo&utm_content=thumbnail_unscaled
2319,Panorama and Science Centre Kurukshetra,Haryana,attraction,22.5753,78.9805,budget,4.4,2628,"Panorama and Science Centre Kurukshetra is an authentic attraction destination located in ,  district of Haryana. Celebrated for its regional significance and unique ambiance, it offers travelers an immersive experience in the culture, scenic beauty, and heritage of Haryana.",Oct-Feb,https://thumb.wikimedia.org/wikipedia/commons/thumb/7/7c/Khwaja_Khizr.jpg/960px-Khwaja_Khizr.jpg?utm_source=en.wikipedia.org&utm_campaign=api&utm_content=thumbnail
2320,Morni Hills (Only Hill Station of Haryana),Haryana,attraction,22.5833,78.9653,budget,4.7,1726,"Morni Hills (Only Hill Station of Haryana) is an authentic attraction destination located in ,  district of Haryana. Celebrated for its regional significance and unique ambiance, it offers travelers an immersive experience in the culture, scenic beauty, and heritage of Haryana.",Oct-Feb,https://thumb.wikimedia.org/wikipedia/commons/thumb/9/93/Mornihills.jpg/960px-Mornihills.jpg?utm_source=en.wikipedia.org&utm_campaign=api&utm_content=thumbnail
2321,Tikkar Taal Twin Lakes Morni Hills,Haryana,attraction,22.5785,78.9533,budget,3.9,297,"Tikkar Taal Twin Lakes Morni Hills is an authentic attraction destination located in ,  district of Haryana. Celebrated for its regional significance and unique ambiance, it offers travelers an immersive experience in the culture, scenic beauty, and heritage of Haryana.",Oct-Feb,https://upload.wikimedia.org/wikipedia/commons/7/7a/An_Indian_monkey_%28bandar%29_in_Malsi_Deer_Park_%28photo_-_Jim_Ankan_Deka%29.jpg?utm_source=en.wikipedia.org&utm_campaign=imageinfo&utm_content=thumbnail_unscaled
2322,Sultanpur National Park Bird Sanctuary,Haryana,attraction,22.6105,78.9533,budget,4.7,1268,"Sultanpur National Park Bird Sanctuary is an authentic attraction destination located in ,  district of Haryana. Celebrated for its regional significance and unique ambiance, it offers travelers an immersive experience in the culture, scenic beauty, and heritage of Haryana.",Oct-Feb,https://thumb.wikimedia.org/wikipedia/commons/thumb/6/68/Culture_Gully_and_Nautanki_Mahal_auditorium%2C_Kingdom_of_Dreams%2C_Gurgaon.jpg/960px-Culture_Gully_and_Nautanki_Mahal_auditorium%2C_Kingdom_of_Dreams%2C_Gurgaon.jpg?utm_source=en.wikipedia.org&utm_campaign=api&utm_content=thumbnail
2323,Sheetla Mata Mandir Gurugram,Haryana,attraction,22.6225,78.9941,budget,4.2,2060,"Sheetla Mata Mandir Gurugram is an authentic attraction destination located in ,  district of Haryana. Celebrated for its regional significance and unique ambiance, it offers travelers an immersive experience in the culture, scenic beauty, and heritage of Haryana.",Oct-Feb,https://upload.wikimedia.org/wikipedia/commons/d/d4/Barsi_Gate_in_Hansi_India_2022.png?utm_source=en.wikipedia.org&utm_campaign=api&utm_content=thumbnail_unscaled
2324,Damdama Lake & Adventure Ridge,Haryana,attraction,22.5977,78.9501,budget,4.6,3720,"Damdama Lake & Adventure Ridge is an authentic attraction destination located in ,  district of Haryana. Celebrated for its regional significance and unique ambiance, it offers travelers an immersive experience in the culture, scenic beauty, and heritage of Haryana.",Oct-Feb,https://thumb.wikimedia.org/wikipedia/commons/thumb/6/65/Baoli_Ghaus_Ali_Shah%2C_Farrukhnagar.jpg/960px-Baoli_Ghaus_Ali_Shah%2C_Farrukhnagar.jpg?utm_source=en.wikipedia.org&utm_campaign=imageinfo&utm_content=thumbnail
2325,Sohna Sulphur Hot Springs,Haryana,attraction,22.5849,78.9725,budget,4.1,553,"Sohna Sulphur Hot Springs is an authentic attraction destination located in ,  district of Haryana. Celebrated for its regional significance and unique ambiance, it offers travelers an immersive experience in the culture, scenic beauty, and heritage of Haryana.",Oct-Feb,https://upload.wikimedia.org/wikipedia/commons/7/7a/An_Indian_monkey_%28bandar%29_in_Malsi_Deer_Park_%28photo_-_Jim_Ankan_Deka%29.jpg?utm_source=en.wikipedia.org&utm_campaign=imageinfo&utm_content=thumbnail_unscaled
2326,Badkhal Lake & Surajkund Complex,Haryana,attraction,22.5841,78.9525,budget,4.4,3267,"Badkhal Lake & Surajkund Complex is an authentic attraction destination located in ,  district of Haryana. Celebrated for its regional significance and unique ambiance, it offers travelers an immersive experience in the culture, scenic beauty, and heritage of Haryana.",Oct-Feb,https://upload.wikimedia.org/wikipedia/commons/d/d4/Barsi_Gate_in_Hansi_India_2022.png?utm_source=en.wikipedia.org&utm_campaign=api&utm_content=thumbnail_unscaled
2327,Surajkund Ancient Sun Pool & Crafts Mela,Haryana,attraction,22.5897,78.9709,budget,4.1,455,"Surajkund Ancient Sun Pool & Crafts Mela is an authentic attraction destination located in ,  district of Haryana. Celebrated for its regional significance and unique ambiance, it offers travelers an immersive experience in the culture, scenic beauty, and heritage of Haryana.",Oct-Feb,https://upload.wikimedia.org/wikipedia/en/7/71/Jyotisar_Banyan.gif?utm_source=en.wikipedia.org&utm_campaign=api&utm_content=thumbnail_unscaled
2328,Raja Nahar Singh Palace Ballabhgarh,Haryana,attraction,22.5537,78.9253,mid,4.3,2778,"Raja Nahar Singh Palace Ballabhgarh is an authentic attraction destination located in ,  district of Haryana. Celebrated for its regional significance and unique ambiance, it offers travelers an immersive experience in the culture, scenic beauty, and heritage of Haryana.",Oct-Feb,https://thumb.wikimedia.org/wikipedia/commons/thumb/d/d3/Archaeological_site_Harsh_ka_Tila_Information_board.jpg/960px-Archaeological_site_Harsh_ka_Tila_Information_board.jpg?utm_source=en.wikipedia.org&utm_campaign=imageinfo&utm_content=thumbnail
2329,Asigarh Fort (Hansi Fort / Prithviraj Fort),Haryana,attraction,22.6313,78.9717,mid,4.5,7285,"Asigarh Fort (Hansi Fort / Prithviraj Fort) is an authentic attraction destination located in ,  district of Haryana. Celebrated for its regional significance and unique ambiance, it offers travelers an immersive experience in the culture, scenic beauty, and heritage of Haryana.",Oct-Feb,https://thumb.wikimedia.org/wikipedia/commons/thumb/d/dc/Main_gate_from_front_side.jpg/960px-Main_gate_from_front_side.jpg?utm_source=en.wikipedia.org&utm_campaign=api&utm_content=thumbnail
2330,Firoz Shah Palace Complex & Lat ki Masjid,Haryana,attraction,22.5881,78.9349,mid,3.9,723,"Firoz Shah Palace Complex & Lat ki Masjid is an authentic attraction destination located in ,  district of Haryana. Celebrated for its regional significance and unique ambiance, it offers travelers an immersive experience in the culture, scenic beauty, and heritage of Haryana.",Oct-Feb,https://thumb.wikimedia.org/wikipedia/commons/thumb/d/d6/Sthaneshwar_mahadev_mandir.jpg/960px-Sthaneshwar_mahadev_mandir.jpg?utm_source=en.wikipedia.org&utm_campaign=api&utm_content=thumbnail
2331,Rakhigarhi Indus Valley Archaeological Site,Haryana,attraction,22.6281,78.9541,budget,4.3,849,"Rakhigarhi Indus Valley Archaeological Site is an authentic attraction destination located in ,  district of Haryana. Celebrated for its regional significance and unique ambiance, it offers travelers an immersive experience in the culture, scenic beauty, and heritage of Haryana.",Oct-Feb,https://upload.wikimedia.org/wikipedia/commons/7/7a/An_Indian_monkey_%28bandar%29_in_Malsi_Deer_Park_%28photo_-_Jim_Ankan_Deka%29.jpg?utm_source=en.wikipedia.org&utm_campaign=imageinfo&utm_content=thumbnail_unscaled
2332,Star Monument (Tara Chand Maharaj Samadhi),Haryana,attraction,22.6065,79.0013,mid,4.5,7217,"Star Monument (Tara Chand Maharaj Samadhi) is an authentic attraction destination located in ,  district of Haryana. Celebrated for its regional significance and unique ambiance, it offers travelers an immersive experience in the culture, scenic beauty, and heritage of Haryana.",Oct-Mar,https://upload.wikimedia.org/wikipedia/commons/d/d4/Barsi_Gate_in_Hansi_India_2022.png?utm_source=en.wikipedia.org&utm_campaign=api&utm_content=thumbnail_unscaled
